case_id,event_id,scenario,selected_strategy,predicted_delay_hours,actual_delay_hours,predicted_cost,actual_cost,covered_demand_rate,production_downtime_hours,lost_orders,customer_complaints,outcome_status,human_rating,lessons_learned,model_version,parameter_version,created_at
CASE-000001,EVT-000125,台风天气-苏州-125,铁路替代+延期交付,6,8.19,630264.1,595322.53,0.6442,17,2,16,partial_success,3,优先保障A级客户，并同时验证备用供应商产能、质量与运输可用性。,demo-rule-v1,expert-2026-06,2025-11-13T08:00:00+08:00
CASE-000002,EVT-000183,台风天气-成都-183,双供应商分单+安全库存锁定,12,10.7,38708.6,16794.59,0.9067,17,1,5,success,3,优先保障A级客户，并同时验证备用供应商产能、质量与运输可用性。,demo-rule-v1,expert-2026-06,2025-10-13T08:00:00+08:00
CASE-000003,EVT-000134,需求突增-合肥-134,紧急采购+生产计划调整,12,16.44,711299.97,719996.96,0.7035,23,3,16,failed,2,优先保障A级客户，并同时验证备用供应商产能、质量与运输可用性。,demo-rule-v1,expert-2026-06,2025-10-20T08:00:00+08:00
CASE-000004,EVT-000105,港口停运-天津-105,关键订单空运+备用供应商补货,72,152.84,252838.62,428525.89,0.5299,24,3,14,failed,2,优先保障A级客户，并同时验证备用供应商产能、质量与运输可用性。,demo-rule-v1,expert-2026-06,2026-01-30T08:00:00+08:00
CASE-000005,EVT-000151,海关查验延误-成都-151,库存重分配+客户分级沟通,36,44.06,153543.95,238943.65,0.52,16,3,16,failed,3,优先保障A级客户，并同时验证备用供应商产能、质量与运输可用性。,demo-rule-v1,expert-2026-06,2025-11-02T08:00:00+08:00
CASE-000006,EVT-000219,运输节点中断-成都-219,双供应商分单+安全库存锁定,72,35.85,156703.78,94333.63,0.7615,20,0,8,success,5,优先保障A级客户，并同时验证备用供应商产能、质量与运输可用性。,demo-rule-v1,expert-2026-06,2025-11-06T08:00:00+08:00
CASE-000007,EVT-000108,台风天气-杭州-108,库存重分配+客户分级沟通,48,38.05,81402.51,97783.87,0.8611,11,2,7,success,3,优先保障A级客户，并同时验证备用供应商产能、质量与运输可用性。,demo-rule-v1,expert-2026-06,2025-07-02T08:00:00+08:00
CASE-000008,EVT-000096,供应商停产-武汉-096,库存重分配+客户分级沟通,48,56.1,112408.33,146793.38,0.6905,0,0,1,success,5,优先保障A级客户，并同时验证备用供应商产能、质量与运输可用性。,demo-rule-v1,expert-2026-06,2026-04-01T08:00:00+08:00
CASE-000009,EVT-000068,海关查验延误-武汉-068,紧急采购+生产计划调整,24,13.73,35437.74,32941.99,0.9877,17,2,5,success,4,优先保障A级客户，并同时验证备用供应商产能、质量与运输可用性。,demo-rule-v1,expert-2026-06,2026-03-13T08:00:00+08:00
CASE-000010,EVT-000183,台风天气-成都-183,接受短期停线+控制现金成本,12,17.67,49569.94,62365.68,0.5561,38,3,6,partial_success,3,优先保障A级客户，并同时验证备用供应商产能、质量与运输可用性。,demo-rule-v1,expert-2026-06,2025-12-27T08:00:00+08:00
CASE-000011,EVT-000132,质量召回-青岛-132,关键订单空运+备用供应商补货,24,4.32,183336.22,127757.95,1.0,16,1,5,success,4,优先保障A级客户，并同时验证备用供应商产能、质量与运输可用性。,demo-rule-v1,expert-2026-06,2026-04-19T08:00:00+08:00
CASE-000012,EVT-000061,区域限电-成都-061,关键订单空运+备用供应商补货,72,96.01,331876.35,282822.65,0.9487,19,1,6,partial_success,4,优先保障A级客户，并同时验证备用供应商产能、质量与运输可用性。,demo-rule-v1,expert-2026-06,2025-12-07T08:00:00+08:00
CASE-000013,EVT-000092,台风天气-合肥-092,库存重分配+客户分级沟通,12,12.86,485182.73,343791.94,0.8856,5,0,0,success,5,优先保障A级客户，并同时验证备用供应商产能、质量与运输可用性。,demo-rule-v1,expert-2026-06,2026-02-03T08:00:00+08:00
CASE-000014,EVT-000149,海关查验延误-上海-149,双供应商分单+安全库存锁定,36,44.15,245162.55,347331.24,0.7571,25,4,16,partial_success,3,优先保障A级客户，并同时验证备用供应商产能、质量与运输可用性。,demo-rule-v1,expert-2026-06,2025-08-10T08:00:00+08:00
CASE-000015,EVT-000098,台风天气-杭州-098,铁路替代+延期交付,12,3.65,721251.95,302925.82,1.0,6,0,3,success,4,优先保障A级客户，并同时验证备用供应商产能、质量与运输可用性。,demo-rule-v1,expert-2026-06,2025-11-01T08:00:00+08:00
CASE-000016,EVT-000009,需求突增-成都-009,接受短期停线+控制现金成本,24,59.66,368626.43,701149.46,0.52,50,2,15,failed,1,优先保障A级客户，并同时验证备用供应商产能、质量与运输可用性。,demo-rule-v1,expert-2026-06,2025-11-16T08:00:00+08:00
CASE-000017,EVT-000104,需求突增-成都-104,铁路替代+延期交付,6,3.73,230560.96,114483.65,1.0,5,1,0,success,5,优先保障A级客户，并同时验证备用供应商产能、质量与运输可用性。,demo-rule-v1,expert-2026-06,2026-05-16T08:00:00+08:00
CASE-000018,EVT-000012,台风天气-青岛-012,库存重分配+客户分级沟通,36,43.49,206646.64,167247.94,0.8826,10,0,5,success,3,优先保障A级客户，并同时验证备用供应商产能、质量与运输可用性。,demo-rule-v1,expert-2026-06,2026-04-04T08:00:00+08:00
CASE-000019,EVT-000238,运输节点中断-杭州-238,紧急采购+生产计划调整,72,51.87,178619.41,170721.71,0.7597,4,0,0,success,3,优先保障A级客户，并同时验证备用供应商产能、质量与运输可用性。,demo-rule-v1,expert-2026-06,2025-10-12T08:00:00+08:00
CASE-000020,EVT-000039,台风天气-合肥-039,接受短期停线+控制现金成本,24,33.02,392063.29,391268.22,0.5862,31,5,17,failed,1,优先保障A级客户，并同时验证备用供应商产能、质量与运输可用性。,demo-rule-v1,expert-2026-06,2026-05-14T08:00:00+08:00
CASE-000021,EVT-000184,海关查验延误-苏州-184,双供应商分单+安全库存锁定,48,45.16,858100.37,917517.18,0.7541,20,3,9,success,5,优先保障A级客户，并同时验证备用供应商产能、质量与运输可用性。,demo-rule-v1,expert-2026-06,2026-05-31T08:00:00+08:00
CASE-000022,EVT-000032,台风天气-成都-032,库存重分配+客户分级沟通,72,67.13,860640.08,622417.46,0.7473,13,1,6,success,4,优先保障A级客户，并同时验证备用供应商产能、质量与运输可用性。,demo-rule-v1,expert-2026-06,2026-01-19T08:00:00+08:00
CASE-000023,EVT-000116,区域限电-东莞-116,双供应商分单+安全库存锁定,36,12.93,487529.15,299330.12,1.0,8,0,4,success,4,优先保障A级客户，并同时验证备用供应商产能、质量与运输可用性。,demo-rule-v1,expert-2026-06,2025-08-26T08:00:00+08:00
CASE-000024,EVT-000025,海关查验延误-武汉-025,双供应商分单+安全库存锁定,6,3.72,294866.34,244526.38,0.8658,19,1,3,success,4,优先保障A级客户，并同时验证备用供应商产能、质量与运输可用性。,demo-rule-v1,expert-2026-06,2025-10-29T08:00:00+08:00
CASE-000025,EVT-000137,港口停运-青岛-137,双供应商分单+安全库存锁定,24,9.54,749514.1,829572.64,0.8477,23,1,8,partial_success,4,优先保障A级客户，并同时验证备用供应商产能、质量与运输可用性。,demo-rule-v1,expert-2026-06,2026-05-16T08:00:00+08:00
CASE-000026,EVT-000056,运输节点中断-合肥-056,双供应商分单+安全库存锁定,24,23.52,782305.06,607528.6,0.948,29,0,0,success,4,优先保障A级客户，并同时验证备用供应商产能、质量与运输可用性。,demo-rule-v1,expert-2026-06,2026-06-11T08:00:00+08:00
CASE-000027,EVT-000067,质量召回-东莞-067,接受短期停线+控制现金成本,72,63.43,253457.99,268502.47,0.9269,0,0,0,success,4,优先保障A级客户，并同时验证备用供应商产能、质量与运输可用性。,demo-rule-v1,expert-2026-06,2026-05-14T08:00:00+08:00
CASE-000028,EVT-000174,海关查验延误-宁波-174,双供应商分单+安全库存锁定,24,29.38,842302.56,1264125.56,0.7528,21,2,13,partial_success,2,优先保障A级客户，并同时验证备用供应商产能、质量与运输可用性。,demo-rule-v1,expert-2026-06,2026-04-01T08:00:00+08:00
CASE-000029,EVT-000213,区域限电-武汉-213,关键订单空运+备用供应商补货,12,6.79,645653.93,535892.54,0.7803,10,1,0,success,4,优先保障A级客户，并同时验证备用供应商产能、质量与运输可用性。,demo-rule-v1,expert-2026-06,2025-11-24T08:00:00+08:00
CASE-000030,EVT-000127,质量召回-天津-127,库存重分配+客户分级沟通,6,6.51,501928.13,584690.72,0.6841,24,2,7,success,4,优先保障A级客户，并同时验证备用供应商产能、质量与运输可用性。,demo-rule-v1,expert-2026-06,2026-06-05T08:00:00+08:00
CASE-000031,EVT-000131,需求突增-宁波-131,双供应商分单+安全库存锁定,24,22.55,107616.02,158031.32,0.6871,23,3,8,failed,1,优先保障A级客户，并同时验证备用供应商产能、质量与运输可用性。,demo-rule-v1,expert-2026-06,2026-02-19T08:00:00+08:00
CASE-000032,EVT-000007,需求突增-成都-007,库存重分配+客户分级沟通,36,30.69,181340.09,178277.62,0.8046,5,0,4,success,4,优先保障A级客户，并同时验证备用供应商产能、质量与运输可用性。,demo-rule-v1,expert-2026-06,2025-09-14T08:00:00+08:00
CASE-000033,EVT-000225,需求突增-苏州-225,关键订单空运+备用供应商补货,36,43.46,664686.46,690183.88,0.7827,21,1,9,success,4,优先保障A级客户，并同时验证备用供应商产能、质量与运输可用性。,demo-rule-v1,expert-2026-06,2025-08-07T08:00:00+08:00
CASE-000034,EVT-000166,区域限电-成都-166,紧急采购+生产计划调整,12,13.37,47979.23,38778.21,0.8648,13,2,5,success,4,优先保障A级客户，并同时验证备用供应商产能、质量与运输可用性。,demo-rule-v1,expert-2026-06,2025-06-23T08:00:00+08:00
CASE-000035,EVT-000033,运输节点中断-合肥-033,关键订单空运+备用供应商补货,12,17.42,682857.65,948449.57,0.6039,23,2,15,failed,3,优先保障A级客户，并同时验证备用供应商产能、质量与运输可用性。,demo-rule-v1,expert-2026-06,2025-09-16T08:00:00+08:00
CASE-000036,EVT-000238,运输节点中断-杭州-238,库存重分配+客户分级沟通,12,16.2,767926.3,990255.44,0.6644,23,4,18,partial_success,3,优先保障A级客户，并同时验证备用供应商产能、质量与运输可用性。,demo-rule-v1,expert-2026-06,2026-01-23T08:00:00+08:00
CASE-000037,EVT-000101,台风天气-成都-101,库存重分配+客户分级沟通,36,10.67,326526.64,231258.45,0.9933,0,0,1,success,5,优先保障A级客户，并同时验证备用供应商产能、质量与运输可用性。,demo-rule-v1,expert-2026-06,2025-12-05T08:00:00+08:00
CASE-000038,EVT-000044,海关查验延误-东莞-044,紧急采购+生产计划调整,72,64.01,699476.8,721175.7,0.7673,22,2,4,success,3,优先保障A级客户，并同时验证备用供应商产能、质量与运输可用性。,demo-rule-v1,expert-2026-06,2025-10-10T08:00:00+08:00
CASE-000039,EVT-000114,运输节点中断-宁波-114,双供应商分单+安全库存锁定,12,14.35,659649.47,614368.21,1.0,10,0,0,success,4,优先保障A级客户，并同时验证备用供应商产能、质量与运输可用性。,demo-rule-v1,expert-2026-06,2026-06-13T08:00:00+08:00
CASE-000040,EVT-000201,质量召回-宁波-201,关键订单空运+备用供应商补货,36,51.52,571824.92,787416.47,0.6429,27,4,16,failed,2,优先保障A级客户，并同时验证备用供应商产能、质量与运输可用性。,demo-rule-v1,expert-2026-06,2025-07-19T08:00:00+08:00
CASE-000041,EVT-000137,港口停运-青岛-137,双供应商分单+安全库存锁定,6,8.26,700614.67,469233.83,0.7323,31,2,10,success,4,优先保障A级客户，并同时验证备用供应商产能、质量与运输可用性。,demo-rule-v1,expert-2026-06,2025-12-28T08:00:00+08:00
CASE-000042,EVT-000132,质量召回-青岛-132,铁路替代+延期交付,72,43.87,86027.88,49092.33,1.0,0,1,5,success,5,优先保障A级客户，并同时验证备用供应商产能、质量与运输可用性。,demo-rule-v1,expert-2026-06,2026-01-07T08:00:00+08:00
CASE-000043,EVT-000217,运输节点中断-天津-217,接受短期停线+控制现金成本,48,77.56,413642.73,518310.64,0.5651,35,2,14,failed,3,优先保障A级客户，并同时验证备用供应商产能、质量与运输可用性。,demo-rule-v1,expert-2026-06,2026-02-06T08:00:00+08:00
CASE-000044,EVT-000165,质量召回-青岛-165,接受短期停线+控制现金成本,12,17.66,632515.46,1000616.57,0.5385,46,2,17,failed,2,优先保障A级客户，并同时验证备用供应商产能、质量与运输可用性。,demo-rule-v1,expert-2026-06,2025-08-07T08:00:00+08:00
CASE-000045,EVT-000195,区域限电-杭州-195,关键订单空运+备用供应商补货,36,19.32,154016.91,165066.94,1.0,7,0,0,success,5,优先保障A级客户，并同时验证备用供应商产能、质量与运输可用性。,demo-rule-v1,expert-2026-06,2026-04-26T08:00:00+08:00
CASE-000046,EVT-000051,区域限电-合肥-051,铁路替代+延期交付,6,4.03,511221.34,582528.04,0.8317,0,0,6,success,3,优先保障A级客户，并同时验证备用供应商产能、质量与运输可用性。,demo-rule-v1,expert-2026-06,2025-08-14T08:00:00+08:00
CASE-000047,EVT-000104,需求突增-成都-104,紧急采购+生产计划调整,6,7.08,64430.12,86760.68,0.7532,31,3,12,partial_success,4,优先保障A级客户，并同时验证备用供应商产能、质量与运输可用性。,demo-rule-v1,expert-2026-06,2026-05-19T08:00:00+08:00
CASE-000048,EVT-000004,供应商停产-东莞-004,接受短期停线+控制现金成本,6,9.18,618315.9,796668.8,0.52,29,3,12,success,4,优先保障A级客户，并同时验证备用供应商产能、质量与运输可用性。,demo-rule-v1,expert-2026-06,2025-10-14T08:00:00+08:00
CASE-000049,EVT-000028,运输节点中断-苏州-028,接受短期停线+控制现金成本,6,4.87,537129.76,533138.97,0.8431,5,0,0,success,5,优先保障A级客户，并同时验证备用供应商产能、质量与运输可用性。,demo-rule-v1,expert-2026-06,2025-08-25T08:00:00+08:00
CASE-000050,EVT-000211,需求突增-杭州-211,紧急采购+生产计划调整,72,114.97,234319.85,344298.41,0.52,9,3,14,partial_success,3,优先保障A级客户，并同时验证备用供应商产能、质量与运输可用性。,demo-rule-v1,expert-2026-06,2025-09-16T08:00:00+08:00
CASE-000051,EVT-000203,需求突增-天津-203,关键订单空运+备用供应商补货,12,11.58,143409.33,181460.97,0.7861,21,1,6,success,4,优先保障A级客户，并同时验证备用供应商产能、质量与运输可用性。,demo-rule-v1,expert-2026-06,2026-06-09T08:00:00+08:00
CASE-000052,EVT-000048,区域限电-青岛-048,双供应商分单+安全库存锁定,12,13.98,342277.03,415291.06,0.6579,24,3,21,failed,2,优先保障A级客户，并同时验证备用供应商产能、质量与运输可用性。,demo-rule-v1,expert-2026-06,2025-11-04T08:00:00+08:00
CASE-000053,EVT-000198,供应商停产-青岛-198,紧急采购+生产计划调整,24,47.05,650099.68,880233.61,0.6571,24,3,11,partial_success,4,优先保障A级客户，并同时验证备用供应商产能、质量与运输可用性。,demo-rule-v1,expert-2026-06,2025-09-27T08:00:00+08:00
CASE-000054,EVT-000161,区域限电-青岛-161,紧急采购+生产计划调整,48,82.74,222306.3,268641.18,0.6554,24,4,17,failed,3,优先保障A级客户，并同时验证备用供应商产能、质量与运输可用性。,demo-rule-v1,expert-2026-06,2025-10-28T08:00:00+08:00
CASE-000055,EVT-000026,区域限电-青岛-026,接受短期停线+控制现金成本,72,60.25,876755.47,866327.73,0.88,20,3,9,success,3,优先保障A级客户，并同时验证备用供应商产能、质量与运输可用性。,demo-rule-v1,expert-2026-06,2025-10-26T08:00:00+08:00
CASE-000056,EVT-000206,港口停运-成都-206,双供应商分单+安全库存锁定,6,5.7,454594.51,365913.09,0.848,11,1,3,success,5,优先保障A级客户，并同时验证备用供应商产能、质量与运输可用性。,demo-rule-v1,expert-2026-06,2026-02-10T08:00:00+08:00
CASE-000057,EVT-000078,海关查验延误-成都-078,关键订单空运+备用供应商补货,36,38.78,326891.97,393818.21,0.7099,20,3,19,failed,3,优先保障A级客户，并同时验证备用供应商产能、质量与运输可用性。,demo-rule-v1,expert-2026-06,2025-08-04T08:00:00+08:00
CASE-000058,EVT-000193,区域限电-宁波-193,双供应商分单+安全库存锁定,6,8.03,388464.61,437674.75,0.6534,37,3,17,failed,3,优先保障A级客户，并同时验证备用供应商产能、质量与运输可用性。,demo-rule-v1,expert-2026-06,2026-04-18T08:00:00+08:00
CASE-000059,EVT-000221,运输节点中断-武汉-221,关键订单空运+备用供应商补货,24,44.54,873794.73,1108323.48,0.6094,39,4,16,failed,4,优先保障A级客户，并同时验证备用供应商产能、质量与运输可用性。,demo-rule-v1,expert-2026-06,2026-02-23T08:00:00+08:00
CASE-000060,EVT-000122,区域限电-上海-122,铁路替代+延期交付,6,8.4,427784.37,601984.95,0.6197,32,2,16,partial_success,3,优先保障A级客户，并同时验证备用供应商产能、质量与运输可用性。,demo-rule-v1,expert-2026-06,2026-06-13T08:00:00+08:00
CASE-000061,EVT-000157,质量召回-宁波-157,铁路替代+延期交付,24,39.92,244988.55,294713.18,0.7486,30,3,13,partial_success,3,优先保障A级客户，并同时验证备用供应商产能、质量与运输可用性。,demo-rule-v1,expert-2026-06,2025-11-27T08:00:00+08:00
CASE-000062,EVT-000024,质量召回-青岛-024,双供应商分单+安全库存锁定,48,35.87,875657.01,811576.66,0.8877,0,1,5,partial_success,4,优先保障A级客户，并同时验证备用供应商产能、质量与运输可用性。,demo-rule-v1,expert-2026-06,2025-07-26T08:00:00+08:00
CASE-000063,EVT-000030,供应商停产-武汉-030,关键订单空运+备用供应商补货,72,73.5,170872.55,234259.05,0.724,36,2,10,success,5,优先保障A级客户，并同时验证备用供应商产能、质量与运输可用性。,demo-rule-v1,expert-2026-06,2025-11-27T08:00:00+08:00
CASE-000064,EVT-000022,质量召回-成都-022,接受短期停线+控制现金成本,36,49.74,483477.73,711703.84,0.5852,22,1,10,success,5,优先保障A级客户，并同时验证备用供应商产能、质量与运输可用性。,demo-rule-v1,expert-2026-06,2025-08-06T08:00:00+08:00
CASE-000065,EVT-000003,台风天气-成都-003,铁路替代+延期交付,48,64.69,119011.23,102967.1,0.7244,15,2,6,success,4,优先保障A级客户，并同时验证备用供应商产能、质量与运输可用性。,demo-rule-v1,expert-2026-06,2026-01-26T08:00:00+08:00
CASE-000066,EVT-000146,海关查验延误-合肥-146,紧急采购+生产计划调整,72,64.89,90307.27,93300.84,0.8873,27,2,10,partial_success,3,优先保障A级客户，并同时验证备用供应商产能、质量与运输可用性。,demo-rule-v1,expert-2026-06,2025-10-02T08:00:00+08:00
CASE-000067,EVT-000018,台风天气-东莞-018,紧急采购+生产计划调整,36,20.06,853726.47,663651.96,0.822,15,1,3,success,3,优先保障A级客户，并同时验证备用供应商产能、质量与运输可用性。,demo-rule-v1,expert-2026-06,2025-09-11T08:00:00+08:00
CASE-000068,EVT-000203,需求突增-天津-203,铁路替代+延期交付,6,5.67,219026.87,199444.32,0.7569,10,0,5,success,5,优先保障A级客户，并同时验证备用供应商产能、质量与运输可用性。,demo-rule-v1,expert-2026-06,2026-05-31T08:00:00+08:00
CASE-000069,EVT-000214,区域限电-宁波-214,库存重分配+客户分级沟通,12,14.88,475292.61,500419.49,0.617,10,1,9,success,4,优先保障A级客户，并同时验证备用供应商产能、质量与运输可用性。,demo-rule-v1,expert-2026-06,2026-03-31T08:00:00+08:00
CASE-000070,EVT-000128,运输节点中断-上海-128,铁路替代+延期交付,6,4.24,861954.88,902338.51,1.0,12,0,2,success,5,优先保障A级客户，并同时验证备用供应商产能、质量与运输可用性。,demo-rule-v1,expert-2026-06,2025-09-26T08:00:00+08:00
CASE-000071,EVT-000021,运输节点中断-上海-021,铁路替代+延期交付,24,28.17,847340.9,757204.33,0.7992,20,2,10,success,5,优先保障A级客户，并同时验证备用供应商产能、质量与运输可用性。,demo-rule-v1,expert-2026-06,2025-08-17T08:00:00+08:00
CASE-000072,EVT-000124,区域限电-上海-124,双供应商分单+安全库存锁定,72,31.24,481467.67,202216.42,0.8823,6,0,1,success,3,优先保障A级客户，并同时验证备用供应商产能、质量与运输可用性。,demo-rule-v1,expert-2026-06,2026-01-02T08:00:00+08:00
CASE-000073,EVT-000191,台风天气-合肥-191,铁路替代+延期交付,24,31.68,735423.69,998643.19,0.7434,24,1,8,success,4,优先保障A级客户，并同时验证备用供应商产能、质量与运输可用性。,demo-rule-v1,expert-2026-06,2026-04-06T08:00:00+08:00
CASE-000074,EVT-000235,供应商停产-苏州-235,紧急采购+生产计划调整,24,15.42,553631.42,512538.87,0.8087,16,2,13,failed,1,优先保障A级客户，并同时验证备用供应商产能、质量与运输可用性。,demo-rule-v1,expert-2026-06,2026-06-05T08:00:00+08:00
CASE-000075,EVT-000069,区域限电-苏州-069,铁路替代+延期交付,6,9.74,428865.71,417890.11,0.5864,26,3,18,failed,2,优先保障A级客户，并同时验证备用供应商产能、质量与运输可用性。,demo-rule-v1,expert-2026-06,2026-02-25T08:00:00+08:00
CASE-000076,EVT-000076,海关查验延误-青岛-076,紧急采购+生产计划调整,72,42.78,64100.82,51280.53,0.966,14,0,3,success,4,优先保障A级客户，并同时验证备用供应商产能、质量与运输可用性。,demo-rule-v1,expert-2026-06,2026-02-13T08:00:00+08:00
CASE-000077,EVT-000164,需求突增-天津-164,铁路替代+延期交付,36,44.1,804892.78,864879.01,0.6764,25,0,0,success,4,优先保障A级客户，并同时验证备用供应商产能、质量与运输可用性。,demo-rule-v1,expert-2026-06,2026-02-18T08:00:00+08:00
CASE-000078,EVT-000202,台风天气-武汉-202,关键订单空运+备用供应商补货,6,7.79,174802.77,189729.93,0.5508,9,3,17,partial_success,3,优先保障A级客户，并同时验证备用供应商产能、质量与运输可用性。,demo-rule-v1,expert-2026-06,2025-10-06T08:00:00+08:00
CASE-000079,EVT-000126,运输节点中断-杭州-126,紧急采购+生产计划调整,24,18.26,560729.64,604580.58,0.9584,0,1,0,success,5,优先保障A级客户，并同时验证备用供应商产能、质量与运输可用性。,demo-rule-v1,expert-2026-06,2026-02-16T08:00:00+08:00
CASE-000080,EVT-000081,港口停运-杭州-081,接受短期停线+控制现金成本,24,34.21,712717.24,824279.92,0.7966,25,2,12,partial_success,4,优先保障A级客户，并同时验证备用供应商产能、质量与运输可用性。,demo-rule-v1,expert-2026-06,2025-07-10T08:00:00+08:00
CASE-000081,EVT-000083,港口停运-上海-083,关键订单空运+备用供应商补货,48,39.6,590653.81,569874.07,0.83,10,1,5,success,5,优先保障A级客户，并同时验证备用供应商产能、质量与运输可用性。,demo-rule-v1,expert-2026-06,2026-01-06T08:00:00+08:00
CASE-000082,EVT-000115,区域限电-东莞-115,铁路替代+延期交付,36,18.77,44952.25,41090.09,0.9324,7,0,0,success,5,优先保障A级客户，并同时验证备用供应商产能、质量与运输可用性。,demo-rule-v1,expert-2026-06,2025-11-15T08:00:00+08:00
CASE-000083,EVT-000054,运输节点中断-成都-054,库存重分配+客户分级沟通,72,36.54,200965.28,190541.75,0.8983,0,0,0,success,3,优先保障A级客户，并同时验证备用供应商产能、质量与运输可用性。,demo-rule-v1,expert-2026-06,2026-03-07T08:00:00+08:00
CASE-000084,EVT-000229,台风天气-合肥-229,双供应商分单+安全库存锁定,24,25.65,373536.34,385988.21,0.675,26,1,7,success,5,优先保障A级客户，并同时验证备用供应商产能、质量与运输可用性。,demo-rule-v1,expert-2026-06,2025-12-06T08:00:00+08:00
CASE-000085,EVT-000179,需求突增-青岛-179,铁路替代+延期交付,36,60.31,411173.67,510075.79,0.541,23,3,15,failed,2,优先保障A级客户，并同时验证备用供应商产能、质量与运输可用性。,demo-rule-v1,expert-2026-06,2025-08-23T08:00:00+08:00
CASE-000086,EVT-000041,海关查验延误-武汉-041,接受短期停线+控制现金成本,72,48.56,661134.81,543530.77,0.8325,14,0,4,success,5,优先保障A级客户，并同时验证备用供应商产能、质量与运输可用性。,demo-rule-v1,expert-2026-06,2026-05-07T08:00:00+08:00
CASE-000087,EVT-000158,区域限电-青岛-158,双供应商分单+安全库存锁定,12,13.33,525161.98,609234.03,0.8159,25,3,7,partial_success,4,优先保障A级客户，并同时验证备用供应商产能、质量与运输可用性。,demo-rule-v1,expert-2026-06,2025-07-12T08:00:00+08:00
CASE-000088,EVT-000167,海关查验延误-上海-167,关键订单空运+备用供应商补货,72,105.76,164077.46,219169.96,0.6145,37,4,16,failed,3,优先保障A级客户，并同时验证备用供应商产能、质量与运输可用性。,demo-rule-v1,expert-2026-06,2025-08-24T08:00:00+08:00
CASE-000089,EVT-000050,海关查验延误-上海-050,库存重分配+客户分级沟通,72,44.22,831669.82,785726.33,0.9048,25,3,13,failed,3,优先保障A级客户，并同时验证备用供应商产能、质量与运输可用性。,demo-rule-v1,expert-2026-06,2026-01-10T08:00:00+08:00
CASE-000090,EVT-000200,港口停运-苏州-200,紧急采购+生产计划调整,24,17.9,513442.84,452918.06,0.7526,11,3,7,partial_success,3,优先保障A级客户，并同时验证备用供应商产能、质量与运输可用性。,demo-rule-v1,expert-2026-06,2026-03-16T08:00:00+08:00
CASE-000091,EVT-000162,运输节点中断-天津-162,铁路替代+延期交付,6,6.43,861136.2,835793.15,0.6745,26,3,21,failed,1,优先保障A级客户，并同时验证备用供应商产能、质量与运输可用性。,demo-rule-v1,expert-2026-06,2025-12-22T08:00:00+08:00
CASE-000092,EVT-000007,需求突增-成都-007,双供应商分单+安全库存锁定,12,11.98,270053.13,328569.31,0.8582,20,1,4,success,4,优先保障A级客户，并同时验证备用供应商产能、质量与运输可用性。,demo-rule-v1,expert-2026-06,2025-12-23T08:00:00+08:00
CASE-000093,EVT-000115,区域限电-东莞-115,关键订单空运+备用供应商补货,48,105.08,628328.17,1252348.51,0.52,26,3,17,failed,3,优先保障A级客户，并同时验证备用供应商产能、质量与运输可用性。,demo-rule-v1,expert-2026-06,2025-11-09T08:00:00+08:00
CASE-000094,EVT-000092,台风天气-合肥-092,铁路替代+延期交付,72,93.08,179705.78,235181.12,0.7688,12,0,3,success,3,优先保障A级客户，并同时验证备用供应商产能、质量与运输可用性。,demo-rule-v1,expert-2026-06,2026-03-21T08:00:00+08:00
CASE-000095,EVT-000044,海关查验延误-东莞-044,双供应商分单+安全库存锁定,36,35.43,305165.12,301788.65,0.6655,38,2,17,partial_success,2,优先保障A级客户，并同时验证备用供应商产能、质量与运输可用性。,demo-rule-v1,expert-2026-06,2026-05-04T08:00:00+08:00
CASE-000096,EVT-000227,供应商停产-上海-227,双供应商分单+安全库存锁定,24,30.01,718186.3,775925.32,0.6437,36,3,12,partial_success,2,优先保障A级客户，并同时验证备用供应商产能、质量与运输可用性。,demo-rule-v1,expert-2026-06,2026-03-11T08:00:00+08:00
CASE-000097,EVT-000128,运输节点中断-上海-128,双供应商分单+安全库存锁定,12,18.88,489932.83,724899.56,0.52,47,4,15,failed,2,优先保障A级客户，并同时验证备用供应商产能、质量与运输可用性。,demo-rule-v1,expert-2026-06,2025-08-31T08:00:00+08:00
CASE-000098,EVT-000201,质量召回-宁波-201,库存重分配+客户分级沟通,72,144.79,311584.71,572633.04,0.52,46,3,18,failed,2,优先保障A级客户，并同时验证备用供应商产能、质量与运输可用性。,demo-rule-v1,expert-2026-06,2026-05-15T08:00:00+08:00
CASE-000099,EVT-000154,运输节点中断-成都-154,铁路替代+延期交付,12,15.08,674065.56,763781.94,0.52,38,3,15,failed,3,优先保障A级客户，并同时验证备用供应商产能、质量与运输可用性。,demo-rule-v1,expert-2026-06,2026-05-17T08:00:00+08:00
CASE-000100,EVT-000062,港口停运-青岛-062,铁路替代+延期交付,12,15.99,313927.47,281943.75,0.8516,17,0,2,success,4,优先保障A级客户，并同时验证备用供应商产能、质量与运输可用性。,demo-rule-v1,expert-2026-06,2025-07-03T08:00:00+08:00
CASE-000101,EVT-000161,区域限电-青岛-161,库存重分配+客户分级沟通,24,44.47,194409.05,289436.25,0.52,39,2,21,failed,5,优先保障A级客户，并同时验证备用供应商产能、质量与运输可用性。,demo-rule-v1,expert-2026-06,2025-07-10T08:00:00+08:00
CASE-000102,EVT-000210,台风天气-武汉-210,紧急采购+生产计划调整,24,17.46,218484.99,199169.88,0.9142,24,0,6,success,5,优先保障A级客户，并同时验证备用供应商产能、质量与运输可用性。,demo-rule-v1,expert-2026-06,2025-08-07T08:00:00+08:00
CASE-000103,EVT-000138,台风天气-上海-138,接受短期停线+控制现金成本,12,3.1,529240.8,321494.6,0.9543,2,1,4,success,5,优先保障A级客户，并同时验证备用供应商产能、质量与运输可用性。,demo-rule-v1,expert-2026-06,2025-12-29T08:00:00+08:00
CASE-000104,EVT-000097,质量召回-上海-097,接受短期停线+控制现金成本,48,51.19,898694.87,927707.05,0.7671,27,2,10,partial_success,4,优先保障A级客户，并同时验证备用供应商产能、质量与运输可用性。,demo-rule-v1,expert-2026-06,2025-10-20T08:00:00+08:00
CASE-000105,EVT-000191,台风天气-合肥-191,关键订单空运+备用供应商补货,24,40.63,874288.05,1409051.52,0.52,50,5,17,failed,4,优先保障A级客户，并同时验证备用供应商产能、质量与运输可用性。,demo-rule-v1,expert-2026-06,2025-09-08T08:00:00+08:00
CASE-000106,EVT-000012,台风天气-青岛-012,接受短期停线+控制现金成本,36,34.93,789427.18,1057886.84,0.7897,28,2,12,partial_success,3,优先保障A级客户，并同时验证备用供应商产能、质量与运输可用性。,demo-rule-v1,expert-2026-06,2026-01-09T08:00:00+08:00
CASE-000107,EVT-000008,运输节点中断-青岛-008,铁路替代+延期交付,72,142.8,872634.61,1240234.17,0.52,30,4,17,failed,2,优先保障A级客户，并同时验证备用供应商产能、质量与运输可用性。,demo-rule-v1,expert-2026-06,2026-05-03T08:00:00+08:00
CASE-000108,EVT-000013,台风天气-苏州-013,关键订单空运+备用供应商补货,24,32.07,649826.7,1159611.59,0.721,35,0,3,success,5,优先保障A级客户，并同时验证备用供应商产能、质量与运输可用性。,demo-rule-v1,expert-2026-06,2026-02-02T08:00:00+08:00
CASE-000109,EVT-000158,区域限电-青岛-158,双供应商分单+安全库存锁定,48,49.37,125949.61,157777.39,0.6921,20,2,6,success,5,优先保障A级客户，并同时验证备用供应商产能、质量与运输可用性。,demo-rule-v1,expert-2026-06,2025-07-18T08:00:00+08:00
CASE-000110,EVT-000117,港口停运-上海-117,接受短期停线+控制现金成本,6,11.79,753065.62,1066993.88,0.6041,30,2,13,partial_success,2,优先保障A级客户，并同时验证备用供应商产能、质量与运输可用性。,demo-rule-v1,expert-2026-06,2025-12-11T08:00:00+08:00
CASE-000111,EVT-000039,台风天气-合肥-039,双供应商分单+安全库存锁定,12,7.13,518180.36,404457.16,0.9232,1,0,0,success,4,优先保障A级客户，并同时验证备用供应商产能、质量与运输可用性。,demo-rule-v1,expert-2026-06,2026-05-15T08:00:00+08:00
CASE-000112,EVT-000027,质量召回-苏州-027,关键订单空运+备用供应商补货,24,14.81,487295.54,296508.2,0.9716,9,0,0,success,3,优先保障A级客户，并同时验证备用供应商产能、质量与运输可用性。,demo-rule-v1,expert-2026-06,2026-05-19T08:00:00+08:00
CASE-000113,EVT-000230,运输节点中断-成都-230,库存重分配+客户分级沟通,48,28.02,205633.69,154286.21,0.9859,15,0,4,success,5,优先保障A级客户，并同时验证备用供应商产能、质量与运输可用性。,demo-rule-v1,expert-2026-06,2025-08-16T08:00:00+08:00
CASE-000114,EVT-000137,港口停运-青岛-137,关键订单空运+备用供应商补货,72,105.41,738310.11,1105509.61,0.6554,23,4,19,failed,1,优先保障A级客户，并同时验证备用供应商产能、质量与运输可用性。,demo-rule-v1,expert-2026-06,2026-02-21T08:00:00+08:00
CASE-000115,EVT-000080,质量召回-武汉-080,双供应商分单+安全库存锁定,72,24.83,22556.87,15665.7,0.9906,6,0,0,success,4,优先保障A级客户，并同时验证备用供应商产能、质量与运输可用性。,demo-rule-v1,expert-2026-06,2025-07-12T08:00:00+08:00
CASE-000116,EVT-000072,港口停运-东莞-072,接受短期停线+控制现金成本,48,69.03,802491.25,1362211.81,0.5979,44,5,19,failed,2,优先保障A级客户，并同时验证备用供应商产能、质量与运输可用性。,demo-rule-v1,expert-2026-06,2026-03-31T08:00:00+08:00
CASE-000117,EVT-000135,供应商停产-青岛-135,接受短期停线+控制现金成本,6,6.35,26565.3,24677.2,0.7976,7,0,2,success,4,优先保障A级客户，并同时验证备用供应商产能、质量与运输可用性。,demo-rule-v1,expert-2026-06,2025-09-20T08:00:00+08:00
CASE-000118,EVT-000099,质量召回-宁波-099,双供应商分单+安全库存锁定,24,38.1,538568.66,717127.37,0.6362,28,0,8,success,5,优先保障A级客户，并同时验证备用供应商产能、质量与运输可用性。,demo-rule-v1,expert-2026-06,2026-01-03T08:00:00+08:00
CASE-000119,EVT-000028,运输节点中断-苏州-028,紧急采购+生产计划调整,48,53.84,84354.6,146248.85,0.6473,12,3,11,partial_success,1,优先保障A级客户，并同时验证备用供应商产能、质量与运输可用性。,demo-rule-v1,expert-2026-06,2026-05-01T08:00:00+08:00
CASE-000120,EVT-000200,港口停运-苏州-200,接受短期停线+控制现金成本,24,41.6,570600.35,926084.6,0.6592,49,4,19,failed,4,优先保障A级客户，并同时验证备用供应商产能、质量与运输可用性。,demo-rule-v1,expert-2026-06,2025-08-17T08:00:00+08:00
CASE-000121,EVT-000049,海关查验延误-上海-049,接受短期停线+控制现金成本,48,34.77,88964.66,76628.14,0.8717,13,0,8,success,4,优先保障A级客户，并同时验证备用供应商产能、质量与运输可用性。,demo-rule-v1,expert-2026-06,2026-04-06T08:00:00+08:00
CASE-000122,EVT-000221,运输节点中断-武汉-221,库存重分配+客户分级沟通,72,64.61,494493.55,435910.96,0.8359,0,0,0,success,3,优先保障A级客户，并同时验证备用供应商产能、质量与运输可用性。,demo-rule-v1,expert-2026-06,2025-11-13T08:00:00+08:00
CASE-000123,EVT-000049,海关查验延误-上海-049,铁路替代+延期交付,48,51.29,143998.27,160209.17,0.6533,19,2,11,success,5,优先保障A级客户，并同时验证备用供应商产能、质量与运输可用性。,demo-rule-v1,expert-2026-06,2026-02-20T08:00:00+08:00
CASE-000124,EVT-000200,港口停运-苏州-200,铁路替代+延期交付,24,27.35,706044.58,998638.06,0.6928,9,2,4,success,3,优先保障A级客户，并同时验证备用供应商产能、质量与运输可用性。,demo-rule-v1,expert-2026-06,2025-12-31T08:00:00+08:00
CASE-000125,EVT-000209,台风天气-合肥-209,库存重分配+客户分级沟通,72,82.24,523614.33,522274.88,0.6921,32,1,5,success,4,优先保障A级客户，并同时验证备用供应商产能、质量与运输可用性。,demo-rule-v1,expert-2026-06,2026-04-16T08:00:00+08:00
CASE-000126,EVT-000003,台风天气-成都-003,库存重分配+客户分级沟通,72,33.58,533208.62,442965.24,0.8442,7,1,3,partial_success,5,优先保障A级客户，并同时验证备用供应商产能、质量与运输可用性。,demo-rule-v1,expert-2026-06,2026-03-08T08:00:00+08:00
CASE-000127,EVT-000158,区域限电-青岛-158,接受短期停线+控制现金成本,24,15.72,709879.03,552480.75,0.772,11,3,6,success,4,优先保障A级客户，并同时验证备用供应商产能、质量与运输可用性。,demo-rule-v1,expert-2026-06,2025-09-30T08:00:00+08:00
CASE-000128,EVT-000163,区域限电-宁波-163,关键订单空运+备用供应商补货,48,52.44,775434.15,730028.36,0.6383,19,1,8,success,5,优先保障A级客户，并同时验证备用供应商产能、质量与运输可用性。,demo-rule-v1,expert-2026-06,2025-06-22T08:00:00+08:00
CASE-000129,EVT-000063,供应商停产-天津-063,接受短期停线+控制现金成本,48,21.41,249884.99,276118.46,0.8385,21,0,2,success,5,优先保障A级客户，并同时验证备用供应商产能、质量与运输可用性。,demo-rule-v1,expert-2026-06,2026-01-10T08:00:00+08:00
CASE-000130,EVT-000024,质量召回-青岛-024,库存重分配+客户分级沟通,6,6.69,207321.4,227071.99,0.5271,13,2,18,failed,2,优先保障A级客户，并同时验证备用供应商产能、质量与运输可用性。,demo-rule-v1,expert-2026-06,2026-01-15T08:00:00+08:00
CASE-000131,EVT-000053,港口停运-东莞-053,双供应商分单+安全库存锁定,72,74.78,515630.7,568136.61,0.9453,20,1,2,success,4,优先保障A级客户，并同时验证备用供应商产能、质量与运输可用性。,demo-rule-v1,expert-2026-06,2026-03-12T08:00:00+08:00
CASE-000132,EVT-000062,港口停运-青岛-062,库存重分配+客户分级沟通,6,4.35,110079.49,97286.65,0.8244,22,2,4,success,5,优先保障A级客户，并同时验证备用供应商产能、质量与运输可用性。,demo-rule-v1,expert-2026-06,2025-11-27T08:00:00+08:00
CASE-000133,EVT-000098,台风天气-杭州-098,关键订单空运+备用供应商补货,72,157.66,345849.11,651551.74,0.52,30,3,18,failed,2,优先保障A级客户，并同时验证备用供应商产能、质量与运输可用性。,demo-rule-v1,expert-2026-06,2026-02-27T08:00:00+08:00
CASE-000134,EVT-000233,需求突增-宁波-233,关键订单空运+备用供应商补货,24,27.52,608221.49,879525.7,0.7946,21,1,9,partial_success,4,优先保障A级客户，并同时验证备用供应商产能、质量与运输可用性。,demo-rule-v1,expert-2026-06,2025-11-09T08:00:00+08:00
CASE-000135,EVT-000018,台风天气-东莞-018,铁路替代+延期交付,24,29.6,213066.16,327686.0,0.821,9,1,6,success,3,优先保障A级客户，并同时验证备用供应商产能、质量与运输可用性。,demo-rule-v1,expert-2026-06,2025-07-25T08:00:00+08:00
CASE-000136,EVT-000094,海关查验延误-苏州-094,双供应商分单+安全库存锁定,36,60.24,739735.27,1040937.77,0.52,18,4,18,failed,3,优先保障A级客户，并同时验证备用供应商产能、质量与运输可用性。,demo-rule-v1,expert-2026-06,2025-12-21T08:00:00+08:00
CASE-000137,EVT-000223,区域限电-合肥-223,铁路替代+延期交付,12,13.39,98005.32,110567.01,0.8614,33,2,12,partial_success,2,优先保障A级客户，并同时验证备用供应商产能、质量与运输可用性。,demo-rule-v1,expert-2026-06,2025-07-06T08:00:00+08:00
CASE-000138,EVT-000172,质量召回-天津-172,库存重分配+客户分级沟通,36,32.09,445811.51,475943.86,0.7406,7,0,4,success,2,优先保障A级客户，并同时验证备用供应商产能、质量与运输可用性。,demo-rule-v1,expert-2026-06,2026-02-14T08:00:00+08:00
CASE-000139,EVT-000151,海关查验延误-成都-151,双供应商分单+安全库存锁定,6,3.98,524457.21,269959.42,0.9572,2,0,0,success,5,优先保障A级客户，并同时验证备用供应商产能、质量与运输可用性。,demo-rule-v1,expert-2026-06,2025-06-21T08:00:00+08:00
CASE-000140,EVT-000119,需求突增-宁波-119,关键订单空运+备用供应商补货,72,119.72,412353.6,577471.64,0.6229,34,3,11,partial_success,3,优先保障A级客户，并同时验证备用供应商产能、质量与运输可用性。,demo-rule-v1,expert-2026-06,2026-04-05T08:00:00+08:00
CASE-000141,EVT-000135,供应商停产-青岛-135,库存重分配+客户分级沟通,48,59.83,439493.79,650580.93,0.6559,15,3,11,partial_success,4,优先保障A级客户，并同时验证备用供应商产能、质量与运输可用性。,demo-rule-v1,expert-2026-06,2025-11-22T08:00:00+08:00
CASE-000142,EVT-000201,质量召回-宁波-201,紧急采购+生产计划调整,36,49.94,781084.7,733141.17,0.7924,20,2,8,partial_success,4,优先保障A级客户，并同时验证备用供应商产能、质量与运输可用性。,demo-rule-v1,expert-2026-06,2025-07-26T08:00:00+08:00
CASE-000143,EVT-000146,海关查验延误-合肥-146,库存重分配+客户分级沟通,24,11.87,520418.29,526069.26,0.8843,20,1,5,success,5,优先保障A级客户，并同时验证备用供应商产能、质量与运输可用性。,demo-rule-v1,expert-2026-06,2025-06-21T08:00:00+08:00
CASE-000144,EVT-000119,需求突增-宁波-119,铁路替代+延期交付,24,26.48,397451.19,392969.73,0.7791,13,2,6,partial_success,3,优先保障A级客户，并同时验证备用供应商产能、质量与运输可用性。,demo-rule-v1,expert-2026-06,2025-11-03T08:00:00+08:00
CASE-000145,EVT-000193,区域限电-宁波-193,库存重分配+客户分级沟通,72,69.32,617629.44,638079.83,0.6871,16,1,8,partial_success,3,优先保障A级客户，并同时验证备用供应商产能、质量与运输可用性。,demo-rule-v1,expert-2026-06,2026-06-12T08:00:00+08:00
CASE-000146,EVT-000076,海关查验延误-青岛-076,关键订单空运+备用供应商补货,24,28.52,225596.42,334167.43,0.6827,18,3,15,partial_success,2,优先保障A级客户，并同时验证备用供应商产能、质量与运输可用性。,demo-rule-v1,expert-2026-06,2025-10-26T08:00:00+08:00
CASE-000147,EVT-000096,供应商停产-武汉-096,铁路替代+延期交付,24,26.9,348106.22,334117.82,0.8447,11,0,5,success,4,优先保障A级客户，并同时验证备用供应商产能、质量与运输可用性。,demo-rule-v1,expert-2026-06,2025-10-01T08:00:00+08:00
CASE-000148,EVT-000043,运输节点中断-天津-043,双供应商分单+安全库存锁定,6,9.05,583767.09,1003346.31,0.52,37,2,8,success,5,优先保障A级客户，并同时验证备用供应商产能、质量与运输可用性。,demo-rule-v1,expert-2026-06,2025-09-03T08:00:00+08:00
CASE-000149,EVT-000189,需求突增-武汉-189,紧急采购+生产计划调整,12,10.96,540090.57,553180.11,0.8757,33,2,14,failed,2,优先保障A级客户，并同时验证备用供应商产能、质量与运输可用性。,demo-rule-v1,expert-2026-06,2026-01-26T08:00:00+08:00
CASE-000150,EVT-000114,运输节点中断-宁波-114,双供应商分单+安全库存锁定,36,52.45,359638.56,455429.6,0.6815,31,5,14,failed,3,优先保障A级客户，并同时验证备用供应商产能、质量与运输可用性。,demo-rule-v1,expert-2026-06,2025-12-17T08:00:00+08:00
CASE-000151,EVT-000115,区域限电-东莞-115,接受短期停线+控制现金成本,6,5.22,393235.7,445798.2,0.8506,21,0,2,success,5,优先保障A级客户，并同时验证备用供应商产能、质量与运输可用性。,demo-rule-v1,expert-2026-06,2025-06-15T08:00:00+08:00
CASE-000152,EVT-000058,海关查验延误-天津-058,紧急采购+生产计划调整,36,49.82,476883.83,588554.74,0.7002,6,1,7,success,4,优先保障A级客户，并同时验证备用供应商产能、质量与运输可用性。,demo-rule-v1,expert-2026-06,2026-02-15T08:00:00+08:00
CASE-000153,EVT-000042,港口停运-东莞-042,关键订单空运+备用供应商补货,24,34.33,294271.61,300342.2,0.7609,20,1,6,success,4,优先保障A级客户，并同时验证备用供应商产能、质量与运输可用性。,demo-rule-v1,expert-2026-06,2025-12-27T08:00:00+08:00
CASE-000154,EVT-000056,运输节点中断-合肥-056,双供应商分单+安全库存锁定,36,78.39,63005.7,106550.74,0.5457,26,4,12,failed,2,优先保障A级客户，并同时验证备用供应商产能、质量与运输可用性。,demo-rule-v1,expert-2026-06,2026-03-31T08:00:00+08:00
CASE-000155,EVT-000236,质量召回-苏州-236,双供应商分单+安全库存锁定,72,25.19,203524.05,166041.43,0.9681,12,0,0,success,4,优先保障A级客户，并同时验证备用供应商产能、质量与运输可用性。,demo-rule-v1,expert-2026-06,2026-02-05T08:00:00+08:00
CASE-000156,EVT-000170,港口停运-青岛-170,接受短期停线+控制现金成本,36,34.51,836025.68,922571.82,0.8601,20,2,7,partial_success,3,优先保障A级客户，并同时验证备用供应商产能、质量与运输可用性。,demo-rule-v1,expert-2026-06,2026-06-01T08:00:00+08:00
CASE-000157,EVT-000084,运输节点中断-合肥-084,库存重分配+客户分级沟通,12,11.72,687179.86,562120.65,0.6496,37,3,13,partial_success,4,优先保障A级客户，并同时验证备用供应商产能、质量与运输可用性。,demo-rule-v1,expert-2026-06,2026-01-07T08:00:00+08:00
CASE-000158,EVT-000110,台风天气-杭州-110,双供应商分单+安全库存锁定,36,63.93,183408.98,237944.09,0.7353,14,1,3,success,4,优先保障A级客户，并同时验证备用供应商产能、质量与运输可用性。,demo-rule-v1,expert-2026-06,2026-01-30T08:00:00+08:00
CASE-000159,EVT-000176,供应商停产-成都-176,库存重分配+客户分级沟通,12,19.71,653780.74,827890.89,0.52,25,3,15,failed,2,优先保障A级客户，并同时验证备用供应商产能、质量与运输可用性。,demo-rule-v1,expert-2026-06,2025-08-03T08:00:00+08:00
CASE-000160,EVT-000235,供应商停产-苏州-235,库存重分配+客户分级沟通,6,5.36,24139.09,15600.73,0.8771,15,3,5,success,3,优先保障A级客户，并同时验证备用供应商产能、质量与运输可用性。,demo-rule-v1,expert-2026-06,2025-11-26T08:00:00+08:00
CASE-000161,EVT-000207,海关查验延误-青岛-207,铁路替代+延期交付,36,51.95,269965.59,284778.52,0.6058,27,3,12,partial_success,3,优先保障A级客户，并同时验证备用供应商产能、质量与运输可用性。,demo-rule-v1,expert-2026-06,2026-05-21T08:00:00+08:00
CASE-000162,EVT-000126,运输节点中断-杭州-126,关键订单空运+备用供应商补货,12,8.95,856624.86,838101.08,0.7581,17,0,0,success,5,优先保障A级客户，并同时验证备用供应商产能、质量与运输可用性。,demo-rule-v1,expert-2026-06,2026-02-02T08:00:00+08:00
CASE-000163,EVT-000092,台风天气-合肥-092,关键订单空运+备用供应商补货,6,9.41,149773.07,176335.38,0.7966,27,1,9,success,4,优先保障A级客户，并同时验证备用供应商产能、质量与运输可用性。,demo-rule-v1,expert-2026-06,2026-06-08T08:00:00+08:00
CASE-000164,EVT-000004,供应商停产-东莞-004,库存重分配+客户分级沟通,6,4.6,526256.59,425141.49,0.7497,13,3,14,partial_success,3,优先保障A级客户，并同时验证备用供应商产能、质量与运输可用性。,demo-rule-v1,expert-2026-06,2026-04-14T08:00:00+08:00
CASE-000165,EVT-000080,质量召回-武汉-080,紧急采购+生产计划调整,12,8.75,266187.87,200152.59,0.8837,22,0,3,success,5,优先保障A级客户，并同时验证备用供应商产能、质量与运输可用性。,demo-rule-v1,expert-2026-06,2026-01-02T08:00:00+08:00
CASE-000166,EVT-000009,需求突增-成都-009,库存重分配+客户分级沟通,72,134.68,886717.67,1774355.5,0.5467,49,4,15,failed,3,优先保障A级客户，并同时验证备用供应商产能、质量与运输可用性。,demo-rule-v1,expert-2026-06,2026-03-27T08:00:00+08:00
CASE-000167,EVT-000148,需求突增-武汉-148,紧急采购+生产计划调整,72,109.75,527340.05,744220.68,0.52,49,4,16,failed,2,优先保障A级客户，并同时验证备用供应商产能、质量与运输可用性。,demo-rule-v1,expert-2026-06,2026-02-03T08:00:00+08:00
CASE-000168,EVT-000096,供应商停产-武汉-096,库存重分配+客户分级沟通,24,13.6,517648.06,372394.54,0.9932,12,0,2,success,5,优先保障A级客户，并同时验证备用供应商产能、质量与运输可用性。,demo-rule-v1,expert-2026-06,2025-11-11T08:00:00+08:00
CASE-000169,EVT-000060,海关查验延误-杭州-060,接受短期停线+控制现金成本,72,75.52,651313.47,693164.61,0.6514,27,4,15,partial_success,2,优先保障A级客户，并同时验证备用供应商产能、质量与运输可用性。,demo-rule-v1,expert-2026-06,2025-09-03T08:00:00+08:00
CASE-000170,EVT-000220,海关查验延误-杭州-220,紧急采购+生产计划调整,72,44.92,312459.67,247491.46,1.0,14,1,4,success,3,优先保障A级客户，并同时验证备用供应商产能、质量与运输可用性。,demo-rule-v1,expert-2026-06,2026-05-14T08:00:00+08:00
CASE-000171,EVT-000094,海关查验延误-苏州-094,关键订单空运+备用供应商补货,12,8.48,244865.61,219657.41,0.8971,14,0,0,success,4,优先保障A级客户，并同时验证备用供应商产能、质量与运输可用性。,demo-rule-v1,expert-2026-06,2026-04-21T08:00:00+08:00
CASE-000172,EVT-000074,质量召回-成都-074,库存重分配+客户分级沟通,12,12.67,489072.15,661672.92,0.7309,31,3,16,partial_success,3,优先保障A级客户，并同时验证备用供应商产能、质量与运输可用性。,demo-rule-v1,expert-2026-06,2025-07-01T08:00:00+08:00
CASE-000173,EVT-000217,运输节点中断-天津-217,关键订单空运+备用供应商补货,36,42.14,451398.67,491634.36,0.8394,30,0,7,success,4,优先保障A级客户，并同时验证备用供应商产能、质量与运输可用性。,demo-rule-v1,expert-2026-06,2026-02-23T08:00:00+08:00
CASE-000174,EVT-000033,运输节点中断-合肥-033,接受短期停线+控制现金成本,48,33.39,582794.99,591544.61,1.0,18,1,4,success,5,优先保障A级客户，并同时验证备用供应商产能、质量与运输可用性。,demo-rule-v1,expert-2026-06,2026-05-10T08:00:00+08:00
CASE-000175,EVT-000106,需求突增-苏州-106,铁路替代+延期交付,6,9.6,253639.56,397203.3,0.5415,38,3,18,failed,2,优先保障A级客户，并同时验证备用供应商产能、质量与运输可用性。,demo-rule-v1,expert-2026-06,2026-05-06T08:00:00+08:00
CASE-000176,EVT-000009,需求突增-成都-009,紧急采购+生产计划调整,72,56.27,86564.8,68992.15,0.9275,28,3,9,partial_success,4,优先保障A级客户，并同时验证备用供应商产能、质量与运输可用性。,demo-rule-v1,expert-2026-06,2025-06-23T08:00:00+08:00
CASE-000177,EVT-000120,供应商停产-天津-120,双供应商分单+安全库存锁定,72,132.37,559953.81,708921.2,0.6817,15,3,15,failed,3,优先保障A级客户，并同时验证备用供应商产能、质量与运输可用性。,demo-rule-v1,expert-2026-06,2025-12-17T08:00:00+08:00
CASE-000178,EVT-000044,海关查验延误-东莞-044,双供应商分单+安全库存锁定,24,7.47,755196.48,651040.64,0.8852,18,1,6,success,4,优先保障A级客户，并同时验证备用供应商产能、质量与运输可用性。,demo-rule-v1,expert-2026-06,2026-01-23T08:00:00+08:00
CASE-000179,EVT-000052,需求突增-上海-052,库存重分配+客户分级沟通,6,5.25,201395.72,252386.82,0.6497,22,1,2,success,4,优先保障A级客户，并同时验证备用供应商产能、质量与运输可用性。,demo-rule-v1,expert-2026-06,2026-01-19T08:00:00+08:00
CASE-000180,EVT-000231,运输节点中断-天津-231,铁路替代+延期交付,12,18.67,669715.34,744834.56,0.7891,22,4,17,failed,2,优先保障A级客户，并同时验证备用供应商产能、质量与运输可用性。,demo-rule-v1,expert-2026-06,2025-06-21T08:00:00+08:00
CASE-000181,EVT-000231,运输节点中断-天津-231,库存重分配+客户分级沟通,36,39.92,351182.76,279190.19,0.7309,13,2,11,partial_success,3,优先保障A级客户，并同时验证备用供应商产能、质量与运输可用性。,demo-rule-v1,expert-2026-06,2025-07-28T08:00:00+08:00
CASE-000182,EVT-000167,海关查验延误-上海-167,紧急采购+生产计划调整,36,23.95,848873.39,433018.95,0.8456,14,2,16,partial_success,4,优先保障A级客户，并同时验证备用供应商产能、质量与运输可用性。,demo-rule-v1,expert-2026-06,2025-06-19T08:00:00+08:00
CASE-000183,EVT-000048,区域限电-青岛-048,铁路替代+延期交付,48,8.64,56785.72,42401.73,1.0,0,1,0,success,5,优先保障A级客户，并同时验证备用供应商产能、质量与运输可用性。,demo-rule-v1,expert-2026-06,2025-07-12T08:00:00+08:00
CASE-000184,EVT-000187,质量召回-上海-187,铁路替代+延期交付,24,24.04,482964.17,446741.08,0.9269,23,3,9,partial_success,4,优先保障A级客户，并同时验证备用供应商产能、质量与运输可用性。,demo-rule-v1,expert-2026-06,2025-08-29T08:00:00+08:00
CASE-000185,EVT-000102,运输节点中断-杭州-102,铁路替代+延期交付,6,4.6,457066.61,397003.72,0.7522,30,2,12,partial_success,2,优先保障A级客户，并同时验证备用供应商产能、质量与运输可用性。,demo-rule-v1,expert-2026-06,2026-03-12T08:00:00+08:00
CASE-000186,EVT-000145,供应商停产-苏州-145,铁路替代+延期交付,12,5.16,656618.5,407644.66,1.0,2,0,2,success,4,优先保障A级客户，并同时验证备用供应商产能、质量与运输可用性。,demo-rule-v1,expert-2026-06,2026-02-01T08:00:00+08:00
CASE-000187,EVT-000130,海关查验延误-成都-130,紧急采购+生产计划调整,48,64.0,419363.58,498732.19,0.6858,32,3,14,partial_success,3,优先保障A级客户，并同时验证备用供应商产能、质量与运输可用性。,demo-rule-v1,expert-2026-06,2025-09-22T08:00:00+08:00
CASE-000188,EVT-000094,海关查验延误-苏州-094,接受短期停线+控制现金成本,72,116.53,147927.41,221176.56,0.5908,31,4,17,failed,4,优先保障A级客户，并同时验证备用供应商产能、质量与运输可用性。,demo-rule-v1,expert-2026-06,2025-10-24T08:00:00+08:00
CASE-000189,EVT-000113,供应商停产-东莞-113,铁路替代+延期交付,72,48.98,261966.95,200133.35,0.8161,0,0,0,success,4,优先保障A级客户，并同时验证备用供应商产能、质量与运输可用性。,demo-rule-v1,expert-2026-06,2026-06-02T08:00:00+08:00
CASE-000190,EVT-000056,运输节点中断-合肥-056,紧急采购+生产计划调整,12,14.64,140673.79,212375.21,0.6435,17,3,17,failed,3,优先保障A级客户，并同时验证备用供应商产能、质量与运输可用性。,demo-rule-v1,expert-2026-06,2026-05-07T08:00:00+08:00
CASE-000191,EVT-000065,需求突增-青岛-065,接受短期停线+控制现金成本,48,72.43,130559.81,193780.87,0.6551,42,4,16,failed,3,优先保障A级客户，并同时验证备用供应商产能、质量与运输可用性。,demo-rule-v1,expert-2026-06,2025-07-18T08:00:00+08:00
CASE-000192,EVT-000025,海关查验延误-武汉-025,铁路替代+延期交付,72,12.96,602883.39,253211.02,1.0,0,0,2,success,4,优先保障A级客户，并同时验证备用供应商产能、质量与运输可用性。,demo-rule-v1,expert-2026-06,2025-08-20T08:00:00+08:00
CASE-000193,EVT-000138,台风天气-上海-138,关键订单空运+备用供应商补货,12,8.29,82734.39,68844.49,0.9654,6,1,4,success,5,优先保障A级客户，并同时验证备用供应商产能、质量与运输可用性。,demo-rule-v1,expert-2026-06,2026-03-01T08:00:00+08:00
CASE-000194,EVT-000039,台风天气-合肥-039,接受短期停线+控制现金成本,72,21.8,482293.69,546256.79,0.8881,22,0,0,success,5,优先保障A级客户，并同时验证备用供应商产能、质量与运输可用性。,demo-rule-v1,expert-2026-06,2025-11-09T08:00:00+08:00
CASE-000195,EVT-000132,质量召回-青岛-132,铁路替代+延期交付,12,2.18,151551.7,63651.71,0.9493,0,0,1,success,3,优先保障A级客户，并同时验证备用供应商产能、质量与运输可用性。,demo-rule-v1,expert-2026-06,2025-12-21T08:00:00+08:00
CASE-000196,EVT-000175,区域限电-苏州-175,关键订单空运+备用供应商补货,36,37.12,802304.09,998707.03,0.5827,9,1,9,partial_success,5,优先保障A级客户，并同时验证备用供应商产能、质量与运输可用性。,demo-rule-v1,expert-2026-06,2025-09-05T08:00:00+08:00
CASE-000197,EVT-000022,质量召回-成都-022,紧急采购+生产计划调整,72,129.15,169979.04,281249.03,0.6046,38,3,16,failed,3,优先保障A级客户，并同时验证备用供应商产能、质量与运输可用性。,demo-rule-v1,expert-2026-06,2025-12-31T08:00:00+08:00
CASE-000198,EVT-000166,区域限电-成都-166,双供应商分单+安全库存锁定,72,39.33,661387.75,695896.57,0.8396,16,2,7,success,3,优先保障A级客户，并同时验证备用供应商产能、质量与运输可用性。,demo-rule-v1,expert-2026-06,2025-08-24T08:00:00+08:00
CASE-000199,EVT-000174,海关查验延误-宁波-174,铁路替代+延期交付,48,57.27,60394.89,46545.84,0.8287,3,3,15,failed,3,优先保障A级客户，并同时验证备用供应商产能、质量与运输可用性。,demo-rule-v1,expert-2026-06,2026-02-19T08:00:00+08:00
CASE-000200,EVT-000178,区域限电-武汉-178,铁路替代+延期交付,12,8.2,136201.44,146836.52,0.7567,4,2,6,success,3,优先保障A级客户，并同时验证备用供应商产能、质量与运输可用性。,demo-rule-v1,expert-2026-06,2025-11-21T08:00:00+08:00
CASE-000201,EVT-000091,海关查验延误-杭州-091,库存重分配+客户分级沟通,6,6.2,423662.09,602765.5,0.7129,13,1,8,success,5,优先保障A级客户，并同时验证备用供应商产能、质量与运输可用性。,demo-rule-v1,expert-2026-06,2025-11-01T08:00:00+08:00
CASE-000202,EVT-000045,质量召回-天津-045,铁路替代+延期交付,48,17.11,709991.52,590316.38,0.8639,10,0,0,success,5,优先保障A级客户，并同时验证备用供应商产能、质量与运输可用性。,demo-rule-v1,expert-2026-06,2025-07-24T08:00:00+08:00
CASE-000203,EVT-000106,需求突增-苏州-106,双供应商分单+安全库存锁定,48,56.39,269425.17,252982.89,0.6554,32,2,12,success,5,优先保障A级客户，并同时验证备用供应商产能、质量与运输可用性。,demo-rule-v1,expert-2026-06,2025-12-16T08:00:00+08:00
CASE-000204,EVT-000087,区域限电-武汉-087,双供应商分单+安全库存锁定,12,11.17,599877.42,768716.33,0.95,22,2,8,failed,2,优先保障A级客户，并同时验证备用供应商产能、质量与运输可用性。,demo-rule-v1,expert-2026-06,2025-07-23T08:00:00+08:00
CASE-000205,EVT-000213,区域限电-武汉-213,铁路替代+延期交付,6,9.65,624708.73,938290.92,0.6478,42,3,10,partial_success,3,优先保障A级客户，并同时验证备用供应商产能、质量与运输可用性。,demo-rule-v1,expert-2026-06,2026-02-07T08:00:00+08:00
CASE-000206,EVT-000090,港口停运-武汉-090,双供应商分单+安全库存锁定,72,96.23,235813.87,310748.35,0.5782,25,3,14,partial_success,4,优先保障A级客户，并同时验证备用供应商产能、质量与运输可用性。,demo-rule-v1,expert-2026-06,2026-03-24T08:00:00+08:00
CASE-000207,EVT-000020,供应商停产-上海-020,铁路替代+延期交付,12,10.36,465330.93,284555.21,0.8665,14,4,10,success,3,优先保障A级客户，并同时验证备用供应商产能、质量与运输可用性。,demo-rule-v1,expert-2026-06,2025-12-13T08:00:00+08:00
CASE-000208,EVT-000161,区域限电-青岛-161,接受短期停线+控制现金成本,72,50.14,277275.35,295037.34,0.6127,35,3,11,partial_success,1,优先保障A级客户，并同时验证备用供应商产能、质量与运输可用性。,demo-rule-v1,expert-2026-06,2026-01-07T08:00:00+08:00
CASE-000209,EVT-000214,区域限电-宁波-214,库存重分配+客户分级沟通,72,50.73,627549.84,563958.92,0.9531,3,0,2,success,5,优先保障A级客户，并同时验证备用供应商产能、质量与运输可用性。,demo-rule-v1,expert-2026-06,2026-04-26T08:00:00+08:00
CASE-000210,EVT-000181,质量召回-青岛-181,铁路替代+延期交付,36,24.3,658006.58,675170.67,0.8363,11,1,0,success,5,优先保障A级客户，并同时验证备用供应商产能、质量与运输可用性。,demo-rule-v1,expert-2026-06,2025-12-13T08:00:00+08:00
CASE-000211,EVT-000124,区域限电-上海-124,库存重分配+客户分级沟通,24,27.07,377959.79,426770.46,0.7964,14,2,8,success,4,优先保障A级客户，并同时验证备用供应商产能、质量与运输可用性。,demo-rule-v1,expert-2026-06,2025-12-20T08:00:00+08:00
CASE-000212,EVT-000101,台风天气-成都-101,关键订单空运+备用供应商补货,72,54.95,430291.4,461568.62,0.863,14,2,8,partial_success,4,优先保障A级客户，并同时验证备用供应商产能、质量与运输可用性。,demo-rule-v1,expert-2026-06,2026-06-04T08:00:00+08:00
CASE-000213,EVT-000207,海关查验延误-青岛-207,铁路替代+延期交付,36,25.44,717805.07,693750.65,0.7961,27,2,9,partial_success,3,优先保障A级客户，并同时验证备用供应商产能、质量与运输可用性。,demo-rule-v1,expert-2026-06,2026-03-07T08:00:00+08:00
CASE-000214,EVT-000019,需求突增-杭州-019,双供应商分单+安全库存锁定,36,41.64,165777.9,143054.52,0.8348,25,0,4,success,4,优先保障A级客户，并同时验证备用供应商产能、质量与运输可用性。,demo-rule-v1,expert-2026-06,2025-09-05T08:00:00+08:00
CASE-000215,EVT-000148,需求突增-武汉-148,双供应商分单+安全库存锁定,6,2.77,52140.78,34441.02,1.0,9,1,0,success,5,优先保障A级客户，并同时验证备用供应商产能、质量与运输可用性。,demo-rule-v1,expert-2026-06,2025-09-07T08:00:00+08:00
CASE-000216,EVT-000134,需求突增-合肥-134,双供应商分单+安全库存锁定,72,53.96,152948.85,147015.96,0.7503,21,1,7,partial_success,3,优先保障A级客户，并同时验证备用供应商产能、质量与运输可用性。,demo-rule-v1,expert-2026-06,2026-06-12T08:00:00+08:00
CASE-000217,EVT-000088,港口停运-天津-088,关键订单空运+备用供应商补货,6,8.91,396777.34,517478.72,0.52,23,1,9,success,5,优先保障A级客户，并同时验证备用供应商产能、质量与运输可用性。,demo-rule-v1,expert-2026-06,2026-03-18T08:00:00+08:00
CASE-000218,EVT-000152,海关查验延误-苏州-152,库存重分配+客户分级沟通,6,7.32,538017.08,602768.66,0.8368,24,0,8,success,4,优先保障A级客户，并同时验证备用供应商产能、质量与运输可用性。,demo-rule-v1,expert-2026-06,2025-12-30T08:00:00+08:00
CASE-000219,EVT-000187,质量召回-上海-187,库存重分配+客户分级沟通,12,10.73,664520.78,312638.97,0.7343,20,1,5,success,5,优先保障A级客户，并同时验证备用供应商产能、质量与运输可用性。,demo-rule-v1,expert-2026-06,2025-09-04T08:00:00+08:00
CASE-000220,EVT-000214,区域限电-宁波-214,库存重分配+客户分级沟通,72,106.28,284933.58,371226.2,0.5752,41,4,14,partial_success,4,优先保障A级客户，并同时验证备用供应商产能、质量与运输可用性。,demo-rule-v1,expert-2026-06,2026-03-26T08:00:00+08:00
CASE-000221,EVT-000167,海关查验延误-上海-167,紧急采购+生产计划调整,36,46.34,220892.06,218034.69,0.665,18,1,10,success,4,优先保障A级客户，并同时验证备用供应商产能、质量与运输可用性。,demo-rule-v1,expert-2026-06,2025-11-12T08:00:00+08:00
CASE-000222,EVT-000057,区域限电-宁波-057,紧急采购+生产计划调整,36,27.71,621395.83,649767.78,0.7005,14,2,9,partial_success,3,优先保障A级客户，并同时验证备用供应商产能、质量与运输可用性。,demo-rule-v1,expert-2026-06,2025-07-16T08:00:00+08:00
CASE-000223,EVT-000056,运输节点中断-合肥-056,库存重分配+客户分级沟通,24,17.8,814085.53,344932.26,1.0,0,2,6,success,4,优先保障A级客户，并同时验证备用供应商产能、质量与运输可用性。,demo-rule-v1,expert-2026-06,2026-06-05T08:00:00+08:00
CASE-000224,EVT-000002,海关查验延误-苏州-002,接受短期停线+控制现金成本,12,9.38,108564.98,105876.99,0.9417,15,1,0,success,5,优先保障A级客户，并同时验证备用供应商产能、质量与运输可用性。,demo-rule-v1,expert-2026-06,2026-01-23T08:00:00+08:00
CASE-000225,EVT-000018,台风天气-东莞-018,铁路替代+延期交付,72,24.06,135325.81,132601.7,0.935,0,0,6,success,5,优先保障A级客户，并同时验证备用供应商产能、质量与运输可用性。,demo-rule-v1,expert-2026-06,2025-11-05T08:00:00+08:00
CASE-000226,EVT-000145,供应商停产-苏州-145,双供应商分单+安全库存锁定,6,5.79,25108.07,34282.82,0.7817,14,1,10,success,5,优先保障A级客户，并同时验证备用供应商产能、质量与运输可用性。,demo-rule-v1,expert-2026-06,2025-11-20T08:00:00+08:00
CASE-000227,EVT-000160,质量召回-宁波-160,紧急采购+生产计划调整,6,3.64,493327.86,328362.35,0.9035,0,0,2,success,3,优先保障A级客户，并同时验证备用供应商产能、质量与运输可用性。,demo-rule-v1,expert-2026-06,2025-12-14T08:00:00+08:00
CASE-000228,EVT-000017,需求突增-杭州-017,紧急采购+生产计划调整,12,10.26,214533.78,175033.17,0.7792,1,1,2,success,3,优先保障A级客户，并同时验证备用供应商产能、质量与运输可用性。,demo-rule-v1,expert-2026-06,2026-03-19T08:00:00+08:00
CASE-000229,EVT-000174,海关查验延误-宁波-174,紧急采购+生产计划调整,36,26.49,444175.43,482694.83,0.9044,6,2,7,success,3,优先保障A级客户，并同时验证备用供应商产能、质量与运输可用性。,demo-rule-v1,expert-2026-06,2026-04-22T08:00:00+08:00
CASE-000230,EVT-000178,区域限电-武汉-178,关键订单空运+备用供应商补货,48,45.74,59377.41,56254.9,0.6247,15,3,13,partial_success,3,优先保障A级客户，并同时验证备用供应商产能、质量与运输可用性。,demo-rule-v1,expert-2026-06,2025-09-07T08:00:00+08:00
CASE-000231,EVT-000006,运输节点中断-合肥-006,紧急采购+生产计划调整,24,6.0,208305.7,96073.64,1.0,0,1,0,success,4,优先保障A级客户，并同时验证备用供应商产能、质量与运输可用性。,demo-rule-v1,expert-2026-06,2025-11-14T08:00:00+08:00
CASE-000232,EVT-000048,区域限电-青岛-048,紧急采购+生产计划调整,12,13.03,470319.93,426738.97,0.795,26,3,12,failed,3,优先保障A级客户，并同时验证备用供应商产能、质量与运输可用性。,demo-rule-v1,expert-2026-06,2026-02-05T08:00:00+08:00
CASE-000233,EVT-000119,需求突增-宁波-119,库存重分配+客户分级沟通,72,77.05,34093.71,44801.77,0.6345,47,1,3,success,5,优先保障A级客户，并同时验证备用供应商产能、质量与运输可用性。,demo-rule-v1,expert-2026-06,2026-04-29T08:00:00+08:00
CASE-000234,EVT-000130,海关查验延误-成都-130,双供应商分单+安全库存锁定,36,36.45,782761.48,936470.37,0.8519,8,2,6,partial_success,2,优先保障A级客户，并同时验证备用供应商产能、质量与运输可用性。,demo-rule-v1,expert-2026-06,2025-07-03T08:00:00+08:00
CASE-000235,EVT-000198,供应商停产-青岛-198,紧急采购+生产计划调整,48,42.79,440609.36,499629.21,0.7565,19,1,6,success,5,优先保障A级客户，并同时验证备用供应商产能、质量与运输可用性。,demo-rule-v1,expert-2026-06,2025-12-21T08:00:00+08:00
CASE-000236,EVT-000176,供应商停产-成都-176,紧急采购+生产计划调整,6,6.17,583254.47,869069.46,0.641,12,2,5,success,5,优先保障A级客户，并同时验证备用供应商产能、质量与运输可用性。,demo-rule-v1,expert-2026-06,2025-10-09T08:00:00+08:00
CASE-000237,EVT-000212,运输节点中断-合肥-212,接受短期停线+控制现金成本,48,28.07,823151.97,507740.67,0.9385,17,1,4,success,4,优先保障A级客户，并同时验证备用供应商产能、质量与运输可用性。,demo-rule-v1,expert-2026-06,2026-01-06T08:00:00+08:00
CASE-000238,EVT-000100,供应商停产-东莞-100,紧急采购+生产计划调整,24,12.9,830195.09,1043385.92,0.8092,21,0,2,success,3,优先保障A级客户，并同时验证备用供应商产能、质量与运输可用性。,demo-rule-v1,expert-2026-06,2026-05-22T08:00:00+08:00
CASE-000239,EVT-000188,海关查验延误-上海-188,关键订单空运+备用供应商补货,12,13.8,241573.38,271295.28,0.8044,16,2,15,partial_success,3,优先保障A级客户，并同时验证备用供应商产能、质量与运输可用性。,demo-rule-v1,expert-2026-06,2026-03-27T08:00:00+08:00
CASE-000240,EVT-000135,供应商停产-青岛-135,关键订单空运+备用供应商补货,72,84.21,372715.64,283899.21,0.9147,7,1,3,success,5,优先保障A级客户，并同时验证备用供应商产能、质量与运输可用性。,demo-rule-v1,expert-2026-06,2026-06-10T08:00:00+08:00
CASE-000241,EVT-000204,海关查验延误-上海-204,双供应商分单+安全库存锁定,12,16.05,144188.84,195813.09,0.841,22,0,1,success,5,优先保障A级客户，并同时验证备用供应商产能、质量与运输可用性。,demo-rule-v1,expert-2026-06,2025-07-01T08:00:00+08:00
CASE-000242,EVT-000145,供应商停产-苏州-145,铁路替代+延期交付,12,17.37,341217.23,305983.95,0.5824,9,4,13,partial_success,5,优先保障A级客户，并同时验证备用供应商产能、质量与运输可用性。,demo-rule-v1,expert-2026-06,2025-09-07T08:00:00+08:00
CASE-000243,EVT-000143,质量召回-苏州-143,关键订单空运+备用供应商补货,12,15.37,185963.63,229002.31,0.8202,20,3,11,partial_success,1,优先保障A级客户，并同时验证备用供应商产能、质量与运输可用性。,demo-rule-v1,expert-2026-06,2025-11-07T08:00:00+08:00
CASE-000244,EVT-000209,台风天气-合肥-209,双供应商分单+安全库存锁定,36,79.26,717938.7,1218423.33,0.52,45,2,15,failed,2,优先保障A级客户，并同时验证备用供应商产能、质量与运输可用性。,demo-rule-v1,expert-2026-06,2025-09-01T08:00:00+08:00
CASE-000245,EVT-000116,区域限电-东莞-116,关键订单空运+备用供应商补货,48,39.98,597208.48,549826.56,1.0,14,1,1,success,5,优先保障A级客户，并同时验证备用供应商产能、质量与运输可用性。,demo-rule-v1,expert-2026-06,2025-11-25T08:00:00+08:00
CASE-000246,EVT-000064,质量召回-天津-064,双供应商分单+安全库存锁定,48,26.06,771968.13,515276.32,1.0,0,1,2,success,4,优先保障A级客户，并同时验证备用供应商产能、质量与运输可用性。,demo-rule-v1,expert-2026-06,2025-10-03T08:00:00+08:00
CASE-000247,EVT-000043,运输节点中断-天津-043,铁路替代+延期交付,24,10.65,131410.56,91565.64,0.9824,18,2,5,success,5,优先保障A级客户，并同时验证备用供应商产能、质量与运输可用性。,demo-rule-v1,expert-2026-06,2025-12-13T08:00:00+08:00
CASE-000248,EVT-000093,需求突增-青岛-093,双供应商分单+安全库存锁定,72,98.83,62189.87,76550.86,0.591,31,3,11,success,4,优先保障A级客户，并同时验证备用供应商产能、质量与运输可用性。,demo-rule-v1,expert-2026-06,2026-05-12T08:00:00+08:00
CASE-000249,EVT-000120,供应商停产-天津-120,库存重分配+客户分级沟通,48,34.99,865099.15,716804.88,0.788,30,1,7,success,4,优先保障A级客户，并同时验证备用供应商产能、质量与运输可用性。,demo-rule-v1,expert-2026-06,2026-02-25T08:00:00+08:00
CASE-000250,EVT-000149,海关查验延误-上海-149,接受短期停线+控制现金成本,36,22.51,155031.49,148021.66,0.9334,9,0,1,success,3,优先保障A级客户，并同时验证备用供应商产能、质量与运输可用性。,demo-rule-v1,expert-2026-06,2026-02-12T08:00:00+08:00
CASE-000251,EVT-000178,区域限电-武汉-178,接受短期停线+控制现金成本,6,6.96,122818.47,134171.22,0.8151,17,1,6,success,3,优先保障A级客户，并同时验证备用供应商产能、质量与运输可用性。,demo-rule-v1,expert-2026-06,2025-10-15T08:00:00+08:00
CASE-000252,EVT-000043,运输节点中断-天津-043,铁路替代+延期交付,48,43.49,175241.48,197917.99,0.6642,11,2,5,success,4,优先保障A级客户，并同时验证备用供应商产能、质量与运输可用性。,demo-rule-v1,expert-2026-06,2025-12-20T08:00:00+08:00
CASE-000253,EVT-000214,区域限电-宁波-214,关键订单空运+备用供应商补货,12,12.74,833932.73,625100.86,0.8475,8,1,8,success,4,优先保障A级客户，并同时验证备用供应商产能、质量与运输可用性。,demo-rule-v1,expert-2026-06,2026-03-05T08:00:00+08:00
CASE-000254,EVT-000107,港口停运-宁波-107,接受短期停线+控制现金成本,6,8.72,377887.98,478318.9,0.638,29,5,21,failed,2,优先保障A级客户，并同时验证备用供应商产能、质量与运输可用性。,demo-rule-v1,expert-2026-06,2025-07-10T08:00:00+08:00
CASE-000255,EVT-000067,质量召回-东莞-067,铁路替代+延期交付,36,48.83,94053.0,149403.53,0.6865,25,3,11,partial_success,2,优先保障A级客户，并同时验证备用供应商产能、质量与运输可用性。,demo-rule-v1,expert-2026-06,2025-11-11T08:00:00+08:00
CASE-000256,EVT-000234,质量召回-东莞-234,库存重分配+客户分级沟通,24,37.29,833117.12,1024561.62,0.8498,19,3,16,failed,2,优先保障A级客户，并同时验证备用供应商产能、质量与运输可用性。,demo-rule-v1,expert-2026-06,2025-07-18T08:00:00+08:00
CASE-000257,EVT-000208,海关查验延误-苏州-208,双供应商分单+安全库存锁定,24,11.47,405443.93,205879.82,0.8017,3,1,4,partial_success,5,优先保障A级客户，并同时验证备用供应商产能、质量与运输可用性。,demo-rule-v1,expert-2026-06,2025-08-01T08:00:00+08:00
CASE-000258,EVT-000219,运输节点中断-成都-219,接受短期停线+控制现金成本,48,74.17,313628.41,430345.81,0.6092,18,0,6,success,3,优先保障A级客户，并同时验证备用供应商产能、质量与运输可用性。,demo-rule-v1,expert-2026-06,2026-05-15T08:00:00+08:00
CASE-000259,EVT-000190,区域限电-武汉-190,铁路替代+延期交付,72,59.22,740671.5,410465.02,0.8235,12,0,0,success,4,优先保障A级客户，并同时验证备用供应商产能、质量与运输可用性。,demo-rule-v1,expert-2026-06,2025-10-22T08:00:00+08:00
CASE-000260,EVT-000048,区域限电-青岛-048,接受短期停线+控制现金成本,12,12.62,420726.3,497058.85,0.7088,20,3,12,failed,2,优先保障A级客户，并同时验证备用供应商产能、质量与运输可用性。,demo-rule-v1,expert-2026-06,2025-06-30T08:00:00+08:00
CASE-000261,EVT-000105,港口停运-天津-105,紧急采购+生产计划调整,12,9.9,584298.07,245405.19,0.9717,14,1,3,success,3,优先保障A级客户，并同时验证备用供应商产能、质量与运输可用性。,demo-rule-v1,expert-2026-06,2026-01-29T08:00:00+08:00
CASE-000262,EVT-000226,海关查验延误-杭州-226,库存重分配+客户分级沟通,12,17.25,773696.53,1216043.49,0.5901,37,2,11,success,4,优先保障A级客户，并同时验证备用供应商产能、质量与运输可用性。,demo-rule-v1,expert-2026-06,2026-04-06T08:00:00+08:00
CASE-000263,EVT-000227,供应商停产-上海-227,双供应商分单+安全库存锁定,36,30.62,347210.02,344246.6,0.8492,17,1,11,success,4,优先保障A级客户，并同时验证备用供应商产能、质量与运输可用性。,demo-rule-v1,expert-2026-06,2025-12-17T08:00:00+08:00
CASE-000264,EVT-000233,需求突增-宁波-233,库存重分配+客户分级沟通,6,8.09,565768.96,657835.5,0.7744,11,3,12,partial_success,4,优先保障A级客户，并同时验证备用供应商产能、质量与运输可用性。,demo-rule-v1,expert-2026-06,2026-06-08T08:00:00+08:00
CASE-000265,EVT-000096,供应商停产-武汉-096,双供应商分单+安全库存锁定,72,97.33,879239.54,756243.4,0.6684,23,0,4,success,5,优先保障A级客户，并同时验证备用供应商产能、质量与运输可用性。,demo-rule-v1,expert-2026-06,2025-07-01T08:00:00+08:00
CASE-000266,EVT-000161,区域限电-青岛-161,库存重分配+客户分级沟通,12,14.12,318609.7,345903.78,0.7911,16,1,9,success,4,优先保障A级客户，并同时验证备用供应商产能、质量与运输可用性。,demo-rule-v1,expert-2026-06,2026-03-18T08:00:00+08:00
CASE-000267,EVT-000173,港口停运-东莞-173,铁路替代+延期交付,72,80.15,555966.29,649957.0,0.52,48,2,14,partial_success,4,优先保障A级客户，并同时验证备用供应商产能、质量与运输可用性。,demo-rule-v1,expert-2026-06,2026-04-09T08:00:00+08:00
CASE-000268,EVT-000183,台风天气-成都-183,关键订单空运+备用供应商补货,6,4.54,642132.02,596069.95,1.0,20,1,3,success,3,优先保障A级客户，并同时验证备用供应商产能、质量与运输可用性。,demo-rule-v1,expert-2026-06,2026-05-08T08:00:00+08:00
CASE-000269,EVT-000185,需求突增-东莞-185,双供应商分单+安全库存锁定,72,24.61,627587.09,475090.89,1.0,11,0,0,success,4,优先保障A级客户，并同时验证备用供应商产能、质量与运输可用性。,demo-rule-v1,expert-2026-06,2026-02-06T08:00:00+08:00
CASE-000270,EVT-000203,需求突增-天津-203,铁路替代+延期交付,72,65.09,341672.54,407839.02,0.7829,18,0,1,success,5,优先保障A级客户，并同时验证备用供应商产能、质量与运输可用性。,demo-rule-v1,expert-2026-06,2025-11-12T08:00:00+08:00
CASE-000271,EVT-000124,区域限电-上海-124,紧急采购+生产计划调整,12,4.74,164245.28,149584.84,1.0,0,0,2,success,3,优先保障A级客户，并同时验证备用供应商产能、质量与运输可用性。,demo-rule-v1,expert-2026-06,2026-04-12T08:00:00+08:00
CASE-000272,EVT-000190,区域限电-武汉-190,紧急采购+生产计划调整,72,94.58,141826.56,193595.17,0.5492,28,3,13,partial_success,5,优先保障A级客户，并同时验证备用供应商产能、质量与运输可用性。,demo-rule-v1,expert-2026-06,2025-07-26T08:00:00+08:00
CASE-000273,EVT-000085,区域限电-东莞-085,库存重分配+客户分级沟通,72,57.53,710185.82,488749.63,0.8954,0,0,2,success,5,优先保障A级客户，并同时验证备用供应商产能、质量与运输可用性。,demo-rule-v1,expert-2026-06,2025-07-26T08:00:00+08:00
CASE-000274,EVT-000044,海关查验延误-东莞-044,双供应商分单+安全库存锁定,72,111.67,746336.16,1207280.59,0.5808,58,4,15,failed,2,优先保障A级客户，并同时验证备用供应商产能、质量与运输可用性。,demo-rule-v1,expert-2026-06,2025-11-18T08:00:00+08:00
CASE-000275,EVT-000141,港口停运-东莞-141,紧急采购+生产计划调整,48,24.45,133300.09,94901.49,0.8335,16,2,8,success,3,优先保障A级客户，并同时验证备用供应商产能、质量与运输可用性。,demo-rule-v1,expert-2026-06,2025-07-02T08:00:00+08:00
CASE-000276,EVT-000207,海关查验延误-青岛-207,紧急采购+生产计划调整,36,23.74,66894.31,44334.12,0.9668,18,0,7,success,4,优先保障A级客户，并同时验证备用供应商产能、质量与运输可用性。,demo-rule-v1,expert-2026-06,2025-08-17T08:00:00+08:00
CASE-000277,EVT-000098,台风天气-杭州-098,关键订单空运+备用供应商补货,36,63.86,722563.41,1014254.28,0.6185,27,3,13,partial_success,5,优先保障A级客户，并同时验证备用供应商产能、质量与运输可用性。,demo-rule-v1,expert-2026-06,2025-12-17T08:00:00+08:00
CASE-000278,EVT-000181,质量召回-青岛-181,接受短期停线+控制现金成本,48,39.6,823842.03,871908.29,0.818,0,1,3,success,3,优先保障A级客户，并同时验证备用供应商产能、质量与运输可用性。,demo-rule-v1,expert-2026-06,2025-12-04T08:00:00+08:00
CASE-000279,EVT-000232,供应商停产-天津-232,铁路替代+延期交付,24,5.81,202299.94,131228.54,1.0,3,0,0,success,5,优先保障A级客户，并同时验证备用供应商产能、质量与运输可用性。,demo-rule-v1,expert-2026-06,2025-08-04T08:00:00+08:00
CASE-000280,EVT-000158,区域限电-青岛-158,铁路替代+延期交付,6,4.67,810792.71,588941.04,0.9822,0,1,0,success,3,优先保障A级客户，并同时验证备用供应商产能、质量与运输可用性。,demo-rule-v1,expert-2026-06,2025-07-27T08:00:00+08:00
CASE-000281,EVT-000040,供应商停产-苏州-040,铁路替代+延期交付,48,48.43,69952.72,56085.99,0.6666,20,0,4,success,4,优先保障A级客户，并同时验证备用供应商产能、质量与运输可用性。,demo-rule-v1,expert-2026-06,2025-12-16T08:00:00+08:00
CASE-000282,EVT-000114,运输节点中断-宁波-114,关键订单空运+备用供应商补货,6,8.32,133861.33,177272.29,0.6764,37,3,13,partial_success,3,优先保障A级客户，并同时验证备用供应商产能、质量与运输可用性。,demo-rule-v1,expert-2026-06,2025-11-25T08:00:00+08:00
CASE-000283,EVT-000208,海关查验延误-苏州-208,铁路替代+延期交付,48,14.25,409315.85,171912.66,0.8895,0,1,2,success,5,优先保障A级客户，并同时验证备用供应商产能、质量与运输可用性。,demo-rule-v1,expert-2026-06,2026-05-23T08:00:00+08:00
CASE-000284,EVT-000072,港口停运-东莞-072,关键订单空运+备用供应商补货,36,41.77,321925.74,335156.87,0.6735,22,3,8,success,4,优先保障A级客户，并同时验证备用供应商产能、质量与运输可用性。,demo-rule-v1,expert-2026-06,2026-01-27T08:00:00+08:00
CASE-000285,EVT-000027,质量召回-苏州-027,接受短期停线+控制现金成本,48,45.26,737722.91,679610.57,0.8065,21,0,6,success,4,优先保障A级客户，并同时验证备用供应商产能、质量与运输可用性。,demo-rule-v1,expert-2026-06,2026-05-03T08:00:00+08:00
CASE-000286,EVT-000157,质量召回-宁波-157,紧急采购+生产计划调整,6,4.07,450722.07,594971.05,0.8295,15,2,6,success,5,优先保障A级客户，并同时验证备用供应商产能、质量与运输可用性。,demo-rule-v1,expert-2026-06,2025-08-25T08:00:00+08:00
CASE-000287,EVT-000112,供应商停产-东莞-112,库存重分配+客户分级沟通,6,2.24,71945.71,32966.43,0.9027,5,0,0,success,4,优先保障A级客户，并同时验证备用供应商产能、质量与运输可用性。,demo-rule-v1,expert-2026-06,2025-07-29T08:00:00+08:00
CASE-000288,EVT-000002,海关查验延误-苏州-002,关键订单空运+备用供应商补货,72,91.1,455340.17,661173.37,0.6205,24,4,17,failed,2,优先保障A级客户，并同时验证备用供应商产能、质量与运输可用性。,demo-rule-v1,expert-2026-06,2025-08-06T08:00:00+08:00
CASE-000289,EVT-000205,区域限电-苏州-205,库存重分配+客户分级沟通,24,33.45,299468.8,439226.49,0.6893,21,3,12,failed,2,优先保障A级客户，并同时验证备用供应商产能、质量与运输可用性。,demo-rule-v1,expert-2026-06,2026-04-24T08:00:00+08:00
CASE-000290,EVT-000231,运输节点中断-天津-231,接受短期停线+控制现金成本,12,12.57,644321.31,577861.93,0.7828,3,0,4,success,5,优先保障A级客户，并同时验证备用供应商产能、质量与运输可用性。,demo-rule-v1,expert-2026-06,2025-09-18T08:00:00+08:00
CASE-000291,EVT-000045,质量召回-天津-045,接受短期停线+控制现金成本,48,57.63,23494.24,17822.45,0.7499,23,2,4,success,4,优先保障A级客户，并同时验证备用供应商产能、质量与运输可用性。,demo-rule-v1,expert-2026-06,2025-06-23T08:00:00+08:00
CASE-000292,EVT-000228,运输节点中断-东莞-228,库存重分配+客户分级沟通,12,17.1,739411.15,871915.33,0.8395,28,1,5,success,4,优先保障A级客户，并同时验证备用供应商产能、质量与运输可用性。,demo-rule-v1,expert-2026-06,2025-08-21T08:00:00+08:00
CASE-000293,EVT-000187,质量召回-上海-187,紧急采购+生产计划调整,72,90.2,764458.81,898240.79,0.52,37,5,18,partial_success,4,优先保障A级客户，并同时验证备用供应商产能、质量与运输可用性。,demo-rule-v1,expert-2026-06,2026-01-09T08:00:00+08:00
CASE-000294,EVT-000113,供应商停产-东莞-113,接受短期停线+控制现金成本,48,72.11,134446.97,166013.42,0.5542,30,2,10,success,4,优先保障A级客户，并同时验证备用供应商产能、质量与运输可用性。,demo-rule-v1,expert-2026-06,2026-04-17T08:00:00+08:00
CASE-000295,EVT-000191,台风天气-合肥-191,双供应商分单+安全库存锁定,6,5.15,779472.82,608919.79,0.891,4,1,8,partial_success,4,优先保障A级客户，并同时验证备用供应商产能、质量与运输可用性。,demo-rule-v1,expert-2026-06,2025-08-10T08:00:00+08:00
CASE-000296,EVT-000038,区域限电-杭州-038,紧急采购+生产计划调整,72,49.59,605175.33,600280.31,0.8567,19,0,1,success,5,优先保障A级客户，并同时验证备用供应商产能、质量与运输可用性。,demo-rule-v1,expert-2026-06,2025-09-15T08:00:00+08:00
CASE-000297,EVT-000110,台风天气-杭州-110,紧急采购+生产计划调整,48,62.16,729151.61,703483.87,0.9318,14,3,6,partial_success,2,优先保障A级客户，并同时验证备用供应商产能、质量与运输可用性。,demo-rule-v1,expert-2026-06,2025-10-12T08:00:00+08:00
CASE-000298,EVT-000019,需求突增-杭州-019,接受短期停线+控制现金成本,72,117.78,700045.71,1047002.36,0.6139,42,4,19,failed,3,优先保障A级客户，并同时验证备用供应商产能、质量与运输可用性。,demo-rule-v1,expert-2026-06,2025-11-03T08:00:00+08:00
CASE-000299,EVT-000117,港口停运-上海-117,铁路替代+延期交付,6,5.36,520837.03,632734.48,0.7688,27,3,9,partial_success,3,优先保障A级客户，并同时验证备用供应商产能、质量与运输可用性。,demo-rule-v1,expert-2026-06,2026-01-20T08:00:00+08:00
CASE-000300,EVT-000009,需求突增-成都-009,库存重分配+客户分级沟通,48,57.45,642247.29,641178.16,0.7141,22,3,9,success,4,优先保障A级客户，并同时验证备用供应商产能、质量与运输可用性。,demo-rule-v1,expert-2026-06,2026-01-09T08:00:00+08:00
CASE-000301,EVT-000111,运输节点中断-杭州-111,紧急采购+生产计划调整,24,41.12,445224.35,674407.51,0.7172,21,1,12,partial_success,3,优先保障A级客户，并同时验证备用供应商产能、质量与运输可用性。,demo-rule-v1,expert-2026-06,2025-11-14T08:00:00+08:00
CASE-000302,EVT-000178,区域限电-武汉-178,接受短期停线+控制现金成本,12,20.96,869766.05,1648854.23,0.52,32,3,15,failed,3,优先保障A级客户，并同时验证备用供应商产能、质量与运输可用性。,demo-rule-v1,expert-2026-06,2025-07-01T08:00:00+08:00
CASE-000303,EVT-000069,区域限电-苏州-069,双供应商分单+安全库存锁定,48,68.44,263583.07,446085.07,0.684,25,3,9,success,5,优先保障A级客户，并同时验证备用供应商产能、质量与运输可用性。,demo-rule-v1,expert-2026-06,2026-03-09T08:00:00+08:00
CASE-000304,EVT-000240,运输节点中断-宁波-240,库存重分配+客户分级沟通,72,62.96,659214.98,808398.64,0.8771,14,1,7,partial_success,2,优先保障A级客户，并同时验证备用供应商产能、质量与运输可用性。,demo-rule-v1,expert-2026-06,2025-08-01T08:00:00+08:00
CASE-000305,EVT-000143,质量召回-苏州-143,库存重分配+客户分级沟通,36,30.92,92356.11,70660.44,0.7956,18,0,1,success,4,优先保障A级客户，并同时验证备用供应商产能、质量与运输可用性。,demo-rule-v1,expert-2026-06,2025-09-05T08:00:00+08:00
CASE-000306,EVT-000029,需求突增-武汉-029,接受短期停线+控制现金成本,72,40.96,686680.15,700457.7,0.8144,12,3,9,partial_success,3,优先保障A级客户，并同时验证备用供应商产能、质量与运输可用性。,demo-rule-v1,expert-2026-06,2025-07-13T08:00:00+08:00
CASE-000307,EVT-000020,供应商停产-上海-020,接受短期停线+控制现金成本,72,93.8,436261.97,505667.19,0.8451,14,1,2,success,3,优先保障A级客户，并同时验证备用供应商产能、质量与运输可用性。,demo-rule-v1,expert-2026-06,2025-06-29T08:00:00+08:00
CASE-000308,EVT-000113,供应商停产-东莞-113,接受短期停线+控制现金成本,12,15.39,508517.21,587712.99,0.6661,19,2,10,partial_success,4,优先保障A级客户，并同时验证备用供应商产能、质量与运输可用性。,demo-rule-v1,expert-2026-06,2025-12-09T08:00:00+08:00
CASE-000309,EVT-000061,区域限电-成都-061,库存重分配+客户分级沟通,72,63.81,248883.91,249447.32,0.7394,17,3,14,partial_success,4,优先保障A级客户，并同时验证备用供应商产能、质量与运输可用性。,demo-rule-v1,expert-2026-06,2025-10-26T08:00:00+08:00
CASE-000310,EVT-000006,运输节点中断-合肥-006,铁路替代+延期交付,36,70.02,36043.43,58746.4,0.52,46,3,17,failed,2,优先保障A级客户，并同时验证备用供应商产能、质量与运输可用性。,demo-rule-v1,expert-2026-06,2025-08-08T08:00:00+08:00
CASE-000311,EVT-000164,需求突增-天津-164,铁路替代+延期交付,48,46.63,280918.3,263733.06,0.7783,25,2,10,success,4,优先保障A级客户，并同时验证备用供应商产能、质量与运输可用性。,demo-rule-v1,expert-2026-06,2025-09-12T08:00:00+08:00
CASE-000312,EVT-000057,区域限电-宁波-057,双供应商分单+安全库存锁定,72,72.38,827149.27,588963.36,0.761,21,0,1,success,3,优先保障A级客户，并同时验证备用供应商产能、质量与运输可用性。,demo-rule-v1,expert-2026-06,2026-03-19T08:00:00+08:00
CASE-000313,EVT-000002,海关查验延误-苏州-002,库存重分配+客户分级沟通,36,51.1,181825.36,286870.26,0.567,34,2,13,failed,2,优先保障A级客户，并同时验证备用供应商产能、质量与运输可用性。,demo-rule-v1,expert-2026-06,2025-11-03T08:00:00+08:00
CASE-000314,EVT-000099,质量召回-宁波-099,库存重分配+客户分级沟通,36,57.63,595899.03,847949.36,0.5621,37,2,16,failed,2,优先保障A级客户，并同时验证备用供应商产能、质量与运输可用性。,demo-rule-v1,expert-2026-06,2025-10-03T08:00:00+08:00
CASE-000315,EVT-000048,区域限电-青岛-048,关键订单空运+备用供应商补货,24,37.02,583275.79,737429.66,0.723,20,2,10,success,5,优先保障A级客户，并同时验证备用供应商产能、质量与运输可用性。,demo-rule-v1,expert-2026-06,2025-11-23T08:00:00+08:00
CASE-000316,EVT-000061,区域限电-成都-061,接受短期停线+控制现金成本,24,25.68,32555.32,24477.1,0.7699,17,0,0,success,3,优先保障A级客户，并同时验证备用供应商产能、质量与运输可用性。,demo-rule-v1,expert-2026-06,2025-12-13T08:00:00+08:00
CASE-000317,EVT-000234,质量召回-东莞-234,接受短期停线+控制现金成本,12,7.36,666662.1,514461.16,0.8538,0,1,5,success,4,优先保障A级客户，并同时验证备用供应商产能、质量与运输可用性。,demo-rule-v1,expert-2026-06,2025-12-13T08:00:00+08:00
CASE-000318,EVT-000041,海关查验延误-武汉-041,铁路替代+延期交付,12,8.74,290045.61,131507.09,0.8848,2,0,0,success,5,优先保障A级客户，并同时验证备用供应商产能、质量与运输可用性。,demo-rule-v1,expert-2026-06,2025-09-11T08:00:00+08:00
CASE-000319,EVT-000076,海关查验延误-青岛-076,紧急采购+生产计划调整,48,57.76,460291.06,625210.68,0.52,31,1,4,success,5,优先保障A级客户，并同时验证备用供应商产能、质量与运输可用性。,demo-rule-v1,expert-2026-06,2025-08-05T08:00:00+08:00
CASE-000320,EVT-000237,需求突增-苏州-237,紧急采购+生产计划调整,12,16.27,250647.68,295365.02,0.693,6,3,10,success,3,优先保障A级客户，并同时验证备用供应商产能、质量与运输可用性。,demo-rule-v1,expert-2026-06,2025-12-20T08:00:00+08:00
CASE-000321,EVT-000214,区域限电-宁波-214,双供应商分单+安全库存锁定,6,3.93,185861.52,107188.59,1.0,9,0,3,success,2,优先保障A级客户，并同时验证备用供应商产能、质量与运输可用性。,demo-rule-v1,expert-2026-06,2026-01-24T08:00:00+08:00
CASE-000322,EVT-000072,港口停运-东莞-072,紧急采购+生产计划调整,36,38.75,336658.66,340019.11,0.8881,18,1,10,partial_success,3,优先保障A级客户，并同时验证备用供应商产能、质量与运输可用性。,demo-rule-v1,expert-2026-06,2025-10-30T08:00:00+08:00
CASE-000323,EVT-000173,港口停运-东莞-173,紧急采购+生产计划调整,6,7.85,394352.46,518940.98,0.5556,36,3,8,partial_success,3,优先保障A级客户，并同时验证备用供应商产能、质量与运输可用性。,demo-rule-v1,expert-2026-06,2025-11-20T08:00:00+08:00
CASE-000324,EVT-000166,区域限电-成都-166,双供应商分单+安全库存锁定,72,55.17,582480.3,695935.67,0.8796,19,0,0,success,3,优先保障A级客户，并同时验证备用供应商产能、质量与运输可用性。,demo-rule-v1,expert-2026-06,2026-03-05T08:00:00+08:00
CASE-000325,EVT-000198,供应商停产-青岛-198,关键订单空运+备用供应商补货,48,57.43,446227.17,683787.34,0.7253,28,3,18,failed,1,优先保障A级客户，并同时验证备用供应商产能、质量与运输可用性。,demo-rule-v1,expert-2026-06,2025-12-26T08:00:00+08:00
CASE-000326,EVT-000160,质量召回-宁波-160,接受短期停线+控制现金成本,12,4.26,336881.8,141490.36,1.0,0,0,2,success,4,优先保障A级客户，并同时验证备用供应商产能、质量与运输可用性。,demo-rule-v1,expert-2026-06,2026-06-12T08:00:00+08:00
CASE-000327,EVT-000187,质量召回-上海-187,双供应商分单+安全库存锁定,24,18.29,403466.18,445492.41,0.8734,16,0,2,success,5,优先保障A级客户，并同时验证备用供应商产能、质量与运输可用性。,demo-rule-v1,expert-2026-06,2025-09-01T08:00:00+08:00
CASE-000328,EVT-000054,运输节点中断-成都-054,接受短期停线+控制现金成本,6,4.58,817596.35,993936.24,0.7378,8,3,13,partial_success,4,优先保障A级客户，并同时验证备用供应商产能、质量与运输可用性。,demo-rule-v1,expert-2026-06,2026-01-05T08:00:00+08:00
CASE-000329,EVT-000014,运输节点中断-苏州-014,接受短期停线+控制现金成本,36,34.89,469784.67,343545.51,0.7495,3,0,2,success,4,优先保障A级客户，并同时验证备用供应商产能、质量与运输可用性。,demo-rule-v1,expert-2026-06,2026-06-12T08:00:00+08:00
CASE-000330,EVT-000062,港口停运-青岛-062,铁路替代+延期交付,6,6.2,771361.1,742013.69,0.7391,24,2,15,failed,4,优先保障A级客户，并同时验证备用供应商产能、质量与运输可用性。,demo-rule-v1,expert-2026-06,2025-08-29T08:00:00+08:00
CASE-000331,EVT-000154,运输节点中断-成都-154,库存重分配+客户分级沟通,36,44.03,531715.82,555199.05,0.8109,12,2,15,failed,3,优先保障A级客户，并同时验证备用供应商产能、质量与运输可用性。,demo-rule-v1,expert-2026-06,2025-08-30T08:00:00+08:00
CASE-000332,EVT-000111,运输节点中断-杭州-111,接受短期停线+控制现金成本,48,60.71,414399.94,174047.97,0.7012,27,2,12,success,5,优先保障A级客户，并同时验证备用供应商产能、质量与运输可用性。,demo-rule-v1,expert-2026-06,2025-11-30T08:00:00+08:00
CASE-000333,EVT-000188,海关查验延误-上海-188,铁路替代+延期交付,48,57.7,651610.75,775061.53,0.7313,25,3,11,partial_success,5,优先保障A级客户，并同时验证备用供应商产能、质量与运输可用性。,demo-rule-v1,expert-2026-06,2025-10-23T08:00:00+08:00
CASE-000334,EVT-000109,需求突增-杭州-109,库存重分配+客户分级沟通,24,45.24,880986.3,1254793.43,0.52,23,3,13,partial_success,5,优先保障A级客户，并同时验证备用供应商产能、质量与运输可用性。,demo-rule-v1,expert-2026-06,2025-10-21T08:00:00+08:00
CASE-000335,EVT-000007,需求突增-成都-007,双供应商分单+安全库存锁定,36,40.14,527609.24,560057.53,0.6653,27,3,18,partial_success,4,优先保障A级客户，并同时验证备用供应商产能、质量与运输可用性。,demo-rule-v1,expert-2026-06,2026-06-08T08:00:00+08:00
CASE-000336,EVT-000189,需求突增-武汉-189,铁路替代+延期交付,6,6.77,66949.44,77448.46,0.6822,12,0,4,success,4,优先保障A级客户，并同时验证备用供应商产能、质量与运输可用性。,demo-rule-v1,expert-2026-06,2026-02-06T08:00:00+08:00
CASE-000337,EVT-000176,供应商停产-成都-176,接受短期停线+控制现金成本,72,105.28,35727.46,47337.73,0.671,25,4,19,failed,2,优先保障A级客户，并同时验证备用供应商产能、质量与运输可用性。,demo-rule-v1,expert-2026-06,2025-06-27T08:00:00+08:00
CASE-000338,EVT-000032,台风天气-成都-032,库存重分配+客户分级沟通,24,14.24,547617.77,491431.89,0.8192,16,0,4,success,3,优先保障A级客户，并同时验证备用供应商产能、质量与运输可用性。,demo-rule-v1,expert-2026-06,2026-05-24T08:00:00+08:00
CASE-000339,EVT-000050,海关查验延误-上海-050,双供应商分单+安全库存锁定,72,101.59,350806.05,357363.94,0.7943,21,1,8,success,4,优先保障A级客户，并同时验证备用供应商产能、质量与运输可用性。,demo-rule-v1,expert-2026-06,2025-08-14T08:00:00+08:00
CASE-000340,EVT-000206,港口停运-成都-206,紧急采购+生产计划调整,36,33.09,804436.36,584950.27,0.8279,14,0,0,success,4,优先保障A级客户，并同时验证备用供应商产能、质量与运输可用性。,demo-rule-v1,expert-2026-06,2025-06-29T08:00:00+08:00
CASE-000341,EVT-000065,需求突增-青岛-065,接受短期停线+控制现金成本,12,10.54,573552.61,677086.08,0.8337,14,3,12,partial_success,2,优先保障A级客户，并同时验证备用供应商产能、质量与运输可用性。,demo-rule-v1,expert-2026-06,2025-10-16T08:00:00+08:00
CASE-000342,EVT-000172,质量召回-天津-172,双供应商分单+安全库存锁定,12,9.49,672765.26,333569.99,1.0,7,0,1,success,4,优先保障A级客户，并同时验证备用供应商产能、质量与运输可用性。,demo-rule-v1,expert-2026-06,2025-10-30T08:00:00+08:00
CASE-000343,EVT-000021,运输节点中断-上海-021,铁路替代+延期交付,12,13.3,437614.05,373983.79,0.7196,25,1,10,success,4,优先保障A级客户，并同时验证备用供应商产能、质量与运输可用性。,demo-rule-v1,expert-2026-06,2025-07-29T08:00:00+08:00
CASE-000344,EVT-000174,海关查验延误-宁波-174,双供应商分单+安全库存锁定,6,6.81,680283.18,647504.5,0.8967,14,1,5,success,5,优先保障A级客户，并同时验证备用供应商产能、质量与运输可用性。,demo-rule-v1,expert-2026-06,2026-05-09T08:00:00+08:00
CASE-000345,EVT-000105,港口停运-天津-105,关键订单空运+备用供应商补货,6,4.7,625690.18,471104.5,0.8624,12,0,7,success,4,优先保障A级客户，并同时验证备用供应商产能、质量与运输可用性。,demo-rule-v1,expert-2026-06,2026-02-04T08:00:00+08:00
CASE-000346,EVT-000034,区域限电-东莞-034,铁路替代+延期交付,72,105.55,434818.63,382353.17,0.9756,16,0,4,success,4,优先保障A级客户，并同时验证备用供应商产能、质量与运输可用性。,demo-rule-v1,expert-2026-06,2026-03-30T08:00:00+08:00
CASE-000347,EVT-000221,运输节点中断-武汉-221,库存重分配+客户分级沟通,36,26.1,248604.2,300247.18,0.8154,18,0,8,success,3,优先保障A级客户，并同时验证备用供应商产能、质量与运输可用性。,demo-rule-v1,expert-2026-06,2026-03-19T08:00:00+08:00
CASE-000348,EVT-000108,台风天气-杭州-108,关键订单空运+备用供应商补货,36,87.58,415098.6,759225.33,0.52,38,4,17,failed,2,优先保障A级客户，并同时验证备用供应商产能、质量与运输可用性。,demo-rule-v1,expert-2026-06,2026-04-27T08:00:00+08:00
CASE-000349,EVT-000035,质量召回-宁波-035,接受短期停线+控制现金成本,6,2.24,598807.56,251499.18,0.945,0,2,7,success,5,优先保障A级客户，并同时验证备用供应商产能、质量与运输可用性。,demo-rule-v1,expert-2026-06,2025-09-25T08:00:00+08:00
CASE-000350,EVT-000118,区域限电-成都-118,库存重分配+客户分级沟通,48,38.58,745254.3,757205.2,0.8708,20,2,9,partial_success,4,优先保障A级客户，并同时验证备用供应商产能、质量与运输可用性。,demo-rule-v1,expert-2026-06,2026-01-08T08:00:00+08:00
CASE-000351,EVT-000043,运输节点中断-天津-043,接受短期停线+控制现金成本,72,116.24,289165.96,290930.87,0.762,15,1,11,partial_success,2,优先保障A级客户，并同时验证备用供应商产能、质量与运输可用性。,demo-rule-v1,expert-2026-06,2025-12-16T08:00:00+08:00
CASE-000352,EVT-000197,海关查验延误-东莞-197,双供应商分单+安全库存锁定,6,4.18,572012.9,558530.6,0.849,13,0,0,success,3,优先保障A级客户，并同时验证备用供应商产能、质量与运输可用性。,demo-rule-v1,expert-2026-06,2026-03-25T08:00:00+08:00
CASE-000353,EVT-000119,需求突增-宁波-119,铁路替代+延期交付,72,41.64,42134.06,42547.68,0.8831,0,0,6,success,4,优先保障A级客户，并同时验证备用供应商产能、质量与运输可用性。,demo-rule-v1,expert-2026-06,2026-02-18T08:00:00+08:00
CASE-000354,EVT-000162,运输节点中断-天津-162,接受短期停线+控制现金成本,48,48.37,267372.45,247489.04,0.8165,13,0,0,success,3,优先保障A级客户，并同时验证备用供应商产能、质量与运输可用性。,demo-rule-v1,expert-2026-06,2026-06-02T08:00:00+08:00
CASE-000355,EVT-000081,港口停运-杭州-081,接受短期停线+控制现金成本,72,57.87,386561.74,184085.27,0.9111,23,1,4,success,5,优先保障A级客户，并同时验证备用供应商产能、质量与运输可用性。,demo-rule-v1,expert-2026-06,2025-07-03T08:00:00+08:00
CASE-000356,EVT-000004,供应商停产-东莞-004,铁路替代+延期交付,6,4.16,861172.02,361692.25,1.0,0,2,4,success,4,优先保障A级客户，并同时验证备用供应商产能、质量与运输可用性。,demo-rule-v1,expert-2026-06,2025-12-21T08:00:00+08:00
CASE-000357,EVT-000116,区域限电-东莞-116,紧急采购+生产计划调整,12,2.16,406668.62,361648.12,1.0,6,2,2,success,5,优先保障A级客户，并同时验证备用供应商产能、质量与运输可用性。,demo-rule-v1,expert-2026-06,2025-11-30T08:00:00+08:00
CASE-000358,EVT-000151,海关查验延误-成都-151,接受短期停线+控制现金成本,48,55.64,583665.95,716902.08,0.6721,18,2,16,failed,1,优先保障A级客户，并同时验证备用供应商产能、质量与运输可用性。,demo-rule-v1,expert-2026-06,2025-09-10T08:00:00+08:00
CASE-000359,EVT-000088,港口停运-天津-088,库存重分配+客户分级沟通,24,24.7,117145.78,93224.84,0.7654,20,0,4,success,3,优先保障A级客户，并同时验证备用供应商产能、质量与运输可用性。,demo-rule-v1,expert-2026-06,2025-07-03T08:00:00+08:00
CASE-000360,EVT-000194,需求突增-宁波-194,铁路替代+延期交付,6,6.56,567649.34,738360.5,0.7067,21,4,14,partial_success,2,优先保障A级客户，并同时验证备用供应商产能、质量与运输可用性。,demo-rule-v1,expert-2026-06,2025-08-08T08:00:00+08:00
CASE-000361,EVT-000024,质量召回-青岛-024,双供应商分单+安全库存锁定,36,12.53,558247.49,272801.29,1.0,0,1,0,success,4,优先保障A级客户，并同时验证备用供应商产能、质量与运输可用性。,demo-rule-v1,expert-2026-06,2026-02-09T08:00:00+08:00
CASE-000362,EVT-000127,质量召回-天津-127,铁路替代+延期交付,72,112.96,545704.07,685511.18,0.5528,44,4,16,failed,2,优先保障A级客户，并同时验证备用供应商产能、质量与运输可用性。,demo-rule-v1,expert-2026-06,2025-10-07T08:00:00+08:00
CASE-000363,EVT-000032,台风天气-成都-032,库存重分配+客户分级沟通,36,66.34,768695.94,1328001.38,0.5658,19,1,11,partial_success,2,优先保障A级客户，并同时验证备用供应商产能、质量与运输可用性。,demo-rule-v1,expert-2026-06,2026-04-21T08:00:00+08:00
CASE-000364,EVT-000238,运输节点中断-杭州-238,双供应商分单+安全库存锁定,72,98.06,191486.4,305832.22,0.6886,28,1,11,partial_success,3,优先保障A级客户，并同时验证备用供应商产能、质量与运输可用性。,demo-rule-v1,expert-2026-06,2025-06-22T08:00:00+08:00
CASE-000365,EVT-000230,运输节点中断-成都-230,关键订单空运+备用供应商补货,72,60.42,855696.28,565795.75,1.0,5,0,1,success,5,优先保障A级客户，并同时验证备用供应商产能、质量与运输可用性。,demo-rule-v1,expert-2026-06,2026-05-10T08:00:00+08:00
CASE-000366,EVT-000046,区域限电-东莞-046,铁路替代+延期交付,12,21.66,643848.52,1025600.17,0.5592,4,2,13,partial_success,2,优先保障A级客户，并同时验证备用供应商产能、质量与运输可用性。,demo-rule-v1,expert-2026-06,2025-11-05T08:00:00+08:00
CASE-000367,EVT-000054,运输节点中断-成都-054,紧急采购+生产计划调整,24,30.33,511747.27,348051.15,0.7741,22,2,8,success,4,优先保障A级客户，并同时验证备用供应商产能、质量与运输可用性。,demo-rule-v1,expert-2026-06,2025-09-07T08:00:00+08:00
CASE-000368,EVT-000144,区域限电-成都-144,紧急采购+生产计划调整,36,17.12,666550.67,279951.28,1.0,0,0,1,success,4,优先保障A级客户，并同时验证备用供应商产能、质量与运输可用性。,demo-rule-v1,expert-2026-06,2025-10-01T08:00:00+08:00
CASE-000369,EVT-000164,需求突增-天津-164,双供应商分单+安全库存锁定,6,8.17,484439.74,695011.25,0.52,21,2,11,success,5,优先保障A级客户，并同时验证备用供应商产能、质量与运输可用性。,demo-rule-v1,expert-2026-06,2026-06-01T08:00:00+08:00
CASE-000370,EVT-000095,需求突增-武汉-095,铁路替代+延期交付,12,7.11,306129.53,341281.13,0.884,12,3,12,partial_success,4,优先保障A级客户，并同时验证备用供应商产能、质量与运输可用性。,demo-rule-v1,expert-2026-06,2026-05-09T08:00:00+08:00
CASE-000371,EVT-000187,质量召回-上海-187,关键订单空运+备用供应商补货,72,69.46,45134.24,28704.02,0.8709,23,0,2,success,4,优先保障A级客户，并同时验证备用供应商产能、质量与运输可用性。,demo-rule-v1,expert-2026-06,2025-09-05T08:00:00+08:00
CASE-000372,EVT-000153,运输节点中断-苏州-153,双供应商分单+安全库存锁定,24,23.03,597253.85,568453.19,0.8421,19,3,11,partial_success,3,优先保障A级客户，并同时验证备用供应商产能、质量与运输可用性。,demo-rule-v1,expert-2026-06,2025-07-01T08:00:00+08:00
CASE-000373,EVT-000038,区域限电-杭州-038,紧急采购+生产计划调整,48,44.66,83788.9,64684.55,0.9725,19,0,6,success,5,优先保障A级客户，并同时验证备用供应商产能、质量与运输可用性。,demo-rule-v1,expert-2026-06,2026-04-24T08:00:00+08:00
CASE-000374,EVT-000206,港口停运-成都-206,双供应商分单+安全库存锁定,48,51.71,117719.48,119392.91,0.8033,17,3,10,partial_success,4,优先保障A级客户，并同时验证备用供应商产能、质量与运输可用性。,demo-rule-v1,expert-2026-06,2026-06-14T08:00:00+08:00
CASE-000375,EVT-000083,港口停运-上海-083,接受短期停线+控制现金成本,72,79.89,413125.91,539578.15,0.7438,18,1,6,success,5,优先保障A级客户，并同时验证备用供应商产能、质量与运输可用性。,demo-rule-v1,expert-2026-06,2025-12-05T08:00:00+08:00
CASE-000376,EVT-000150,需求突增-苏州-150,接受短期停线+控制现金成本,12,11.87,376902.24,383492.88,0.8362,39,2,5,success,5,优先保障A级客户，并同时验证备用供应商产能、质量与运输可用性。,demo-rule-v1,expert-2026-06,2025-11-13T08:00:00+08:00
CASE-000377,EVT-000030,供应商停产-武汉-030,关键订单空运+备用供应商补货,24,24.74,758002.53,842750.46,0.7346,12,3,23,failed,2,优先保障A级客户，并同时验证备用供应商产能、质量与运输可用性。,demo-rule-v1,expert-2026-06,2026-05-26T08:00:00+08:00
CASE-000378,EVT-000124,区域限电-上海-124,接受短期停线+控制现金成本,36,37.64,864548.25,863763.63,0.921,13,2,7,success,5,优先保障A级客户，并同时验证备用供应商产能、质量与运输可用性。,demo-rule-v1,expert-2026-06,2026-05-29T08:00:00+08:00
CASE-000379,EVT-000227,供应商停产-上海-227,关键订单空运+备用供应商补货,72,44.42,30843.68,16264.09,0.7659,23,0,2,success,5,优先保障A级客户，并同时验证备用供应商产能、质量与运输可用性。,demo-rule-v1,expert-2026-06,2026-05-07T08:00:00+08:00
CASE-000380,EVT-000043,运输节点中断-天津-043,关键订单空运+备用供应商补货,36,24.87,659696.43,333057.35,1.0,6,1,8,success,3,优先保障A级客户，并同时验证备用供应商产能、质量与运输可用性。,demo-rule-v1,expert-2026-06,2026-02-19T08:00:00+08:00
CASE-000381,EVT-000051,区域限电-合肥-051,双供应商分单+安全库存锁定,24,30.81,488975.88,531042.21,0.7555,15,1,7,partial_success,4,优先保障A级客户，并同时验证备用供应商产能、质量与运输可用性。,demo-rule-v1,expert-2026-06,2025-08-13T08:00:00+08:00
CASE-000382,EVT-000175,区域限电-苏州-175,关键订单空运+备用供应商补货,12,9.46,528853.48,607770.65,0.8728,24,2,13,partial_success,3,优先保障A级客户，并同时验证备用供应商产能、质量与运输可用性。,demo-rule-v1,expert-2026-06,2026-04-02T08:00:00+08:00
CASE-000383,EVT-000102,运输节点中断-杭州-102,双供应商分单+安全库存锁定,36,24.01,841121.1,667001.74,0.8344,0,0,0,success,4,优先保障A级客户，并同时验证备用供应商产能、质量与运输可用性。,demo-rule-v1,expert-2026-06,2025-06-19T08:00:00+08:00
CASE-000384,EVT-000217,运输节点中断-天津-217,紧急采购+生产计划调整,12,24.09,25622.68,39548.85,0.52,34,5,20,failed,2,优先保障A级客户，并同时验证备用供应商产能、质量与运输可用性。,demo-rule-v1,expert-2026-06,2025-10-19T08:00:00+08:00
CASE-000385,EVT-000102,运输节点中断-杭州-102,关键订单空运+备用供应商补货,72,54.18,779165.38,475971.63,0.9953,5,2,10,failed,2,优先保障A级客户，并同时验证备用供应商产能、质量与运输可用性。,demo-rule-v1,expert-2026-06,2025-10-25T08:00:00+08:00
CASE-000386,EVT-000031,供应商停产-苏州-031,紧急采购+生产计划调整,24,35.47,851008.51,1251711.34,0.52,41,3,13,failed,1,优先保障A级客户，并同时验证备用供应商产能、质量与运输可用性。,demo-rule-v1,expert-2026-06,2025-07-31T08:00:00+08:00
CASE-000387,EVT-000068,海关查验延误-武汉-068,紧急采购+生产计划调整,72,84.34,362574.37,329910.13,0.8596,16,1,0,success,3,优先保障A级客户，并同时验证备用供应商产能、质量与运输可用性。,demo-rule-v1,expert-2026-06,2026-02-25T08:00:00+08:00
CASE-000388,EVT-000193,区域限电-宁波-193,铁路替代+延期交付,24,35.95,642565.23,695823.69,0.74,27,1,9,partial_success,4,优先保障A级客户，并同时验证备用供应商产能、质量与运输可用性。,demo-rule-v1,expert-2026-06,2025-08-05T08:00:00+08:00
CASE-000389,EVT-000240,运输节点中断-宁波-240,紧急采购+生产计划调整,36,51.91,585898.84,819894.57,0.8131,13,1,0,success,5,优先保障A级客户，并同时验证备用供应商产能、质量与运输可用性。,demo-rule-v1,expert-2026-06,2025-07-12T08:00:00+08:00
CASE-000390,EVT-000029,需求突增-武汉-029,紧急采购+生产计划调整,48,57.79,886680.0,1213398.21,0.8056,16,0,4,partial_success,3,优先保障A级客户，并同时验证备用供应商产能、质量与运输可用性。,demo-rule-v1,expert-2026-06,2026-01-16T08:00:00+08:00
CASE-000391,EVT-000091,海关查验延误-杭州-091,紧急采购+生产计划调整,12,16.06,260708.19,316651.14,0.5899,21,4,19,failed,2,优先保障A级客户，并同时验证备用供应商产能、质量与运输可用性。,demo-rule-v1,expert-2026-06,2026-02-12T08:00:00+08:00
CASE-000392,EVT-000118,区域限电-成都-118,紧急采购+生产计划调整,24,30.19,319847.81,465459.61,0.52,30,3,12,failed,2,优先保障A级客户，并同时验证备用供应商产能、质量与运输可用性。,demo-rule-v1,expert-2026-06,2026-01-23T08:00:00+08:00
CASE-000393,EVT-000132,质量召回-青岛-132,双供应商分单+安全库存锁定,72,73.5,817198.47,890531.66,0.7494,12,0,1,success,4,优先保障A级客户，并同时验证备用供应商产能、质量与运输可用性。,demo-rule-v1,expert-2026-06,2025-08-25T08:00:00+08:00
CASE-000394,EVT-000096,供应商停产-武汉-096,双供应商分单+安全库存锁定,6,7.91,331775.08,324873.93,0.6938,23,3,12,success,5,优先保障A级客户，并同时验证备用供应商产能、质量与运输可用性。,demo-rule-v1,expert-2026-06,2025-11-22T08:00:00+08:00
CASE-000395,EVT-000110,台风天气-杭州-110,双供应商分单+安全库存锁定,24,31.33,202634.74,255258.52,0.8879,19,0,3,success,4,优先保障A级客户，并同时验证备用供应商产能、质量与运输可用性。,demo-rule-v1,expert-2026-06,2025-12-10T08:00:00+08:00
CASE-000396,EVT-000181,质量召回-青岛-181,关键订单空运+备用供应商补货,48,76.14,824127.11,1003763.0,0.7855,22,2,9,partial_success,4,优先保障A级客户，并同时验证备用供应商产能、质量与运输可用性。,demo-rule-v1,expert-2026-06,2025-09-06T08:00:00+08:00
CASE-000397,EVT-000069,区域限电-苏州-069,库存重分配+客户分级沟通,36,9.09,173765.1,98352.89,0.8906,6,1,4,success,4,优先保障A级客户，并同时验证备用供应商产能、质量与运输可用性。,demo-rule-v1,expert-2026-06,2026-05-06T08:00:00+08:00
CASE-000398,EVT-000121,台风天气-合肥-121,库存重分配+客户分级沟通,72,51.02,184046.97,156540.75,1.0,11,0,0,success,5,优先保障A级客户，并同时验证备用供应商产能、质量与运输可用性。,demo-rule-v1,expert-2026-06,2026-02-07T08:00:00+08:00
CASE-000399,EVT-000067,质量召回-东莞-067,库存重分配+客户分级沟通,48,41.3,524467.26,233756.12,1.0,16,1,2,success,4,优先保障A级客户，并同时验证备用供应商产能、质量与运输可用性。,demo-rule-v1,expert-2026-06,2025-12-02T08:00:00+08:00
CASE-000400,EVT-000095,需求突增-武汉-095,铁路替代+延期交付,24,29.61,755237.51,918214.06,0.5855,32,3,17,failed,2,优先保障A级客户，并同时验证备用供应商产能、质量与运输可用性。,demo-rule-v1,expert-2026-06,2026-02-26T08:00:00+08:00
CASE-000401,EVT-000126,运输节点中断-杭州-126,接受短期停线+控制现金成本,72,98.59,654251.06,674921.53,0.8471,17,0,3,success,5,优先保障A级客户，并同时验证备用供应商产能、质量与运输可用性。,demo-rule-v1,expert-2026-06,2026-05-13T08:00:00+08:00
CASE-000402,EVT-000150,需求突增-苏州-150,双供应商分单+安全库存锁定,12,17.46,88011.25,103101.82,0.7341,35,1,6,success,4,优先保障A级客户，并同时验证备用供应商产能、质量与运输可用性。,demo-rule-v1,expert-2026-06,2026-05-09T08:00:00+08:00
CASE-000403,EVT-000222,质量召回-青岛-222,紧急采购+生产计划调整,72,61.95,266809.25,230670.23,0.7785,25,2,9,success,4,优先保障A级客户，并同时验证备用供应商产能、质量与运输可用性。,demo-rule-v1,expert-2026-06,2026-01-30T08:00:00+08:00
CASE-000404,EVT-000025,海关查验延误-武汉-025,关键订单空运+备用供应商补货,12,4.21,314851.48,152758.74,0.9503,4,1,1,success,4,优先保障A级客户，并同时验证备用供应商产能、质量与运输可用性。,demo-rule-v1,expert-2026-06,2025-08-04T08:00:00+08:00
CASE-000405,EVT-000045,质量召回-天津-045,库存重分配+客户分级沟通,48,63.88,116856.13,153962.09,0.6945,17,1,6,success,5,优先保障A级客户，并同时验证备用供应商产能、质量与运输可用性。,demo-rule-v1,expert-2026-06,2025-10-24T08:00:00+08:00
CASE-000406,EVT-000150,需求突增-苏州-150,铁路替代+延期交付,12,9.5,825100.33,475615.89,1.0,9,0,2,success,4,优先保障A级客户，并同时验证备用供应商产能、质量与运输可用性。,demo-rule-v1,expert-2026-06,2026-05-29T08:00:00+08:00
CASE-000407,EVT-000023,海关查验延误-武汉-023,双供应商分单+安全库存锁定,48,69.84,533761.32,415417.69,0.6723,14,0,0,success,5,优先保障A级客户，并同时验证备用供应商产能、质量与运输可用性。,demo-rule-v1,expert-2026-06,2025-06-24T08:00:00+08:00
CASE-000408,EVT-000187,质量召回-上海-187,双供应商分单+安全库存锁定,24,23.86,200096.03,142218.83,0.8247,23,1,5,success,3,优先保障A级客户，并同时验证备用供应商产能、质量与运输可用性。,demo-rule-v1,expert-2026-06,2026-03-24T08:00:00+08:00
CASE-000409,EVT-000034,区域限电-东莞-034,接受短期停线+控制现金成本,12,12.27,500274.31,610311.89,0.7449,14,0,1,success,4,优先保障A级客户，并同时验证备用供应商产能、质量与运输可用性。,demo-rule-v1,expert-2026-06,2025-06-21T08:00:00+08:00
CASE-000410,EVT-000204,海关查验延误-上海-204,双供应商分单+安全库存锁定,6,7.47,250002.44,279199.31,0.53,32,3,17,failed,4,优先保障A级客户，并同时验证备用供应商产能、质量与运输可用性。,demo-rule-v1,expert-2026-06,2025-09-23T08:00:00+08:00
CASE-000411,EVT-000012,台风天气-青岛-012,双供应商分单+安全库存锁定,36,32.87,851476.72,779773.43,1.0,20,1,4,success,4,优先保障A级客户，并同时验证备用供应商产能、质量与运输可用性。,demo-rule-v1,expert-2026-06,2026-01-19T08:00:00+08:00
CASE-000412,EVT-000183,台风天气-成都-183,关键订单空运+备用供应商补货,36,41.86,231985.9,230636.44,0.7086,2,0,4,success,5,优先保障A级客户，并同时验证备用供应商产能、质量与运输可用性。,demo-rule-v1,expert-2026-06,2025-09-02T08:00:00+08:00
CASE-000413,EVT-000182,需求突增-天津-182,接受短期停线+控制现金成本,48,24.83,772018.52,581019.78,0.8694,0,0,0,success,5,优先保障A级客户，并同时验证备用供应商产能、质量与运输可用性。,demo-rule-v1,expert-2026-06,2026-03-08T08:00:00+08:00
CASE-000414,EVT-000020,供应商停产-上海-020,紧急采购+生产计划调整,36,47.88,125160.61,162854.14,0.5349,39,2,10,success,5,优先保障A级客户，并同时验证备用供应商产能、质量与运输可用性。,demo-rule-v1,expert-2026-06,2026-04-18T08:00:00+08:00
CASE-000415,EVT-000063,供应商停产-天津-063,接受短期停线+控制现金成本,48,31.84,321798.79,195911.64,0.9441,15,0,0,success,4,优先保障A级客户，并同时验证备用供应商产能、质量与运输可用性。,demo-rule-v1,expert-2026-06,2026-04-19T08:00:00+08:00
CASE-000416,EVT-000228,运输节点中断-东莞-228,库存重分配+客户分级沟通,12,11.27,683527.65,758762.12,0.9291,11,2,14,partial_success,3,优先保障A级客户，并同时验证备用供应商产能、质量与运输可用性。,demo-rule-v1,expert-2026-06,2025-10-20T08:00:00+08:00
CASE-000417,EVT-000021,运输节点中断-上海-021,铁路替代+延期交付,72,52.65,696053.2,572037.46,0.8166,18,2,13,partial_success,3,优先保障A级客户，并同时验证备用供应商产能、质量与运输可用性。,demo-rule-v1,expert-2026-06,2026-03-30T08:00:00+08:00
CASE-000418,EVT-000234,质量召回-东莞-234,接受短期停线+控制现金成本,6,2.99,308454.69,259734.0,0.8914,6,2,10,partial_success,3,优先保障A级客户，并同时验证备用供应商产能、质量与运输可用性。,demo-rule-v1,expert-2026-06,2026-02-13T08:00:00+08:00
CASE-000419,EVT-000043,运输节点中断-天津-043,关键订单空运+备用供应商补货,48,72.53,510525.27,758391.25,0.6454,45,3,14,failed,1,优先保障A级客户，并同时验证备用供应商产能、质量与运输可用性。,demo-rule-v1,expert-2026-06,2026-05-03T08:00:00+08:00
CASE-000420,EVT-000169,需求突增-东莞-169,库存重分配+客户分级沟通,24,10.86,804392.82,398084.82,1.0,0,1,1,success,5,优先保障A级客户，并同时验证备用供应商产能、质量与运输可用性。,demo-rule-v1,expert-2026-06,2025-09-27T08:00:00+08:00
CASE-000421,EVT-000189,需求突增-武汉-189,接受短期停线+控制现金成本,24,21.46,291253.8,332121.14,0.657,12,1,1,success,4,优先保障A级客户，并同时验证备用供应商产能、质量与运输可用性。,demo-rule-v1,expert-2026-06,2026-05-25T08:00:00+08:00
CASE-000422,EVT-000219,运输节点中断-成都-219,紧急采购+生产计划调整,12,5.16,185516.99,161707.12,0.9082,0,1,11,partial_success,4,优先保障A级客户，并同时验证备用供应商产能、质量与运输可用性。,demo-rule-v1,expert-2026-06,2025-12-19T08:00:00+08:00
CASE-000423,EVT-000148,需求突增-武汉-148,铁路替代+延期交付,12,2.16,134110.06,101669.71,1.0,9,0,1,success,5,优先保障A级客户，并同时验证备用供应商产能、质量与运输可用性。,demo-rule-v1,expert-2026-06,2025-10-08T08:00:00+08:00
CASE-000424,EVT-000240,运输节点中断-宁波-240,紧急采购+生产计划调整,36,52.07,589507.63,592428.78,0.7098,20,2,5,success,4,优先保障A级客户，并同时验证备用供应商产能、质量与运输可用性。,demo-rule-v1,expert-2026-06,2026-02-18T08:00:00+08:00
CASE-000425,EVT-000181,质量召回-青岛-181,铁路替代+延期交付,36,48.89,271961.14,247723.71,0.8202,25,2,18,failed,3,优先保障A级客户，并同时验证备用供应商产能、质量与运输可用性。,demo-rule-v1,expert-2026-06,2025-11-02T08:00:00+08:00
CASE-000426,EVT-000185,需求突增-东莞-185,双供应商分单+安全库存锁定,72,90.77,717916.32,870491.26,0.7581,26,2,10,partial_success,2,优先保障A级客户，并同时验证备用供应商产能、质量与运输可用性。,demo-rule-v1,expert-2026-06,2026-06-06T08:00:00+08:00
CASE-000427,EVT-000103,区域限电-苏州-103,紧急采购+生产计划调整,48,28.31,210201.11,139600.18,0.7881,6,3,15,failed,1,优先保障A级客户，并同时验证备用供应商产能、质量与运输可用性。,demo-rule-v1,expert-2026-06,2025-10-23T08:00:00+08:00
CASE-000428,EVT-000130,海关查验延误-成都-130,双供应商分单+安全库存锁定,6,1.08,711281.32,576772.54,0.9032,3,0,3,success,5,优先保障A级客户，并同时验证备用供应商产能、质量与运输可用性。,demo-rule-v1,expert-2026-06,2025-11-03T08:00:00+08:00
CASE-000429,EVT-000135,供应商停产-青岛-135,接受短期停线+控制现金成本,6,6.87,872352.41,923155.11,0.7739,8,2,4,success,3,优先保障A级客户，并同时验证备用供应商产能、质量与运输可用性。,demo-rule-v1,expert-2026-06,2025-09-28T08:00:00+08:00
CASE-000430,EVT-000204,海关查验延误-上海-204,关键订单空运+备用供应商补货,24,37.03,420690.84,480887.53,0.5775,23,3,11,failed,3,优先保障A级客户，并同时验证备用供应商产能、质量与运输可用性。,demo-rule-v1,expert-2026-06,2025-10-10T08:00:00+08:00
CASE-000431,EVT-000230,运输节点中断-成都-230,库存重分配+客户分级沟通,48,44.02,283102.33,320878.71,0.8172,7,4,11,partial_success,3,优先保障A级客户，并同时验证备用供应商产能、质量与运输可用性。,demo-rule-v1,expert-2026-06,2025-09-26T08:00:00+08:00
CASE-000432,EVT-000100,供应商停产-东莞-100,铁路替代+延期交付,24,22.76,255085.22,271302.71,0.7977,22,2,13,partial_success,3,优先保障A级客户，并同时验证备用供应商产能、质量与运输可用性。,demo-rule-v1,expert-2026-06,2025-12-25T08:00:00+08:00
CASE-000433,EVT-000159,区域限电-合肥-159,紧急采购+生产计划调整,12,8.43,362823.12,224493.65,0.7053,5,2,10,success,3,优先保障A级客户，并同时验证备用供应商产能、质量与运输可用性。,demo-rule-v1,expert-2026-06,2025-09-08T08:00:00+08:00
CASE-000434,EVT-000101,台风天气-成都-101,库存重分配+客户分级沟通,24,17.1,136075.32,109628.51,1.0,10,0,0,success,4,优先保障A级客户，并同时验证备用供应商产能、质量与运输可用性。,demo-rule-v1,expert-2026-06,2025-07-06T08:00:00+08:00
CASE-000435,EVT-000164,需求突增-天津-164,铁路替代+延期交付,24,11.95,186927.31,165338.07,0.9214,13,0,2,success,5,优先保障A级客户，并同时验证备用供应商产能、质量与运输可用性。,demo-rule-v1,expert-2026-06,2026-01-04T08:00:00+08:00
CASE-000436,EVT-000007,需求突增-成都-007,接受短期停线+控制现金成本,48,40.79,682410.55,978576.18,0.9872,0,0,0,success,5,优先保障A级客户，并同时验证备用供应商产能、质量与运输可用性。,demo-rule-v1,expert-2026-06,2025-11-04T08:00:00+08:00
CASE-000437,EVT-000149,海关查验延误-上海-149,铁路替代+延期交付,48,29.83,528245.18,402170.1,0.9871,0,1,4,success,4,优先保障A级客户，并同时验证备用供应商产能、质量与运输可用性。,demo-rule-v1,expert-2026-06,2026-03-04T08:00:00+08:00
CASE-000438,EVT-000144,区域限电-成都-144,关键订单空运+备用供应商补货,72,66.64,639012.38,290287.75,1.0,13,1,7,success,4,优先保障A级客户，并同时验证备用供应商产能、质量与运输可用性。,demo-rule-v1,expert-2026-06,2025-10-27T08:00:00+08:00
CASE-000439,EVT-000046,区域限电-东莞-046,库存重分配+客户分级沟通,6,5.95,512376.65,450723.66,0.7618,2,3,11,partial_success,4,优先保障A级客户，并同时验证备用供应商产能、质量与运输可用性。,demo-rule-v1,expert-2026-06,2026-04-14T08:00:00+08:00
CASE-000440,EVT-000105,港口停运-天津-105,双供应商分单+安全库存锁定,24,30.53,36758.97,40252.94,0.9068,3,0,2,success,3,优先保障A级客户，并同时验证备用供应商产能、质量与运输可用性。,demo-rule-v1,expert-2026-06,2025-11-07T08:00:00+08:00
CASE-000441,EVT-000020,供应商停产-上海-020,紧急采购+生产计划调整,36,46.94,750158.61,685011.44,0.7409,41,2,10,success,5,优先保障A级客户，并同时验证备用供应商产能、质量与运输可用性。,demo-rule-v1,expert-2026-06,2025-12-20T08:00:00+08:00
CASE-000442,EVT-000100,供应商停产-东莞-100,紧急采购+生产计划调整,6,7.8,106757.46,159812.32,0.6326,39,4,14,failed,4,优先保障A级客户，并同时验证备用供应商产能、质量与运输可用性。,demo-rule-v1,expert-2026-06,2026-05-13T08:00:00+08:00
CASE-000443,EVT-000184,海关查验延误-苏州-184,关键订单空运+备用供应商补货,72,70.39,321885.25,368264.31,0.709,28,2,8,success,4,优先保障A级客户，并同时验证备用供应商产能、质量与运输可用性。,demo-rule-v1,expert-2026-06,2025-11-30T08:00:00+08:00
CASE-000444,EVT-000155,海关查验延误-武汉-155,库存重分配+客户分级沟通,48,67.14,851638.49,999746.87,0.8357,0,2,8,partial_success,3,优先保障A级客户，并同时验证备用供应商产能、质量与运输可用性。,demo-rule-v1,expert-2026-06,2026-01-15T08:00:00+08:00
CASE-000445,EVT-000152,海关查验延误-苏州-152,铁路替代+延期交付,12,6.78,846349.56,619896.76,0.9198,5,1,6,partial_success,5,优先保障A级客户，并同时验证备用供应商产能、质量与运输可用性。,demo-rule-v1,expert-2026-06,2025-08-26T08:00:00+08:00
CASE-000446,EVT-000011,台风天气-杭州-011,库存重分配+客户分级沟通,6,6.75,510920.86,671676.02,0.6969,27,3,16,failed,2,优先保障A级客户，并同时验证备用供应商产能、质量与运输可用性。,demo-rule-v1,expert-2026-06,2026-04-03T08:00:00+08:00
CASE-000447,EVT-000189,需求突增-武汉-189,铁路替代+延期交付,12,7.41,298955.97,360932.11,0.8714,11,3,7,partial_success,4,优先保障A级客户，并同时验证备用供应商产能、质量与运输可用性。,demo-rule-v1,expert-2026-06,2026-04-02T08:00:00+08:00
CASE-000448,EVT-000023,海关查验延误-武汉-023,库存重分配+客户分级沟通,12,10.74,698832.43,881132.16,0.7889,19,2,10,partial_success,3,优先保障A级客户，并同时验证备用供应商产能、质量与运输可用性。,demo-rule-v1,expert-2026-06,2026-02-13T08:00:00+08:00
CASE-000449,EVT-000152,海关查验延误-苏州-152,库存重分配+客户分级沟通,48,33.18,626542.05,868076.24,0.6503,7,2,9,partial_success,2,优先保障A级客户，并同时验证备用供应商产能、质量与运输可用性。,demo-rule-v1,expert-2026-06,2026-05-18T08:00:00+08:00
CASE-000450,EVT-000184,海关查验延误-苏州-184,紧急采购+生产计划调整,36,52.58,407775.21,476066.49,0.52,24,3,15,partial_success,3,优先保障A级客户，并同时验证备用供应商产能、质量与运输可用性。,demo-rule-v1,expert-2026-06,2025-11-05T08:00:00+08:00
CASE-000451,EVT-000124,区域限电-上海-124,双供应商分单+安全库存锁定,48,39.7,867880.71,1000598.94,0.7746,35,2,10,partial_success,3,优先保障A级客户，并同时验证备用供应商产能、质量与运输可用性。,demo-rule-v1,expert-2026-06,2025-10-14T08:00:00+08:00
CASE-000452,EVT-000182,需求突增-天津-182,库存重分配+客户分级沟通,12,12.39,229131.49,232088.72,0.6561,2,2,1,success,4,优先保障A级客户，并同时验证备用供应商产能、质量与运输可用性。,demo-rule-v1,expert-2026-06,2026-02-14T08:00:00+08:00
CASE-000453,EVT-000210,台风天气-武汉-210,接受短期停线+控制现金成本,48,85.33,491464.61,973865.63,0.52,48,5,20,failed,2,优先保障A级客户，并同时验证备用供应商产能、质量与运输可用性。,demo-rule-v1,expert-2026-06,2025-09-28T08:00:00+08:00
CASE-000454,EVT-000172,质量召回-天津-172,铁路替代+延期交付,36,36.39,871504.77,794950.05,0.776,17,4,15,failed,2,优先保障A级客户，并同时验证备用供应商产能、质量与运输可用性。,demo-rule-v1,expert-2026-06,2025-08-05T08:00:00+08:00
CASE-000455,EVT-000015,运输节点中断-上海-015,紧急采购+生产计划调整,72,27.52,482725.85,296073.67,0.9371,2,2,1,success,5,优先保障A级客户，并同时验证备用供应商产能、质量与运输可用性。,demo-rule-v1,expert-2026-06,2026-02-12T08:00:00+08:00
CASE-000456,EVT-000011,台风天气-杭州-011,库存重分配+客户分级沟通,48,53.22,848456.2,1060393.87,0.6937,21,1,9,partial_success,4,优先保障A级客户，并同时验证备用供应商产能、质量与运输可用性。,demo-rule-v1,expert-2026-06,2026-01-02T08:00:00+08:00
CASE-000457,EVT-000194,需求突增-宁波-194,库存重分配+客户分级沟通,72,111.83,442770.4,448225.75,0.7488,19,1,10,success,4,优先保障A级客户，并同时验证备用供应商产能、质量与运输可用性。,demo-rule-v1,expert-2026-06,2025-11-08T08:00:00+08:00
CASE-000458,EVT-000234,质量召回-东莞-234,库存重分配+客户分级沟通,48,52.34,21007.13,28813.62,0.6204,29,2,17,partial_success,3,优先保障A级客户，并同时验证备用供应商产能、质量与运输可用性。,demo-rule-v1,expert-2026-06,2025-09-26T08:00:00+08:00
CASE-000459,EVT-000105,港口停运-天津-105,紧急采购+生产计划调整,12,8.37,540173.4,786721.66,0.8604,0,2,8,success,5,优先保障A级客户，并同时验证备用供应商产能、质量与运输可用性。,demo-rule-v1,expert-2026-06,2026-02-09T08:00:00+08:00
CASE-000460,EVT-000093,需求突增-青岛-093,紧急采购+生产计划调整,72,74.12,732235.32,1062557.95,0.6226,16,3,15,success,4,优先保障A级客户，并同时验证备用供应商产能、质量与运输可用性。,demo-rule-v1,expert-2026-06,2026-04-03T08:00:00+08:00
CASE-000461,EVT-000140,海关查验延误-上海-140,紧急采购+生产计划调整,24,30.81,591279.81,791485.71,0.6389,42,3,9,partial_success,3,优先保障A级客户，并同时验证备用供应商产能、质量与运输可用性。,demo-rule-v1,expert-2026-06,2025-11-29T08:00:00+08:00
CASE-000462,EVT-000152,海关查验延误-苏州-152,双供应商分单+安全库存锁定,36,9.71,39565.45,33316.04,0.9253,8,2,5,success,2,优先保障A级客户，并同时验证备用供应商产能、质量与运输可用性。,demo-rule-v1,expert-2026-06,2025-06-30T08:00:00+08:00
CASE-000463,EVT-000004,供应商停产-东莞-004,库存重分配+客户分级沟通,72,58.21,415209.85,468615.16,0.9494,11,1,8,partial_success,2,优先保障A级客户，并同时验证备用供应商产能、质量与运输可用性。,demo-rule-v1,expert-2026-06,2026-01-26T08:00:00+08:00
CASE-000464,EVT-000199,需求突增-上海-199,关键订单空运+备用供应商补货,12,8.84,158575.8,168308.63,0.7143,19,4,16,partial_success,5,优先保障A级客户，并同时验证备用供应商产能、质量与运输可用性。,demo-rule-v1,expert-2026-06,2026-05-18T08:00:00+08:00
CASE-000465,EVT-000156,海关查验延误-东莞-156,接受短期停线+控制现金成本,72,108.07,131779.91,203460.22,0.52,31,3,16,partial_success,4,优先保障A级客户，并同时验证备用供应商产能、质量与运输可用性。,demo-rule-v1,expert-2026-06,2026-05-19T08:00:00+08:00
CASE-000466,EVT-000090,港口停运-武汉-090,铁路替代+延期交付,12,13.29,216915.09,177134.18,0.8187,24,4,13,partial_success,4,优先保障A级客户，并同时验证备用供应商产能、质量与运输可用性。,demo-rule-v1,expert-2026-06,2026-02-15T08:00:00+08:00
CASE-000467,EVT-000054,运输节点中断-成都-054,双供应商分单+安全库存锁定,6,5.97,848045.91,884461.59,0.8596,26,1,4,success,5,优先保障A级客户，并同时验证备用供应商产能、质量与运输可用性。,demo-rule-v1,expert-2026-06,2025-10-25T08:00:00+08:00
CASE-000468,EVT-000096,供应商停产-武汉-096,双供应商分单+安全库存锁定,6,11.74,189892.46,267523.2,0.5515,24,3,15,failed,2,优先保障A级客户，并同时验证备用供应商产能、质量与运输可用性。,demo-rule-v1,expert-2026-06,2026-06-04T08:00:00+08:00
CASE-000469,EVT-000047,区域限电-杭州-047,紧急采购+生产计划调整,72,73.1,357592.17,374074.06,0.8946,26,2,11,partial_success,3,优先保障A级客户，并同时验证备用供应商产能、质量与运输可用性。,demo-rule-v1,expert-2026-06,2026-01-07T08:00:00+08:00
CASE-000470,EVT-000004,供应商停产-东莞-004,接受短期停线+控制现金成本,12,13.96,800026.67,889071.24,0.8341,21,1,8,success,5,优先保障A级客户，并同时验证备用供应商产能、质量与运输可用性。,demo-rule-v1,expert-2026-06,2025-12-21T08:00:00+08:00
CASE-000471,EVT-000104,需求突增-成都-104,双供应商分单+安全库存锁定,12,14.22,776797.3,994830.96,0.7606,18,2,15,failed,1,优先保障A级客户，并同时验证备用供应商产能、质量与运输可用性。,demo-rule-v1,expert-2026-06,2026-03-20T08:00:00+08:00
CASE-000472,EVT-000182,需求突增-天津-182,铁路替代+延期交付,72,75.11,594293.54,553935.69,0.7697,22,3,12,partial_success,4,优先保障A级客户，并同时验证备用供应商产能、质量与运输可用性。,demo-rule-v1,expert-2026-06,2025-10-25T08:00:00+08:00
CASE-000473,EVT-000149,海关查验延误-上海-149,接受短期停线+控制现金成本,36,37.84,202032.73,199841.93,0.7421,26,3,10,partial_success,4,优先保障A级客户，并同时验证备用供应商产能、质量与运输可用性。,demo-rule-v1,expert-2026-06,2026-01-02T08:00:00+08:00
CASE-000474,EVT-000017,需求突增-杭州-017,库存重分配+客户分级沟通,24,18.06,515569.14,487946.73,0.7487,15,3,8,partial_success,3,优先保障A级客户，并同时验证备用供应商产能、质量与运输可用性。,demo-rule-v1,expert-2026-06,2025-09-06T08:00:00+08:00
CASE-000475,EVT-000026,区域限电-青岛-026,紧急采购+生产计划调整,72,67.77,388132.42,513517.15,0.5728,27,3,17,failed,3,优先保障A级客户，并同时验证备用供应商产能、质量与运输可用性。,demo-rule-v1,expert-2026-06,2026-05-12T08:00:00+08:00
CASE-000476,EVT-000052,需求突增-上海-052,紧急采购+生产计划调整,48,56.47,506118.56,465154.92,0.9536,12,0,1,success,5,优先保障A级客户，并同时验证备用供应商产能、质量与运输可用性。,demo-rule-v1,expert-2026-06,2026-05-14T08:00:00+08:00
CASE-000477,EVT-000025,海关查验延误-武汉-025,双供应商分单+安全库存锁定,36,10.92,322829.58,234431.83,1.0,0,0,0,success,4,优先保障A级客户，并同时验证备用供应商产能、质量与运输可用性。,demo-rule-v1,expert-2026-06,2025-08-20T08:00:00+08:00
CASE-000478,EVT-000177,台风天气-上海-177,紧急采购+生产计划调整,36,25.79,244438.4,129583.99,0.9744,4,1,0,success,5,优先保障A级客户，并同时验证备用供应商产能、质量与运输可用性。,demo-rule-v1,expert-2026-06,2026-03-28T08:00:00+08:00
CASE-000479,EVT-000038,区域限电-杭州-038,双供应商分单+安全库存锁定,12,16.53,394901.69,364437.8,0.8199,21,3,12,partial_success,1,优先保障A级客户，并同时验证备用供应商产能、质量与运输可用性。,demo-rule-v1,expert-2026-06,2026-06-11T08:00:00+08:00
CASE-000480,EVT-000100,供应商停产-东莞-100,关键订单空运+备用供应商补货,72,76.91,290983.77,329412.05,0.7528,21,4,16,failed,2,优先保障A级客户，并同时验证备用供应商产能、质量与运输可用性。,demo-rule-v1,expert-2026-06,2026-05-20T08:00:00+08:00
CASE-000481,EVT-000062,港口停运-青岛-062,双供应商分单+安全库存锁定,6,6.03,813854.99,858491.65,0.8015,0,0,0,success,4,优先保障A级客户，并同时验证备用供应商产能、质量与运输可用性。,demo-rule-v1,expert-2026-06,2026-05-28T08:00:00+08:00
CASE-000482,EVT-000156,海关查验延误-东莞-156,双供应商分单+安全库存锁定,24,28.15,524925.94,746000.62,0.6194,26,2,15,partial_success,3,优先保障A级客户，并同时验证备用供应商产能、质量与运输可用性。,demo-rule-v1,expert-2026-06,2026-02-16T08:00:00+08:00
CASE-000483,EVT-000097,质量召回-上海-097,库存重分配+客户分级沟通,72,50.61,371210.51,341764.11,0.8079,0,0,0,success,5,优先保障A级客户，并同时验证备用供应商产能、质量与运输可用性。,demo-rule-v1,expert-2026-06,2026-04-19T08:00:00+08:00
CASE-000484,EVT-000163,区域限电-宁波-163,库存重分配+客户分级沟通,72,95.17,79139.91,70553.36,0.571,30,3,13,success,4,优先保障A级客户，并同时验证备用供应商产能、质量与运输可用性。,demo-rule-v1,expert-2026-06,2025-08-23T08:00:00+08:00
CASE-000485,EVT-000113,供应商停产-东莞-113,紧急采购+生产计划调整,36,6.48,390210.01,402030.38,0.9492,0,0,5,success,5,优先保障A级客户，并同时验证备用供应商产能、质量与运输可用性。,demo-rule-v1,expert-2026-06,2025-10-14T08:00:00+08:00
CASE-000486,EVT-000130,海关查验延误-成都-130,关键订单空运+备用供应商补货,24,36.32,397623.21,547934.02,0.637,37,2,15,partial_success,4,优先保障A级客户，并同时验证备用供应商产能、质量与运输可用性。,demo-rule-v1,expert-2026-06,2026-01-31T08:00:00+08:00
CASE-000487,EVT-000045,质量召回-天津-045,双供应商分单+安全库存锁定,48,46.88,292851.71,275703.39,0.9735,4,1,2,success,5,优先保障A级客户，并同时验证备用供应商产能、质量与运输可用性。,demo-rule-v1,expert-2026-06,2026-02-27T08:00:00+08:00
CASE-000488,EVT-000222,质量召回-青岛-222,接受短期停线+控制现金成本,6,5.7,504953.44,470261.11,0.8088,2,1,4,success,4,优先保障A级客户，并同时验证备用供应商产能、质量与运输可用性。,demo-rule-v1,expert-2026-06,2026-04-05T08:00:00+08:00
CASE-000489,EVT-000154,运输节点中断-成都-154,铁路替代+延期交付,36,40.37,686262.54,829151.15,0.7587,3,1,4,partial_success,3,优先保障A级客户，并同时验证备用供应商产能、质量与运输可用性。,demo-rule-v1,expert-2026-06,2026-03-05T08:00:00+08:00
CASE-000490,EVT-000053,港口停运-东莞-053,接受短期停线+控制现金成本,48,48.81,142600.24,160605.37,0.8978,25,1,6,success,4,优先保障A级客户，并同时验证备用供应商产能、质量与运输可用性。,demo-rule-v1,expert-2026-06,2025-08-01T08:00:00+08:00
CASE-000491,EVT-000046,区域限电-东莞-046,关键订单空运+备用供应商补货,24,13.44,408988.89,319300.2,0.7607,16,2,10,partial_success,5,优先保障A级客户，并同时验证备用供应商产能、质量与运输可用性。,demo-rule-v1,expert-2026-06,2025-12-07T08:00:00+08:00
CASE-000492,EVT-000091,海关查验延误-杭州-091,接受短期停线+控制现金成本,36,30.11,561933.79,579290.63,0.6676,15,2,5,success,4,优先保障A级客户，并同时验证备用供应商产能、质量与运输可用性。,demo-rule-v1,expert-2026-06,2025-08-21T08:00:00+08:00
CASE-000493,EVT-000178,区域限电-武汉-178,关键订单空运+备用供应商补货,36,52.26,551914.51,850571.72,0.52,25,3,16,failed,2,优先保障A级客户，并同时验证备用供应商产能、质量与运输可用性。,demo-rule-v1,expert-2026-06,2026-05-31T08:00:00+08:00
CASE-000494,EVT-000202,台风天气-武汉-202,铁路替代+延期交付,72,69.73,668096.93,782207.03,0.6879,25,3,18,failed,2,优先保障A级客户，并同时验证备用供应商产能、质量与运输可用性。,demo-rule-v1,expert-2026-06,2025-07-13T08:00:00+08:00
CASE-000495,EVT-000183,台风天气-成都-183,双供应商分单+安全库存锁定,72,45.45,328592.72,288496.53,0.8731,4,0,0,success,5,优先保障A级客户，并同时验证备用供应商产能、质量与运输可用性。,demo-rule-v1,expert-2026-06,2025-11-02T08:00:00+08:00
CASE-000496,EVT-000083,港口停运-上海-083,双供应商分单+安全库存锁定,24,27.61,309469.32,289031.52,0.7338,3,2,9,partial_success,3,优先保障A级客户，并同时验证备用供应商产能、质量与运输可用性。,demo-rule-v1,expert-2026-06,2026-02-22T08:00:00+08:00
CASE-000497,EVT-000046,区域限电-东莞-046,关键订单空运+备用供应商补货,36,30.28,555341.13,408579.35,0.8456,27,0,0,success,5,优先保障A级客户，并同时验证备用供应商产能、质量与运输可用性。,demo-rule-v1,expert-2026-06,2025-07-19T08:00:00+08:00
CASE-000498,EVT-000154,运输节点中断-成都-154,接受短期停线+控制现金成本,12,17.69,836751.12,1156334.05,0.7292,30,2,12,partial_success,4,优先保障A级客户，并同时验证备用供应商产能、质量与运输可用性。,demo-rule-v1,expert-2026-06,2026-05-23T08:00:00+08:00
CASE-000499,EVT-000010,台风天气-武汉-010,关键订单空运+备用供应商补货,48,63.39,326427.26,400621.31,0.5481,11,1,8,success,3,优先保障A级客户，并同时验证备用供应商产能、质量与运输可用性。,demo-rule-v1,expert-2026-06,2026-04-18T08:00:00+08:00
CASE-000500,EVT-000048,区域限电-青岛-048,紧急采购+生产计划调整,12,10.04,161693.78,181021.94,0.8949,22,0,5,success,5,优先保障A级客户，并同时验证备用供应商产能、质量与运输可用性。,demo-rule-v1,expert-2026-06,2025-07-29T08:00:00+08:00
CASE-000501,EVT-000111,运输节点中断-杭州-111,紧急采购+生产计划调整,48,52.8,549120.67,724136.04,0.6553,31,3,14,partial_success,2,优先保障A级客户，并同时验证备用供应商产能、质量与运输可用性。,demo-rule-v1,expert-2026-06,2025-07-12T08:00:00+08:00
CASE-000502,EVT-000079,海关查验延误-苏州-079,接受短期停线+控制现金成本,36,43.75,387868.04,321172.22,0.8692,9,2,5,success,4,优先保障A级客户，并同时验证备用供应商产能、质量与运输可用性。,demo-rule-v1,expert-2026-06,2025-06-26T08:00:00+08:00
CASE-000503,EVT-000149,海关查验延误-上海-149,接受短期停线+控制现金成本,48,20.68,833583.87,749796.02,0.9863,26,0,5,success,3,优先保障A级客户，并同时验证备用供应商产能、质量与运输可用性。,demo-rule-v1,expert-2026-06,2025-07-25T08:00:00+08:00
CASE-000504,EVT-000105,港口停运-天津-105,双供应商分单+安全库存锁定,24,24.74,206453.78,256293.13,0.9451,16,1,0,success,5,优先保障A级客户，并同时验证备用供应商产能、质量与运输可用性。,demo-rule-v1,expert-2026-06,2026-03-24T08:00:00+08:00
CASE-000505,EVT-000145,供应商停产-苏州-145,库存重分配+客户分级沟通,72,33.02,548592.72,467505.35,0.8586,0,0,1,success,5,优先保障A级客户，并同时验证备用供应商产能、质量与运输可用性。,demo-rule-v1,expert-2026-06,2025-11-17T08:00:00+08:00
CASE-000506,EVT-000055,需求突增-成都-055,关键订单空运+备用供应商补货,36,20.67,36081.87,44423.78,0.9251,24,2,14,failed,4,优先保障A级客户，并同时验证备用供应商产能、质量与运输可用性。,demo-rule-v1,expert-2026-06,2026-04-16T08:00:00+08:00
CASE-000507,EVT-000216,运输节点中断-宁波-216,铁路替代+延期交付,36,31.23,747063.53,672532.67,0.6934,24,1,4,success,3,优先保障A级客户，并同时验证备用供应商产能、质量与运输可用性。,demo-rule-v1,expert-2026-06,2025-12-06T08:00:00+08:00
CASE-000508,EVT-000017,需求突增-杭州-017,紧急采购+生产计划调整,36,20.68,465740.99,347899.46,0.9946,8,1,3,success,4,优先保障A级客户，并同时验证备用供应商产能、质量与运输可用性。,demo-rule-v1,expert-2026-06,2026-05-08T08:00:00+08:00
CASE-000509,EVT-000165,质量召回-青岛-165,铁路替代+延期交付,12,9.24,265630.6,111564.85,0.8446,3,1,8,success,4,优先保障A级客户，并同时验证备用供应商产能、质量与运输可用性。,demo-rule-v1,expert-2026-06,2026-04-24T08:00:00+08:00
CASE-000510,EVT-000174,海关查验延误-宁波-174,接受短期停线+控制现金成本,24,20.52,547776.11,575219.76,0.8588,15,1,0,success,5,优先保障A级客户，并同时验证备用供应商产能、质量与运输可用性。,demo-rule-v1,expert-2026-06,2026-03-23T08:00:00+08:00
CASE-000511,EVT-000070,港口停运-宁波-070,双供应商分单+安全库存锁定,72,82.55,882408.08,676671.32,0.8841,18,3,14,partial_success,4,优先保障A级客户，并同时验证备用供应商产能、质量与运输可用性。,demo-rule-v1,expert-2026-06,2026-01-25T08:00:00+08:00
CASE-000512,EVT-000238,运输节点中断-杭州-238,紧急采购+生产计划调整,48,60.86,603584.7,754075.34,0.6071,14,1,2,success,4,优先保障A级客户，并同时验证备用供应商产能、质量与运输可用性。,demo-rule-v1,expert-2026-06,2025-12-03T08:00:00+08:00
CASE-000513,EVT-000168,区域限电-苏州-168,双供应商分单+安全库存锁定,6,7.84,162439.44,188920.58,0.7563,21,1,7,success,3,优先保障A级客户，并同时验证备用供应商产能、质量与运输可用性。,demo-rule-v1,expert-2026-06,2025-07-24T08:00:00+08:00
CASE-000514,EVT-000053,港口停运-东莞-053,双供应商分单+安全库存锁定,12,14.58,333981.27,270794.49,0.8195,18,2,10,partial_success,4,优先保障A级客户，并同时验证备用供应商产能、质量与运输可用性。,demo-rule-v1,expert-2026-06,2025-07-13T08:00:00+08:00
CASE-000515,EVT-000018,台风天气-东莞-018,库存重分配+客户分级沟通,24,4.32,535551.64,400656.0,0.898,5,1,0,success,4,优先保障A级客户，并同时验证备用供应商产能、质量与运输可用性。,demo-rule-v1,expert-2026-06,2026-06-06T08:00:00+08:00
CASE-000516,EVT-000101,台风天气-成都-101,铁路替代+延期交付,24,15.75,751385.3,618733.52,0.9029,0,1,4,success,4,优先保障A级客户，并同时验证备用供应商产能、质量与运输可用性。,demo-rule-v1,expert-2026-06,2026-03-10T08:00:00+08:00
CASE-000517,EVT-000045,质量召回-天津-045,紧急采购+生产计划调整,12,2.39,679660.46,426687.38,0.9589,7,0,7,success,5,优先保障A级客户，并同时验证备用供应商产能、质量与运输可用性。,demo-rule-v1,expert-2026-06,2025-12-12T08:00:00+08:00
CASE-000518,EVT-000175,区域限电-苏州-175,紧急采购+生产计划调整,24,32.45,233297.16,212420.68,0.7857,14,1,5,success,4,优先保障A级客户，并同时验证备用供应商产能、质量与运输可用性。,demo-rule-v1,expert-2026-06,2026-03-09T08:00:00+08:00
CASE-000519,EVT-000068,海关查验延误-武汉-068,接受短期停线+控制现金成本,6,2.33,34519.94,24121.31,1.0,0,0,0,success,5,优先保障A级客户，并同时验证备用供应商产能、质量与运输可用性。,demo-rule-v1,expert-2026-06,2026-01-03T08:00:00+08:00
CASE-000520,EVT-000231,运输节点中断-天津-231,接受短期停线+控制现金成本,6,7.11,739160.32,784414.34,0.7566,6,0,6,success,3,优先保障A级客户，并同时验证备用供应商产能、质量与运输可用性。,demo-rule-v1,expert-2026-06,2025-10-14T08:00:00+08:00
CASE-000521,EVT-000182,需求突增-天津-182,关键订单空运+备用供应商补货,48,29.11,719488.86,595973.24,0.5961,20,1,7,success,4,优先保障A级客户，并同时验证备用供应商产能、质量与运输可用性。,demo-rule-v1,expert-2026-06,2025-07-27T08:00:00+08:00
CASE-000522,EVT-000163,区域限电-宁波-163,关键订单空运+备用供应商补货,12,9.83,349831.43,223939.25,0.908,7,0,3,success,5,优先保障A级客户，并同时验证备用供应商产能、质量与运输可用性。,demo-rule-v1,expert-2026-06,2026-02-23T08:00:00+08:00
CASE-000523,EVT-000150,需求突增-苏州-150,紧急采购+生产计划调整,48,96.54,81209.46,131547.13,0.5467,50,2,16,failed,1,优先保障A级客户，并同时验证备用供应商产能、质量与运输可用性。,demo-rule-v1,expert-2026-06,2026-04-07T08:00:00+08:00
CASE-000524,EVT-000084,运输节点中断-合肥-084,关键订单空运+备用供应商补货,36,45.42,416461.6,540635.33,0.7596,6,1,7,success,4,优先保障A级客户，并同时验证备用供应商产能、质量与运输可用性。,demo-rule-v1,expert-2026-06,2026-02-08T08:00:00+08:00
CASE-000525,EVT-000120,供应商停产-天津-120,关键订单空运+备用供应商补货,12,21.62,827368.67,1484752.65,0.52,40,5,20,failed,2,优先保障A级客户，并同时验证备用供应商产能、质量与运输可用性。,demo-rule-v1,expert-2026-06,2025-10-18T08:00:00+08:00
CASE-000526,EVT-000202,台风天气-武汉-202,紧急采购+生产计划调整,48,15.33,795231.32,465438.48,0.806,14,0,0,success,4,优先保障A级客户，并同时验证备用供应商产能、质量与运输可用性。,demo-rule-v1,expert-2026-06,2025-08-30T08:00:00+08:00
CASE-000527,EVT-000022,质量召回-成都-022,库存重分配+客户分级沟通,36,38.88,509886.68,790258.73,0.6701,16,2,13,partial_success,5,优先保障A级客户，并同时验证备用供应商产能、质量与运输可用性。,demo-rule-v1,expert-2026-06,2025-12-25T08:00:00+08:00
CASE-000528,EVT-000168,区域限电-苏州-168,接受短期停线+控制现金成本,12,7.54,728046.25,888721.54,0.7681,28,1,9,partial_success,4,优先保障A级客户，并同时验证备用供应商产能、质量与运输可用性。,demo-rule-v1,expert-2026-06,2026-06-06T08:00:00+08:00
CASE-000529,EVT-000127,质量召回-天津-127,接受短期停线+控制现金成本,36,31.15,518009.62,319814.11,0.7367,8,2,8,success,4,优先保障A级客户，并同时验证备用供应商产能、质量与运输可用性。,demo-rule-v1,expert-2026-06,2026-06-03T08:00:00+08:00
CASE-000530,EVT-000152,海关查验延误-苏州-152,关键订单空运+备用供应商补货,24,16.41,740785.24,479484.63,1.0,0,1,4,partial_success,3,优先保障A级客户，并同时验证备用供应商产能、质量与运输可用性。,demo-rule-v1,expert-2026-06,2025-09-22T08:00:00+08:00
CASE-000531,EVT-000126,运输节点中断-杭州-126,双供应商分单+安全库存锁定,12,12.85,693143.04,767703.29,0.7826,16,2,8,success,4,优先保障A级客户，并同时验证备用供应商产能、质量与运输可用性。,demo-rule-v1,expert-2026-06,2025-09-23T08:00:00+08:00
CASE-000532,EVT-000171,运输节点中断-武汉-171,铁路替代+延期交付,6,3.03,710349.86,681437.5,0.9039,25,1,5,success,4,优先保障A级客户，并同时验证备用供应商产能、质量与运输可用性。,demo-rule-v1,expert-2026-06,2026-05-16T08:00:00+08:00
CASE-000533,EVT-000127,质量召回-天津-127,铁路替代+延期交付,12,11.91,783686.22,331344.26,0.6891,18,2,12,failed,1,优先保障A级客户，并同时验证备用供应商产能、质量与运输可用性。,demo-rule-v1,expert-2026-06,2025-12-15T08:00:00+08:00
CASE-000534,EVT-000167,海关查验延误-上海-167,库存重分配+客户分级沟通,24,21.33,812198.18,990609.9,0.6058,18,1,9,partial_success,5,优先保障A级客户，并同时验证备用供应商产能、质量与运输可用性。,demo-rule-v1,expert-2026-06,2026-04-15T08:00:00+08:00
CASE-000535,EVT-000052,需求突增-上海-052,关键订单空运+备用供应商补货,48,63.6,219354.41,306204.14,0.7774,12,2,8,success,4,优先保障A级客户，并同时验证备用供应商产能、质量与运输可用性。,demo-rule-v1,expert-2026-06,2025-07-31T08:00:00+08:00
CASE-000536,EVT-000100,供应商停产-东莞-100,双供应商分单+安全库存锁定,6,4.68,629575.44,535497.58,0.8665,31,0,3,success,5,优先保障A级客户，并同时验证备用供应商产能、质量与运输可用性。,demo-rule-v1,expert-2026-06,2025-12-04T08:00:00+08:00
CASE-000537,EVT-000228,运输节点中断-东莞-228,铁路替代+延期交付,48,98.16,407685.88,837033.25,0.5525,37,2,16,failed,3,优先保障A级客户，并同时验证备用供应商产能、质量与运输可用性。,demo-rule-v1,expert-2026-06,2025-09-27T08:00:00+08:00
CASE-000538,EVT-000074,质量召回-成都-074,库存重分配+客户分级沟通,36,29.5,509787.83,419515.54,0.8678,18,1,2,success,5,优先保障A级客户，并同时验证备用供应商产能、质量与运输可用性。,demo-rule-v1,expert-2026-06,2025-08-03T08:00:00+08:00
CASE-000539,EVT-000081,港口停运-杭州-081,铁路替代+延期交付,6,6.7,479471.17,519104.98,0.5874,27,3,13,failed,3,优先保障A级客户，并同时验证备用供应商产能、质量与运输可用性。,demo-rule-v1,expert-2026-06,2026-06-13T08:00:00+08:00
CASE-000540,EVT-000079,海关查验延误-苏州-079,关键订单空运+备用供应商补货,36,50.66,274854.07,360154.21,0.6434,38,5,17,failed,2,优先保障A级客户，并同时验证备用供应商产能、质量与运输可用性。,demo-rule-v1,expert-2026-06,2025-08-26T08:00:00+08:00
CASE-000541,EVT-000176,供应商停产-成都-176,库存重分配+客户分级沟通,6,4.89,135710.56,85793.95,0.838,10,0,3,success,4,优先保障A级客户，并同时验证备用供应商产能、质量与运输可用性。,demo-rule-v1,expert-2026-06,2025-09-08T08:00:00+08:00
CASE-000542,EVT-000142,需求突增-宁波-142,铁路替代+延期交付,72,80.69,367757.92,397533.94,0.6738,18,2,11,partial_success,2,优先保障A级客户，并同时验证备用供应商产能、质量与运输可用性。,demo-rule-v1,expert-2026-06,2025-11-02T08:00:00+08:00
CASE-000543,EVT-000125,台风天气-苏州-125,紧急采购+生产计划调整,24,35.0,540098.92,797121.23,0.52,31,4,19,failed,1,优先保障A级客户，并同时验证备用供应商产能、质量与运输可用性。,demo-rule-v1,expert-2026-06,2025-11-30T08:00:00+08:00
CASE-000544,EVT-000127,质量召回-天津-127,铁路替代+延期交付,24,27.15,768312.17,829560.18,0.8251,0,0,0,success,4,优先保障A级客户，并同时验证备用供应商产能、质量与运输可用性。,demo-rule-v1,expert-2026-06,2025-07-12T08:00:00+08:00
CASE-000545,EVT-000077,供应商停产-成都-077,接受短期停线+控制现金成本,36,21.66,841134.58,430686.54,1.0,16,0,0,success,3,优先保障A级客户，并同时验证备用供应商产能、质量与运输可用性。,demo-rule-v1,expert-2026-06,2025-08-23T08:00:00+08:00
CASE-000546,EVT-000117,港口停运-上海-117,库存重分配+客户分级沟通,72,110.47,861423.72,992301.43,0.5499,46,3,19,failed,2,优先保障A级客户，并同时验证备用供应商产能、质量与运输可用性。,demo-rule-v1,expert-2026-06,2025-09-23T08:00:00+08:00
CASE-000547,EVT-000191,台风天气-合肥-191,铁路替代+延期交付,36,34.74,805871.51,522871.45,0.8187,21,0,0,success,3,优先保障A级客户，并同时验证备用供应商产能、质量与运输可用性。,demo-rule-v1,expert-2026-06,2025-10-22T08:00:00+08:00
CASE-000548,EVT-000052,需求突增-上海-052,关键订单空运+备用供应商补货,72,57.3,235272.33,189655.34,0.8129,26,2,3,success,4,优先保障A级客户，并同时验证备用供应商产能、质量与运输可用性。,demo-rule-v1,expert-2026-06,2026-04-12T08:00:00+08:00
CASE-000549,EVT-000025,海关查验延误-武汉-025,双供应商分单+安全库存锁定,72,54.87,667151.57,338827.99,0.9203,16,3,5,success,5,优先保障A级客户，并同时验证备用供应商产能、质量与运输可用性。,demo-rule-v1,expert-2026-06,2025-10-17T08:00:00+08:00
CASE-000550,EVT-000098,台风天气-杭州-098,铁路替代+延期交付,6,9.19,384270.34,495751.03,0.694,26,1,6,success,5,优先保障A级客户，并同时验证备用供应商产能、质量与运输可用性。,demo-rule-v1,expert-2026-06,2025-10-07T08:00:00+08:00
CASE-000551,EVT-000227,供应商停产-上海-227,双供应商分单+安全库存锁定,48,32.77,502130.53,495185.18,0.8283,7,1,5,partial_success,4,优先保障A级客户，并同时验证备用供应商产能、质量与运输可用性。,demo-rule-v1,expert-2026-06,2026-02-07T08:00:00+08:00
CASE-000552,EVT-000125,台风天气-苏州-125,紧急采购+生产计划调整,48,32.04,407935.91,497137.87,0.8536,28,0,0,success,5,优先保障A级客户，并同时验证备用供应商产能、质量与运输可用性。,demo-rule-v1,expert-2026-06,2026-03-12T08:00:00+08:00
CASE-000553,EVT-000021,运输节点中断-上海-021,铁路替代+延期交付,72,82.7,593104.5,722235.97,0.8744,28,0,8,partial_success,3,优先保障A级客户，并同时验证备用供应商产能、质量与运输可用性。,demo-rule-v1,expert-2026-06,2026-05-12T08:00:00+08:00
CASE-000554,EVT-000049,海关查验延误-上海-049,紧急采购+生产计划调整,48,69.22,65735.59,82512.94,0.52,23,2,16,failed,1,优先保障A级客户，并同时验证备用供应商产能、质量与运输可用性。,demo-rule-v1,expert-2026-06,2025-07-29T08:00:00+08:00
CASE-000555,EVT-000068,海关查验延误-武汉-068,关键订单空运+备用供应商补货,36,51.95,29579.51,34680.84,0.52,38,4,14,partial_success,3,优先保障A级客户，并同时验证备用供应商产能、质量与运输可用性。,demo-rule-v1,expert-2026-06,2026-04-24T08:00:00+08:00
CASE-000556,EVT-000124,区域限电-上海-124,双供应商分单+安全库存锁定,36,44.86,799298.31,912005.11,0.6936,22,3,7,success,4,优先保障A级客户，并同时验证备用供应商产能、质量与运输可用性。,demo-rule-v1,expert-2026-06,2026-03-23T08:00:00+08:00
CASE-000557,EVT-000032,台风天气-成都-032,接受短期停线+控制现金成本,24,15.59,307775.34,261219.46,0.8602,17,2,8,partial_success,2,优先保障A级客户，并同时验证备用供应商产能、质量与运输可用性。,demo-rule-v1,expert-2026-06,2026-02-15T08:00:00+08:00
CASE-000558,EVT-000014,运输节点中断-苏州-014,关键订单空运+备用供应商补货,72,57.93,834759.65,627006.86,0.8119,15,2,10,partial_success,4,优先保障A级客户，并同时验证备用供应商产能、质量与运输可用性。,demo-rule-v1,expert-2026-06,2026-04-27T08:00:00+08:00
CASE-000559,EVT-000070,港口停运-宁波-070,关键订单空运+备用供应商补货,72,46.57,61522.14,58829.34,0.953,5,0,0,success,4,优先保障A级客户，并同时验证备用供应商产能、质量与运输可用性。,demo-rule-v1,expert-2026-06,2026-02-26T08:00:00+08:00
CASE-000560,EVT-000181,质量召回-青岛-181,库存重分配+客户分级沟通,72,81.44,335475.95,335904.65,0.6666,28,2,14,partial_success,3,优先保障A级客户，并同时验证备用供应商产能、质量与运输可用性。,demo-rule-v1,expert-2026-06,2025-10-28T08:00:00+08:00
CASE-000561,EVT-000197,海关查验延误-东莞-197,关键订单空运+备用供应商补货,24,31.57,638676.19,960616.93,0.6515,28,4,15,failed,2,优先保障A级客户，并同时验证备用供应商产能、质量与运输可用性。,demo-rule-v1,expert-2026-06,2026-05-19T08:00:00+08:00
CASE-000562,EVT-000078,海关查验延误-成都-078,接受短期停线+控制现金成本,36,36.02,524208.08,328378.67,0.7717,26,2,13,partial_success,2,优先保障A级客户，并同时验证备用供应商产能、质量与运输可用性。,demo-rule-v1,expert-2026-06,2025-12-03T08:00:00+08:00
CASE-000563,EVT-000079,海关查验延误-苏州-079,双供应商分单+安全库存锁定,6,2.48,48936.56,65115.97,0.8657,15,2,10,partial_success,4,优先保障A级客户，并同时验证备用供应商产能、质量与运输可用性。,demo-rule-v1,expert-2026-06,2025-06-20T08:00:00+08:00
CASE-000564,EVT-000057,区域限电-宁波-057,双供应商分单+安全库存锁定,6,2.85,528939.77,394046.96,0.9121,0,3,10,failed,4,优先保障A级客户，并同时验证备用供应商产能、质量与运输可用性。,demo-rule-v1,expert-2026-06,2025-08-13T08:00:00+08:00
CASE-000565,EVT-000010,台风天气-武汉-010,库存重分配+客户分级沟通,6,5.0,817741.22,430446.26,0.979,9,0,2,success,3,优先保障A级客户，并同时验证备用供应商产能、质量与运输可用性。,demo-rule-v1,expert-2026-06,2025-11-28T08:00:00+08:00
CASE-000566,EVT-000221,运输节点中断-武汉-221,铁路替代+延期交付,24,26.69,824467.52,1143507.99,0.5454,47,3,12,failed,3,优先保障A级客户，并同时验证备用供应商产能、质量与运输可用性。,demo-rule-v1,expert-2026-06,2025-07-13T08:00:00+08:00
CASE-000567,EVT-000139,海关查验延误-天津-139,接受短期停线+控制现金成本,72,56.87,284898.0,287784.02,0.7945,11,1,3,success,4,优先保障A级客户，并同时验证备用供应商产能、质量与运输可用性。,demo-rule-v1,expert-2026-06,2025-09-08T08:00:00+08:00
CASE-000568,EVT-000214,区域限电-宁波-214,库存重分配+客户分级沟通,12,7.91,490295.7,625398.25,0.8692,21,2,9,success,4,优先保障A级客户，并同时验证备用供应商产能、质量与运输可用性。,demo-rule-v1,expert-2026-06,2025-09-19T08:00:00+08:00
CASE-000569,EVT-000132,质量召回-青岛-132,双供应商分单+安全库存锁定,24,26.27,411303.28,482369.65,0.7501,9,0,0,success,4,优先保障A级客户，并同时验证备用供应商产能、质量与运输可用性。,demo-rule-v1,expert-2026-06,2025-11-18T08:00:00+08:00
CASE-000570,EVT-000123,运输节点中断-宁波-123,接受短期停线+控制现金成本,24,21.49,65972.14,47878.92,0.7922,15,3,15,failed,2,优先保障A级客户，并同时验证备用供应商产能、质量与运输可用性。,demo-rule-v1,expert-2026-06,2026-02-06T08:00:00+08:00
CASE-000571,EVT-000011,台风天气-杭州-011,接受短期停线+控制现金成本,12,11.12,785452.93,804027.86,0.6226,41,2,13,partial_success,2,优先保障A级客户，并同时验证备用供应商产能、质量与运输可用性。,demo-rule-v1,expert-2026-06,2026-03-16T08:00:00+08:00
CASE-000572,EVT-000195,区域限电-杭州-195,双供应商分单+安全库存锁定,36,45.02,422886.57,495968.93,0.6357,39,2,15,failed,1,优先保障A级客户，并同时验证备用供应商产能、质量与运输可用性。,demo-rule-v1,expert-2026-06,2025-08-12T08:00:00+08:00
CASE-000573,EVT-000076,海关查验延误-青岛-076,库存重分配+客户分级沟通,48,31.69,667002.28,681615.41,0.8319,7,2,5,success,3,优先保障A级客户，并同时验证备用供应商产能、质量与运输可用性。,demo-rule-v1,expert-2026-06,2025-09-03T08:00:00+08:00
CASE-000574,EVT-000069,区域限电-苏州-069,关键订单空运+备用供应商补货,36,42.3,524251.24,508306.99,0.6973,18,3,14,failed,5,优先保障A级客户，并同时验证备用供应商产能、质量与运输可用性。,demo-rule-v1,expert-2026-06,2025-09-27T08:00:00+08:00
CASE-000575,EVT-000229,台风天气-合肥-229,铁路替代+延期交付,48,35.71,889821.03,803683.44,0.7302,17,2,13,partial_success,4,优先保障A级客户，并同时验证备用供应商产能、质量与运输可用性。,demo-rule-v1,expert-2026-06,2026-01-06T08:00:00+08:00
CASE-000576,EVT-000111,运输节点中断-杭州-111,紧急采购+生产计划调整,48,38.75,457898.69,424977.62,0.9352,4,2,6,success,5,优先保障A级客户，并同时验证备用供应商产能、质量与运输可用性。,demo-rule-v1,expert-2026-06,2026-04-14T08:00:00+08:00
CASE-000577,EVT-000037,港口停运-天津-037,铁路替代+延期交付,36,49.58,72775.58,100132.88,0.6163,39,2,11,success,3,优先保障A级客户，并同时验证备用供应商产能、质量与运输可用性。,demo-rule-v1,expert-2026-06,2025-08-01T08:00:00+08:00
CASE-000578,EVT-000087,区域限电-武汉-087,紧急采购+生产计划调整,24,13.67,273871.57,132547.49,1.0,4,0,0,success,4,优先保障A级客户，并同时验证备用供应商产能、质量与运输可用性。,demo-rule-v1,expert-2026-06,2026-04-23T08:00:00+08:00
CASE-000579,EVT-000136,需求突增-宁波-136,库存重分配+客户分级沟通,6,7.03,709668.54,716644.77,0.8324,23,3,8,failed,3,优先保障A级客户，并同时验证备用供应商产能、质量与运输可用性。,demo-rule-v1,expert-2026-06,2025-08-17T08:00:00+08:00
CASE-000580,EVT-000138,台风天气-上海-138,紧急采购+生产计划调整,48,48.65,32900.9,44777.28,0.5686,26,3,14,success,5,优先保障A级客户，并同时验证备用供应商产能、质量与运输可用性。,demo-rule-v1,expert-2026-06,2026-04-17T08:00:00+08:00
CASE-000581,EVT-000117,港口停运-上海-117,接受短期停线+控制现金成本,48,46.78,758453.44,876739.79,0.773,38,2,13,failed,3,优先保障A级客户，并同时验证备用供应商产能、质量与运输可用性。,demo-rule-v1,expert-2026-06,2025-07-27T08:00:00+08:00
CASE-000582,EVT-000183,台风天气-成都-183,库存重分配+客户分级沟通,6,3.28,119446.55,67554.62,0.9204,4,2,9,success,4,优先保障A级客户，并同时验证备用供应商产能、质量与运输可用性。,demo-rule-v1,expert-2026-06,2025-08-26T08:00:00+08:00
CASE-000583,EVT-000189,需求突增-武汉-189,紧急采购+生产计划调整,36,24.2,468594.4,347200.47,0.9549,18,3,15,partial_success,3,优先保障A级客户，并同时验证备用供应商产能、质量与运输可用性。,demo-rule-v1,expert-2026-06,2025-11-26T08:00:00+08:00
CASE-000584,EVT-000053,港口停运-东莞-053,铁路替代+延期交付,48,44.63,535977.51,662931.76,0.7513,22,1,10,partial_success,4,优先保障A级客户，并同时验证备用供应商产能、质量与运输可用性。,demo-rule-v1,expert-2026-06,2025-09-07T08:00:00+08:00
CASE-000585,EVT-000009,需求突增-成都-009,双供应商分单+安全库存锁定,12,2.16,451643.62,189690.32,1.0,0,1,4,success,4,优先保障A级客户，并同时验证备用供应商产能、质量与运输可用性。,demo-rule-v1,expert-2026-06,2025-09-01T08:00:00+08:00
CASE-000586,EVT-000128,运输节点中断-上海-128,铁路替代+延期交付,6,3.68,232650.83,201899.82,0.8816,9,0,0,success,5,优先保障A级客户，并同时验证备用供应商产能、质量与运输可用性。,demo-rule-v1,expert-2026-06,2025-10-07T08:00:00+08:00
CASE-000587,EVT-000238,运输节点中断-杭州-238,铁路替代+延期交付,24,22.44,453201.66,457728.33,0.8725,0,2,2,success,4,优先保障A级客户，并同时验证备用供应商产能、质量与运输可用性。,demo-rule-v1,expert-2026-06,2025-09-13T08:00:00+08:00
CASE-000588,EVT-000105,港口停运-天津-105,接受短期停线+控制现金成本,6,3.82,150179.4,143914.3,0.9751,0,0,7,partial_success,3,优先保障A级客户，并同时验证备用供应商产能、质量与运输可用性。,demo-rule-v1,expert-2026-06,2026-04-03T08:00:00+08:00
CASE-000589,EVT-000180,港口停运-成都-180,紧急采购+生产计划调整,12,19.37,71375.56,106891.46,0.6986,37,4,13,partial_success,3,优先保障A级客户，并同时验证备用供应商产能、质量与运输可用性。,demo-rule-v1,expert-2026-06,2025-08-15T08:00:00+08:00
CASE-000590,EVT-000186,供应商停产-青岛-186,库存重分配+客户分级沟通,36,33.97,678858.26,816295.65,0.7387,8,0,9,success,3,优先保障A级客户，并同时验证备用供应商产能、质量与运输可用性。,demo-rule-v1,expert-2026-06,2026-01-20T08:00:00+08:00
CASE-000591,EVT-000181,质量召回-青岛-181,紧急采购+生产计划调整,72,12.96,846072.98,808481.0,0.9869,2,0,2,success,5,优先保障A级客户，并同时验证备用供应商产能、质量与运输可用性。,demo-rule-v1,expert-2026-06,2026-03-23T08:00:00+08:00
CASE-000592,EVT-000190,区域限电-武汉-190,关键订单空运+备用供应商补货,12,11.62,437398.24,510790.07,0.7949,20,0,4,success,4,优先保障A级客户，并同时验证备用供应商产能、质量与运输可用性。,demo-rule-v1,expert-2026-06,2026-01-02T08:00:00+08:00
CASE-000593,EVT-000004,供应商停产-东莞-004,双供应商分单+安全库存锁定,6,5.09,272956.49,264844.15,0.8585,14,0,1,success,4,优先保障A级客户，并同时验证备用供应商产能、质量与运输可用性。,demo-rule-v1,expert-2026-06,2026-05-09T08:00:00+08:00
CASE-000594,EVT-000160,质量召回-宁波-160,双供应商分单+安全库存锁定,72,112.25,877879.2,1080244.09,0.5815,42,4,15,failed,2,优先保障A级客户，并同时验证备用供应商产能、质量与运输可用性。,demo-rule-v1,expert-2026-06,2026-01-03T08:00:00+08:00
CASE-000595,EVT-000049,海关查验延误-上海-049,紧急采购+生产计划调整,48,76.89,609629.26,1055117.42,0.52,39,4,17,failed,2,优先保障A级客户，并同时验证备用供应商产能、质量与运输可用性。,demo-rule-v1,expert-2026-06,2026-03-03T08:00:00+08:00
CASE-000596,EVT-000213,区域限电-武汉-213,关键订单空运+备用供应商补货,48,11.33,241333.94,133944.02,0.9221,6,1,0,success,5,优先保障A级客户，并同时验证备用供应商产能、质量与运输可用性。,demo-rule-v1,expert-2026-06,2026-01-11T08:00:00+08:00
CASE-000597,EVT-000009,需求突增-成都-009,紧急采购+生产计划调整,48,31.19,170377.28,135736.93,0.9084,6,2,12,partial_success,4,优先保障A级客户，并同时验证备用供应商产能、质量与运输可用性。,demo-rule-v1,expert-2026-06,2026-01-01T08:00:00+08:00
CASE-000598,EVT-000019,需求突增-杭州-019,铁路替代+延期交付,48,48.87,382506.24,419239.67,0.7976,16,2,10,success,3,优先保障A级客户，并同时验证备用供应商产能、质量与运输可用性。,demo-rule-v1,expert-2026-06,2025-10-26T08:00:00+08:00
CASE-000599,EVT-000151,海关查验延误-成都-151,紧急采购+生产计划调整,12,11.16,428374.18,530082.32,0.9089,14,2,10,success,4,优先保障A级客户，并同时验证备用供应商产能、质量与运输可用性。,demo-rule-v1,expert-2026-06,2025-10-19T08:00:00+08:00
CASE-000600,EVT-000236,质量召回-苏州-236,库存重分配+客户分级沟通,6,8.38,483506.02,490083.47,0.779,20,3,5,success,4,优先保障A级客户，并同时验证备用供应商产能、质量与运输可用性。,demo-rule-v1,expert-2026-06,2025-08-18T08:00:00+08:00
