production_plan_id,plant_warehouse_id,finished_material_id,planned_qty,planned_start_at,planned_end_at,plan_status,priority,material_readiness_rate,updated_at
PP-0000001,WH-02,MAT-0118,19920,2025-10-28T12:00:00+08:00,2025-11-01T15:00:00+08:00,at_risk,normal,0.7455,2025-10-29T06:00:00+08:00
PP-0000002,WH-02,MAT-0158,12539,2026-03-13T20:00:00+08:00,2026-03-17T04:00:00+08:00,planned,normal,0.91,2026-03-14T01:00:00+08:00
PP-0000003,WH-02,MAT-0182,3642,2025-10-04T23:00:00+08:00,2025-10-07T03:00:00+08:00,at_risk,normal,0.9891,2025-10-06T18:00:00+08:00
PP-0000004,WH-04,MAT-0021,6979,2025-07-25T18:00:00+08:00,2025-07-28T21:00:00+08:00,planned,normal,0.7925,2025-07-26T04:00:00+08:00
PP-0000005,WH-04,MAT-0105,4012,2026-06-06T15:00:00+08:00,2026-06-09T02:00:00+08:00,planned,high,0.9766,2026-06-08T00:00:00+08:00
PP-0000006,WH-02,MAT-0090,14355,2026-04-06T01:00:00+08:00,2026-04-09T19:00:00+08:00,completed,normal,0.9352,2026-04-07T15:00:00+08:00
PP-0000007,WH-02,MAT-0207,14116,2026-07-03T11:00:00+08:00,2026-07-07T00:00:00+08:00,planned,normal,0.5665,2026-06-15T08:00:00+08:00
PP-0000008,WH-04,MAT-0108,5618,2025-07-16T07:00:00+08:00,2025-07-20T15:00:00+08:00,completed,high,0.7283,2025-07-18T03:00:00+08:00
PP-0000009,WH-04,MAT-0194,19007,2025-10-31T18:00:00+08:00,2025-11-05T11:00:00+08:00,planned,normal,0.8692,2025-10-31T21:00:00+08:00
PP-0000010,WH-02,MAT-0170,11211,2025-10-26T18:00:00+08:00,2025-10-27T15:00:00+08:00,completed,normal,0.7811,2025-10-27T23:00:00+08:00
PP-0000011,WH-02,MAT-0069,878,2026-03-07T15:00:00+08:00,2026-03-09T10:00:00+08:00,completed,high,0.9559,2026-03-08T12:00:00+08:00
PP-0000012,WH-02,MAT-0211,17245,2025-11-06T18:00:00+08:00,2025-11-10T12:00:00+08:00,planned,high,0.6765,2025-11-07T17:00:00+08:00
PP-0000013,WH-02,MAT-0031,19354,2026-07-18T22:00:00+08:00,2026-07-20T01:00:00+08:00,at_risk,normal,0.9054,2026-06-15T08:00:00+08:00
PP-0000014,WH-04,MAT-0144,16185,2026-04-14T04:00:00+08:00,2026-04-17T19:00:00+08:00,completed,normal,0.8542,2026-04-14T19:00:00+08:00
PP-0000015,WH-02,MAT-0152,7298,2026-01-15T22:00:00+08:00,2026-01-16T11:00:00+08:00,planned,normal,0.6706,2026-01-16T00:00:00+08:00
PP-0000016,WH-04,MAT-0131,19544,2025-11-18T11:00:00+08:00,2025-11-21T15:00:00+08:00,released,normal,0.8696,2025-11-18T23:00:00+08:00
PP-0000017,WH-02,MAT-0022,5220,2026-06-13T00:00:00+08:00,2026-06-14T01:00:00+08:00,released,normal,0.9534,2026-06-13T17:00:00+08:00
PP-0000018,WH-04,MAT-0213,13229,2026-04-10T06:00:00+08:00,2026-04-14T03:00:00+08:00,completed,normal,0.9569,2026-04-10T15:00:00+08:00
PP-0000019,WH-04,MAT-0155,8291,2026-06-30T05:00:00+08:00,2026-07-01T05:00:00+08:00,planned,normal,0.7758,2026-06-15T08:00:00+08:00
PP-0000020,WH-02,MAT-0084,10526,2026-03-23T22:00:00+08:00,2026-03-25T14:00:00+08:00,paused,high,0.6926,2026-03-24T09:00:00+08:00
PP-0000021,WH-04,MAT-0114,16249,2025-10-28T23:00:00+08:00,2025-10-31T19:00:00+08:00,completed,high,0.6475,2025-10-29T10:00:00+08:00
PP-0000022,WH-04,MAT-0032,8353,2026-06-13T20:00:00+08:00,2026-06-17T16:00:00+08:00,released,normal,0.9812,2026-06-14T17:00:00+08:00
PP-0000023,WH-04,MAT-0211,11201,2026-05-25T12:00:00+08:00,2026-05-29T16:00:00+08:00,released,high,0.9717,2026-05-26T14:00:00+08:00
PP-0000024,WH-02,MAT-0173,4284,2025-06-28T14:00:00+08:00,2025-07-01T01:00:00+08:00,completed,normal,0.835,2025-06-30T04:00:00+08:00
PP-0000025,WH-02,MAT-0179,12132,2026-01-04T11:00:00+08:00,2026-01-09T02:00:00+08:00,completed,normal,0.9541,2026-01-06T03:00:00+08:00
PP-0000026,WH-04,MAT-0211,13797,2025-08-05T08:00:00+08:00,2025-08-07T23:00:00+08:00,completed,normal,0.9224,2025-08-07T06:00:00+08:00
PP-0000027,WH-02,MAT-0131,4136,2026-04-23T17:00:00+08:00,2026-04-27T03:00:00+08:00,released,normal,0.9761,2026-04-24T00:00:00+08:00
PP-0000028,WH-02,MAT-0186,15301,2026-06-07T23:00:00+08:00,2026-06-11T11:00:00+08:00,completed,high,0.7644,2026-06-09T00:00:00+08:00
PP-0000029,WH-04,MAT-0128,14312,2026-03-07T00:00:00+08:00,2026-03-11T07:00:00+08:00,at_risk,high,0.7504,2026-03-07T02:00:00+08:00
PP-0000030,WH-02,MAT-0021,110,2025-08-05T13:00:00+08:00,2025-08-07T05:00:00+08:00,completed,normal,0.8055,2025-08-06T14:00:00+08:00
PP-0000031,WH-02,MAT-0133,5962,2026-04-22T15:00:00+08:00,2026-04-26T11:00:00+08:00,completed,normal,0.684,2026-04-22T15:00:00+08:00
PP-0000032,WH-04,MAT-0152,7509,2025-10-14T15:00:00+08:00,2025-10-16T03:00:00+08:00,planned,normal,0.8906,2025-10-16T09:00:00+08:00
PP-0000033,WH-04,MAT-0158,17705,2026-03-26T17:00:00+08:00,2026-03-29T18:00:00+08:00,completed,normal,0.5961,2026-03-27T20:00:00+08:00
PP-0000034,WH-04,MAT-0125,7570,2026-06-01T01:00:00+08:00,2026-06-03T12:00:00+08:00,completed,normal,0.8939,2026-06-01T04:00:00+08:00
PP-0000035,WH-02,MAT-0087,19957,2026-02-16T07:00:00+08:00,2026-02-20T10:00:00+08:00,released,normal,0.6804,2026-02-17T16:00:00+08:00
PP-0000036,WH-02,MAT-0056,6328,2026-07-05T17:00:00+08:00,2026-07-06T21:00:00+08:00,planned,normal,0.9046,2026-06-15T08:00:00+08:00
PP-0000037,WH-04,MAT-0055,3294,2025-06-17T03:00:00+08:00,2025-06-20T13:00:00+08:00,completed,high,0.7729,2025-06-18T12:00:00+08:00
PP-0000038,WH-04,MAT-0026,3136,2026-07-01T15:00:00+08:00,2026-07-06T11:00:00+08:00,paused,normal,0.6243,2026-06-15T08:00:00+08:00
PP-0000039,WH-04,MAT-0173,1360,2026-04-23T07:00:00+08:00,2026-04-24T06:00:00+08:00,completed,urgent,0.9637,2026-04-23T20:00:00+08:00
PP-0000040,WH-04,MAT-0100,11798,2025-09-10T15:00:00+08:00,2025-09-14T13:00:00+08:00,completed,normal,0.7103,2025-09-11T01:00:00+08:00
PP-0000041,WH-04,MAT-0203,11869,2025-06-24T00:00:00+08:00,2025-06-24T08:00:00+08:00,planned,normal,0.9442,2025-06-25T10:00:00+08:00
PP-0000042,WH-02,MAT-0117,11501,2026-03-31T15:00:00+08:00,2026-04-02T07:00:00+08:00,paused,normal,0.7498,2026-04-01T12:00:00+08:00
PP-0000043,WH-02,MAT-0071,16077,2025-10-02T03:00:00+08:00,2025-10-02T23:00:00+08:00,planned,high,0.7,2025-10-03T12:00:00+08:00
PP-0000044,WH-02,MAT-0043,19433,2026-03-03T22:00:00+08:00,2026-03-08T00:00:00+08:00,completed,normal,0.8367,2026-03-05T06:00:00+08:00
PP-0000045,WH-04,MAT-0056,17856,2026-03-01T17:00:00+08:00,2026-03-03T19:00:00+08:00,completed,urgent,0.781,2026-03-02T23:00:00+08:00
PP-0000046,WH-04,MAT-0236,17184,2026-03-03T12:00:00+08:00,2026-03-06T20:00:00+08:00,completed,urgent,0.7185,2026-03-04T16:00:00+08:00
PP-0000047,WH-02,MAT-0111,19684,2026-05-18T19:00:00+08:00,2026-05-23T16:00:00+08:00,completed,normal,0.9947,2026-05-19T10:00:00+08:00
PP-0000048,WH-02,MAT-0144,4808,2025-07-28T22:00:00+08:00,2025-08-01T21:00:00+08:00,completed,high,0.8205,2025-07-30T06:00:00+08:00
PP-0000049,WH-02,MAT-0077,12471,2025-09-27T00:00:00+08:00,2025-09-27T19:00:00+08:00,completed,normal,0.755,2025-09-27T01:00:00+08:00
PP-0000050,WH-04,MAT-0151,19943,2026-04-14T02:00:00+08:00,2026-04-14T23:00:00+08:00,completed,normal,0.6159,2026-04-15T03:00:00+08:00
PP-0000051,WH-02,MAT-0022,8166,2026-03-01T13:00:00+08:00,2026-03-02T02:00:00+08:00,completed,normal,0.8955,2026-03-03T11:00:00+08:00
PP-0000052,WH-04,MAT-0192,12062,2026-01-16T17:00:00+08:00,2026-01-20T11:00:00+08:00,completed,high,0.9401,2026-01-18T02:00:00+08:00
PP-0000053,WH-04,MAT-0069,8764,2025-11-27T20:00:00+08:00,2025-11-29T08:00:00+08:00,completed,high,0.561,2025-11-28T17:00:00+08:00
PP-0000054,WH-04,MAT-0089,9216,2026-05-20T10:00:00+08:00,2026-05-20T19:00:00+08:00,planned,high,0.9408,2026-05-21T19:00:00+08:00
PP-0000055,WH-04,MAT-0183,4229,2025-09-11T23:00:00+08:00,2025-09-15T21:00:00+08:00,paused,high,0.727,2025-09-12T21:00:00+08:00
PP-0000056,WH-02,MAT-0239,5667,2025-10-31T11:00:00+08:00,2025-11-02T21:00:00+08:00,released,high,0.5555,2025-11-01T22:00:00+08:00
PP-0000057,WH-02,MAT-0189,7467,2025-11-29T05:00:00+08:00,2025-12-02T02:00:00+08:00,completed,high,0.7581,2025-11-29T05:00:00+08:00
PP-0000058,WH-02,MAT-0234,11194,2025-09-20T06:00:00+08:00,2025-09-24T22:00:00+08:00,completed,normal,0.9098,2025-09-20T14:00:00+08:00
PP-0000059,WH-04,MAT-0143,17769,2026-01-08T19:00:00+08:00,2026-01-11T17:00:00+08:00,released,normal,0.6711,2026-01-10T09:00:00+08:00
PP-0000060,WH-04,MAT-0116,19647,2025-10-27T12:00:00+08:00,2025-10-31T22:00:00+08:00,released,normal,0.9706,2025-10-27T22:00:00+08:00
PP-0000061,WH-04,MAT-0043,167,2025-12-24T02:00:00+08:00,2025-12-25T02:00:00+08:00,released,high,0.6377,2025-12-24T16:00:00+08:00
PP-0000062,WH-02,MAT-0214,16770,2026-04-11T00:00:00+08:00,2026-04-13T08:00:00+08:00,completed,normal,0.9866,2026-04-12T15:00:00+08:00
PP-0000063,WH-04,MAT-0004,1532,2026-06-20T10:00:00+08:00,2026-06-21T08:00:00+08:00,completed,normal,0.8186,2026-06-15T08:00:00+08:00
PP-0000064,WH-02,MAT-0026,6372,2025-10-14T03:00:00+08:00,2025-10-15T13:00:00+08:00,completed,urgent,0.8045,2025-10-15T02:00:00+08:00
PP-0000065,WH-04,MAT-0140,5028,2026-05-02T19:00:00+08:00,2026-05-04T01:00:00+08:00,completed,normal,0.6798,2026-05-03T09:00:00+08:00
PP-0000066,WH-02,MAT-0227,5421,2025-08-15T04:00:00+08:00,2025-08-15T22:00:00+08:00,completed,normal,0.8598,2025-08-16T02:00:00+08:00
PP-0000067,WH-04,MAT-0138,2173,2026-01-12T06:00:00+08:00,2026-01-16T12:00:00+08:00,completed,normal,0.9967,2026-01-12T19:00:00+08:00
PP-0000068,WH-04,MAT-0111,9179,2026-04-03T00:00:00+08:00,2026-04-07T01:00:00+08:00,completed,urgent,0.9089,2026-04-03T22:00:00+08:00
PP-0000069,WH-02,MAT-0081,14338,2026-04-22T11:00:00+08:00,2026-04-25T10:00:00+08:00,completed,normal,0.9609,2026-04-22T14:00:00+08:00
PP-0000070,WH-04,MAT-0121,11017,2026-03-07T05:00:00+08:00,2026-03-10T17:00:00+08:00,completed,normal,0.6414,2026-03-07T17:00:00+08:00
PP-0000071,WH-02,MAT-0060,18551,2026-04-05T01:00:00+08:00,2026-04-07T22:00:00+08:00,completed,urgent,0.916,2026-04-05T08:00:00+08:00
PP-0000072,WH-02,MAT-0121,16210,2025-09-30T13:00:00+08:00,2025-10-02T00:00:00+08:00,at_risk,normal,0.7791,2025-10-01T21:00:00+08:00
PP-0000073,WH-02,MAT-0234,3554,2025-08-04T19:00:00+08:00,2025-08-07T22:00:00+08:00,planned,normal,0.7173,2025-08-05T07:00:00+08:00
PP-0000074,WH-04,MAT-0214,10954,2025-08-13T02:00:00+08:00,2025-08-16T22:00:00+08:00,completed,normal,0.6744,2025-08-14T22:00:00+08:00
PP-0000075,WH-04,MAT-0193,19799,2025-06-17T14:00:00+08:00,2025-06-21T03:00:00+08:00,completed,normal,0.7313,2025-06-18T23:00:00+08:00
PP-0000076,WH-04,MAT-0055,4917,2025-09-20T02:00:00+08:00,2025-09-23T06:00:00+08:00,completed,normal,0.5956,2025-09-21T05:00:00+08:00
PP-0000077,WH-04,MAT-0169,744,2026-03-22T00:00:00+08:00,2026-03-25T10:00:00+08:00,released,normal,0.9758,2026-03-23T13:00:00+08:00
PP-0000078,WH-02,MAT-0014,13114,2026-06-14T15:00:00+08:00,2026-06-17T11:00:00+08:00,released,normal,0.5864,2026-06-14T19:00:00+08:00
PP-0000079,WH-04,MAT-0171,12551,2025-12-10T02:00:00+08:00,2025-12-11T03:00:00+08:00,planned,normal,0.8962,2025-12-11T16:00:00+08:00
PP-0000080,WH-02,MAT-0091,6171,2025-08-01T09:00:00+08:00,2025-08-02T06:00:00+08:00,completed,normal,0.9246,2025-08-03T03:00:00+08:00
PP-0000081,WH-04,MAT-0219,6559,2026-06-25T09:00:00+08:00,2026-06-28T15:00:00+08:00,completed,normal,0.6369,2026-06-15T08:00:00+08:00
PP-0000082,WH-04,MAT-0189,4843,2026-04-17T22:00:00+08:00,2026-04-20T18:00:00+08:00,at_risk,normal,0.8427,2026-04-19T06:00:00+08:00
PP-0000083,WH-02,MAT-0016,19881,2026-03-03T17:00:00+08:00,2026-03-04T11:00:00+08:00,completed,normal,0.9339,2026-03-05T05:00:00+08:00
PP-0000084,WH-04,MAT-0034,12640,2025-11-20T23:00:00+08:00,2025-11-24T19:00:00+08:00,released,urgent,0.6639,2025-11-21T13:00:00+08:00
PP-0000085,WH-04,MAT-0154,18482,2026-04-25T20:00:00+08:00,2026-04-26T06:00:00+08:00,completed,normal,0.613,2026-04-27T11:00:00+08:00
PP-0000086,WH-04,MAT-0099,10101,2025-09-05T19:00:00+08:00,2025-09-09T16:00:00+08:00,completed,normal,0.8415,2025-09-06T20:00:00+08:00
PP-0000087,WH-02,MAT-0203,5648,2026-02-20T21:00:00+08:00,2026-02-22T11:00:00+08:00,completed,normal,0.6422,2026-02-21T02:00:00+08:00
PP-0000088,WH-02,MAT-0082,8206,2025-11-07T04:00:00+08:00,2025-11-11T21:00:00+08:00,completed,normal,0.8334,2025-11-08T04:00:00+08:00
PP-0000089,WH-02,MAT-0096,7228,2026-07-10T12:00:00+08:00,2026-07-12T07:00:00+08:00,completed,urgent,0.7018,2026-06-15T08:00:00+08:00
PP-0000090,WH-02,MAT-0220,17936,2026-02-27T08:00:00+08:00,2026-03-03T00:00:00+08:00,planned,normal,0.5772,2026-03-01T04:00:00+08:00
PP-0000091,WH-04,MAT-0221,13498,2026-02-23T18:00:00+08:00,2026-02-28T14:00:00+08:00,completed,high,0.9124,2026-02-24T20:00:00+08:00
PP-0000092,WH-02,MAT-0181,17325,2025-10-19T19:00:00+08:00,2025-10-23T04:00:00+08:00,planned,high,0.8553,2025-10-20T23:00:00+08:00
PP-0000093,WH-04,MAT-0015,5128,2026-04-19T22:00:00+08:00,2026-04-20T13:00:00+08:00,released,normal,0.738,2026-04-20T12:00:00+08:00
PP-0000094,WH-02,MAT-0191,15643,2025-08-29T08:00:00+08:00,2025-08-30T08:00:00+08:00,planned,high,0.9363,2025-08-30T06:00:00+08:00
PP-0000095,WH-02,MAT-0028,5584,2026-07-06T11:00:00+08:00,2026-07-09T02:00:00+08:00,released,high,0.7737,2026-06-15T08:00:00+08:00
PP-0000096,WH-04,MAT-0038,14480,2025-09-25T07:00:00+08:00,2025-09-27T13:00:00+08:00,released,urgent,0.5992,2025-09-26T14:00:00+08:00
PP-0000097,WH-04,MAT-0081,16810,2025-09-14T15:00:00+08:00,2025-09-18T14:00:00+08:00,completed,normal,0.9608,2025-09-15T23:00:00+08:00
PP-0000098,WH-04,MAT-0191,11886,2026-02-12T23:00:00+08:00,2026-02-14T08:00:00+08:00,completed,normal,0.7486,2026-02-13T00:00:00+08:00
PP-0000099,WH-02,MAT-0024,11295,2025-12-01T09:00:00+08:00,2025-12-02T15:00:00+08:00,at_risk,normal,0.8841,2025-12-02T07:00:00+08:00
PP-0000100,WH-04,MAT-0022,18892,2026-06-08T20:00:00+08:00,2026-06-10T09:00:00+08:00,completed,normal,0.5633,2026-06-08T20:00:00+08:00
PP-0000101,WH-02,MAT-0156,4288,2026-07-11T12:00:00+08:00,2026-07-15T09:00:00+08:00,at_risk,urgent,0.9462,2026-06-15T08:00:00+08:00
PP-0000102,WH-02,MAT-0142,12263,2026-06-07T15:00:00+08:00,2026-06-10T00:00:00+08:00,planned,urgent,0.7919,2026-06-08T01:00:00+08:00
PP-0000103,WH-02,MAT-0056,11369,2025-12-11T02:00:00+08:00,2025-12-12T08:00:00+08:00,released,high,0.8445,2025-12-11T22:00:00+08:00
PP-0000104,WH-02,MAT-0129,6031,2026-06-03T15:00:00+08:00,2026-06-04T23:00:00+08:00,at_risk,normal,0.6592,2026-06-03T20:00:00+08:00
PP-0000105,WH-04,MAT-0067,17999,2026-01-23T14:00:00+08:00,2026-01-28T08:00:00+08:00,planned,normal,0.9173,2026-01-25T04:00:00+08:00
PP-0000106,WH-04,MAT-0129,17508,2026-03-08T17:00:00+08:00,2026-03-10T08:00:00+08:00,completed,normal,0.7827,2026-03-10T03:00:00+08:00
PP-0000107,WH-04,MAT-0049,12595,2025-12-28T21:00:00+08:00,2025-12-30T05:00:00+08:00,released,normal,0.9311,2025-12-30T16:00:00+08:00
PP-0000108,WH-02,MAT-0220,8474,2026-02-21T04:00:00+08:00,2026-02-24T04:00:00+08:00,planned,high,0.8086,2026-02-21T22:00:00+08:00
PP-0000109,WH-04,MAT-0179,11123,2025-06-20T08:00:00+08:00,2025-06-23T19:00:00+08:00,released,high,0.694,2025-06-20T09:00:00+08:00
PP-0000110,WH-02,MAT-0171,14164,2025-10-29T22:00:00+08:00,2025-10-31T11:00:00+08:00,planned,normal,0.655,2025-10-31T22:00:00+08:00
PP-0000111,WH-04,MAT-0222,13460,2025-11-07T14:00:00+08:00,2025-11-10T02:00:00+08:00,completed,urgent,0.6694,2025-11-07T18:00:00+08:00
PP-0000112,WH-04,MAT-0216,15188,2026-05-12T07:00:00+08:00,2026-05-14T16:00:00+08:00,planned,normal,0.6775,2026-05-13T21:00:00+08:00
PP-0000113,WH-04,MAT-0138,19857,2026-05-23T07:00:00+08:00,2026-05-26T14:00:00+08:00,completed,normal,0.8534,2026-05-23T19:00:00+08:00
PP-0000114,WH-04,MAT-0079,13975,2026-03-11T04:00:00+08:00,2026-03-15T18:00:00+08:00,at_risk,normal,0.8809,2026-03-13T00:00:00+08:00
PP-0000115,WH-04,MAT-0088,12856,2026-01-27T11:00:00+08:00,2026-01-31T12:00:00+08:00,released,high,0.9861,2026-01-28T01:00:00+08:00
PP-0000116,WH-04,MAT-0208,6504,2025-09-13T19:00:00+08:00,2025-09-17T14:00:00+08:00,planned,normal,0.6797,2025-09-15T04:00:00+08:00
PP-0000117,WH-04,MAT-0207,9708,2025-07-12T12:00:00+08:00,2025-07-14T21:00:00+08:00,planned,high,0.7642,2025-07-13T08:00:00+08:00
PP-0000118,WH-02,MAT-0145,2940,2025-09-30T14:00:00+08:00,2025-10-01T15:00:00+08:00,completed,normal,0.5954,2025-10-02T04:00:00+08:00
PP-0000119,WH-02,MAT-0099,17727,2025-09-16T19:00:00+08:00,2025-09-20T10:00:00+08:00,released,normal,0.9941,2025-09-16T19:00:00+08:00
PP-0000120,WH-02,MAT-0115,18939,2026-05-04T04:00:00+08:00,2026-05-08T03:00:00+08:00,completed,normal,0.773,2026-05-05T00:00:00+08:00
PP-0000121,WH-04,MAT-0072,18526,2025-12-13T03:00:00+08:00,2025-12-16T04:00:00+08:00,completed,normal,0.7354,2025-12-15T00:00:00+08:00
PP-0000122,WH-02,MAT-0174,11041,2025-07-30T04:00:00+08:00,2025-08-03T14:00:00+08:00,planned,normal,0.7163,2025-07-30T10:00:00+08:00
PP-0000123,WH-02,MAT-0176,860,2026-01-06T21:00:00+08:00,2026-01-10T10:00:00+08:00,released,high,0.837,2026-01-08T02:00:00+08:00
PP-0000124,WH-02,MAT-0002,6869,2026-05-30T21:00:00+08:00,2026-06-02T09:00:00+08:00,released,normal,0.5769,2026-05-31T07:00:00+08:00
PP-0000125,WH-04,MAT-0165,14844,2026-02-03T15:00:00+08:00,2026-02-08T03:00:00+08:00,released,high,0.8371,2026-02-05T06:00:00+08:00
PP-0000126,WH-02,MAT-0234,8244,2025-08-16T07:00:00+08:00,2025-08-17T23:00:00+08:00,at_risk,urgent,0.8064,2025-08-17T17:00:00+08:00
PP-0000127,WH-02,MAT-0160,10382,2026-04-05T23:00:00+08:00,2026-04-10T13:00:00+08:00,completed,normal,0.7775,2026-04-06T15:00:00+08:00
PP-0000128,WH-02,MAT-0112,1852,2025-07-18T00:00:00+08:00,2025-07-20T14:00:00+08:00,completed,normal,0.718,2025-07-18T15:00:00+08:00
PP-0000129,WH-02,MAT-0164,6383,2026-03-23T07:00:00+08:00,2026-03-25T09:00:00+08:00,planned,normal,0.898,2026-03-25T07:00:00+08:00
PP-0000130,WH-02,MAT-0075,10719,2026-04-30T20:00:00+08:00,2026-05-05T00:00:00+08:00,released,normal,0.6845,2026-05-01T18:00:00+08:00
PP-0000131,WH-02,MAT-0109,3805,2026-02-05T04:00:00+08:00,2026-02-08T06:00:00+08:00,completed,normal,0.6566,2026-02-06T08:00:00+08:00
PP-0000132,WH-02,MAT-0131,5037,2026-05-15T16:00:00+08:00,2026-05-19T10:00:00+08:00,released,high,0.7416,2026-05-15T19:00:00+08:00
PP-0000133,WH-04,MAT-0050,18636,2026-02-07T23:00:00+08:00,2026-02-12T12:00:00+08:00,completed,normal,0.8269,2026-02-08T07:00:00+08:00
PP-0000134,WH-02,MAT-0201,4717,2026-03-01T19:00:00+08:00,2026-03-03T13:00:00+08:00,completed,normal,0.6428,2026-03-03T18:00:00+08:00
PP-0000135,WH-04,MAT-0191,10263,2026-01-12T11:00:00+08:00,2026-01-17T10:00:00+08:00,released,normal,0.8325,2026-01-14T09:00:00+08:00
PP-0000136,WH-02,MAT-0108,17061,2026-01-10T17:00:00+08:00,2026-01-12T01:00:00+08:00,planned,normal,0.8417,2026-01-12T10:00:00+08:00
PP-0000137,WH-02,MAT-0054,5833,2026-04-28T20:00:00+08:00,2026-05-01T07:00:00+08:00,completed,urgent,0.9829,2026-04-30T06:00:00+08:00
PP-0000138,WH-04,MAT-0226,11642,2025-09-08T08:00:00+08:00,2025-09-11T23:00:00+08:00,planned,high,0.8626,2025-09-09T09:00:00+08:00
PP-0000139,WH-04,MAT-0225,10652,2025-12-25T23:00:00+08:00,2025-12-28T09:00:00+08:00,completed,normal,0.7632,2025-12-26T05:00:00+08:00
PP-0000140,WH-02,MAT-0220,4709,2025-07-20T23:00:00+08:00,2025-07-23T20:00:00+08:00,released,normal,0.9837,2025-07-22T09:00:00+08:00
PP-0000141,WH-04,MAT-0013,10597,2025-10-07T21:00:00+08:00,2025-10-12T20:00:00+08:00,planned,high,0.8066,2025-10-09T01:00:00+08:00
PP-0000142,WH-04,MAT-0038,16905,2025-06-23T13:00:00+08:00,2025-06-26T17:00:00+08:00,planned,normal,0.6082,2025-06-24T23:00:00+08:00
PP-0000143,WH-02,MAT-0138,1235,2025-06-27T18:00:00+08:00,2025-06-28T05:00:00+08:00,planned,urgent,0.9718,2025-06-28T11:00:00+08:00
PP-0000144,WH-02,MAT-0062,19649,2026-03-01T02:00:00+08:00,2026-03-03T09:00:00+08:00,completed,normal,0.7226,2026-03-01T05:00:00+08:00
PP-0000145,WH-04,MAT-0236,17406,2025-11-13T14:00:00+08:00,2025-11-16T17:00:00+08:00,completed,high,0.6141,2025-11-14T10:00:00+08:00
PP-0000146,WH-04,MAT-0210,2959,2026-04-14T04:00:00+08:00,2026-04-14T23:00:00+08:00,completed,high,0.7317,2026-04-14T04:00:00+08:00
PP-0000147,WH-02,MAT-0003,5318,2026-02-06T13:00:00+08:00,2026-02-07T23:00:00+08:00,completed,urgent,0.9858,2026-02-07T18:00:00+08:00
PP-0000148,WH-02,MAT-0142,4099,2026-06-17T08:00:00+08:00,2026-06-18T14:00:00+08:00,completed,normal,0.7653,2026-06-15T08:00:00+08:00
PP-0000149,WH-04,MAT-0231,19625,2025-12-20T21:00:00+08:00,2025-12-23T22:00:00+08:00,completed,urgent,0.7315,2025-12-21T06:00:00+08:00
PP-0000150,WH-02,MAT-0118,2974,2026-03-02T14:00:00+08:00,2026-03-03T04:00:00+08:00,completed,normal,0.6953,2026-03-03T05:00:00+08:00
PP-0000151,WH-02,MAT-0191,3657,2026-05-16T15:00:00+08:00,2026-05-20T09:00:00+08:00,completed,high,0.7406,2026-05-18T15:00:00+08:00
PP-0000152,WH-04,MAT-0134,11807,2025-09-25T22:00:00+08:00,2025-09-27T12:00:00+08:00,released,normal,0.5991,2025-09-26T12:00:00+08:00
PP-0000153,WH-04,MAT-0031,7050,2026-04-26T05:00:00+08:00,2026-04-27T06:00:00+08:00,completed,normal,0.7556,2026-04-27T01:00:00+08:00
PP-0000154,WH-04,MAT-0100,19450,2025-12-21T19:00:00+08:00,2025-12-26T12:00:00+08:00,completed,high,0.7194,2025-12-22T03:00:00+08:00
PP-0000155,WH-04,MAT-0080,19052,2025-06-16T21:00:00+08:00,2025-06-20T23:00:00+08:00,planned,high,0.708,2025-06-18T11:00:00+08:00
PP-0000156,WH-02,MAT-0167,14393,2025-11-03T01:00:00+08:00,2025-11-06T00:00:00+08:00,at_risk,normal,0.9035,2025-11-04T21:00:00+08:00
PP-0000157,WH-02,MAT-0036,4882,2025-09-01T07:00:00+08:00,2025-09-04T13:00:00+08:00,released,normal,0.9778,2025-09-02T20:00:00+08:00
PP-0000158,WH-04,MAT-0116,10248,2026-05-21T12:00:00+08:00,2026-05-25T04:00:00+08:00,released,high,0.7842,2026-05-22T19:00:00+08:00
PP-0000159,WH-04,MAT-0091,18495,2025-07-11T02:00:00+08:00,2025-07-13T13:00:00+08:00,at_risk,urgent,0.816,2025-07-12T04:00:00+08:00
PP-0000160,WH-02,MAT-0231,10283,2025-07-22T07:00:00+08:00,2025-07-23T04:00:00+08:00,planned,urgent,0.9085,2025-07-24T07:00:00+08:00
PP-0000161,WH-02,MAT-0091,14954,2026-05-29T21:00:00+08:00,2026-05-30T19:00:00+08:00,released,high,0.978,2026-05-31T00:00:00+08:00
PP-0000162,WH-04,MAT-0141,6962,2026-01-13T22:00:00+08:00,2026-01-16T11:00:00+08:00,released,normal,0.9061,2026-01-14T10:00:00+08:00
PP-0000163,WH-02,MAT-0204,15460,2025-07-11T17:00:00+08:00,2025-07-15T06:00:00+08:00,completed,normal,0.8842,2025-07-13T02:00:00+08:00
PP-0000164,WH-04,MAT-0062,1545,2026-06-14T04:00:00+08:00,2026-06-17T14:00:00+08:00,released,normal,0.5746,2026-06-15T08:00:00+08:00
PP-0000165,WH-04,MAT-0117,7281,2025-07-05T09:00:00+08:00,2025-07-06T04:00:00+08:00,planned,high,0.9309,2025-07-07T03:00:00+08:00
PP-0000166,WH-04,MAT-0147,15510,2026-04-26T03:00:00+08:00,2026-04-29T21:00:00+08:00,planned,normal,0.8942,2026-04-27T15:00:00+08:00
PP-0000167,WH-02,MAT-0127,14387,2026-03-01T17:00:00+08:00,2026-03-03T17:00:00+08:00,completed,urgent,0.8106,2026-03-02T16:00:00+08:00
PP-0000168,WH-04,MAT-0227,16361,2026-02-20T04:00:00+08:00,2026-02-24T15:00:00+08:00,at_risk,normal,0.6565,2026-02-20T09:00:00+08:00
PP-0000169,WH-04,MAT-0078,14883,2026-03-01T17:00:00+08:00,2026-03-02T09:00:00+08:00,completed,normal,0.8354,2026-03-03T02:00:00+08:00
PP-0000170,WH-04,MAT-0119,12927,2026-06-27T21:00:00+08:00,2026-07-01T22:00:00+08:00,planned,normal,0.6093,2026-06-15T08:00:00+08:00
PP-0000171,WH-04,MAT-0078,9922,2026-05-29T08:00:00+08:00,2026-05-30T09:00:00+08:00,completed,high,0.6494,2026-05-29T19:00:00+08:00
PP-0000172,WH-02,MAT-0063,5403,2026-01-29T20:00:00+08:00,2026-02-02T14:00:00+08:00,planned,normal,0.7843,2026-01-31T08:00:00+08:00
PP-0000173,WH-04,MAT-0051,14029,2025-10-27T00:00:00+08:00,2025-10-31T03:00:00+08:00,planned,high,0.7292,2025-10-27T00:00:00+08:00
PP-0000174,WH-02,MAT-0036,12533,2025-11-14T19:00:00+08:00,2025-11-17T16:00:00+08:00,paused,high,0.6444,2025-11-16T12:00:00+08:00
PP-0000175,WH-04,MAT-0212,9670,2025-12-15T05:00:00+08:00,2025-12-16T19:00:00+08:00,at_risk,normal,0.9031,2025-12-16T02:00:00+08:00
PP-0000176,WH-02,MAT-0152,19393,2025-10-17T15:00:00+08:00,2025-10-18T00:00:00+08:00,paused,normal,0.6539,2025-10-18T00:00:00+08:00
PP-0000177,WH-04,MAT-0238,16446,2026-07-08T00:00:00+08:00,2026-07-12T05:00:00+08:00,completed,normal,0.5608,2026-06-15T08:00:00+08:00
PP-0000178,WH-02,MAT-0189,1564,2025-11-05T07:00:00+08:00,2025-11-05T20:00:00+08:00,released,high,0.5885,2025-11-05T07:00:00+08:00
PP-0000179,WH-04,MAT-0040,15924,2025-07-17T04:00:00+08:00,2025-07-20T21:00:00+08:00,planned,high,0.6868,2025-07-18T09:00:00+08:00
PP-0000180,WH-04,MAT-0191,18415,2026-03-31T01:00:00+08:00,2026-04-03T19:00:00+08:00,released,normal,0.945,2026-04-02T01:00:00+08:00
PP-0000181,WH-04,MAT-0234,9805,2026-06-09T17:00:00+08:00,2026-06-10T09:00:00+08:00,completed,normal,0.8662,2026-06-11T01:00:00+08:00
PP-0000182,WH-04,MAT-0003,3067,2026-02-01T22:00:00+08:00,2026-02-04T08:00:00+08:00,planned,normal,0.9603,2026-02-03T16:00:00+08:00
PP-0000183,WH-04,MAT-0218,4012,2026-02-04T09:00:00+08:00,2026-02-08T18:00:00+08:00,released,normal,0.7633,2026-02-06T06:00:00+08:00
PP-0000184,WH-02,MAT-0172,10607,2025-09-03T10:00:00+08:00,2025-09-05T18:00:00+08:00,completed,high,0.728,2025-09-05T00:00:00+08:00
PP-0000185,WH-04,MAT-0035,8086,2026-04-28T17:00:00+08:00,2026-05-03T15:00:00+08:00,completed,normal,0.888,2026-04-28T18:00:00+08:00
PP-0000186,WH-04,MAT-0065,735,2026-06-01T15:00:00+08:00,2026-06-05T21:00:00+08:00,completed,high,0.8334,2026-06-03T07:00:00+08:00
PP-0000187,WH-02,MAT-0159,10174,2025-07-02T06:00:00+08:00,2025-07-03T13:00:00+08:00,completed,normal,0.5915,2025-07-02T15:00:00+08:00
PP-0000188,WH-02,MAT-0092,610,2026-01-20T19:00:00+08:00,2026-01-23T12:00:00+08:00,planned,normal,0.9455,2026-01-21T06:00:00+08:00
PP-0000189,WH-04,MAT-0112,12935,2025-12-14T18:00:00+08:00,2025-12-17T09:00:00+08:00,completed,high,0.8633,2025-12-16T08:00:00+08:00
PP-0000190,WH-04,MAT-0240,3675,2025-08-31T03:00:00+08:00,2025-09-04T05:00:00+08:00,released,normal,0.7832,2025-08-31T18:00:00+08:00
PP-0000191,WH-04,MAT-0212,17709,2025-06-24T17:00:00+08:00,2025-06-27T01:00:00+08:00,released,normal,0.7938,2025-06-26T09:00:00+08:00
PP-0000192,WH-04,MAT-0081,11251,2025-07-20T09:00:00+08:00,2025-07-23T17:00:00+08:00,released,normal,0.8479,2025-07-21T17:00:00+08:00
PP-0000193,WH-04,MAT-0044,6209,2026-03-20T13:00:00+08:00,2026-03-24T09:00:00+08:00,completed,normal,0.7896,2026-03-22T07:00:00+08:00
PP-0000194,WH-02,MAT-0216,17884,2025-12-18T22:00:00+08:00,2025-12-20T10:00:00+08:00,completed,normal,0.9169,2025-12-20T03:00:00+08:00
PP-0000195,WH-04,MAT-0112,12409,2025-08-17T04:00:00+08:00,2025-08-18T09:00:00+08:00,at_risk,high,0.7634,2025-08-17T22:00:00+08:00
PP-0000196,WH-04,MAT-0160,17005,2025-11-25T09:00:00+08:00,2025-11-28T13:00:00+08:00,completed,normal,0.6913,2025-11-25T23:00:00+08:00
PP-0000197,WH-04,MAT-0040,9896,2026-03-16T15:00:00+08:00,2026-03-18T05:00:00+08:00,completed,normal,0.8591,2026-03-17T13:00:00+08:00
PP-0000198,WH-04,MAT-0220,6490,2026-01-19T05:00:00+08:00,2026-01-23T10:00:00+08:00,completed,high,0.9605,2026-01-20T08:00:00+08:00
PP-0000199,WH-04,MAT-0016,15745,2025-07-02T05:00:00+08:00,2025-07-03T00:00:00+08:00,planned,normal,0.8015,2025-07-02T14:00:00+08:00
PP-0000200,WH-02,MAT-0119,6222,2026-01-31T03:00:00+08:00,2026-02-01T03:00:00+08:00,completed,normal,0.9171,2026-01-31T19:00:00+08:00
PP-0000201,WH-04,MAT-0179,11460,2026-07-01T04:00:00+08:00,2026-07-01T14:00:00+08:00,completed,normal,0.9035,2026-06-15T08:00:00+08:00
PP-0000202,WH-02,MAT-0158,15319,2025-11-05T16:00:00+08:00,2025-11-07T11:00:00+08:00,paused,urgent,0.8899,2025-11-06T19:00:00+08:00
PP-0000203,WH-04,MAT-0046,14148,2026-07-14T09:00:00+08:00,2026-07-17T11:00:00+08:00,at_risk,normal,0.9315,2026-06-15T08:00:00+08:00
PP-0000204,WH-02,MAT-0025,5804,2026-04-20T07:00:00+08:00,2026-04-21T12:00:00+08:00,completed,high,0.8439,2026-04-20T09:00:00+08:00
PP-0000205,WH-02,MAT-0097,9489,2026-06-11T16:00:00+08:00,2026-06-12T11:00:00+08:00,released,high,0.8989,2026-06-11T20:00:00+08:00
PP-0000206,WH-04,MAT-0228,15018,2026-04-16T09:00:00+08:00,2026-04-18T05:00:00+08:00,completed,normal,0.8205,2026-04-18T00:00:00+08:00
PP-0000207,WH-04,MAT-0238,6699,2025-11-23T16:00:00+08:00,2025-11-25T11:00:00+08:00,paused,normal,0.5648,2025-11-25T09:00:00+08:00
PP-0000208,WH-04,MAT-0053,12125,2026-02-09T15:00:00+08:00,2026-02-10T21:00:00+08:00,at_risk,high,0.7984,2026-02-09T18:00:00+08:00
PP-0000209,WH-02,MAT-0108,11034,2026-01-04T04:00:00+08:00,2026-01-07T17:00:00+08:00,planned,normal,0.9478,2026-01-05T09:00:00+08:00
PP-0000210,WH-02,MAT-0101,8519,2026-04-07T00:00:00+08:00,2026-04-08T09:00:00+08:00,completed,high,0.8042,2026-04-07T03:00:00+08:00
PP-0000211,WH-04,MAT-0075,10818,2025-10-06T17:00:00+08:00,2025-10-07T12:00:00+08:00,completed,normal,0.9718,2025-10-07T11:00:00+08:00
PP-0000212,WH-02,MAT-0169,10806,2025-10-26T09:00:00+08:00,2025-10-27T17:00:00+08:00,planned,normal,0.8075,2025-10-26T20:00:00+08:00
PP-0000213,WH-04,MAT-0229,7883,2026-03-30T05:00:00+08:00,2026-04-01T03:00:00+08:00,released,urgent,0.9226,2026-03-31T15:00:00+08:00
PP-0000214,WH-02,MAT-0092,11049,2025-12-26T10:00:00+08:00,2025-12-29T00:00:00+08:00,released,normal,0.9328,2025-12-27T04:00:00+08:00
PP-0000215,WH-02,MAT-0237,13174,2025-10-23T23:00:00+08:00,2025-10-25T01:00:00+08:00,at_risk,high,0.5921,2025-10-25T16:00:00+08:00
PP-0000216,WH-02,MAT-0177,7973,2025-10-31T02:00:00+08:00,2025-11-04T13:00:00+08:00,completed,normal,0.7209,2025-11-01T18:00:00+08:00
PP-0000217,WH-02,MAT-0208,124,2025-09-23T11:00:00+08:00,2025-09-26T20:00:00+08:00,completed,normal,0.6693,2025-09-24T04:00:00+08:00
PP-0000218,WH-04,MAT-0212,14876,2025-08-17T21:00:00+08:00,2025-08-21T07:00:00+08:00,planned,normal,0.8323,2025-08-18T05:00:00+08:00
PP-0000219,WH-04,MAT-0008,5431,2025-06-23T08:00:00+08:00,2025-06-26T14:00:00+08:00,completed,normal,0.6036,2025-06-24T05:00:00+08:00
PP-0000220,WH-04,MAT-0232,10872,2025-08-07T17:00:00+08:00,2025-08-08T11:00:00+08:00,at_risk,normal,0.8302,2025-08-08T02:00:00+08:00
PP-0000221,WH-04,MAT-0018,8039,2025-08-24T11:00:00+08:00,2025-08-25T22:00:00+08:00,released,urgent,0.5522,2025-08-25T11:00:00+08:00
PP-0000222,WH-04,MAT-0189,6754,2026-04-26T10:00:00+08:00,2026-04-29T02:00:00+08:00,completed,normal,0.6617,2026-04-27T19:00:00+08:00
PP-0000223,WH-04,MAT-0021,17854,2025-10-06T16:00:00+08:00,2025-10-11T08:00:00+08:00,completed,normal,0.5819,2025-10-07T17:00:00+08:00
PP-0000224,WH-02,MAT-0008,16532,2026-02-03T02:00:00+08:00,2026-02-04T00:00:00+08:00,released,urgent,0.5789,2026-02-04T05:00:00+08:00
PP-0000225,WH-04,MAT-0031,12179,2026-02-10T11:00:00+08:00,2026-02-14T00:00:00+08:00,planned,normal,0.5926,2026-02-10T19:00:00+08:00
PP-0000226,WH-02,MAT-0081,9078,2026-01-03T13:00:00+08:00,2026-01-07T14:00:00+08:00,completed,urgent,0.6862,2026-01-03T23:00:00+08:00
PP-0000227,WH-02,MAT-0016,11217,2026-01-04T00:00:00+08:00,2026-01-07T20:00:00+08:00,completed,normal,0.6635,2026-01-05T07:00:00+08:00
PP-0000228,WH-02,MAT-0091,16871,2025-12-17T22:00:00+08:00,2025-12-22T14:00:00+08:00,planned,normal,0.811,2025-12-19T18:00:00+08:00
PP-0000229,WH-02,MAT-0190,16878,2026-05-27T15:00:00+08:00,2026-05-31T06:00:00+08:00,completed,normal,0.7311,2026-05-29T08:00:00+08:00
PP-0000230,WH-04,MAT-0228,3352,2026-02-19T15:00:00+08:00,2026-02-23T15:00:00+08:00,completed,normal,0.9824,2026-02-21T00:00:00+08:00
PP-0000231,WH-04,MAT-0085,5738,2026-06-28T01:00:00+08:00,2026-06-29T04:00:00+08:00,planned,normal,0.7673,2026-06-15T08:00:00+08:00
PP-0000232,WH-04,MAT-0189,8482,2025-12-14T20:00:00+08:00,2025-12-18T20:00:00+08:00,released,urgent,0.8123,2025-12-16T15:00:00+08:00
PP-0000233,WH-04,MAT-0122,9717,2025-08-28T00:00:00+08:00,2025-08-29T03:00:00+08:00,completed,normal,0.7467,2025-08-29T09:00:00+08:00
PP-0000234,WH-04,MAT-0051,17775,2025-11-12T07:00:00+08:00,2025-11-17T00:00:00+08:00,released,normal,0.9954,2025-11-12T19:00:00+08:00
PP-0000235,WH-02,MAT-0093,17335,2026-02-26T21:00:00+08:00,2026-02-28T22:00:00+08:00,completed,normal,0.9848,2026-02-26T21:00:00+08:00
PP-0000236,WH-02,MAT-0032,10298,2026-05-22T20:00:00+08:00,2026-05-25T20:00:00+08:00,planned,normal,0.7816,2026-05-23T10:00:00+08:00
PP-0000237,WH-02,MAT-0061,4531,2026-04-24T21:00:00+08:00,2026-04-27T18:00:00+08:00,released,normal,0.9412,2026-04-25T18:00:00+08:00
PP-0000238,WH-04,MAT-0229,16549,2026-07-09T21:00:00+08:00,2026-07-12T09:00:00+08:00,planned,high,0.7338,2026-06-15T08:00:00+08:00
PP-0000239,WH-04,MAT-0156,4889,2026-03-24T20:00:00+08:00,2026-03-25T16:00:00+08:00,completed,normal,0.645,2026-03-24T20:00:00+08:00
PP-0000240,WH-04,MAT-0147,15209,2025-09-23T19:00:00+08:00,2025-09-25T10:00:00+08:00,released,urgent,0.6058,2025-09-24T00:00:00+08:00
PP-0000241,WH-04,MAT-0047,6589,2025-07-26T22:00:00+08:00,2025-07-29T08:00:00+08:00,completed,normal,0.6728,2025-07-27T04:00:00+08:00
PP-0000242,WH-04,MAT-0010,6723,2026-05-19T18:00:00+08:00,2026-05-20T03:00:00+08:00,completed,high,0.7345,2026-05-20T00:00:00+08:00
PP-0000243,WH-04,MAT-0037,3210,2025-11-07T06:00:00+08:00,2025-11-10T16:00:00+08:00,released,high,0.6957,2025-11-08T10:00:00+08:00
PP-0000244,WH-02,MAT-0228,6261,2026-05-29T22:00:00+08:00,2026-06-01T05:00:00+08:00,completed,normal,0.945,2026-05-30T06:00:00+08:00
PP-0000245,WH-02,MAT-0081,6738,2026-05-06T05:00:00+08:00,2026-05-11T04:00:00+08:00,completed,high,0.955,2026-05-07T15:00:00+08:00
PP-0000246,WH-04,MAT-0220,9520,2025-09-29T18:00:00+08:00,2025-10-03T15:00:00+08:00,completed,normal,0.6409,2025-10-01T06:00:00+08:00
PP-0000247,WH-04,MAT-0231,19015,2025-11-27T18:00:00+08:00,2025-12-02T04:00:00+08:00,completed,normal,0.7093,2025-11-29T03:00:00+08:00
PP-0000248,WH-04,MAT-0119,17043,2025-08-19T12:00:00+08:00,2025-08-24T06:00:00+08:00,planned,normal,0.576,2025-08-19T17:00:00+08:00
PP-0000249,WH-02,MAT-0159,1471,2025-06-18T14:00:00+08:00,2025-06-22T09:00:00+08:00,planned,normal,0.6114,2025-06-19T01:00:00+08:00
PP-0000250,WH-02,MAT-0207,5592,2025-08-05T14:00:00+08:00,2025-08-10T08:00:00+08:00,at_risk,normal,0.8572,2025-08-07T05:00:00+08:00
PP-0000251,WH-02,MAT-0027,4624,2025-09-20T11:00:00+08:00,2025-09-21T04:00:00+08:00,completed,normal,0.7283,2025-09-21T23:00:00+08:00
PP-0000252,WH-02,MAT-0028,2774,2025-10-30T16:00:00+08:00,2025-11-03T07:00:00+08:00,completed,normal,0.972,2025-11-01T14:00:00+08:00
PP-0000253,WH-02,MAT-0224,15450,2026-01-19T07:00:00+08:00,2026-01-23T07:00:00+08:00,planned,high,0.5599,2026-01-19T19:00:00+08:00
PP-0000254,WH-02,MAT-0224,863,2025-08-30T10:00:00+08:00,2025-09-03T01:00:00+08:00,completed,normal,0.6901,2025-09-01T05:00:00+08:00
PP-0000255,WH-04,MAT-0133,5594,2026-05-28T23:00:00+08:00,2026-06-01T08:00:00+08:00,completed,urgent,0.9827,2026-05-29T23:00:00+08:00
PP-0000256,WH-02,MAT-0187,192,2025-10-18T11:00:00+08:00,2025-10-22T01:00:00+08:00,paused,normal,0.7431,2025-10-18T13:00:00+08:00
PP-0000257,WH-04,MAT-0127,1183,2026-01-22T09:00:00+08:00,2026-01-25T10:00:00+08:00,released,normal,0.8611,2026-01-22T16:00:00+08:00
PP-0000258,WH-02,MAT-0091,19193,2026-01-12T05:00:00+08:00,2026-01-13T16:00:00+08:00,completed,high,0.7356,2026-01-12T20:00:00+08:00
PP-0000259,WH-04,MAT-0148,9831,2025-08-01T23:00:00+08:00,2025-08-05T09:00:00+08:00,completed,high,0.726,2025-08-03T04:00:00+08:00
PP-0000260,WH-02,MAT-0093,16807,2025-08-11T07:00:00+08:00,2025-08-12T01:00:00+08:00,released,normal,0.9993,2025-08-12T09:00:00+08:00
PP-0000261,WH-04,MAT-0225,3663,2026-03-07T23:00:00+08:00,2026-03-08T07:00:00+08:00,released,normal,0.9712,2026-03-08T21:00:00+08:00
PP-0000262,WH-02,MAT-0102,5818,2025-10-24T03:00:00+08:00,2025-10-27T06:00:00+08:00,completed,urgent,0.6359,2025-10-25T22:00:00+08:00
PP-0000263,WH-04,MAT-0203,14565,2026-06-27T19:00:00+08:00,2026-07-02T13:00:00+08:00,released,normal,0.971,2026-06-15T08:00:00+08:00
PP-0000264,WH-04,MAT-0183,17439,2026-04-24T21:00:00+08:00,2026-04-27T12:00:00+08:00,planned,normal,0.6183,2026-04-25T22:00:00+08:00
PP-0000265,WH-04,MAT-0072,797,2026-03-27T15:00:00+08:00,2026-04-01T00:00:00+08:00,released,high,0.848,2026-03-29T14:00:00+08:00
PP-0000266,WH-04,MAT-0232,1315,2025-08-02T09:00:00+08:00,2025-08-05T17:00:00+08:00,completed,normal,0.7763,2025-08-03T01:00:00+08:00
PP-0000267,WH-02,MAT-0020,8867,2025-10-17T01:00:00+08:00,2025-10-18T18:00:00+08:00,planned,high,0.8152,2025-10-17T03:00:00+08:00
PP-0000268,WH-02,MAT-0128,5792,2025-12-02T09:00:00+08:00,2025-12-05T11:00:00+08:00,released,normal,0.5892,2025-12-04T06:00:00+08:00
PP-0000269,WH-04,MAT-0178,14518,2026-03-10T21:00:00+08:00,2026-03-13T10:00:00+08:00,planned,normal,0.918,2026-03-10T23:00:00+08:00
PP-0000270,WH-02,MAT-0223,7364,2026-02-06T00:00:00+08:00,2026-02-11T00:00:00+08:00,released,normal,0.9946,2026-02-08T00:00:00+08:00
PP-0000271,WH-04,MAT-0137,16923,2026-01-15T22:00:00+08:00,2026-01-16T10:00:00+08:00,at_risk,normal,0.9919,2026-01-16T20:00:00+08:00
PP-0000272,WH-02,MAT-0038,1327,2026-02-14T21:00:00+08:00,2026-02-18T11:00:00+08:00,planned,high,0.9921,2026-02-16T13:00:00+08:00
PP-0000273,WH-04,MAT-0081,14141,2026-01-24T18:00:00+08:00,2026-01-28T12:00:00+08:00,released,high,0.6633,2026-01-25T16:00:00+08:00
PP-0000274,WH-04,MAT-0043,7871,2025-10-29T14:00:00+08:00,2025-11-01T17:00:00+08:00,completed,high,0.7934,2025-10-30T05:00:00+08:00
PP-0000275,WH-04,MAT-0035,17439,2026-05-08T22:00:00+08:00,2026-05-09T08:00:00+08:00,completed,urgent,0.8585,2026-05-10T06:00:00+08:00
PP-0000276,WH-02,MAT-0196,3195,2025-10-01T20:00:00+08:00,2025-10-03T07:00:00+08:00,completed,normal,0.9265,2025-10-03T10:00:00+08:00
PP-0000277,WH-04,MAT-0087,13006,2026-07-02T09:00:00+08:00,2026-07-03T03:00:00+08:00,completed,normal,0.701,2026-06-15T08:00:00+08:00
PP-0000278,WH-02,MAT-0093,19739,2026-02-03T06:00:00+08:00,2026-02-07T16:00:00+08:00,released,normal,0.7257,2026-02-04T01:00:00+08:00
PP-0000279,WH-02,MAT-0059,18603,2026-02-21T14:00:00+08:00,2026-02-25T15:00:00+08:00,completed,normal,0.8527,2026-02-23T11:00:00+08:00
PP-0000280,WH-02,MAT-0207,1749,2025-11-04T12:00:00+08:00,2025-11-09T12:00:00+08:00,planned,normal,0.997,2025-11-05T11:00:00+08:00
PP-0000281,WH-02,MAT-0196,1709,2025-11-10T22:00:00+08:00,2025-11-11T19:00:00+08:00,paused,normal,0.5879,2025-11-12T16:00:00+08:00
PP-0000282,WH-04,MAT-0073,15711,2025-07-02T20:00:00+08:00,2025-07-03T09:00:00+08:00,planned,normal,0.8664,2025-07-04T10:00:00+08:00
PP-0000283,WH-02,MAT-0129,8180,2025-12-12T22:00:00+08:00,2025-12-16T14:00:00+08:00,planned,normal,0.7935,2025-12-12T23:00:00+08:00
PP-0000284,WH-02,MAT-0134,11021,2025-07-09T00:00:00+08:00,2025-07-13T00:00:00+08:00,released,urgent,0.9511,2025-07-10T08:00:00+08:00
PP-0000285,WH-04,MAT-0089,3414,2025-08-14T09:00:00+08:00,2025-08-16T17:00:00+08:00,completed,normal,0.8023,2025-08-16T03:00:00+08:00
PP-0000286,WH-02,MAT-0160,9858,2026-03-20T15:00:00+08:00,2026-03-25T10:00:00+08:00,completed,high,0.9218,2026-03-21T23:00:00+08:00
PP-0000287,WH-02,MAT-0128,1406,2025-06-22T08:00:00+08:00,2025-06-23T22:00:00+08:00,completed,normal,0.881,2025-06-23T07:00:00+08:00
PP-0000288,WH-02,MAT-0094,18901,2026-07-19T12:00:00+08:00,2026-07-20T04:00:00+08:00,released,normal,0.7831,2026-06-15T08:00:00+08:00
PP-0000289,WH-04,MAT-0121,18177,2025-10-04T04:00:00+08:00,2025-10-04T17:00:00+08:00,completed,high,0.8504,2025-10-05T05:00:00+08:00
PP-0000290,WH-04,MAT-0237,10782,2026-06-11T14:00:00+08:00,2026-06-13T15:00:00+08:00,completed,urgent,0.8714,2026-06-13T01:00:00+08:00
PP-0000291,WH-04,MAT-0163,16138,2025-12-30T06:00:00+08:00,2026-01-02T23:00:00+08:00,completed,normal,0.7792,2026-01-01T01:00:00+08:00
PP-0000292,WH-04,MAT-0173,17315,2026-03-08T15:00:00+08:00,2026-03-12T10:00:00+08:00,completed,normal,0.6822,2026-03-10T07:00:00+08:00
PP-0000293,WH-02,MAT-0081,3988,2025-07-14T09:00:00+08:00,2025-07-17T17:00:00+08:00,planned,high,0.6312,2025-07-15T20:00:00+08:00
PP-0000294,WH-02,MAT-0041,2715,2025-09-29T21:00:00+08:00,2025-10-04T07:00:00+08:00,completed,normal,0.633,2025-09-30T19:00:00+08:00
PP-0000295,WH-04,MAT-0032,7950,2026-05-10T10:00:00+08:00,2026-05-11T20:00:00+08:00,planned,urgent,0.8515,2026-05-11T13:00:00+08:00
PP-0000296,WH-02,MAT-0031,13222,2026-02-23T02:00:00+08:00,2026-02-25T13:00:00+08:00,released,normal,0.648,2026-02-24T11:00:00+08:00
PP-0000297,WH-04,MAT-0010,11500,2025-09-16T16:00:00+08:00,2025-09-18T18:00:00+08:00,completed,normal,0.9235,2025-09-16T20:00:00+08:00
PP-0000298,WH-02,MAT-0055,17509,2026-04-26T13:00:00+08:00,2026-04-30T11:00:00+08:00,completed,normal,0.5803,2026-04-27T09:00:00+08:00
PP-0000299,WH-04,MAT-0148,14543,2025-07-12T17:00:00+08:00,2025-07-13T18:00:00+08:00,at_risk,normal,0.5548,2025-07-12T23:00:00+08:00
PP-0000300,WH-02,MAT-0200,9458,2025-06-28T02:00:00+08:00,2025-07-01T15:00:00+08:00,planned,high,0.7172,2025-06-29T16:00:00+08:00
PP-0000301,WH-04,MAT-0049,7274,2025-10-21T19:00:00+08:00,2025-10-24T11:00:00+08:00,planned,normal,0.8484,2025-10-23T12:00:00+08:00
PP-0000302,WH-02,MAT-0061,10019,2026-05-06T19:00:00+08:00,2026-05-11T15:00:00+08:00,planned,normal,0.7557,2026-05-07T18:00:00+08:00
PP-0000303,WH-02,MAT-0227,1074,2025-07-23T18:00:00+08:00,2025-07-27T18:00:00+08:00,at_risk,normal,0.551,2025-07-24T19:00:00+08:00
PP-0000304,WH-04,MAT-0133,4919,2025-08-19T09:00:00+08:00,2025-08-19T17:00:00+08:00,at_risk,urgent,0.6145,2025-08-20T14:00:00+08:00
PP-0000305,WH-04,MAT-0076,6044,2026-05-18T11:00:00+08:00,2026-05-22T00:00:00+08:00,completed,normal,0.6223,2026-05-20T03:00:00+08:00
PP-0000306,WH-02,MAT-0154,10944,2025-06-17T12:00:00+08:00,2025-06-21T10:00:00+08:00,planned,high,0.8439,2025-06-19T12:00:00+08:00
PP-0000307,WH-02,MAT-0185,314,2025-12-06T17:00:00+08:00,2025-12-07T06:00:00+08:00,completed,urgent,0.9851,2025-12-06T22:00:00+08:00
PP-0000308,WH-02,MAT-0117,2308,2026-04-06T15:00:00+08:00,2026-04-07T05:00:00+08:00,released,high,0.7521,2026-04-07T20:00:00+08:00
PP-0000309,WH-02,MAT-0200,4723,2025-06-22T06:00:00+08:00,2025-06-26T09:00:00+08:00,at_risk,urgent,0.5725,2025-06-23T19:00:00+08:00
PP-0000310,WH-02,MAT-0072,2395,2026-07-18T04:00:00+08:00,2026-07-21T16:00:00+08:00,planned,high,0.9298,2026-06-15T08:00:00+08:00
PP-0000311,WH-04,MAT-0230,237,2025-10-26T14:00:00+08:00,2025-10-29T10:00:00+08:00,released,high,0.8445,2025-10-27T19:00:00+08:00
PP-0000312,WH-02,MAT-0181,10964,2026-02-18T16:00:00+08:00,2026-02-21T20:00:00+08:00,completed,urgent,0.668,2026-02-20T03:00:00+08:00
PP-0000313,WH-04,MAT-0015,6864,2025-09-26T14:00:00+08:00,2025-09-29T07:00:00+08:00,completed,urgent,0.7374,2025-09-26T19:00:00+08:00
PP-0000314,WH-04,MAT-0207,1106,2025-11-12T05:00:00+08:00,2025-11-14T06:00:00+08:00,released,normal,0.8595,2025-11-12T19:00:00+08:00
PP-0000315,WH-02,MAT-0162,6070,2026-03-02T16:00:00+08:00,2026-03-07T11:00:00+08:00,completed,high,0.6426,2026-03-04T15:00:00+08:00
PP-0000316,WH-04,MAT-0024,14182,2026-01-25T00:00:00+08:00,2026-01-28T17:00:00+08:00,planned,high,0.7039,2026-01-25T07:00:00+08:00
PP-0000317,WH-02,MAT-0227,12992,2026-03-29T03:00:00+08:00,2026-04-01T17:00:00+08:00,planned,high,0.6854,2026-03-29T06:00:00+08:00
PP-0000318,WH-04,MAT-0194,11897,2025-09-08T06:00:00+08:00,2025-09-13T02:00:00+08:00,released,normal,0.7392,2025-09-09T00:00:00+08:00
PP-0000319,WH-02,MAT-0206,4783,2025-12-11T07:00:00+08:00,2025-12-12T12:00:00+08:00,planned,high,0.9264,2025-12-12T03:00:00+08:00
PP-0000320,WH-02,MAT-0014,1130,2026-05-18T06:00:00+08:00,2026-05-21T10:00:00+08:00,released,urgent,0.6461,2026-05-18T22:00:00+08:00
PP-0000321,WH-02,MAT-0140,10855,2025-06-22T07:00:00+08:00,2025-06-23T15:00:00+08:00,planned,normal,0.879,2025-06-23T05:00:00+08:00
PP-0000322,WH-02,MAT-0060,3944,2025-10-21T01:00:00+08:00,2025-10-22T20:00:00+08:00,completed,urgent,0.867,2025-10-22T10:00:00+08:00
PP-0000323,WH-02,MAT-0182,1864,2026-01-01T19:00:00+08:00,2026-01-06T12:00:00+08:00,at_risk,normal,0.6508,2026-01-03T14:00:00+08:00
PP-0000324,WH-04,MAT-0165,6977,2026-06-22T14:00:00+08:00,2026-06-27T06:00:00+08:00,completed,high,0.7908,2026-06-15T08:00:00+08:00
PP-0000325,WH-02,MAT-0041,11968,2026-03-28T03:00:00+08:00,2026-03-31T21:00:00+08:00,completed,normal,0.9986,2026-03-28T22:00:00+08:00
PP-0000326,WH-02,MAT-0050,18903,2025-09-15T21:00:00+08:00,2025-09-17T11:00:00+08:00,completed,high,0.7291,2025-09-16T02:00:00+08:00
PP-0000327,WH-02,MAT-0114,7115,2025-12-14T00:00:00+08:00,2025-12-17T04:00:00+08:00,completed,normal,0.9462,2025-12-15T03:00:00+08:00
PP-0000328,WH-02,MAT-0203,1382,2026-07-18T00:00:00+08:00,2026-07-21T13:00:00+08:00,planned,normal,0.9661,2026-06-15T08:00:00+08:00
PP-0000329,WH-04,MAT-0049,8327,2025-12-30T14:00:00+08:00,2025-12-31T07:00:00+08:00,at_risk,high,0.6342,2026-01-01T14:00:00+08:00
PP-0000330,WH-02,MAT-0091,10905,2026-03-23T06:00:00+08:00,2026-03-24T14:00:00+08:00,completed,normal,0.6192,2026-03-25T04:00:00+08:00
PP-0000331,WH-02,MAT-0024,11487,2025-10-05T08:00:00+08:00,2025-10-09T22:00:00+08:00,completed,normal,0.7322,2025-10-07T03:00:00+08:00
PP-0000332,WH-04,MAT-0109,15872,2026-01-25T03:00:00+08:00,2026-01-28T22:00:00+08:00,at_risk,urgent,0.8967,2026-01-26T23:00:00+08:00
PP-0000333,WH-04,MAT-0081,16647,2026-07-05T01:00:00+08:00,2026-07-06T08:00:00+08:00,completed,urgent,0.5549,2026-06-15T08:00:00+08:00
PP-0000334,WH-04,MAT-0181,6801,2026-01-31T13:00:00+08:00,2026-02-02T09:00:00+08:00,at_risk,normal,0.7946,2026-02-01T01:00:00+08:00
PP-0000335,WH-02,MAT-0165,7565,2025-10-17T05:00:00+08:00,2025-10-19T00:00:00+08:00,completed,high,0.7118,2025-10-18T19:00:00+08:00
PP-0000336,WH-02,MAT-0105,13192,2026-07-16T07:00:00+08:00,2026-07-19T21:00:00+08:00,completed,normal,0.7815,2026-06-15T08:00:00+08:00
PP-0000337,WH-02,MAT-0144,11033,2025-10-01T23:00:00+08:00,2025-10-05T11:00:00+08:00,paused,normal,0.8359,2025-10-03T02:00:00+08:00
PP-0000338,WH-02,MAT-0027,15662,2025-08-08T22:00:00+08:00,2025-08-10T16:00:00+08:00,at_risk,high,0.8635,2025-08-09T14:00:00+08:00
PP-0000339,WH-02,MAT-0165,13264,2026-02-14T10:00:00+08:00,2026-02-16T18:00:00+08:00,completed,high,0.8643,2026-02-15T03:00:00+08:00
PP-0000340,WH-04,MAT-0040,5626,2026-05-11T02:00:00+08:00,2026-05-16T00:00:00+08:00,at_risk,normal,0.5542,2026-05-12T20:00:00+08:00
PP-0000341,WH-02,MAT-0102,304,2026-01-17T16:00:00+08:00,2026-01-21T19:00:00+08:00,completed,normal,0.7286,2026-01-18T13:00:00+08:00
PP-0000342,WH-04,MAT-0070,4012,2025-09-18T08:00:00+08:00,2025-09-19T01:00:00+08:00,completed,normal,0.67,2025-09-18T14:00:00+08:00
PP-0000343,WH-02,MAT-0113,8981,2026-05-16T13:00:00+08:00,2026-05-17T13:00:00+08:00,completed,high,0.8728,2026-05-16T21:00:00+08:00
PP-0000344,WH-02,MAT-0136,16408,2025-12-28T08:00:00+08:00,2025-12-29T19:00:00+08:00,completed,normal,0.8483,2025-12-28T13:00:00+08:00
PP-0000345,WH-02,MAT-0049,5090,2025-09-16T12:00:00+08:00,2025-09-19T08:00:00+08:00,planned,normal,0.6441,2025-09-17T15:00:00+08:00
PP-0000346,WH-04,MAT-0075,10603,2026-03-09T17:00:00+08:00,2026-03-13T15:00:00+08:00,completed,normal,0.5994,2026-03-09T20:00:00+08:00
PP-0000347,WH-02,MAT-0119,606,2026-02-19T02:00:00+08:00,2026-02-22T02:00:00+08:00,released,urgent,0.6173,2026-02-21T00:00:00+08:00
PP-0000348,WH-02,MAT-0175,17630,2026-05-25T14:00:00+08:00,2026-05-27T05:00:00+08:00,completed,normal,0.8954,2026-05-27T12:00:00+08:00
PP-0000349,WH-04,MAT-0067,10908,2026-07-19T15:00:00+08:00,2026-07-21T14:00:00+08:00,completed,high,0.9774,2026-06-15T08:00:00+08:00
PP-0000350,WH-02,MAT-0025,4326,2025-06-23T14:00:00+08:00,2025-06-24T11:00:00+08:00,at_risk,urgent,0.9893,2025-06-24T14:00:00+08:00
PP-0000351,WH-04,MAT-0240,5646,2026-03-28T08:00:00+08:00,2026-03-29T02:00:00+08:00,completed,normal,0.8556,2026-03-28T13:00:00+08:00
PP-0000352,WH-02,MAT-0065,1372,2025-10-05T19:00:00+08:00,2025-10-07T01:00:00+08:00,planned,urgent,0.7703,2025-10-05T19:00:00+08:00
PP-0000353,WH-04,MAT-0117,15645,2025-12-30T16:00:00+08:00,2026-01-02T01:00:00+08:00,released,urgent,0.8683,2026-01-01T08:00:00+08:00
PP-0000354,WH-04,MAT-0229,10156,2026-06-21T23:00:00+08:00,2026-06-22T18:00:00+08:00,at_risk,normal,0.9021,2026-06-15T08:00:00+08:00
PP-0000355,WH-02,MAT-0058,8111,2026-06-10T02:00:00+08:00,2026-06-14T22:00:00+08:00,at_risk,normal,0.6748,2026-06-11T20:00:00+08:00
PP-0000356,WH-04,MAT-0223,11949,2026-06-22T17:00:00+08:00,2026-06-26T15:00:00+08:00,completed,high,0.8202,2026-06-15T08:00:00+08:00
PP-0000357,WH-02,MAT-0140,16193,2026-06-05T13:00:00+08:00,2026-06-09T06:00:00+08:00,planned,normal,0.6018,2026-06-06T20:00:00+08:00
PP-0000358,WH-02,MAT-0218,13222,2025-11-27T20:00:00+08:00,2025-11-29T21:00:00+08:00,completed,urgent,0.7272,2025-11-28T07:00:00+08:00
PP-0000359,WH-04,MAT-0080,13599,2025-12-17T08:00:00+08:00,2025-12-20T21:00:00+08:00,planned,high,0.8277,2025-12-19T04:00:00+08:00
PP-0000360,WH-02,MAT-0071,9235,2026-01-08T22:00:00+08:00,2026-01-13T22:00:00+08:00,completed,normal,0.8284,2026-01-10T19:00:00+08:00
PP-0000361,WH-04,MAT-0181,16876,2025-06-30T04:00:00+08:00,2025-07-02T04:00:00+08:00,planned,urgent,0.7589,2025-07-01T02:00:00+08:00
PP-0000362,WH-04,MAT-0082,18660,2025-06-27T15:00:00+08:00,2025-07-02T05:00:00+08:00,planned,normal,0.6825,2025-06-28T23:00:00+08:00
PP-0000363,WH-02,MAT-0077,13489,2026-03-25T15:00:00+08:00,2026-03-27T07:00:00+08:00,completed,normal,0.6992,2026-03-26T11:00:00+08:00
PP-0000364,WH-02,MAT-0216,6151,2026-06-15T18:00:00+08:00,2026-06-16T20:00:00+08:00,completed,normal,0.7491,2026-06-15T08:00:00+08:00
PP-0000365,WH-02,MAT-0184,18310,2025-11-09T22:00:00+08:00,2025-11-12T21:00:00+08:00,completed,normal,0.9414,2025-11-11T02:00:00+08:00
PP-0000366,WH-02,MAT-0150,10939,2025-07-11T08:00:00+08:00,2025-07-14T20:00:00+08:00,completed,normal,0.919,2025-07-13T06:00:00+08:00
PP-0000367,WH-04,MAT-0185,13465,2025-07-22T15:00:00+08:00,2025-07-26T17:00:00+08:00,released,urgent,0.6788,2025-07-22T21:00:00+08:00
PP-0000368,WH-02,MAT-0038,11894,2026-01-13T12:00:00+08:00,2026-01-16T16:00:00+08:00,completed,normal,0.8273,2026-01-14T08:00:00+08:00
PP-0000369,WH-04,MAT-0191,15641,2025-10-17T03:00:00+08:00,2025-10-18T05:00:00+08:00,planned,normal,0.8836,2025-10-18T08:00:00+08:00
PP-0000370,WH-02,MAT-0186,13199,2026-02-26T09:00:00+08:00,2026-03-01T09:00:00+08:00,completed,normal,0.5619,2026-02-27T15:00:00+08:00
PP-0000371,WH-02,MAT-0029,13312,2025-11-08T09:00:00+08:00,2025-11-12T19:00:00+08:00,completed,normal,0.5826,2025-11-09T20:00:00+08:00
PP-0000372,WH-02,MAT-0134,15337,2026-03-31T22:00:00+08:00,2026-04-05T11:00:00+08:00,completed,high,0.7553,2026-04-01T17:00:00+08:00
PP-0000373,WH-02,MAT-0035,19107,2026-03-21T17:00:00+08:00,2026-03-25T12:00:00+08:00,completed,normal,0.8798,2026-03-23T13:00:00+08:00
PP-0000374,WH-04,MAT-0121,2357,2026-04-08T15:00:00+08:00,2026-04-09T12:00:00+08:00,completed,normal,0.7226,2026-04-08T18:00:00+08:00
PP-0000375,WH-04,MAT-0007,7602,2026-06-24T08:00:00+08:00,2026-06-27T07:00:00+08:00,released,urgent,0.8624,2026-06-15T08:00:00+08:00
PP-0000376,WH-02,MAT-0235,8000,2025-08-16T18:00:00+08:00,2025-08-20T19:00:00+08:00,completed,normal,0.8157,2025-08-17T16:00:00+08:00
PP-0000377,WH-02,MAT-0093,1428,2026-06-15T21:00:00+08:00,2026-06-19T10:00:00+08:00,completed,normal,0.932,2026-06-15T08:00:00+08:00
PP-0000378,WH-04,MAT-0031,9142,2025-07-14T02:00:00+08:00,2025-07-16T23:00:00+08:00,planned,normal,0.8307,2025-07-16T01:00:00+08:00
PP-0000379,WH-02,MAT-0123,14333,2026-02-21T01:00:00+08:00,2026-02-21T12:00:00+08:00,at_risk,urgent,0.6482,2026-02-22T06:00:00+08:00
PP-0000380,WH-02,MAT-0151,5022,2026-06-24T19:00:00+08:00,2026-06-25T23:00:00+08:00,planned,normal,0.9566,2026-06-15T08:00:00+08:00
PP-0000381,WH-02,MAT-0208,5919,2025-08-07T16:00:00+08:00,2025-08-09T08:00:00+08:00,completed,normal,0.8985,2025-08-09T10:00:00+08:00
PP-0000382,WH-02,MAT-0029,458,2026-06-03T17:00:00+08:00,2026-06-06T02:00:00+08:00,at_risk,high,0.737,2026-06-04T04:00:00+08:00
PP-0000383,WH-04,MAT-0153,7645,2025-07-02T22:00:00+08:00,2025-07-03T09:00:00+08:00,completed,normal,0.905,2025-07-03T11:00:00+08:00
PP-0000384,WH-04,MAT-0029,16635,2025-12-09T21:00:00+08:00,2025-12-10T08:00:00+08:00,planned,normal,0.8929,2025-12-10T11:00:00+08:00
PP-0000385,WH-02,MAT-0127,14626,2025-07-12T20:00:00+08:00,2025-07-14T19:00:00+08:00,completed,high,0.8153,2025-07-13T10:00:00+08:00
PP-0000386,WH-04,MAT-0076,18532,2026-07-20T08:00:00+08:00,2026-07-21T12:00:00+08:00,completed,normal,0.5652,2026-06-15T08:00:00+08:00
PP-0000387,WH-04,MAT-0100,7792,2025-11-30T02:00:00+08:00,2025-12-01T14:00:00+08:00,at_risk,normal,0.9747,2025-12-01T18:00:00+08:00
PP-0000388,WH-04,MAT-0118,822,2025-08-12T05:00:00+08:00,2025-08-14T05:00:00+08:00,completed,normal,0.5545,2025-08-12T11:00:00+08:00
PP-0000389,WH-04,MAT-0181,12977,2025-07-23T11:00:00+08:00,2025-07-27T10:00:00+08:00,planned,urgent,0.9034,2025-07-25T05:00:00+08:00
PP-0000390,WH-04,MAT-0170,9291,2026-06-28T21:00:00+08:00,2026-07-02T22:00:00+08:00,at_risk,high,0.6103,2026-06-15T08:00:00+08:00
PP-0000391,WH-04,MAT-0144,11979,2025-07-06T05:00:00+08:00,2025-07-09T11:00:00+08:00,completed,normal,0.9615,2025-07-07T23:00:00+08:00
PP-0000392,WH-02,MAT-0229,5598,2026-06-15T00:00:00+08:00,2026-06-19T22:00:00+08:00,released,normal,0.6224,2026-06-15T08:00:00+08:00
PP-0000393,WH-02,MAT-0122,15609,2026-04-23T20:00:00+08:00,2026-04-28T09:00:00+08:00,completed,normal,0.9346,2026-04-25T07:00:00+08:00
PP-0000394,WH-04,MAT-0088,4659,2025-07-24T09:00:00+08:00,2025-07-27T16:00:00+08:00,released,urgent,0.6723,2025-07-24T20:00:00+08:00
PP-0000395,WH-02,MAT-0173,15746,2025-12-17T22:00:00+08:00,2025-12-21T18:00:00+08:00,completed,normal,0.9606,2025-12-18T12:00:00+08:00
PP-0000396,WH-04,MAT-0182,18577,2026-05-30T08:00:00+08:00,2026-06-02T08:00:00+08:00,at_risk,normal,0.9283,2026-06-01T07:00:00+08:00
PP-0000397,WH-02,MAT-0032,842,2026-03-14T14:00:00+08:00,2026-03-19T00:00:00+08:00,completed,high,0.6599,2026-03-16T03:00:00+08:00
PP-0000398,WH-04,MAT-0167,1653,2026-03-14T22:00:00+08:00,2026-03-19T16:00:00+08:00,planned,normal,0.6869,2026-03-16T06:00:00+08:00
PP-0000399,WH-02,MAT-0031,10320,2025-06-25T09:00:00+08:00,2025-06-30T01:00:00+08:00,planned,normal,0.6805,2025-06-25T19:00:00+08:00
PP-0000400,WH-04,MAT-0046,18859,2026-02-08T17:00:00+08:00,2026-02-12T17:00:00+08:00,paused,high,0.7028,2026-02-09T19:00:00+08:00
PP-0000401,WH-02,MAT-0202,18937,2026-07-02T01:00:00+08:00,2026-07-05T13:00:00+08:00,planned,high,0.6905,2026-06-15T08:00:00+08:00
PP-0000402,WH-02,MAT-0172,983,2026-05-11T22:00:00+08:00,2026-05-13T03:00:00+08:00,planned,high,0.6241,2026-05-13T15:00:00+08:00
PP-0000403,WH-04,MAT-0010,11782,2025-07-06T11:00:00+08:00,2025-07-10T20:00:00+08:00,released,normal,0.9888,2025-07-07T20:00:00+08:00
PP-0000404,WH-04,MAT-0199,17920,2026-01-03T23:00:00+08:00,2026-01-04T18:00:00+08:00,released,normal,0.8851,2026-01-05T01:00:00+08:00
PP-0000405,WH-04,MAT-0152,14200,2025-10-31T08:00:00+08:00,2025-11-04T22:00:00+08:00,completed,normal,0.7821,2025-11-01T01:00:00+08:00
PP-0000406,WH-04,MAT-0126,18354,2025-09-05T00:00:00+08:00,2025-09-09T15:00:00+08:00,completed,high,0.7272,2025-09-05T15:00:00+08:00
PP-0000407,WH-02,MAT-0010,1430,2025-12-07T00:00:00+08:00,2025-12-10T05:00:00+08:00,released,normal,0.8586,2025-12-08T20:00:00+08:00
PP-0000408,WH-02,MAT-0092,17932,2025-12-23T07:00:00+08:00,2025-12-27T12:00:00+08:00,paused,high,0.7152,2025-12-24T16:00:00+08:00
PP-0000409,WH-02,MAT-0015,10030,2025-10-02T19:00:00+08:00,2025-10-04T12:00:00+08:00,planned,normal,0.9599,2025-10-03T22:00:00+08:00
PP-0000410,WH-02,MAT-0103,17904,2025-08-24T05:00:00+08:00,2025-08-27T10:00:00+08:00,completed,high,0.5987,2025-08-25T06:00:00+08:00
PP-0000411,WH-04,MAT-0046,18752,2025-12-11T12:00:00+08:00,2025-12-14T02:00:00+08:00,planned,normal,0.9031,2025-12-12T13:00:00+08:00
PP-0000412,WH-04,MAT-0073,1155,2026-04-30T05:00:00+08:00,2026-05-02T06:00:00+08:00,completed,normal,0.8678,2026-04-30T21:00:00+08:00
PP-0000413,WH-04,MAT-0239,9818,2025-06-19T23:00:00+08:00,2025-06-24T21:00:00+08:00,released,urgent,0.6703,2025-06-20T09:00:00+08:00
PP-0000414,WH-02,MAT-0081,6684,2026-04-17T15:00:00+08:00,2026-04-21T12:00:00+08:00,completed,high,0.641,2026-04-19T13:00:00+08:00
PP-0000415,WH-02,MAT-0186,5376,2025-08-06T16:00:00+08:00,2025-08-11T09:00:00+08:00,completed,normal,0.7292,2025-08-07T07:00:00+08:00
PP-0000416,WH-02,MAT-0083,17131,2025-09-21T18:00:00+08:00,2025-09-22T02:00:00+08:00,released,urgent,0.8235,2025-09-23T07:00:00+08:00
PP-0000417,WH-04,MAT-0085,19956,2025-07-10T17:00:00+08:00,2025-07-11T12:00:00+08:00,completed,normal,0.8767,2025-07-11T15:00:00+08:00
PP-0000418,WH-02,MAT-0185,1222,2026-02-07T23:00:00+08:00,2026-02-08T23:00:00+08:00,completed,normal,0.9603,2026-02-08T03:00:00+08:00
PP-0000419,WH-02,MAT-0095,4655,2025-09-30T04:00:00+08:00,2025-10-02T12:00:00+08:00,paused,normal,0.6153,2025-10-01T05:00:00+08:00
PP-0000420,WH-04,MAT-0080,3058,2025-11-22T08:00:00+08:00,2025-11-27T04:00:00+08:00,planned,normal,0.6276,2025-11-23T04:00:00+08:00
PP-0000421,WH-02,MAT-0038,11012,2025-07-22T08:00:00+08:00,2025-07-24T10:00:00+08:00,at_risk,high,0.5824,2025-07-23T13:00:00+08:00
PP-0000422,WH-04,MAT-0031,6786,2025-09-22T04:00:00+08:00,2025-09-23T20:00:00+08:00,released,urgent,0.7698,2025-09-22T06:00:00+08:00
PP-0000423,WH-04,MAT-0072,5690,2026-06-06T07:00:00+08:00,2026-06-08T18:00:00+08:00,planned,high,0.5904,2026-06-06T18:00:00+08:00
PP-0000424,WH-02,MAT-0141,18025,2025-11-04T21:00:00+08:00,2025-11-06T14:00:00+08:00,planned,high,0.8055,2025-11-06T00:00:00+08:00
PP-0000425,WH-04,MAT-0196,16040,2026-02-01T05:00:00+08:00,2026-02-06T03:00:00+08:00,planned,high,0.8467,2026-02-01T06:00:00+08:00
PP-0000426,WH-04,MAT-0135,15180,2026-07-01T17:00:00+08:00,2026-07-02T15:00:00+08:00,planned,normal,0.8145,2026-06-15T08:00:00+08:00
PP-0000427,WH-02,MAT-0189,14036,2025-07-04T07:00:00+08:00,2025-07-09T02:00:00+08:00,completed,normal,0.7278,2025-07-05T05:00:00+08:00
PP-0000428,WH-04,MAT-0204,14181,2025-11-28T19:00:00+08:00,2025-12-03T17:00:00+08:00,released,normal,0.9397,2025-11-29T15:00:00+08:00
PP-0000429,WH-02,MAT-0059,10708,2026-07-11T17:00:00+08:00,2026-07-16T13:00:00+08:00,at_risk,high,0.9381,2026-06-15T08:00:00+08:00
PP-0000430,WH-02,MAT-0053,11450,2026-03-18T08:00:00+08:00,2026-03-22T02:00:00+08:00,completed,normal,0.5973,2026-03-18T14:00:00+08:00
PP-0000431,WH-02,MAT-0173,14927,2025-12-11T10:00:00+08:00,2025-12-13T09:00:00+08:00,at_risk,normal,0.9697,2025-12-12T21:00:00+08:00
PP-0000432,WH-02,MAT-0030,13837,2026-02-16T08:00:00+08:00,2026-02-17T13:00:00+08:00,released,normal,0.7481,2026-02-17T11:00:00+08:00
PP-0000433,WH-02,MAT-0134,17210,2026-05-26T08:00:00+08:00,2026-05-27T04:00:00+08:00,planned,urgent,0.9468,2026-05-28T04:00:00+08:00
PP-0000434,WH-04,MAT-0080,16467,2026-06-29T20:00:00+08:00,2026-07-02T14:00:00+08:00,planned,normal,0.9607,2026-06-15T08:00:00+08:00
PP-0000435,WH-04,MAT-0152,9175,2026-07-20T03:00:00+08:00,2026-07-23T11:00:00+08:00,completed,normal,0.7683,2026-06-15T08:00:00+08:00
PP-0000436,WH-02,MAT-0029,5600,2025-08-22T06:00:00+08:00,2025-08-22T16:00:00+08:00,completed,high,0.9599,2025-08-22T11:00:00+08:00
PP-0000437,WH-02,MAT-0225,8244,2025-08-11T17:00:00+08:00,2025-08-14T04:00:00+08:00,completed,normal,0.7977,2025-08-13T09:00:00+08:00
PP-0000438,WH-04,MAT-0131,3108,2025-08-06T10:00:00+08:00,2025-08-09T09:00:00+08:00,at_risk,normal,0.5723,2025-08-07T12:00:00+08:00
PP-0000439,WH-02,MAT-0091,11274,2026-04-17T00:00:00+08:00,2026-04-21T06:00:00+08:00,released,high,0.9255,2026-04-18T11:00:00+08:00
PP-0000440,WH-04,MAT-0053,17047,2026-05-04T22:00:00+08:00,2026-05-05T14:00:00+08:00,completed,normal,0.6435,2026-05-05T07:00:00+08:00
PP-0000441,WH-02,MAT-0026,6492,2025-08-19T19:00:00+08:00,2025-08-21T00:00:00+08:00,planned,normal,0.7802,2025-08-20T23:00:00+08:00
PP-0000442,WH-04,MAT-0227,18279,2026-01-24T01:00:00+08:00,2026-01-26T17:00:00+08:00,completed,normal,0.8579,2026-01-25T14:00:00+08:00
PP-0000443,WH-04,MAT-0226,10027,2026-02-11T20:00:00+08:00,2026-02-16T19:00:00+08:00,released,normal,0.6673,2026-02-12T06:00:00+08:00
PP-0000444,WH-02,MAT-0216,12417,2025-08-19T23:00:00+08:00,2025-08-23T07:00:00+08:00,released,normal,0.7284,2025-08-20T15:00:00+08:00
PP-0000445,WH-02,MAT-0130,1310,2026-04-30T01:00:00+08:00,2026-05-02T17:00:00+08:00,at_risk,high,0.854,2026-04-30T14:00:00+08:00
PP-0000446,WH-02,MAT-0183,3363,2026-04-29T00:00:00+08:00,2026-05-02T21:00:00+08:00,released,normal,0.6313,2026-04-29T14:00:00+08:00
PP-0000447,WH-04,MAT-0015,3568,2026-06-21T22:00:00+08:00,2026-06-22T19:00:00+08:00,planned,normal,0.8644,2026-06-15T08:00:00+08:00
PP-0000448,WH-02,MAT-0187,16546,2025-10-20T13:00:00+08:00,2025-10-25T06:00:00+08:00,at_risk,urgent,0.8969,2025-10-22T11:00:00+08:00
PP-0000449,WH-02,MAT-0077,956,2025-12-17T00:00:00+08:00,2025-12-19T19:00:00+08:00,planned,normal,0.8545,2025-12-17T08:00:00+08:00
PP-0000450,WH-04,MAT-0116,7426,2026-05-03T13:00:00+08:00,2026-05-04T21:00:00+08:00,planned,normal,0.7181,2026-05-05T11:00:00+08:00
PP-0000451,WH-02,MAT-0058,2868,2025-08-06T05:00:00+08:00,2025-08-09T05:00:00+08:00,planned,urgent,0.5727,2025-08-08T02:00:00+08:00
PP-0000452,WH-04,MAT-0055,16468,2025-06-18T16:00:00+08:00,2025-06-22T22:00:00+08:00,completed,normal,0.7374,2025-06-19T06:00:00+08:00
PP-0000453,WH-02,MAT-0177,4020,2026-06-03T05:00:00+08:00,2026-06-04T07:00:00+08:00,completed,urgent,0.8825,2026-06-03T21:00:00+08:00
PP-0000454,WH-04,MAT-0099,17585,2025-11-20T04:00:00+08:00,2025-11-21T21:00:00+08:00,completed,normal,0.6344,2025-11-21T20:00:00+08:00
PP-0000455,WH-02,MAT-0147,19820,2025-09-15T00:00:00+08:00,2025-09-15T13:00:00+08:00,completed,high,0.6876,2025-09-15T22:00:00+08:00
PP-0000456,WH-04,MAT-0107,244,2026-05-05T20:00:00+08:00,2026-05-06T17:00:00+08:00,completed,high,0.9204,2026-05-06T16:00:00+08:00
PP-0000457,WH-02,MAT-0209,9399,2026-06-20T03:00:00+08:00,2026-06-23T02:00:00+08:00,paused,normal,0.8351,2026-06-15T08:00:00+08:00
PP-0000458,WH-04,MAT-0153,10443,2026-05-15T11:00:00+08:00,2026-05-20T10:00:00+08:00,released,urgent,0.619,2026-05-16T22:00:00+08:00
PP-0000459,WH-04,MAT-0027,4698,2025-09-10T13:00:00+08:00,2025-09-15T13:00:00+08:00,at_risk,normal,0.677,2025-09-12T10:00:00+08:00
PP-0000460,WH-02,MAT-0106,9209,2026-06-12T18:00:00+08:00,2026-06-17T16:00:00+08:00,completed,high,0.837,2026-06-13T20:00:00+08:00
PP-0000461,WH-04,MAT-0175,4875,2025-09-13T08:00:00+08:00,2025-09-16T19:00:00+08:00,completed,high,0.7806,2025-09-14T08:00:00+08:00
PP-0000462,WH-04,MAT-0168,16550,2025-06-17T14:00:00+08:00,2025-06-22T13:00:00+08:00,at_risk,high,0.8663,2025-06-19T10:00:00+08:00
PP-0000463,WH-02,MAT-0208,12655,2026-01-12T12:00:00+08:00,2026-01-13T15:00:00+08:00,completed,high,0.9529,2026-01-13T04:00:00+08:00
PP-0000464,WH-04,MAT-0177,3191,2025-08-22T03:00:00+08:00,2025-08-25T05:00:00+08:00,at_risk,urgent,0.5579,2025-08-22T08:00:00+08:00
PP-0000465,WH-02,MAT-0045,7369,2026-06-04T14:00:00+08:00,2026-06-07T03:00:00+08:00,released,high,0.8232,2026-06-06T13:00:00+08:00
PP-0000466,WH-02,MAT-0187,19847,2025-12-04T16:00:00+08:00,2025-12-05T03:00:00+08:00,released,normal,0.6065,2025-12-06T08:00:00+08:00
PP-0000467,WH-04,MAT-0218,481,2025-12-24T21:00:00+08:00,2025-12-28T07:00:00+08:00,planned,urgent,0.6818,2025-12-25T07:00:00+08:00
PP-0000468,WH-02,MAT-0070,17201,2025-11-06T12:00:00+08:00,2025-11-08T00:00:00+08:00,at_risk,normal,0.6621,2025-11-06T22:00:00+08:00
PP-0000469,WH-04,MAT-0050,16387,2026-02-04T12:00:00+08:00,2026-02-06T18:00:00+08:00,completed,normal,0.9622,2026-02-05T04:00:00+08:00
PP-0000470,WH-04,MAT-0114,18182,2025-12-16T22:00:00+08:00,2025-12-18T12:00:00+08:00,released,high,0.8961,2025-12-17T17:00:00+08:00
PP-0000471,WH-02,MAT-0085,14942,2025-09-27T00:00:00+08:00,2025-09-29T01:00:00+08:00,completed,high,0.7878,2025-09-27T01:00:00+08:00
PP-0000472,WH-02,MAT-0037,15763,2026-04-26T16:00:00+08:00,2026-04-30T10:00:00+08:00,at_risk,normal,0.7203,2026-04-28T12:00:00+08:00
PP-0000473,WH-02,MAT-0066,9068,2025-08-07T21:00:00+08:00,2025-08-12T09:00:00+08:00,planned,high,0.7909,2025-08-07T21:00:00+08:00
PP-0000474,WH-04,MAT-0001,7540,2026-01-07T21:00:00+08:00,2026-01-10T14:00:00+08:00,completed,normal,0.9181,2026-01-09T07:00:00+08:00
PP-0000475,WH-02,MAT-0186,19362,2025-11-14T12:00:00+08:00,2025-11-14T23:00:00+08:00,completed,high,0.6695,2025-11-15T04:00:00+08:00
PP-0000476,WH-02,MAT-0030,12662,2026-05-07T17:00:00+08:00,2026-05-08T13:00:00+08:00,released,normal,0.6917,2026-05-09T05:00:00+08:00
PP-0000477,WH-02,MAT-0237,9751,2026-05-16T02:00:00+08:00,2026-05-17T07:00:00+08:00,released,normal,0.9526,2026-05-18T02:00:00+08:00
PP-0000478,WH-04,MAT-0067,9481,2026-05-21T09:00:00+08:00,2026-05-26T05:00:00+08:00,at_risk,normal,0.8626,2026-05-23T06:00:00+08:00
PP-0000479,WH-02,MAT-0094,12393,2026-06-08T16:00:00+08:00,2026-06-10T04:00:00+08:00,released,normal,0.6321,2026-06-10T08:00:00+08:00
PP-0000480,WH-02,MAT-0010,3187,2026-03-19T21:00:00+08:00,2026-03-22T17:00:00+08:00,released,normal,0.9404,2026-03-20T08:00:00+08:00
PP-0000481,WH-02,MAT-0184,18044,2026-03-07T09:00:00+08:00,2026-03-09T22:00:00+08:00,at_risk,high,0.6591,2026-03-08T17:00:00+08:00
PP-0000482,WH-02,MAT-0073,6351,2025-07-16T03:00:00+08:00,2025-07-17T17:00:00+08:00,completed,normal,0.5975,2025-07-17T12:00:00+08:00
PP-0000483,WH-02,MAT-0099,13661,2026-05-25T12:00:00+08:00,2026-05-26T06:00:00+08:00,completed,normal,0.9998,2026-05-26T13:00:00+08:00
PP-0000484,WH-02,MAT-0195,10784,2026-01-09T08:00:00+08:00,2026-01-13T01:00:00+08:00,planned,normal,0.9809,2026-01-09T22:00:00+08:00
PP-0000485,WH-04,MAT-0096,10162,2025-10-29T05:00:00+08:00,2025-10-30T22:00:00+08:00,completed,high,0.8942,2025-10-29T23:00:00+08:00
PP-0000486,WH-02,MAT-0237,7336,2026-03-26T13:00:00+08:00,2026-03-28T20:00:00+08:00,completed,urgent,0.9288,2026-03-27T01:00:00+08:00
PP-0000487,WH-02,MAT-0148,9882,2025-07-10T10:00:00+08:00,2025-07-14T09:00:00+08:00,planned,normal,0.6423,2025-07-10T15:00:00+08:00
PP-0000488,WH-04,MAT-0015,12848,2026-01-20T04:00:00+08:00,2026-01-22T07:00:00+08:00,completed,normal,0.9515,2026-01-22T03:00:00+08:00
PP-0000489,WH-04,MAT-0120,6009,2025-12-25T05:00:00+08:00,2025-12-28T21:00:00+08:00,completed,high,0.5824,2025-12-26T02:00:00+08:00
PP-0000490,WH-04,MAT-0087,1786,2025-12-01T06:00:00+08:00,2025-12-04T03:00:00+08:00,planned,urgent,0.8826,2025-12-02T09:00:00+08:00
PP-0000491,WH-04,MAT-0040,14088,2025-12-13T00:00:00+08:00,2025-12-14T01:00:00+08:00,completed,high,0.6646,2025-12-13T02:00:00+08:00
PP-0000492,WH-02,MAT-0072,4401,2026-04-23T17:00:00+08:00,2026-04-26T16:00:00+08:00,planned,normal,0.9628,2026-04-25T15:00:00+08:00
PP-0000493,WH-02,MAT-0141,5665,2026-01-06T00:00:00+08:00,2026-01-09T10:00:00+08:00,completed,normal,0.7518,2026-01-06T10:00:00+08:00
PP-0000494,WH-02,MAT-0146,677,2025-08-16T06:00:00+08:00,2025-08-17T22:00:00+08:00,planned,high,0.6716,2025-08-17T09:00:00+08:00
PP-0000495,WH-04,MAT-0176,6825,2025-11-18T05:00:00+08:00,2025-11-19T08:00:00+08:00,released,normal,0.9251,2025-11-18T13:00:00+08:00
PP-0000496,WH-04,MAT-0131,7939,2025-09-10T21:00:00+08:00,2025-09-12T13:00:00+08:00,completed,high,0.646,2025-09-10T22:00:00+08:00
PP-0000497,WH-02,MAT-0040,11660,2025-11-14T21:00:00+08:00,2025-11-17T18:00:00+08:00,planned,normal,0.7494,2025-11-16T03:00:00+08:00
PP-0000498,WH-02,MAT-0144,4123,2026-02-04T06:00:00+08:00,2026-02-06T23:00:00+08:00,completed,normal,0.6473,2026-02-04T14:00:00+08:00
PP-0000499,WH-02,MAT-0179,9255,2025-10-15T04:00:00+08:00,2025-10-19T16:00:00+08:00,released,normal,0.6715,2025-10-15T23:00:00+08:00
PP-0000500,WH-04,MAT-0080,13614,2026-07-16T12:00:00+08:00,2026-07-20T18:00:00+08:00,completed,normal,0.8364,2026-06-15T08:00:00+08:00
PP-0000501,WH-02,MAT-0192,6656,2026-03-10T21:00:00+08:00,2026-03-15T21:00:00+08:00,planned,normal,0.967,2026-03-12T09:00:00+08:00
PP-0000502,WH-04,MAT-0070,17238,2025-07-24T04:00:00+08:00,2025-07-27T14:00:00+08:00,planned,high,0.929,2025-07-25T12:00:00+08:00
PP-0000503,WH-02,MAT-0131,4164,2026-03-09T13:00:00+08:00,2026-03-12T18:00:00+08:00,released,high,0.6166,2026-03-10T12:00:00+08:00
PP-0000504,WH-02,MAT-0149,12649,2025-10-03T01:00:00+08:00,2025-10-06T15:00:00+08:00,completed,high,0.8942,2025-10-03T12:00:00+08:00
PP-0000505,WH-04,MAT-0133,7559,2025-08-05T08:00:00+08:00,2025-08-10T04:00:00+08:00,completed,normal,0.597,2025-08-06T02:00:00+08:00
PP-0000506,WH-02,MAT-0004,2446,2026-04-28T20:00:00+08:00,2026-05-03T01:00:00+08:00,released,normal,0.9399,2026-04-29T13:00:00+08:00
PP-0000507,WH-04,MAT-0178,5701,2025-11-12T09:00:00+08:00,2025-11-16T04:00:00+08:00,planned,normal,0.8585,2025-11-14T09:00:00+08:00
PP-0000508,WH-04,MAT-0230,17567,2026-02-07T07:00:00+08:00,2026-02-08T21:00:00+08:00,released,high,0.8512,2026-02-07T21:00:00+08:00
PP-0000509,WH-02,MAT-0032,3457,2025-11-15T04:00:00+08:00,2025-11-16T12:00:00+08:00,completed,normal,0.9709,2025-11-16T17:00:00+08:00
PP-0000510,WH-02,MAT-0105,6391,2025-07-30T17:00:00+08:00,2025-08-03T08:00:00+08:00,completed,normal,0.9685,2025-08-01T04:00:00+08:00
PP-0000511,WH-04,MAT-0218,3619,2026-05-22T22:00:00+08:00,2026-05-26T03:00:00+08:00,released,normal,0.5954,2026-05-24T19:00:00+08:00
PP-0000512,WH-02,MAT-0176,4975,2025-09-05T09:00:00+08:00,2025-09-07T17:00:00+08:00,planned,normal,0.6581,2025-09-06T04:00:00+08:00
PP-0000513,WH-02,MAT-0031,13245,2025-07-08T22:00:00+08:00,2025-07-13T17:00:00+08:00,released,normal,0.9067,2025-07-08T22:00:00+08:00
PP-0000514,WH-02,MAT-0094,19452,2025-10-19T08:00:00+08:00,2025-10-20T17:00:00+08:00,planned,normal,0.806,2025-10-20T06:00:00+08:00
PP-0000515,WH-04,MAT-0151,6043,2025-08-28T03:00:00+08:00,2025-08-28T14:00:00+08:00,released,normal,0.6616,2025-08-29T11:00:00+08:00
PP-0000516,WH-02,MAT-0182,14623,2026-02-12T13:00:00+08:00,2026-02-16T10:00:00+08:00,at_risk,normal,0.7888,2026-02-13T11:00:00+08:00
PP-0000517,WH-02,MAT-0093,1639,2025-07-08T19:00:00+08:00,2025-07-09T08:00:00+08:00,planned,normal,0.5801,2025-07-09T02:00:00+08:00
PP-0000518,WH-02,MAT-0167,11522,2025-10-10T08:00:00+08:00,2025-10-12T10:00:00+08:00,released,normal,0.9519,2025-10-10T11:00:00+08:00
PP-0000519,WH-04,MAT-0186,16538,2025-07-12T07:00:00+08:00,2025-07-13T01:00:00+08:00,planned,urgent,0.7973,2025-07-12T21:00:00+08:00
PP-0000520,WH-04,MAT-0165,9841,2026-02-19T00:00:00+08:00,2026-02-22T12:00:00+08:00,completed,urgent,0.847,2026-02-19T06:00:00+08:00
PP-0000521,WH-04,MAT-0062,16941,2026-04-24T20:00:00+08:00,2026-04-27T20:00:00+08:00,completed,high,0.61,2026-04-25T02:00:00+08:00
PP-0000522,WH-04,MAT-0232,17681,2026-01-20T23:00:00+08:00,2026-01-23T15:00:00+08:00,completed,normal,0.8352,2026-01-22T09:00:00+08:00
PP-0000523,WH-04,MAT-0034,9868,2026-01-02T01:00:00+08:00,2026-01-05T20:00:00+08:00,planned,high,0.7112,2026-01-03T22:00:00+08:00
PP-0000524,WH-04,MAT-0074,10743,2025-12-03T13:00:00+08:00,2025-12-04T00:00:00+08:00,completed,normal,0.7794,2025-12-03T13:00:00+08:00
PP-0000525,WH-04,MAT-0075,11903,2026-05-01T08:00:00+08:00,2026-05-02T12:00:00+08:00,released,high,0.9621,2026-05-03T00:00:00+08:00
PP-0000526,WH-02,MAT-0200,13734,2026-02-20T00:00:00+08:00,2026-02-21T11:00:00+08:00,at_risk,high,0.7896,2026-02-20T23:00:00+08:00
PP-0000527,WH-02,MAT-0046,8529,2026-06-02T12:00:00+08:00,2026-06-03T18:00:00+08:00,planned,normal,0.9344,2026-06-03T00:00:00+08:00
PP-0000528,WH-02,MAT-0001,16638,2026-02-22T14:00:00+08:00,2026-02-27T04:00:00+08:00,planned,normal,0.8262,2026-02-24T07:00:00+08:00
PP-0000529,WH-02,MAT-0142,3336,2026-02-02T21:00:00+08:00,2026-02-05T02:00:00+08:00,planned,high,0.9036,2026-02-04T04:00:00+08:00
PP-0000530,WH-04,MAT-0190,10039,2026-06-13T19:00:00+08:00,2026-06-16T16:00:00+08:00,paused,normal,0.7399,2026-06-14T22:00:00+08:00
PP-0000531,WH-02,MAT-0152,18579,2025-11-19T05:00:00+08:00,2025-11-23T09:00:00+08:00,completed,normal,0.6308,2025-11-19T18:00:00+08:00
PP-0000532,WH-02,MAT-0174,10480,2025-09-16T08:00:00+08:00,2025-09-18T07:00:00+08:00,planned,normal,0.8996,2025-09-17T18:00:00+08:00
PP-0000533,WH-02,MAT-0043,3867,2025-07-02T12:00:00+08:00,2025-07-04T04:00:00+08:00,at_risk,normal,0.7545,2025-07-03T06:00:00+08:00
PP-0000534,WH-02,MAT-0034,8094,2026-01-21T23:00:00+08:00,2026-01-23T09:00:00+08:00,released,normal,0.7908,2026-01-22T00:00:00+08:00
PP-0000535,WH-02,MAT-0015,4771,2026-06-05T11:00:00+08:00,2026-06-05T19:00:00+08:00,completed,normal,0.9731,2026-06-05T18:00:00+08:00
PP-0000536,WH-04,MAT-0018,4061,2026-01-07T12:00:00+08:00,2026-01-10T01:00:00+08:00,completed,normal,0.9806,2026-01-08T18:00:00+08:00
PP-0000537,WH-04,MAT-0151,16072,2025-09-03T20:00:00+08:00,2025-09-05T22:00:00+08:00,completed,urgent,0.8319,2025-09-04T14:00:00+08:00
PP-0000538,WH-04,MAT-0015,13096,2026-05-27T01:00:00+08:00,2026-05-28T13:00:00+08:00,completed,normal,0.5769,2026-05-27T20:00:00+08:00
PP-0000539,WH-02,MAT-0154,4258,2026-01-17T12:00:00+08:00,2026-01-19T22:00:00+08:00,released,normal,0.7356,2026-01-19T11:00:00+08:00
PP-0000540,WH-02,MAT-0063,7585,2025-07-27T01:00:00+08:00,2025-07-30T15:00:00+08:00,released,normal,0.9592,2025-07-27T10:00:00+08:00
PP-0000541,WH-04,MAT-0236,18145,2025-11-02T14:00:00+08:00,2025-11-03T06:00:00+08:00,completed,normal,0.6496,2025-11-03T03:00:00+08:00
PP-0000542,WH-02,MAT-0076,8775,2025-12-15T04:00:00+08:00,2025-12-16T00:00:00+08:00,planned,normal,0.9498,2025-12-16T05:00:00+08:00
PP-0000543,WH-04,MAT-0097,1491,2025-06-26T01:00:00+08:00,2025-06-28T18:00:00+08:00,completed,normal,0.5656,2025-06-27T22:00:00+08:00
PP-0000544,WH-02,MAT-0144,10153,2025-06-30T05:00:00+08:00,2025-07-01T21:00:00+08:00,released,normal,0.9634,2025-06-30T13:00:00+08:00
PP-0000545,WH-04,MAT-0124,14331,2025-07-18T17:00:00+08:00,2025-07-23T10:00:00+08:00,completed,urgent,0.602,2025-07-18T20:00:00+08:00
PP-0000546,WH-04,MAT-0198,18399,2025-11-27T12:00:00+08:00,2025-11-30T02:00:00+08:00,at_risk,high,0.9863,2025-11-29T10:00:00+08:00
PP-0000547,WH-04,MAT-0141,5839,2025-08-28T23:00:00+08:00,2025-08-30T16:00:00+08:00,completed,normal,0.7453,2025-08-30T17:00:00+08:00
PP-0000548,WH-04,MAT-0027,11489,2025-10-17T19:00:00+08:00,2025-10-20T10:00:00+08:00,planned,urgent,0.9553,2025-10-18T19:00:00+08:00
PP-0000549,WH-02,MAT-0063,10181,2026-04-28T08:00:00+08:00,2026-04-30T13:00:00+08:00,released,normal,0.8727,2026-04-29T04:00:00+08:00
PP-0000550,WH-04,MAT-0196,15050,2026-06-19T17:00:00+08:00,2026-06-20T06:00:00+08:00,completed,normal,0.7996,2026-06-15T08:00:00+08:00
PP-0000551,WH-04,MAT-0226,11109,2025-11-30T11:00:00+08:00,2025-12-02T07:00:00+08:00,released,normal,0.7986,2025-12-01T15:00:00+08:00
PP-0000552,WH-04,MAT-0093,11365,2025-11-08T01:00:00+08:00,2025-11-11T12:00:00+08:00,released,normal,0.6003,2025-11-09T16:00:00+08:00
PP-0000553,WH-04,MAT-0039,9792,2025-09-07T06:00:00+08:00,2025-09-11T17:00:00+08:00,completed,high,0.9739,2025-09-07T21:00:00+08:00
PP-0000554,WH-02,MAT-0091,19477,2025-10-11T20:00:00+08:00,2025-10-14T23:00:00+08:00,completed,normal,0.8116,2025-10-13T17:00:00+08:00
PP-0000555,WH-04,MAT-0200,15021,2025-07-23T21:00:00+08:00,2025-07-24T05:00:00+08:00,completed,normal,0.9348,2025-07-25T08:00:00+08:00
PP-0000556,WH-02,MAT-0064,14115,2025-07-20T06:00:00+08:00,2025-07-22T23:00:00+08:00,planned,normal,0.6792,2025-07-21T19:00:00+08:00
PP-0000557,WH-02,MAT-0163,17773,2026-04-11T06:00:00+08:00,2026-04-11T21:00:00+08:00,completed,normal,0.611,2026-04-11T13:00:00+08:00
PP-0000558,WH-04,MAT-0164,2027,2025-11-17T11:00:00+08:00,2025-11-21T01:00:00+08:00,released,normal,0.7517,2025-11-19T04:00:00+08:00
PP-0000559,WH-02,MAT-0075,8305,2025-06-21T13:00:00+08:00,2025-06-26T08:00:00+08:00,completed,normal,0.7429,2025-06-22T09:00:00+08:00
PP-0000560,WH-02,MAT-0168,6207,2026-06-07T09:00:00+08:00,2026-06-10T14:00:00+08:00,planned,normal,0.7755,2026-06-08T07:00:00+08:00
PP-0000561,WH-02,MAT-0011,10597,2026-06-20T09:00:00+08:00,2026-06-22T20:00:00+08:00,completed,high,0.7504,2026-06-15T08:00:00+08:00
PP-0000562,WH-04,MAT-0157,9580,2026-05-15T04:00:00+08:00,2026-05-15T19:00:00+08:00,planned,normal,0.9011,2026-05-15T12:00:00+08:00
PP-0000563,WH-04,MAT-0035,855,2026-04-28T17:00:00+08:00,2026-04-29T23:00:00+08:00,at_risk,normal,0.6353,2026-04-28T23:00:00+08:00
PP-0000564,WH-04,MAT-0165,16015,2026-06-16T06:00:00+08:00,2026-06-17T03:00:00+08:00,planned,normal,0.9114,2026-06-15T08:00:00+08:00
PP-0000565,WH-04,MAT-0117,13627,2026-06-16T11:00:00+08:00,2026-06-19T07:00:00+08:00,completed,normal,0.9325,2026-06-15T08:00:00+08:00
PP-0000566,WH-02,MAT-0071,18116,2025-11-24T10:00:00+08:00,2025-11-24T20:00:00+08:00,at_risk,normal,0.7468,2025-11-25T19:00:00+08:00
PP-0000567,WH-04,MAT-0184,3982,2025-07-30T08:00:00+08:00,2025-08-02T10:00:00+08:00,planned,high,0.5629,2025-07-30T15:00:00+08:00
PP-0000568,WH-02,MAT-0210,12569,2025-08-22T18:00:00+08:00,2025-08-27T04:00:00+08:00,completed,normal,0.6375,2025-08-22T21:00:00+08:00
PP-0000569,WH-02,MAT-0013,7685,2025-10-10T06:00:00+08:00,2025-10-11T00:00:00+08:00,released,high,0.615,2025-10-11T21:00:00+08:00
PP-0000570,WH-04,MAT-0098,6724,2025-07-31T08:00:00+08:00,2025-08-03T03:00:00+08:00,completed,high,0.616,2025-08-01T13:00:00+08:00
PP-0000571,WH-04,MAT-0179,19985,2025-08-25T05:00:00+08:00,2025-08-25T15:00:00+08:00,planned,normal,0.682,2025-08-26T07:00:00+08:00
PP-0000572,WH-02,MAT-0138,14695,2025-08-21T22:00:00+08:00,2025-08-23T22:00:00+08:00,completed,normal,0.9358,2025-08-22T20:00:00+08:00
PP-0000573,WH-02,MAT-0128,18197,2026-04-26T23:00:00+08:00,2026-04-29T09:00:00+08:00,at_risk,normal,0.8792,2026-04-27T06:00:00+08:00
PP-0000574,WH-04,MAT-0129,13976,2025-09-26T14:00:00+08:00,2025-09-30T12:00:00+08:00,released,normal,0.8998,2025-09-27T14:00:00+08:00
PP-0000575,WH-02,MAT-0201,11375,2025-12-03T13:00:00+08:00,2025-12-04T23:00:00+08:00,completed,normal,0.8302,2025-12-05T11:00:00+08:00
PP-0000576,WH-02,MAT-0014,19087,2025-12-14T15:00:00+08:00,2025-12-15T23:00:00+08:00,released,normal,0.9841,2025-12-16T10:00:00+08:00
PP-0000577,WH-02,MAT-0154,1545,2025-11-21T19:00:00+08:00,2025-11-26T15:00:00+08:00,completed,normal,0.6227,2025-11-22T16:00:00+08:00
PP-0000578,WH-02,MAT-0059,1451,2025-06-20T09:00:00+08:00,2025-06-23T17:00:00+08:00,completed,high,0.7238,2025-06-21T02:00:00+08:00
PP-0000579,WH-04,MAT-0121,6940,2026-02-05T18:00:00+08:00,2026-02-07T04:00:00+08:00,paused,high,0.9992,2026-02-05T19:00:00+08:00
PP-0000580,WH-04,MAT-0235,15836,2026-02-27T07:00:00+08:00,2026-02-28T14:00:00+08:00,planned,normal,0.8614,2026-02-28T06:00:00+08:00
PP-0000581,WH-02,MAT-0121,7883,2025-12-29T14:00:00+08:00,2026-01-01T20:00:00+08:00,completed,high,0.9357,2025-12-29T19:00:00+08:00
PP-0000582,WH-02,MAT-0024,19271,2026-07-13T22:00:00+08:00,2026-07-17T17:00:00+08:00,completed,normal,0.7038,2026-06-15T08:00:00+08:00
PP-0000583,WH-04,MAT-0097,4581,2025-12-15T13:00:00+08:00,2025-12-17T23:00:00+08:00,completed,normal,0.7963,2025-12-16T03:00:00+08:00
PP-0000584,WH-02,MAT-0224,4143,2025-10-16T06:00:00+08:00,2025-10-17T01:00:00+08:00,released,urgent,0.752,2025-10-16T23:00:00+08:00
PP-0000585,WH-04,MAT-0166,868,2026-04-15T19:00:00+08:00,2026-04-17T03:00:00+08:00,planned,normal,0.9805,2026-04-16T19:00:00+08:00
PP-0000586,WH-04,MAT-0226,11405,2026-04-01T14:00:00+08:00,2026-04-06T00:00:00+08:00,planned,normal,0.8139,2026-04-01T16:00:00+08:00
PP-0000587,WH-02,MAT-0070,8605,2026-06-02T01:00:00+08:00,2026-06-07T00:00:00+08:00,at_risk,high,0.6811,2026-06-03T12:00:00+08:00
PP-0000588,WH-04,MAT-0008,8487,2025-11-04T01:00:00+08:00,2025-11-06T02:00:00+08:00,completed,high,0.6031,2025-11-05T15:00:00+08:00
PP-0000589,WH-02,MAT-0010,6767,2025-06-24T00:00:00+08:00,2025-06-26T05:00:00+08:00,completed,normal,0.586,2025-06-25T19:00:00+08:00
PP-0000590,WH-02,MAT-0043,9302,2025-09-10T04:00:00+08:00,2025-09-12T05:00:00+08:00,released,high,0.8662,2025-09-10T21:00:00+08:00
PP-0000591,WH-04,MAT-0186,12904,2025-09-27T09:00:00+08:00,2025-09-29T03:00:00+08:00,completed,normal,0.7064,2025-09-28T04:00:00+08:00
PP-0000592,WH-02,MAT-0189,13614,2025-08-21T09:00:00+08:00,2025-08-22T23:00:00+08:00,completed,normal,0.6823,2025-08-23T06:00:00+08:00
PP-0000593,WH-02,MAT-0131,2425,2025-06-29T07:00:00+08:00,2025-07-01T05:00:00+08:00,completed,normal,0.8002,2025-06-30T07:00:00+08:00
PP-0000594,WH-02,MAT-0168,13731,2025-07-21T07:00:00+08:00,2025-07-25T12:00:00+08:00,planned,high,0.5518,2025-07-22T08:00:00+08:00
PP-0000595,WH-02,MAT-0067,17956,2025-08-28T06:00:00+08:00,2025-08-31T00:00:00+08:00,completed,normal,0.594,2025-08-29T08:00:00+08:00
PP-0000596,WH-02,MAT-0058,1048,2026-04-17T16:00:00+08:00,2026-04-18T02:00:00+08:00,released,normal,0.9267,2026-04-19T02:00:00+08:00
PP-0000597,WH-04,MAT-0033,10331,2026-03-05T05:00:00+08:00,2026-03-08T10:00:00+08:00,planned,normal,0.9657,2026-03-06T19:00:00+08:00
PP-0000598,WH-02,MAT-0078,16836,2026-04-18T19:00:00+08:00,2026-04-22T12:00:00+08:00,at_risk,normal,0.9588,2026-04-18T19:00:00+08:00
PP-0000599,WH-04,MAT-0017,4478,2025-09-13T14:00:00+08:00,2025-09-15T03:00:00+08:00,completed,normal,0.9801,2025-09-14T06:00:00+08:00
PP-0000600,WH-04,MAT-0041,13373,2025-10-09T05:00:00+08:00,2025-10-13T23:00:00+08:00,at_risk,high,0.8208,2025-10-11T02:00:00+08:00
PP-0000601,WH-02,MAT-0205,2241,2025-09-25T13:00:00+08:00,2025-09-26T04:00:00+08:00,planned,normal,0.5543,2025-09-26T13:00:00+08:00
PP-0000602,WH-04,MAT-0002,3166,2026-02-27T10:00:00+08:00,2026-02-28T21:00:00+08:00,released,normal,0.6002,2026-03-01T03:00:00+08:00
PP-0000603,WH-02,MAT-0198,6373,2026-07-17T13:00:00+08:00,2026-07-21T03:00:00+08:00,completed,normal,0.6503,2026-06-15T08:00:00+08:00
PP-0000604,WH-02,MAT-0211,18393,2025-11-21T23:00:00+08:00,2025-11-24T23:00:00+08:00,planned,normal,0.6944,2025-11-23T12:00:00+08:00
PP-0000605,WH-02,MAT-0138,5708,2025-09-22T14:00:00+08:00,2025-09-24T16:00:00+08:00,completed,normal,0.8608,2025-09-22T20:00:00+08:00
PP-0000606,WH-04,MAT-0046,19381,2026-05-19T02:00:00+08:00,2026-05-19T21:00:00+08:00,paused,normal,0.9283,2026-05-19T06:00:00+08:00
PP-0000607,WH-04,MAT-0027,790,2026-05-18T19:00:00+08:00,2026-05-21T11:00:00+08:00,released,normal,0.6287,2026-05-19T08:00:00+08:00
PP-0000608,WH-04,MAT-0174,804,2025-07-05T21:00:00+08:00,2025-07-08T16:00:00+08:00,released,high,0.9692,2025-07-07T04:00:00+08:00
PP-0000609,WH-02,MAT-0088,10929,2026-07-11T06:00:00+08:00,2026-07-13T02:00:00+08:00,completed,normal,0.9842,2026-06-15T08:00:00+08:00
PP-0000610,WH-02,MAT-0022,13074,2026-03-30T19:00:00+08:00,2026-03-31T21:00:00+08:00,completed,normal,0.6794,2026-04-01T11:00:00+08:00
PP-0000611,WH-04,MAT-0108,452,2025-10-21T04:00:00+08:00,2025-10-22T01:00:00+08:00,released,high,0.6695,2025-10-21T13:00:00+08:00
PP-0000612,WH-02,MAT-0211,10603,2025-10-17T18:00:00+08:00,2025-10-20T20:00:00+08:00,released,normal,0.6284,2025-10-18T19:00:00+08:00
PP-0000613,WH-02,MAT-0017,8587,2025-07-31T07:00:00+08:00,2025-08-04T04:00:00+08:00,at_risk,high,0.5888,2025-07-31T12:00:00+08:00
PP-0000614,WH-02,MAT-0200,11597,2025-10-28T09:00:00+08:00,2025-10-30T14:00:00+08:00,completed,normal,0.7191,2025-10-28T15:00:00+08:00
PP-0000615,WH-04,MAT-0145,18128,2026-04-13T07:00:00+08:00,2026-04-15T19:00:00+08:00,completed,urgent,0.5945,2026-04-13T21:00:00+08:00
PP-0000616,WH-04,MAT-0210,2528,2026-05-03T03:00:00+08:00,2026-05-07T00:00:00+08:00,completed,high,0.6863,2026-05-04T08:00:00+08:00
PP-0000617,WH-04,MAT-0216,6328,2026-06-30T04:00:00+08:00,2026-07-02T08:00:00+08:00,completed,normal,0.6736,2026-06-15T08:00:00+08:00
PP-0000618,WH-02,MAT-0100,18963,2026-02-15T15:00:00+08:00,2026-02-18T05:00:00+08:00,planned,high,0.9735,2026-02-16T20:00:00+08:00
PP-0000619,WH-02,MAT-0076,15585,2025-12-17T10:00:00+08:00,2025-12-18T15:00:00+08:00,planned,high,0.7804,2025-12-17T10:00:00+08:00
PP-0000620,WH-04,MAT-0034,8664,2026-03-13T20:00:00+08:00,2026-03-15T13:00:00+08:00,released,normal,0.6273,2026-03-14T16:00:00+08:00
PP-0000621,WH-02,MAT-0118,7772,2026-01-31T01:00:00+08:00,2026-02-04T00:00:00+08:00,at_risk,high,0.7735,2026-02-02T00:00:00+08:00
PP-0000622,WH-02,MAT-0138,2573,2025-07-09T08:00:00+08:00,2025-07-11T14:00:00+08:00,completed,normal,0.9275,2025-07-09T19:00:00+08:00
PP-0000623,WH-02,MAT-0144,7413,2025-10-16T13:00:00+08:00,2025-10-17T14:00:00+08:00,released,high,0.8571,2025-10-17T22:00:00+08:00
PP-0000624,WH-04,MAT-0145,3089,2025-11-30T05:00:00+08:00,2025-12-01T05:00:00+08:00,completed,normal,0.9355,2025-11-30T13:00:00+08:00
PP-0000625,WH-04,MAT-0018,13803,2025-09-30T21:00:00+08:00,2025-10-02T15:00:00+08:00,completed,normal,0.5704,2025-10-02T13:00:00+08:00
PP-0000626,WH-02,MAT-0116,1511,2026-01-21T02:00:00+08:00,2026-01-23T15:00:00+08:00,completed,normal,0.803,2026-01-22T02:00:00+08:00
PP-0000627,WH-02,MAT-0160,7427,2025-10-21T22:00:00+08:00,2025-10-24T20:00:00+08:00,at_risk,urgent,0.9758,2025-10-22T10:00:00+08:00
PP-0000628,WH-02,MAT-0048,7163,2025-09-29T06:00:00+08:00,2025-09-29T15:00:00+08:00,at_risk,high,0.9775,2025-09-29T11:00:00+08:00
PP-0000629,WH-04,MAT-0210,17853,2025-09-02T07:00:00+08:00,2025-09-05T05:00:00+08:00,completed,normal,0.6334,2025-09-04T06:00:00+08:00
PP-0000630,WH-04,MAT-0022,17174,2026-06-12T14:00:00+08:00,2026-06-16T19:00:00+08:00,released,normal,0.5948,2026-06-14T14:00:00+08:00
PP-0000631,WH-04,MAT-0188,15473,2026-04-01T10:00:00+08:00,2026-04-05T04:00:00+08:00,completed,urgent,0.5675,2026-04-03T10:00:00+08:00
PP-0000632,WH-02,MAT-0155,16940,2025-10-26T11:00:00+08:00,2025-10-28T11:00:00+08:00,released,urgent,0.7322,2025-10-26T11:00:00+08:00
PP-0000633,WH-02,MAT-0143,11525,2026-01-25T08:00:00+08:00,2026-01-29T11:00:00+08:00,completed,normal,0.9239,2026-01-26T10:00:00+08:00
PP-0000634,WH-04,MAT-0227,19600,2025-11-02T20:00:00+08:00,2025-11-04T21:00:00+08:00,completed,normal,0.6448,2025-11-03T20:00:00+08:00
PP-0000635,WH-04,MAT-0027,15686,2025-07-05T08:00:00+08:00,2025-07-09T23:00:00+08:00,at_risk,high,0.9995,2025-07-06T13:00:00+08:00
PP-0000636,WH-02,MAT-0199,2014,2026-07-01T04:00:00+08:00,2026-07-05T02:00:00+08:00,at_risk,normal,0.608,2026-06-15T08:00:00+08:00
PP-0000637,WH-04,MAT-0184,4321,2026-05-18T02:00:00+08:00,2026-05-23T00:00:00+08:00,completed,normal,0.8505,2026-05-19T15:00:00+08:00
PP-0000638,WH-02,MAT-0105,17589,2025-12-31T20:00:00+08:00,2026-01-05T16:00:00+08:00,completed,urgent,0.8028,2026-01-01T19:00:00+08:00
PP-0000639,WH-04,MAT-0101,15446,2025-07-13T11:00:00+08:00,2025-07-18T09:00:00+08:00,completed,normal,0.8095,2025-07-14T09:00:00+08:00
PP-0000640,WH-04,MAT-0180,425,2026-05-08T15:00:00+08:00,2026-05-09T21:00:00+08:00,released,normal,0.621,2026-05-10T08:00:00+08:00
PP-0000641,WH-02,MAT-0050,6438,2026-05-23T21:00:00+08:00,2026-05-28T16:00:00+08:00,completed,high,0.5673,2026-05-24T07:00:00+08:00
PP-0000642,WH-04,MAT-0016,1615,2026-07-06T12:00:00+08:00,2026-07-08T22:00:00+08:00,planned,normal,0.7508,2026-06-15T08:00:00+08:00
PP-0000643,WH-02,MAT-0178,13362,2025-12-08T18:00:00+08:00,2025-12-10T20:00:00+08:00,planned,high,0.9487,2025-12-10T17:00:00+08:00
PP-0000644,WH-04,MAT-0069,19515,2026-01-28T08:00:00+08:00,2026-02-01T04:00:00+08:00,completed,urgent,0.9343,2026-01-28T19:00:00+08:00
PP-0000645,WH-04,MAT-0152,10109,2025-11-07T03:00:00+08:00,2025-11-11T12:00:00+08:00,paused,normal,0.9619,2025-11-07T04:00:00+08:00
PP-0000646,WH-04,MAT-0039,16855,2026-01-16T23:00:00+08:00,2026-01-21T17:00:00+08:00,paused,normal,0.8437,2026-01-18T13:00:00+08:00
PP-0000647,WH-02,MAT-0117,6844,2025-10-05T07:00:00+08:00,2025-10-08T09:00:00+08:00,completed,high,0.7761,2025-10-05T20:00:00+08:00
PP-0000648,WH-04,MAT-0238,12747,2025-07-04T04:00:00+08:00,2025-07-07T15:00:00+08:00,completed,normal,0.9495,2025-07-05T00:00:00+08:00
PP-0000649,WH-04,MAT-0177,10382,2026-06-12T23:00:00+08:00,2026-06-14T05:00:00+08:00,released,normal,0.8336,2026-06-14T09:00:00+08:00
PP-0000650,WH-04,MAT-0138,2522,2026-07-06T02:00:00+08:00,2026-07-06T19:00:00+08:00,released,normal,0.6414,2026-06-15T08:00:00+08:00
PP-0000651,WH-02,MAT-0238,3788,2025-11-01T00:00:00+08:00,2025-11-01T12:00:00+08:00,completed,high,0.5834,2025-11-01T23:00:00+08:00
PP-0000652,WH-04,MAT-0034,15848,2026-07-04T11:00:00+08:00,2026-07-07T04:00:00+08:00,planned,normal,0.644,2026-06-15T08:00:00+08:00
PP-0000653,WH-04,MAT-0029,8531,2026-06-24T23:00:00+08:00,2026-06-28T09:00:00+08:00,released,high,0.8793,2026-06-15T08:00:00+08:00
PP-0000654,WH-02,MAT-0033,14455,2026-07-08T10:00:00+08:00,2026-07-10T23:00:00+08:00,planned,high,0.7471,2026-06-15T08:00:00+08:00
PP-0000655,WH-04,MAT-0141,19291,2026-02-03T13:00:00+08:00,2026-02-04T14:00:00+08:00,paused,urgent,0.9684,2026-02-04T01:00:00+08:00
PP-0000656,WH-02,MAT-0023,2093,2026-06-22T02:00:00+08:00,2026-06-22T11:00:00+08:00,released,high,0.7819,2026-06-15T08:00:00+08:00
PP-0000657,WH-04,MAT-0020,2264,2025-10-13T23:00:00+08:00,2025-10-15T04:00:00+08:00,at_risk,high,0.7125,2025-10-14T12:00:00+08:00
PP-0000658,WH-02,MAT-0059,10289,2026-02-20T16:00:00+08:00,2026-02-21T01:00:00+08:00,at_risk,normal,0.7213,2026-02-22T08:00:00+08:00
PP-0000659,WH-02,MAT-0223,2594,2025-09-13T10:00:00+08:00,2025-09-18T04:00:00+08:00,completed,normal,0.6082,2025-09-14T04:00:00+08:00
PP-0000660,WH-02,MAT-0055,17895,2026-05-17T12:00:00+08:00,2026-05-18T06:00:00+08:00,completed,normal,0.9744,2026-05-17T22:00:00+08:00
PP-0000661,WH-02,MAT-0182,795,2026-06-05T06:00:00+08:00,2026-06-06T19:00:00+08:00,completed,high,0.9754,2026-06-06T02:00:00+08:00
PP-0000662,WH-02,MAT-0032,15480,2026-01-15T20:00:00+08:00,2026-01-17T06:00:00+08:00,completed,urgent,0.591,2026-01-15T22:00:00+08:00
PP-0000663,WH-02,MAT-0232,15181,2025-12-15T23:00:00+08:00,2025-12-17T06:00:00+08:00,completed,normal,0.6403,2025-12-17T00:00:00+08:00
PP-0000664,WH-04,MAT-0082,1038,2025-07-04T20:00:00+08:00,2025-07-06T07:00:00+08:00,completed,high,0.7282,2025-07-06T03:00:00+08:00
PP-0000665,WH-02,MAT-0036,17861,2025-10-24T21:00:00+08:00,2025-10-26T21:00:00+08:00,planned,normal,0.6958,2025-10-25T06:00:00+08:00
PP-0000666,WH-04,MAT-0078,3321,2025-10-19T01:00:00+08:00,2025-10-22T21:00:00+08:00,at_risk,normal,0.9641,2025-10-19T21:00:00+08:00
PP-0000667,WH-02,MAT-0193,8133,2026-04-14T14:00:00+08:00,2026-04-15T04:00:00+08:00,planned,normal,0.6891,2026-04-16T13:00:00+08:00
PP-0000668,WH-04,MAT-0068,9878,2025-10-03T15:00:00+08:00,2025-10-07T00:00:00+08:00,completed,high,0.9104,2025-10-03T23:00:00+08:00
PP-0000669,WH-04,MAT-0044,11557,2025-11-18T08:00:00+08:00,2025-11-18T19:00:00+08:00,planned,high,0.5869,2025-11-19T12:00:00+08:00
PP-0000670,WH-02,MAT-0210,9488,2025-11-05T05:00:00+08:00,2025-11-09T13:00:00+08:00,completed,normal,0.6435,2025-11-05T16:00:00+08:00
PP-0000671,WH-02,MAT-0067,12900,2025-12-31T21:00:00+08:00,2026-01-01T14:00:00+08:00,paused,normal,0.9458,2026-01-01T19:00:00+08:00
PP-0000672,WH-02,MAT-0028,7869,2026-03-26T04:00:00+08:00,2026-03-28T18:00:00+08:00,completed,high,0.5894,2026-03-27T14:00:00+08:00
PP-0000673,WH-04,MAT-0214,6005,2026-01-09T21:00:00+08:00,2026-01-14T04:00:00+08:00,released,high,0.6551,2026-01-11T00:00:00+08:00
PP-0000674,WH-02,MAT-0232,10533,2026-02-21T19:00:00+08:00,2026-02-26T09:00:00+08:00,completed,normal,0.7448,2026-02-22T03:00:00+08:00
PP-0000675,WH-04,MAT-0169,18927,2025-09-11T22:00:00+08:00,2025-09-14T19:00:00+08:00,completed,normal,0.6144,2025-09-12T23:00:00+08:00
PP-0000676,WH-02,MAT-0224,2764,2026-06-16T05:00:00+08:00,2026-06-19T10:00:00+08:00,planned,normal,0.8017,2026-06-15T08:00:00+08:00
PP-0000677,WH-02,MAT-0166,6979,2026-04-30T09:00:00+08:00,2026-05-02T20:00:00+08:00,released,high,0.7713,2026-05-02T01:00:00+08:00
PP-0000678,WH-02,MAT-0022,1213,2026-02-07T03:00:00+08:00,2026-02-08T23:00:00+08:00,planned,normal,0.5675,2026-02-08T06:00:00+08:00
PP-0000679,WH-04,MAT-0041,4585,2026-06-12T07:00:00+08:00,2026-06-13T08:00:00+08:00,completed,normal,0.6176,2026-06-14T04:00:00+08:00
PP-0000680,WH-02,MAT-0161,12825,2026-05-05T02:00:00+08:00,2026-05-09T14:00:00+08:00,planned,normal,0.6505,2026-05-05T19:00:00+08:00
PP-0000681,WH-04,MAT-0101,1876,2026-05-04T09:00:00+08:00,2026-05-06T07:00:00+08:00,at_risk,high,0.6289,2026-05-05T09:00:00+08:00
PP-0000682,WH-02,MAT-0221,1984,2026-04-07T03:00:00+08:00,2026-04-10T23:00:00+08:00,planned,urgent,0.8572,2026-04-08T16:00:00+08:00
PP-0000683,WH-04,MAT-0008,13024,2025-12-01T06:00:00+08:00,2025-12-02T10:00:00+08:00,planned,high,0.7556,2025-12-03T00:00:00+08:00
PP-0000684,WH-04,MAT-0115,902,2025-09-12T20:00:00+08:00,2025-09-14T01:00:00+08:00,completed,normal,0.606,2025-09-13T15:00:00+08:00
PP-0000685,WH-04,MAT-0051,5086,2026-02-19T17:00:00+08:00,2026-02-24T12:00:00+08:00,completed,urgent,0.7369,2026-02-20T13:00:00+08:00
PP-0000686,WH-02,MAT-0118,16716,2026-01-17T18:00:00+08:00,2026-01-19T18:00:00+08:00,completed,high,0.676,2026-01-19T03:00:00+08:00
PP-0000687,WH-04,MAT-0226,3888,2025-06-29T11:00:00+08:00,2025-07-01T07:00:00+08:00,completed,normal,0.8492,2025-06-30T06:00:00+08:00
PP-0000688,WH-02,MAT-0124,4959,2025-11-04T11:00:00+08:00,2025-11-07T20:00:00+08:00,planned,normal,0.8921,2025-11-05T22:00:00+08:00
PP-0000689,WH-02,MAT-0177,16192,2026-01-09T19:00:00+08:00,2026-01-13T09:00:00+08:00,released,normal,0.5527,2026-01-10T01:00:00+08:00
PP-0000690,WH-02,MAT-0166,10445,2026-06-30T16:00:00+08:00,2026-07-02T11:00:00+08:00,planned,normal,0.5566,2026-06-15T08:00:00+08:00
PP-0000691,WH-02,MAT-0045,14876,2026-06-24T20:00:00+08:00,2026-06-26T09:00:00+08:00,planned,high,0.5744,2026-06-15T08:00:00+08:00
PP-0000692,WH-02,MAT-0053,3859,2026-05-10T13:00:00+08:00,2026-05-14T07:00:00+08:00,completed,high,0.7285,2026-05-12T08:00:00+08:00
PP-0000693,WH-04,MAT-0193,16022,2025-06-24T11:00:00+08:00,2025-06-28T00:00:00+08:00,at_risk,high,0.6985,2025-06-25T19:00:00+08:00
PP-0000694,WH-04,MAT-0123,18348,2025-10-19T22:00:00+08:00,2025-10-24T07:00:00+08:00,released,high,0.8285,2025-10-21T13:00:00+08:00
PP-0000695,WH-04,MAT-0220,5668,2026-02-19T19:00:00+08:00,2026-02-24T16:00:00+08:00,completed,normal,0.6845,2026-02-21T14:00:00+08:00
PP-0000696,WH-04,MAT-0009,13809,2025-07-18T13:00:00+08:00,2025-07-19T06:00:00+08:00,at_risk,urgent,0.9364,2025-07-19T07:00:00+08:00
PP-0000697,WH-04,MAT-0026,135,2026-01-07T18:00:00+08:00,2026-01-11T20:00:00+08:00,completed,normal,0.8494,2026-01-07T18:00:00+08:00
PP-0000698,WH-02,MAT-0198,3472,2025-09-19T02:00:00+08:00,2025-09-20T11:00:00+08:00,released,normal,0.817,2025-09-20T06:00:00+08:00
PP-0000699,WH-04,MAT-0100,13510,2026-01-29T19:00:00+08:00,2026-02-03T12:00:00+08:00,planned,high,0.8735,2026-01-29T22:00:00+08:00
PP-0000700,WH-04,MAT-0233,3464,2025-08-29T00:00:00+08:00,2025-08-31T15:00:00+08:00,at_risk,normal,0.9677,2025-08-30T15:00:00+08:00
PP-0000701,WH-04,MAT-0110,18215,2026-02-03T09:00:00+08:00,2026-02-04T02:00:00+08:00,released,high,0.9709,2026-02-04T18:00:00+08:00
PP-0000702,WH-04,MAT-0212,5820,2025-08-21T17:00:00+08:00,2025-08-23T12:00:00+08:00,completed,high,0.7737,2025-08-22T14:00:00+08:00
PP-0000703,WH-04,MAT-0150,6506,2025-11-19T21:00:00+08:00,2025-11-24T20:00:00+08:00,at_risk,high,0.7685,2025-11-21T21:00:00+08:00
PP-0000704,WH-02,MAT-0214,3172,2026-03-17T17:00:00+08:00,2026-03-18T05:00:00+08:00,completed,normal,0.7065,2026-03-19T12:00:00+08:00
PP-0000705,WH-04,MAT-0195,13068,2026-02-15T06:00:00+08:00,2026-02-17T21:00:00+08:00,completed,normal,0.7727,2026-02-16T00:00:00+08:00
PP-0000706,WH-04,MAT-0153,690,2026-02-19T22:00:00+08:00,2026-02-21T18:00:00+08:00,completed,normal,0.9234,2026-02-21T19:00:00+08:00
PP-0000707,WH-04,MAT-0123,8948,2025-09-06T06:00:00+08:00,2025-09-08T21:00:00+08:00,paused,high,0.5902,2025-09-07T20:00:00+08:00
PP-0000708,WH-04,MAT-0019,15863,2026-03-11T22:00:00+08:00,2026-03-12T14:00:00+08:00,completed,normal,0.7341,2026-03-12T00:00:00+08:00
PP-0000709,WH-02,MAT-0234,5761,2026-05-01T09:00:00+08:00,2026-05-06T03:00:00+08:00,completed,normal,0.8785,2026-05-02T02:00:00+08:00
PP-0000710,WH-02,MAT-0206,18944,2025-08-18T12:00:00+08:00,2025-08-21T17:00:00+08:00,planned,high,0.5593,2025-08-20T08:00:00+08:00
PP-0000711,WH-02,MAT-0129,7059,2026-01-11T12:00:00+08:00,2026-01-15T14:00:00+08:00,at_risk,normal,0.8163,2026-01-12T20:00:00+08:00
PP-0000712,WH-04,MAT-0088,7384,2026-04-28T21:00:00+08:00,2026-05-01T14:00:00+08:00,planned,urgent,0.6547,2026-04-29T19:00:00+08:00
PP-0000713,WH-02,MAT-0212,14420,2026-03-17T10:00:00+08:00,2026-03-20T00:00:00+08:00,released,normal,0.648,2026-03-19T01:00:00+08:00
PP-0000714,WH-02,MAT-0037,17422,2025-10-28T08:00:00+08:00,2025-10-29T02:00:00+08:00,at_risk,high,0.6258,2025-10-30T03:00:00+08:00
PP-0000715,WH-02,MAT-0161,18101,2025-12-15T01:00:00+08:00,2025-12-15T21:00:00+08:00,at_risk,normal,0.8779,2025-12-16T23:00:00+08:00
PP-0000716,WH-04,MAT-0212,7697,2026-04-25T00:00:00+08:00,2026-04-28T00:00:00+08:00,released,normal,0.7953,2026-04-25T15:00:00+08:00
PP-0000717,WH-02,MAT-0232,11513,2026-01-20T08:00:00+08:00,2026-01-22T14:00:00+08:00,completed,normal,0.7567,2026-01-21T01:00:00+08:00
PP-0000718,WH-04,MAT-0051,11305,2026-04-01T20:00:00+08:00,2026-04-06T06:00:00+08:00,completed,normal,0.9534,2026-04-03T06:00:00+08:00
PP-0000719,WH-04,MAT-0178,18386,2025-07-07T15:00:00+08:00,2025-07-08T07:00:00+08:00,completed,normal,0.7017,2025-07-08T10:00:00+08:00
PP-0000720,WH-04,MAT-0112,1308,2026-07-19T12:00:00+08:00,2026-07-20T18:00:00+08:00,planned,normal,0.6062,2026-06-15T08:00:00+08:00
PP-0000721,WH-04,MAT-0237,8655,2025-08-10T12:00:00+08:00,2025-08-15T00:00:00+08:00,completed,normal,0.76,2025-08-11T14:00:00+08:00
PP-0000722,WH-02,MAT-0217,13313,2026-06-17T11:00:00+08:00,2026-06-20T22:00:00+08:00,planned,normal,0.6612,2026-06-15T08:00:00+08:00
PP-0000723,WH-04,MAT-0061,10122,2025-07-24T13:00:00+08:00,2025-07-27T10:00:00+08:00,completed,normal,0.989,2025-07-26T05:00:00+08:00
PP-0000724,WH-04,MAT-0010,15479,2026-04-08T15:00:00+08:00,2026-04-10T06:00:00+08:00,paused,high,0.9948,2026-04-08T23:00:00+08:00
PP-0000725,WH-04,MAT-0094,19038,2025-10-06T23:00:00+08:00,2025-10-08T03:00:00+08:00,completed,normal,0.6961,2025-10-08T11:00:00+08:00
PP-0000726,WH-04,MAT-0032,9520,2025-09-17T16:00:00+08:00,2025-09-21T13:00:00+08:00,paused,normal,0.6271,2025-09-19T01:00:00+08:00
PP-0000727,WH-04,MAT-0121,14025,2025-07-10T06:00:00+08:00,2025-07-12T13:00:00+08:00,released,normal,0.9172,2025-07-11T06:00:00+08:00
PP-0000728,WH-02,MAT-0082,14536,2026-05-03T00:00:00+08:00,2026-05-05T02:00:00+08:00,planned,normal,0.8599,2026-05-03T03:00:00+08:00
PP-0000729,WH-04,MAT-0058,11120,2025-11-14T03:00:00+08:00,2025-11-14T18:00:00+08:00,paused,normal,0.5627,2025-11-15T20:00:00+08:00
PP-0000730,WH-04,MAT-0148,6182,2025-06-18T22:00:00+08:00,2025-06-23T14:00:00+08:00,planned,high,0.8929,2025-06-19T20:00:00+08:00
PP-0000731,WH-02,MAT-0078,5939,2026-06-03T06:00:00+08:00,2026-06-07T04:00:00+08:00,planned,normal,0.6934,2026-06-05T06:00:00+08:00
PP-0000732,WH-04,MAT-0053,1860,2026-01-22T20:00:00+08:00,2026-01-26T02:00:00+08:00,planned,normal,0.6695,2026-01-24T15:00:00+08:00
PP-0000733,WH-04,MAT-0231,11513,2025-08-26T12:00:00+08:00,2025-08-29T20:00:00+08:00,released,normal,0.9516,2025-08-27T10:00:00+08:00
PP-0000734,WH-02,MAT-0170,15694,2025-12-28T17:00:00+08:00,2025-12-30T10:00:00+08:00,paused,urgent,0.9954,2025-12-30T10:00:00+08:00
PP-0000735,WH-04,MAT-0118,18636,2025-07-24T11:00:00+08:00,2025-07-26T13:00:00+08:00,released,normal,0.7963,2025-07-25T12:00:00+08:00
PP-0000736,WH-02,MAT-0076,4793,2025-07-27T12:00:00+08:00,2025-07-31T08:00:00+08:00,completed,normal,0.6951,2025-07-29T06:00:00+08:00
PP-0000737,WH-04,MAT-0232,3178,2025-11-10T10:00:00+08:00,2025-11-13T01:00:00+08:00,completed,normal,0.7685,2025-11-10T23:00:00+08:00
PP-0000738,WH-04,MAT-0211,1661,2025-10-13T08:00:00+08:00,2025-10-14T18:00:00+08:00,released,normal,0.918,2025-10-15T03:00:00+08:00
PP-0000739,WH-04,MAT-0075,2856,2025-07-03T05:00:00+08:00,2025-07-04T17:00:00+08:00,released,normal,0.567,2025-07-04T00:00:00+08:00
PP-0000740,WH-04,MAT-0169,11245,2025-12-24T11:00:00+08:00,2025-12-26T10:00:00+08:00,completed,urgent,0.6831,2025-12-26T03:00:00+08:00
PP-0000741,WH-02,MAT-0036,12143,2026-06-11T04:00:00+08:00,2026-06-13T11:00:00+08:00,released,normal,0.5506,2026-06-11T05:00:00+08:00
PP-0000742,WH-04,MAT-0178,9296,2026-01-07T13:00:00+08:00,2026-01-11T09:00:00+08:00,completed,high,0.8136,2026-01-08T06:00:00+08:00
PP-0000743,WH-04,MAT-0206,13446,2025-08-20T06:00:00+08:00,2025-08-21T01:00:00+08:00,completed,normal,0.6489,2025-08-21T19:00:00+08:00
PP-0000744,WH-02,MAT-0058,14375,2025-12-16T08:00:00+08:00,2025-12-16T20:00:00+08:00,completed,urgent,0.7346,2025-12-17T11:00:00+08:00
PP-0000745,WH-04,MAT-0066,14025,2026-03-11T16:00:00+08:00,2026-03-13T15:00:00+08:00,paused,normal,0.7123,2026-03-12T11:00:00+08:00
PP-0000746,WH-04,MAT-0098,17119,2026-02-20T18:00:00+08:00,2026-02-21T04:00:00+08:00,released,normal,0.7825,2026-02-22T05:00:00+08:00
PP-0000747,WH-04,MAT-0206,16482,2025-09-06T19:00:00+08:00,2025-09-08T14:00:00+08:00,paused,high,0.6726,2025-09-08T11:00:00+08:00
PP-0000748,WH-04,MAT-0074,15710,2025-08-09T22:00:00+08:00,2025-08-10T10:00:00+08:00,planned,normal,0.6827,2025-08-10T08:00:00+08:00
PP-0000749,WH-02,MAT-0111,4369,2025-07-15T13:00:00+08:00,2025-07-18T14:00:00+08:00,completed,normal,0.8021,2025-07-16T19:00:00+08:00
PP-0000750,WH-02,MAT-0087,9097,2025-08-02T00:00:00+08:00,2025-08-05T12:00:00+08:00,planned,normal,0.6458,2025-08-03T08:00:00+08:00
PP-0000751,WH-02,MAT-0013,2429,2026-02-22T00:00:00+08:00,2026-02-23T07:00:00+08:00,released,urgent,0.7883,2026-02-22T18:00:00+08:00
PP-0000752,WH-04,MAT-0236,10777,2025-12-31T16:00:00+08:00,2026-01-02T17:00:00+08:00,released,urgent,0.6143,2026-01-01T13:00:00+08:00
PP-0000753,WH-02,MAT-0063,19486,2025-08-04T11:00:00+08:00,2025-08-08T04:00:00+08:00,completed,urgent,0.7218,2025-08-05T15:00:00+08:00
PP-0000754,WH-04,MAT-0186,10720,2026-03-27T22:00:00+08:00,2026-03-30T16:00:00+08:00,completed,normal,0.5721,2026-03-28T21:00:00+08:00
PP-0000755,WH-04,MAT-0215,10380,2025-09-14T16:00:00+08:00,2025-09-17T21:00:00+08:00,released,high,0.6299,2025-09-16T15:00:00+08:00
PP-0000756,WH-02,MAT-0210,17521,2025-10-29T13:00:00+08:00,2025-10-31T01:00:00+08:00,at_risk,high,0.8838,2025-10-31T08:00:00+08:00
PP-0000757,WH-02,MAT-0104,11407,2025-09-23T19:00:00+08:00,2025-09-26T08:00:00+08:00,completed,high,0.8747,2025-09-25T08:00:00+08:00
PP-0000758,WH-02,MAT-0090,15451,2026-05-26T14:00:00+08:00,2026-05-29T03:00:00+08:00,planned,urgent,0.6603,2026-05-28T10:00:00+08:00
PP-0000759,WH-04,MAT-0125,3849,2026-05-09T01:00:00+08:00,2026-05-11T20:00:00+08:00,at_risk,normal,0.7069,2026-05-09T16:00:00+08:00
PP-0000760,WH-04,MAT-0212,3497,2025-08-23T06:00:00+08:00,2025-08-26T04:00:00+08:00,released,normal,0.8779,2025-08-24T21:00:00+08:00
PP-0000761,WH-02,MAT-0054,19504,2025-12-30T07:00:00+08:00,2026-01-01T04:00:00+08:00,planned,normal,0.7746,2026-01-01T06:00:00+08:00
PP-0000762,WH-02,MAT-0088,19568,2026-06-24T08:00:00+08:00,2026-06-28T01:00:00+08:00,completed,normal,0.7113,2026-06-15T08:00:00+08:00
PP-0000763,WH-02,MAT-0125,406,2025-10-21T22:00:00+08:00,2025-10-24T02:00:00+08:00,completed,high,0.8909,2025-10-22T01:00:00+08:00
PP-0000764,WH-02,MAT-0105,3409,2026-03-22T06:00:00+08:00,2026-03-26T23:00:00+08:00,planned,urgent,0.5879,2026-03-23T19:00:00+08:00
PP-0000765,WH-04,MAT-0190,7967,2026-01-08T03:00:00+08:00,2026-01-08T18:00:00+08:00,released,normal,0.7372,2026-01-09T13:00:00+08:00
PP-0000766,WH-04,MAT-0166,9131,2026-02-28T07:00:00+08:00,2026-03-04T10:00:00+08:00,at_risk,normal,0.6713,2026-03-02T02:00:00+08:00
PP-0000767,WH-04,MAT-0044,8077,2025-08-10T01:00:00+08:00,2025-08-13T18:00:00+08:00,released,normal,0.7791,2025-08-10T01:00:00+08:00
PP-0000768,WH-04,MAT-0086,9896,2025-09-12T10:00:00+08:00,2025-09-14T11:00:00+08:00,at_risk,high,0.7819,2025-09-12T13:00:00+08:00
PP-0000769,WH-04,MAT-0199,14546,2026-07-06T09:00:00+08:00,2026-07-07T06:00:00+08:00,released,normal,0.7769,2026-06-15T08:00:00+08:00
PP-0000770,WH-04,MAT-0176,3191,2025-07-08T13:00:00+08:00,2025-07-10T06:00:00+08:00,completed,urgent,0.6973,2025-07-08T15:00:00+08:00
PP-0000771,WH-02,MAT-0104,6769,2025-07-20T20:00:00+08:00,2025-07-21T20:00:00+08:00,completed,urgent,0.6387,2025-07-21T06:00:00+08:00
PP-0000772,WH-02,MAT-0058,12803,2026-05-18T22:00:00+08:00,2026-05-22T11:00:00+08:00,completed,high,0.8282,2026-05-20T04:00:00+08:00
PP-0000773,WH-04,MAT-0236,1682,2026-05-03T06:00:00+08:00,2026-05-05T12:00:00+08:00,released,high,0.9424,2026-05-04T09:00:00+08:00
PP-0000774,WH-04,MAT-0164,1129,2026-04-01T17:00:00+08:00,2026-04-05T21:00:00+08:00,released,normal,0.8433,2026-04-02T21:00:00+08:00
PP-0000775,WH-02,MAT-0013,18228,2025-10-25T07:00:00+08:00,2025-10-27T23:00:00+08:00,planned,urgent,0.5949,2025-10-27T07:00:00+08:00
PP-0000776,WH-02,MAT-0002,3119,2025-08-31T09:00:00+08:00,2025-09-01T02:00:00+08:00,released,normal,0.5521,2025-09-01T18:00:00+08:00
PP-0000777,WH-04,MAT-0081,16207,2025-11-27T15:00:00+08:00,2025-11-29T08:00:00+08:00,completed,normal,0.7966,2025-11-28T05:00:00+08:00
PP-0000778,WH-04,MAT-0194,1262,2025-09-25T16:00:00+08:00,2025-09-30T12:00:00+08:00,at_risk,high,0.6075,2025-09-26T05:00:00+08:00
PP-0000779,WH-04,MAT-0077,1468,2025-07-19T22:00:00+08:00,2025-07-21T03:00:00+08:00,released,normal,0.9924,2025-07-21T15:00:00+08:00
PP-0000780,WH-02,MAT-0188,13281,2025-12-15T18:00:00+08:00,2025-12-20T00:00:00+08:00,released,urgent,0.5847,2025-12-16T20:00:00+08:00
PP-0000781,WH-02,MAT-0116,19314,2026-01-18T05:00:00+08:00,2026-01-19T08:00:00+08:00,released,normal,0.9162,2026-01-19T09:00:00+08:00
PP-0000782,WH-02,MAT-0151,11715,2025-12-24T00:00:00+08:00,2025-12-27T16:00:00+08:00,at_risk,urgent,0.9438,2025-12-25T10:00:00+08:00
PP-0000783,WH-02,MAT-0115,2355,2025-10-07T01:00:00+08:00,2025-10-10T00:00:00+08:00,at_risk,normal,0.9342,2025-10-08T09:00:00+08:00
PP-0000784,WH-04,MAT-0094,2243,2025-07-22T22:00:00+08:00,2025-07-24T06:00:00+08:00,completed,normal,0.942,2025-07-23T13:00:00+08:00
PP-0000785,WH-04,MAT-0091,4604,2025-09-07T00:00:00+08:00,2025-09-11T23:00:00+08:00,paused,urgent,0.6493,2025-09-08T14:00:00+08:00
PP-0000786,WH-02,MAT-0127,14781,2025-06-21T03:00:00+08:00,2025-06-25T05:00:00+08:00,completed,normal,0.6848,2025-06-21T07:00:00+08:00
PP-0000787,WH-02,MAT-0037,19806,2026-05-18T03:00:00+08:00,2026-05-18T19:00:00+08:00,released,normal,0.5939,2026-05-18T10:00:00+08:00
PP-0000788,WH-02,MAT-0061,798,2025-10-09T15:00:00+08:00,2025-10-13T08:00:00+08:00,planned,normal,0.7124,2025-10-11T08:00:00+08:00
PP-0000789,WH-04,MAT-0116,14755,2025-06-19T21:00:00+08:00,2025-06-22T07:00:00+08:00,paused,normal,0.5886,2025-06-20T09:00:00+08:00
PP-0000790,WH-04,MAT-0140,11052,2026-03-14T19:00:00+08:00,2026-03-19T07:00:00+08:00,completed,urgent,0.6364,2026-03-16T07:00:00+08:00
PP-0000791,WH-04,MAT-0070,1463,2025-08-03T13:00:00+08:00,2025-08-06T14:00:00+08:00,released,urgent,0.8547,2025-08-05T00:00:00+08:00
PP-0000792,WH-04,MAT-0231,6918,2026-06-11T20:00:00+08:00,2026-06-14T22:00:00+08:00,released,normal,0.7031,2026-06-13T15:00:00+08:00
PP-0000793,WH-04,MAT-0121,1174,2026-05-07T01:00:00+08:00,2026-05-12T00:00:00+08:00,planned,normal,0.7204,2026-05-07T10:00:00+08:00
PP-0000794,WH-02,MAT-0160,12016,2025-07-26T17:00:00+08:00,2025-07-31T01:00:00+08:00,completed,urgent,0.6705,2025-07-28T08:00:00+08:00
PP-0000795,WH-04,MAT-0035,429,2025-11-02T16:00:00+08:00,2025-11-07T08:00:00+08:00,completed,urgent,0.8999,2025-11-04T11:00:00+08:00
PP-0000796,WH-04,MAT-0146,14312,2026-05-03T18:00:00+08:00,2026-05-04T23:00:00+08:00,completed,normal,0.5699,2026-05-04T19:00:00+08:00
PP-0000797,WH-02,MAT-0149,16732,2026-07-19T15:00:00+08:00,2026-07-20T11:00:00+08:00,completed,high,0.7508,2026-06-15T08:00:00+08:00
PP-0000798,WH-02,MAT-0233,16123,2025-12-31T16:00:00+08:00,2026-01-03T15:00:00+08:00,at_risk,normal,0.6069,2026-01-01T00:00:00+08:00
PP-0000799,WH-02,MAT-0023,3254,2026-05-21T13:00:00+08:00,2026-05-25T15:00:00+08:00,completed,high,0.9778,2026-05-21T22:00:00+08:00
PP-0000800,WH-04,MAT-0125,12782,2026-07-12T03:00:00+08:00,2026-07-13T14:00:00+08:00,completed,normal,0.8386,2026-06-15T08:00:00+08:00
PP-0000801,WH-02,MAT-0224,3907,2025-08-31T21:00:00+08:00,2025-09-04T17:00:00+08:00,completed,normal,0.8877,2025-09-02T12:00:00+08:00
PP-0000802,WH-02,MAT-0025,6820,2026-06-01T20:00:00+08:00,2026-06-05T13:00:00+08:00,planned,normal,0.5636,2026-06-02T09:00:00+08:00
PP-0000803,WH-02,MAT-0167,8789,2025-11-26T21:00:00+08:00,2025-11-28T08:00:00+08:00,completed,high,0.693,2025-11-28T12:00:00+08:00
PP-0000804,WH-02,MAT-0104,9665,2025-08-16T14:00:00+08:00,2025-08-17T00:00:00+08:00,completed,normal,0.6939,2025-08-18T11:00:00+08:00
PP-0000805,WH-02,MAT-0014,16655,2026-01-18T09:00:00+08:00,2026-01-20T13:00:00+08:00,completed,normal,0.8707,2026-01-19T13:00:00+08:00
PP-0000806,WH-02,MAT-0200,6622,2026-01-01T22:00:00+08:00,2026-01-05T12:00:00+08:00,released,urgent,0.9485,2026-01-02T01:00:00+08:00
PP-0000807,WH-02,MAT-0151,11602,2026-07-12T22:00:00+08:00,2026-07-14T13:00:00+08:00,completed,normal,0.8489,2026-06-15T08:00:00+08:00
PP-0000808,WH-02,MAT-0052,16156,2026-01-07T02:00:00+08:00,2026-01-09T10:00:00+08:00,released,normal,0.7848,2026-01-09T01:00:00+08:00
PP-0000809,WH-02,MAT-0074,19279,2026-02-16T16:00:00+08:00,2026-02-21T14:00:00+08:00,completed,high,0.7196,2026-02-18T10:00:00+08:00
PP-0000810,WH-04,MAT-0072,4898,2025-10-30T15:00:00+08:00,2025-11-03T20:00:00+08:00,completed,urgent,0.6296,2025-10-31T19:00:00+08:00
PP-0000811,WH-02,MAT-0233,15079,2025-09-10T11:00:00+08:00,2025-09-15T08:00:00+08:00,at_risk,normal,0.7492,2025-09-11T10:00:00+08:00
PP-0000812,WH-04,MAT-0072,9637,2026-04-24T15:00:00+08:00,2026-04-27T11:00:00+08:00,completed,high,0.5719,2026-04-25T17:00:00+08:00
PP-0000813,WH-02,MAT-0066,11923,2025-07-05T09:00:00+08:00,2025-07-08T08:00:00+08:00,paused,high,0.7365,2025-07-05T15:00:00+08:00
PP-0000814,WH-04,MAT-0191,4064,2025-08-17T09:00:00+08:00,2025-08-18T15:00:00+08:00,completed,normal,0.8832,2025-08-17T16:00:00+08:00
PP-0000815,WH-04,MAT-0009,2788,2025-07-02T13:00:00+08:00,2025-07-06T07:00:00+08:00,completed,high,0.7519,2025-07-03T11:00:00+08:00
PP-0000816,WH-04,MAT-0165,12737,2026-01-11T10:00:00+08:00,2026-01-13T13:00:00+08:00,planned,normal,0.5728,2026-01-12T04:00:00+08:00
PP-0000817,WH-04,MAT-0065,5101,2025-12-25T12:00:00+08:00,2025-12-29T09:00:00+08:00,released,high,0.7399,2025-12-25T22:00:00+08:00
PP-0000818,WH-02,MAT-0209,19541,2026-06-18T06:00:00+08:00,2026-06-18T23:00:00+08:00,planned,high,0.7318,2026-06-15T08:00:00+08:00
PP-0000819,WH-02,MAT-0191,5713,2025-11-24T07:00:00+08:00,2025-11-25T00:00:00+08:00,completed,normal,0.6006,2025-11-25T21:00:00+08:00
PP-0000820,WH-04,MAT-0100,3096,2026-06-28T04:00:00+08:00,2026-07-02T13:00:00+08:00,at_risk,normal,0.8316,2026-06-15T08:00:00+08:00
PP-0000821,WH-02,MAT-0108,14510,2026-02-28T11:00:00+08:00,2026-03-04T01:00:00+08:00,at_risk,high,0.8811,2026-02-28T21:00:00+08:00
PP-0000822,WH-04,MAT-0141,4223,2026-02-03T07:00:00+08:00,2026-02-06T17:00:00+08:00,completed,high,0.6082,2026-02-04T07:00:00+08:00
PP-0000823,WH-04,MAT-0027,1317,2026-01-13T16:00:00+08:00,2026-01-18T08:00:00+08:00,completed,normal,0.6112,2026-01-14T07:00:00+08:00
PP-0000824,WH-04,MAT-0215,766,2025-12-19T11:00:00+08:00,2025-12-24T08:00:00+08:00,at_risk,urgent,0.9307,2025-12-20T19:00:00+08:00
PP-0000825,WH-04,MAT-0226,9094,2026-06-17T05:00:00+08:00,2026-06-19T15:00:00+08:00,completed,normal,0.6586,2026-06-15T08:00:00+08:00
PP-0000826,WH-02,MAT-0030,7891,2026-03-20T08:00:00+08:00,2026-03-22T03:00:00+08:00,released,normal,0.7034,2026-03-21T15:00:00+08:00
PP-0000827,WH-04,MAT-0167,5459,2026-02-17T22:00:00+08:00,2026-02-18T10:00:00+08:00,released,normal,0.5705,2026-02-19T04:00:00+08:00
PP-0000828,WH-02,MAT-0123,2638,2025-07-18T23:00:00+08:00,2025-07-21T10:00:00+08:00,released,normal,0.5547,2025-07-20T05:00:00+08:00
PP-0000829,WH-04,MAT-0158,10357,2025-08-25T05:00:00+08:00,2025-08-27T13:00:00+08:00,planned,normal,0.5617,2025-08-26T17:00:00+08:00
PP-0000830,WH-04,MAT-0093,13197,2025-06-25T19:00:00+08:00,2025-06-30T08:00:00+08:00,planned,normal,0.8664,2025-06-27T15:00:00+08:00
PP-0000831,WH-02,MAT-0065,3450,2025-09-09T13:00:00+08:00,2025-09-11T04:00:00+08:00,paused,normal,0.7145,2025-09-11T05:00:00+08:00
PP-0000832,WH-02,MAT-0117,3529,2026-03-23T13:00:00+08:00,2026-03-27T15:00:00+08:00,planned,normal,0.9272,2026-03-24T07:00:00+08:00
PP-0000833,WH-04,MAT-0012,14442,2025-10-10T18:00:00+08:00,2025-10-12T08:00:00+08:00,planned,high,0.8991,2025-10-12T12:00:00+08:00
PP-0000834,WH-04,MAT-0220,10750,2026-01-05T12:00:00+08:00,2026-01-10T03:00:00+08:00,released,normal,0.5722,2026-01-07T07:00:00+08:00
PP-0000835,WH-02,MAT-0072,403,2026-04-04T22:00:00+08:00,2026-04-07T10:00:00+08:00,at_risk,normal,0.7798,2026-04-05T16:00:00+08:00
PP-0000836,WH-04,MAT-0175,18263,2026-07-16T23:00:00+08:00,2026-07-19T20:00:00+08:00,planned,normal,0.6523,2026-06-15T08:00:00+08:00
PP-0000837,WH-02,MAT-0208,16645,2025-08-01T01:00:00+08:00,2025-08-04T05:00:00+08:00,planned,urgent,0.6616,2025-08-02T11:00:00+08:00
PP-0000838,WH-04,MAT-0240,12897,2025-12-17T18:00:00+08:00,2025-12-18T15:00:00+08:00,paused,high,0.6534,2025-12-19T01:00:00+08:00
PP-0000839,WH-02,MAT-0121,4514,2026-01-06T19:00:00+08:00,2026-01-09T23:00:00+08:00,released,normal,0.9156,2026-01-08T18:00:00+08:00
PP-0000840,WH-02,MAT-0077,17311,2025-10-19T06:00:00+08:00,2025-10-20T17:00:00+08:00,completed,normal,0.8122,2025-10-20T07:00:00+08:00
PP-0000841,WH-02,MAT-0092,190,2025-12-24T05:00:00+08:00,2025-12-27T20:00:00+08:00,completed,high,0.7922,2025-12-25T20:00:00+08:00
PP-0000842,WH-04,MAT-0185,18206,2026-03-18T00:00:00+08:00,2026-03-19T17:00:00+08:00,at_risk,high,0.7324,2026-03-18T02:00:00+08:00
PP-0000843,WH-04,MAT-0223,4703,2025-08-04T20:00:00+08:00,2025-08-08T07:00:00+08:00,released,normal,0.9783,2025-08-06T06:00:00+08:00
PP-0000844,WH-02,MAT-0134,15497,2025-12-02T07:00:00+08:00,2025-12-05T16:00:00+08:00,completed,high,0.8851,2025-12-03T19:00:00+08:00
PP-0000845,WH-04,MAT-0086,14369,2025-11-13T12:00:00+08:00,2025-11-14T03:00:00+08:00,completed,urgent,0.5502,2025-11-15T11:00:00+08:00
PP-0000846,WH-02,MAT-0139,19560,2025-08-11T03:00:00+08:00,2025-08-12T00:00:00+08:00,at_risk,normal,0.9964,2025-08-12T18:00:00+08:00
PP-0000847,WH-02,MAT-0127,3254,2026-02-10T14:00:00+08:00,2026-02-12T23:00:00+08:00,at_risk,high,0.653,2026-02-12T00:00:00+08:00
PP-0000848,WH-02,MAT-0032,18267,2026-04-23T18:00:00+08:00,2026-04-26T15:00:00+08:00,paused,urgent,0.6607,2026-04-24T12:00:00+08:00
PP-0000849,WH-02,MAT-0172,4631,2026-06-16T07:00:00+08:00,2026-06-20T06:00:00+08:00,completed,high,0.6677,2026-06-15T08:00:00+08:00
PP-0000850,WH-04,MAT-0144,19013,2026-01-31T07:00:00+08:00,2026-02-03T10:00:00+08:00,completed,normal,0.8321,2026-02-01T19:00:00+08:00
PP-0000851,WH-04,MAT-0173,6406,2025-10-24T03:00:00+08:00,2025-10-26T05:00:00+08:00,completed,normal,0.7128,2025-10-25T18:00:00+08:00
PP-0000852,WH-02,MAT-0036,3541,2025-09-21T20:00:00+08:00,2025-09-23T01:00:00+08:00,completed,normal,0.6237,2025-09-23T03:00:00+08:00
PP-0000853,WH-02,MAT-0057,17828,2026-05-31T19:00:00+08:00,2026-06-05T07:00:00+08:00,completed,normal,0.9062,2026-06-01T08:00:00+08:00
PP-0000854,WH-04,MAT-0054,12938,2026-02-16T17:00:00+08:00,2026-02-20T04:00:00+08:00,planned,normal,0.7321,2026-02-17T23:00:00+08:00
PP-0000855,WH-02,MAT-0147,6615,2026-02-13T05:00:00+08:00,2026-02-15T07:00:00+08:00,planned,normal,0.7717,2026-02-14T21:00:00+08:00
PP-0000856,WH-02,MAT-0198,8445,2026-07-03T03:00:00+08:00,2026-07-06T17:00:00+08:00,planned,normal,0.8107,2026-06-15T08:00:00+08:00
PP-0000857,WH-04,MAT-0010,12162,2026-01-05T01:00:00+08:00,2026-01-06T12:00:00+08:00,completed,high,0.6165,2026-01-06T06:00:00+08:00
PP-0000858,WH-04,MAT-0189,16555,2025-09-05T16:00:00+08:00,2025-09-09T23:00:00+08:00,released,normal,0.7462,2025-09-06T07:00:00+08:00
PP-0000859,WH-04,MAT-0086,8195,2026-01-20T05:00:00+08:00,2026-01-24T05:00:00+08:00,planned,normal,0.7367,2026-01-21T13:00:00+08:00
PP-0000860,WH-02,MAT-0020,17272,2025-06-27T23:00:00+08:00,2025-06-28T10:00:00+08:00,completed,high,0.7599,2025-06-29T00:00:00+08:00
PP-0000861,WH-04,MAT-0150,7727,2025-11-22T22:00:00+08:00,2025-11-25T09:00:00+08:00,completed,normal,0.6793,2025-11-23T19:00:00+08:00
PP-0000862,WH-02,MAT-0049,13335,2026-05-04T20:00:00+08:00,2026-05-09T18:00:00+08:00,completed,normal,0.9447,2026-05-06T18:00:00+08:00
PP-0000863,WH-04,MAT-0112,16255,2026-01-05T06:00:00+08:00,2026-01-06T06:00:00+08:00,completed,urgent,0.8644,2026-01-07T02:00:00+08:00
PP-0000864,WH-02,MAT-0044,15121,2025-06-26T14:00:00+08:00,2025-06-27T17:00:00+08:00,completed,high,0.645,2025-06-27T18:00:00+08:00
PP-0000865,WH-02,MAT-0185,3537,2026-03-29T05:00:00+08:00,2026-04-03T01:00:00+08:00,at_risk,normal,0.7761,2026-03-30T23:00:00+08:00
PP-0000866,WH-02,MAT-0233,4056,2026-03-30T09:00:00+08:00,2026-04-02T18:00:00+08:00,completed,high,0.8605,2026-03-31T02:00:00+08:00
PP-0000867,WH-04,MAT-0096,13283,2025-11-04T14:00:00+08:00,2025-11-07T10:00:00+08:00,released,normal,0.8735,2025-11-05T18:00:00+08:00
PP-0000868,WH-02,MAT-0236,6386,2025-10-13T21:00:00+08:00,2025-10-14T13:00:00+08:00,released,high,0.7742,2025-10-14T15:00:00+08:00
PP-0000869,WH-02,MAT-0082,10924,2025-11-04T06:00:00+08:00,2025-11-07T22:00:00+08:00,planned,normal,0.8664,2025-11-05T05:00:00+08:00
PP-0000870,WH-02,MAT-0037,19758,2026-02-25T08:00:00+08:00,2026-03-01T06:00:00+08:00,completed,high,0.7961,2026-02-27T02:00:00+08:00
PP-0000871,WH-04,MAT-0195,13459,2026-05-13T18:00:00+08:00,2026-05-14T17:00:00+08:00,completed,normal,0.6349,2026-05-13T21:00:00+08:00
PP-0000872,WH-02,MAT-0229,9254,2026-05-25T22:00:00+08:00,2026-05-26T12:00:00+08:00,completed,high,0.9208,2026-05-27T06:00:00+08:00
PP-0000873,WH-04,MAT-0134,19356,2026-05-29T05:00:00+08:00,2026-05-29T17:00:00+08:00,released,urgent,0.6122,2026-05-30T15:00:00+08:00
PP-0000874,WH-02,MAT-0103,12402,2026-02-10T22:00:00+08:00,2026-02-15T20:00:00+08:00,completed,normal,0.9073,2026-02-11T15:00:00+08:00
PP-0000875,WH-02,MAT-0090,15044,2026-03-20T12:00:00+08:00,2026-03-21T23:00:00+08:00,released,normal,0.8825,2026-03-22T03:00:00+08:00
PP-0000876,WH-04,MAT-0179,19088,2026-05-20T04:00:00+08:00,2026-05-20T19:00:00+08:00,completed,urgent,0.9976,2026-05-20T13:00:00+08:00
PP-0000877,WH-02,MAT-0014,9418,2025-06-23T17:00:00+08:00,2025-06-27T06:00:00+08:00,planned,high,0.6296,2025-06-24T17:00:00+08:00
PP-0000878,WH-04,MAT-0125,1054,2025-08-10T12:00:00+08:00,2025-08-14T08:00:00+08:00,planned,normal,0.7563,2025-08-11T13:00:00+08:00
PP-0000879,WH-02,MAT-0234,2411,2026-03-04T19:00:00+08:00,2026-03-07T00:00:00+08:00,completed,normal,0.843,2026-03-05T01:00:00+08:00
PP-0000880,WH-02,MAT-0161,14047,2026-06-17T01:00:00+08:00,2026-06-19T06:00:00+08:00,at_risk,normal,0.5755,2026-06-15T08:00:00+08:00
PP-0000881,WH-04,MAT-0119,3058,2026-01-10T09:00:00+08:00,2026-01-15T09:00:00+08:00,planned,normal,0.7949,2026-01-11T14:00:00+08:00
PP-0000882,WH-04,MAT-0236,5295,2025-07-10T09:00:00+08:00,2025-07-12T01:00:00+08:00,completed,urgent,0.7918,2025-07-10T12:00:00+08:00
PP-0000883,WH-04,MAT-0008,299,2026-04-20T15:00:00+08:00,2026-04-23T02:00:00+08:00,released,high,0.7936,2026-04-20T19:00:00+08:00
PP-0000884,WH-02,MAT-0147,9711,2025-09-13T19:00:00+08:00,2025-09-15T23:00:00+08:00,completed,normal,0.7517,2025-09-15T05:00:00+08:00
PP-0000885,WH-04,MAT-0075,275,2026-01-05T05:00:00+08:00,2026-01-09T05:00:00+08:00,completed,normal,0.5822,2026-01-05T05:00:00+08:00
PP-0000886,WH-02,MAT-0082,11495,2025-07-15T21:00:00+08:00,2025-07-17T15:00:00+08:00,completed,high,0.7495,2025-07-17T12:00:00+08:00
PP-0000887,WH-02,MAT-0107,6449,2026-05-07T11:00:00+08:00,2026-05-10T13:00:00+08:00,completed,normal,0.6727,2026-05-09T11:00:00+08:00
PP-0000888,WH-02,MAT-0199,987,2025-08-17T07:00:00+08:00,2025-08-18T15:00:00+08:00,released,normal,0.6576,2025-08-17T08:00:00+08:00
PP-0000889,WH-02,MAT-0237,18872,2025-08-02T12:00:00+08:00,2025-08-07T03:00:00+08:00,planned,high,0.6926,2025-08-03T00:00:00+08:00
PP-0000890,WH-04,MAT-0062,223,2026-02-06T09:00:00+08:00,2026-02-10T05:00:00+08:00,planned,normal,0.7604,2026-02-07T16:00:00+08:00
PP-0000891,WH-04,MAT-0127,13216,2025-12-20T23:00:00+08:00,2025-12-23T13:00:00+08:00,paused,high,0.6744,2025-12-21T07:00:00+08:00
PP-0000892,WH-02,MAT-0073,14546,2025-10-05T19:00:00+08:00,2025-10-10T09:00:00+08:00,paused,normal,0.6269,2025-10-06T03:00:00+08:00
PP-0000893,WH-02,MAT-0193,13286,2025-09-15T02:00:00+08:00,2025-09-17T19:00:00+08:00,planned,normal,0.6383,2025-09-15T11:00:00+08:00
PP-0000894,WH-02,MAT-0080,11398,2026-01-28T18:00:00+08:00,2026-02-02T08:00:00+08:00,released,high,0.9651,2026-01-30T07:00:00+08:00
PP-0000895,WH-02,MAT-0032,2605,2025-07-25T05:00:00+08:00,2025-07-27T01:00:00+08:00,completed,normal,0.8628,2025-07-26T18:00:00+08:00
PP-0000896,WH-04,MAT-0015,5737,2026-03-25T17:00:00+08:00,2026-03-26T13:00:00+08:00,completed,normal,0.6141,2026-03-26T11:00:00+08:00
PP-0000897,WH-04,MAT-0042,18526,2026-04-10T13:00:00+08:00,2026-04-12T13:00:00+08:00,released,high,0.8087,2026-04-12T13:00:00+08:00
PP-0000898,WH-04,MAT-0074,750,2025-10-27T08:00:00+08:00,2025-10-28T07:00:00+08:00,planned,high,0.7134,2025-10-28T08:00:00+08:00
PP-0000899,WH-04,MAT-0024,5519,2025-09-15T00:00:00+08:00,2025-09-18T10:00:00+08:00,planned,normal,0.8418,2025-09-15T00:00:00+08:00
PP-0000900,WH-04,MAT-0070,15735,2026-06-08T06:00:00+08:00,2026-06-12T07:00:00+08:00,completed,normal,0.757,2026-06-10T05:00:00+08:00
PP-0000901,WH-02,MAT-0213,14210,2025-12-27T13:00:00+08:00,2025-12-28T15:00:00+08:00,completed,high,0.5592,2025-12-29T00:00:00+08:00
PP-0000902,WH-04,MAT-0084,3488,2026-05-12T02:00:00+08:00,2026-05-15T00:00:00+08:00,released,normal,0.6824,2026-05-13T11:00:00+08:00
PP-0000903,WH-04,MAT-0050,9673,2025-11-20T00:00:00+08:00,2025-11-22T04:00:00+08:00,completed,normal,0.5842,2025-11-21T11:00:00+08:00
PP-0000904,WH-04,MAT-0139,19163,2025-08-27T23:00:00+08:00,2025-09-01T05:00:00+08:00,completed,normal,0.8198,2025-08-28T02:00:00+08:00
PP-0000905,WH-04,MAT-0167,19923,2025-07-05T01:00:00+08:00,2025-07-07T17:00:00+08:00,at_risk,high,0.7431,2025-07-05T10:00:00+08:00
PP-0000906,WH-02,MAT-0015,16049,2025-07-31T23:00:00+08:00,2025-08-03T02:00:00+08:00,planned,high,0.9243,2025-08-02T19:00:00+08:00
PP-0000907,WH-04,MAT-0145,19104,2026-05-01T04:00:00+08:00,2026-05-05T20:00:00+08:00,completed,urgent,0.7761,2026-05-01T05:00:00+08:00
PP-0000908,WH-02,MAT-0013,8320,2025-12-25T02:00:00+08:00,2025-12-28T09:00:00+08:00,planned,urgent,0.67,2025-12-27T02:00:00+08:00
PP-0000909,WH-02,MAT-0216,7957,2025-10-12T17:00:00+08:00,2025-10-14T15:00:00+08:00,completed,high,0.8113,2025-10-13T19:00:00+08:00
PP-0000910,WH-04,MAT-0140,9414,2025-09-03T06:00:00+08:00,2025-09-06T10:00:00+08:00,at_risk,high,0.8951,2025-09-03T23:00:00+08:00
PP-0000911,WH-02,MAT-0075,8167,2025-11-08T06:00:00+08:00,2025-11-10T15:00:00+08:00,planned,normal,0.9687,2025-11-10T01:00:00+08:00
PP-0000912,WH-04,MAT-0177,7626,2025-10-22T04:00:00+08:00,2025-10-23T04:00:00+08:00,paused,high,0.9481,2025-10-23T12:00:00+08:00
PP-0000913,WH-02,MAT-0159,11509,2026-05-17T20:00:00+08:00,2026-05-19T08:00:00+08:00,completed,high,0.5607,2026-05-18T02:00:00+08:00
PP-0000914,WH-04,MAT-0186,10699,2026-05-08T14:00:00+08:00,2026-05-10T09:00:00+08:00,planned,normal,0.9325,2026-05-09T08:00:00+08:00
PP-0000915,WH-02,MAT-0122,5288,2026-02-25T07:00:00+08:00,2026-02-28T04:00:00+08:00,completed,normal,0.6732,2026-02-25T23:00:00+08:00
PP-0000916,WH-02,MAT-0153,12225,2026-06-28T15:00:00+08:00,2026-06-29T22:00:00+08:00,completed,high,0.7398,2026-06-15T08:00:00+08:00
PP-0000917,WH-04,MAT-0016,16747,2026-05-09T17:00:00+08:00,2026-05-11T19:00:00+08:00,at_risk,high,0.806,2026-05-11T13:00:00+08:00
PP-0000918,WH-02,MAT-0128,17020,2026-03-25T07:00:00+08:00,2026-03-27T19:00:00+08:00,released,high,0.7996,2026-03-26T16:00:00+08:00
PP-0000919,WH-02,MAT-0160,14247,2026-03-27T19:00:00+08:00,2026-04-01T04:00:00+08:00,completed,normal,0.728,2026-03-28T18:00:00+08:00
PP-0000920,WH-04,MAT-0093,7081,2026-03-23T16:00:00+08:00,2026-03-28T14:00:00+08:00,planned,normal,0.6138,2026-03-25T05:00:00+08:00
PP-0000921,WH-04,MAT-0215,13163,2026-05-08T19:00:00+08:00,2026-05-11T14:00:00+08:00,released,high,0.7986,2026-05-10T00:00:00+08:00
PP-0000922,WH-02,MAT-0127,1243,2026-01-22T13:00:00+08:00,2026-01-25T06:00:00+08:00,planned,normal,0.6387,2026-01-23T07:00:00+08:00
PP-0000923,WH-04,MAT-0076,15105,2025-08-31T15:00:00+08:00,2025-09-01T06:00:00+08:00,at_risk,high,0.6309,2025-09-01T09:00:00+08:00
PP-0000924,WH-02,MAT-0137,11377,2025-10-12T17:00:00+08:00,2025-10-15T01:00:00+08:00,planned,urgent,0.6891,2025-10-12T17:00:00+08:00
PP-0000925,WH-02,MAT-0219,16713,2026-02-16T19:00:00+08:00,2026-02-18T11:00:00+08:00,completed,normal,0.8779,2026-02-17T18:00:00+08:00
PP-0000926,WH-04,MAT-0181,13399,2026-01-29T14:00:00+08:00,2026-02-03T03:00:00+08:00,completed,urgent,0.9602,2026-01-30T02:00:00+08:00
PP-0000927,WH-04,MAT-0030,17826,2026-05-27T14:00:00+08:00,2026-05-30T09:00:00+08:00,released,high,0.817,2026-05-29T02:00:00+08:00
PP-0000928,WH-04,MAT-0084,18426,2026-01-19T00:00:00+08:00,2026-01-19T18:00:00+08:00,released,normal,0.5788,2026-01-19T05:00:00+08:00
PP-0000929,WH-04,MAT-0188,8346,2026-04-07T07:00:00+08:00,2026-04-10T13:00:00+08:00,planned,normal,0.7357,2026-04-08T19:00:00+08:00
PP-0000930,WH-04,MAT-0132,5098,2025-08-04T13:00:00+08:00,2025-08-07T14:00:00+08:00,released,normal,0.749,2025-08-04T15:00:00+08:00
PP-0000931,WH-02,MAT-0019,563,2026-02-26T00:00:00+08:00,2026-02-28T02:00:00+08:00,completed,normal,0.9171,2026-02-27T06:00:00+08:00
PP-0000932,WH-02,MAT-0046,9595,2025-07-27T01:00:00+08:00,2025-07-31T15:00:00+08:00,released,normal,0.7234,2025-07-28T04:00:00+08:00
PP-0000933,WH-02,MAT-0057,14358,2026-06-13T21:00:00+08:00,2026-06-15T18:00:00+08:00,completed,urgent,0.7322,2026-06-14T20:00:00+08:00
PP-0000934,WH-02,MAT-0081,5233,2025-08-19T00:00:00+08:00,2025-08-23T00:00:00+08:00,at_risk,high,0.7834,2025-08-20T08:00:00+08:00
PP-0000935,WH-02,MAT-0142,15129,2025-12-04T17:00:00+08:00,2025-12-06T03:00:00+08:00,at_risk,urgent,0.9423,2025-12-06T01:00:00+08:00
PP-0000936,WH-04,MAT-0007,673,2025-07-01T02:00:00+08:00,2025-07-02T04:00:00+08:00,released,normal,0.551,2025-07-02T09:00:00+08:00
PP-0000937,WH-02,MAT-0066,18050,2026-02-22T02:00:00+08:00,2026-02-25T04:00:00+08:00,completed,normal,0.7476,2026-02-22T08:00:00+08:00
PP-0000938,WH-04,MAT-0038,12942,2026-03-10T18:00:00+08:00,2026-03-14T04:00:00+08:00,at_risk,urgent,0.6454,2026-03-11T09:00:00+08:00
PP-0000939,WH-04,MAT-0117,16079,2026-06-03T20:00:00+08:00,2026-06-05T03:00:00+08:00,released,normal,0.8298,2026-06-05T19:00:00+08:00
PP-0000940,WH-02,MAT-0218,18885,2025-11-29T22:00:00+08:00,2025-12-04T01:00:00+08:00,completed,high,0.5575,2025-11-30T13:00:00+08:00
PP-0000941,WH-02,MAT-0185,19594,2025-09-07T20:00:00+08:00,2025-09-11T07:00:00+08:00,paused,high,0.6133,2025-09-09T16:00:00+08:00
PP-0000942,WH-02,MAT-0024,19595,2025-08-19T22:00:00+08:00,2025-08-24T21:00:00+08:00,completed,normal,0.9586,2025-08-20T15:00:00+08:00
PP-0000943,WH-02,MAT-0132,5005,2026-02-03T14:00:00+08:00,2026-02-08T13:00:00+08:00,at_risk,high,0.846,2026-02-04T22:00:00+08:00
PP-0000944,WH-04,MAT-0203,13937,2026-02-11T05:00:00+08:00,2026-02-14T00:00:00+08:00,at_risk,normal,0.5894,2026-02-12T05:00:00+08:00
PP-0000945,WH-02,MAT-0077,11586,2026-04-20T05:00:00+08:00,2026-04-21T09:00:00+08:00,released,normal,0.788,2026-04-20T14:00:00+08:00
PP-0000946,WH-02,MAT-0066,6814,2025-08-03T22:00:00+08:00,2025-08-06T14:00:00+08:00,at_risk,normal,0.9375,2025-08-05T14:00:00+08:00
PP-0000947,WH-04,MAT-0167,17985,2026-02-07T07:00:00+08:00,2026-02-09T19:00:00+08:00,completed,normal,0.8611,2026-02-08T06:00:00+08:00
PP-0000948,WH-02,MAT-0210,4455,2025-09-20T07:00:00+08:00,2025-09-23T14:00:00+08:00,completed,normal,0.7185,2025-09-21T06:00:00+08:00
PP-0000949,WH-04,MAT-0081,18257,2026-03-10T05:00:00+08:00,2026-03-13T18:00:00+08:00,completed,urgent,0.6521,2026-03-11T16:00:00+08:00
PP-0000950,WH-02,MAT-0034,11006,2026-06-15T06:00:00+08:00,2026-06-19T03:00:00+08:00,planned,high,0.6473,2026-06-15T08:00:00+08:00
PP-0000951,WH-02,MAT-0041,17573,2025-09-07T03:00:00+08:00,2025-09-08T05:00:00+08:00,completed,normal,0.6218,2025-09-08T00:00:00+08:00
PP-0000952,WH-04,MAT-0097,18209,2025-12-26T18:00:00+08:00,2025-12-28T08:00:00+08:00,released,normal,0.6646,2025-12-28T15:00:00+08:00
PP-0000953,WH-04,MAT-0162,17226,2026-04-09T03:00:00+08:00,2026-04-11T11:00:00+08:00,paused,high,0.9734,2026-04-09T03:00:00+08:00
PP-0000954,WH-04,MAT-0077,11660,2025-10-07T05:00:00+08:00,2025-10-09T08:00:00+08:00,planned,urgent,0.8769,2025-10-07T16:00:00+08:00
PP-0000955,WH-02,MAT-0158,9900,2025-07-03T09:00:00+08:00,2025-07-06T09:00:00+08:00,paused,normal,0.778,2025-07-04T20:00:00+08:00
PP-0000956,WH-02,MAT-0124,2051,2026-01-29T14:00:00+08:00,2026-01-30T17:00:00+08:00,completed,high,0.9699,2026-01-31T12:00:00+08:00
PP-0000957,WH-04,MAT-0010,8067,2026-05-27T02:00:00+08:00,2026-05-31T18:00:00+08:00,completed,normal,0.6055,2026-05-28T19:00:00+08:00
PP-0000958,WH-04,MAT-0062,8334,2025-08-10T08:00:00+08:00,2025-08-10T22:00:00+08:00,planned,normal,0.6746,2025-08-11T12:00:00+08:00
PP-0000959,WH-04,MAT-0019,9604,2026-07-06T03:00:00+08:00,2026-07-09T08:00:00+08:00,planned,normal,0.6262,2026-06-15T08:00:00+08:00
PP-0000960,WH-04,MAT-0220,10820,2025-10-27T20:00:00+08:00,2025-10-28T18:00:00+08:00,completed,normal,0.6963,2025-10-29T02:00:00+08:00
PP-0000961,WH-02,MAT-0055,726,2026-01-12T05:00:00+08:00,2026-01-13T06:00:00+08:00,completed,normal,0.7686,2026-01-13T08:00:00+08:00
PP-0000962,WH-02,MAT-0119,17519,2026-02-20T23:00:00+08:00,2026-02-25T09:00:00+08:00,completed,normal,0.7341,2026-02-21T14:00:00+08:00
PP-0000963,WH-04,MAT-0214,3037,2025-07-25T17:00:00+08:00,2025-07-27T03:00:00+08:00,at_risk,urgent,0.968,2025-07-27T04:00:00+08:00
PP-0000964,WH-02,MAT-0094,1156,2026-03-28T02:00:00+08:00,2026-03-30T16:00:00+08:00,at_risk,normal,0.8362,2026-03-28T02:00:00+08:00
PP-0000965,WH-02,MAT-0180,7927,2025-09-10T19:00:00+08:00,2025-09-12T03:00:00+08:00,completed,normal,0.6417,2025-09-11T06:00:00+08:00
PP-0000966,WH-02,MAT-0219,14297,2026-05-15T14:00:00+08:00,2026-05-19T13:00:00+08:00,completed,normal,0.6239,2026-05-15T18:00:00+08:00
PP-0000967,WH-02,MAT-0229,8057,2026-03-15T07:00:00+08:00,2026-03-16T21:00:00+08:00,at_risk,urgent,0.596,2026-03-15T22:00:00+08:00
PP-0000968,WH-02,MAT-0153,2640,2026-01-31T20:00:00+08:00,2026-02-04T07:00:00+08:00,at_risk,high,0.8048,2026-02-01T06:00:00+08:00
PP-0000969,WH-04,MAT-0169,4004,2025-08-29T18:00:00+08:00,2025-09-03T08:00:00+08:00,at_risk,normal,0.7682,2025-08-30T05:00:00+08:00
PP-0000970,WH-02,MAT-0115,3378,2025-10-04T11:00:00+08:00,2025-10-07T19:00:00+08:00,completed,normal,0.7443,2025-10-05T04:00:00+08:00
PP-0000971,WH-02,MAT-0001,6654,2025-10-03T21:00:00+08:00,2025-10-05T09:00:00+08:00,completed,urgent,0.929,2025-10-04T13:00:00+08:00
PP-0000972,WH-04,MAT-0188,9411,2025-10-06T00:00:00+08:00,2025-10-09T00:00:00+08:00,released,normal,0.976,2025-10-06T02:00:00+08:00
PP-0000973,WH-04,MAT-0137,18036,2026-01-08T10:00:00+08:00,2026-01-12T07:00:00+08:00,completed,normal,0.8275,2026-01-09T22:00:00+08:00
PP-0000974,WH-04,MAT-0087,19626,2025-06-28T22:00:00+08:00,2025-06-29T06:00:00+08:00,completed,normal,0.8939,2025-06-30T00:00:00+08:00
PP-0000975,WH-02,MAT-0057,952,2026-04-08T22:00:00+08:00,2026-04-11T20:00:00+08:00,at_risk,normal,0.5873,2026-04-09T18:00:00+08:00
PP-0000976,WH-02,MAT-0237,8913,2025-12-27T02:00:00+08:00,2025-12-30T19:00:00+08:00,completed,normal,0.6444,2025-12-27T05:00:00+08:00
PP-0000977,WH-04,MAT-0050,12189,2026-04-08T06:00:00+08:00,2026-04-12T06:00:00+08:00,planned,urgent,0.6558,2026-04-09T23:00:00+08:00
PP-0000978,WH-04,MAT-0193,3920,2026-03-01T00:00:00+08:00,2026-03-04T03:00:00+08:00,at_risk,urgent,0.9731,2026-03-01T00:00:00+08:00
PP-0000979,WH-02,MAT-0218,6472,2026-04-30T21:00:00+08:00,2026-05-05T16:00:00+08:00,planned,normal,0.6498,2026-05-01T13:00:00+08:00
PP-0000980,WH-02,MAT-0119,352,2025-08-26T10:00:00+08:00,2025-08-30T22:00:00+08:00,at_risk,normal,0.7213,2025-08-28T00:00:00+08:00
PP-0000981,WH-02,MAT-0090,3415,2025-10-17T00:00:00+08:00,2025-10-18T22:00:00+08:00,paused,normal,0.8696,2025-10-18T09:00:00+08:00
PP-0000982,WH-02,MAT-0221,14836,2026-01-28T11:00:00+08:00,2026-01-29T23:00:00+08:00,completed,urgent,0.6086,2026-01-29T13:00:00+08:00
PP-0000983,WH-02,MAT-0008,15221,2025-10-14T04:00:00+08:00,2025-10-18T13:00:00+08:00,planned,high,0.7131,2025-10-16T04:00:00+08:00
PP-0000984,WH-02,MAT-0079,8697,2026-03-03T21:00:00+08:00,2026-03-07T01:00:00+08:00,completed,normal,0.7741,2026-03-04T23:00:00+08:00
PP-0000985,WH-02,MAT-0200,12806,2026-03-15T10:00:00+08:00,2026-03-18T21:00:00+08:00,released,normal,0.6074,2026-03-15T18:00:00+08:00
PP-0000986,WH-02,MAT-0158,789,2026-02-13T00:00:00+08:00,2026-02-15T13:00:00+08:00,at_risk,normal,0.6515,2026-02-13T11:00:00+08:00
PP-0000987,WH-02,MAT-0047,1798,2026-01-07T05:00:00+08:00,2026-01-12T03:00:00+08:00,completed,normal,0.7522,2026-01-09T04:00:00+08:00
PP-0000988,WH-04,MAT-0192,9116,2026-01-04T17:00:00+08:00,2026-01-06T06:00:00+08:00,completed,normal,0.7395,2026-01-05T02:00:00+08:00
PP-0000989,WH-02,MAT-0118,19773,2025-11-16T20:00:00+08:00,2025-11-17T09:00:00+08:00,planned,high,0.9255,2025-11-17T03:00:00+08:00
PP-0000990,WH-02,MAT-0227,16753,2026-01-07T20:00:00+08:00,2026-01-12T06:00:00+08:00,at_risk,urgent,0.7451,2026-01-08T20:00:00+08:00
PP-0000991,WH-02,MAT-0127,12707,2026-01-19T09:00:00+08:00,2026-01-23T04:00:00+08:00,completed,high,0.5776,2026-01-19T23:00:00+08:00
PP-0000992,WH-02,MAT-0110,5247,2025-12-03T22:00:00+08:00,2025-12-08T14:00:00+08:00,completed,normal,0.9405,2025-12-04T22:00:00+08:00
PP-0000993,WH-02,MAT-0186,18792,2026-06-13T10:00:00+08:00,2026-06-17T23:00:00+08:00,completed,normal,0.8341,2026-06-15T06:00:00+08:00
PP-0000994,WH-04,MAT-0110,13283,2025-11-03T17:00:00+08:00,2025-11-05T23:00:00+08:00,planned,high,0.9693,2025-11-05T14:00:00+08:00
PP-0000995,WH-02,MAT-0050,7877,2025-07-30T18:00:00+08:00,2025-08-01T13:00:00+08:00,completed,normal,0.9711,2025-07-31T13:00:00+08:00
PP-0000996,WH-02,MAT-0139,13194,2026-06-13T14:00:00+08:00,2026-06-15T14:00:00+08:00,completed,urgent,0.8663,2026-06-13T17:00:00+08:00
PP-0000997,WH-02,MAT-0206,13066,2025-11-18T23:00:00+08:00,2025-11-21T07:00:00+08:00,released,normal,0.8693,2025-11-20T10:00:00+08:00
PP-0000998,WH-02,MAT-0236,12509,2026-03-05T22:00:00+08:00,2026-03-08T08:00:00+08:00,at_risk,urgent,0.6574,2026-03-06T14:00:00+08:00
PP-0000999,WH-02,MAT-0235,8112,2025-06-26T07:00:00+08:00,2025-06-28T11:00:00+08:00,planned,urgent,0.9403,2025-06-28T02:00:00+08:00
PP-0001000,WH-02,MAT-0220,3005,2026-05-16T07:00:00+08:00,2026-05-21T00:00:00+08:00,completed,normal,0.7204,2026-05-18T03:00:00+08:00
PP-0001001,WH-04,MAT-0215,16504,2026-01-13T21:00:00+08:00,2026-01-15T18:00:00+08:00,released,normal,0.6639,2026-01-15T00:00:00+08:00
PP-0001002,WH-04,MAT-0046,1998,2026-03-27T20:00:00+08:00,2026-03-30T15:00:00+08:00,planned,normal,0.6377,2026-03-29T10:00:00+08:00
PP-0001003,WH-02,MAT-0183,12742,2026-07-05T09:00:00+08:00,2026-07-08T02:00:00+08:00,planned,normal,0.8896,2026-06-15T08:00:00+08:00
PP-0001004,WH-02,MAT-0065,15388,2026-02-22T07:00:00+08:00,2026-02-23T12:00:00+08:00,at_risk,normal,0.9448,2026-02-22T10:00:00+08:00
PP-0001005,WH-04,MAT-0064,403,2025-09-18T17:00:00+08:00,2025-09-23T11:00:00+08:00,completed,high,0.8294,2025-09-19T02:00:00+08:00
PP-0001006,WH-04,MAT-0234,7367,2026-05-16T17:00:00+08:00,2026-05-18T11:00:00+08:00,at_risk,normal,0.9072,2026-05-17T12:00:00+08:00
PP-0001007,WH-02,MAT-0198,17831,2026-05-10T02:00:00+08:00,2026-05-13T16:00:00+08:00,released,normal,0.6057,2026-05-11T14:00:00+08:00
PP-0001008,WH-04,MAT-0124,5073,2025-07-18T22:00:00+08:00,2025-07-22T17:00:00+08:00,completed,normal,0.6385,2025-07-20T22:00:00+08:00
PP-0001009,WH-04,MAT-0036,16652,2025-08-11T11:00:00+08:00,2025-08-14T04:00:00+08:00,completed,normal,0.9169,2025-08-13T01:00:00+08:00
PP-0001010,WH-04,MAT-0020,6910,2026-01-13T23:00:00+08:00,2026-01-18T13:00:00+08:00,completed,normal,0.9038,2026-01-14T14:00:00+08:00
PP-0001011,WH-04,MAT-0018,5865,2026-05-31T13:00:00+08:00,2026-06-02T23:00:00+08:00,planned,normal,0.894,2026-05-31T14:00:00+08:00
PP-0001012,WH-02,MAT-0045,4358,2026-03-22T11:00:00+08:00,2026-03-25T05:00:00+08:00,paused,high,0.5678,2026-03-23T21:00:00+08:00
PP-0001013,WH-02,MAT-0180,17652,2025-10-05T16:00:00+08:00,2025-10-07T06:00:00+08:00,at_risk,normal,0.5752,2025-10-06T18:00:00+08:00
PP-0001014,WH-04,MAT-0193,12782,2026-06-23T04:00:00+08:00,2026-06-27T15:00:00+08:00,planned,high,0.9952,2026-06-15T08:00:00+08:00
PP-0001015,WH-04,MAT-0043,597,2025-10-27T17:00:00+08:00,2025-11-01T02:00:00+08:00,at_risk,normal,0.6384,2025-10-29T08:00:00+08:00
PP-0001016,WH-04,MAT-0065,13433,2026-03-05T04:00:00+08:00,2026-03-07T17:00:00+08:00,completed,normal,0.955,2026-03-06T21:00:00+08:00
PP-0001017,WH-02,MAT-0049,2503,2026-04-04T20:00:00+08:00,2026-04-09T11:00:00+08:00,completed,high,0.5561,2026-04-05T18:00:00+08:00
PP-0001018,WH-04,MAT-0116,9309,2025-08-17T15:00:00+08:00,2025-08-22T11:00:00+08:00,completed,normal,0.7765,2025-08-17T17:00:00+08:00
PP-0001019,WH-02,MAT-0238,5512,2026-03-04T20:00:00+08:00,2026-03-08T07:00:00+08:00,released,urgent,0.7145,2026-03-06T16:00:00+08:00
PP-0001020,WH-02,MAT-0080,162,2025-12-17T07:00:00+08:00,2025-12-18T12:00:00+08:00,completed,high,0.5648,2025-12-18T06:00:00+08:00
PP-0001021,WH-02,MAT-0007,6898,2026-03-13T22:00:00+08:00,2026-03-18T02:00:00+08:00,planned,high,0.8739,2026-03-15T07:00:00+08:00
PP-0001022,WH-02,MAT-0191,11184,2026-06-02T15:00:00+08:00,2026-06-06T02:00:00+08:00,completed,normal,0.8504,2026-06-03T20:00:00+08:00
PP-0001023,WH-02,MAT-0150,13080,2025-10-31T20:00:00+08:00,2025-11-02T12:00:00+08:00,released,normal,0.6421,2025-11-02T03:00:00+08:00
PP-0001024,WH-04,MAT-0227,6379,2025-07-10T18:00:00+08:00,2025-07-15T10:00:00+08:00,completed,high,0.7095,2025-07-10T18:00:00+08:00
PP-0001025,WH-04,MAT-0092,3229,2025-09-07T13:00:00+08:00,2025-09-10T19:00:00+08:00,planned,normal,0.7482,2025-09-09T00:00:00+08:00
PP-0001026,WH-02,MAT-0092,6300,2026-01-31T08:00:00+08:00,2026-02-05T01:00:00+08:00,released,normal,0.967,2026-02-02T01:00:00+08:00
PP-0001027,WH-04,MAT-0136,5174,2026-06-14T22:00:00+08:00,2026-06-15T16:00:00+08:00,at_risk,normal,0.5507,2026-06-15T08:00:00+08:00
PP-0001028,WH-04,MAT-0202,19084,2026-05-21T08:00:00+08:00,2026-05-23T05:00:00+08:00,completed,normal,0.906,2026-05-21T14:00:00+08:00
PP-0001029,WH-04,MAT-0175,16654,2026-01-03T06:00:00+08:00,2026-01-08T03:00:00+08:00,completed,normal,0.9959,2026-01-04T14:00:00+08:00
PP-0001030,WH-02,MAT-0080,12676,2026-02-22T06:00:00+08:00,2026-02-25T17:00:00+08:00,at_risk,high,0.8217,2026-02-23T15:00:00+08:00
PP-0001031,WH-02,MAT-0215,15186,2026-03-22T05:00:00+08:00,2026-03-23T04:00:00+08:00,released,urgent,0.7487,2026-03-23T19:00:00+08:00
PP-0001032,WH-02,MAT-0177,16595,2026-02-06T22:00:00+08:00,2026-02-09T03:00:00+08:00,released,urgent,0.6587,2026-02-07T09:00:00+08:00
PP-0001033,WH-04,MAT-0072,2424,2025-12-19T05:00:00+08:00,2025-12-23T21:00:00+08:00,released,urgent,0.9878,2025-12-21T01:00:00+08:00
PP-0001034,WH-04,MAT-0210,3660,2026-05-03T11:00:00+08:00,2026-05-07T18:00:00+08:00,released,high,0.6597,2026-05-04T05:00:00+08:00
PP-0001035,WH-02,MAT-0043,17678,2025-11-28T22:00:00+08:00,2025-11-30T03:00:00+08:00,completed,normal,0.6134,2025-11-29T13:00:00+08:00
PP-0001036,WH-02,MAT-0124,7596,2026-07-11T15:00:00+08:00,2026-07-12T04:00:00+08:00,planned,normal,0.8382,2026-06-15T08:00:00+08:00
PP-0001037,WH-04,MAT-0165,18705,2026-06-07T13:00:00+08:00,2026-06-12T02:00:00+08:00,released,urgent,0.5517,2026-06-08T05:00:00+08:00
PP-0001038,WH-04,MAT-0225,6359,2026-01-24T05:00:00+08:00,2026-01-28T08:00:00+08:00,planned,high,0.9093,2026-01-24T22:00:00+08:00
PP-0001039,WH-04,MAT-0228,6289,2025-11-22T23:00:00+08:00,2025-11-26T09:00:00+08:00,completed,high,0.867,2025-11-23T17:00:00+08:00
PP-0001040,WH-04,MAT-0018,5705,2025-10-20T08:00:00+08:00,2025-10-22T16:00:00+08:00,completed,normal,0.8677,2025-10-20T17:00:00+08:00
PP-0001041,WH-02,MAT-0229,15923,2025-09-16T04:00:00+08:00,2025-09-18T23:00:00+08:00,completed,normal,0.801,2025-09-17T15:00:00+08:00
PP-0001042,WH-04,MAT-0055,11143,2026-01-24T17:00:00+08:00,2026-01-28T15:00:00+08:00,completed,normal,0.5645,2026-01-26T13:00:00+08:00
PP-0001043,WH-04,MAT-0182,16605,2026-02-21T00:00:00+08:00,2026-02-25T05:00:00+08:00,completed,normal,0.9969,2026-02-21T23:00:00+08:00
PP-0001044,WH-02,MAT-0012,9062,2026-05-29T01:00:00+08:00,2026-05-29T10:00:00+08:00,released,normal,0.6064,2026-05-30T23:00:00+08:00
PP-0001045,WH-04,MAT-0009,8453,2026-05-14T04:00:00+08:00,2026-05-15T16:00:00+08:00,paused,urgent,0.7071,2026-05-14T21:00:00+08:00
PP-0001046,WH-04,MAT-0001,19824,2026-01-09T21:00:00+08:00,2026-01-11T12:00:00+08:00,at_risk,normal,0.6765,2026-01-10T05:00:00+08:00
PP-0001047,WH-02,MAT-0074,11491,2026-04-18T21:00:00+08:00,2026-04-22T00:00:00+08:00,planned,normal,0.8791,2026-04-19T19:00:00+08:00
PP-0001048,WH-04,MAT-0226,11579,2025-10-05T12:00:00+08:00,2025-10-07T17:00:00+08:00,at_risk,normal,0.6266,2025-10-06T00:00:00+08:00
PP-0001049,WH-04,MAT-0019,11388,2026-06-11T13:00:00+08:00,2026-06-15T11:00:00+08:00,planned,high,0.9897,2026-06-12T08:00:00+08:00
PP-0001050,WH-02,MAT-0237,5844,2026-03-13T07:00:00+08:00,2026-03-13T21:00:00+08:00,paused,normal,0.9632,2026-03-13T10:00:00+08:00
PP-0001051,WH-04,MAT-0161,13695,2026-03-08T15:00:00+08:00,2026-03-09T11:00:00+08:00,completed,normal,0.7896,2026-03-08T15:00:00+08:00
PP-0001052,WH-02,MAT-0135,12412,2026-03-13T11:00:00+08:00,2026-03-14T21:00:00+08:00,paused,normal,0.6383,2026-03-13T12:00:00+08:00
PP-0001053,WH-02,MAT-0188,301,2025-10-22T04:00:00+08:00,2025-10-24T01:00:00+08:00,released,normal,0.7602,2025-10-23T13:00:00+08:00
PP-0001054,WH-02,MAT-0091,7630,2026-07-03T07:00:00+08:00,2026-07-06T07:00:00+08:00,completed,normal,0.734,2026-06-15T08:00:00+08:00
PP-0001055,WH-04,MAT-0097,18538,2026-06-13T15:00:00+08:00,2026-06-16T08:00:00+08:00,released,high,0.7584,2026-06-14T18:00:00+08:00
PP-0001056,WH-04,MAT-0088,1999,2025-10-26T23:00:00+08:00,2025-10-29T15:00:00+08:00,completed,normal,0.8832,2025-10-28T04:00:00+08:00
PP-0001057,WH-04,MAT-0055,17542,2025-12-28T14:00:00+08:00,2026-01-01T02:00:00+08:00,released,normal,0.9321,2025-12-29T11:00:00+08:00
PP-0001058,WH-04,MAT-0209,2558,2025-12-04T15:00:00+08:00,2025-12-07T21:00:00+08:00,released,normal,0.6126,2025-12-05T03:00:00+08:00
PP-0001059,WH-02,MAT-0076,13339,2026-02-06T16:00:00+08:00,2026-02-09T23:00:00+08:00,released,normal,0.5753,2026-02-08T16:00:00+08:00
PP-0001060,WH-04,MAT-0161,17284,2025-12-10T21:00:00+08:00,2025-12-11T16:00:00+08:00,completed,high,0.7067,2025-12-11T00:00:00+08:00
PP-0001061,WH-02,MAT-0167,11791,2026-04-23T16:00:00+08:00,2026-04-26T18:00:00+08:00,at_risk,high,0.7139,2026-04-24T07:00:00+08:00
PP-0001062,WH-02,MAT-0063,15515,2026-04-25T07:00:00+08:00,2026-04-29T08:00:00+08:00,planned,high,0.555,2026-04-26T21:00:00+08:00
PP-0001063,WH-04,MAT-0015,14490,2025-07-26T06:00:00+08:00,2025-07-26T21:00:00+08:00,completed,normal,0.5854,2025-07-27T03:00:00+08:00
PP-0001064,WH-02,MAT-0224,14723,2026-03-14T09:00:00+08:00,2026-03-17T23:00:00+08:00,planned,normal,0.5609,2026-03-14T23:00:00+08:00
PP-0001065,WH-04,MAT-0059,18960,2026-03-21T13:00:00+08:00,2026-03-22T18:00:00+08:00,planned,normal,0.5756,2026-03-23T01:00:00+08:00
PP-0001066,WH-04,MAT-0113,15393,2026-05-10T15:00:00+08:00,2026-05-11T16:00:00+08:00,completed,normal,0.707,2026-05-12T13:00:00+08:00
PP-0001067,WH-02,MAT-0097,15813,2025-10-08T17:00:00+08:00,2025-10-09T05:00:00+08:00,planned,high,0.9074,2025-10-09T23:00:00+08:00
PP-0001068,WH-02,MAT-0208,766,2026-02-02T13:00:00+08:00,2026-02-06T05:00:00+08:00,completed,high,0.946,2026-02-03T09:00:00+08:00
PP-0001069,WH-04,MAT-0145,13526,2025-10-17T05:00:00+08:00,2025-10-21T04:00:00+08:00,completed,urgent,0.8625,2025-10-18T10:00:00+08:00
PP-0001070,WH-04,MAT-0058,9615,2025-06-19T20:00:00+08:00,2025-06-21T23:00:00+08:00,released,normal,0.8893,2025-06-21T13:00:00+08:00
PP-0001071,WH-02,MAT-0099,10950,2025-10-20T16:00:00+08:00,2025-10-24T02:00:00+08:00,completed,high,0.6882,2025-10-22T06:00:00+08:00
PP-0001072,WH-02,MAT-0020,12899,2026-07-01T06:00:00+08:00,2026-07-06T05:00:00+08:00,planned,urgent,0.5952,2026-06-15T08:00:00+08:00
PP-0001073,WH-02,MAT-0006,16933,2026-04-23T14:00:00+08:00,2026-04-24T17:00:00+08:00,at_risk,normal,0.7566,2026-04-24T10:00:00+08:00
PP-0001074,WH-04,MAT-0183,9513,2025-09-10T11:00:00+08:00,2025-09-14T17:00:00+08:00,paused,high,0.7244,2025-09-10T20:00:00+08:00
PP-0001075,WH-04,MAT-0200,197,2026-02-23T16:00:00+08:00,2026-02-28T10:00:00+08:00,at_risk,normal,0.7825,2026-02-25T07:00:00+08:00
PP-0001076,WH-04,MAT-0076,1004,2026-03-04T14:00:00+08:00,2026-03-08T17:00:00+08:00,released,high,0.592,2026-03-04T16:00:00+08:00
PP-0001077,WH-04,MAT-0191,18241,2025-12-02T18:00:00+08:00,2025-12-05T03:00:00+08:00,planned,normal,0.7933,2025-12-02T19:00:00+08:00
PP-0001078,WH-04,MAT-0108,11236,2025-08-08T13:00:00+08:00,2025-08-08T22:00:00+08:00,paused,normal,0.8705,2025-08-09T14:00:00+08:00
PP-0001079,WH-04,MAT-0126,9442,2026-05-20T13:00:00+08:00,2026-05-20T23:00:00+08:00,completed,normal,0.8626,2026-05-22T01:00:00+08:00
PP-0001080,WH-02,MAT-0064,2286,2025-12-30T04:00:00+08:00,2026-01-01T03:00:00+08:00,planned,normal,0.9191,2025-12-31T22:00:00+08:00
PP-0001081,WH-04,MAT-0021,9068,2025-10-09T22:00:00+08:00,2025-10-10T10:00:00+08:00,at_risk,normal,0.8203,2025-10-11T10:00:00+08:00
PP-0001082,WH-02,MAT-0096,16435,2025-08-17T09:00:00+08:00,2025-08-21T09:00:00+08:00,released,normal,0.7485,2025-08-17T14:00:00+08:00
PP-0001083,WH-04,MAT-0224,15400,2025-08-29T14:00:00+08:00,2025-09-03T07:00:00+08:00,released,high,0.7015,2025-08-31T07:00:00+08:00
PP-0001084,WH-04,MAT-0138,5660,2025-06-19T21:00:00+08:00,2025-06-24T13:00:00+08:00,completed,normal,0.9138,2025-06-21T00:00:00+08:00
PP-0001085,WH-02,MAT-0202,15077,2025-06-26T12:00:00+08:00,2025-06-28T13:00:00+08:00,at_risk,normal,0.5841,2025-06-28T01:00:00+08:00
PP-0001086,WH-02,MAT-0238,15866,2026-07-17T05:00:00+08:00,2026-07-19T13:00:00+08:00,planned,normal,0.9176,2026-06-15T08:00:00+08:00
PP-0001087,WH-02,MAT-0088,2164,2025-11-07T01:00:00+08:00,2025-11-08T06:00:00+08:00,released,urgent,0.7681,2025-11-08T08:00:00+08:00
PP-0001088,WH-04,MAT-0202,19370,2025-09-27T01:00:00+08:00,2025-09-28T05:00:00+08:00,planned,normal,0.8084,2025-09-28T17:00:00+08:00
PP-0001089,WH-02,MAT-0211,10180,2026-05-11T02:00:00+08:00,2026-05-12T22:00:00+08:00,completed,normal,0.7686,2026-05-11T07:00:00+08:00
PP-0001090,WH-04,MAT-0137,2113,2025-10-09T05:00:00+08:00,2025-10-13T14:00:00+08:00,completed,urgent,0.7772,2025-10-10T03:00:00+08:00
PP-0001091,WH-04,MAT-0237,3050,2026-03-18T14:00:00+08:00,2026-03-20T15:00:00+08:00,completed,normal,0.5745,2026-03-19T19:00:00+08:00
PP-0001092,WH-02,MAT-0156,19176,2026-07-09T09:00:00+08:00,2026-07-11T08:00:00+08:00,released,normal,0.5896,2026-06-15T08:00:00+08:00
PP-0001093,WH-02,MAT-0022,10728,2025-09-02T02:00:00+08:00,2025-09-05T14:00:00+08:00,completed,normal,0.6215,2025-09-03T23:00:00+08:00
PP-0001094,WH-04,MAT-0234,2337,2025-09-06T02:00:00+08:00,2025-09-07T07:00:00+08:00,planned,high,0.5548,2025-09-06T21:00:00+08:00
PP-0001095,WH-02,MAT-0158,7889,2026-03-18T18:00:00+08:00,2026-03-21T15:00:00+08:00,completed,urgent,0.5843,2026-03-20T15:00:00+08:00
PP-0001096,WH-04,MAT-0226,12588,2025-10-27T23:00:00+08:00,2025-10-31T18:00:00+08:00,completed,normal,0.9421,2025-10-29T22:00:00+08:00
PP-0001097,WH-04,MAT-0185,10256,2026-06-12T20:00:00+08:00,2026-06-17T02:00:00+08:00,completed,normal,0.6837,2026-06-14T07:00:00+08:00
PP-0001098,WH-04,MAT-0051,18487,2025-11-30T12:00:00+08:00,2025-12-03T03:00:00+08:00,completed,high,0.9052,2025-12-02T08:00:00+08:00
PP-0001099,WH-02,MAT-0176,13456,2025-10-06T03:00:00+08:00,2025-10-08T11:00:00+08:00,at_risk,normal,0.9023,2025-10-06T12:00:00+08:00
PP-0001100,WH-02,MAT-0198,14283,2025-07-29T11:00:00+08:00,2025-08-01T17:00:00+08:00,released,normal,0.6474,2025-07-29T13:00:00+08:00
PP-0001101,WH-04,MAT-0205,5361,2025-12-20T23:00:00+08:00,2025-12-23T20:00:00+08:00,planned,normal,0.6561,2025-12-21T08:00:00+08:00
PP-0001102,WH-02,MAT-0195,7365,2026-06-10T21:00:00+08:00,2026-06-15T20:00:00+08:00,completed,normal,0.9689,2026-06-12T18:00:00+08:00
PP-0001103,WH-02,MAT-0191,17440,2026-05-27T09:00:00+08:00,2026-05-29T05:00:00+08:00,at_risk,high,0.7041,2026-05-28T14:00:00+08:00
PP-0001104,WH-04,MAT-0011,7129,2025-08-03T03:00:00+08:00,2025-08-06T08:00:00+08:00,paused,high,0.846,2025-08-05T02:00:00+08:00
PP-0001105,WH-02,MAT-0009,8385,2026-05-20T23:00:00+08:00,2026-05-22T18:00:00+08:00,completed,high,0.8554,2026-05-22T12:00:00+08:00
PP-0001106,WH-02,MAT-0240,4652,2025-06-21T08:00:00+08:00,2025-06-24T09:00:00+08:00,completed,normal,0.7534,2025-06-22T04:00:00+08:00
PP-0001107,WH-04,MAT-0099,11835,2026-03-13T18:00:00+08:00,2026-03-14T23:00:00+08:00,at_risk,normal,0.9256,2026-03-14T07:00:00+08:00
PP-0001108,WH-04,MAT-0064,927,2026-04-04T14:00:00+08:00,2026-04-05T09:00:00+08:00,planned,normal,0.91,2026-04-05T13:00:00+08:00
PP-0001109,WH-02,MAT-0050,9962,2026-06-24T15:00:00+08:00,2026-06-26T10:00:00+08:00,completed,normal,0.8681,2026-06-15T08:00:00+08:00
PP-0001110,WH-04,MAT-0066,15989,2025-08-25T01:00:00+08:00,2025-08-27T08:00:00+08:00,planned,high,0.6248,2025-08-26T04:00:00+08:00
PP-0001111,WH-04,MAT-0199,3551,2025-11-24T03:00:00+08:00,2025-11-28T14:00:00+08:00,completed,normal,0.9781,2025-11-24T23:00:00+08:00
PP-0001112,WH-02,MAT-0019,17774,2026-04-25T09:00:00+08:00,2026-04-28T13:00:00+08:00,paused,normal,0.6437,2026-04-27T01:00:00+08:00
PP-0001113,WH-02,MAT-0223,15081,2025-09-28T11:00:00+08:00,2025-10-02T15:00:00+08:00,planned,normal,0.7442,2025-09-29T18:00:00+08:00
PP-0001114,WH-02,MAT-0199,5520,2026-06-10T16:00:00+08:00,2026-06-11T07:00:00+08:00,completed,normal,0.9294,2026-06-11T02:00:00+08:00
PP-0001115,WH-02,MAT-0219,1723,2026-06-27T17:00:00+08:00,2026-07-01T12:00:00+08:00,planned,normal,0.9156,2026-06-15T08:00:00+08:00
PP-0001116,WH-02,MAT-0142,4792,2025-08-22T16:00:00+08:00,2025-08-23T22:00:00+08:00,completed,normal,0.8756,2025-08-23T23:00:00+08:00
PP-0001117,WH-04,MAT-0086,713,2025-08-11T18:00:00+08:00,2025-08-14T07:00:00+08:00,completed,urgent,0.9934,2025-08-12T06:00:00+08:00
PP-0001118,WH-04,MAT-0220,19001,2025-07-27T17:00:00+08:00,2025-07-28T04:00:00+08:00,paused,normal,0.7556,2025-07-29T09:00:00+08:00
PP-0001119,WH-04,MAT-0012,9958,2025-11-17T13:00:00+08:00,2025-11-17T22:00:00+08:00,released,normal,0.7871,2025-11-18T22:00:00+08:00
PP-0001120,WH-02,MAT-0164,16101,2026-06-13T08:00:00+08:00,2026-06-14T20:00:00+08:00,released,normal,0.8394,2026-06-15T00:00:00+08:00
PP-0001121,WH-04,MAT-0009,322,2026-01-29T16:00:00+08:00,2026-01-31T14:00:00+08:00,paused,urgent,0.9967,2026-01-29T21:00:00+08:00
PP-0001122,WH-04,MAT-0180,12071,2026-01-26T22:00:00+08:00,2026-01-30T05:00:00+08:00,planned,high,0.791,2026-01-28T11:00:00+08:00
PP-0001123,WH-02,MAT-0165,13966,2026-05-11T11:00:00+08:00,2026-05-13T22:00:00+08:00,planned,normal,0.5982,2026-05-12T12:00:00+08:00
PP-0001124,WH-02,MAT-0189,10729,2025-12-17T16:00:00+08:00,2025-12-19T08:00:00+08:00,planned,normal,0.8253,2025-12-19T11:00:00+08:00
PP-0001125,WH-02,MAT-0122,8165,2026-07-15T20:00:00+08:00,2026-07-19T02:00:00+08:00,completed,normal,0.5947,2026-06-15T08:00:00+08:00
PP-0001126,WH-02,MAT-0100,1744,2025-07-13T18:00:00+08:00,2025-07-16T11:00:00+08:00,released,normal,0.8512,2025-07-15T16:00:00+08:00
PP-0001127,WH-04,MAT-0208,12710,2026-01-25T17:00:00+08:00,2026-01-27T19:00:00+08:00,planned,normal,0.6902,2026-01-27T16:00:00+08:00
PP-0001128,WH-02,MAT-0015,2243,2026-02-28T14:00:00+08:00,2026-03-03T03:00:00+08:00,completed,normal,0.7081,2026-03-01T07:00:00+08:00
PP-0001129,WH-02,MAT-0190,16891,2025-12-06T19:00:00+08:00,2025-12-09T23:00:00+08:00,completed,urgent,0.9985,2025-12-07T16:00:00+08:00
PP-0001130,WH-04,MAT-0146,1769,2026-06-18T01:00:00+08:00,2026-06-21T17:00:00+08:00,completed,normal,0.6074,2026-06-15T08:00:00+08:00
PP-0001131,WH-04,MAT-0089,7077,2026-03-28T12:00:00+08:00,2026-04-01T11:00:00+08:00,planned,normal,0.9109,2026-03-28T21:00:00+08:00
PP-0001132,WH-04,MAT-0150,2012,2026-07-16T10:00:00+08:00,2026-07-16T19:00:00+08:00,planned,normal,0.7531,2026-06-15T08:00:00+08:00
PP-0001133,WH-02,MAT-0070,16303,2026-05-16T06:00:00+08:00,2026-05-17T11:00:00+08:00,released,normal,0.879,2026-05-17T08:00:00+08:00
PP-0001134,WH-02,MAT-0172,7904,2025-10-11T08:00:00+08:00,2025-10-13T06:00:00+08:00,released,high,0.7872,2025-10-12T08:00:00+08:00
PP-0001135,WH-04,MAT-0040,17193,2026-04-25T00:00:00+08:00,2026-04-27T16:00:00+08:00,completed,high,0.9131,2026-04-25T01:00:00+08:00
PP-0001136,WH-04,MAT-0060,13183,2025-10-23T00:00:00+08:00,2025-10-25T07:00:00+08:00,planned,normal,0.8222,2025-10-23T06:00:00+08:00
PP-0001137,WH-04,MAT-0049,4002,2025-07-18T08:00:00+08:00,2025-07-19T03:00:00+08:00,planned,normal,0.8712,2025-07-19T07:00:00+08:00
PP-0001138,WH-02,MAT-0088,11922,2026-07-15T08:00:00+08:00,2026-07-18T10:00:00+08:00,at_risk,high,0.6239,2026-06-15T08:00:00+08:00
PP-0001139,WH-02,MAT-0206,7462,2026-03-04T19:00:00+08:00,2026-03-05T10:00:00+08:00,completed,normal,0.5897,2026-03-05T11:00:00+08:00
PP-0001140,WH-02,MAT-0118,14315,2025-10-07T19:00:00+08:00,2025-10-08T22:00:00+08:00,planned,high,0.6303,2025-10-09T09:00:00+08:00
PP-0001141,WH-02,MAT-0150,12184,2026-04-28T23:00:00+08:00,2026-05-02T00:00:00+08:00,released,high,0.6701,2026-04-29T15:00:00+08:00
PP-0001142,WH-04,MAT-0104,16862,2025-12-15T22:00:00+08:00,2025-12-16T22:00:00+08:00,at_risk,normal,0.6137,2025-12-17T14:00:00+08:00
PP-0001143,WH-02,MAT-0178,6129,2026-02-02T03:00:00+08:00,2026-02-05T16:00:00+08:00,paused,normal,0.6184,2026-02-02T23:00:00+08:00
PP-0001144,WH-04,MAT-0072,746,2026-07-15T13:00:00+08:00,2026-07-20T10:00:00+08:00,released,high,0.9306,2026-06-15T08:00:00+08:00
PP-0001145,WH-02,MAT-0088,8456,2026-01-06T03:00:00+08:00,2026-01-09T21:00:00+08:00,completed,high,0.6625,2026-01-07T06:00:00+08:00
PP-0001146,WH-04,MAT-0237,10030,2026-07-04T07:00:00+08:00,2026-07-05T09:00:00+08:00,paused,high,0.7734,2026-06-15T08:00:00+08:00
PP-0001147,WH-04,MAT-0012,12590,2025-10-13T19:00:00+08:00,2025-10-17T07:00:00+08:00,paused,normal,0.6964,2025-10-15T09:00:00+08:00
PP-0001148,WH-02,MAT-0129,14645,2026-03-28T19:00:00+08:00,2026-03-29T11:00:00+08:00,completed,high,0.9098,2026-03-30T13:00:00+08:00
PP-0001149,WH-02,MAT-0091,15800,2025-12-10T14:00:00+08:00,2025-12-12T03:00:00+08:00,completed,normal,0.9274,2025-12-11T08:00:00+08:00
PP-0001150,WH-02,MAT-0150,13340,2025-08-31T20:00:00+08:00,2025-09-03T18:00:00+08:00,released,urgent,0.5962,2025-09-02T09:00:00+08:00
PP-0001151,WH-04,MAT-0215,8400,2026-04-28T10:00:00+08:00,2026-04-30T17:00:00+08:00,released,high,0.6564,2026-04-29T05:00:00+08:00
PP-0001152,WH-04,MAT-0232,19182,2025-07-11T09:00:00+08:00,2025-07-12T16:00:00+08:00,released,high,0.6061,2025-07-12T13:00:00+08:00
PP-0001153,WH-02,MAT-0064,1004,2026-01-11T05:00:00+08:00,2026-01-12T08:00:00+08:00,released,high,0.7209,2026-01-12T05:00:00+08:00
PP-0001154,WH-04,MAT-0230,11050,2025-09-12T13:00:00+08:00,2025-09-13T13:00:00+08:00,at_risk,high,0.7508,2025-09-13T11:00:00+08:00
PP-0001155,WH-04,MAT-0184,15509,2025-09-11T19:00:00+08:00,2025-09-14T04:00:00+08:00,completed,normal,0.7957,2025-09-12T20:00:00+08:00
PP-0001156,WH-02,MAT-0120,8305,2025-08-04T00:00:00+08:00,2025-08-07T21:00:00+08:00,planned,normal,0.7355,2025-08-04T04:00:00+08:00
PP-0001157,WH-02,MAT-0110,9387,2025-08-06T14:00:00+08:00,2025-08-10T05:00:00+08:00,released,high,0.7077,2025-08-07T19:00:00+08:00
PP-0001158,WH-04,MAT-0032,12665,2026-04-16T11:00:00+08:00,2026-04-17T13:00:00+08:00,planned,normal,0.9248,2026-04-17T20:00:00+08:00
PP-0001159,WH-04,MAT-0113,3575,2025-09-08T23:00:00+08:00,2025-09-13T21:00:00+08:00,completed,normal,0.9298,2025-09-09T00:00:00+08:00
PP-0001160,WH-04,MAT-0024,7928,2026-04-28T19:00:00+08:00,2026-05-03T01:00:00+08:00,completed,high,0.9892,2026-04-28T22:00:00+08:00
PP-0001161,WH-02,MAT-0117,14664,2026-01-20T18:00:00+08:00,2026-01-23T08:00:00+08:00,planned,normal,0.636,2026-01-21T15:00:00+08:00
PP-0001162,WH-04,MAT-0011,12455,2025-09-21T01:00:00+08:00,2025-09-21T20:00:00+08:00,planned,high,0.907,2025-09-22T20:00:00+08:00
PP-0001163,WH-04,MAT-0140,1138,2025-11-08T04:00:00+08:00,2025-11-12T04:00:00+08:00,completed,urgent,0.8615,2025-11-10T03:00:00+08:00
PP-0001164,WH-04,MAT-0012,4245,2025-06-22T13:00:00+08:00,2025-06-26T02:00:00+08:00,released,urgent,0.7356,2025-06-22T14:00:00+08:00
PP-0001165,WH-04,MAT-0198,4668,2026-01-05T11:00:00+08:00,2026-01-10T10:00:00+08:00,completed,normal,0.72,2026-01-05T22:00:00+08:00
PP-0001166,WH-02,MAT-0121,7930,2026-02-17T21:00:00+08:00,2026-02-21T01:00:00+08:00,completed,normal,0.5916,2026-02-19T20:00:00+08:00
PP-0001167,WH-02,MAT-0206,6161,2026-06-01T01:00:00+08:00,2026-06-05T11:00:00+08:00,completed,normal,0.6095,2026-06-02T02:00:00+08:00
PP-0001168,WH-04,MAT-0230,14833,2026-01-16T11:00:00+08:00,2026-01-20T19:00:00+08:00,completed,normal,0.8917,2026-01-18T09:00:00+08:00
PP-0001169,WH-02,MAT-0162,1687,2025-10-22T18:00:00+08:00,2025-10-25T06:00:00+08:00,released,normal,0.925,2025-10-24T02:00:00+08:00
PP-0001170,WH-02,MAT-0098,14382,2026-04-15T17:00:00+08:00,2026-04-16T02:00:00+08:00,planned,normal,0.7385,2026-04-17T15:00:00+08:00
PP-0001171,WH-02,MAT-0045,13871,2025-08-18T10:00:00+08:00,2025-08-19T05:00:00+08:00,completed,high,0.7745,2025-08-18T17:00:00+08:00
PP-0001172,WH-02,MAT-0022,2696,2025-10-22T07:00:00+08:00,2025-10-24T19:00:00+08:00,planned,normal,0.7126,2025-10-22T11:00:00+08:00
PP-0001173,WH-02,MAT-0135,13663,2025-08-17T08:00:00+08:00,2025-08-18T09:00:00+08:00,completed,normal,0.6479,2025-08-18T14:00:00+08:00
PP-0001174,WH-02,MAT-0079,112,2025-12-13T03:00:00+08:00,2025-12-18T02:00:00+08:00,released,normal,0.7322,2025-12-13T06:00:00+08:00
PP-0001175,WH-04,MAT-0048,19356,2026-03-19T22:00:00+08:00,2026-03-21T09:00:00+08:00,released,high,0.9012,2026-03-21T21:00:00+08:00
PP-0001176,WH-02,MAT-0224,7295,2026-05-15T01:00:00+08:00,2026-05-16T05:00:00+08:00,planned,normal,0.8716,2026-05-15T03:00:00+08:00
PP-0001177,WH-04,MAT-0034,19174,2026-03-04T16:00:00+08:00,2026-03-09T05:00:00+08:00,planned,urgent,0.8752,2026-03-04T17:00:00+08:00
PP-0001178,WH-04,MAT-0050,9054,2025-06-30T18:00:00+08:00,2025-07-01T04:00:00+08:00,completed,normal,0.7295,2025-07-01T00:00:00+08:00
PP-0001179,WH-02,MAT-0089,8970,2025-11-30T18:00:00+08:00,2025-12-03T00:00:00+08:00,completed,normal,0.8099,2025-12-02T07:00:00+08:00
PP-0001180,WH-02,MAT-0210,19223,2025-06-21T09:00:00+08:00,2025-06-21T18:00:00+08:00,released,urgent,0.9325,2025-06-21T19:00:00+08:00
PP-0001181,WH-04,MAT-0082,15161,2026-07-07T02:00:00+08:00,2026-07-08T07:00:00+08:00,planned,high,0.7638,2026-06-15T08:00:00+08:00
PP-0001182,WH-04,MAT-0038,15156,2026-05-24T01:00:00+08:00,2026-05-24T22:00:00+08:00,planned,normal,0.6162,2026-05-24T14:00:00+08:00
PP-0001183,WH-04,MAT-0237,13059,2025-12-14T17:00:00+08:00,2025-12-19T02:00:00+08:00,completed,urgent,0.5533,2025-12-15T23:00:00+08:00
PP-0001184,WH-04,MAT-0232,9282,2025-06-22T15:00:00+08:00,2025-06-27T05:00:00+08:00,at_risk,urgent,0.6827,2025-06-23T08:00:00+08:00
PP-0001185,WH-02,MAT-0129,10177,2026-02-16T10:00:00+08:00,2026-02-18T00:00:00+08:00,completed,normal,0.7537,2026-02-17T08:00:00+08:00
PP-0001186,WH-04,MAT-0111,7389,2025-11-13T07:00:00+08:00,2025-11-16T23:00:00+08:00,at_risk,normal,0.6749,2025-11-13T13:00:00+08:00
PP-0001187,WH-04,MAT-0103,14279,2026-05-22T04:00:00+08:00,2026-05-23T04:00:00+08:00,released,high,0.7755,2026-05-22T12:00:00+08:00
PP-0001188,WH-02,MAT-0167,15557,2026-04-15T19:00:00+08:00,2026-04-19T23:00:00+08:00,completed,normal,0.7084,2026-04-16T14:00:00+08:00
PP-0001189,WH-02,MAT-0185,17250,2026-06-19T01:00:00+08:00,2026-06-20T19:00:00+08:00,completed,normal,0.8256,2026-06-15T08:00:00+08:00
PP-0001190,WH-02,MAT-0055,1119,2025-07-07T00:00:00+08:00,2025-07-09T12:00:00+08:00,completed,high,0.9,2025-07-08T04:00:00+08:00
PP-0001191,WH-02,MAT-0213,13335,2025-08-18T21:00:00+08:00,2025-08-21T10:00:00+08:00,completed,normal,0.941,2025-08-19T13:00:00+08:00
PP-0001192,WH-02,MAT-0071,1477,2026-06-02T20:00:00+08:00,2026-06-03T23:00:00+08:00,planned,normal,0.6566,2026-06-04T04:00:00+08:00
PP-0001193,WH-02,MAT-0049,19868,2025-07-28T23:00:00+08:00,2025-07-30T11:00:00+08:00,at_risk,normal,0.6794,2025-07-29T13:00:00+08:00
PP-0001194,WH-04,MAT-0096,4388,2025-08-05T19:00:00+08:00,2025-08-07T16:00:00+08:00,released,high,0.6914,2025-08-07T10:00:00+08:00
PP-0001195,WH-02,MAT-0056,4183,2025-10-21T14:00:00+08:00,2025-10-22T13:00:00+08:00,released,normal,0.7191,2025-10-22T13:00:00+08:00
PP-0001196,WH-04,MAT-0140,5881,2025-09-14T23:00:00+08:00,2025-09-18T03:00:00+08:00,planned,high,0.8194,2025-09-15T12:00:00+08:00
PP-0001197,WH-04,MAT-0124,14643,2025-08-13T02:00:00+08:00,2025-08-14T05:00:00+08:00,paused,urgent,0.8058,2025-08-14T21:00:00+08:00
PP-0001198,WH-02,MAT-0089,2997,2026-06-12T07:00:00+08:00,2026-06-16T02:00:00+08:00,completed,urgent,0.7092,2026-06-12T11:00:00+08:00
PP-0001199,WH-02,MAT-0078,11077,2026-06-09T02:00:00+08:00,2026-06-11T21:00:00+08:00,completed,normal,0.6079,2026-06-09T13:00:00+08:00
PP-0001200,WH-02,MAT-0014,8249,2026-03-02T14:00:00+08:00,2026-03-04T09:00:00+08:00,released,normal,0.6758,2026-03-04T03:00:00+08:00
PP-0001201,WH-02,MAT-0039,12456,2025-07-12T15:00:00+08:00,2025-07-15T22:00:00+08:00,at_risk,urgent,0.6308,2025-07-13T17:00:00+08:00
PP-0001202,WH-04,MAT-0202,2736,2026-03-21T22:00:00+08:00,2026-03-23T21:00:00+08:00,released,urgent,0.7762,2026-03-23T07:00:00+08:00
PP-0001203,WH-04,MAT-0072,6210,2025-09-09T08:00:00+08:00,2025-09-10T10:00:00+08:00,released,normal,0.6786,2025-09-11T00:00:00+08:00
PP-0001204,WH-04,MAT-0162,7092,2025-12-06T22:00:00+08:00,2025-12-07T15:00:00+08:00,released,normal,0.9337,2025-12-07T04:00:00+08:00
PP-0001205,WH-04,MAT-0086,290,2025-11-02T03:00:00+08:00,2025-11-02T13:00:00+08:00,completed,high,0.777,2025-11-03T16:00:00+08:00
PP-0001206,WH-04,MAT-0108,8254,2026-06-02T23:00:00+08:00,2026-06-04T23:00:00+08:00,paused,normal,0.5954,2026-06-04T10:00:00+08:00
PP-0001207,WH-04,MAT-0153,17050,2025-10-05T18:00:00+08:00,2025-10-07T22:00:00+08:00,at_risk,normal,0.5936,2025-10-06T03:00:00+08:00
PP-0001208,WH-04,MAT-0103,6759,2026-03-21T12:00:00+08:00,2026-03-22T03:00:00+08:00,paused,normal,0.8558,2026-03-23T08:00:00+08:00
PP-0001209,WH-02,MAT-0018,1030,2025-12-26T20:00:00+08:00,2025-12-30T12:00:00+08:00,planned,normal,0.6413,2025-12-27T21:00:00+08:00
PP-0001210,WH-02,MAT-0129,7550,2026-07-13T06:00:00+08:00,2026-07-15T21:00:00+08:00,completed,normal,0.6065,2026-06-15T08:00:00+08:00
PP-0001211,WH-04,MAT-0213,12674,2025-06-23T12:00:00+08:00,2025-06-28T08:00:00+08:00,planned,high,0.7155,2025-06-24T17:00:00+08:00
PP-0001212,WH-04,MAT-0149,13262,2026-02-16T15:00:00+08:00,2026-02-17T00:00:00+08:00,completed,normal,0.8324,2026-02-17T12:00:00+08:00
PP-0001213,WH-02,MAT-0227,14372,2025-07-06T05:00:00+08:00,2025-07-06T19:00:00+08:00,planned,urgent,0.6049,2025-07-06T05:00:00+08:00
PP-0001214,WH-04,MAT-0056,12395,2026-03-30T23:00:00+08:00,2026-04-02T15:00:00+08:00,paused,normal,0.6675,2026-04-01T05:00:00+08:00
PP-0001215,WH-04,MAT-0009,7452,2026-03-04T15:00:00+08:00,2026-03-07T10:00:00+08:00,completed,normal,0.6424,2026-03-05T19:00:00+08:00
PP-0001216,WH-02,MAT-0095,509,2025-07-31T07:00:00+08:00,2025-08-05T04:00:00+08:00,completed,normal,0.6659,2025-08-01T07:00:00+08:00
PP-0001217,WH-04,MAT-0076,7972,2026-07-01T23:00:00+08:00,2026-07-06T11:00:00+08:00,completed,high,0.92,2026-06-15T08:00:00+08:00
PP-0001218,WH-02,MAT-0170,12644,2025-08-21T18:00:00+08:00,2025-08-23T16:00:00+08:00,planned,normal,0.5502,2025-08-21T23:00:00+08:00
PP-0001219,WH-02,MAT-0059,11958,2026-01-19T04:00:00+08:00,2026-01-19T14:00:00+08:00,completed,normal,0.9594,2026-01-20T16:00:00+08:00
PP-0001220,WH-02,MAT-0085,10013,2026-02-03T12:00:00+08:00,2026-02-07T13:00:00+08:00,planned,high,0.616,2026-02-04T01:00:00+08:00
PP-0001221,WH-04,MAT-0131,14085,2026-07-07T13:00:00+08:00,2026-07-08T00:00:00+08:00,completed,normal,0.6056,2026-06-15T08:00:00+08:00
PP-0001222,WH-04,MAT-0061,6845,2025-10-13T07:00:00+08:00,2025-10-17T19:00:00+08:00,at_risk,normal,0.8301,2025-10-14T01:00:00+08:00
PP-0001223,WH-02,MAT-0195,3025,2025-10-02T15:00:00+08:00,2025-10-03T23:00:00+08:00,completed,normal,0.8129,2025-10-03T01:00:00+08:00
PP-0001224,WH-04,MAT-0225,16795,2025-12-26T11:00:00+08:00,2025-12-27T23:00:00+08:00,completed,normal,0.8587,2025-12-28T01:00:00+08:00
PP-0001225,WH-02,MAT-0048,8309,2026-02-22T21:00:00+08:00,2026-02-27T05:00:00+08:00,completed,normal,0.6155,2026-02-22T21:00:00+08:00
PP-0001226,WH-02,MAT-0115,10499,2026-04-10T06:00:00+08:00,2026-04-10T19:00:00+08:00,planned,normal,0.5934,2026-04-10T23:00:00+08:00
PP-0001227,WH-02,MAT-0179,12468,2025-07-28T13:00:00+08:00,2025-07-30T00:00:00+08:00,released,normal,0.6349,2025-07-29T15:00:00+08:00
PP-0001228,WH-02,MAT-0100,305,2025-06-21T11:00:00+08:00,2025-06-23T12:00:00+08:00,completed,normal,0.7375,2025-06-22T14:00:00+08:00
PP-0001229,WH-04,MAT-0230,2942,2026-07-07T23:00:00+08:00,2026-07-09T04:00:00+08:00,released,high,0.8573,2026-06-15T08:00:00+08:00
PP-0001230,WH-04,MAT-0193,19669,2026-05-21T13:00:00+08:00,2026-05-23T07:00:00+08:00,released,urgent,0.9959,2026-05-22T15:00:00+08:00
PP-0001231,WH-02,MAT-0073,3866,2025-08-08T14:00:00+08:00,2025-08-09T11:00:00+08:00,planned,normal,0.8916,2025-08-10T11:00:00+08:00
PP-0001232,WH-02,MAT-0237,18045,2025-07-17T12:00:00+08:00,2025-07-18T09:00:00+08:00,released,urgent,0.9293,2025-07-19T12:00:00+08:00
PP-0001233,WH-02,MAT-0076,2806,2026-04-06T05:00:00+08:00,2026-04-08T14:00:00+08:00,planned,high,0.8254,2026-04-07T03:00:00+08:00
PP-0001234,WH-02,MAT-0109,17525,2025-11-19T03:00:00+08:00,2025-11-21T00:00:00+08:00,planned,normal,0.7668,2025-11-19T21:00:00+08:00
PP-0001235,WH-04,MAT-0039,13525,2025-08-10T18:00:00+08:00,2025-08-15T17:00:00+08:00,planned,normal,0.7242,2025-08-12T16:00:00+08:00
PP-0001236,WH-04,MAT-0176,19041,2025-10-15T22:00:00+08:00,2025-10-18T00:00:00+08:00,at_risk,normal,0.5794,2025-10-16T18:00:00+08:00
PP-0001237,WH-04,MAT-0119,1905,2025-12-23T04:00:00+08:00,2025-12-27T06:00:00+08:00,released,normal,0.9756,2025-12-24T16:00:00+08:00
PP-0001238,WH-02,MAT-0216,9617,2025-09-10T22:00:00+08:00,2025-09-11T15:00:00+08:00,completed,urgent,0.9428,2025-09-11T21:00:00+08:00
PP-0001239,WH-02,MAT-0162,1719,2026-04-07T19:00:00+08:00,2026-04-09T17:00:00+08:00,at_risk,high,0.6358,2026-04-08T11:00:00+08:00
PP-0001240,WH-04,MAT-0225,18975,2025-07-29T02:00:00+08:00,2025-07-29T22:00:00+08:00,released,high,0.559,2025-07-30T09:00:00+08:00
PP-0001241,WH-04,MAT-0087,13148,2026-01-08T13:00:00+08:00,2026-01-13T01:00:00+08:00,completed,normal,0.9237,2026-01-09T16:00:00+08:00
PP-0001242,WH-04,MAT-0191,7994,2026-03-28T06:00:00+08:00,2026-04-01T09:00:00+08:00,completed,normal,0.8859,2026-03-29T12:00:00+08:00
PP-0001243,WH-04,MAT-0175,12865,2026-06-20T07:00:00+08:00,2026-06-21T05:00:00+08:00,planned,normal,0.8743,2026-06-15T08:00:00+08:00
PP-0001244,WH-02,MAT-0018,16512,2025-07-10T22:00:00+08:00,2025-07-11T10:00:00+08:00,released,normal,0.9645,2025-07-11T19:00:00+08:00
PP-0001245,WH-04,MAT-0240,19377,2026-07-16T14:00:00+08:00,2026-07-18T07:00:00+08:00,completed,normal,0.7232,2026-06-15T08:00:00+08:00
PP-0001246,WH-02,MAT-0184,3604,2025-06-21T12:00:00+08:00,2025-06-24T12:00:00+08:00,planned,normal,0.6094,2025-06-23T03:00:00+08:00
PP-0001247,WH-02,MAT-0044,13396,2025-08-14T11:00:00+08:00,2025-08-17T09:00:00+08:00,released,high,0.6483,2025-08-16T08:00:00+08:00
PP-0001248,WH-02,MAT-0040,1487,2026-03-27T07:00:00+08:00,2026-04-01T07:00:00+08:00,released,normal,0.9871,2026-03-27T22:00:00+08:00
PP-0001249,WH-04,MAT-0232,7254,2025-11-18T13:00:00+08:00,2025-11-21T16:00:00+08:00,planned,normal,0.6556,2025-11-19T14:00:00+08:00
PP-0001250,WH-04,MAT-0042,16290,2025-09-20T02:00:00+08:00,2025-09-22T21:00:00+08:00,completed,normal,0.6136,2025-09-21T07:00:00+08:00
PP-0001251,WH-04,MAT-0211,364,2025-08-17T10:00:00+08:00,2025-08-20T05:00:00+08:00,released,urgent,0.796,2025-08-18T16:00:00+08:00
PP-0001252,WH-02,MAT-0192,6229,2025-07-21T14:00:00+08:00,2025-07-22T08:00:00+08:00,released,high,0.7751,2025-07-22T01:00:00+08:00
PP-0001253,WH-04,MAT-0036,17799,2025-09-20T17:00:00+08:00,2025-09-23T03:00:00+08:00,completed,high,0.7716,2025-09-21T20:00:00+08:00
PP-0001254,WH-02,MAT-0003,5106,2026-02-22T07:00:00+08:00,2026-02-25T05:00:00+08:00,completed,normal,0.7881,2026-02-24T07:00:00+08:00
PP-0001255,WH-04,MAT-0066,14383,2026-04-24T07:00:00+08:00,2026-04-28T17:00:00+08:00,released,urgent,0.887,2026-04-24T21:00:00+08:00
PP-0001256,WH-02,MAT-0055,7434,2026-05-01T08:00:00+08:00,2026-05-04T19:00:00+08:00,completed,high,0.6404,2026-05-01T09:00:00+08:00
PP-0001257,WH-04,MAT-0135,19185,2025-06-20T13:00:00+08:00,2025-06-21T19:00:00+08:00,completed,urgent,0.806,2025-06-20T21:00:00+08:00
PP-0001258,WH-04,MAT-0178,140,2026-04-28T19:00:00+08:00,2026-05-02T16:00:00+08:00,at_risk,urgent,0.885,2026-04-28T23:00:00+08:00
PP-0001259,WH-04,MAT-0217,18193,2026-06-07T20:00:00+08:00,2026-06-09T00:00:00+08:00,planned,normal,0.5734,2026-06-08T19:00:00+08:00
PP-0001260,WH-02,MAT-0219,9464,2026-04-25T08:00:00+08:00,2026-04-28T06:00:00+08:00,completed,normal,0.768,2026-04-25T11:00:00+08:00
PP-0001261,WH-02,MAT-0123,14522,2025-07-12T18:00:00+08:00,2025-07-15T13:00:00+08:00,planned,normal,0.8484,2025-07-14T15:00:00+08:00
PP-0001262,WH-04,MAT-0215,6482,2025-08-19T02:00:00+08:00,2025-08-22T01:00:00+08:00,completed,normal,0.603,2025-08-19T04:00:00+08:00
PP-0001263,WH-04,MAT-0047,3417,2025-09-07T00:00:00+08:00,2025-09-07T14:00:00+08:00,completed,normal,0.944,2025-09-07T08:00:00+08:00
PP-0001264,WH-02,MAT-0237,4045,2025-11-01T13:00:00+08:00,2025-11-04T13:00:00+08:00,completed,normal,0.6152,2025-11-03T03:00:00+08:00
PP-0001265,WH-04,MAT-0139,4763,2026-05-04T02:00:00+08:00,2026-05-07T10:00:00+08:00,completed,high,0.8538,2026-05-05T11:00:00+08:00
PP-0001266,WH-04,MAT-0146,12790,2025-11-23T04:00:00+08:00,2025-11-24T05:00:00+08:00,released,high,0.5686,2025-11-24T23:00:00+08:00
PP-0001267,WH-02,MAT-0213,10626,2025-08-09T11:00:00+08:00,2025-08-10T12:00:00+08:00,completed,normal,0.8266,2025-08-09T11:00:00+08:00
PP-0001268,WH-02,MAT-0109,14768,2026-03-23T21:00:00+08:00,2026-03-25T12:00:00+08:00,released,normal,0.6359,2026-03-25T13:00:00+08:00
PP-0001269,WH-04,MAT-0189,11137,2025-06-16T00:00:00+08:00,2025-06-18T01:00:00+08:00,completed,normal,0.7087,2025-06-17T23:00:00+08:00
PP-0001270,WH-04,MAT-0082,6225,2025-09-16T22:00:00+08:00,2025-09-18T18:00:00+08:00,released,high,0.766,2025-09-17T10:00:00+08:00
PP-0001271,WH-04,MAT-0185,13657,2025-09-09T21:00:00+08:00,2025-09-11T10:00:00+08:00,released,urgent,0.5776,2025-09-10T00:00:00+08:00
PP-0001272,WH-02,MAT-0031,9762,2026-02-26T18:00:00+08:00,2026-03-03T07:00:00+08:00,completed,high,0.7444,2026-02-27T18:00:00+08:00
PP-0001273,WH-02,MAT-0184,1165,2025-09-21T01:00:00+08:00,2025-09-23T09:00:00+08:00,at_risk,normal,0.8948,2025-09-21T03:00:00+08:00
PP-0001274,WH-04,MAT-0216,12463,2026-02-08T19:00:00+08:00,2026-02-11T01:00:00+08:00,completed,urgent,0.7477,2026-02-09T04:00:00+08:00
PP-0001275,WH-04,MAT-0126,17183,2026-01-02T05:00:00+08:00,2026-01-04T01:00:00+08:00,paused,normal,0.7075,2026-01-02T17:00:00+08:00
PP-0001276,WH-02,MAT-0036,370,2026-02-17T08:00:00+08:00,2026-02-17T20:00:00+08:00,completed,normal,0.5788,2026-02-19T05:00:00+08:00
PP-0001277,WH-04,MAT-0181,8023,2026-04-07T21:00:00+08:00,2026-04-08T21:00:00+08:00,planned,urgent,0.7697,2026-04-08T09:00:00+08:00
PP-0001278,WH-02,MAT-0075,9132,2026-02-06T04:00:00+08:00,2026-02-10T06:00:00+08:00,completed,normal,0.9002,2026-02-07T20:00:00+08:00
PP-0001279,WH-02,MAT-0003,6654,2025-11-13T16:00:00+08:00,2025-11-14T12:00:00+08:00,planned,high,0.7838,2025-11-15T09:00:00+08:00
PP-0001280,WH-02,MAT-0120,19784,2025-12-03T13:00:00+08:00,2025-12-05T12:00:00+08:00,released,high,0.6104,2025-12-05T03:00:00+08:00
PP-0001281,WH-02,MAT-0206,13414,2025-08-16T18:00:00+08:00,2025-08-19T09:00:00+08:00,completed,normal,0.884,2025-08-17T07:00:00+08:00
PP-0001282,WH-04,MAT-0202,6142,2026-02-24T14:00:00+08:00,2026-02-27T12:00:00+08:00,completed,high,0.697,2026-02-25T12:00:00+08:00
PP-0001283,WH-02,MAT-0207,11198,2025-11-02T20:00:00+08:00,2025-11-07T08:00:00+08:00,planned,normal,0.7951,2025-11-04T15:00:00+08:00
PP-0001284,WH-02,MAT-0177,18813,2026-02-08T00:00:00+08:00,2026-02-12T05:00:00+08:00,completed,normal,0.5842,2026-02-08T13:00:00+08:00
PP-0001285,WH-02,MAT-0044,5251,2026-01-27T05:00:00+08:00,2026-01-30T20:00:00+08:00,released,high,0.5803,2026-01-28T18:00:00+08:00
PP-0001286,WH-02,MAT-0227,2432,2025-09-23T11:00:00+08:00,2025-09-26T06:00:00+08:00,at_risk,normal,0.8975,2025-09-23T13:00:00+08:00
PP-0001287,WH-02,MAT-0136,11800,2026-03-10T16:00:00+08:00,2026-03-14T03:00:00+08:00,planned,urgent,0.9571,2026-03-11T19:00:00+08:00
PP-0001288,WH-04,MAT-0235,3406,2025-08-06T02:00:00+08:00,2025-08-08T11:00:00+08:00,planned,normal,0.8055,2025-08-06T05:00:00+08:00
PP-0001289,WH-04,MAT-0083,7606,2026-02-26T16:00:00+08:00,2026-03-03T10:00:00+08:00,completed,high,0.7426,2026-02-28T05:00:00+08:00
PP-0001290,WH-04,MAT-0055,9456,2025-08-08T23:00:00+08:00,2025-08-12T19:00:00+08:00,planned,normal,0.9916,2025-08-09T11:00:00+08:00
PP-0001291,WH-02,MAT-0044,9637,2025-10-11T08:00:00+08:00,2025-10-12T16:00:00+08:00,completed,normal,0.6517,2025-10-13T02:00:00+08:00
PP-0001292,WH-04,MAT-0015,10825,2026-04-12T22:00:00+08:00,2026-04-16T06:00:00+08:00,completed,normal,0.9235,2026-04-13T04:00:00+08:00
PP-0001293,WH-04,MAT-0042,10158,2025-10-10T04:00:00+08:00,2025-10-14T13:00:00+08:00,completed,normal,0.7801,2025-10-11T08:00:00+08:00
PP-0001294,WH-02,MAT-0070,12423,2025-11-14T16:00:00+08:00,2025-11-18T07:00:00+08:00,released,normal,0.793,2025-11-16T12:00:00+08:00
PP-0001295,WH-02,MAT-0038,14331,2025-08-23T03:00:00+08:00,2025-08-25T12:00:00+08:00,completed,normal,0.7743,2025-08-25T01:00:00+08:00
PP-0001296,WH-02,MAT-0007,18302,2025-11-02T01:00:00+08:00,2025-11-03T17:00:00+08:00,released,high,0.6638,2025-11-03T22:00:00+08:00
PP-0001297,WH-02,MAT-0028,17169,2025-08-10T20:00:00+08:00,2025-08-14T05:00:00+08:00,paused,normal,0.9499,2025-08-11T23:00:00+08:00
PP-0001298,WH-02,MAT-0043,12655,2026-04-24T00:00:00+08:00,2026-04-24T20:00:00+08:00,at_risk,normal,0.8505,2026-04-25T17:00:00+08:00
PP-0001299,WH-04,MAT-0082,19404,2025-06-18T21:00:00+08:00,2025-06-22T00:00:00+08:00,released,normal,0.7817,2025-06-20T11:00:00+08:00
PP-0001300,WH-02,MAT-0106,10275,2025-11-02T08:00:00+08:00,2025-11-05T16:00:00+08:00,completed,normal,0.7177,2025-11-04T03:00:00+08:00
PP-0001301,WH-02,MAT-0182,10602,2026-03-25T16:00:00+08:00,2026-03-30T02:00:00+08:00,released,normal,0.592,2026-03-27T16:00:00+08:00
PP-0001302,WH-02,MAT-0058,6152,2026-02-13T12:00:00+08:00,2026-02-14T23:00:00+08:00,completed,normal,0.9171,2026-02-14T06:00:00+08:00
PP-0001303,WH-04,MAT-0059,8701,2026-01-04T09:00:00+08:00,2026-01-08T17:00:00+08:00,planned,high,0.6706,2026-01-04T23:00:00+08:00
PP-0001304,WH-02,MAT-0074,9935,2025-12-25T17:00:00+08:00,2025-12-26T13:00:00+08:00,completed,normal,0.6761,2025-12-26T07:00:00+08:00
PP-0001305,WH-04,MAT-0048,18595,2025-10-30T21:00:00+08:00,2025-11-03T01:00:00+08:00,completed,high,0.7043,2025-10-31T19:00:00+08:00
PP-0001306,WH-04,MAT-0017,4228,2026-05-20T18:00:00+08:00,2026-05-21T09:00:00+08:00,planned,normal,0.695,2026-05-21T02:00:00+08:00
PP-0001307,WH-04,MAT-0218,19699,2025-09-04T20:00:00+08:00,2025-09-07T17:00:00+08:00,completed,normal,0.5817,2025-09-06T06:00:00+08:00
PP-0001308,WH-04,MAT-0010,15386,2025-08-10T13:00:00+08:00,2025-08-12T08:00:00+08:00,released,normal,0.6847,2025-08-11T15:00:00+08:00
PP-0001309,WH-02,MAT-0060,4650,2026-07-12T19:00:00+08:00,2026-07-13T20:00:00+08:00,completed,normal,0.6982,2026-06-15T08:00:00+08:00
PP-0001310,WH-02,MAT-0030,1212,2026-04-26T07:00:00+08:00,2026-04-26T22:00:00+08:00,completed,normal,0.7923,2026-04-26T07:00:00+08:00
PP-0001311,WH-04,MAT-0176,8671,2025-11-05T14:00:00+08:00,2025-11-10T07:00:00+08:00,paused,normal,0.901,2025-11-07T02:00:00+08:00
PP-0001312,WH-04,MAT-0023,18251,2026-01-07T14:00:00+08:00,2026-01-12T12:00:00+08:00,completed,normal,0.594,2026-01-09T14:00:00+08:00
PP-0001313,WH-02,MAT-0087,17387,2025-11-30T09:00:00+08:00,2025-12-04T12:00:00+08:00,released,normal,0.558,2025-12-02T06:00:00+08:00
PP-0001314,WH-02,MAT-0175,12261,2026-01-19T13:00:00+08:00,2026-01-22T00:00:00+08:00,paused,normal,0.5546,2026-01-21T02:00:00+08:00
PP-0001315,WH-02,MAT-0238,19015,2026-07-02T14:00:00+08:00,2026-07-06T05:00:00+08:00,completed,high,0.79,2026-06-15T08:00:00+08:00
PP-0001316,WH-04,MAT-0114,6473,2026-07-12T14:00:00+08:00,2026-07-16T16:00:00+08:00,planned,normal,0.7996,2026-06-15T08:00:00+08:00
PP-0001317,WH-04,MAT-0081,10401,2026-03-30T05:00:00+08:00,2026-03-31T20:00:00+08:00,completed,normal,0.8833,2026-03-31T13:00:00+08:00
PP-0001318,WH-02,MAT-0156,949,2026-01-19T15:00:00+08:00,2026-01-21T13:00:00+08:00,planned,normal,0.6141,2026-01-19T17:00:00+08:00
PP-0001319,WH-02,MAT-0171,11676,2026-02-06T06:00:00+08:00,2026-02-10T23:00:00+08:00,at_risk,normal,0.8206,2026-02-06T15:00:00+08:00
PP-0001320,WH-04,MAT-0067,18315,2026-04-15T11:00:00+08:00,2026-04-19T04:00:00+08:00,completed,high,0.8456,2026-04-15T12:00:00+08:00
PP-0001321,WH-04,MAT-0092,2615,2025-12-27T21:00:00+08:00,2025-12-29T17:00:00+08:00,completed,normal,0.9805,2025-12-29T06:00:00+08:00
PP-0001322,WH-04,MAT-0188,8628,2026-05-02T12:00:00+08:00,2026-05-05T13:00:00+08:00,at_risk,normal,0.5504,2026-05-02T21:00:00+08:00
PP-0001323,WH-04,MAT-0106,13391,2026-06-20T16:00:00+08:00,2026-06-24T10:00:00+08:00,at_risk,normal,0.8137,2026-06-15T08:00:00+08:00
PP-0001324,WH-04,MAT-0035,7898,2026-01-04T12:00:00+08:00,2026-01-05T01:00:00+08:00,completed,high,0.7508,2026-01-06T12:00:00+08:00
PP-0001325,WH-04,MAT-0182,3562,2026-04-06T08:00:00+08:00,2026-04-10T23:00:00+08:00,at_risk,normal,0.9525,2026-04-08T07:00:00+08:00
PP-0001326,WH-02,MAT-0116,4466,2026-04-03T00:00:00+08:00,2026-04-07T19:00:00+08:00,planned,normal,0.714,2026-04-03T04:00:00+08:00
PP-0001327,WH-02,MAT-0013,2640,2025-07-08T14:00:00+08:00,2025-07-10T01:00:00+08:00,planned,high,0.891,2025-07-08T19:00:00+08:00
PP-0001328,WH-02,MAT-0133,15343,2025-08-22T05:00:00+08:00,2025-08-25T00:00:00+08:00,planned,high,0.554,2025-08-23T03:00:00+08:00
PP-0001329,WH-02,MAT-0060,6739,2025-08-28T05:00:00+08:00,2025-08-31T09:00:00+08:00,completed,normal,0.6504,2025-08-29T06:00:00+08:00
PP-0001330,WH-02,MAT-0083,14947,2025-07-02T06:00:00+08:00,2025-07-06T16:00:00+08:00,completed,normal,0.7092,2025-07-04T04:00:00+08:00
PP-0001331,WH-02,MAT-0082,815,2026-03-26T19:00:00+08:00,2026-03-29T19:00:00+08:00,completed,urgent,0.9541,2026-03-26T21:00:00+08:00
PP-0001332,WH-04,MAT-0225,12687,2025-07-10T20:00:00+08:00,2025-07-12T18:00:00+08:00,completed,normal,0.8551,2025-07-11T09:00:00+08:00
PP-0001333,WH-02,MAT-0116,12333,2025-07-17T00:00:00+08:00,2025-07-20T12:00:00+08:00,completed,normal,0.6674,2025-07-19T00:00:00+08:00
PP-0001334,WH-02,MAT-0105,12267,2025-11-17T22:00:00+08:00,2025-11-19T05:00:00+08:00,released,normal,0.6136,2025-11-18T05:00:00+08:00
PP-0001335,WH-04,MAT-0072,7488,2026-07-08T02:00:00+08:00,2026-07-09T07:00:00+08:00,planned,normal,0.9808,2026-06-15T08:00:00+08:00
PP-0001336,WH-04,MAT-0020,18263,2025-12-26T00:00:00+08:00,2025-12-29T10:00:00+08:00,completed,high,0.9538,2025-12-27T09:00:00+08:00
PP-0001337,WH-02,MAT-0159,5915,2026-03-03T10:00:00+08:00,2026-03-05T10:00:00+08:00,planned,high,0.7979,2026-03-03T10:00:00+08:00
PP-0001338,WH-04,MAT-0104,17527,2026-03-14T05:00:00+08:00,2026-03-16T22:00:00+08:00,completed,normal,0.9279,2026-03-15T10:00:00+08:00
PP-0001339,WH-02,MAT-0070,15409,2025-09-03T06:00:00+08:00,2025-09-05T23:00:00+08:00,completed,high,0.9152,2025-09-03T18:00:00+08:00
PP-0001340,WH-02,MAT-0041,211,2026-01-19T19:00:00+08:00,2026-01-24T14:00:00+08:00,completed,normal,0.5709,2026-01-20T06:00:00+08:00
PP-0001341,WH-04,MAT-0026,17674,2026-01-24T23:00:00+08:00,2026-01-26T19:00:00+08:00,completed,normal,0.886,2026-01-26T03:00:00+08:00
PP-0001342,WH-02,MAT-0194,665,2025-11-20T21:00:00+08:00,2025-11-25T18:00:00+08:00,released,normal,0.8364,2025-11-21T18:00:00+08:00
PP-0001343,WH-02,MAT-0045,14977,2026-04-15T06:00:00+08:00,2026-04-19T17:00:00+08:00,released,normal,0.7743,2026-04-16T04:00:00+08:00
PP-0001344,WH-04,MAT-0147,5427,2025-06-25T08:00:00+08:00,2025-06-28T11:00:00+08:00,released,normal,0.7277,2025-06-25T09:00:00+08:00
PP-0001345,WH-04,MAT-0172,11654,2025-06-15T13:00:00+08:00,2025-06-18T22:00:00+08:00,completed,normal,0.7598,2025-06-16T13:00:00+08:00
PP-0001346,WH-02,MAT-0113,5787,2025-08-19T03:00:00+08:00,2025-08-19T13:00:00+08:00,completed,normal,0.7772,2025-08-20T08:00:00+08:00
PP-0001347,WH-04,MAT-0016,17150,2025-09-02T08:00:00+08:00,2025-09-04T21:00:00+08:00,completed,normal,0.7682,2025-09-02T19:00:00+08:00
PP-0001348,WH-04,MAT-0114,11441,2026-03-15T03:00:00+08:00,2026-03-15T19:00:00+08:00,completed,normal,0.6127,2026-03-15T19:00:00+08:00
PP-0001349,WH-02,MAT-0240,13250,2025-12-05T05:00:00+08:00,2025-12-08T19:00:00+08:00,released,normal,0.5533,2025-12-06T17:00:00+08:00
PP-0001350,WH-02,MAT-0004,12410,2025-08-19T07:00:00+08:00,2025-08-22T12:00:00+08:00,completed,normal,0.7145,2025-08-19T08:00:00+08:00
PP-0001351,WH-04,MAT-0143,1387,2026-03-01T15:00:00+08:00,2026-03-04T04:00:00+08:00,planned,normal,0.9008,2026-03-03T02:00:00+08:00
PP-0001352,WH-02,MAT-0120,15209,2026-04-26T19:00:00+08:00,2026-04-30T00:00:00+08:00,completed,normal,0.9358,2026-04-28T03:00:00+08:00
PP-0001353,WH-04,MAT-0219,2333,2026-07-11T05:00:00+08:00,2026-07-15T02:00:00+08:00,completed,high,0.6583,2026-06-15T08:00:00+08:00
PP-0001354,WH-04,MAT-0157,11570,2026-06-30T06:00:00+08:00,2026-07-05T04:00:00+08:00,at_risk,normal,0.6052,2026-06-15T08:00:00+08:00
PP-0001355,WH-02,MAT-0120,4225,2025-11-24T06:00:00+08:00,2025-11-25T07:00:00+08:00,released,normal,0.5764,2025-11-25T16:00:00+08:00
PP-0001356,WH-02,MAT-0122,767,2026-01-10T15:00:00+08:00,2026-01-11T10:00:00+08:00,at_risk,high,0.9925,2026-01-10T16:00:00+08:00
PP-0001357,WH-04,MAT-0055,18877,2025-09-05T10:00:00+08:00,2025-09-09T06:00:00+08:00,planned,high,0.5545,2025-09-06T18:00:00+08:00
PP-0001358,WH-02,MAT-0194,19525,2025-08-02T02:00:00+08:00,2025-08-03T14:00:00+08:00,released,normal,0.9867,2025-08-03T00:00:00+08:00
PP-0001359,WH-02,MAT-0064,7080,2025-06-22T22:00:00+08:00,2025-06-27T01:00:00+08:00,planned,normal,0.7288,2025-06-23T05:00:00+08:00
PP-0001360,WH-02,MAT-0040,6249,2026-07-12T07:00:00+08:00,2026-07-15T16:00:00+08:00,completed,normal,0.6341,2026-06-15T08:00:00+08:00
PP-0001361,WH-02,MAT-0060,14835,2026-04-18T08:00:00+08:00,2026-04-18T20:00:00+08:00,planned,normal,0.8126,2026-04-18T08:00:00+08:00
PP-0001362,WH-04,MAT-0050,787,2026-06-22T12:00:00+08:00,2026-06-26T03:00:00+08:00,planned,high,0.8655,2026-06-15T08:00:00+08:00
PP-0001363,WH-04,MAT-0211,9169,2025-11-16T14:00:00+08:00,2025-11-17T20:00:00+08:00,completed,high,0.8787,2025-11-18T14:00:00+08:00
PP-0001364,WH-02,MAT-0092,13064,2025-11-17T03:00:00+08:00,2025-11-20T12:00:00+08:00,released,urgent,0.9619,2025-11-17T13:00:00+08:00
PP-0001365,WH-02,MAT-0193,3056,2025-06-28T22:00:00+08:00,2025-07-03T09:00:00+08:00,completed,normal,0.89,2025-06-29T20:00:00+08:00
PP-0001366,WH-02,MAT-0085,17691,2025-06-24T06:00:00+08:00,2025-06-24T16:00:00+08:00,planned,normal,0.7214,2025-06-24T15:00:00+08:00
PP-0001367,WH-04,MAT-0119,1137,2025-08-28T02:00:00+08:00,2025-08-29T18:00:00+08:00,completed,high,0.7658,2025-08-29T01:00:00+08:00
PP-0001368,WH-04,MAT-0023,7852,2026-06-22T08:00:00+08:00,2026-06-25T10:00:00+08:00,completed,normal,0.5753,2026-06-15T08:00:00+08:00
PP-0001369,WH-04,MAT-0050,18962,2025-08-23T18:00:00+08:00,2025-08-24T10:00:00+08:00,completed,normal,0.6885,2025-08-24T02:00:00+08:00
PP-0001370,WH-02,MAT-0038,9703,2026-01-04T02:00:00+08:00,2026-01-05T05:00:00+08:00,paused,high,0.6044,2026-01-05T01:00:00+08:00
PP-0001371,WH-02,MAT-0093,232,2025-10-08T17:00:00+08:00,2025-10-12T19:00:00+08:00,planned,high,0.987,2025-10-10T02:00:00+08:00
PP-0001372,WH-02,MAT-0198,8494,2026-04-29T23:00:00+08:00,2026-05-01T02:00:00+08:00,completed,high,0.7516,2026-05-01T23:00:00+08:00
PP-0001373,WH-02,MAT-0215,10558,2026-05-11T15:00:00+08:00,2026-05-12T02:00:00+08:00,completed,high,0.6877,2026-05-12T22:00:00+08:00
PP-0001374,WH-04,MAT-0096,13898,2025-08-15T19:00:00+08:00,2025-08-20T04:00:00+08:00,released,normal,0.7006,2025-08-17T04:00:00+08:00
PP-0001375,WH-02,MAT-0201,1439,2026-07-19T15:00:00+08:00,2026-07-24T03:00:00+08:00,at_risk,high,0.5521,2026-06-15T08:00:00+08:00
PP-0001376,WH-02,MAT-0190,3783,2025-08-27T08:00:00+08:00,2025-09-01T07:00:00+08:00,completed,normal,0.6928,2025-08-28T08:00:00+08:00
PP-0001377,WH-04,MAT-0128,16603,2026-01-27T10:00:00+08:00,2026-01-31T05:00:00+08:00,completed,normal,0.8078,2026-01-27T11:00:00+08:00
PP-0001378,WH-02,MAT-0145,15157,2026-06-04T23:00:00+08:00,2026-06-06T22:00:00+08:00,completed,high,0.7141,2026-06-05T11:00:00+08:00
PP-0001379,WH-02,MAT-0151,5081,2026-01-06T14:00:00+08:00,2026-01-09T18:00:00+08:00,released,normal,0.7308,2026-01-07T03:00:00+08:00
PP-0001380,WH-02,MAT-0158,4333,2025-12-14T05:00:00+08:00,2025-12-15T14:00:00+08:00,completed,normal,0.7613,2025-12-14T19:00:00+08:00
PP-0001381,WH-04,MAT-0140,5243,2026-01-10T16:00:00+08:00,2026-01-13T06:00:00+08:00,completed,high,0.6174,2026-01-11T19:00:00+08:00
PP-0001382,WH-04,MAT-0024,15999,2026-07-10T06:00:00+08:00,2026-07-10T17:00:00+08:00,at_risk,normal,0.5514,2026-06-15T08:00:00+08:00
PP-0001383,WH-04,MAT-0139,7461,2025-12-09T05:00:00+08:00,2025-12-12T17:00:00+08:00,at_risk,high,0.8911,2025-12-09T12:00:00+08:00
PP-0001384,WH-02,MAT-0177,11627,2025-09-08T03:00:00+08:00,2025-09-12T07:00:00+08:00,completed,high,0.7263,2025-09-08T05:00:00+08:00
PP-0001385,WH-04,MAT-0177,14357,2026-05-19T23:00:00+08:00,2026-05-20T20:00:00+08:00,completed,normal,0.6732,2026-05-20T11:00:00+08:00
PP-0001386,WH-04,MAT-0201,13914,2026-03-23T17:00:00+08:00,2026-03-26T17:00:00+08:00,completed,urgent,0.5526,2026-03-25T02:00:00+08:00
PP-0001387,WH-04,MAT-0040,12794,2025-11-19T12:00:00+08:00,2025-11-24T11:00:00+08:00,paused,urgent,0.6751,2025-11-19T16:00:00+08:00
PP-0001388,WH-04,MAT-0221,5841,2026-05-08T18:00:00+08:00,2026-05-11T09:00:00+08:00,at_risk,urgent,0.6718,2026-05-10T14:00:00+08:00
PP-0001389,WH-02,MAT-0114,1884,2025-11-17T04:00:00+08:00,2025-11-21T03:00:00+08:00,completed,normal,0.6711,2025-11-18T04:00:00+08:00
PP-0001390,WH-02,MAT-0183,5216,2025-09-07T18:00:00+08:00,2025-09-08T03:00:00+08:00,at_risk,high,0.8845,2025-09-08T12:00:00+08:00
PP-0001391,WH-02,MAT-0150,17347,2025-09-25T12:00:00+08:00,2025-09-27T08:00:00+08:00,completed,normal,0.6097,2025-09-26T22:00:00+08:00
PP-0001392,WH-04,MAT-0203,14373,2025-09-28T04:00:00+08:00,2025-10-02T17:00:00+08:00,at_risk,normal,0.6993,2025-09-28T16:00:00+08:00
PP-0001393,WH-02,MAT-0158,1319,2025-09-18T09:00:00+08:00,2025-09-19T07:00:00+08:00,released,high,0.7533,2025-09-18T14:00:00+08:00
PP-0001394,WH-02,MAT-0052,16035,2025-07-02T16:00:00+08:00,2025-07-04T16:00:00+08:00,completed,normal,0.7325,2025-07-03T23:00:00+08:00
PP-0001395,WH-02,MAT-0204,10085,2025-09-08T21:00:00+08:00,2025-09-12T22:00:00+08:00,paused,normal,0.5697,2025-09-09T16:00:00+08:00
PP-0001396,WH-02,MAT-0166,19396,2025-09-15T22:00:00+08:00,2025-09-18T17:00:00+08:00,completed,normal,0.56,2025-09-17T01:00:00+08:00
PP-0001397,WH-02,MAT-0057,9478,2026-01-01T20:00:00+08:00,2026-01-03T15:00:00+08:00,released,normal,0.6219,2026-01-03T09:00:00+08:00
PP-0001398,WH-02,MAT-0109,11261,2026-07-12T20:00:00+08:00,2026-07-14T14:00:00+08:00,planned,normal,0.6331,2026-06-15T08:00:00+08:00
PP-0001399,WH-02,MAT-0233,14342,2026-06-29T20:00:00+08:00,2026-07-03T04:00:00+08:00,completed,normal,0.5504,2026-06-15T08:00:00+08:00
PP-0001400,WH-02,MAT-0149,12444,2025-11-25T08:00:00+08:00,2025-11-28T15:00:00+08:00,completed,normal,0.8032,2025-11-26T06:00:00+08:00
PP-0001401,WH-02,MAT-0239,17836,2025-10-13T19:00:00+08:00,2025-10-17T00:00:00+08:00,released,normal,0.6569,2025-10-14T15:00:00+08:00
PP-0001402,WH-04,MAT-0047,4779,2025-07-06T09:00:00+08:00,2025-07-10T13:00:00+08:00,planned,normal,0.5919,2025-07-06T11:00:00+08:00
PP-0001403,WH-02,MAT-0001,17053,2026-06-10T21:00:00+08:00,2026-06-12T12:00:00+08:00,released,normal,0.9108,2026-06-11T11:00:00+08:00
PP-0001404,WH-02,MAT-0157,6155,2026-06-28T12:00:00+08:00,2026-07-02T13:00:00+08:00,completed,normal,0.948,2026-06-15T08:00:00+08:00
PP-0001405,WH-04,MAT-0197,334,2025-12-08T05:00:00+08:00,2025-12-12T03:00:00+08:00,planned,high,0.7143,2025-12-09T15:00:00+08:00
PP-0001406,WH-04,MAT-0077,1935,2026-01-22T13:00:00+08:00,2026-01-25T20:00:00+08:00,completed,high,0.5662,2026-01-24T12:00:00+08:00
PP-0001407,WH-02,MAT-0039,18643,2025-06-21T15:00:00+08:00,2025-06-24T15:00:00+08:00,completed,normal,0.9102,2025-06-23T10:00:00+08:00
PP-0001408,WH-02,MAT-0047,6337,2026-04-26T20:00:00+08:00,2026-04-30T13:00:00+08:00,at_risk,normal,0.5644,2026-04-28T15:00:00+08:00
PP-0001409,WH-04,MAT-0042,6538,2025-12-25T22:00:00+08:00,2025-12-27T16:00:00+08:00,planned,high,0.7304,2025-12-26T16:00:00+08:00
PP-0001410,WH-04,MAT-0139,7769,2025-10-06T23:00:00+08:00,2025-10-08T17:00:00+08:00,released,normal,0.5677,2025-10-07T22:00:00+08:00
PP-0001411,WH-04,MAT-0160,11163,2026-03-19T16:00:00+08:00,2026-03-22T13:00:00+08:00,completed,high,0.8309,2026-03-20T18:00:00+08:00
PP-0001412,WH-02,MAT-0207,7661,2026-03-29T00:00:00+08:00,2026-04-02T06:00:00+08:00,released,normal,0.6811,2026-03-29T22:00:00+08:00
PP-0001413,WH-04,MAT-0183,15655,2026-06-25T23:00:00+08:00,2026-06-28T10:00:00+08:00,planned,normal,0.6628,2026-06-15T08:00:00+08:00
PP-0001414,WH-02,MAT-0183,1014,2025-10-24T21:00:00+08:00,2025-10-28T00:00:00+08:00,completed,normal,0.7605,2025-10-26T19:00:00+08:00
PP-0001415,WH-04,MAT-0004,8362,2026-07-07T10:00:00+08:00,2026-07-07T20:00:00+08:00,planned,urgent,0.8848,2026-06-15T08:00:00+08:00
PP-0001416,WH-04,MAT-0176,17931,2025-12-20T07:00:00+08:00,2025-12-24T08:00:00+08:00,planned,high,0.8459,2025-12-21T19:00:00+08:00
PP-0001417,WH-02,MAT-0230,13629,2026-01-31T12:00:00+08:00,2026-02-01T05:00:00+08:00,completed,normal,0.6523,2026-02-02T02:00:00+08:00
PP-0001418,WH-02,MAT-0113,14924,2025-07-31T23:00:00+08:00,2025-08-02T18:00:00+08:00,planned,normal,0.9176,2025-08-01T10:00:00+08:00
PP-0001419,WH-02,MAT-0132,19641,2026-07-05T00:00:00+08:00,2026-07-07T19:00:00+08:00,completed,high,0.998,2026-06-15T08:00:00+08:00
PP-0001420,WH-04,MAT-0154,15599,2025-08-14T02:00:00+08:00,2025-08-18T13:00:00+08:00,completed,normal,0.8313,2025-08-14T05:00:00+08:00
PP-0001421,WH-04,MAT-0084,1195,2026-05-25T19:00:00+08:00,2026-05-29T08:00:00+08:00,at_risk,normal,0.5546,2026-05-27T12:00:00+08:00
PP-0001422,WH-02,MAT-0034,12734,2026-05-04T20:00:00+08:00,2026-05-05T06:00:00+08:00,completed,normal,0.5902,2026-05-06T05:00:00+08:00
PP-0001423,WH-02,MAT-0111,2014,2025-10-22T20:00:00+08:00,2025-10-23T13:00:00+08:00,planned,normal,0.6552,2025-10-23T13:00:00+08:00
PP-0001424,WH-02,MAT-0109,13758,2026-06-24T04:00:00+08:00,2026-06-27T18:00:00+08:00,completed,urgent,0.5906,2026-06-15T08:00:00+08:00
PP-0001425,WH-04,MAT-0205,13817,2026-04-10T18:00:00+08:00,2026-04-11T02:00:00+08:00,released,normal,0.9828,2026-04-11T08:00:00+08:00
PP-0001426,WH-02,MAT-0080,6370,2025-10-28T00:00:00+08:00,2025-11-01T00:00:00+08:00,at_risk,high,0.8764,2025-10-28T05:00:00+08:00
PP-0001427,WH-02,MAT-0110,2727,2025-11-30T02:00:00+08:00,2025-12-04T05:00:00+08:00,planned,normal,0.7042,2025-12-01T11:00:00+08:00
PP-0001428,WH-02,MAT-0182,17025,2026-07-15T05:00:00+08:00,2026-07-19T14:00:00+08:00,released,normal,0.6448,2026-06-15T08:00:00+08:00
PP-0001429,WH-04,MAT-0218,2991,2025-08-17T14:00:00+08:00,2025-08-20T15:00:00+08:00,planned,normal,0.9966,2025-08-17T22:00:00+08:00
PP-0001430,WH-04,MAT-0218,12100,2025-12-13T16:00:00+08:00,2025-12-16T04:00:00+08:00,completed,high,0.8872,2025-12-14T19:00:00+08:00
PP-0001431,WH-04,MAT-0125,7880,2026-05-26T18:00:00+08:00,2026-05-30T05:00:00+08:00,completed,urgent,0.9403,2026-05-27T23:00:00+08:00
PP-0001432,WH-04,MAT-0073,19020,2026-03-03T15:00:00+08:00,2026-03-07T04:00:00+08:00,completed,normal,0.9091,2026-03-05T13:00:00+08:00
PP-0001433,WH-04,MAT-0232,2810,2025-12-24T01:00:00+08:00,2025-12-25T08:00:00+08:00,released,normal,0.8705,2025-12-24T22:00:00+08:00
PP-0001434,WH-04,MAT-0059,7463,2025-06-19T07:00:00+08:00,2025-06-21T20:00:00+08:00,released,normal,0.7679,2025-06-20T13:00:00+08:00
PP-0001435,WH-02,MAT-0045,15377,2026-02-14T00:00:00+08:00,2026-02-15T06:00:00+08:00,at_risk,high,0.5549,2026-02-15T03:00:00+08:00
PP-0001436,WH-04,MAT-0050,6930,2026-02-03T00:00:00+08:00,2026-02-04T11:00:00+08:00,completed,normal,0.9103,2026-02-03T23:00:00+08:00
PP-0001437,WH-02,MAT-0166,2908,2025-07-06T10:00:00+08:00,2025-07-10T10:00:00+08:00,planned,high,0.9727,2025-07-07T10:00:00+08:00
PP-0001438,WH-02,MAT-0195,1975,2025-07-22T06:00:00+08:00,2025-07-25T00:00:00+08:00,at_risk,normal,0.7184,2025-07-23T18:00:00+08:00
PP-0001439,WH-02,MAT-0038,152,2025-10-28T21:00:00+08:00,2025-11-01T00:00:00+08:00,completed,high,0.9835,2025-10-29T19:00:00+08:00
PP-0001440,WH-04,MAT-0002,18256,2025-12-20T14:00:00+08:00,2025-12-24T19:00:00+08:00,planned,high,0.6031,2025-12-21T19:00:00+08:00
PP-0001441,WH-02,MAT-0212,13906,2025-11-12T04:00:00+08:00,2025-11-14T02:00:00+08:00,at_risk,normal,0.8536,2025-11-12T23:00:00+08:00
PP-0001442,WH-02,MAT-0123,7442,2026-03-15T18:00:00+08:00,2026-03-17T13:00:00+08:00,completed,high,0.9308,2026-03-16T09:00:00+08:00
PP-0001443,WH-04,MAT-0238,10285,2026-02-18T00:00:00+08:00,2026-02-19T18:00:00+08:00,at_risk,normal,0.8784,2026-02-19T16:00:00+08:00
PP-0001444,WH-04,MAT-0203,16910,2026-02-28T08:00:00+08:00,2026-03-05T06:00:00+08:00,completed,high,0.6614,2026-02-28T17:00:00+08:00
PP-0001445,WH-02,MAT-0107,9914,2026-01-16T01:00:00+08:00,2026-01-20T01:00:00+08:00,completed,normal,0.6766,2026-01-16T23:00:00+08:00
PP-0001446,WH-02,MAT-0223,18038,2026-02-07T10:00:00+08:00,2026-02-08T17:00:00+08:00,planned,normal,0.5579,2026-02-08T09:00:00+08:00
PP-0001447,WH-04,MAT-0233,9259,2025-09-15T02:00:00+08:00,2025-09-18T19:00:00+08:00,paused,high,0.8562,2025-09-16T10:00:00+08:00
PP-0001448,WH-04,MAT-0097,19419,2026-04-19T14:00:00+08:00,2026-04-22T16:00:00+08:00,planned,high,0.6612,2026-04-21T03:00:00+08:00
PP-0001449,WH-04,MAT-0238,12036,2025-09-30T23:00:00+08:00,2025-10-03T14:00:00+08:00,released,high,0.8207,2025-10-01T09:00:00+08:00
PP-0001450,WH-02,MAT-0028,813,2026-05-22T18:00:00+08:00,2026-05-23T02:00:00+08:00,released,normal,0.8445,2026-05-24T00:00:00+08:00
PP-0001451,WH-04,MAT-0220,17882,2026-04-26T01:00:00+08:00,2026-04-27T07:00:00+08:00,released,normal,0.8377,2026-04-26T23:00:00+08:00
PP-0001452,WH-02,MAT-0170,6521,2025-08-21T04:00:00+08:00,2025-08-23T08:00:00+08:00,completed,normal,0.6556,2025-08-22T18:00:00+08:00
PP-0001453,WH-04,MAT-0209,3410,2026-06-03T13:00:00+08:00,2026-06-07T14:00:00+08:00,at_risk,normal,0.6196,2026-06-05T11:00:00+08:00
PP-0001454,WH-04,MAT-0060,13544,2025-07-12T12:00:00+08:00,2025-07-13T10:00:00+08:00,at_risk,high,0.6463,2025-07-12T22:00:00+08:00
PP-0001455,WH-04,MAT-0093,12802,2025-06-27T22:00:00+08:00,2025-06-29T03:00:00+08:00,released,high,0.5658,2025-06-28T10:00:00+08:00
PP-0001456,WH-02,MAT-0096,6164,2025-07-25T02:00:00+08:00,2025-07-28T22:00:00+08:00,planned,high,0.9529,2025-07-25T07:00:00+08:00
PP-0001457,WH-02,MAT-0054,12579,2025-12-31T08:00:00+08:00,2026-01-03T18:00:00+08:00,planned,urgent,0.6162,2025-12-31T16:00:00+08:00
PP-0001458,WH-02,MAT-0163,622,2026-03-11T02:00:00+08:00,2026-03-13T09:00:00+08:00,released,high,0.9119,2026-03-11T19:00:00+08:00
PP-0001459,WH-02,MAT-0144,935,2025-07-09T06:00:00+08:00,2025-07-13T19:00:00+08:00,completed,normal,0.796,2025-07-11T05:00:00+08:00
PP-0001460,WH-04,MAT-0113,2740,2026-06-29T11:00:00+08:00,2026-07-02T16:00:00+08:00,planned,high,0.9218,2026-06-15T08:00:00+08:00
PP-0001461,WH-04,MAT-0180,18045,2025-08-19T20:00:00+08:00,2025-08-21T00:00:00+08:00,completed,high,0.9503,2025-08-20T00:00:00+08:00
PP-0001462,WH-04,MAT-0108,15099,2025-11-03T03:00:00+08:00,2025-11-04T14:00:00+08:00,released,high,0.686,2025-11-03T23:00:00+08:00
PP-0001463,WH-04,MAT-0003,11208,2026-03-15T12:00:00+08:00,2026-03-18T12:00:00+08:00,planned,normal,0.8181,2026-03-17T05:00:00+08:00
PP-0001464,WH-04,MAT-0077,14610,2025-10-17T14:00:00+08:00,2025-10-20T13:00:00+08:00,completed,normal,0.5733,2025-10-17T23:00:00+08:00
PP-0001465,WH-02,MAT-0067,5445,2025-09-02T08:00:00+08:00,2025-09-05T21:00:00+08:00,planned,normal,0.5913,2025-09-03T05:00:00+08:00
PP-0001466,WH-04,MAT-0147,5267,2025-12-17T20:00:00+08:00,2025-12-19T11:00:00+08:00,completed,normal,0.6223,2025-12-18T19:00:00+08:00
PP-0001467,WH-04,MAT-0113,14790,2025-12-20T10:00:00+08:00,2025-12-23T14:00:00+08:00,completed,normal,0.916,2025-12-22T09:00:00+08:00
PP-0001468,WH-04,MAT-0185,3881,2025-11-03T22:00:00+08:00,2025-11-06T11:00:00+08:00,completed,high,0.8797,2025-11-05T21:00:00+08:00
PP-0001469,WH-02,MAT-0087,1524,2025-11-28T08:00:00+08:00,2025-12-01T11:00:00+08:00,released,urgent,0.7669,2025-11-28T17:00:00+08:00
PP-0001470,WH-02,MAT-0170,18500,2026-01-22T20:00:00+08:00,2026-01-24T18:00:00+08:00,completed,normal,0.5929,2026-01-24T09:00:00+08:00
PP-0001471,WH-02,MAT-0085,15731,2025-11-27T12:00:00+08:00,2025-12-02T11:00:00+08:00,planned,normal,0.6674,2025-11-28T15:00:00+08:00
PP-0001472,WH-04,MAT-0043,18732,2026-05-19T16:00:00+08:00,2026-05-20T19:00:00+08:00,planned,normal,0.9115,2026-05-21T05:00:00+08:00
PP-0001473,WH-02,MAT-0150,4270,2025-11-06T21:00:00+08:00,2025-11-07T14:00:00+08:00,completed,urgent,0.781,2025-11-07T00:00:00+08:00
PP-0001474,WH-04,MAT-0133,6894,2026-06-30T09:00:00+08:00,2026-07-03T13:00:00+08:00,released,normal,0.9251,2026-06-15T08:00:00+08:00
PP-0001475,WH-02,MAT-0129,5930,2025-08-15T22:00:00+08:00,2025-08-17T10:00:00+08:00,at_risk,normal,0.6982,2025-08-16T16:00:00+08:00
PP-0001476,WH-04,MAT-0182,2615,2026-01-20T00:00:00+08:00,2026-01-24T07:00:00+08:00,completed,high,0.9449,2026-01-21T09:00:00+08:00
PP-0001477,WH-02,MAT-0204,3008,2025-08-23T09:00:00+08:00,2025-08-27T04:00:00+08:00,planned,high,0.7506,2025-08-23T17:00:00+08:00
PP-0001478,WH-02,MAT-0063,8318,2025-10-28T22:00:00+08:00,2025-10-30T06:00:00+08:00,completed,normal,0.8965,2025-10-30T13:00:00+08:00
PP-0001479,WH-04,MAT-0087,13645,2025-11-19T16:00:00+08:00,2025-11-22T16:00:00+08:00,planned,high,0.5586,2025-11-21T11:00:00+08:00
PP-0001480,WH-04,MAT-0149,14656,2025-11-24T05:00:00+08:00,2025-11-27T07:00:00+08:00,completed,high,0.9572,2025-11-24T21:00:00+08:00
PP-0001481,WH-02,MAT-0233,14203,2026-01-09T18:00:00+08:00,2026-01-12T18:00:00+08:00,released,high,0.8054,2026-01-10T04:00:00+08:00
PP-0001482,WH-02,MAT-0175,11327,2025-12-22T22:00:00+08:00,2025-12-24T15:00:00+08:00,released,normal,0.9344,2025-12-23T05:00:00+08:00
PP-0001483,WH-04,MAT-0163,8775,2025-12-02T01:00:00+08:00,2025-12-03T05:00:00+08:00,released,normal,0.8543,2025-12-02T02:00:00+08:00
PP-0001484,WH-02,MAT-0163,7731,2026-01-12T20:00:00+08:00,2026-01-17T08:00:00+08:00,completed,normal,0.5816,2026-01-13T08:00:00+08:00
PP-0001485,WH-02,MAT-0055,2438,2026-06-15T20:00:00+08:00,2026-06-19T11:00:00+08:00,completed,normal,0.5591,2026-06-15T08:00:00+08:00
PP-0001486,WH-02,MAT-0146,2358,2025-07-18T14:00:00+08:00,2025-07-20T18:00:00+08:00,completed,high,0.6223,2025-07-18T22:00:00+08:00
PP-0001487,WH-02,MAT-0206,8337,2025-06-16T10:00:00+08:00,2025-06-20T15:00:00+08:00,at_risk,high,0.854,2025-06-18T09:00:00+08:00
PP-0001488,WH-04,MAT-0056,6784,2025-12-22T02:00:00+08:00,2025-12-26T10:00:00+08:00,completed,normal,0.8115,2025-12-22T05:00:00+08:00
PP-0001489,WH-04,MAT-0166,18991,2026-02-01T02:00:00+08:00,2026-02-03T08:00:00+08:00,released,high,0.9368,2026-02-01T10:00:00+08:00
PP-0001490,WH-02,MAT-0021,2292,2025-10-06T04:00:00+08:00,2025-10-07T10:00:00+08:00,released,high,0.7353,2025-10-08T03:00:00+08:00
PP-0001491,WH-04,MAT-0204,4532,2026-05-10T21:00:00+08:00,2026-05-15T03:00:00+08:00,released,high,0.9613,2026-05-12T19:00:00+08:00
PP-0001492,WH-04,MAT-0232,18902,2026-07-13T09:00:00+08:00,2026-07-14T00:00:00+08:00,planned,urgent,0.95,2026-06-15T08:00:00+08:00
PP-0001493,WH-04,MAT-0216,16185,2025-09-26T18:00:00+08:00,2025-09-27T21:00:00+08:00,completed,urgent,0.9817,2025-09-27T13:00:00+08:00
PP-0001494,WH-02,MAT-0090,15375,2026-05-08T09:00:00+08:00,2026-05-10T11:00:00+08:00,planned,urgent,0.9797,2026-05-09T05:00:00+08:00
PP-0001495,WH-02,MAT-0081,14964,2025-11-17T16:00:00+08:00,2025-11-20T02:00:00+08:00,completed,normal,0.9906,2025-11-19T08:00:00+08:00
PP-0001496,WH-02,MAT-0104,14334,2026-06-06T23:00:00+08:00,2026-06-08T04:00:00+08:00,released,high,0.6892,2026-06-08T20:00:00+08:00
PP-0001497,WH-04,MAT-0042,6643,2025-09-14T08:00:00+08:00,2025-09-17T14:00:00+08:00,at_risk,high,0.574,2025-09-15T15:00:00+08:00
PP-0001498,WH-02,MAT-0153,12519,2025-10-05T13:00:00+08:00,2025-10-07T13:00:00+08:00,planned,high,0.7143,2025-10-05T13:00:00+08:00
PP-0001499,WH-04,MAT-0187,3972,2026-02-15T02:00:00+08:00,2026-02-17T17:00:00+08:00,completed,normal,0.554,2026-02-17T02:00:00+08:00
PP-0001500,WH-02,MAT-0231,11575,2025-09-06T09:00:00+08:00,2025-09-08T16:00:00+08:00,at_risk,normal,0.8402,2025-09-06T20:00:00+08:00
PP-0001501,WH-02,MAT-0207,15465,2025-11-03T20:00:00+08:00,2025-11-08T09:00:00+08:00,completed,high,0.6649,2025-11-04T10:00:00+08:00
PP-0001502,WH-04,MAT-0239,1820,2026-04-10T05:00:00+08:00,2026-04-12T10:00:00+08:00,at_risk,high,0.7548,2026-04-12T03:00:00+08:00
PP-0001503,WH-02,MAT-0031,7484,2025-11-27T19:00:00+08:00,2025-11-29T17:00:00+08:00,released,high,0.9491,2025-11-29T10:00:00+08:00
PP-0001504,WH-02,MAT-0014,5833,2025-10-16T11:00:00+08:00,2025-10-19T20:00:00+08:00,released,normal,0.8399,2025-10-16T16:00:00+08:00
PP-0001505,WH-02,MAT-0124,11957,2026-03-12T18:00:00+08:00,2026-03-16T22:00:00+08:00,at_risk,urgent,0.6918,2026-03-13T05:00:00+08:00
PP-0001506,WH-02,MAT-0222,17952,2026-06-30T10:00:00+08:00,2026-06-30T18:00:00+08:00,completed,normal,0.8522,2026-06-15T08:00:00+08:00
PP-0001507,WH-04,MAT-0037,2429,2026-04-23T21:00:00+08:00,2026-04-26T19:00:00+08:00,planned,urgent,0.8619,2026-04-25T01:00:00+08:00
PP-0001508,WH-04,MAT-0038,2848,2025-11-01T13:00:00+08:00,2025-11-06T11:00:00+08:00,released,high,0.7499,2025-11-02T15:00:00+08:00
PP-0001509,WH-04,MAT-0222,19672,2026-05-16T17:00:00+08:00,2026-05-21T08:00:00+08:00,at_risk,normal,0.8423,2026-05-17T08:00:00+08:00
PP-0001510,WH-02,MAT-0027,7716,2025-08-17T12:00:00+08:00,2025-08-20T09:00:00+08:00,completed,high,0.7912,2025-08-17T17:00:00+08:00
PP-0001511,WH-04,MAT-0135,8886,2025-07-21T06:00:00+08:00,2025-07-24T21:00:00+08:00,at_risk,normal,0.9835,2025-07-22T00:00:00+08:00
PP-0001512,WH-02,MAT-0113,1883,2025-09-05T12:00:00+08:00,2025-09-06T03:00:00+08:00,at_risk,normal,0.9518,2025-09-05T16:00:00+08:00
PP-0001513,WH-02,MAT-0082,7830,2025-12-14T03:00:00+08:00,2025-12-17T01:00:00+08:00,planned,normal,0.9388,2025-12-16T03:00:00+08:00
PP-0001514,WH-04,MAT-0215,10882,2026-03-09T05:00:00+08:00,2026-03-14T01:00:00+08:00,completed,normal,0.8682,2026-03-11T05:00:00+08:00
PP-0001515,WH-04,MAT-0014,1779,2025-12-02T10:00:00+08:00,2025-12-05T16:00:00+08:00,completed,normal,0.5647,2025-12-03T20:00:00+08:00
PP-0001516,WH-04,MAT-0053,11400,2026-06-17T00:00:00+08:00,2026-06-17T23:00:00+08:00,completed,normal,0.7656,2026-06-15T08:00:00+08:00
PP-0001517,WH-02,MAT-0130,2392,2026-06-12T14:00:00+08:00,2026-06-17T14:00:00+08:00,released,high,0.956,2026-06-14T03:00:00+08:00
PP-0001518,WH-02,MAT-0168,17768,2026-05-18T11:00:00+08:00,2026-05-20T22:00:00+08:00,planned,normal,0.9446,2026-05-18T15:00:00+08:00
PP-0001519,WH-02,MAT-0181,2137,2026-05-17T21:00:00+08:00,2026-05-22T20:00:00+08:00,completed,high,0.9546,2026-05-19T15:00:00+08:00
PP-0001520,WH-02,MAT-0108,4507,2026-05-01T16:00:00+08:00,2026-05-02T17:00:00+08:00,completed,normal,0.6251,2026-05-01T18:00:00+08:00
PP-0001521,WH-04,MAT-0187,3690,2025-12-25T22:00:00+08:00,2025-12-30T00:00:00+08:00,completed,normal,0.6068,2025-12-27T13:00:00+08:00
PP-0001522,WH-02,MAT-0221,15118,2025-08-16T16:00:00+08:00,2025-08-17T08:00:00+08:00,at_risk,normal,0.7874,2025-08-16T20:00:00+08:00
PP-0001523,WH-02,MAT-0014,6710,2025-11-05T23:00:00+08:00,2025-11-06T23:00:00+08:00,released,high,0.9527,2025-11-07T14:00:00+08:00
PP-0001524,WH-02,MAT-0100,19241,2026-03-24T19:00:00+08:00,2026-03-27T15:00:00+08:00,completed,urgent,0.7214,2026-03-25T11:00:00+08:00
PP-0001525,WH-02,MAT-0034,9031,2026-07-10T09:00:00+08:00,2026-07-11T04:00:00+08:00,completed,high,0.8031,2026-06-15T08:00:00+08:00
PP-0001526,WH-02,MAT-0003,1453,2025-11-06T12:00:00+08:00,2025-11-08T22:00:00+08:00,at_risk,high,0.7688,2025-11-08T09:00:00+08:00
PP-0001527,WH-04,MAT-0126,5009,2026-04-11T19:00:00+08:00,2026-04-12T14:00:00+08:00,completed,normal,0.6412,2026-04-12T14:00:00+08:00
PP-0001528,WH-02,MAT-0206,18344,2026-05-03T23:00:00+08:00,2026-05-05T06:00:00+08:00,completed,high,0.7331,2026-05-04T07:00:00+08:00
PP-0001529,WH-04,MAT-0071,9181,2025-11-20T15:00:00+08:00,2025-11-22T10:00:00+08:00,paused,normal,0.9922,2025-11-22T14:00:00+08:00
PP-0001530,WH-02,MAT-0197,14762,2025-08-18T05:00:00+08:00,2025-08-20T09:00:00+08:00,at_risk,urgent,0.8025,2025-08-18T12:00:00+08:00
PP-0001531,WH-04,MAT-0046,9711,2026-04-22T10:00:00+08:00,2026-04-24T22:00:00+08:00,planned,urgent,0.9815,2026-04-24T07:00:00+08:00
PP-0001532,WH-02,MAT-0161,2847,2026-04-18T02:00:00+08:00,2026-04-18T17:00:00+08:00,completed,urgent,0.7465,2026-04-18T22:00:00+08:00
PP-0001533,WH-04,MAT-0233,18265,2026-03-11T00:00:00+08:00,2026-03-12T08:00:00+08:00,released,high,0.8494,2026-03-13T00:00:00+08:00
PP-0001534,WH-02,MAT-0230,12195,2026-02-23T03:00:00+08:00,2026-02-25T06:00:00+08:00,at_risk,normal,0.6969,2026-02-24T16:00:00+08:00
PP-0001535,WH-02,MAT-0121,17609,2025-08-28T15:00:00+08:00,2025-08-29T04:00:00+08:00,planned,normal,0.9042,2025-08-28T23:00:00+08:00
PP-0001536,WH-02,MAT-0212,10281,2026-01-31T21:00:00+08:00,2026-02-02T09:00:00+08:00,completed,normal,0.9947,2026-02-02T07:00:00+08:00
PP-0001537,WH-04,MAT-0175,17572,2026-06-14T08:00:00+08:00,2026-06-18T22:00:00+08:00,completed,high,0.9406,2026-06-14T11:00:00+08:00
PP-0001538,WH-02,MAT-0150,2761,2025-07-11T16:00:00+08:00,2025-07-13T16:00:00+08:00,released,normal,0.8881,2025-07-13T08:00:00+08:00
PP-0001539,WH-04,MAT-0052,960,2026-05-15T09:00:00+08:00,2026-05-17T06:00:00+08:00,completed,normal,0.964,2026-05-16T11:00:00+08:00
PP-0001540,WH-04,MAT-0160,16546,2026-07-01T07:00:00+08:00,2026-07-03T05:00:00+08:00,completed,normal,0.556,2026-06-15T08:00:00+08:00
PP-0001541,WH-04,MAT-0132,12644,2025-09-24T19:00:00+08:00,2025-09-28T18:00:00+08:00,at_risk,normal,0.7287,2025-09-25T01:00:00+08:00
PP-0001542,WH-02,MAT-0087,6661,2026-01-07T15:00:00+08:00,2026-01-11T04:00:00+08:00,released,urgent,0.8683,2026-01-09T08:00:00+08:00
PP-0001543,WH-02,MAT-0021,16686,2026-05-22T18:00:00+08:00,2026-05-27T00:00:00+08:00,completed,normal,0.7775,2026-05-24T09:00:00+08:00
PP-0001544,WH-04,MAT-0219,19954,2026-02-01T20:00:00+08:00,2026-02-06T03:00:00+08:00,released,normal,0.8719,2026-02-01T23:00:00+08:00
PP-0001545,WH-04,MAT-0031,4289,2026-05-09T18:00:00+08:00,2026-05-10T07:00:00+08:00,planned,normal,0.8309,2026-05-09T18:00:00+08:00
PP-0001546,WH-04,MAT-0091,8442,2026-01-24T18:00:00+08:00,2026-01-26T06:00:00+08:00,completed,normal,0.8144,2026-01-26T02:00:00+08:00
PP-0001547,WH-04,MAT-0161,5058,2026-01-05T19:00:00+08:00,2026-01-06T05:00:00+08:00,completed,urgent,0.7436,2026-01-06T03:00:00+08:00
PP-0001548,WH-04,MAT-0014,12685,2025-10-23T02:00:00+08:00,2025-10-28T00:00:00+08:00,released,normal,0.7056,2025-10-25T00:00:00+08:00
PP-0001549,WH-04,MAT-0220,4408,2025-10-31T02:00:00+08:00,2025-11-02T12:00:00+08:00,released,urgent,0.649,2025-11-01T02:00:00+08:00
PP-0001550,WH-04,MAT-0238,6500,2026-01-25T10:00:00+08:00,2026-01-28T11:00:00+08:00,completed,normal,0.5907,2026-01-26T00:00:00+08:00
PP-0001551,WH-02,MAT-0097,9041,2025-11-24T01:00:00+08:00,2025-11-28T06:00:00+08:00,released,normal,0.8623,2025-11-25T02:00:00+08:00
PP-0001552,WH-02,MAT-0081,8965,2026-01-03T04:00:00+08:00,2026-01-04T00:00:00+08:00,released,normal,0.8861,2026-01-04T00:00:00+08:00
PP-0001553,WH-02,MAT-0132,5716,2025-09-12T10:00:00+08:00,2025-09-14T12:00:00+08:00,at_risk,normal,0.5915,2025-09-12T15:00:00+08:00
PP-0001554,WH-02,MAT-0004,15011,2026-03-27T09:00:00+08:00,2026-03-31T11:00:00+08:00,released,normal,0.8461,2026-03-27T19:00:00+08:00
PP-0001555,WH-04,MAT-0025,827,2026-05-30T14:00:00+08:00,2026-06-01T11:00:00+08:00,completed,normal,0.9605,2026-06-01T13:00:00+08:00
PP-0001556,WH-02,MAT-0229,19462,2026-03-30T08:00:00+08:00,2026-04-02T02:00:00+08:00,released,normal,0.7355,2026-03-30T12:00:00+08:00
PP-0001557,WH-04,MAT-0074,14135,2025-07-04T10:00:00+08:00,2025-07-06T07:00:00+08:00,released,normal,0.9574,2025-07-05T02:00:00+08:00
PP-0001558,WH-02,MAT-0033,10106,2025-06-18T08:00:00+08:00,2025-06-19T10:00:00+08:00,released,high,0.8178,2025-06-19T16:00:00+08:00
PP-0001559,WH-04,MAT-0074,6731,2025-11-26T13:00:00+08:00,2025-11-27T12:00:00+08:00,at_risk,normal,0.5682,2025-11-27T05:00:00+08:00
PP-0001560,WH-04,MAT-0009,9510,2026-02-24T01:00:00+08:00,2026-02-27T18:00:00+08:00,at_risk,urgent,0.9927,2026-02-25T04:00:00+08:00
PP-0001561,WH-04,MAT-0091,13927,2026-06-05T01:00:00+08:00,2026-06-06T14:00:00+08:00,released,high,0.9203,2026-06-05T21:00:00+08:00
PP-0001562,WH-04,MAT-0006,5436,2026-05-23T03:00:00+08:00,2026-05-26T00:00:00+08:00,planned,normal,0.8927,2026-05-23T15:00:00+08:00
PP-0001563,WH-02,MAT-0201,17179,2026-03-16T10:00:00+08:00,2026-03-19T06:00:00+08:00,completed,normal,0.585,2026-03-17T03:00:00+08:00
PP-0001564,WH-02,MAT-0174,8408,2026-05-29T13:00:00+08:00,2026-05-31T12:00:00+08:00,planned,normal,0.8313,2026-05-30T16:00:00+08:00
PP-0001565,WH-02,MAT-0107,10234,2026-02-15T02:00:00+08:00,2026-02-19T00:00:00+08:00,completed,normal,0.8068,2026-02-15T21:00:00+08:00
PP-0001566,WH-02,MAT-0086,11471,2025-09-26T20:00:00+08:00,2025-09-27T15:00:00+08:00,planned,normal,0.6405,2025-09-27T05:00:00+08:00
PP-0001567,WH-04,MAT-0023,14588,2025-08-24T17:00:00+08:00,2025-08-26T15:00:00+08:00,completed,urgent,0.8901,2025-08-25T12:00:00+08:00
PP-0001568,WH-02,MAT-0096,2880,2026-05-29T20:00:00+08:00,2026-06-02T11:00:00+08:00,completed,urgent,0.5518,2026-05-31T19:00:00+08:00
PP-0001569,WH-04,MAT-0130,13009,2026-02-18T11:00:00+08:00,2026-02-20T15:00:00+08:00,released,normal,0.9218,2026-02-19T13:00:00+08:00
PP-0001570,WH-02,MAT-0076,12591,2025-09-12T22:00:00+08:00,2025-09-17T00:00:00+08:00,completed,high,0.5747,2025-09-13T05:00:00+08:00
PP-0001571,WH-04,MAT-0128,6520,2025-08-04T13:00:00+08:00,2025-08-08T20:00:00+08:00,released,urgent,0.9302,2025-08-05T17:00:00+08:00
PP-0001572,WH-02,MAT-0031,15513,2026-05-24T16:00:00+08:00,2026-05-27T15:00:00+08:00,completed,normal,0.7358,2026-05-26T16:00:00+08:00
PP-0001573,WH-04,MAT-0089,7820,2025-12-20T00:00:00+08:00,2025-12-24T18:00:00+08:00,planned,high,0.9515,2025-12-20T22:00:00+08:00
PP-0001574,WH-04,MAT-0046,12684,2025-09-02T08:00:00+08:00,2025-09-05T20:00:00+08:00,planned,normal,0.723,2025-09-02T16:00:00+08:00
PP-0001575,WH-04,MAT-0044,15283,2026-05-22T16:00:00+08:00,2026-05-27T15:00:00+08:00,planned,high,0.9544,2026-05-24T13:00:00+08:00
PP-0001576,WH-02,MAT-0176,17670,2025-07-28T13:00:00+08:00,2025-08-01T19:00:00+08:00,planned,urgent,0.6983,2025-07-30T12:00:00+08:00
PP-0001577,WH-02,MAT-0102,9527,2026-01-10T01:00:00+08:00,2026-01-14T20:00:00+08:00,completed,normal,0.8016,2026-01-11T16:00:00+08:00
PP-0001578,WH-02,MAT-0184,8971,2026-04-14T20:00:00+08:00,2026-04-18T21:00:00+08:00,at_risk,high,0.797,2026-04-16T06:00:00+08:00
PP-0001579,WH-04,MAT-0053,10271,2026-05-10T02:00:00+08:00,2026-05-11T03:00:00+08:00,released,normal,0.6876,2026-05-11T10:00:00+08:00
PP-0001580,WH-02,MAT-0096,6541,2025-10-09T00:00:00+08:00,2025-10-12T11:00:00+08:00,completed,normal,0.828,2025-10-10T18:00:00+08:00
PP-0001581,WH-02,MAT-0198,11441,2025-07-29T13:00:00+08:00,2025-08-03T02:00:00+08:00,paused,normal,0.609,2025-07-31T02:00:00+08:00
PP-0001582,WH-04,MAT-0178,14993,2026-05-13T13:00:00+08:00,2026-05-17T17:00:00+08:00,planned,urgent,0.9585,2026-05-14T19:00:00+08:00
PP-0001583,WH-02,MAT-0158,2154,2025-10-08T07:00:00+08:00,2025-10-09T05:00:00+08:00,completed,normal,0.7282,2025-10-08T13:00:00+08:00
PP-0001584,WH-02,MAT-0212,12645,2025-09-20T07:00:00+08:00,2025-09-20T15:00:00+08:00,paused,normal,0.9171,2025-09-21T06:00:00+08:00
PP-0001585,WH-02,MAT-0173,11056,2026-04-15T05:00:00+08:00,2026-04-16T18:00:00+08:00,completed,high,0.7852,2026-04-15T14:00:00+08:00
PP-0001586,WH-04,MAT-0202,8762,2025-09-30T17:00:00+08:00,2025-10-03T11:00:00+08:00,completed,high,0.7743,2025-09-30T21:00:00+08:00
PP-0001587,WH-04,MAT-0034,15268,2025-11-26T21:00:00+08:00,2025-11-29T11:00:00+08:00,completed,high,0.717,2025-11-28T20:00:00+08:00
PP-0001588,WH-04,MAT-0040,15365,2026-05-25T12:00:00+08:00,2026-05-30T07:00:00+08:00,completed,normal,0.9621,2026-05-26T22:00:00+08:00
PP-0001589,WH-04,MAT-0186,13078,2026-06-25T06:00:00+08:00,2026-06-28T10:00:00+08:00,released,normal,0.8495,2026-06-15T08:00:00+08:00
PP-0001590,WH-04,MAT-0208,14245,2025-12-30T18:00:00+08:00,2026-01-03T00:00:00+08:00,completed,normal,0.9574,2025-12-31T03:00:00+08:00
PP-0001591,WH-04,MAT-0213,12157,2026-01-18T03:00:00+08:00,2026-01-22T22:00:00+08:00,released,normal,0.7233,2026-01-18T11:00:00+08:00
PP-0001592,WH-04,MAT-0147,1840,2025-11-21T14:00:00+08:00,2025-11-24T01:00:00+08:00,planned,normal,0.7325,2025-11-21T17:00:00+08:00
PP-0001593,WH-02,MAT-0066,8854,2025-12-15T15:00:00+08:00,2025-12-18T02:00:00+08:00,at_risk,high,0.5512,2025-12-16T10:00:00+08:00
PP-0001594,WH-02,MAT-0024,5386,2026-05-01T02:00:00+08:00,2026-05-05T15:00:00+08:00,completed,urgent,0.5661,2026-05-01T02:00:00+08:00
PP-0001595,WH-02,MAT-0211,7418,2025-08-30T05:00:00+08:00,2025-08-30T15:00:00+08:00,completed,normal,0.5854,2025-08-30T19:00:00+08:00
PP-0001596,WH-04,MAT-0154,4375,2025-12-26T17:00:00+08:00,2025-12-29T15:00:00+08:00,paused,normal,0.7208,2025-12-27T05:00:00+08:00
PP-0001597,WH-04,MAT-0225,1838,2025-07-20T07:00:00+08:00,2025-07-21T20:00:00+08:00,planned,high,0.9885,2025-07-21T13:00:00+08:00
PP-0001598,WH-04,MAT-0093,4608,2025-10-11T13:00:00+08:00,2025-10-14T03:00:00+08:00,completed,normal,0.7997,2025-10-12T21:00:00+08:00
PP-0001599,WH-04,MAT-0139,3391,2026-01-27T18:00:00+08:00,2026-02-01T01:00:00+08:00,released,normal,0.6623,2026-01-28T06:00:00+08:00
PP-0001600,WH-02,MAT-0030,6384,2026-06-07T06:00:00+08:00,2026-06-08T23:00:00+08:00,completed,high,0.7069,2026-06-09T06:00:00+08:00
PP-0001601,WH-02,MAT-0012,8523,2026-04-06T17:00:00+08:00,2026-04-10T21:00:00+08:00,completed,high,0.59,2026-04-06T22:00:00+08:00
PP-0001602,WH-04,MAT-0081,1595,2026-05-08T14:00:00+08:00,2026-05-10T18:00:00+08:00,completed,high,0.8365,2026-05-09T10:00:00+08:00
PP-0001603,WH-04,MAT-0121,9582,2026-01-01T17:00:00+08:00,2026-01-05T22:00:00+08:00,released,normal,0.7154,2026-01-01T18:00:00+08:00
PP-0001604,WH-02,MAT-0131,5807,2025-07-05T05:00:00+08:00,2025-07-08T18:00:00+08:00,completed,normal,0.6582,2025-07-05T21:00:00+08:00
PP-0001605,WH-04,MAT-0072,9695,2025-09-05T08:00:00+08:00,2025-09-07T05:00:00+08:00,planned,normal,0.5905,2025-09-06T20:00:00+08:00
PP-0001606,WH-02,MAT-0118,12394,2025-11-07T23:00:00+08:00,2025-11-09T23:00:00+08:00,at_risk,normal,0.7973,2025-11-09T00:00:00+08:00
PP-0001607,WH-02,MAT-0172,17158,2026-01-03T01:00:00+08:00,2026-01-03T13:00:00+08:00,completed,normal,0.9303,2026-01-03T23:00:00+08:00
PP-0001608,WH-04,MAT-0013,14602,2025-09-14T21:00:00+08:00,2025-09-19T08:00:00+08:00,planned,high,0.9763,2025-09-16T19:00:00+08:00
PP-0001609,WH-02,MAT-0190,1333,2025-07-28T23:00:00+08:00,2025-07-31T01:00:00+08:00,planned,normal,0.9595,2025-07-30T07:00:00+08:00
PP-0001610,WH-04,MAT-0194,5968,2025-07-31T12:00:00+08:00,2025-08-01T06:00:00+08:00,planned,normal,0.8957,2025-08-02T04:00:00+08:00
PP-0001611,WH-04,MAT-0195,5412,2025-09-18T15:00:00+08:00,2025-09-20T00:00:00+08:00,released,normal,0.9591,2025-09-18T22:00:00+08:00
PP-0001612,WH-02,MAT-0163,15386,2025-09-29T09:00:00+08:00,2025-10-02T01:00:00+08:00,at_risk,high,0.552,2025-10-01T03:00:00+08:00
PP-0001613,WH-02,MAT-0126,10887,2026-06-07T04:00:00+08:00,2026-06-10T13:00:00+08:00,completed,urgent,0.9083,2026-06-09T04:00:00+08:00
PP-0001614,WH-02,MAT-0013,17815,2026-03-14T00:00:00+08:00,2026-03-16T01:00:00+08:00,at_risk,high,0.6806,2026-03-15T16:00:00+08:00
PP-0001615,WH-02,MAT-0021,11324,2025-09-03T11:00:00+08:00,2025-09-04T19:00:00+08:00,released,normal,0.9222,2025-09-03T19:00:00+08:00
PP-0001616,WH-02,MAT-0232,18287,2025-11-26T02:00:00+08:00,2025-11-30T18:00:00+08:00,at_risk,normal,0.6149,2025-11-27T04:00:00+08:00
PP-0001617,WH-02,MAT-0233,19057,2026-01-14T19:00:00+08:00,2026-01-17T15:00:00+08:00,planned,high,0.6013,2026-01-16T14:00:00+08:00
PP-0001618,WH-04,MAT-0112,7690,2026-02-13T00:00:00+08:00,2026-02-16T06:00:00+08:00,completed,urgent,0.6116,2026-02-13T15:00:00+08:00
PP-0001619,WH-02,MAT-0181,4449,2026-04-02T07:00:00+08:00,2026-04-02T16:00:00+08:00,completed,normal,0.8883,2026-04-02T17:00:00+08:00
PP-0001620,WH-02,MAT-0230,770,2025-10-15T04:00:00+08:00,2025-10-18T19:00:00+08:00,released,normal,0.6957,2025-10-16T21:00:00+08:00
PP-0001621,WH-02,MAT-0152,4428,2026-06-11T11:00:00+08:00,2026-06-13T17:00:00+08:00,completed,high,0.9041,2026-06-12T07:00:00+08:00
PP-0001622,WH-02,MAT-0119,9796,2025-08-28T04:00:00+08:00,2025-08-30T20:00:00+08:00,released,normal,0.9473,2025-08-30T01:00:00+08:00
PP-0001623,WH-04,MAT-0186,4496,2025-10-10T14:00:00+08:00,2025-10-15T02:00:00+08:00,released,normal,0.9126,2025-10-11T19:00:00+08:00
PP-0001624,WH-04,MAT-0046,4886,2025-06-19T03:00:00+08:00,2025-06-23T20:00:00+08:00,completed,normal,0.634,2025-06-20T08:00:00+08:00
PP-0001625,WH-02,MAT-0131,1433,2025-08-13T23:00:00+08:00,2025-08-18T10:00:00+08:00,at_risk,normal,0.9479,2025-08-15T01:00:00+08:00
PP-0001626,WH-02,MAT-0191,2438,2025-09-11T22:00:00+08:00,2025-09-12T11:00:00+08:00,completed,high,0.7996,2025-09-13T11:00:00+08:00
PP-0001627,WH-04,MAT-0181,3049,2025-12-22T16:00:00+08:00,2025-12-27T05:00:00+08:00,completed,high,0.9965,2025-12-24T04:00:00+08:00
PP-0001628,WH-04,MAT-0096,12153,2025-08-11T22:00:00+08:00,2025-08-15T18:00:00+08:00,planned,normal,0.6515,2025-08-13T08:00:00+08:00
PP-0001629,WH-04,MAT-0090,2472,2025-09-10T01:00:00+08:00,2025-09-12T10:00:00+08:00,paused,normal,0.9212,2025-09-10T20:00:00+08:00
PP-0001630,WH-02,MAT-0088,18431,2026-05-13T02:00:00+08:00,2026-05-16T22:00:00+08:00,completed,normal,0.8526,2026-05-13T20:00:00+08:00
PP-0001631,WH-04,MAT-0203,10915,2026-06-17T10:00:00+08:00,2026-06-19T18:00:00+08:00,released,normal,0.6646,2026-06-15T08:00:00+08:00
PP-0001632,WH-04,MAT-0212,11336,2026-05-04T23:00:00+08:00,2026-05-08T08:00:00+08:00,planned,normal,0.8968,2026-05-06T12:00:00+08:00
PP-0001633,WH-02,MAT-0168,14744,2025-12-08T17:00:00+08:00,2025-12-11T06:00:00+08:00,released,normal,0.6428,2025-12-10T17:00:00+08:00
PP-0001634,WH-02,MAT-0188,3968,2026-05-21T07:00:00+08:00,2026-05-23T18:00:00+08:00,planned,high,0.8745,2026-05-21T19:00:00+08:00
PP-0001635,WH-02,MAT-0193,2201,2026-05-09T13:00:00+08:00,2026-05-10T09:00:00+08:00,completed,normal,0.6159,2026-05-10T02:00:00+08:00
PP-0001636,WH-02,MAT-0187,11607,2025-10-11T16:00:00+08:00,2025-10-13T16:00:00+08:00,paused,normal,0.855,2025-10-12T13:00:00+08:00
PP-0001637,WH-02,MAT-0049,2129,2025-12-15T11:00:00+08:00,2025-12-20T08:00:00+08:00,completed,high,0.9337,2025-12-16T13:00:00+08:00
PP-0001638,WH-04,MAT-0166,8696,2026-01-06T15:00:00+08:00,2026-01-07T20:00:00+08:00,completed,normal,0.8864,2026-01-07T14:00:00+08:00
PP-0001639,WH-04,MAT-0021,5141,2026-03-14T04:00:00+08:00,2026-03-19T03:00:00+08:00,at_risk,normal,0.6687,2026-03-14T07:00:00+08:00
PP-0001640,WH-02,MAT-0042,15340,2026-05-08T18:00:00+08:00,2026-05-12T12:00:00+08:00,completed,normal,0.6478,2026-05-09T14:00:00+08:00
PP-0001641,WH-04,MAT-0138,5643,2025-10-02T21:00:00+08:00,2025-10-07T09:00:00+08:00,released,normal,0.7882,2025-10-03T16:00:00+08:00
PP-0001642,WH-04,MAT-0183,9621,2026-05-28T17:00:00+08:00,2026-06-01T08:00:00+08:00,at_risk,normal,0.7835,2026-05-30T00:00:00+08:00
PP-0001643,WH-04,MAT-0095,16105,2025-09-21T17:00:00+08:00,2025-09-24T20:00:00+08:00,completed,high,0.7662,2025-09-22T13:00:00+08:00
PP-0001644,WH-04,MAT-0003,9984,2025-07-23T10:00:00+08:00,2025-07-25T03:00:00+08:00,completed,normal,0.7586,2025-07-24T06:00:00+08:00
PP-0001645,WH-04,MAT-0177,17155,2025-07-21T10:00:00+08:00,2025-07-24T08:00:00+08:00,released,normal,0.7966,2025-07-22T10:00:00+08:00
PP-0001646,WH-04,MAT-0075,19485,2025-07-15T04:00:00+08:00,2025-07-16T16:00:00+08:00,completed,normal,0.9059,2025-07-17T00:00:00+08:00
PP-0001647,WH-02,MAT-0109,6208,2026-04-27T04:00:00+08:00,2026-04-28T22:00:00+08:00,completed,urgent,0.6424,2026-04-28T09:00:00+08:00
PP-0001648,WH-02,MAT-0091,4904,2025-06-17T12:00:00+08:00,2025-06-20T23:00:00+08:00,completed,normal,0.6955,2025-06-19T08:00:00+08:00
PP-0001649,WH-02,MAT-0131,9715,2026-02-23T18:00:00+08:00,2026-02-26T10:00:00+08:00,completed,high,0.916,2026-02-24T19:00:00+08:00
PP-0001650,WH-02,MAT-0086,11309,2025-08-13T09:00:00+08:00,2025-08-15T09:00:00+08:00,completed,normal,0.6537,2025-08-15T00:00:00+08:00
PP-0001651,WH-04,MAT-0082,3577,2025-07-22T08:00:00+08:00,2025-07-26T04:00:00+08:00,planned,high,0.7539,2025-07-23T11:00:00+08:00
PP-0001652,WH-04,MAT-0195,14260,2025-11-15T22:00:00+08:00,2025-11-19T15:00:00+08:00,released,normal,0.9804,2025-11-17T16:00:00+08:00
PP-0001653,WH-02,MAT-0063,5658,2026-01-29T00:00:00+08:00,2026-01-30T22:00:00+08:00,completed,high,0.7974,2026-01-29T19:00:00+08:00
PP-0001654,WH-04,MAT-0012,19555,2025-11-27T15:00:00+08:00,2025-12-01T13:00:00+08:00,completed,urgent,0.8694,2025-11-28T08:00:00+08:00
PP-0001655,WH-04,MAT-0100,6231,2026-03-13T03:00:00+08:00,2026-03-17T22:00:00+08:00,planned,urgent,0.6543,2026-03-13T14:00:00+08:00
PP-0001656,WH-02,MAT-0232,15592,2025-10-04T11:00:00+08:00,2025-10-08T00:00:00+08:00,planned,normal,0.7288,2025-10-04T12:00:00+08:00
PP-0001657,WH-02,MAT-0216,10260,2026-01-02T20:00:00+08:00,2026-01-07T07:00:00+08:00,released,urgent,0.8298,2026-01-04T05:00:00+08:00
PP-0001658,WH-02,MAT-0161,17617,2026-03-09T07:00:00+08:00,2026-03-12T14:00:00+08:00,released,high,0.8669,2026-03-09T11:00:00+08:00
PP-0001659,WH-04,MAT-0221,9687,2025-06-21T01:00:00+08:00,2025-06-21T13:00:00+08:00,released,normal,0.9612,2025-06-22T09:00:00+08:00
PP-0001660,WH-02,MAT-0034,13327,2026-04-22T08:00:00+08:00,2026-04-24T17:00:00+08:00,completed,high,0.6918,2026-04-22T10:00:00+08:00
PP-0001661,WH-04,MAT-0127,6739,2026-07-16T10:00:00+08:00,2026-07-20T20:00:00+08:00,planned,urgent,0.5668,2026-06-15T08:00:00+08:00
PP-0001662,WH-04,MAT-0036,4056,2025-07-12T12:00:00+08:00,2025-07-16T00:00:00+08:00,completed,high,0.675,2025-07-12T17:00:00+08:00
PP-0001663,WH-04,MAT-0112,5580,2026-07-03T12:00:00+08:00,2026-07-04T21:00:00+08:00,planned,normal,0.9528,2026-06-15T08:00:00+08:00
PP-0001664,WH-04,MAT-0210,3716,2025-07-29T13:00:00+08:00,2025-08-03T05:00:00+08:00,planned,normal,0.9585,2025-07-31T13:00:00+08:00
PP-0001665,WH-04,MAT-0076,6169,2026-03-18T07:00:00+08:00,2026-03-19T17:00:00+08:00,completed,normal,0.8328,2026-03-19T19:00:00+08:00
PP-0001666,WH-04,MAT-0190,8790,2026-06-12T04:00:00+08:00,2026-06-16T01:00:00+08:00,planned,normal,0.6879,2026-06-13T10:00:00+08:00
PP-0001667,WH-02,MAT-0201,16021,2025-08-01T08:00:00+08:00,2025-08-05T00:00:00+08:00,paused,normal,0.7838,2025-08-03T00:00:00+08:00
PP-0001668,WH-04,MAT-0011,7222,2025-12-03T23:00:00+08:00,2025-12-04T20:00:00+08:00,completed,urgent,0.9078,2025-12-04T20:00:00+08:00
PP-0001669,WH-02,MAT-0098,16022,2025-08-21T03:00:00+08:00,2025-08-22T14:00:00+08:00,completed,normal,0.6399,2025-08-22T09:00:00+08:00
PP-0001670,WH-04,MAT-0013,11748,2025-11-28T21:00:00+08:00,2025-12-03T15:00:00+08:00,planned,normal,0.578,2025-11-29T01:00:00+08:00
PP-0001671,WH-04,MAT-0130,16800,2026-03-22T15:00:00+08:00,2026-03-27T05:00:00+08:00,at_risk,normal,0.649,2026-03-24T06:00:00+08:00
PP-0001672,WH-02,MAT-0040,11112,2025-10-20T21:00:00+08:00,2025-10-22T01:00:00+08:00,completed,high,0.9445,2025-10-22T07:00:00+08:00
PP-0001673,WH-04,MAT-0015,19363,2025-06-28T11:00:00+08:00,2025-07-03T08:00:00+08:00,completed,urgent,0.9182,2025-06-28T16:00:00+08:00
PP-0001674,WH-02,MAT-0196,3310,2026-06-10T21:00:00+08:00,2026-06-14T13:00:00+08:00,released,normal,0.8666,2026-06-12T21:00:00+08:00
PP-0001675,WH-04,MAT-0176,3682,2026-03-03T00:00:00+08:00,2026-03-04T16:00:00+08:00,released,high,0.8003,2026-03-04T19:00:00+08:00
PP-0001676,WH-04,MAT-0145,15844,2025-08-11T06:00:00+08:00,2025-08-14T23:00:00+08:00,planned,normal,0.9298,2025-08-12T11:00:00+08:00
PP-0001677,WH-04,MAT-0164,16938,2025-06-29T19:00:00+08:00,2025-07-03T03:00:00+08:00,completed,urgent,0.8083,2025-07-01T04:00:00+08:00
PP-0001678,WH-02,MAT-0037,12598,2025-06-16T04:00:00+08:00,2025-06-19T15:00:00+08:00,at_risk,urgent,0.5665,2025-06-17T04:00:00+08:00
PP-0001679,WH-04,MAT-0033,11269,2026-07-10T00:00:00+08:00,2026-07-14T07:00:00+08:00,planned,high,0.73,2026-06-15T08:00:00+08:00
PP-0001680,WH-02,MAT-0216,10137,2026-03-18T19:00:00+08:00,2026-03-23T07:00:00+08:00,completed,urgent,0.8977,2026-03-18T23:00:00+08:00
PP-0001681,WH-02,MAT-0037,4739,2025-11-18T00:00:00+08:00,2025-11-21T10:00:00+08:00,planned,high,0.6747,2025-11-18T00:00:00+08:00
PP-0001682,WH-02,MAT-0139,18761,2026-02-10T03:00:00+08:00,2026-02-13T10:00:00+08:00,released,high,0.9489,2026-02-10T21:00:00+08:00
PP-0001683,WH-04,MAT-0067,5126,2025-12-13T21:00:00+08:00,2025-12-18T11:00:00+08:00,at_risk,normal,0.8795,2025-12-14T16:00:00+08:00
PP-0001684,WH-02,MAT-0152,1564,2025-08-12T01:00:00+08:00,2025-08-12T14:00:00+08:00,planned,normal,0.8964,2025-08-13T14:00:00+08:00
PP-0001685,WH-04,MAT-0153,7808,2026-07-10T13:00:00+08:00,2026-07-11T07:00:00+08:00,released,normal,0.839,2026-06-15T08:00:00+08:00
PP-0001686,WH-04,MAT-0204,13749,2025-09-02T08:00:00+08:00,2025-09-04T01:00:00+08:00,at_risk,normal,0.966,2025-09-04T06:00:00+08:00
PP-0001687,WH-04,MAT-0028,14178,2025-09-13T00:00:00+08:00,2025-09-17T11:00:00+08:00,completed,normal,0.9718,2025-09-14T15:00:00+08:00
PP-0001688,WH-04,MAT-0111,13613,2026-02-13T00:00:00+08:00,2026-02-14T12:00:00+08:00,completed,high,0.9802,2026-02-14T15:00:00+08:00
PP-0001689,WH-04,MAT-0183,1740,2025-10-16T00:00:00+08:00,2025-10-20T14:00:00+08:00,completed,high,0.9596,2025-10-17T10:00:00+08:00
PP-0001690,WH-04,MAT-0187,11028,2025-11-02T07:00:00+08:00,2025-11-03T16:00:00+08:00,planned,high,0.8029,2025-11-04T01:00:00+08:00
PP-0001691,WH-04,MAT-0105,6055,2026-06-21T05:00:00+08:00,2026-06-25T14:00:00+08:00,released,high,0.8153,2026-06-15T08:00:00+08:00
PP-0001692,WH-04,MAT-0179,2690,2026-04-23T18:00:00+08:00,2026-04-28T04:00:00+08:00,released,urgent,0.9823,2026-04-24T05:00:00+08:00
PP-0001693,WH-04,MAT-0037,16940,2025-10-06T18:00:00+08:00,2025-10-11T10:00:00+08:00,paused,normal,0.8584,2025-10-08T17:00:00+08:00
PP-0001694,WH-04,MAT-0198,13342,2025-11-03T14:00:00+08:00,2025-11-05T08:00:00+08:00,planned,high,0.9328,2025-11-03T17:00:00+08:00
PP-0001695,WH-04,MAT-0186,13788,2026-02-06T10:00:00+08:00,2026-02-11T09:00:00+08:00,completed,high,0.9705,2026-02-08T04:00:00+08:00
PP-0001696,WH-02,MAT-0056,7464,2026-01-08T20:00:00+08:00,2026-01-09T21:00:00+08:00,completed,high,0.8524,2026-01-10T16:00:00+08:00
PP-0001697,WH-04,MAT-0069,12044,2026-07-16T06:00:00+08:00,2026-07-20T05:00:00+08:00,at_risk,normal,0.6238,2026-06-15T08:00:00+08:00
PP-0001698,WH-02,MAT-0042,1646,2025-12-10T00:00:00+08:00,2025-12-11T19:00:00+08:00,completed,high,0.9817,2025-12-11T21:00:00+08:00
PP-0001699,WH-04,MAT-0199,13328,2025-11-21T14:00:00+08:00,2025-11-23T19:00:00+08:00,completed,normal,0.9997,2025-11-21T17:00:00+08:00
PP-0001700,WH-02,MAT-0065,17717,2026-02-04T09:00:00+08:00,2026-02-07T18:00:00+08:00,completed,normal,0.8274,2026-02-04T16:00:00+08:00
PP-0001701,WH-04,MAT-0002,16410,2026-03-16T02:00:00+08:00,2026-03-20T01:00:00+08:00,completed,high,0.6053,2026-03-16T18:00:00+08:00
PP-0001702,WH-04,MAT-0204,2772,2026-04-10T04:00:00+08:00,2026-04-13T18:00:00+08:00,completed,normal,0.5685,2026-04-10T22:00:00+08:00
PP-0001703,WH-02,MAT-0026,13143,2026-05-05T01:00:00+08:00,2026-05-09T18:00:00+08:00,completed,urgent,0.9278,2026-05-05T14:00:00+08:00
PP-0001704,WH-02,MAT-0129,17887,2026-02-24T10:00:00+08:00,2026-02-27T22:00:00+08:00,at_risk,high,0.84,2026-02-25T06:00:00+08:00
PP-0001705,WH-04,MAT-0034,9238,2026-03-24T00:00:00+08:00,2026-03-26T17:00:00+08:00,completed,normal,0.7797,2026-03-25T02:00:00+08:00
PP-0001706,WH-02,MAT-0126,7791,2026-02-04T02:00:00+08:00,2026-02-07T02:00:00+08:00,at_risk,normal,0.8934,2026-02-04T23:00:00+08:00
PP-0001707,WH-04,MAT-0226,3765,2026-04-26T18:00:00+08:00,2026-04-27T07:00:00+08:00,completed,normal,0.767,2026-04-27T05:00:00+08:00
PP-0001708,WH-02,MAT-0134,225,2025-07-04T12:00:00+08:00,2025-07-08T19:00:00+08:00,released,high,0.6572,2025-07-05T08:00:00+08:00
PP-0001709,WH-04,MAT-0202,10671,2025-08-18T17:00:00+08:00,2025-08-22T12:00:00+08:00,planned,normal,0.94,2025-08-20T15:00:00+08:00
PP-0001710,WH-04,MAT-0185,18782,2026-06-21T06:00:00+08:00,2026-06-21T23:00:00+08:00,completed,high,0.8074,2026-06-15T08:00:00+08:00
PP-0001711,WH-04,MAT-0091,12052,2025-08-10T05:00:00+08:00,2025-08-11T05:00:00+08:00,completed,normal,0.8614,2025-08-11T15:00:00+08:00
PP-0001712,WH-02,MAT-0070,9969,2026-07-11T13:00:00+08:00,2026-07-14T08:00:00+08:00,completed,normal,0.7363,2026-06-15T08:00:00+08:00
PP-0001713,WH-02,MAT-0077,2266,2025-10-25T22:00:00+08:00,2025-10-29T07:00:00+08:00,completed,normal,0.6575,2025-10-26T04:00:00+08:00
PP-0001714,WH-02,MAT-0083,1700,2026-07-17T15:00:00+08:00,2026-07-22T03:00:00+08:00,released,normal,0.9739,2026-06-15T08:00:00+08:00
PP-0001715,WH-02,MAT-0203,4833,2026-01-13T10:00:00+08:00,2026-01-13T20:00:00+08:00,released,normal,0.8759,2026-01-15T05:00:00+08:00
PP-0001716,WH-04,MAT-0015,10381,2026-03-17T13:00:00+08:00,2026-03-18T14:00:00+08:00,completed,normal,0.7225,2026-03-18T03:00:00+08:00
PP-0001717,WH-02,MAT-0076,16716,2026-06-09T07:00:00+08:00,2026-06-13T04:00:00+08:00,released,normal,0.9848,2026-06-09T22:00:00+08:00
PP-0001718,WH-02,MAT-0203,18786,2026-03-10T17:00:00+08:00,2026-03-11T01:00:00+08:00,completed,urgent,0.8587,2026-03-12T07:00:00+08:00
PP-0001719,WH-04,MAT-0234,1592,2026-06-22T21:00:00+08:00,2026-06-24T07:00:00+08:00,paused,normal,0.898,2026-06-15T08:00:00+08:00
PP-0001720,WH-04,MAT-0025,4414,2025-08-15T06:00:00+08:00,2025-08-19T16:00:00+08:00,released,normal,0.9297,2025-08-16T03:00:00+08:00
PP-0001721,WH-04,MAT-0086,12775,2025-11-27T14:00:00+08:00,2025-11-29T05:00:00+08:00,completed,high,0.6725,2025-11-27T15:00:00+08:00
PP-0001722,WH-02,MAT-0112,15608,2026-04-13T12:00:00+08:00,2026-04-15T02:00:00+08:00,released,normal,0.6574,2026-04-15T04:00:00+08:00
PP-0001723,WH-04,MAT-0073,19946,2025-08-01T12:00:00+08:00,2025-08-04T10:00:00+08:00,at_risk,normal,0.6463,2025-08-02T23:00:00+08:00
PP-0001724,WH-04,MAT-0160,11522,2025-07-18T02:00:00+08:00,2025-07-22T13:00:00+08:00,planned,normal,0.7471,2025-07-19T20:00:00+08:00
PP-0001725,WH-04,MAT-0079,14630,2025-11-07T01:00:00+08:00,2025-11-10T09:00:00+08:00,released,normal,0.6751,2025-11-07T18:00:00+08:00
PP-0001726,WH-02,MAT-0152,3984,2025-12-28T19:00:00+08:00,2025-12-31T17:00:00+08:00,released,normal,0.8805,2025-12-29T05:00:00+08:00
PP-0001727,WH-02,MAT-0122,7896,2026-01-19T03:00:00+08:00,2026-01-23T12:00:00+08:00,completed,normal,0.6712,2026-01-19T11:00:00+08:00
PP-0001728,WH-04,MAT-0135,11091,2026-02-20T10:00:00+08:00,2026-02-20T21:00:00+08:00,completed,high,0.9766,2026-02-21T20:00:00+08:00
PP-0001729,WH-02,MAT-0213,1245,2025-07-22T16:00:00+08:00,2025-07-26T04:00:00+08:00,released,normal,0.6983,2025-07-22T22:00:00+08:00
PP-0001730,WH-04,MAT-0039,13581,2025-11-27T07:00:00+08:00,2025-11-28T07:00:00+08:00,completed,normal,0.5665,2025-11-27T17:00:00+08:00
PP-0001731,WH-02,MAT-0195,5903,2025-08-13T10:00:00+08:00,2025-08-16T18:00:00+08:00,planned,normal,0.6503,2025-08-14T01:00:00+08:00
PP-0001732,WH-04,MAT-0113,6650,2025-09-12T08:00:00+08:00,2025-09-14T02:00:00+08:00,released,high,0.8727,2025-09-14T03:00:00+08:00
PP-0001733,WH-04,MAT-0175,12615,2026-05-20T22:00:00+08:00,2026-05-23T22:00:00+08:00,completed,normal,0.6485,2026-05-22T16:00:00+08:00
PP-0001734,WH-02,MAT-0067,8623,2025-10-30T02:00:00+08:00,2025-11-03T15:00:00+08:00,completed,normal,0.8974,2025-10-30T22:00:00+08:00
PP-0001735,WH-04,MAT-0097,7417,2026-03-08T01:00:00+08:00,2026-03-12T09:00:00+08:00,completed,normal,0.6982,2026-03-08T19:00:00+08:00
PP-0001736,WH-02,MAT-0020,18644,2025-08-12T23:00:00+08:00,2025-08-13T23:00:00+08:00,planned,normal,0.7088,2025-08-13T22:00:00+08:00
PP-0001737,WH-04,MAT-0110,6214,2025-09-06T01:00:00+08:00,2025-09-09T11:00:00+08:00,completed,normal,0.7262,2025-09-07T11:00:00+08:00
PP-0001738,WH-02,MAT-0036,7095,2025-07-09T21:00:00+08:00,2025-07-12T20:00:00+08:00,completed,high,0.7102,2025-07-10T03:00:00+08:00
PP-0001739,WH-04,MAT-0023,17349,2025-12-16T08:00:00+08:00,2025-12-20T15:00:00+08:00,completed,normal,0.9833,2025-12-17T01:00:00+08:00
PP-0001740,WH-02,MAT-0079,18515,2026-06-05T12:00:00+08:00,2026-06-06T14:00:00+08:00,planned,urgent,0.5681,2026-06-05T12:00:00+08:00
PP-0001741,WH-04,MAT-0049,409,2026-05-25T10:00:00+08:00,2026-05-26T08:00:00+08:00,released,high,0.9745,2026-05-26T06:00:00+08:00
PP-0001742,WH-04,MAT-0122,1016,2025-12-07T20:00:00+08:00,2025-12-10T22:00:00+08:00,completed,normal,0.8969,2025-12-09T04:00:00+08:00
PP-0001743,WH-02,MAT-0152,11738,2026-02-17T02:00:00+08:00,2026-02-17T17:00:00+08:00,completed,high,0.7013,2026-02-18T12:00:00+08:00
PP-0001744,WH-04,MAT-0002,13151,2025-12-20T13:00:00+08:00,2025-12-25T01:00:00+08:00,completed,normal,0.6672,2025-12-20T17:00:00+08:00
PP-0001745,WH-04,MAT-0023,10392,2026-02-03T23:00:00+08:00,2026-02-04T11:00:00+08:00,completed,normal,0.7457,2026-02-04T06:00:00+08:00
PP-0001746,WH-02,MAT-0062,768,2026-03-16T22:00:00+08:00,2026-03-19T19:00:00+08:00,completed,normal,0.5928,2026-03-17T18:00:00+08:00
PP-0001747,WH-04,MAT-0050,1556,2026-02-05T12:00:00+08:00,2026-02-09T18:00:00+08:00,planned,normal,0.9116,2026-02-06T11:00:00+08:00
PP-0001748,WH-02,MAT-0193,17228,2026-04-04T12:00:00+08:00,2026-04-07T11:00:00+08:00,planned,normal,0.7446,2026-04-04T13:00:00+08:00
PP-0001749,WH-02,MAT-0049,2972,2025-09-13T21:00:00+08:00,2025-09-16T13:00:00+08:00,at_risk,normal,0.9794,2025-09-15T04:00:00+08:00
PP-0001750,WH-02,MAT-0072,543,2026-02-25T10:00:00+08:00,2026-03-02T08:00:00+08:00,completed,normal,0.5739,2026-02-27T02:00:00+08:00
PP-0001751,WH-04,MAT-0192,1194,2026-05-08T05:00:00+08:00,2026-05-12T12:00:00+08:00,released,normal,0.7857,2026-05-09T02:00:00+08:00
PP-0001752,WH-04,MAT-0145,10140,2025-06-19T18:00:00+08:00,2025-06-22T04:00:00+08:00,planned,high,0.9058,2025-06-20T01:00:00+08:00
PP-0001753,WH-04,MAT-0078,3603,2026-04-02T21:00:00+08:00,2026-04-05T07:00:00+08:00,completed,normal,0.8456,2026-04-03T02:00:00+08:00
PP-0001754,WH-04,MAT-0019,16409,2026-05-12T13:00:00+08:00,2026-05-16T08:00:00+08:00,planned,normal,0.953,2026-05-13T13:00:00+08:00
PP-0001755,WH-04,MAT-0082,14971,2025-11-27T04:00:00+08:00,2025-11-30T19:00:00+08:00,released,high,0.6436,2025-11-28T11:00:00+08:00
PP-0001756,WH-02,MAT-0069,19368,2026-06-13T20:00:00+08:00,2026-06-17T06:00:00+08:00,completed,normal,0.8434,2026-06-13T21:00:00+08:00
PP-0001757,WH-04,MAT-0032,19988,2026-02-02T14:00:00+08:00,2026-02-03T21:00:00+08:00,at_risk,normal,0.581,2026-02-04T11:00:00+08:00
PP-0001758,WH-04,MAT-0051,2438,2025-12-10T15:00:00+08:00,2025-12-15T13:00:00+08:00,planned,urgent,0.9422,2025-12-12T11:00:00+08:00
PP-0001759,WH-04,MAT-0210,15152,2026-04-19T13:00:00+08:00,2026-04-23T17:00:00+08:00,planned,normal,0.6206,2026-04-20T09:00:00+08:00
PP-0001760,WH-02,MAT-0167,16057,2026-02-26T14:00:00+08:00,2026-03-01T00:00:00+08:00,released,normal,0.5531,2026-02-27T07:00:00+08:00
PP-0001761,WH-04,MAT-0217,7256,2026-06-20T18:00:00+08:00,2026-06-25T09:00:00+08:00,completed,normal,0.7221,2026-06-15T08:00:00+08:00
PP-0001762,WH-02,MAT-0003,5473,2026-06-05T01:00:00+08:00,2026-06-08T14:00:00+08:00,at_risk,high,0.7591,2026-06-05T02:00:00+08:00
PP-0001763,WH-04,MAT-0096,6544,2025-11-14T04:00:00+08:00,2025-11-19T02:00:00+08:00,completed,urgent,0.5701,2025-11-15T18:00:00+08:00
PP-0001764,WH-02,MAT-0044,1315,2026-06-16T02:00:00+08:00,2026-06-18T08:00:00+08:00,released,normal,0.6738,2026-06-15T08:00:00+08:00
PP-0001765,WH-02,MAT-0165,12762,2026-01-31T08:00:00+08:00,2026-02-04T00:00:00+08:00,at_risk,normal,0.7159,2026-02-01T14:00:00+08:00
PP-0001766,WH-02,MAT-0063,1177,2026-01-06T10:00:00+08:00,2026-01-07T07:00:00+08:00,released,urgent,0.8147,2026-01-06T19:00:00+08:00
PP-0001767,WH-04,MAT-0214,7010,2026-01-07T04:00:00+08:00,2026-01-09T02:00:00+08:00,at_risk,normal,0.987,2026-01-09T02:00:00+08:00
PP-0001768,WH-04,MAT-0055,8757,2026-07-07T09:00:00+08:00,2026-07-08T12:00:00+08:00,released,normal,0.6449,2026-06-15T08:00:00+08:00
PP-0001769,WH-04,MAT-0172,4668,2025-06-27T10:00:00+08:00,2025-07-01T15:00:00+08:00,completed,high,0.844,2025-06-28T21:00:00+08:00
PP-0001770,WH-04,MAT-0182,3053,2026-07-08T21:00:00+08:00,2026-07-11T08:00:00+08:00,released,high,0.8937,2026-06-15T08:00:00+08:00
PP-0001771,WH-04,MAT-0197,19463,2026-04-25T12:00:00+08:00,2026-04-29T21:00:00+08:00,completed,high,0.5992,2026-04-25T16:00:00+08:00
PP-0001772,WH-04,MAT-0063,9889,2026-05-07T20:00:00+08:00,2026-05-10T21:00:00+08:00,planned,high,0.6585,2026-05-08T06:00:00+08:00
PP-0001773,WH-04,MAT-0037,336,2026-02-13T03:00:00+08:00,2026-02-13T23:00:00+08:00,at_risk,urgent,0.6654,2026-02-14T06:00:00+08:00
PP-0001774,WH-02,MAT-0129,11204,2025-08-17T11:00:00+08:00,2025-08-21T13:00:00+08:00,completed,normal,0.8413,2025-08-18T23:00:00+08:00
PP-0001775,WH-02,MAT-0128,11620,2026-02-07T03:00:00+08:00,2026-02-09T04:00:00+08:00,completed,high,0.7763,2026-02-07T08:00:00+08:00
PP-0001776,WH-02,MAT-0157,14170,2026-07-16T04:00:00+08:00,2026-07-20T01:00:00+08:00,planned,normal,0.563,2026-06-15T08:00:00+08:00
PP-0001777,WH-02,MAT-0108,15325,2025-10-05T01:00:00+08:00,2025-10-06T05:00:00+08:00,planned,normal,0.9984,2025-10-05T14:00:00+08:00
PP-0001778,WH-02,MAT-0192,6405,2025-10-13T06:00:00+08:00,2025-10-15T03:00:00+08:00,completed,high,0.7218,2025-10-14T01:00:00+08:00
PP-0001779,WH-04,MAT-0145,8157,2026-07-01T01:00:00+08:00,2026-07-05T05:00:00+08:00,released,normal,0.8662,2026-06-15T08:00:00+08:00
PP-0001780,WH-02,MAT-0096,13846,2026-03-04T04:00:00+08:00,2026-03-04T22:00:00+08:00,released,urgent,0.8037,2026-03-06T02:00:00+08:00
PP-0001781,WH-02,MAT-0206,8633,2026-02-24T03:00:00+08:00,2026-02-24T18:00:00+08:00,at_risk,normal,0.9966,2026-02-25T05:00:00+08:00
PP-0001782,WH-04,MAT-0034,11378,2026-04-09T05:00:00+08:00,2026-04-12T21:00:00+08:00,completed,normal,0.6554,2026-04-10T18:00:00+08:00
PP-0001783,WH-02,MAT-0232,2724,2026-07-09T00:00:00+08:00,2026-07-10T22:00:00+08:00,released,normal,0.9249,2026-06-15T08:00:00+08:00
PP-0001784,WH-02,MAT-0209,5757,2025-07-19T22:00:00+08:00,2025-07-23T00:00:00+08:00,completed,normal,0.873,2025-07-21T05:00:00+08:00
PP-0001785,WH-02,MAT-0081,789,2026-06-26T23:00:00+08:00,2026-06-28T23:00:00+08:00,released,normal,0.9796,2026-06-15T08:00:00+08:00
PP-0001786,WH-04,MAT-0035,15158,2026-04-24T20:00:00+08:00,2026-04-29T00:00:00+08:00,at_risk,high,0.7751,2026-04-25T17:00:00+08:00
PP-0001787,WH-02,MAT-0044,9392,2025-07-01T03:00:00+08:00,2025-07-01T15:00:00+08:00,completed,high,0.6161,2025-07-01T09:00:00+08:00
PP-0001788,WH-02,MAT-0176,483,2026-07-03T05:00:00+08:00,2026-07-07T13:00:00+08:00,at_risk,high,0.567,2026-06-15T08:00:00+08:00
PP-0001789,WH-02,MAT-0121,2795,2026-02-11T14:00:00+08:00,2026-02-14T17:00:00+08:00,released,normal,0.5743,2026-02-13T08:00:00+08:00
PP-0001790,WH-04,MAT-0102,14608,2025-11-17T20:00:00+08:00,2025-11-21T03:00:00+08:00,completed,normal,0.5973,2025-11-18T00:00:00+08:00
PP-0001791,WH-02,MAT-0090,19987,2026-03-13T23:00:00+08:00,2026-03-18T14:00:00+08:00,completed,urgent,0.672,2026-03-14T08:00:00+08:00
PP-0001792,WH-02,MAT-0007,13632,2026-05-02T08:00:00+08:00,2026-05-04T07:00:00+08:00,planned,normal,0.6839,2026-05-02T09:00:00+08:00
PP-0001793,WH-02,MAT-0010,10171,2025-08-07T20:00:00+08:00,2025-08-11T01:00:00+08:00,released,urgent,0.9319,2025-08-09T15:00:00+08:00
PP-0001794,WH-02,MAT-0207,19618,2025-12-10T16:00:00+08:00,2025-12-11T10:00:00+08:00,released,normal,0.6625,2025-12-11T15:00:00+08:00
PP-0001795,WH-04,MAT-0127,3997,2025-07-19T09:00:00+08:00,2025-07-22T05:00:00+08:00,released,normal,0.864,2025-07-21T06:00:00+08:00
PP-0001796,WH-02,MAT-0148,19610,2026-07-16T08:00:00+08:00,2026-07-18T05:00:00+08:00,completed,normal,0.9208,2026-06-15T08:00:00+08:00
PP-0001797,WH-02,MAT-0147,14055,2025-10-22T03:00:00+08:00,2025-10-24T23:00:00+08:00,completed,high,0.7662,2025-10-22T20:00:00+08:00
PP-0001798,WH-02,MAT-0150,7595,2026-04-09T22:00:00+08:00,2026-04-12T10:00:00+08:00,released,normal,0.6778,2026-04-11T04:00:00+08:00
PP-0001799,WH-02,MAT-0159,11015,2025-08-05T08:00:00+08:00,2025-08-06T11:00:00+08:00,completed,urgent,0.73,2025-08-05T18:00:00+08:00
PP-0001800,WH-02,MAT-0153,4104,2026-01-13T23:00:00+08:00,2026-01-17T13:00:00+08:00,at_risk,normal,0.7236,2026-01-15T22:00:00+08:00
PP-0001801,WH-04,MAT-0045,8479,2025-06-28T02:00:00+08:00,2025-07-02T08:00:00+08:00,completed,urgent,0.6409,2025-06-28T19:00:00+08:00
PP-0001802,WH-02,MAT-0234,3188,2026-04-02T15:00:00+08:00,2026-04-04T00:00:00+08:00,planned,high,0.9204,2026-04-04T05:00:00+08:00
PP-0001803,WH-04,MAT-0167,13003,2026-03-19T03:00:00+08:00,2026-03-20T08:00:00+08:00,completed,normal,0.6204,2026-03-20T16:00:00+08:00
PP-0001804,WH-02,MAT-0161,3345,2025-08-19T19:00:00+08:00,2025-08-20T14:00:00+08:00,planned,normal,0.9729,2025-08-20T13:00:00+08:00
PP-0001805,WH-04,MAT-0213,3655,2025-11-07T11:00:00+08:00,2025-11-10T18:00:00+08:00,released,high,0.647,2025-11-08T20:00:00+08:00
PP-0001806,WH-02,MAT-0175,2592,2025-08-11T00:00:00+08:00,2025-08-14T15:00:00+08:00,paused,urgent,0.6686,2025-08-12T10:00:00+08:00
PP-0001807,WH-04,MAT-0065,14933,2026-03-11T23:00:00+08:00,2026-03-16T10:00:00+08:00,released,high,0.68,2026-03-13T22:00:00+08:00
PP-0001808,WH-04,MAT-0070,15993,2026-01-06T14:00:00+08:00,2026-01-07T19:00:00+08:00,completed,normal,0.6302,2026-01-07T22:00:00+08:00
PP-0001809,WH-04,MAT-0027,16446,2025-06-27T01:00:00+08:00,2025-06-29T01:00:00+08:00,released,normal,0.7632,2025-06-27T18:00:00+08:00
PP-0001810,WH-02,MAT-0049,3533,2025-12-19T21:00:00+08:00,2025-12-22T23:00:00+08:00,released,high,0.6917,2025-12-20T04:00:00+08:00
PP-0001811,WH-04,MAT-0063,3983,2025-08-01T11:00:00+08:00,2025-08-01T23:00:00+08:00,paused,high,0.8122,2025-08-03T06:00:00+08:00
PP-0001812,WH-02,MAT-0167,14739,2025-11-06T21:00:00+08:00,2025-11-10T03:00:00+08:00,completed,high,0.9058,2025-11-07T08:00:00+08:00
PP-0001813,WH-04,MAT-0092,2176,2025-06-19T16:00:00+08:00,2025-06-23T04:00:00+08:00,released,normal,0.8989,2025-06-20T07:00:00+08:00
PP-0001814,WH-04,MAT-0170,6307,2025-08-29T09:00:00+08:00,2025-09-02T09:00:00+08:00,at_risk,normal,0.7437,2025-08-30T19:00:00+08:00
PP-0001815,WH-02,MAT-0031,18323,2026-03-16T00:00:00+08:00,2026-03-19T12:00:00+08:00,planned,normal,0.913,2026-03-17T03:00:00+08:00
PP-0001816,WH-04,MAT-0137,8831,2025-08-16T09:00:00+08:00,2025-08-18T03:00:00+08:00,completed,normal,0.6122,2025-08-17T21:00:00+08:00
PP-0001817,WH-04,MAT-0117,6185,2025-08-24T13:00:00+08:00,2025-08-25T14:00:00+08:00,completed,normal,0.6565,2025-08-25T20:00:00+08:00
PP-0001818,WH-04,MAT-0117,4674,2026-05-21T16:00:00+08:00,2026-05-25T02:00:00+08:00,completed,normal,0.7361,2026-05-23T00:00:00+08:00
PP-0001819,WH-02,MAT-0128,5098,2025-10-09T22:00:00+08:00,2025-10-12T08:00:00+08:00,released,normal,0.6842,2025-10-11T09:00:00+08:00
PP-0001820,WH-04,MAT-0164,7810,2025-09-30T21:00:00+08:00,2025-10-04T06:00:00+08:00,completed,normal,0.7073,2025-10-01T06:00:00+08:00
PP-0001821,WH-04,MAT-0209,3346,2025-12-28T10:00:00+08:00,2026-01-01T07:00:00+08:00,completed,high,0.7776,2025-12-30T10:00:00+08:00
PP-0001822,WH-02,MAT-0149,10131,2026-05-20T21:00:00+08:00,2026-05-24T00:00:00+08:00,at_risk,normal,0.7165,2026-05-22T02:00:00+08:00
PP-0001823,WH-02,MAT-0040,2993,2025-08-16T22:00:00+08:00,2025-08-19T08:00:00+08:00,completed,normal,0.6063,2025-08-17T13:00:00+08:00
PP-0001824,WH-04,MAT-0127,4458,2025-11-06T12:00:00+08:00,2025-11-08T16:00:00+08:00,planned,normal,0.9874,2025-11-07T06:00:00+08:00
PP-0001825,WH-04,MAT-0210,14088,2026-04-14T18:00:00+08:00,2026-04-18T11:00:00+08:00,planned,normal,0.7457,2026-04-15T11:00:00+08:00
PP-0001826,WH-02,MAT-0186,2981,2026-03-23T22:00:00+08:00,2026-03-25T16:00:00+08:00,planned,normal,0.8817,2026-03-24T16:00:00+08:00
PP-0001827,WH-04,MAT-0160,10138,2025-10-04T18:00:00+08:00,2025-10-06T20:00:00+08:00,planned,normal,0.5595,2025-10-05T12:00:00+08:00
PP-0001828,WH-02,MAT-0042,8908,2025-11-17T20:00:00+08:00,2025-11-22T14:00:00+08:00,released,normal,0.7471,2025-11-19T17:00:00+08:00
PP-0001829,WH-02,MAT-0094,13666,2026-02-21T08:00:00+08:00,2026-02-26T06:00:00+08:00,completed,normal,0.8493,2026-02-23T04:00:00+08:00
PP-0001830,WH-04,MAT-0191,13895,2025-06-28T06:00:00+08:00,2025-06-30T13:00:00+08:00,planned,normal,0.593,2025-06-28T23:00:00+08:00
PP-0001831,WH-04,MAT-0108,6207,2025-07-04T02:00:00+08:00,2025-07-05T01:00:00+08:00,completed,normal,0.9466,2025-07-04T04:00:00+08:00
PP-0001832,WH-04,MAT-0079,18157,2025-09-15T07:00:00+08:00,2025-09-17T20:00:00+08:00,completed,normal,0.9516,2025-09-16T04:00:00+08:00
PP-0001833,WH-04,MAT-0196,19145,2025-10-19T23:00:00+08:00,2025-10-23T14:00:00+08:00,released,high,0.9405,2025-10-21T23:00:00+08:00
PP-0001834,WH-04,MAT-0032,14415,2025-12-16T09:00:00+08:00,2025-12-17T04:00:00+08:00,completed,normal,0.7819,2025-12-18T03:00:00+08:00
PP-0001835,WH-04,MAT-0184,12065,2025-07-24T12:00:00+08:00,2025-07-25T10:00:00+08:00,released,normal,0.6382,2025-07-25T08:00:00+08:00
PP-0001836,WH-04,MAT-0042,12634,2026-05-10T05:00:00+08:00,2026-05-11T17:00:00+08:00,completed,normal,0.9195,2026-05-11T14:00:00+08:00
PP-0001837,WH-02,MAT-0069,15119,2025-10-12T08:00:00+08:00,2025-10-13T20:00:00+08:00,completed,high,0.8856,2025-10-12T20:00:00+08:00
PP-0001838,WH-04,MAT-0011,19330,2025-08-18T06:00:00+08:00,2025-08-19T01:00:00+08:00,released,high,0.5659,2025-08-18T23:00:00+08:00
PP-0001839,WH-04,MAT-0065,15334,2026-07-11T15:00:00+08:00,2026-07-12T09:00:00+08:00,at_risk,normal,0.9293,2026-06-15T08:00:00+08:00
PP-0001840,WH-02,MAT-0214,11156,2026-03-24T09:00:00+08:00,2026-03-27T02:00:00+08:00,completed,high,0.7989,2026-03-24T20:00:00+08:00
PP-0001841,WH-04,MAT-0092,3092,2026-02-18T16:00:00+08:00,2026-02-22T21:00:00+08:00,completed,high,0.75,2026-02-20T02:00:00+08:00
PP-0001842,WH-02,MAT-0095,15597,2026-06-21T09:00:00+08:00,2026-06-23T15:00:00+08:00,completed,normal,0.7176,2026-06-15T08:00:00+08:00
PP-0001843,WH-02,MAT-0204,12868,2025-06-24T11:00:00+08:00,2025-06-29T05:00:00+08:00,released,high,0.6436,2025-06-24T13:00:00+08:00
PP-0001844,WH-02,MAT-0145,15042,2026-05-17T16:00:00+08:00,2026-05-21T11:00:00+08:00,released,high,0.6127,2026-05-18T00:00:00+08:00
PP-0001845,WH-04,MAT-0008,7529,2025-09-03T20:00:00+08:00,2025-09-07T02:00:00+08:00,at_risk,normal,0.9447,2025-09-04T04:00:00+08:00
PP-0001846,WH-04,MAT-0213,9038,2025-07-06T00:00:00+08:00,2025-07-07T15:00:00+08:00,at_risk,high,0.7528,2025-07-06T02:00:00+08:00
PP-0001847,WH-04,MAT-0004,11904,2025-11-17T22:00:00+08:00,2025-11-22T12:00:00+08:00,released,high,0.9322,2025-11-19T02:00:00+08:00
PP-0001848,WH-02,MAT-0065,15619,2025-09-28T23:00:00+08:00,2025-09-30T03:00:00+08:00,completed,normal,0.882,2025-09-29T17:00:00+08:00
PP-0001849,WH-04,MAT-0033,14088,2025-07-14T02:00:00+08:00,2025-07-18T21:00:00+08:00,completed,urgent,0.6531,2025-07-14T21:00:00+08:00
PP-0001850,WH-04,MAT-0091,3728,2026-05-16T07:00:00+08:00,2026-05-19T10:00:00+08:00,completed,normal,0.6611,2026-05-16T16:00:00+08:00
PP-0001851,WH-04,MAT-0070,1451,2026-01-06T10:00:00+08:00,2026-01-08T12:00:00+08:00,planned,normal,0.7599,2026-01-06T11:00:00+08:00
PP-0001852,WH-04,MAT-0188,7023,2025-11-24T08:00:00+08:00,2025-11-28T15:00:00+08:00,paused,high,0.6536,2025-11-25T03:00:00+08:00
PP-0001853,WH-02,MAT-0175,16512,2026-01-24T12:00:00+08:00,2026-01-25T23:00:00+08:00,planned,normal,0.9832,2026-01-25T16:00:00+08:00
PP-0001854,WH-04,MAT-0078,8170,2025-07-22T15:00:00+08:00,2025-07-24T16:00:00+08:00,completed,normal,0.9039,2025-07-23T20:00:00+08:00
PP-0001855,WH-04,MAT-0098,12620,2025-09-22T10:00:00+08:00,2025-09-26T04:00:00+08:00,at_risk,normal,0.8512,2025-09-23T00:00:00+08:00
PP-0001856,WH-02,MAT-0074,11969,2026-06-12T13:00:00+08:00,2026-06-16T15:00:00+08:00,released,normal,0.9973,2026-06-13T18:00:00+08:00
PP-0001857,WH-02,MAT-0031,17529,2025-09-01T16:00:00+08:00,2025-09-04T02:00:00+08:00,completed,high,0.9228,2025-09-02T17:00:00+08:00
PP-0001858,WH-02,MAT-0092,15761,2025-09-05T11:00:00+08:00,2025-09-08T16:00:00+08:00,completed,urgent,0.8301,2025-09-06T06:00:00+08:00
PP-0001859,WH-04,MAT-0234,3337,2026-01-02T13:00:00+08:00,2026-01-06T21:00:00+08:00,completed,urgent,0.9347,2026-01-02T22:00:00+08:00
PP-0001860,WH-02,MAT-0153,11913,2026-07-11T15:00:00+08:00,2026-07-14T10:00:00+08:00,released,normal,0.5907,2026-06-15T08:00:00+08:00
PP-0001861,WH-04,MAT-0025,12142,2025-12-01T08:00:00+08:00,2025-12-04T03:00:00+08:00,released,normal,0.9349,2025-12-02T06:00:00+08:00
PP-0001862,WH-04,MAT-0216,18011,2026-05-03T23:00:00+08:00,2026-05-06T15:00:00+08:00,planned,normal,0.6581,2026-05-05T20:00:00+08:00
PP-0001863,WH-02,MAT-0224,9062,2025-10-18T23:00:00+08:00,2025-10-20T21:00:00+08:00,completed,high,0.7425,2025-10-20T07:00:00+08:00
PP-0001864,WH-04,MAT-0187,1636,2026-06-23T01:00:00+08:00,2026-06-24T22:00:00+08:00,planned,urgent,0.8022,2026-06-15T08:00:00+08:00
PP-0001865,WH-02,MAT-0179,15313,2025-08-14T17:00:00+08:00,2025-08-17T11:00:00+08:00,released,high,0.6849,2025-08-15T19:00:00+08:00
PP-0001866,WH-04,MAT-0121,16241,2026-03-12T20:00:00+08:00,2026-03-13T07:00:00+08:00,completed,normal,0.7894,2026-03-14T10:00:00+08:00
PP-0001867,WH-04,MAT-0225,8226,2026-02-02T19:00:00+08:00,2026-02-07T17:00:00+08:00,completed,normal,0.6777,2026-02-03T01:00:00+08:00
PP-0001868,WH-04,MAT-0196,5397,2025-12-13T06:00:00+08:00,2025-12-17T18:00:00+08:00,planned,normal,0.823,2025-12-15T04:00:00+08:00
PP-0001869,WH-02,MAT-0069,19222,2026-05-04T14:00:00+08:00,2026-05-07T09:00:00+08:00,released,high,0.892,2026-05-05T08:00:00+08:00
PP-0001870,WH-02,MAT-0002,17814,2025-11-30T13:00:00+08:00,2025-12-02T01:00:00+08:00,planned,normal,0.6048,2025-12-01T21:00:00+08:00
PP-0001871,WH-04,MAT-0046,11213,2025-10-17T10:00:00+08:00,2025-10-21T12:00:00+08:00,completed,normal,0.7901,2025-10-18T21:00:00+08:00
PP-0001872,WH-04,MAT-0221,5930,2025-06-25T09:00:00+08:00,2025-06-29T18:00:00+08:00,completed,normal,0.914,2025-06-26T21:00:00+08:00
PP-0001873,WH-02,MAT-0067,18558,2025-11-17T21:00:00+08:00,2025-11-21T01:00:00+08:00,at_risk,normal,0.7369,2025-11-18T03:00:00+08:00
PP-0001874,WH-02,MAT-0223,1857,2025-12-29T19:00:00+08:00,2026-01-03T10:00:00+08:00,released,normal,0.8865,2025-12-30T18:00:00+08:00
PP-0001875,WH-04,MAT-0164,5957,2025-09-02T22:00:00+08:00,2025-09-07T07:00:00+08:00,completed,high,0.775,2025-09-03T05:00:00+08:00
PP-0001876,WH-02,MAT-0074,17590,2025-10-01T13:00:00+08:00,2025-10-06T13:00:00+08:00,planned,normal,0.8136,2025-10-03T09:00:00+08:00
PP-0001877,WH-04,MAT-0103,467,2025-11-06T00:00:00+08:00,2025-11-08T18:00:00+08:00,planned,normal,0.5727,2025-11-07T21:00:00+08:00
PP-0001878,WH-02,MAT-0081,11032,2026-02-13T23:00:00+08:00,2026-02-15T21:00:00+08:00,completed,normal,0.8685,2026-02-15T08:00:00+08:00
PP-0001879,WH-02,MAT-0197,11867,2026-06-05T20:00:00+08:00,2026-06-10T09:00:00+08:00,completed,normal,0.6614,2026-06-07T13:00:00+08:00
PP-0001880,WH-04,MAT-0087,8716,2025-09-14T20:00:00+08:00,2025-09-18T20:00:00+08:00,planned,normal,0.5992,2025-09-16T04:00:00+08:00
PP-0001881,WH-04,MAT-0157,12784,2026-02-16T12:00:00+08:00,2026-02-17T19:00:00+08:00,paused,normal,0.9907,2026-02-16T13:00:00+08:00
PP-0001882,WH-02,MAT-0168,1811,2026-04-03T08:00:00+08:00,2026-04-05T03:00:00+08:00,planned,high,0.5509,2026-04-04T12:00:00+08:00
PP-0001883,WH-02,MAT-0012,19418,2026-06-07T02:00:00+08:00,2026-06-09T02:00:00+08:00,at_risk,high,0.8771,2026-06-07T13:00:00+08:00
PP-0001884,WH-02,MAT-0165,2188,2026-02-16T19:00:00+08:00,2026-02-19T02:00:00+08:00,planned,normal,0.6848,2026-02-17T15:00:00+08:00
PP-0001885,WH-02,MAT-0107,12738,2025-06-15T10:00:00+08:00,2025-06-17T05:00:00+08:00,planned,normal,0.883,2025-06-16T05:00:00+08:00
PP-0001886,WH-04,MAT-0182,19698,2025-10-29T08:00:00+08:00,2025-11-01T23:00:00+08:00,completed,normal,0.6169,2025-10-31T02:00:00+08:00
PP-0001887,WH-02,MAT-0133,6654,2026-05-30T07:00:00+08:00,2026-05-30T23:00:00+08:00,released,normal,0.9312,2026-05-30T09:00:00+08:00
PP-0001888,WH-04,MAT-0087,9742,2025-08-21T23:00:00+08:00,2025-08-26T22:00:00+08:00,planned,high,0.8549,2025-08-22T09:00:00+08:00
PP-0001889,WH-04,MAT-0068,17439,2026-02-22T14:00:00+08:00,2026-02-26T23:00:00+08:00,completed,normal,0.6503,2026-02-23T00:00:00+08:00
PP-0001890,WH-04,MAT-0164,7225,2026-05-30T13:00:00+08:00,2026-05-30T23:00:00+08:00,released,high,0.6273,2026-05-31T19:00:00+08:00
PP-0001891,WH-02,MAT-0123,16436,2025-09-25T05:00:00+08:00,2025-09-29T00:00:00+08:00,completed,normal,0.6989,2025-09-26T13:00:00+08:00
PP-0001892,WH-02,MAT-0225,612,2026-05-14T14:00:00+08:00,2026-05-16T13:00:00+08:00,released,normal,0.8239,2026-05-16T14:00:00+08:00
PP-0001893,WH-04,MAT-0017,14065,2025-12-29T12:00:00+08:00,2025-12-30T17:00:00+08:00,at_risk,high,0.5829,2025-12-30T15:00:00+08:00
PP-0001894,WH-04,MAT-0231,17570,2026-06-14T13:00:00+08:00,2026-06-15T10:00:00+08:00,released,high,0.9621,2026-06-14T23:00:00+08:00
PP-0001895,WH-02,MAT-0111,1700,2025-07-17T05:00:00+08:00,2025-07-21T15:00:00+08:00,released,normal,0.9888,2025-07-17T09:00:00+08:00
PP-0001896,WH-02,MAT-0177,8217,2026-04-09T20:00:00+08:00,2026-04-12T05:00:00+08:00,completed,normal,0.7812,2026-04-11T01:00:00+08:00
PP-0001897,WH-04,MAT-0037,6198,2025-10-05T14:00:00+08:00,2025-10-07T06:00:00+08:00,released,urgent,0.9601,2025-10-06T13:00:00+08:00
PP-0001898,WH-04,MAT-0115,19838,2025-09-04T06:00:00+08:00,2025-09-06T01:00:00+08:00,released,high,0.7073,2025-09-05T14:00:00+08:00
PP-0001899,WH-02,MAT-0070,12823,2026-05-09T22:00:00+08:00,2026-05-14T17:00:00+08:00,planned,high,0.7997,2026-05-11T06:00:00+08:00
PP-0001900,WH-02,MAT-0154,11400,2025-08-16T16:00:00+08:00,2025-08-17T10:00:00+08:00,planned,high,0.7466,2025-08-18T14:00:00+08:00
PP-0001901,WH-02,MAT-0058,1852,2026-04-16T14:00:00+08:00,2026-04-21T14:00:00+08:00,completed,normal,0.6801,2026-04-17T01:00:00+08:00
PP-0001902,WH-02,MAT-0058,401,2025-07-11T08:00:00+08:00,2025-07-15T09:00:00+08:00,completed,normal,0.7039,2025-07-11T23:00:00+08:00
PP-0001903,WH-02,MAT-0064,12596,2025-12-26T10:00:00+08:00,2025-12-28T20:00:00+08:00,completed,normal,0.9724,2025-12-27T06:00:00+08:00
PP-0001904,WH-02,MAT-0165,1147,2025-11-04T04:00:00+08:00,2025-11-08T06:00:00+08:00,released,normal,0.6101,2025-11-04T14:00:00+08:00
PP-0001905,WH-04,MAT-0180,7718,2025-09-24T00:00:00+08:00,2025-09-24T16:00:00+08:00,completed,urgent,0.7133,2025-09-25T07:00:00+08:00
PP-0001906,WH-04,MAT-0202,5716,2026-02-25T04:00:00+08:00,2026-03-01T00:00:00+08:00,planned,normal,0.8017,2026-02-25T13:00:00+08:00
PP-0001907,WH-04,MAT-0139,7055,2025-12-09T13:00:00+08:00,2025-12-13T04:00:00+08:00,released,urgent,0.6515,2025-12-11T09:00:00+08:00
PP-0001908,WH-04,MAT-0230,1451,2025-12-13T15:00:00+08:00,2025-12-17T19:00:00+08:00,completed,urgent,0.6246,2025-12-14T01:00:00+08:00
PP-0001909,WH-04,MAT-0087,15726,2026-01-11T21:00:00+08:00,2026-01-16T06:00:00+08:00,planned,normal,0.704,2026-01-12T00:00:00+08:00
PP-0001910,WH-02,MAT-0214,8846,2026-04-27T07:00:00+08:00,2026-04-30T10:00:00+08:00,released,normal,0.6196,2026-04-28T17:00:00+08:00
PP-0001911,WH-02,MAT-0128,3067,2026-03-11T01:00:00+08:00,2026-03-15T16:00:00+08:00,planned,normal,0.8415,2026-03-12T10:00:00+08:00
PP-0001912,WH-02,MAT-0114,13843,2025-08-21T04:00:00+08:00,2025-08-21T13:00:00+08:00,paused,normal,0.8879,2025-08-22T08:00:00+08:00
PP-0001913,WH-02,MAT-0082,18908,2026-03-22T00:00:00+08:00,2026-03-23T07:00:00+08:00,planned,normal,0.6256,2026-03-23T01:00:00+08:00
PP-0001914,WH-04,MAT-0155,17324,2025-06-17T20:00:00+08:00,2025-06-19T17:00:00+08:00,completed,normal,0.8481,2025-06-19T04:00:00+08:00
PP-0001915,WH-02,MAT-0195,4649,2025-07-24T10:00:00+08:00,2025-07-24T21:00:00+08:00,released,normal,0.5825,2025-07-25T02:00:00+08:00
PP-0001916,WH-04,MAT-0130,16084,2025-07-07T00:00:00+08:00,2025-07-11T13:00:00+08:00,released,high,0.5563,2025-07-07T06:00:00+08:00
PP-0001917,WH-02,MAT-0097,15499,2026-03-02T06:00:00+08:00,2026-03-05T07:00:00+08:00,completed,normal,0.6139,2026-03-02T23:00:00+08:00
PP-0001918,WH-04,MAT-0164,8319,2025-09-18T08:00:00+08:00,2025-09-19T15:00:00+08:00,at_risk,high,0.831,2025-09-18T15:00:00+08:00
PP-0001919,WH-04,MAT-0039,4603,2026-02-15T22:00:00+08:00,2026-02-20T02:00:00+08:00,planned,normal,0.7677,2026-02-17T02:00:00+08:00
PP-0001920,WH-02,MAT-0170,6882,2025-11-25T08:00:00+08:00,2025-11-27T14:00:00+08:00,completed,high,0.9683,2025-11-27T08:00:00+08:00
PP-0001921,WH-04,MAT-0090,7666,2025-09-17T20:00:00+08:00,2025-09-18T14:00:00+08:00,at_risk,high,0.7482,2025-09-18T09:00:00+08:00
PP-0001922,WH-02,MAT-0156,10340,2026-01-04T02:00:00+08:00,2026-01-05T23:00:00+08:00,completed,normal,0.6021,2026-01-05T01:00:00+08:00
PP-0001923,WH-04,MAT-0094,3864,2026-07-05T15:00:00+08:00,2026-07-05T23:00:00+08:00,completed,normal,0.6268,2026-06-15T08:00:00+08:00
PP-0001924,WH-02,MAT-0225,18821,2026-01-11T01:00:00+08:00,2026-01-13T05:00:00+08:00,completed,normal,0.662,2026-01-12T04:00:00+08:00
PP-0001925,WH-02,MAT-0016,15037,2026-02-16T13:00:00+08:00,2026-02-17T14:00:00+08:00,completed,normal,0.953,2026-02-18T02:00:00+08:00
PP-0001926,WH-04,MAT-0179,405,2025-07-20T13:00:00+08:00,2025-07-25T13:00:00+08:00,planned,high,0.8792,2025-07-22T07:00:00+08:00
PP-0001927,WH-04,MAT-0012,7809,2026-05-20T03:00:00+08:00,2026-05-20T16:00:00+08:00,at_risk,normal,0.9179,2026-05-20T07:00:00+08:00
PP-0001928,WH-02,MAT-0043,6485,2026-03-25T02:00:00+08:00,2026-03-26T18:00:00+08:00,planned,high,0.8688,2026-03-26T22:00:00+08:00
PP-0001929,WH-04,MAT-0073,9516,2026-03-28T05:00:00+08:00,2026-04-01T17:00:00+08:00,completed,high,0.8842,2026-03-30T02:00:00+08:00
PP-0001930,WH-02,MAT-0035,5576,2025-07-23T11:00:00+08:00,2025-07-27T11:00:00+08:00,completed,normal,0.8649,2025-07-24T07:00:00+08:00
PP-0001931,WH-02,MAT-0022,12997,2025-10-20T11:00:00+08:00,2025-10-22T12:00:00+08:00,completed,normal,0.8404,2025-10-20T12:00:00+08:00
PP-0001932,WH-04,MAT-0148,16622,2025-10-04T18:00:00+08:00,2025-10-07T23:00:00+08:00,released,normal,0.7291,2025-10-04T18:00:00+08:00
PP-0001933,WH-04,MAT-0055,6112,2026-05-27T23:00:00+08:00,2026-06-01T08:00:00+08:00,planned,normal,0.9929,2026-05-29T06:00:00+08:00
PP-0001934,WH-02,MAT-0172,19184,2026-05-31T18:00:00+08:00,2026-06-04T19:00:00+08:00,completed,normal,0.8275,2026-06-02T14:00:00+08:00
PP-0001935,WH-04,MAT-0140,1482,2026-03-10T18:00:00+08:00,2026-03-12T13:00:00+08:00,released,high,0.9551,2026-03-11T19:00:00+08:00
PP-0001936,WH-02,MAT-0125,4210,2025-07-31T20:00:00+08:00,2025-08-02T12:00:00+08:00,at_risk,normal,0.5885,2025-08-02T06:00:00+08:00
PP-0001937,WH-02,MAT-0195,15710,2025-11-02T12:00:00+08:00,2025-11-03T20:00:00+08:00,completed,normal,0.7204,2025-11-03T06:00:00+08:00
PP-0001938,WH-02,MAT-0146,4067,2025-06-24T19:00:00+08:00,2025-06-26T12:00:00+08:00,planned,urgent,0.9747,2025-06-26T11:00:00+08:00
PP-0001939,WH-02,MAT-0021,16293,2025-09-22T16:00:00+08:00,2025-09-25T19:00:00+08:00,planned,normal,0.9716,2025-09-23T16:00:00+08:00
PP-0001940,WH-02,MAT-0179,15554,2025-08-19T18:00:00+08:00,2025-08-21T15:00:00+08:00,released,normal,0.9202,2025-08-20T22:00:00+08:00
PP-0001941,WH-04,MAT-0067,17320,2025-08-02T22:00:00+08:00,2025-08-03T17:00:00+08:00,at_risk,urgent,0.7327,2025-08-03T22:00:00+08:00
PP-0001942,WH-04,MAT-0165,2741,2026-03-26T06:00:00+08:00,2026-03-28T14:00:00+08:00,completed,high,0.6696,2026-03-27T01:00:00+08:00
PP-0001943,WH-02,MAT-0224,9991,2026-01-31T19:00:00+08:00,2026-02-02T04:00:00+08:00,paused,normal,0.6691,2026-02-01T08:00:00+08:00
PP-0001944,WH-04,MAT-0201,13556,2026-06-13T01:00:00+08:00,2026-06-14T22:00:00+08:00,completed,normal,0.7574,2026-06-13T09:00:00+08:00
PP-0001945,WH-04,MAT-0126,7933,2025-11-25T07:00:00+08:00,2025-11-28T16:00:00+08:00,completed,high,0.7155,2025-11-27T06:00:00+08:00
PP-0001946,WH-02,MAT-0037,18614,2025-12-29T02:00:00+08:00,2025-12-31T12:00:00+08:00,at_risk,normal,0.8575,2025-12-31T01:00:00+08:00
PP-0001947,WH-04,MAT-0005,4436,2025-12-08T15:00:00+08:00,2025-12-09T16:00:00+08:00,completed,normal,0.8563,2025-12-09T13:00:00+08:00
PP-0001948,WH-04,MAT-0132,12382,2026-04-23T14:00:00+08:00,2026-04-27T19:00:00+08:00,completed,normal,0.6078,2026-04-25T07:00:00+08:00
PP-0001949,WH-04,MAT-0053,16746,2026-07-07T19:00:00+08:00,2026-07-10T10:00:00+08:00,completed,normal,0.9691,2026-06-15T08:00:00+08:00
PP-0001950,WH-04,MAT-0198,19393,2025-12-23T14:00:00+08:00,2025-12-25T17:00:00+08:00,completed,high,0.8577,2025-12-24T01:00:00+08:00
PP-0001951,WH-04,MAT-0073,2605,2026-02-19T11:00:00+08:00,2026-02-20T02:00:00+08:00,planned,urgent,0.821,2026-02-20T14:00:00+08:00
PP-0001952,WH-02,MAT-0112,9154,2026-02-18T00:00:00+08:00,2026-02-20T09:00:00+08:00,completed,normal,0.9123,2026-02-18T05:00:00+08:00
PP-0001953,WH-04,MAT-0025,14477,2026-06-12T04:00:00+08:00,2026-06-14T21:00:00+08:00,at_risk,urgent,0.7263,2026-06-13T12:00:00+08:00
PP-0001954,WH-02,MAT-0001,14811,2026-04-19T04:00:00+08:00,2026-04-21T22:00:00+08:00,completed,high,0.9742,2026-04-19T12:00:00+08:00
PP-0001955,WH-04,MAT-0001,15852,2026-01-17T00:00:00+08:00,2026-01-17T10:00:00+08:00,at_risk,normal,0.5817,2026-01-18T03:00:00+08:00
PP-0001956,WH-02,MAT-0142,13880,2025-07-08T23:00:00+08:00,2025-07-10T11:00:00+08:00,released,normal,0.8085,2025-07-10T19:00:00+08:00
PP-0001957,WH-04,MAT-0146,10745,2026-02-27T11:00:00+08:00,2026-03-02T07:00:00+08:00,completed,high,0.9432,2026-02-28T16:00:00+08:00
PP-0001958,WH-02,MAT-0028,7074,2026-05-17T04:00:00+08:00,2026-05-18T01:00:00+08:00,at_risk,normal,0.7138,2026-05-18T00:00:00+08:00
PP-0001959,WH-04,MAT-0108,12085,2026-06-24T16:00:00+08:00,2026-06-29T09:00:00+08:00,completed,high,0.7187,2026-06-15T08:00:00+08:00
PP-0001960,WH-02,MAT-0221,19796,2026-04-30T07:00:00+08:00,2026-05-02T17:00:00+08:00,completed,normal,0.8874,2026-05-02T02:00:00+08:00
PP-0001961,WH-04,MAT-0066,11940,2025-06-24T20:00:00+08:00,2025-06-27T15:00:00+08:00,completed,high,0.9706,2025-06-25T14:00:00+08:00
PP-0001962,WH-04,MAT-0146,15976,2026-07-03T17:00:00+08:00,2026-07-05T07:00:00+08:00,planned,urgent,0.8959,2026-06-15T08:00:00+08:00
PP-0001963,WH-02,MAT-0239,4614,2025-11-16T14:00:00+08:00,2025-11-19T12:00:00+08:00,completed,normal,0.9022,2025-11-17T10:00:00+08:00
PP-0001964,WH-02,MAT-0008,7421,2025-09-15T18:00:00+08:00,2025-09-18T19:00:00+08:00,completed,high,0.7869,2025-09-16T05:00:00+08:00
PP-0001965,WH-02,MAT-0232,9537,2025-12-06T16:00:00+08:00,2025-12-10T17:00:00+08:00,released,normal,0.9998,2025-12-07T14:00:00+08:00
PP-0001966,WH-04,MAT-0137,1440,2026-05-03T02:00:00+08:00,2026-05-06T05:00:00+08:00,completed,normal,0.6448,2026-05-03T11:00:00+08:00
PP-0001967,WH-02,MAT-0030,4719,2025-11-17T15:00:00+08:00,2025-11-19T14:00:00+08:00,planned,normal,0.8524,2025-11-18T00:00:00+08:00
PP-0001968,WH-02,MAT-0026,8194,2025-12-12T07:00:00+08:00,2025-12-15T11:00:00+08:00,planned,urgent,0.9849,2025-12-13T11:00:00+08:00
PP-0001969,WH-04,MAT-0077,11458,2026-07-15T15:00:00+08:00,2026-07-18T14:00:00+08:00,completed,normal,0.9149,2026-06-15T08:00:00+08:00
PP-0001970,WH-02,MAT-0067,1215,2026-02-03T03:00:00+08:00,2026-02-07T00:00:00+08:00,released,urgent,0.7387,2026-02-03T20:00:00+08:00
PP-0001971,WH-02,MAT-0155,15073,2026-01-09T01:00:00+08:00,2026-01-10T15:00:00+08:00,completed,urgent,0.8734,2026-01-10T10:00:00+08:00
PP-0001972,WH-02,MAT-0044,9864,2025-10-18T18:00:00+08:00,2025-10-22T05:00:00+08:00,paused,normal,0.8129,2025-10-20T01:00:00+08:00
PP-0001973,WH-02,MAT-0135,9691,2026-06-03T19:00:00+08:00,2026-06-04T06:00:00+08:00,planned,normal,0.9769,2026-06-05T11:00:00+08:00
PP-0001974,WH-04,MAT-0194,10968,2026-07-17T00:00:00+08:00,2026-07-20T09:00:00+08:00,at_risk,normal,0.7895,2026-06-15T08:00:00+08:00
PP-0001975,WH-02,MAT-0198,17162,2026-01-16T03:00:00+08:00,2026-01-17T12:00:00+08:00,planned,normal,0.8267,2026-01-17T05:00:00+08:00
PP-0001976,WH-04,MAT-0042,16697,2025-11-28T06:00:00+08:00,2025-11-30T10:00:00+08:00,planned,high,0.8455,2025-11-29T04:00:00+08:00
PP-0001977,WH-02,MAT-0181,6047,2025-12-03T19:00:00+08:00,2025-12-04T07:00:00+08:00,released,normal,0.6659,2025-12-04T09:00:00+08:00
PP-0001978,WH-04,MAT-0054,2758,2025-08-15T22:00:00+08:00,2025-08-20T20:00:00+08:00,released,high,0.874,2025-08-16T09:00:00+08:00
PP-0001979,WH-02,MAT-0021,12041,2026-06-01T22:00:00+08:00,2026-06-04T03:00:00+08:00,completed,high,0.7573,2026-06-02T04:00:00+08:00
PP-0001980,WH-04,MAT-0112,868,2026-05-02T03:00:00+08:00,2026-05-07T03:00:00+08:00,completed,normal,0.7049,2026-05-02T13:00:00+08:00
PP-0001981,WH-02,MAT-0043,3547,2026-07-03T18:00:00+08:00,2026-07-06T07:00:00+08:00,released,high,0.9373,2026-06-15T08:00:00+08:00
PP-0001982,WH-02,MAT-0189,4236,2026-02-04T11:00:00+08:00,2026-02-06T04:00:00+08:00,planned,high,0.9009,2026-02-04T18:00:00+08:00
PP-0001983,WH-04,MAT-0166,3664,2025-07-24T19:00:00+08:00,2025-07-27T03:00:00+08:00,completed,urgent,0.6459,2025-07-26T07:00:00+08:00
PP-0001984,WH-04,MAT-0195,11387,2026-04-21T15:00:00+08:00,2026-04-24T09:00:00+08:00,completed,urgent,0.5605,2026-04-23T13:00:00+08:00
PP-0001985,WH-02,MAT-0134,17623,2026-01-26T23:00:00+08:00,2026-01-31T08:00:00+08:00,completed,normal,0.6096,2026-01-28T06:00:00+08:00
PP-0001986,WH-02,MAT-0057,16239,2026-05-13T06:00:00+08:00,2026-05-17T17:00:00+08:00,completed,urgent,0.9407,2026-05-14T03:00:00+08:00
PP-0001987,WH-02,MAT-0222,10693,2026-05-02T12:00:00+08:00,2026-05-04T02:00:00+08:00,completed,normal,0.6394,2026-05-03T00:00:00+08:00
PP-0001988,WH-04,MAT-0173,5229,2025-11-05T10:00:00+08:00,2025-11-07T09:00:00+08:00,at_risk,normal,0.6935,2025-11-07T08:00:00+08:00
PP-0001989,WH-04,MAT-0058,1147,2025-11-11T19:00:00+08:00,2025-11-14T22:00:00+08:00,completed,normal,0.6047,2025-11-13T02:00:00+08:00
PP-0001990,WH-04,MAT-0043,2508,2025-08-28T18:00:00+08:00,2025-08-31T04:00:00+08:00,paused,high,0.5817,2025-08-30T02:00:00+08:00
PP-0001991,WH-04,MAT-0239,12914,2026-03-27T17:00:00+08:00,2026-04-01T05:00:00+08:00,completed,normal,0.6712,2026-03-29T09:00:00+08:00
PP-0001992,WH-02,MAT-0223,17345,2026-06-20T19:00:00+08:00,2026-06-25T14:00:00+08:00,released,high,0.7325,2026-06-15T08:00:00+08:00
PP-0001993,WH-04,MAT-0038,4834,2025-10-15T15:00:00+08:00,2025-10-18T07:00:00+08:00,completed,high,0.9328,2025-10-17T12:00:00+08:00
PP-0001994,WH-02,MAT-0026,10592,2025-08-12T15:00:00+08:00,2025-08-14T21:00:00+08:00,released,normal,0.5517,2025-08-13T17:00:00+08:00
PP-0001995,WH-04,MAT-0194,19466,2026-03-05T19:00:00+08:00,2026-03-07T04:00:00+08:00,at_risk,normal,0.6118,2026-03-07T01:00:00+08:00
PP-0001996,WH-04,MAT-0024,14106,2026-07-16T12:00:00+08:00,2026-07-17T03:00:00+08:00,completed,high,0.7439,2026-06-15T08:00:00+08:00
PP-0001997,WH-04,MAT-0199,980,2025-07-06T07:00:00+08:00,2025-07-09T17:00:00+08:00,completed,urgent,0.8056,2025-07-07T10:00:00+08:00
PP-0001998,WH-04,MAT-0020,16542,2025-10-18T14:00:00+08:00,2025-10-19T12:00:00+08:00,planned,normal,0.5695,2025-10-18T15:00:00+08:00
PP-0001999,WH-02,MAT-0065,15651,2026-04-03T06:00:00+08:00,2026-04-07T14:00:00+08:00,planned,high,0.6719,2026-04-05T06:00:00+08:00
PP-0002000,WH-02,MAT-0139,18468,2025-09-01T22:00:00+08:00,2025-09-05T03:00:00+08:00,planned,normal,0.9472,2025-09-03T09:00:00+08:00
