purchase_order_line_id,purchase_order_id,line_no,material_id,ordered_qty,received_qty,unit_cost,line_amount,warehouse_id,updated_at
PO-202602-000001-01,PO-202602-000001,1,MAT-0123,704,310,127.83,89992.32,WH-05,2026-03-12T03:10:00+08:00
PO-202601-000002-01,PO-202601-000002,1,MAT-0050,11411,11411,788.34,8995747.74,WH-04,2026-01-27T11:04:00+08:00
PO-202601-000002-02,PO-202601-000002,2,MAT-0209,335,335,1312.18,439580.3,WH-02,2026-02-06T11:04:00+08:00
PO-202601-000002-03,PO-202601-000002,3,MAT-0069,5589,5589,493.44,2757836.16,WH-02,2026-02-01T11:04:00+08:00
PO-202511-000003-01,PO-202511-000003,1,MAT-0157,8531,3177,231.61,1975864.91,WH-03,2025-12-12T14:34:00+08:00
PO-202511-000003-02,PO-202511-000003,2,MAT-0029,8308,2595,452.66,3760699.28,WH-06,2025-11-21T14:34:00+08:00
PO-202511-000004-01,PO-202511-000004,1,MAT-0080,5921,5921,204.09,1208416.89,WH-06,2025-12-08T10:03:00+08:00
PO-202511-000004-02,PO-202511-000004,2,MAT-0056,9228,9228,361.29,3333984.12,WH-03,2025-11-20T10:03:00+08:00
PO-202511-000004-03,PO-202511-000004,3,MAT-0054,5275,5275,659.88,3480867.0,WH-06,2025-11-13T10:03:00+08:00
PO-202511-000004-04,PO-202511-000004,4,MAT-0164,5931,5931,591.82,3510084.42,WH-03,2025-12-16T10:03:00+08:00
PO-202510-000005-01,PO-202510-000005,1,MAT-0063,3463,3463,114.62,396929.06,WH-05,2025-11-19T19:55:00+08:00
PO-202510-000005-02,PO-202510-000005,2,MAT-0112,11445,11445,19.03,217798.35,WH-06,2025-10-19T19:55:00+08:00
PO-202510-000005-03,PO-202510-000005,3,MAT-0039,1938,1938,1047.13,2029337.94,WH-03,2025-11-11T19:55:00+08:00
PO-202512-000006-01,PO-202512-000006,1,MAT-0120,3264,3264,16.96,55357.44,WH-04,2025-12-27T03:32:00+08:00
PO-202512-000006-02,PO-202512-000006,2,MAT-0085,2188,2188,448.29,980858.52,WH-06,2026-01-02T03:32:00+08:00
PO-202605-000007-01,PO-202605-000007,1,MAT-0232,11087,2694,872.41,9672409.67,WH-04,2026-05-31T03:32:00+08:00
PO-202605-000007-02,PO-202605-000007,2,MAT-0043,4334,1932,297.64,1289971.76,WH-06,2026-05-19T03:32:00+08:00
PO-202605-000007-03,PO-202605-000007,3,MAT-0190,6422,4334,168.92,1084804.24,WH-04,2026-05-18T03:32:00+08:00
PO-202605-000008-01,PO-202605-000008,1,MAT-0164,3421,3421,591.82,2024616.22,WH-02,2026-05-20T08:13:00+08:00
PO-202509-000009-01,PO-202509-000009,1,MAT-0204,7860,7860,226.74,1782176.4,WH-05,2025-09-24T00:48:00+08:00
PO-202508-000010-01,PO-202508-000010,1,MAT-0182,5914,2832,330.54,1954813.56,WH-01,2025-09-02T08:52:00+08:00
PO-202508-000010-02,PO-202508-000010,2,MAT-0096,6322,2839,305.92,1934026.24,WH-05,2025-09-04T08:52:00+08:00
PO-202508-000010-03,PO-202508-000010,3,MAT-0090,7714,333,3.95,30470.3,WH-06,2025-09-10T08:52:00+08:00
PO-202508-000010-04,PO-202508-000010,4,MAT-0236,686,51,618.58,424345.88,WH-01,2025-08-06T08:52:00+08:00
PO-202511-000011-01,PO-202511-000011,1,MAT-0074,4415,4415,15.83,69889.45,WH-02,2025-12-26T05:45:00+08:00
PO-202511-000011-02,PO-202511-000011,2,MAT-0187,6476,6476,32.84,212671.84,WH-06,2025-12-23T05:45:00+08:00
PO-202604-000012-01,PO-202604-000012,1,MAT-0093,6534,6534,1111.43,7262083.62,WH-04,2026-05-10T20:00:00+08:00
PO-202604-000012-02,PO-202604-000012,2,MAT-0082,1847,1847,347.52,641869.44,WH-03,2026-05-08T20:00:00+08:00
PO-202512-000013-01,PO-202512-000013,1,MAT-0070,10499,10499,149.56,1570230.44,WH-03,2026-01-20T01:06:00+08:00
PO-202512-000013-02,PO-202512-000013,2,MAT-0051,9978,9978,53.58,534621.24,WH-01,2026-01-08T01:06:00+08:00
PO-202509-000014-01,PO-202509-000014,1,MAT-0093,5787,5787,856.9,4958880.3,WH-05,2025-09-25T06:33:00+08:00
PO-202509-000014-02,PO-202509-000014,2,MAT-0189,1832,1832,1017.77,1864554.64,WH-04,2025-09-24T06:33:00+08:00
PO-202602-000015-01,PO-202602-000015,1,MAT-0077,547,547,6.25,3418.75,WH-04,2026-02-15T23:56:00+08:00
PO-202602-000015-02,PO-202602-000015,2,MAT-0020,5832,5832,246.47,1437413.04,WH-04,2026-03-03T23:56:00+08:00
PO-202602-000015-03,PO-202602-000015,3,MAT-0022,11709,11709,79.45,930280.05,WH-04,2026-03-12T23:56:00+08:00
PO-202602-000015-04,PO-202602-000015,4,MAT-0009,4700,4700,55.1,258970.0,WH-04,2026-02-18T23:56:00+08:00
PO-202508-000016-01,PO-202508-000016,1,MAT-0005,3222,2190,399.05,1285739.1,WH-06,2025-09-08T11:34:00+08:00
PO-202508-000016-02,PO-202508-000016,2,MAT-0200,11884,1202,374.88,4455073.92,WH-04,2025-09-14T11:34:00+08:00
PO-202508-000016-03,PO-202508-000016,3,MAT-0060,233,85,622.75,145100.75,WH-06,2025-09-27T11:34:00+08:00
PO-202510-000017-01,PO-202510-000017,1,MAT-0167,1733,1365,99.96,173230.68,WH-02,2025-11-17T15:33:00+08:00
PO-202510-000017-02,PO-202510-000017,2,MAT-0078,9380,3612,203.59,1909674.2,WH-02,2025-11-03T15:33:00+08:00
PO-202510-000017-03,PO-202510-000017,3,MAT-0021,11340,250,10.96,124286.4,WH-06,2025-10-29T15:33:00+08:00
PO-202508-000018-01,PO-202508-000018,1,MAT-0057,774,568,157.14,121626.36,WH-05,2025-09-12T16:11:00+08:00
PO-202507-000019-01,PO-202507-000019,1,MAT-0134,11143,11143,245.18,2732040.74,WH-04,2025-08-02T16:23:00+08:00
PO-202507-000019-02,PO-202507-000019,2,MAT-0044,3654,3654,13.42,49036.68,WH-04,2025-08-25T16:23:00+08:00
PO-202507-000019-03,PO-202507-000019,3,MAT-0172,11153,11153,658.33,7342354.49,WH-01,2025-08-20T16:23:00+08:00
PO-202507-000019-04,PO-202507-000019,4,MAT-0073,9322,9322,20.33,189516.26,WH-04,2025-08-29T16:23:00+08:00
PO-202511-000020-01,PO-202511-000020,1,MAT-0121,5130,467,170.39,874100.7,WH-02,2025-12-16T02:10:00+08:00
PO-202511-000020-02,PO-202511-000020,2,MAT-0204,10283,4041,206.52,2123645.16,WH-05,2025-12-14T02:10:00+08:00
PO-202509-000021-01,PO-202509-000021,1,MAT-0185,6047,2766,564.22,3411838.34,WH-03,2025-10-09T13:24:00+08:00
PO-202509-000021-02,PO-202509-000021,2,MAT-0199,6346,1280,677.99,4302524.54,WH-02,2025-10-22T13:24:00+08:00
PO-202509-000021-03,PO-202509-000021,3,MAT-0063,5638,3644,104.21,587535.98,WH-04,2025-10-10T13:24:00+08:00
PO-202508-000022-01,PO-202508-000022,1,MAT-0137,8064,3752,1299.03,10475377.92,WH-01,2025-09-02T05:07:00+08:00
PO-202508-000022-02,PO-202508-000022,2,MAT-0030,3187,538,20.57,65556.59,WH-06,2025-09-16T05:07:00+08:00
PO-202508-000022-03,PO-202508-000022,3,MAT-0174,9168,6166,5.75,52716.0,WH-03,2025-09-25T05:07:00+08:00
PO-202508-000022-04,PO-202508-000022,4,MAT-0045,267,159,23.08,6162.36,WH-03,2025-09-18T05:07:00+08:00
PO-202603-000023-01,PO-202603-000023,1,MAT-0220,7339,7339,330.68,2426860.52,WH-01,2026-04-06T03:00:00+08:00
PO-202603-000023-02,PO-202603-000023,2,MAT-0034,9266,9266,42.93,397789.38,WH-02,2026-04-13T03:00:00+08:00
PO-202603-000023-03,PO-202603-000023,3,MAT-0147,6460,6460,605.73,3913015.8,WH-02,2026-04-03T03:00:00+08:00
PO-202511-000024-01,PO-202511-000024,1,MAT-0111,11864,11864,49.74,590115.36,WH-04,2025-12-07T08:20:00+08:00
PO-202511-000024-02,PO-202511-000024,2,MAT-0027,11664,11664,637.57,7436616.48,WH-03,2025-12-07T08:20:00+08:00
PO-202507-000025-01,PO-202507-000025,1,MAT-0003,5570,5570,278.84,1553138.8,WH-04,2025-08-08T18:12:00+08:00
PO-202507-000025-02,PO-202507-000025,2,MAT-0220,2291,2291,305.52,699946.32,WH-04,2025-08-06T18:12:00+08:00
PO-202507-000025-03,PO-202507-000025,3,MAT-0097,7894,7894,747.22,5898554.68,WH-05,2025-07-29T18:12:00+08:00
PO-202511-000026-01,PO-202511-000026,1,MAT-0228,5577,5577,9.87,55044.99,WH-03,2025-11-27T11:30:00+08:00
PO-202511-000026-02,PO-202511-000026,2,MAT-0240,2763,2763,124.5,343993.5,WH-05,2025-11-30T11:30:00+08:00
PO-202511-000026-03,PO-202511-000026,3,MAT-0061,2506,2506,397.83,996961.98,WH-04,2025-11-16T11:30:00+08:00
PO-202509-000027-01,PO-202509-000027,1,MAT-0086,1255,1255,89.31,112084.05,WH-04,2025-10-14T21:24:00+08:00
PO-202509-000027-02,PO-202509-000027,2,MAT-0074,5634,5634,17.14,96566.76,WH-03,2025-10-01T21:24:00+08:00
PO-202509-000027-03,PO-202509-000027,3,MAT-0115,11029,11029,362.79,4001210.91,WH-05,2025-11-08T21:24:00+08:00
PO-202602-000028-01,PO-202602-000028,1,MAT-0077,5438,5438,6.82,37087.16,WH-02,2026-04-05T14:43:00+08:00
PO-202602-000028-02,PO-202602-000028,2,MAT-0134,4025,4025,205.17,825809.25,WH-05,2026-03-20T14:43:00+08:00
PO-202602-000028-03,PO-202602-000028,3,MAT-0087,5658,5658,45.7,258570.6,WH-04,2026-03-03T14:43:00+08:00
PO-202605-000029-01,PO-202605-000029,1,MAT-0084,7302,706,409.94,2993381.88,WH-06,2026-06-15T08:00:00+08:00
PO-202606-000030-01,PO-202606-000030,1,MAT-0207,7819,2500,295.67,2311843.73,WH-03,2026-06-15T08:00:00+08:00
PO-202606-000030-02,PO-202606-000030,2,MAT-0179,11498,3527,678.57,7802197.86,WH-01,2026-06-15T08:00:00+08:00
PO-202606-000030-03,PO-202606-000030,3,MAT-0189,8160,4659,787.25,6423960.0,WH-05,2026-06-15T08:00:00+08:00
PO-202606-000030-04,PO-202606-000030,4,MAT-0086,779,347,120.6,93947.4,WH-01,2026-06-15T08:00:00+08:00
PO-202604-000031-01,PO-202604-000031,1,MAT-0017,11797,9165,84.67,998851.99,WH-03,2026-06-02T23:45:00+08:00
PO-202604-000031-02,PO-202604-000031,2,MAT-0173,10334,258,754.43,7796279.62,WH-04,2026-06-02T23:45:00+08:00
PO-202602-000032-01,PO-202602-000032,1,MAT-0174,1614,1614,4.62,7456.68,WH-01,2026-02-21T17:51:00+08:00
PO-202507-000033-01,PO-202507-000033,1,MAT-0111,10859,806,48.12,522535.08,WH-01,2025-08-06T18:01:00+08:00
PO-202507-000033-02,PO-202507-000033,2,MAT-0035,5153,832,9.68,49881.04,WH-06,2025-08-19T18:01:00+08:00
PO-202507-000033-03,PO-202507-000033,3,MAT-0063,2806,1999,104.21,292413.26,WH-04,2025-08-10T18:01:00+08:00
PO-202510-000034-01,PO-202510-000034,1,MAT-0010,10937,10937,849.95,9295903.15,WH-04,2025-11-17T20:28:00+08:00
PO-202510-000034-02,PO-202510-000034,2,MAT-0076,10524,10524,324.05,3410302.2,WH-04,2025-10-29T20:28:00+08:00
PO-202510-000034-03,PO-202510-000034,3,MAT-0097,2743,2743,953.91,2616575.13,WH-02,2025-10-17T20:28:00+08:00
PO-202510-000034-04,PO-202510-000034,4,MAT-0174,3384,3384,4.62,15634.08,WH-04,2025-11-20T20:28:00+08:00
PO-202508-000035-01,PO-202508-000035,1,MAT-0156,1380,588,21.63,29849.4,WH-05,2025-09-03T13:40:00+08:00
PO-202508-000035-02,PO-202508-000035,2,MAT-0090,11261,1826,3.95,44480.95,WH-03,2025-09-07T13:40:00+08:00
PO-202508-000035-03,PO-202508-000035,3,MAT-0051,10402,5240,45.75,475891.5,WH-04,2025-09-20T13:40:00+08:00
PO-202507-000036-01,PO-202507-000036,1,MAT-0191,3760,1341,392.15,1474484.0,WH-03,2025-08-03T19:39:00+08:00
PO-202507-000036-02,PO-202507-000036,2,MAT-0038,6806,739,575.89,3919507.34,WH-03,2025-07-28T19:39:00+08:00
PO-202507-000036-03,PO-202507-000036,3,MAT-0095,6696,3042,315.01,2109306.96,WH-01,2025-07-10T19:39:00+08:00
PO-202510-000037-01,PO-202510-000037,1,MAT-0031,9975,9975,719.01,7172124.75,WH-06,2025-12-11T07:12:00+08:00
PO-202510-000037-02,PO-202510-000037,2,MAT-0232,511,511,906.56,463252.16,WH-03,2025-12-10T07:12:00+08:00
PO-202604-000038-01,PO-202604-000038,1,MAT-0147,9063,9063,678.43,6148611.09,WH-04,2026-05-12T14:20:00+08:00
PO-202604-000038-02,PO-202604-000038,2,MAT-0221,7441,7441,243.43,1811362.63,WH-01,2026-06-09T14:20:00+08:00
PO-202604-000038-03,PO-202604-000038,3,MAT-0178,10879,10879,340.83,3707889.57,WH-06,2026-05-24T14:20:00+08:00
PO-202604-000038-04,PO-202604-000038,4,MAT-0002,5907,5907,1258.46,7433723.22,WH-05,2026-05-18T14:20:00+08:00
PO-202512-000039-01,PO-202512-000039,1,MAT-0026,7107,3332,942.62,6699200.34,WH-05,2026-01-11T03:40:00+08:00
PO-202512-000039-02,PO-202512-000039,2,MAT-0125,757,64,761.81,576690.17,WH-06,2026-01-18T03:40:00+08:00
PO-202602-000040-01,PO-202602-000040,1,MAT-0010,4134,1391,849.95,3513693.3,WH-05,2026-03-18T09:20:00+08:00
PO-202602-000040-02,PO-202602-000040,2,MAT-0227,8170,2735,752.63,6148987.1,WH-05,2026-03-13T09:20:00+08:00
PO-202601-000041-01,PO-202601-000041,1,MAT-0203,3037,3037,658.92,2001140.04,WH-05,2026-03-06T05:03:00+08:00
PO-202601-000041-02,PO-202601-000041,2,MAT-0096,1998,1998,318.05,635463.9,WH-06,2026-02-20T05:03:00+08:00
PO-202512-000042-01,PO-202512-000042,1,MAT-0154,7557,7557,97.39,735976.23,WH-04,2026-01-31T11:37:00+08:00
PO-202512-000042-02,PO-202512-000042,2,MAT-0062,6424,6424,929.3,5969823.2,WH-04,2026-01-13T11:37:00+08:00
PO-202512-000042-03,PO-202512-000042,3,MAT-0008,837,837,405.9,339738.3,WH-02,2026-02-01T11:37:00+08:00
PO-202605-000043-01,PO-202605-000043,1,MAT-0128,3228,1433,54.58,176184.24,WH-02,2026-05-31T06:50:00+08:00
PO-202605-000043-02,PO-202605-000043,2,MAT-0052,10599,7890,106.63,1130171.37,WH-05,2026-06-11T06:50:00+08:00
PO-202605-000043-03,PO-202605-000043,3,MAT-0221,4900,466,288.92,1415708.0,WH-03,2026-05-27T06:50:00+08:00
PO-202602-000044-01,PO-202602-000044,1,MAT-0080,1194,663,256.21,305914.74,WH-02,2026-03-18T20:06:00+08:00
PO-202602-000044-02,PO-202602-000044,2,MAT-0180,7810,3029,192.8,1505768.0,WH-05,2026-02-04T20:06:00+08:00
PO-202510-000045-01,PO-202510-000045,1,MAT-0036,11616,11616,122.35,1421217.6,WH-06,2025-10-20T11:04:00+08:00
PO-202510-000045-02,PO-202510-000045,2,MAT-0021,8623,8623,13.55,116841.65,WH-03,2025-11-18T11:04:00+08:00
PO-202510-000045-03,PO-202510-000045,3,MAT-0132,5577,5577,38.95,217224.15,WH-05,2025-10-10T11:04:00+08:00
PO-202604-000046-01,PO-202604-000046,1,MAT-0057,8657,8657,141.37,1223840.09,WH-04,2026-04-20T17:00:00+08:00
PO-202604-000046-02,PO-202604-000046,2,MAT-0214,9982,9982,140.78,1405265.96,WH-05,2026-04-20T17:00:00+08:00
PO-202604-000046-03,PO-202604-000046,3,MAT-0206,10302,10302,90.52,932537.04,WH-05,2026-05-22T17:00:00+08:00
PO-202511-000047-01,PO-202511-000047,1,MAT-0214,11942,6228,169.29,2021661.18,WH-05,2025-12-02T15:05:00+08:00
PO-202507-000048-01,PO-202507-000048,1,MAT-0210,5855,5855,58.71,343747.05,WH-04,2025-08-10T23:31:00+08:00
PO-202507-000048-02,PO-202507-000048,2,MAT-0087,2590,2590,45.7,118363.0,WH-03,2025-07-27T23:31:00+08:00
PO-202507-000048-03,PO-202507-000048,3,MAT-0103,4907,4907,766.51,3761264.57,WH-01,2025-07-31T23:31:00+08:00
PO-202507-000048-04,PO-202507-000048,4,MAT-0134,1401,1401,205.17,287443.17,WH-03,2025-07-11T23:31:00+08:00
PO-202604-000049-01,PO-202604-000049,1,MAT-0225,5423,2739,665.15,3607108.45,WH-06,2026-05-21T07:53:00+08:00
PO-202604-000049-02,PO-202604-000049,2,MAT-0140,11508,6459,135.22,1556111.76,WH-06,2026-05-07T07:53:00+08:00
PO-202604-000050-01,PO-202604-000050,1,MAT-0158,8353,3295,40.56,338797.68,WH-02,2026-05-07T08:12:00+08:00
PO-202604-000050-02,PO-202604-000050,2,MAT-0140,8235,4805,135.22,1113536.7,WH-06,2026-05-15T08:12:00+08:00
PO-202509-000051-01,PO-202509-000051,1,MAT-0173,2592,708,878.58,2277279.36,WH-02,2025-11-01T18:00:00+08:00
PO-202509-000051-02,PO-202509-000051,2,MAT-0091,4141,2683,68.87,285190.67,WH-05,2025-10-16T18:00:00+08:00
PO-202511-000052-01,PO-202511-000052,1,MAT-0097,5327,3977,953.91,5081478.57,WH-06,2025-12-03T08:17:00+08:00
PO-202511-000052-02,PO-202511-000052,2,MAT-0076,2218,12,324.05,718742.9,WH-02,2025-12-28T08:17:00+08:00
PO-202511-000052-03,PO-202511-000052,3,MAT-0064,8668,6100,107.24,929556.32,WH-04,2025-12-30T08:17:00+08:00
PO-202509-000053-01,PO-202509-000053,1,MAT-0116,8499,8499,102.86,874207.14,WH-05,2025-10-06T21:24:00+08:00
PO-202509-000053-02,PO-202509-000053,2,MAT-0087,5727,5727,38.82,222322.14,WH-04,2025-10-02T21:24:00+08:00
PO-202512-000054-01,PO-202512-000054,1,MAT-0042,4820,4820,426.07,2053657.4,WH-02,2026-01-21T06:13:00+08:00
PO-202605-000055-01,PO-202605-000055,1,MAT-0027,7848,5217,636.04,4991641.92,WH-01,2026-06-07T07:12:00+08:00
PO-202605-000055-02,PO-202605-000055,2,MAT-0156,4499,2289,20.58,92589.42,WH-04,2026-06-12T07:12:00+08:00
PO-202605-000055-03,PO-202605-000055,3,MAT-0059,8470,4081,766.52,6492424.4,WH-02,2026-05-20T07:12:00+08:00
PO-202605-000055-04,PO-202605-000055,4,MAT-0081,1431,347,690.28,987790.68,WH-03,2026-06-04T07:12:00+08:00
PO-202602-000056-01,PO-202602-000056,1,MAT-0053,6449,1392,34.85,224747.65,WH-02,2026-03-22T02:32:00+08:00
PO-202602-000056-02,PO-202602-000056,2,MAT-0076,4988,1463,300.89,1500839.32,WH-04,2026-02-27T02:32:00+08:00
PO-202602-000056-03,PO-202602-000056,3,MAT-0102,5141,4053,53.48,274940.68,WH-01,2026-03-23T02:32:00+08:00
PO-202511-000057-01,PO-202511-000057,1,MAT-0113,2197,2197,106.49,233958.53,WH-01,2025-11-27T10:01:00+08:00
PO-202511-000057-02,PO-202511-000057,2,MAT-0030,8422,8422,26.03,219224.66,WH-05,2025-11-26T10:01:00+08:00
PO-202511-000057-03,PO-202511-000057,3,MAT-0138,11106,11106,190.55,2116248.3,WH-01,2025-12-09T10:01:00+08:00
PO-202511-000057-04,PO-202511-000057,4,MAT-0189,2761,2761,1017.77,2810062.97,WH-05,2025-11-29T10:01:00+08:00
PO-202509-000058-01,PO-202509-000058,1,MAT-0137,10244,7120,934.81,9576193.64,WH-05,2025-10-30T04:17:00+08:00
PO-202509-000058-02,PO-202509-000058,2,MAT-0077,9365,3761,6.82,63869.3,WH-04,2025-09-22T04:17:00+08:00
PO-202509-000058-03,PO-202509-000058,3,MAT-0150,11020,2413,13.77,151745.4,WH-03,2025-10-31T04:17:00+08:00
PO-202601-000059-01,PO-202601-000059,1,MAT-0160,9763,2744,288.59,2817504.17,WH-06,2026-02-17T18:16:00+08:00
PO-202601-000059-02,PO-202601-000059,2,MAT-0017,1799,1393,85.83,154408.17,WH-02,2026-02-02T18:16:00+08:00
PO-202511-000060-01,PO-202511-000060,1,MAT-0181,10971,10971,193.53,2123217.63,WH-03,2025-12-18T15:38:00+08:00
PO-202511-000060-02,PO-202511-000060,2,MAT-0130,9789,9789,658.32,6444294.48,WH-01,2025-11-22T15:38:00+08:00
PO-202512-000061-01,PO-202512-000061,1,MAT-0034,6928,524,42.93,297419.04,WH-01,2026-01-17T12:24:00+08:00
PO-202604-000062-01,PO-202604-000062,1,MAT-0098,5055,2822,84.3,426136.5,WH-01,2026-05-18T10:59:00+08:00
PO-202604-000062-02,PO-202604-000062,2,MAT-0061,6510,3159,386.25,2514487.5,WH-02,2026-04-29T10:59:00+08:00
PO-202604-000063-01,PO-202604-000063,1,MAT-0222,7806,1173,554.16,4325772.96,WH-06,2026-04-25T16:14:00+08:00
PO-202507-000064-01,PO-202507-000064,1,MAT-0071,10504,7575,26.69,280351.76,WH-06,2025-07-25T06:32:00+08:00
PO-202507-000064-02,PO-202507-000064,2,MAT-0162,606,386,42.66,25851.96,WH-06,2025-07-27T06:32:00+08:00
PO-202507-000064-03,PO-202507-000064,3,MAT-0057,8294,1492,129.71,1075814.74,WH-01,2025-07-16T06:32:00+08:00
PO-202507-000064-04,PO-202507-000064,4,MAT-0115,2833,477,332.3,941405.9,WH-05,2025-07-27T06:32:00+08:00
PO-202509-000065-01,PO-202509-000065,1,MAT-0219,11919,11919,30.7,365913.3,WH-01,2025-10-31T03:06:00+08:00
PO-202509-000065-02,PO-202509-000065,2,MAT-0057,10916,10916,129.71,1415914.36,WH-06,2025-10-09T03:06:00+08:00
PO-202507-000066-01,PO-202507-000066,1,MAT-0032,11224,11224,391.41,4393185.84,WH-03,2025-08-13T19:50:00+08:00
PO-202507-000066-02,PO-202507-000066,2,MAT-0213,7359,7359,292.46,2152213.14,WH-03,2025-07-31T19:50:00+08:00
PO-202603-000067-01,PO-202603-000067,1,MAT-0085,4005,985,429.96,1721989.8,WH-01,2026-03-19T17:14:00+08:00
PO-202511-000068-01,PO-202511-000068,1,MAT-0181,7324,7324,222.87,1632299.88,WH-03,2025-12-10T16:48:00+08:00
PO-202602-000069-01,PO-202602-000069,1,MAT-0227,11225,8427,970.77,10896893.25,WH-01,2026-03-07T10:57:00+08:00
PO-202506-000070-01,PO-202506-000070,1,MAT-0020,8266,8266,235.01,1942592.66,WH-02,2025-07-14T01:46:00+08:00
PO-202506-000070-02,PO-202506-000070,2,MAT-0205,979,979,393.28,385021.12,WH-01,2025-07-12T01:46:00+08:00
PO-202603-000071-01,PO-202603-000071,1,MAT-0190,8188,4354,148.59,1216654.92,WH-03,2026-03-29T00:20:00+08:00
PO-202603-000071-02,PO-202603-000071,2,MAT-0109,6324,4911,39.12,247394.88,WH-06,2026-04-04T00:20:00+08:00
PO-202511-000072-01,PO-202511-000072,1,MAT-0021,4231,4231,10.96,46371.76,WH-01,2025-12-21T14:56:00+08:00
PO-202511-000072-02,PO-202511-000072,2,MAT-0046,3236,3236,1416.2,4582823.2,WH-06,2025-12-13T14:56:00+08:00
PO-202605-000073-01,PO-202605-000073,1,MAT-0100,4172,573,350.09,1460575.48,WH-01,2026-06-15T08:00:00+08:00
PO-202511-000074-01,PO-202511-000074,1,MAT-0220,1525,1525,330.68,504287.0,WH-01,2025-12-14T07:00:00+08:00
PO-202511-000074-02,PO-202511-000074,2,MAT-0147,7413,7413,605.73,4490276.49,WH-05,2025-12-02T07:00:00+08:00
PO-202506-000075-01,PO-202506-000075,1,MAT-0123,1722,1722,135.01,232487.22,WH-05,2025-08-08T07:15:00+08:00
PO-202506-000075-02,PO-202506-000075,2,MAT-0032,8597,8597,391.41,3364951.77,WH-03,2025-06-26T07:15:00+08:00
PO-202506-000075-03,PO-202506-000075,3,MAT-0235,4150,4150,138.5,574775.0,WH-05,2025-07-17T07:15:00+08:00
PO-202512-000076-01,PO-202512-000076,1,MAT-0182,9894,9894,377.29,3732907.26,WH-04,2026-01-21T20:12:00+08:00
PO-202512-000076-02,PO-202512-000076,2,MAT-0206,6484,6484,81.22,526630.48,WH-03,2026-02-06T20:12:00+08:00
PO-202512-000076-03,PO-202512-000076,3,MAT-0036,7591,7591,115.22,874635.02,WH-04,2026-02-06T20:12:00+08:00
PO-202512-000076-04,PO-202512-000076,4,MAT-0093,3926,3926,885.66,3477101.16,WH-06,2026-02-04T20:12:00+08:00
PO-202511-000077-01,PO-202511-000077,1,MAT-0120,3753,749,15.07,56557.71,WH-02,2025-12-11T11:14:00+08:00
PO-202511-000077-02,PO-202511-000077,2,MAT-0190,9777,6195,180.94,1769050.38,WH-06,2025-12-29T11:14:00+08:00
PO-202511-000077-03,PO-202511-000077,3,MAT-0089,1314,838,205.64,270210.96,WH-04,2025-12-04T11:14:00+08:00
PO-202511-000077-04,PO-202511-000077,4,MAT-0068,11775,5273,135.85,1599633.75,WH-06,2026-01-11T11:14:00+08:00
PO-202604-000078-01,PO-202604-000078,1,MAT-0038,2129,2129,640.66,1363965.14,WH-03,2026-05-01T03:51:00+08:00
PO-202604-000078-02,PO-202604-000078,2,MAT-0232,11675,11675,872.41,10185386.75,WH-06,2026-04-10T03:51:00+08:00
PO-202603-000079-01,PO-202603-000079,1,MAT-0099,3572,3572,47.97,171348.84,WH-04,2026-04-04T06:51:00+08:00
PO-202603-000079-02,PO-202603-000079,2,MAT-0084,1008,1008,409.94,413219.52,WH-05,2026-04-20T06:51:00+08:00
PO-202603-000079-03,PO-202603-000079,3,MAT-0097,2426,2426,973.6,2361953.6,WH-05,2026-04-18T06:51:00+08:00
PO-202603-000079-04,PO-202603-000079,4,MAT-0197,8868,8868,328.78,2915621.04,WH-01,2026-04-25T06:51:00+08:00
PO-202604-000080-01,PO-202604-000080,1,MAT-0015,6896,4997,294.84,2033216.64,WH-06,2026-05-07T03:47:00+08:00
PO-202604-000080-02,PO-202604-000080,2,MAT-0154,7633,1738,97.39,743377.87,WH-02,2026-05-28T03:47:00+08:00
PO-202603-000081-01,PO-202603-000081,1,MAT-0104,3084,326,822.6,2536898.4,WH-04,2026-03-17T02:48:00+08:00
PO-202603-000081-02,PO-202603-000081,2,MAT-0215,10342,1227,70.16,725594.72,WH-02,2026-03-19T02:48:00+08:00
PO-202603-000081-03,PO-202603-000081,3,MAT-0051,1731,942,45.75,79193.25,WH-06,2026-04-15T02:48:00+08:00
PO-202603-000081-04,PO-202603-000081,4,MAT-0006,7689,3891,392.6,3018701.4,WH-05,2026-03-25T02:48:00+08:00
PO-202511-000082-01,PO-202511-000082,1,MAT-0145,1624,1624,88.43,143610.32,WH-06,2025-12-19T00:42:00+08:00
PO-202511-000082-02,PO-202511-000082,2,MAT-0018,10833,10833,27.37,296499.21,WH-04,2025-12-15T00:42:00+08:00
PO-202511-000082-03,PO-202511-000082,3,MAT-0163,6860,6860,437.15,2998849.0,WH-04,2025-12-14T00:42:00+08:00
PO-202604-000083-01,PO-202604-000083,1,MAT-0066,7678,2611,175.61,1348333.58,WH-05,2026-06-02T21:40:00+08:00
PO-202507-000084-01,PO-202507-000084,1,MAT-0024,11062,4910,16.94,187390.28,WH-03,2025-07-28T21:02:00+08:00
PO-202507-000084-02,PO-202507-000084,2,MAT-0017,1622,704,85.83,139216.26,WH-05,2025-07-21T21:02:00+08:00
PO-202507-000084-03,PO-202507-000084,3,MAT-0103,6708,4523,607.08,4072292.64,WH-04,2025-08-12T21:02:00+08:00
PO-202507-000084-04,PO-202507-000084,4,MAT-0028,1174,822,1234.22,1448974.28,WH-05,2025-08-27T21:02:00+08:00
PO-202603-000085-01,PO-202603-000085,1,MAT-0084,6759,6759,440.07,2974433.13,WH-01,2026-03-09T07:18:00+08:00
PO-202603-000085-02,PO-202603-000085,2,MAT-0195,4629,4629,1.61,7452.69,WH-05,2026-03-08T07:18:00+08:00
PO-202507-000086-01,PO-202507-000086,1,MAT-0081,9830,5973,663.41,6521320.3,WH-06,2025-08-14T18:37:00+08:00
PO-202606-000087-01,PO-202606-000087,1,MAT-0127,10009,6842,1059.14,10600932.26,WH-06,2026-06-15T08:00:00+08:00
PO-202606-000087-02,PO-202606-000087,2,MAT-0199,8159,2284,640.62,5226818.58,WH-03,2026-06-05T15:24:00+08:00
PO-202511-000088-01,PO-202511-000088,1,MAT-0184,3340,1529,248.54,830123.6,WH-02,2025-11-22T15:31:00+08:00
PO-202511-000088-02,PO-202511-000088,2,MAT-0035,9596,6268,13.3,127626.8,WH-05,2025-12-31T15:31:00+08:00
PO-202509-000089-01,PO-202509-000089,1,MAT-0087,7098,3129,39.91,283281.18,WH-01,2025-10-13T16:54:00+08:00
PO-202509-000089-02,PO-202509-000089,2,MAT-0132,8301,759,49.51,410982.51,WH-05,2025-09-06T16:54:00+08:00
PO-202509-000089-03,PO-202509-000089,3,MAT-0156,8734,4499,20.1,175553.4,WH-02,2025-09-02T16:54:00+08:00
PO-202605-000090-01,PO-202605-000090,1,MAT-0172,3999,510,678.5,2713321.5,WH-01,2026-06-15T08:00:00+08:00
PO-202605-000090-02,PO-202605-000090,2,MAT-0020,3522,684,235.01,827705.22,WH-01,2026-06-15T08:00:00+08:00
PO-202605-000090-03,PO-202605-000090,3,MAT-0131,6927,3965,458.76,3177830.52,WH-06,2026-06-15T08:00:00+08:00
PO-202605-000090-04,PO-202605-000090,4,MAT-0151,2547,518,145.92,371658.24,WH-02,2026-06-12T16:18:00+08:00
PO-202601-000091-01,PO-202601-000091,1,MAT-0239,11416,5435,485.34,5540641.44,WH-03,2026-01-30T20:15:00+08:00
PO-202601-000091-02,PO-202601-000091,2,MAT-0027,1292,417,578.77,747770.84,WH-05,2026-01-22T20:15:00+08:00
PO-202601-000091-03,PO-202601-000091,3,MAT-0035,8304,4573,10.3,85531.2,WH-01,2026-02-08T20:15:00+08:00
PO-202509-000092-01,PO-202509-000092,1,MAT-0093,4158,2097,1111.43,4621325.94,WH-04,2025-10-14T05:29:00+08:00
PO-202509-000092-02,PO-202509-000092,2,MAT-0001,2072,911,183.77,380771.44,WH-04,2025-10-30T05:29:00+08:00
PO-202601-000093-01,PO-202601-000093,1,MAT-0066,1886,780,202.3,381537.8,WH-01,2026-02-16T06:41:00+08:00
PO-202601-000093-02,PO-202601-000093,2,MAT-0007,8200,4803,1230.87,10093134.0,WH-02,2026-01-14T06:41:00+08:00
PO-202601-000093-03,PO-202601-000093,3,MAT-0158,934,362,33.79,31559.86,WH-03,2026-02-02T06:41:00+08:00
PO-202601-000093-04,PO-202601-000093,4,MAT-0014,8881,1050,247.92,2201777.52,WH-04,2026-02-02T06:41:00+08:00
PO-202511-000094-01,PO-202511-000094,1,MAT-0090,503,503,4.92,2474.76,WH-06,2026-01-09T09:48:00+08:00
PO-202511-000094-02,PO-202511-000094,2,MAT-0052,672,672,89.16,59915.52,WH-04,2025-12-26T09:48:00+08:00
PO-202511-000094-03,PO-202511-000094,3,MAT-0156,3955,3955,17.57,69489.35,WH-01,2026-01-07T09:48:00+08:00
PO-202510-000095-01,PO-202510-000095,1,MAT-0173,7111,7111,754.43,5364751.73,WH-06,2025-11-25T10:23:00+08:00
PO-202508-000096-01,PO-202508-000096,1,MAT-0178,9471,9471,340.83,3228000.93,WH-02,2025-09-20T08:55:00+08:00
PO-202508-000096-02,PO-202508-000096,2,MAT-0077,3210,3210,5.52,17719.2,WH-06,2025-09-14T08:55:00+08:00
PO-202509-000097-01,PO-202509-000097,1,MAT-0077,1792,1792,5.52,9891.84,WH-06,2025-10-14T22:25:00+08:00
PO-202509-000097-02,PO-202509-000097,2,MAT-0178,4557,4557,340.83,1553162.31,WH-01,2025-09-03T22:25:00+08:00
PO-202509-000097-03,PO-202509-000097,3,MAT-0147,7061,7061,678.43,4790394.23,WH-01,2025-09-24T22:25:00+08:00
PO-202509-000097-04,PO-202509-000097,4,MAT-0002,4763,4763,1258.46,5994044.98,WH-02,2025-09-14T22:25:00+08:00
PO-202603-000098-01,PO-202603-000098,1,MAT-0121,1250,106,195.03,243787.5,WH-01,2026-03-29T05:03:00+08:00
PO-202603-000098-02,PO-202603-000098,2,MAT-0134,8808,4719,261.18,2300473.44,WH-06,2026-05-01T05:03:00+08:00
PO-202603-000098-03,PO-202603-000098,3,MAT-0186,9155,385,429.11,3928502.05,WH-04,2026-04-12T05:03:00+08:00
PO-202601-000099-01,PO-202601-000099,1,MAT-0198,8514,8514,16.86,143546.04,WH-04,2026-02-07T16:18:00+08:00
PO-202601-000099-02,PO-202601-000099,2,MAT-0034,3417,3417,43.33,148058.61,WH-01,2026-03-09T16:18:00+08:00
PO-202603-000100-01,PO-202603-000100,1,MAT-0041,6644,6644,451.95,3002755.8,WH-02,2026-03-31T15:52:00+08:00
PO-202603-000100-02,PO-202603-000100,2,MAT-0052,6725,6725,95.32,641027.0,WH-03,2026-05-12T15:52:00+08:00
PO-202603-000100-03,PO-202603-000100,3,MAT-0168,5638,5638,482.97,2722984.86,WH-02,2026-04-10T15:52:00+08:00
PO-202603-000100-04,PO-202603-000100,4,MAT-0136,7917,7917,735.13,5820024.21,WH-03,2026-04-22T15:52:00+08:00
PO-202509-000101-01,PO-202509-000101,1,MAT-0146,10276,10276,476.9,4900624.4,WH-06,2025-09-11T06:54:00+08:00
PO-202508-000102-01,PO-202508-000102,1,MAT-0214,4828,2229,169.29,817332.12,WH-05,2025-09-06T02:10:00+08:00
PO-202508-000102-02,PO-202508-000102,2,MAT-0045,10673,6348,24.75,264156.75,WH-03,2025-09-15T02:10:00+08:00
PO-202508-000102-03,PO-202508-000102,3,MAT-0141,6841,2255,227.47,1556122.27,WH-06,2025-08-25T02:10:00+08:00
PO-202508-000102-04,PO-202508-000102,4,MAT-0124,3144,1517,544.44,1711719.36,WH-02,2025-09-16T02:10:00+08:00
PO-202603-000103-01,PO-202603-000103,1,MAT-0073,7026,7026,23.67,166305.42,WH-01,2026-04-26T11:13:00+08:00
PO-202603-000103-02,PO-202603-000103,2,MAT-0014,3203,3203,247.92,794087.76,WH-02,2026-03-30T11:13:00+08:00
PO-202603-000103-03,PO-202603-000103,3,MAT-0007,3284,3284,1230.87,4042177.08,WH-02,2026-03-30T11:13:00+08:00
PO-202510-000104-01,PO-202510-000104,1,MAT-0182,3456,743,330.54,1142346.24,WH-05,2025-11-11T22:56:00+08:00
PO-202510-000104-02,PO-202510-000104,2,MAT-0051,3574,911,45.75,163510.5,WH-03,2025-11-23T22:56:00+08:00
PO-202511-000105-01,PO-202511-000105,1,MAT-0191,8694,8694,378.06,3286853.64,WH-04,2025-12-05T18:00:00+08:00
PO-202511-000105-02,PO-202511-000105,2,MAT-0159,9076,9076,18.09,164184.84,WH-05,2026-01-12T18:00:00+08:00
PO-202511-000105-03,PO-202511-000105,3,MAT-0097,3336,3336,713.55,2380402.8,WH-06,2025-12-25T18:00:00+08:00
PO-202511-000105-04,PO-202511-000105,4,MAT-0126,3890,3890,407.73,1586069.7,WH-06,2025-12-14T18:00:00+08:00
PO-202602-000106-01,PO-202602-000106,1,MAT-0167,4677,1486,87.51,409284.27,WH-02,2026-02-13T19:21:00+08:00
PO-202507-000107-01,PO-202507-000107,1,MAT-0163,2615,1530,462.82,1210274.3,WH-04,2025-08-10T17:22:00+08:00
PO-202507-000107-02,PO-202507-000107,2,MAT-0131,8311,4131,528.17,4389620.87,WH-05,2025-07-17T17:22:00+08:00
PO-202507-000107-03,PO-202507-000107,3,MAT-0065,11423,3732,353.17,4034260.91,WH-05,2025-08-06T17:22:00+08:00
PO-202508-000108-01,PO-202508-000108,1,MAT-0090,4732,2278,3.74,17697.68,WH-03,2025-09-10T01:01:00+08:00
PO-202601-000109-01,PO-202601-000109,1,MAT-0030,6534,6534,26.67,174261.78,WH-04,2026-02-21T08:18:00+08:00
PO-202601-000109-02,PO-202601-000109,2,MAT-0084,5169,5169,409.94,2118979.86,WH-02,2026-01-26T08:18:00+08:00
PO-202602-000110-01,PO-202602-000110,1,MAT-0179,1035,264,678.57,702319.95,WH-03,2026-02-26T04:25:00+08:00
PO-202602-000110-02,PO-202602-000110,2,MAT-0207,5541,2981,295.67,1638307.47,WH-06,2026-03-07T04:25:00+08:00
PO-202605-000111-01,PO-202605-000111,1,MAT-0086,2987,2987,89.31,266768.97,WH-02,2026-06-15T08:00:00+08:00
PO-202605-000111-02,PO-202605-000111,2,MAT-0074,382,382,17.14,6547.48,WH-06,2026-06-01T09:48:00+08:00
PO-202605-000111-03,PO-202605-000111,3,MAT-0239,8400,8400,561.73,4718532.0,WH-01,2026-05-23T09:48:00+08:00
PO-202605-000111-04,PO-202605-000111,4,MAT-0222,9020,9020,549.03,4952250.6,WH-02,2026-06-15T08:00:00+08:00
PO-202508-000112-01,PO-202508-000112,1,MAT-0230,1066,177,941.66,1003809.56,WH-05,2025-09-12T07:11:00+08:00
PO-202508-000112-02,PO-202508-000112,2,MAT-0222,6042,1753,605.61,3659095.62,WH-05,2025-08-29T07:11:00+08:00
PO-202507-000113-01,PO-202507-000113,1,MAT-0195,7254,4007,1.35,9792.9,WH-06,2025-08-14T02:08:00+08:00
PO-202507-000113-02,PO-202507-000113,2,MAT-0018,3548,1370,27.37,97108.76,WH-02,2025-09-12T02:08:00+08:00
PO-202507-000113-03,PO-202507-000113,3,MAT-0163,2056,806,437.15,898780.4,WH-02,2025-08-24T02:08:00+08:00
PO-202507-000113-04,PO-202507-000113,4,MAT-0145,2928,399,88.43,258923.04,WH-04,2025-08-22T02:08:00+08:00
PO-202509-000114-01,PO-202509-000114,1,MAT-0130,10253,1456,538.63,5522573.39,WH-04,2025-09-19T03:54:00+08:00
PO-202512-000115-01,PO-202512-000115,1,MAT-0157,7119,7119,231.61,1648831.59,WH-02,2026-01-05T16:53:00+08:00
PO-202512-000115-02,PO-202512-000115,2,MAT-0034,2487,2487,38.25,95127.75,WH-04,2026-01-02T16:53:00+08:00
PO-202512-000115-03,PO-202512-000115,3,MAT-0020,4777,4777,264.38,1262943.26,WH-06,2026-01-02T16:53:00+08:00
PO-202601-000116-01,PO-202601-000116,1,MAT-0052,10013,6429,95.32,954439.16,WH-04,2026-01-21T05:49:00+08:00
PO-202509-000117-01,PO-202509-000117,1,MAT-0184,7087,7087,248.54,1761402.98,WH-02,2025-10-31T11:05:00+08:00
PO-202602-000118-01,PO-202602-000118,1,MAT-0226,1354,471,283.68,384102.72,WH-06,2026-03-01T20:44:00+08:00
PO-202602-000118-02,PO-202602-000118,2,MAT-0143,1157,341,1112.01,1286595.57,WH-03,2026-03-14T20:44:00+08:00
PO-202602-000118-03,PO-202602-000118,3,MAT-0026,1971,422,895.79,1765602.09,WH-01,2026-03-16T20:44:00+08:00
PO-202602-000118-04,PO-202602-000118,4,MAT-0211,10995,8424,1085.25,11932323.75,WH-05,2026-04-05T20:44:00+08:00
PO-202605-000119-01,PO-202605-000119,1,MAT-0078,1599,1599,206.85,330753.15,WH-01,2026-05-29T20:32:00+08:00
PO-202605-000119-02,PO-202605-000119,2,MAT-0194,9130,9130,17.07,155849.1,WH-03,2026-06-01T20:32:00+08:00
PO-202605-000119-03,PO-202605-000119,3,MAT-0223,9021,9021,653.51,5895313.71,WH-06,2026-05-26T20:32:00+08:00
PO-202512-000120-01,PO-202512-000120,1,MAT-0228,592,592,9.87,5843.04,WH-06,2026-01-19T01:01:00+08:00
PO-202512-000120-02,PO-202512-000120,2,MAT-0149,954,954,208.46,198870.84,WH-02,2025-12-28T01:01:00+08:00
PO-202512-000120-03,PO-202512-000120,3,MAT-0100,243,243,344.2,83640.6,WH-06,2026-01-19T01:01:00+08:00
PO-202512-000120-04,PO-202512-000120,4,MAT-0117,6108,6108,189.68,1158565.44,WH-01,2025-12-22T01:01:00+08:00
PO-202509-000121-01,PO-202509-000121,1,MAT-0065,7576,7576,377.06,2856606.56,WH-03,2025-10-08T10:58:00+08:00
PO-202509-000121-02,PO-202509-000121,2,MAT-0087,1439,1439,40.27,57948.53,WH-01,2025-09-23T10:58:00+08:00
PO-202509-000121-03,PO-202509-000121,3,MAT-0124,8671,8671,544.44,4720839.24,WH-05,2025-10-28T10:58:00+08:00
PO-202601-000122-01,PO-202601-000122,1,MAT-0184,9862,3652,313.06,3087397.72,WH-03,2026-01-27T10:06:00+08:00
PO-202604-000123-01,PO-202604-000123,1,MAT-0110,1088,285,17.09,18593.92,WH-06,2026-04-25T02:40:00+08:00
PO-202604-000123-02,PO-202604-000123,2,MAT-0155,2592,1450,100.14,259562.88,WH-05,2026-05-22T02:40:00+08:00
PO-202604-000123-03,PO-202604-000123,3,MAT-0195,9080,5933,1.41,12802.8,WH-04,2026-04-12T02:40:00+08:00
PO-202604-000123-04,PO-202604-000123,4,MAT-0096,11291,1984,315.65,3564004.15,WH-05,2026-04-23T02:40:00+08:00
PO-202604-000124-01,PO-202604-000124,1,MAT-0055,8185,8185,502.24,4110834.4,WH-06,2026-05-13T14:53:00+08:00
PO-202604-000124-02,PO-202604-000124,2,MAT-0130,7601,7601,658.32,5003890.32,WH-01,2026-04-18T14:53:00+08:00
PO-202511-000125-01,PO-202511-000125,1,MAT-0007,5573,798,1057.33,5892500.09,WH-01,2025-11-21T06:32:00+08:00
PO-202511-000125-02,PO-202511-000125,2,MAT-0001,10623,5877,180.81,1920744.63,WH-06,2025-12-20T06:32:00+08:00
PO-202511-000125-03,PO-202511-000125,3,MAT-0046,6760,5265,1390.58,9400320.8,WH-02,2025-12-15T06:32:00+08:00
PO-202509-000126-01,PO-202509-000126,1,MAT-0112,5380,5380,18.85,101413.0,WH-05,2025-09-10T16:21:00+08:00
PO-202509-000126-02,PO-202509-000126,2,MAT-0209,1426,1426,1312.18,1871168.68,WH-03,2025-10-20T16:21:00+08:00
PO-202509-000126-03,PO-202509-000126,3,MAT-0050,3309,3309,788.34,2608617.06,WH-06,2025-10-08T16:21:00+08:00
PO-202508-000127-01,PO-202508-000127,1,MAT-0202,10805,10805,546.88,5909038.4,WH-05,2025-09-25T06:09:00+08:00
PO-202508-000128-01,PO-202508-000128,1,MAT-0083,11254,11254,288.86,3250830.44,WH-05,2025-09-11T06:31:00+08:00
PO-202508-000128-02,PO-202508-000128,2,MAT-0204,2842,2842,206.52,586929.84,WH-04,2025-08-18T06:31:00+08:00
PO-202508-000128-03,PO-202508-000128,3,MAT-0226,10155,10155,279.52,2838525.6,WH-03,2025-08-17T06:31:00+08:00
PO-202509-000129-01,PO-202509-000129,1,MAT-0074,10537,4141,15.25,160689.25,WH-01,2025-10-07T18:39:00+08:00
PO-202509-000129-02,PO-202509-000129,2,MAT-0217,6617,2392,305.46,2021228.82,WH-03,2025-10-12T18:39:00+08:00
PO-202509-000129-03,PO-202509-000129,3,MAT-0174,5436,3968,5.75,31257.0,WH-02,2025-10-27T18:39:00+08:00
PO-202509-000129-04,PO-202509-000129,4,MAT-0045,10569,433,23.08,243932.52,WH-05,2025-10-01T18:39:00+08:00
PO-202606-000130-01,PO-202606-000130,1,MAT-0062,4315,3081,1070.87,4620804.05,WH-05,2026-06-15T08:00:00+08:00
PO-202606-000130-02,PO-202606-000130,2,MAT-0160,3584,1375,279.01,999971.84,WH-02,2026-06-15T08:00:00+08:00
PO-202606-000130-03,PO-202606-000130,3,MAT-0152,1170,526,673.06,787480.2,WH-04,2026-06-15T08:00:00+08:00
PO-202606-000130-04,PO-202606-000130,4,MAT-0024,10038,828,18.34,184096.92,WH-03,2026-06-15T08:00:00+08:00
PO-202602-000131-01,PO-202602-000131,1,MAT-0088,3473,2061,489.17,1698887.41,WH-02,2026-03-19T01:15:00+08:00
PO-202605-000132-01,PO-202605-000132,1,MAT-0028,9059,262,1358.84,12309731.56,WH-02,2026-06-05T19:12:00+08:00
PO-202605-000132-02,PO-202605-000132,2,MAT-0111,7078,5346,49.74,352059.72,WH-01,2026-06-05T19:12:00+08:00
PO-202602-000133-01,PO-202602-000133,1,MAT-0153,7709,2,403.89,3113588.01,WH-01,2026-03-14T04:28:00+08:00
PO-202508-000134-01,PO-202508-000134,1,MAT-0224,3912,1867,326.71,1278089.52,WH-02,2025-09-10T00:06:00+08:00
PO-202508-000134-02,PO-202508-000134,2,MAT-0145,1225,69,108.76,133231.0,WH-06,2025-09-04T00:06:00+08:00
PO-202512-000135-01,PO-202512-000135,1,MAT-0135,3217,453,41.92,134856.64,WH-04,2026-01-03T00:04:00+08:00
PO-202512-000135-02,PO-202512-000135,2,MAT-0067,5987,955,63.05,377480.35,WH-04,2026-01-19T00:04:00+08:00
PO-202512-000136-01,PO-202512-000136,1,MAT-0203,11227,11227,540.71,6070551.17,WH-03,2025-12-04T23:09:00+08:00
PO-202512-000136-02,PO-202512-000136,2,MAT-0052,11806,11806,82.43,973168.58,WH-05,2025-12-16T23:09:00+08:00
PO-202512-000136-03,PO-202512-000136,3,MAT-0169,2747,2747,44.38,121911.86,WH-06,2026-01-13T23:09:00+08:00
PO-202507-000137-01,PO-202507-000137,1,MAT-0116,9210,6201,95.73,881673.3,WH-06,2025-07-29T13:12:00+08:00
PO-202507-000137-02,PO-202507-000137,2,MAT-0066,9747,2368,202.3,1971818.1,WH-04,2025-08-17T13:12:00+08:00
PO-202507-000137-03,PO-202507-000137,3,MAT-0100,11587,1904,268.32,3109023.84,WH-06,2025-08-08T13:12:00+08:00
PO-202604-000138-01,PO-202604-000138,1,MAT-0217,5992,5992,360.36,2159277.12,WH-01,2026-05-03T20:35:00+08:00
PO-202510-000139-01,PO-202510-000139,1,MAT-0227,1468,694,777.65,1141590.2,WH-02,2025-11-06T18:38:00+08:00
PO-202510-000139-02,PO-202510-000139,2,MAT-0211,1485,70,799.95,1187925.75,WH-02,2025-11-06T18:38:00+08:00
PO-202510-000139-03,PO-202510-000139,3,MAT-0138,10942,4497,187.36,2050093.12,WH-03,2025-11-19T18:38:00+08:00
PO-202510-000139-04,PO-202510-000139,4,MAT-0139,10530,1259,216.19,2276480.7,WH-06,2025-11-05T18:38:00+08:00
PO-202507-000140-01,PO-202507-000140,1,MAT-0218,8476,6549,187.89,1592555.64,WH-02,2025-07-25T23:43:00+08:00
PO-202507-000141-01,PO-202507-000141,1,MAT-0154,8816,3282,79.32,699285.12,WH-06,2025-08-26T00:11:00+08:00
PO-202507-000141-02,PO-202507-000141,2,MAT-0211,5894,3055,927.99,5469573.06,WH-03,2025-08-31T00:11:00+08:00
PO-202507-000141-03,PO-202507-000141,3,MAT-0212,8906,1379,352.02,3135090.12,WH-04,2025-07-25T00:11:00+08:00
PO-202507-000141-04,PO-202507-000141,4,MAT-0185,10192,3743,483.09,4923653.28,WH-02,2025-08-07T00:11:00+08:00
PO-202601-000142-01,PO-202601-000142,1,MAT-0013,3650,3650,1134.01,4139136.5,WH-04,2026-02-02T12:08:00+08:00
PO-202512-000143-01,PO-202512-000143,1,MAT-0025,2009,2009,755.57,1517940.13,WH-06,2026-01-17T21:52:00+08:00
PO-202512-000143-02,PO-202512-000143,2,MAT-0032,1527,1527,376.3,574610.1,WH-02,2026-01-08T21:52:00+08:00
PO-202511-000144-01,PO-202511-000144,1,MAT-0168,10090,2799,546.68,5516001.2,WH-02,2025-11-27T06:03:00+08:00
PO-202511-000144-02,PO-202511-000144,2,MAT-0149,179,1,177.43,31759.97,WH-01,2025-11-19T06:03:00+08:00
PO-202510-000145-01,PO-202510-000145,1,MAT-0176,4154,1662,896.73,3725016.42,WH-03,2025-11-11T16:07:00+08:00
PO-202510-000145-02,PO-202510-000145,2,MAT-0231,6298,1119,351.2,2211857.6,WH-01,2025-11-15T16:07:00+08:00
PO-202604-000146-01,PO-202604-000146,1,MAT-0030,4256,211,20.57,87545.92,WH-01,2026-05-12T15:09:00+08:00
PO-202512-000147-01,PO-202512-000147,1,MAT-0034,6218,6218,38.25,237838.5,WH-03,2025-12-15T20:27:00+08:00
PO-202512-000147-02,PO-202512-000147,2,MAT-0203,9645,9645,658.92,6355283.4,WH-01,2025-12-09T20:27:00+08:00
PO-202512-000147-03,PO-202512-000147,3,MAT-0121,10160,10160,171.56,1743049.6,WH-01,2025-12-26T20:27:00+08:00
PO-202512-000147-04,PO-202512-000147,4,MAT-0105,11748,11748,563.1,6615298.8,WH-04,2026-01-01T20:27:00+08:00
PO-202605-000148-01,PO-202605-000148,1,MAT-0007,11655,4879,1057.33,12323181.15,WH-01,2026-05-19T05:03:00+08:00
PO-202511-000149-01,PO-202511-000149,1,MAT-0226,9109,9109,302.52,2755654.68,WH-05,2025-11-22T05:44:00+08:00
PO-202511-000149-02,PO-202511-000149,2,MAT-0087,3384,3384,35.43,119895.12,WH-06,2025-12-25T05:44:00+08:00
PO-202605-000150-01,PO-202605-000150,1,MAT-0082,8208,156,347.52,2852444.16,WH-04,2026-05-22T22:16:00+08:00
PO-202605-000150-02,PO-202605-000150,2,MAT-0182,9369,4926,370.24,3468778.56,WH-06,2026-05-14T22:16:00+08:00
PO-202507-000151-01,PO-202507-000151,1,MAT-0014,3800,2156,247.92,942096.0,WH-05,2025-07-24T06:56:00+08:00
PO-202508-000152-01,PO-202508-000152,1,MAT-0129,10450,10450,500.78,5233151.0,WH-02,2025-09-15T05:11:00+08:00
PO-202508-000152-02,PO-202508-000152,2,MAT-0008,232,232,405.9,94168.8,WH-03,2025-09-30T05:11:00+08:00
PO-202508-000152-03,PO-202508-000152,3,MAT-0092,7498,7498,181.27,1359162.46,WH-04,2025-09-17T05:11:00+08:00
PO-202508-000152-04,PO-202508-000152,4,MAT-0037,7359,7359,624.89,4598565.51,WH-04,2025-09-03T05:11:00+08:00
PO-202507-000153-01,PO-202507-000153,1,MAT-0157,9188,4513,242.54,2228457.52,WH-04,2025-09-08T16:18:00+08:00
PO-202511-000154-01,PO-202511-000154,1,MAT-0183,8158,8158,101.67,829423.86,WH-05,2026-01-06T13:38:00+08:00
PO-202511-000154-02,PO-202511-000154,2,MAT-0147,4316,4316,655.38,2828620.08,WH-05,2026-01-03T13:38:00+08:00
PO-202511-000154-03,PO-202511-000154,3,MAT-0125,3512,3512,760.89,2672245.68,WH-01,2025-12-16T13:38:00+08:00
PO-202511-000154-04,PO-202511-000154,4,MAT-0206,5355,5355,77.93,417315.15,WH-01,2025-12-20T13:38:00+08:00
PO-202606-000155-01,PO-202606-000155,1,MAT-0055,2340,805,502.24,1175241.6,WH-01,2026-06-15T08:00:00+08:00
PO-202606-000155-02,PO-202606-000155,2,MAT-0051,3579,1571,45.37,162379.23,WH-03,2026-06-15T08:00:00+08:00
PO-202606-000155-03,PO-202606-000155,3,MAT-0070,10305,2155,139.24,1434868.2,WH-05,2026-06-15T08:00:00+08:00
PO-202508-000156-01,PO-202508-000156,1,MAT-0060,9916,7671,553.7,5490489.2,WH-02,2025-09-02T02:25:00+08:00
PO-202508-000156-02,PO-202508-000156,2,MAT-0213,10844,4959,292.46,3171436.24,WH-03,2025-09-06T02:25:00+08:00
PO-202605-000157-01,PO-202605-000157,1,MAT-0169,10889,10889,44.83,488153.87,WH-02,2026-06-14T00:23:00+08:00
PO-202605-000157-02,PO-202605-000157,2,MAT-0022,5909,5909,80.4,475083.6,WH-05,2026-06-15T08:00:00+08:00
PO-202605-000157-03,PO-202605-000157,3,MAT-0055,10950,10950,571.36,6256392.0,WH-03,2026-06-15T08:00:00+08:00
PO-202511-000158-01,PO-202511-000158,1,MAT-0080,8476,8476,189.9,1609592.4,WH-05,2025-12-18T18:32:00+08:00
PO-202511-000158-02,PO-202511-000158,2,MAT-0227,564,564,752.63,424483.32,WH-03,2025-12-14T18:32:00+08:00
PO-202511-000159-01,PO-202511-000159,1,MAT-0128,3064,1387,54.58,167233.12,WH-03,2025-12-26T17:47:00+08:00
PO-202510-000160-01,PO-202510-000160,1,MAT-0224,2107,1279,357.9,754095.3,WH-05,2025-11-19T11:23:00+08:00
PO-202605-000161-01,PO-202605-000161,1,MAT-0002,5156,5156,1453.44,7493936.64,WH-02,2026-05-29T04:52:00+08:00
PO-202605-000161-02,PO-202605-000161,2,MAT-0018,10967,10967,29.71,325829.57,WH-03,2026-06-15T08:00:00+08:00
PO-202605-000161-03,PO-202605-000161,3,MAT-0067,8487,8487,65.58,556577.46,WH-03,2026-06-11T04:52:00+08:00
PO-202510-000162-01,PO-202510-000162,1,MAT-0209,8765,3312,1312.18,11501257.7,WH-02,2025-11-30T23:50:00+08:00
PO-202510-000162-02,PO-202510-000162,2,MAT-0050,2720,2139,788.34,2144284.8,WH-01,2025-11-30T23:50:00+08:00
PO-202512-000163-01,PO-202512-000163,1,MAT-0041,5609,2732,394.89,2214938.01,WH-03,2025-12-29T03:54:00+08:00
PO-202512-000163-02,PO-202512-000163,2,MAT-0206,2226,578,83.37,185581.62,WH-01,2025-12-28T03:54:00+08:00
PO-202512-000163-03,PO-202512-000163,3,MAT-0021,935,153,13.22,12360.7,WH-06,2026-01-31T03:54:00+08:00
PO-202512-000163-04,PO-202512-000163,4,MAT-0086,3040,857,113.99,346529.6,WH-01,2026-01-02T03:54:00+08:00
PO-202510-000164-01,PO-202510-000164,1,MAT-0049,2105,1345,4.88,10272.4,WH-02,2025-11-16T01:46:00+08:00
PO-202510-000164-02,PO-202510-000164,2,MAT-0023,6264,4214,403.69,2528714.16,WH-05,2025-11-06T01:46:00+08:00
PO-202507-000165-01,PO-202507-000165,1,MAT-0205,2256,2256,321.72,725800.32,WH-06,2025-08-17T23:01:00+08:00
PO-202507-000165-02,PO-202507-000165,2,MAT-0100,2923,2923,268.32,784299.36,WH-02,2025-08-30T23:01:00+08:00
PO-202507-000165-03,PO-202507-000165,3,MAT-0007,9039,9039,1230.87,11125833.93,WH-05,2025-08-26T23:01:00+08:00
PO-202507-000165-04,PO-202507-000165,4,MAT-0004,4218,4218,411.91,1737436.38,WH-05,2025-09-03T23:01:00+08:00
PO-202509-000166-01,PO-202509-000166,1,MAT-0237,10536,10536,41.45,436717.2,WH-05,2025-10-08T09:20:00+08:00
PO-202605-000167-01,PO-202605-000167,1,MAT-0209,1398,1398,1194.5,1669911.0,WH-01,2026-06-15T08:00:00+08:00
PO-202605-000168-01,PO-202605-000168,1,MAT-0144,7703,7703,11.33,87274.99,WH-02,2026-05-28T15:28:00+08:00
PO-202605-000168-02,PO-202605-000168,2,MAT-0171,6620,6620,1109.67,7346015.4,WH-03,2026-06-15T08:00:00+08:00
PO-202605-000168-03,PO-202605-000168,3,MAT-0225,7927,7927,665.15,5272644.05,WH-06,2026-06-06T15:28:00+08:00
PO-202508-000169-01,PO-202508-000169,1,MAT-0013,11385,2437,957.12,10896811.2,WH-05,2025-10-01T17:52:00+08:00
PO-202512-000170-01,PO-202512-000170,1,MAT-0059,10371,4462,740.17,7676303.07,WH-04,2026-01-16T00:20:00+08:00
PO-202604-000171-01,PO-202604-000171,1,MAT-0010,6360,6360,738.02,4693807.2,WH-06,2026-05-05T08:06:00+08:00
PO-202604-000171-02,PO-202604-000171,2,MAT-0021,8263,8263,10.96,90562.48,WH-02,2026-04-29T08:06:00+08:00
PO-202604-000172-01,PO-202604-000172,1,MAT-0201,6793,6793,498.03,3383117.79,WH-04,2026-05-26T04:39:00+08:00
PO-202604-000172-02,PO-202604-000172,2,MAT-0207,7309,7309,245.12,1791582.08,WH-01,2026-05-11T04:39:00+08:00
PO-202511-000173-01,PO-202511-000173,1,MAT-0144,7132,7132,10.74,76597.68,WH-04,2026-01-02T03:45:00+08:00
PO-202511-000173-02,PO-202511-000173,2,MAT-0039,1392,1392,878.22,1222482.24,WH-01,2025-12-18T03:45:00+08:00
PO-202601-000174-01,PO-202601-000174,1,MAT-0227,4833,2079,752.63,3637460.79,WH-03,2026-02-22T07:25:00+08:00
PO-202601-000174-02,PO-202601-000174,2,MAT-0180,10122,4580,164.91,1669219.02,WH-04,2026-02-13T07:25:00+08:00
PO-202601-000174-03,PO-202601-000174,3,MAT-0187,7203,4530,29.55,212848.65,WH-01,2026-02-07T07:25:00+08:00
PO-202601-000174-04,PO-202601-000174,4,MAT-0010,7557,4030,849.95,6423072.15,WH-05,2026-02-16T07:25:00+08:00
PO-202603-000175-01,PO-202603-000175,1,MAT-0162,11760,503,42.66,501681.6,WH-04,2026-03-19T11:45:00+08:00
PO-202603-000175-02,PO-202603-000175,2,MAT-0027,9088,3570,748.75,6804640.0,WH-05,2026-03-26T11:45:00+08:00
PO-202603-000175-03,PO-202603-000175,3,MAT-0115,2804,1590,332.3,931769.2,WH-04,2026-04-01T11:45:00+08:00
PO-202603-000175-04,PO-202603-000175,4,MAT-0187,2891,2096,34.22,98930.02,WH-03,2026-04-17T11:45:00+08:00
PO-202512-000176-01,PO-202512-000176,1,MAT-0001,8447,5351,183.77,1552305.19,WH-01,2026-01-13T12:13:00+08:00
PO-202512-000176-02,PO-202512-000176,2,MAT-0151,1147,589,175.41,201195.27,WH-04,2026-01-19T12:13:00+08:00
PO-202605-000177-01,PO-202605-000177,1,MAT-0115,10800,245,383.64,4143312.0,WH-01,2026-05-08T16:40:00+08:00
PO-202605-000177-02,PO-202605-000177,2,MAT-0177,3798,2937,612.36,2325743.28,WH-06,2026-06-02T16:40:00+08:00
PO-202603-000178-01,PO-202603-000178,1,MAT-0043,11182,11182,291.92,3264249.44,WH-01,2026-04-20T08:46:00+08:00
PO-202605-000179-01,PO-202605-000179,1,MAT-0158,3487,3487,37.61,131146.07,WH-01,2026-05-18T16:12:00+08:00
PO-202605-000179-02,PO-202605-000179,2,MAT-0234,1059,1059,137.65,145771.35,WH-04,2026-05-30T16:12:00+08:00
PO-202605-000179-03,PO-202605-000179,3,MAT-0210,274,274,71.22,19514.28,WH-05,2026-06-15T08:00:00+08:00
PO-202605-000179-04,PO-202605-000179,4,MAT-0220,11805,11805,255.83,3020073.15,WH-02,2026-05-15T16:12:00+08:00
PO-202508-000180-01,PO-202508-000180,1,MAT-0003,5705,2208,278.84,1590782.2,WH-06,2025-08-31T00:06:00+08:00
PO-202508-000180-02,PO-202508-000180,2,MAT-0140,6519,4829,156.35,1019245.65,WH-01,2025-09-15T00:06:00+08:00
PO-202508-000180-03,PO-202508-000180,3,MAT-0097,753,251,747.22,562656.66,WH-06,2025-09-17T00:06:00+08:00
PO-202508-000180-04,PO-202508-000180,4,MAT-0046,9424,1500,1309.31,12338937.44,WH-05,2025-09-17T00:06:00+08:00
PO-202509-000181-01,PO-202509-000181,1,MAT-0197,8794,949,433.49,3812111.06,WH-05,2025-10-05T15:18:00+08:00
PO-202509-000181-02,PO-202509-000181,2,MAT-0043,6122,1898,280.5,1717221.0,WH-05,2025-10-02T15:18:00+08:00
PO-202509-000181-03,PO-202509-000181,3,MAT-0155,124,80,100.14,12417.36,WH-02,2025-10-07T15:18:00+08:00
PO-202509-000182-01,PO-202509-000182,1,MAT-0231,11735,11735,380.6,4466341.0,WH-02,2025-10-12T13:25:00+08:00
PO-202509-000182-02,PO-202509-000182,2,MAT-0136,6293,6293,794.05,4996956.65,WH-06,2025-10-19T13:25:00+08:00
PO-202601-000183-01,PO-202601-000183,1,MAT-0034,6489,2708,43.13,279870.57,WH-01,2026-01-06T21:03:00+08:00
PO-202601-000183-02,PO-202601-000183,2,MAT-0114,2402,1597,248.96,598001.92,WH-03,2026-02-02T21:03:00+08:00
PO-202601-000183-03,PO-202601-000183,3,MAT-0080,6399,2649,256.21,1639487.79,WH-04,2026-01-27T21:03:00+08:00
PO-202602-000184-01,PO-202602-000184,1,MAT-0032,7406,1397,412.73,3056678.38,WH-01,2026-03-20T17:46:00+08:00
PO-202602-000184-02,PO-202602-000184,2,MAT-0159,11615,3514,18.09,210115.35,WH-04,2026-02-15T17:46:00+08:00
PO-202605-000185-01,PO-202605-000185,1,MAT-0097,11939,11939,973.6,11623810.4,WH-02,2026-06-15T08:00:00+08:00
PO-202605-000185-02,PO-202605-000185,2,MAT-0073,3771,3771,23.69,89334.99,WH-01,2026-06-07T04:30:00+08:00
PO-202508-000186-01,PO-202508-000186,1,MAT-0003,6222,3219,278.84,1734942.48,WH-01,2025-08-14T17:38:00+08:00
PO-202508-000186-02,PO-202508-000186,2,MAT-0097,9184,4766,747.22,6862468.48,WH-02,2025-08-11T17:38:00+08:00
PO-202604-000187-01,PO-202604-000187,1,MAT-0181,360,23,242.47,87289.2,WH-05,2026-05-14T12:56:00+08:00
PO-202604-000187-02,PO-202604-000187,2,MAT-0107,334,144,421.19,140677.46,WH-01,2026-05-29T12:56:00+08:00
PO-202604-000187-03,PO-202604-000187,3,MAT-0054,10357,3517,768.52,7959561.64,WH-02,2026-05-12T12:56:00+08:00
PO-202604-000187-04,PO-202604-000187,4,MAT-0039,1319,406,1013.91,1337347.29,WH-03,2026-05-10T12:56:00+08:00
PO-202602-000188-01,PO-202602-000188,1,MAT-0135,1329,1329,32.05,42594.45,WH-03,2026-03-02T16:07:00+08:00
PO-202602-000188-02,PO-202602-000188,2,MAT-0066,7877,7877,175.61,1383279.97,WH-04,2026-03-06T16:07:00+08:00
PO-202604-000189-01,PO-202604-000189,1,MAT-0106,8145,8145,787.04,6410440.8,WH-02,2026-05-25T04:34:00+08:00
PO-202604-000189-02,PO-202604-000189,2,MAT-0112,10693,10693,18.85,201563.05,WH-04,2026-04-27T04:34:00+08:00
PO-202512-000190-01,PO-202512-000190,1,MAT-0100,5489,5489,333.27,1829319.03,WH-05,2025-12-13T11:22:00+08:00
PO-202512-000190-02,PO-202512-000190,2,MAT-0158,4977,4977,40.56,201867.12,WH-04,2025-12-23T11:22:00+08:00
PO-202512-000190-03,PO-202512-000190,3,MAT-0140,5206,5206,135.22,703955.32,WH-06,2025-12-18T11:22:00+08:00
PO-202512-000190-04,PO-202512-000190,4,MAT-0228,7689,7689,9.19,70661.91,WH-03,2025-12-09T11:22:00+08:00
PO-202507-000191-01,PO-202507-000191,1,MAT-0064,3648,3648,107.24,391211.52,WH-06,2025-07-24T06:58:00+08:00
PO-202510-000192-01,PO-202510-000192,1,MAT-0057,2224,2224,131.94,293434.56,WH-06,2025-10-14T08:27:00+08:00
PO-202510-000192-02,PO-202510-000192,2,MAT-0046,5868,5868,1377.4,8082583.2,WH-04,2025-11-12T08:27:00+08:00
PO-202510-000192-03,PO-202510-000192,3,MAT-0202,3117,3117,403.47,1257615.99,WH-04,2025-10-18T08:27:00+08:00
PO-202510-000192-04,PO-202510-000192,4,MAT-0194,883,883,15.76,13916.08,WH-05,2025-10-09T08:27:00+08:00
PO-202507-000193-01,PO-202507-000193,1,MAT-0002,11259,3475,1453.44,16364280.96,WH-05,2025-07-18T15:38:00+08:00
PO-202507-000193-02,PO-202507-000193,2,MAT-0237,9827,1130,55.32,543629.64,WH-03,2025-07-10T15:38:00+08:00
PO-202507-000193-03,PO-202507-000193,3,MAT-0227,4654,2511,777.65,3619183.1,WH-03,2025-07-26T15:38:00+08:00
PO-202507-000193-04,PO-202507-000193,4,MAT-0067,3769,2968,65.58,247171.02,WH-04,2025-07-31T15:38:00+08:00
PO-202602-000194-01,PO-202602-000194,1,MAT-0090,543,543,4.44,2410.92,WH-03,2026-03-01T04:16:00+08:00
PO-202512-000195-01,PO-202512-000195,1,MAT-0114,5313,3504,237.69,1262846.97,WH-05,2026-02-01T16:22:00+08:00
PO-202512-000195-02,PO-202512-000195,2,MAT-0030,7262,4000,20.57,149379.34,WH-04,2026-01-05T16:22:00+08:00
PO-202512-000195-03,PO-202512-000195,3,MAT-0045,11087,6248,23.08,255887.96,WH-04,2026-01-03T16:22:00+08:00
PO-202512-000195-04,PO-202512-000195,4,MAT-0137,534,220,1299.03,693682.02,WH-05,2026-01-01T16:22:00+08:00
PO-202511-000196-01,PO-202511-000196,1,MAT-0026,5968,5968,1026.91,6128598.88,WH-05,2025-12-10T20:11:00+08:00
PO-202511-000196-02,PO-202511-000196,2,MAT-0144,10777,10777,11.33,122103.41,WH-06,2025-12-10T20:11:00+08:00
PO-202511-000196-03,PO-202511-000196,3,MAT-0228,10994,10994,9.19,101034.86,WH-01,2025-11-09T20:11:00+08:00
PO-202604-000197-01,PO-202604-000197,1,MAT-0060,346,252,537.43,185950.78,WH-05,2026-05-17T06:55:00+08:00
PO-202604-000197-02,PO-202604-000197,2,MAT-0140,423,316,135.22,57198.06,WH-04,2026-05-24T06:55:00+08:00
PO-202604-000197-03,PO-202604-000197,3,MAT-0228,4492,1818,9.19,41281.48,WH-02,2026-04-19T06:55:00+08:00
PO-202512-000198-01,PO-202512-000198,1,MAT-0234,4607,4607,138.98,640280.86,WH-05,2026-01-07T11:24:00+08:00
PO-202512-000198-02,PO-202512-000198,2,MAT-0006,9178,9178,430.86,3954433.08,WH-05,2026-01-02T11:24:00+08:00
PO-202509-000199-01,PO-202509-000199,1,MAT-0106,2563,145,702.64,1800866.32,WH-06,2025-10-08T23:15:00+08:00
PO-202509-000199-02,PO-202509-000199,2,MAT-0053,6150,3010,32.34,198891.0,WH-04,2025-10-07T23:15:00+08:00
PO-202512-000200-01,PO-202512-000200,1,MAT-0113,7914,4122,89.54,708619.56,WH-04,2026-02-02T22:24:00+08:00
PO-202512-000200-02,PO-202512-000200,2,MAT-0034,11472,5019,43.13,494787.36,WH-04,2025-12-26T22:24:00+08:00
PO-202512-000200-03,PO-202512-000200,3,MAT-0180,8262,2930,192.8,1592913.6,WH-03,2025-12-29T22:24:00+08:00
PO-202509-000201-01,PO-202509-000201,1,MAT-0194,5086,2129,15.87,80714.82,WH-06,2025-10-03T01:02:00+08:00
PO-202601-000202-01,PO-202601-000202,1,MAT-0186,7127,7127,429.11,3058266.97,WH-01,2026-02-01T08:24:00+08:00
PO-202507-000203-01,PO-202507-000203,1,MAT-0171,10690,10690,1180.72,12621896.8,WH-04,2025-07-28T00:21:00+08:00
PO-202511-000204-01,PO-202511-000204,1,MAT-0043,4748,1145,263.03,1248866.44,WH-05,2025-12-05T10:44:00+08:00
PO-202509-000205-01,PO-202509-000205,1,MAT-0075,2054,1499,214.45,440480.3,WH-01,2025-10-16T17:44:00+08:00
PO-202506-000206-01,PO-202506-000206,1,MAT-0116,2792,1001,95.73,267278.16,WH-01,2025-07-04T16:10:00+08:00
PO-202506-000206-02,PO-202506-000206,2,MAT-0014,4583,917,247.92,1136217.36,WH-06,2025-07-08T16:10:00+08:00
PO-202512-000207-01,PO-202512-000207,1,MAT-0141,8060,5642,259.1,2088346.0,WH-02,2026-01-25T13:41:00+08:00
PO-202512-000207-02,PO-202512-000207,2,MAT-0180,1305,957,177.05,231050.25,WH-02,2026-01-24T13:41:00+08:00
PO-202601-000208-01,PO-202601-000208,1,MAT-0173,10791,3883,878.58,9480756.78,WH-04,2026-02-03T08:50:00+08:00
PO-202601-000208-02,PO-202601-000208,2,MAT-0076,6475,644,299.46,1939003.5,WH-04,2026-02-19T08:50:00+08:00
PO-202601-000208-03,PO-202601-000208,3,MAT-0163,1869,776,442.55,827125.95,WH-01,2026-01-21T08:50:00+08:00
PO-202601-000208-04,PO-202601-000208,4,MAT-0216,2242,1268,116.02,260116.84,WH-05,2026-01-25T08:50:00+08:00
PO-202604-000209-01,PO-202604-000209,1,MAT-0158,9909,7467,33.79,334825.11,WH-06,2026-04-14T23:31:00+08:00
PO-202604-000209-02,PO-202604-000209,2,MAT-0066,11742,6423,202.3,2375406.6,WH-05,2026-04-28T23:31:00+08:00
PO-202604-000209-03,PO-202604-000209,3,MAT-0073,11571,6261,23.67,273885.57,WH-02,2026-05-22T23:31:00+08:00
PO-202512-000210-01,PO-202512-000210,1,MAT-0102,2196,860,38.54,84633.84,WH-04,2025-12-27T11:38:00+08:00
PO-202512-000210-02,PO-202512-000210,2,MAT-0142,10570,4375,418.24,4420796.8,WH-02,2026-02-01T11:38:00+08:00
PO-202602-000211-01,PO-202602-000211,1,MAT-0174,8248,8248,5.75,47426.0,WH-04,2026-03-06T18:03:00+08:00
PO-202602-000211-02,PO-202602-000211,2,MAT-0009,2951,2951,57.75,170420.25,WH-02,2026-03-18T18:03:00+08:00
PO-202602-000211-03,PO-202602-000211,3,MAT-0137,2514,2514,1299.03,3265761.42,WH-01,2026-03-16T18:03:00+08:00
PO-202602-000211-04,PO-202602-000211,4,MAT-0074,8104,8104,15.25,123586.0,WH-02,2026-03-17T18:03:00+08:00
PO-202604-000212-01,PO-202604-000212,1,MAT-0219,5798,583,27.91,161822.18,WH-04,2026-05-12T10:53:00+08:00
PO-202604-000212-02,PO-202604-000212,2,MAT-0118,6813,2211,378.8,2580764.4,WH-05,2026-04-26T10:53:00+08:00
PO-202512-000213-01,PO-202512-000213,1,MAT-0041,4905,4905,451.95,2216814.75,WH-05,2026-01-03T01:19:00+08:00
PO-202512-000213-02,PO-202512-000213,2,MAT-0224,10496,10496,353.19,3707082.24,WH-04,2026-01-13T01:19:00+08:00
PO-202512-000213-03,PO-202512-000213,3,MAT-0015,2223,2223,319.52,710292.96,WH-04,2025-12-22T01:19:00+08:00
PO-202512-000213-04,PO-202512-000213,4,MAT-0193,3660,3660,189.59,693899.4,WH-04,2026-01-09T01:19:00+08:00
PO-202603-000214-01,PO-202603-000214,1,MAT-0144,4304,3078,11.33,48764.32,WH-02,2026-03-22T15:40:00+08:00
PO-202603-000214-02,PO-202603-000214,2,MAT-0001,7521,3848,204.17,1535562.57,WH-01,2026-03-19T15:40:00+08:00
PO-202512-000215-01,PO-202512-000215,1,MAT-0180,8050,3380,171.3,1378965.0,WH-02,2026-01-01T04:48:00+08:00
PO-202512-000215-02,PO-202512-000215,2,MAT-0058,2970,1598,602.18,1788474.6,WH-03,2025-12-25T04:48:00+08:00
PO-202512-000215-03,PO-202512-000215,3,MAT-0209,3179,753,1312.18,4171420.22,WH-06,2026-01-23T04:48:00+08:00
PO-202512-000215-04,PO-202512-000215,4,MAT-0141,7479,5642,190.59,1425422.61,WH-04,2025-12-18T04:48:00+08:00
PO-202602-000216-01,PO-202602-000216,1,MAT-0179,6811,2217,664.42,4525364.62,WH-01,2026-03-03T11:07:00+08:00
PO-202602-000216-02,PO-202602-000216,2,MAT-0219,10301,2290,22.83,235171.83,WH-02,2026-02-19T11:07:00+08:00
PO-202602-000216-03,PO-202602-000216,3,MAT-0226,7334,4986,283.68,2080509.12,WH-01,2026-03-13T11:07:00+08:00
PO-202507-000217-01,PO-202507-000217,1,MAT-0220,6904,1757,255.83,1766250.32,WH-02,2025-07-25T12:56:00+08:00
PO-202506-000218-01,PO-202506-000218,1,MAT-0033,6714,661,176.51,1185088.14,WH-02,2025-06-27T13:44:00+08:00
PO-202506-000218-02,PO-202506-000218,2,MAT-0164,3490,2624,720.82,2515661.8,WH-02,2025-08-03T13:44:00+08:00
PO-202506-000218-03,PO-202506-000218,3,MAT-0063,1487,468,104.21,154960.27,WH-04,2025-07-24T13:44:00+08:00
PO-202605-000219-01,PO-202605-000219,1,MAT-0088,5096,2364,489.17,2492810.32,WH-04,2026-05-21T13:33:00+08:00
PO-202605-000219-02,PO-202605-000219,2,MAT-0190,8352,722,188.59,1575103.68,WH-02,2026-06-15T08:00:00+08:00
PO-202506-000220-01,PO-202506-000220,1,MAT-0160,6656,1211,359.84,2395095.04,WH-05,2025-08-05T21:47:00+08:00
PO-202506-000220-02,PO-202506-000220,2,MAT-0146,1208,253,572.48,691555.84,WH-01,2025-06-28T21:47:00+08:00
PO-202506-000220-03,PO-202506-000220,3,MAT-0130,6278,4798,566.52,3556612.56,WH-02,2025-06-29T21:47:00+08:00
PO-202603-000221-01,PO-202603-000221,1,MAT-0148,8381,8381,8.39,70316.59,WH-06,2026-03-28T12:15:00+08:00
PO-202603-000221-02,PO-202603-000221,2,MAT-0232,9900,9900,966.05,9563895.0,WH-04,2026-04-08T12:15:00+08:00
PO-202601-000222-01,PO-202601-000222,1,MAT-0034,9850,4076,43.13,424830.5,WH-06,2026-03-10T10:03:00+08:00
PO-202601-000222-02,PO-202601-000222,2,MAT-0203,2329,1205,488.61,1137972.69,WH-01,2026-02-08T10:03:00+08:00
PO-202601-000222-03,PO-202601-000222,3,MAT-0154,1657,427,79.32,131433.24,WH-02,2026-02-03T10:03:00+08:00
PO-202605-000223-01,PO-202605-000223,1,MAT-0113,9618,1165,105.52,1014891.36,WH-03,2026-06-05T03:00:00+08:00
PO-202605-000223-02,PO-202605-000223,2,MAT-0095,8983,2361,333.64,2997088.12,WH-01,2026-06-08T03:00:00+08:00
PO-202508-000224-01,PO-202508-000224,1,MAT-0180,11303,157,164.91,1863977.73,WH-02,2025-09-22T03:24:00+08:00
PO-202508-000224-02,PO-202508-000224,2,MAT-0076,5882,1099,324.05,1906062.1,WH-06,2025-08-16T03:24:00+08:00
PO-202509-000225-01,PO-202509-000225,1,MAT-0015,11339,11339,319.52,3623037.28,WH-03,2025-09-25T22:39:00+08:00
PO-202509-000225-02,PO-202509-000225,2,MAT-0179,10240,10240,658.7,6745088.0,WH-02,2025-09-21T22:39:00+08:00
PO-202509-000226-01,PO-202509-000226,1,MAT-0179,5829,5829,658.7,3839562.3,WH-01,2025-10-08T06:21:00+08:00
PO-202509-000226-02,PO-202509-000226,2,MAT-0028,1255,1255,1026.53,1288295.15,WH-05,2025-09-16T06:21:00+08:00
PO-202509-000226-03,PO-202509-000226,3,MAT-0168,6831,6831,482.97,3299168.07,WH-06,2025-09-21T06:21:00+08:00
PO-202512-000227-01,PO-202512-000227,1,MAT-0006,4289,4289,358.41,1537220.49,WH-03,2026-01-13T04:24:00+08:00
PO-202512-000227-02,PO-202512-000227,2,MAT-0181,9334,9334,208.36,1944832.24,WH-05,2025-12-14T04:24:00+08:00
PO-202512-000227-03,PO-202512-000227,3,MAT-0029,6100,6100,494.27,3015047.0,WH-04,2025-12-02T04:24:00+08:00
PO-202512-000227-04,PO-202512-000227,4,MAT-0105,3865,3865,584.81,2260290.65,WH-03,2025-12-08T04:24:00+08:00
PO-202601-000228-01,PO-202601-000228,1,MAT-0204,2302,2302,226.74,521955.48,WH-04,2026-01-13T05:31:00+08:00
PO-202507-000229-01,PO-202507-000229,1,MAT-0059,8698,1912,766.52,6667190.96,WH-05,2025-09-02T12:17:00+08:00
PO-202507-000229-02,PO-202507-000229,2,MAT-0069,9073,678,439.53,3987855.69,WH-04,2025-07-29T12:17:00+08:00
PO-202512-000230-01,PO-202512-000230,1,MAT-0088,11307,5613,533.09,6027648.63,WH-04,2026-01-24T01:20:00+08:00
PO-202512-000230-02,PO-202512-000230,2,MAT-0124,6440,3281,544.44,3506193.6,WH-01,2025-12-26T01:20:00+08:00
PO-202512-000230-03,PO-202512-000230,3,MAT-0116,7668,583,99.89,765956.52,WH-06,2026-01-22T01:20:00+08:00
PO-202512-000230-04,PO-202512-000230,4,MAT-0065,5307,1278,377.06,2001057.42,WH-03,2026-01-15T01:20:00+08:00
PO-202512-000231-01,PO-202512-000231,1,MAT-0134,2019,2019,245.18,495018.42,WH-04,2025-12-26T16:42:00+08:00
PO-202512-000231-02,PO-202512-000231,2,MAT-0236,624,624,593.73,370487.52,WH-06,2026-01-10T16:42:00+08:00
PO-202509-000232-01,PO-202509-000232,1,MAT-0156,3167,3167,19.09,60458.03,WH-01,2025-09-23T03:16:00+08:00
PO-202509-000232-02,PO-202509-000232,2,MAT-0140,11446,11446,149.06,1706140.76,WH-06,2025-09-15T03:16:00+08:00
PO-202509-000232-03,PO-202509-000232,3,MAT-0237,1398,1398,55.32,77337.36,WH-04,2025-09-23T03:16:00+08:00
PO-202603-000233-01,PO-202603-000233,1,MAT-0212,6437,3388,305.35,1965537.95,WH-01,2026-04-12T19:35:00+08:00
PO-202603-000233-02,PO-202603-000233,2,MAT-0048,5079,864,15.58,79130.82,WH-01,2026-05-03T19:35:00+08:00
PO-202603-000233-03,PO-202603-000233,3,MAT-0204,899,407,206.52,185661.48,WH-02,2026-05-03T19:35:00+08:00
PO-202603-000233-04,PO-202603-000233,4,MAT-0083,251,31,288.86,72503.86,WH-05,2026-03-25T19:35:00+08:00
PO-202511-000234-01,PO-202511-000234,1,MAT-0103,196,121,766.51,150235.96,WH-05,2025-12-08T12:47:00+08:00
PO-202511-000234-02,PO-202511-000234,2,MAT-0058,1551,941,516.98,801835.98,WH-03,2025-12-17T12:47:00+08:00
PO-202511-000234-03,PO-202511-000234,3,MAT-0203,11399,7325,475.21,5416918.79,WH-03,2025-12-18T12:47:00+08:00
PO-202601-000235-01,PO-202601-000235,1,MAT-0152,421,276,484.99,204180.79,WH-04,2026-02-21T22:05:00+08:00
PO-202601-000235-02,PO-202601-000235,2,MAT-0170,1623,896,183.41,297674.43,WH-02,2026-01-15T22:05:00+08:00
PO-202602-000236-01,PO-202602-000236,1,MAT-0178,223,148,424.25,94607.75,WH-05,2026-02-25T15:17:00+08:00
PO-202602-000236-02,PO-202602-000236,2,MAT-0114,8877,1464,256.95,2280945.15,WH-05,2026-03-12T15:17:00+08:00
PO-202602-000236-03,PO-202602-000236,3,MAT-0049,1950,704,4.44,8658.0,WH-03,2026-02-12T15:17:00+08:00
PO-202602-000236-04,PO-202602-000236,4,MAT-0141,6723,447,230.55,1549987.65,WH-04,2026-03-17T15:17:00+08:00
PO-202601-000237-01,PO-202601-000237,1,MAT-0141,3731,2584,211.38,788658.78,WH-02,2026-01-30T00:34:00+08:00
PO-202601-000237-02,PO-202601-000237,2,MAT-0201,11735,7900,492.18,5775732.3,WH-01,2026-02-28T00:34:00+08:00
PO-202601-000237-03,PO-202601-000237,3,MAT-0097,11250,2981,747.22,8406225.0,WH-04,2026-02-21T00:34:00+08:00
PO-202601-000238-01,PO-202601-000238,1,MAT-0043,2183,2183,261.0,569763.0,WH-03,2026-01-26T02:05:00+08:00
PO-202601-000238-02,PO-202601-000238,2,MAT-0182,3874,3874,377.29,1461621.46,WH-02,2026-03-06T02:05:00+08:00
PO-202507-000239-01,PO-202507-000239,1,MAT-0215,1680,1680,93.5,157080.0,WH-05,2025-07-26T04:50:00+08:00
PO-202507-000239-02,PO-202507-000239,2,MAT-0048,942,942,18.8,17709.6,WH-05,2025-08-08T04:50:00+08:00
PO-202507-000239-03,PO-202507-000239,3,MAT-0162,6489,6489,42.66,276820.74,WH-05,2025-07-18T04:50:00+08:00
PO-202507-000239-04,PO-202507-000239,4,MAT-0027,5974,5974,748.75,4473032.5,WH-06,2025-07-07T04:50:00+08:00
PO-202602-000240-01,PO-202602-000240,1,MAT-0025,10324,7534,824.32,8510279.68,WH-01,2026-02-07T22:50:00+08:00
PO-202602-000240-02,PO-202602-000240,2,MAT-0158,4005,1366,34.7,138973.5,WH-05,2026-02-07T22:50:00+08:00
PO-202602-000240-03,PO-202602-000240,3,MAT-0125,7578,4986,761.81,5772996.18,WH-04,2026-02-16T22:50:00+08:00
PO-202602-000240-04,PO-202602-000240,4,MAT-0152,1579,791,677.23,1069346.17,WH-06,2026-02-06T22:50:00+08:00
PO-202604-000241-01,PO-202604-000241,1,MAT-0132,5467,877,41.72,228083.24,WH-04,2026-04-22T21:17:00+08:00
PO-202604-000241-02,PO-202604-000241,2,MAT-0036,10159,3035,115.22,1170519.98,WH-05,2026-04-23T21:17:00+08:00
PO-202603-000242-01,PO-202603-000242,1,MAT-0211,3455,3455,984.59,3401758.45,WH-04,2026-03-09T09:29:00+08:00
PO-202603-000242-02,PO-202603-000242,2,MAT-0106,2470,2470,764.11,1887351.7,WH-02,2026-04-05T09:29:00+08:00
PO-202603-000242-03,PO-202603-000242,3,MAT-0078,8920,8920,206.85,1845102.0,WH-06,2026-03-16T09:29:00+08:00
PO-202508-000243-01,PO-202508-000243,1,MAT-0204,6232,731,206.52,1287032.64,WH-02,2025-08-30T21:35:00+08:00
PO-202508-000243-02,PO-202508-000243,2,MAT-0073,10781,4245,22.5,242572.5,WH-05,2025-08-06T21:35:00+08:00
PO-202508-000243-03,PO-202508-000243,3,MAT-0048,8551,2699,15.58,133224.58,WH-04,2025-08-11T21:35:00+08:00
PO-202508-000243-04,PO-202508-000243,4,MAT-0212,3796,739,305.35,1159108.6,WH-05,2025-09-16T21:35:00+08:00
PO-202601-000244-01,PO-202601-000244,1,MAT-0080,2922,981,261.0,762642.0,WH-01,2026-02-22T10:42:00+08:00
PO-202508-000245-01,PO-202508-000245,1,MAT-0020,550,157,264.38,145409.0,WH-06,2025-08-17T20:39:00+08:00
PO-202508-000245-02,PO-202508-000245,2,MAT-0121,7033,3011,171.56,1206581.48,WH-04,2025-09-12T20:39:00+08:00
PO-202508-000245-03,PO-202508-000245,3,MAT-0029,7592,3010,452.66,3436594.72,WH-02,2025-08-31T20:39:00+08:00
PO-202603-000246-01,PO-202603-000246,1,MAT-0168,6013,4452,459.75,2764476.75,WH-06,2026-03-24T03:33:00+08:00
PO-202603-000246-02,PO-202603-000246,2,MAT-0163,1413,463,571.74,807868.62,WH-06,2026-04-14T03:33:00+08:00
PO-202603-000246-03,PO-202603-000246,3,MAT-0063,10392,4262,118.11,1227399.12,WH-01,2026-03-12T03:33:00+08:00
PO-202512-000247-01,PO-202512-000247,1,MAT-0003,6403,6403,278.84,1785412.52,WH-04,2026-01-14T06:07:00+08:00
PO-202512-000247-02,PO-202512-000247,2,MAT-0141,2521,2521,211.38,532888.98,WH-01,2025-12-30T06:07:00+08:00
PO-202512-000247-03,PO-202512-000247,3,MAT-0087,4824,4824,35.43,170914.32,WH-02,2026-01-28T06:07:00+08:00
PO-202509-000248-01,PO-202509-000248,1,MAT-0019,7649,735,28.14,215242.86,WH-05,2025-10-03T03:33:00+08:00
PO-202509-000248-02,PO-202509-000248,2,MAT-0206,6852,2710,77.93,533976.36,WH-04,2025-09-25T03:33:00+08:00
PO-202509-000248-03,PO-202509-000248,3,MAT-0030,3747,5,26.67,99932.49,WH-04,2025-10-02T03:33:00+08:00
PO-202508-000249-01,PO-202508-000249,1,MAT-0155,2065,804,111.51,230268.15,WH-04,2025-09-10T02:46:00+08:00
PO-202508-000249-02,PO-202508-000249,2,MAT-0018,377,214,28.33,10680.41,WH-04,2025-08-05T02:46:00+08:00
PO-202605-000250-01,PO-202605-000250,1,MAT-0154,9037,9037,97.39,880113.43,WH-01,2026-06-06T06:23:00+08:00
PO-202605-000250-02,PO-202605-000250,2,MAT-0008,9092,9092,405.9,3690442.8,WH-06,2026-05-25T06:23:00+08:00
PO-202605-000250-03,PO-202605-000250,3,MAT-0092,8455,8455,181.27,1532637.85,WH-05,2026-06-15T06:23:00+08:00
PO-202606-000251-01,PO-202606-000251,1,MAT-0191,11466,11466,400.74,4594884.84,WH-01,2026-06-15T08:00:00+08:00
PO-202606-000251-02,PO-202606-000251,2,MAT-0110,8877,8877,17.99,159697.23,WH-03,2026-06-15T08:00:00+08:00
PO-202606-000251-03,PO-202606-000251,3,MAT-0031,1681,1681,742.31,1247823.11,WH-03,2026-06-15T08:00:00+08:00
PO-202605-000252-01,PO-202605-000252,1,MAT-0135,2972,2972,32.05,95252.6,WH-01,2026-05-25T06:15:00+08:00
PO-202605-000252-02,PO-202605-000252,2,MAT-0159,264,264,16.41,4332.24,WH-03,2026-06-02T06:15:00+08:00
PO-202605-000252-03,PO-202605-000252,3,MAT-0085,3675,3675,556.42,2044843.5,WH-02,2026-05-10T06:15:00+08:00
PO-202509-000253-01,PO-202509-000253,1,MAT-0061,8994,8994,366.01,3291893.94,WH-05,2025-09-30T07:34:00+08:00
PO-202509-000253-02,PO-202509-000253,2,MAT-0056,2693,2693,304.25,819345.25,WH-04,2025-10-22T07:34:00+08:00
PO-202509-000253-03,PO-202509-000253,3,MAT-0131,3062,3062,528.17,1617256.54,WH-04,2025-10-17T07:34:00+08:00
PO-202509-000253-04,PO-202509-000253,4,MAT-0184,5175,5175,248.54,1286194.5,WH-01,2025-10-07T07:34:00+08:00
PO-202510-000254-01,PO-202510-000254,1,MAT-0180,5819,481,164.91,959611.29,WH-01,2025-11-19T14:11:00+08:00
PO-202510-000254-02,PO-202510-000254,2,MAT-0102,6139,2031,38.61,237026.79,WH-05,2025-10-09T14:11:00+08:00
PO-202510-000254-03,PO-202510-000254,3,MAT-0187,10906,6405,29.55,322272.3,WH-06,2025-11-15T14:11:00+08:00
PO-202512-000255-01,PO-202512-000255,1,MAT-0065,6285,2271,404.62,2543036.7,WH-02,2025-12-31T05:55:00+08:00
PO-202512-000255-02,PO-202512-000255,2,MAT-0020,10776,5387,207.12,2231925.12,WH-05,2026-01-14T05:55:00+08:00
PO-202509-000256-01,PO-202509-000256,1,MAT-0005,3964,3964,399.05,1581834.2,WH-05,2025-10-22T08:19:00+08:00
PO-202508-000257-01,PO-202508-000257,1,MAT-0136,11401,1706,794.05,9052964.05,WH-06,2025-09-16T09:45:00+08:00
PO-202601-000258-01,PO-202601-000258,1,MAT-0001,5332,5332,202.85,1081596.2,WH-04,2026-02-17T22:53:00+08:00
PO-202601-000258-02,PO-202601-000258,2,MAT-0073,3553,3553,20.33,72232.49,WH-04,2026-02-17T22:53:00+08:00
PO-202507-000259-01,PO-202507-000259,1,MAT-0206,572,572,81.84,46812.48,WH-01,2025-08-28T02:05:00+08:00
PO-202507-000259-02,PO-202507-000259,2,MAT-0224,4721,4721,317.52,1499011.92,WH-04,2025-08-31T02:05:00+08:00
PO-202507-000259-03,PO-202507-000259,3,MAT-0179,3679,3679,644.51,2371152.29,WH-04,2025-08-07T02:05:00+08:00
PO-202604-000260-01,PO-202604-000260,1,MAT-0016,1282,1282,206.71,265002.22,WH-05,2026-05-29T19:41:00+08:00
PO-202604-000260-02,PO-202604-000260,2,MAT-0230,1543,1543,936.38,1444834.34,WH-02,2026-05-18T19:41:00+08:00
PO-202604-000260-03,PO-202604-000260,3,MAT-0173,7949,7949,981.06,7798445.94,WH-04,2026-05-11T19:41:00+08:00
PO-202604-000260-04,PO-202604-000260,4,MAT-0113,7741,7741,103.18,798716.38,WH-02,2026-05-13T19:41:00+08:00
PO-202601-000261-01,PO-202601-000261,1,MAT-0183,562,114,100.21,56318.02,WH-05,2026-03-05T05:57:00+08:00
PO-202601-000261-02,PO-202601-000261,2,MAT-0106,5417,4228,668.99,3623918.83,WH-04,2026-02-14T05:57:00+08:00
PO-202601-000261-03,PO-202601-000261,3,MAT-0062,6126,4269,957.62,5866380.12,WH-03,2026-02-26T05:57:00+08:00
PO-202606-000262-01,PO-202606-000262,1,MAT-0016,2747,2747,253.02,695045.94,WH-06,2026-06-15T04:30:00+08:00
PO-202606-000262-02,PO-202606-000262,2,MAT-0215,2869,2869,70.16,201289.04,WH-01,2026-06-15T08:00:00+08:00
PO-202606-000262-03,PO-202606-000262,3,MAT-0051,5083,5083,45.75,232547.25,WH-01,2026-06-15T08:00:00+08:00
PO-202601-000263-01,PO-202601-000263,1,MAT-0056,2118,2118,303.56,642940.08,WH-06,2026-02-01T14:30:00+08:00
PO-202601-000263-02,PO-202601-000263,2,MAT-0037,8653,8653,674.33,5834977.49,WH-01,2026-02-23T14:30:00+08:00
PO-202604-000264-01,PO-202604-000264,1,MAT-0121,1183,906,188.18,222616.94,WH-02,2026-05-07T08:51:00+08:00
PO-202604-000264-02,PO-202604-000264,2,MAT-0068,991,715,135.85,134627.35,WH-03,2026-05-04T08:51:00+08:00
PO-202605-000265-01,PO-202605-000265,1,MAT-0069,7969,37,546.0,4351074.0,WH-02,2026-06-05T20:57:00+08:00
PO-202605-000265-02,PO-202605-000265,2,MAT-0099,4021,3025,48.98,196948.58,WH-02,2026-06-08T20:57:00+08:00
PO-202605-000265-03,PO-202605-000265,3,MAT-0188,3305,1861,87.44,288989.2,WH-02,2026-05-12T20:57:00+08:00
PO-202605-000265-04,PO-202605-000265,4,MAT-0003,1738,408,294.2,511319.6,WH-03,2026-05-12T20:57:00+08:00
PO-202509-000266-01,PO-202509-000266,1,MAT-0127,5830,3990,945.2,5510516.0,WH-02,2025-10-19T10:47:00+08:00
PO-202509-000266-02,PO-202509-000266,2,MAT-0177,10272,1476,612.36,6290161.92,WH-02,2025-09-26T10:47:00+08:00
PO-202509-000266-03,PO-202509-000266,3,MAT-0043,355,72,261.0,92655.0,WH-02,2025-10-21T10:47:00+08:00
PO-202603-000267-01,PO-202603-000267,1,MAT-0002,3035,1964,1170.86,3553560.1,WH-02,2026-04-08T19:45:00+08:00
PO-202603-000267-02,PO-202603-000267,2,MAT-0236,8683,412,593.73,5155357.59,WH-01,2026-03-21T19:45:00+08:00
PO-202512-000268-01,PO-202512-000268,1,MAT-0107,6943,6943,391.57,2718670.51,WH-02,2026-01-03T02:23:00+08:00
PO-202512-000268-02,PO-202512-000268,2,MAT-0147,11466,11466,605.73,6945300.18,WH-04,2025-12-22T02:23:00+08:00
PO-202601-000269-01,PO-202601-000269,1,MAT-0072,2549,1079,1081.81,2757533.69,WH-05,2026-01-20T16:13:00+08:00
PO-202601-000269-02,PO-202601-000269,2,MAT-0026,4041,259,950.58,3841293.78,WH-02,2026-02-25T16:13:00+08:00
PO-202512-000270-01,PO-202512-000270,1,MAT-0233,4529,4529,26.59,120426.11,WH-06,2026-01-17T06:55:00+08:00
PO-202512-000270-02,PO-202512-000270,2,MAT-0003,7491,7491,252.18,1889080.38,WH-05,2026-01-31T06:55:00+08:00
PO-202512-000270-03,PO-202512-000270,3,MAT-0076,4092,4092,299.46,1225390.32,WH-03,2026-01-14T06:55:00+08:00
PO-202511-000271-01,PO-202511-000271,1,MAT-0016,3635,2582,242.89,882905.15,WH-01,2025-12-06T08:23:00+08:00
PO-202511-000271-02,PO-202511-000271,2,MAT-0147,6988,4836,678.43,4740868.84,WH-01,2025-11-14T08:23:00+08:00
PO-202511-000271-03,PO-202511-000271,3,MAT-0209,5044,3945,1047.2,5282076.8,WH-03,2025-12-15T08:23:00+08:00
PO-202604-000272-01,PO-202604-000272,1,MAT-0004,10389,4894,350.06,3636773.34,WH-01,2026-05-13T21:54:00+08:00
PO-202604-000272-02,PO-202604-000272,2,MAT-0225,8860,307,651.69,5773973.4,WH-05,2026-04-12T21:54:00+08:00
PO-202604-000272-03,PO-202604-000272,3,MAT-0101,4850,637,357.68,1734748.0,WH-04,2026-04-25T21:54:00+08:00
PO-202604-000273-01,PO-202604-000273,1,MAT-0172,6958,5099,633.37,4406988.46,WH-01,2026-04-22T23:50:00+08:00
PO-202605-000274-01,PO-202605-000274,1,MAT-0054,1236,1236,659.88,815611.68,WH-02,2026-05-22T22:16:00+08:00
PO-202605-000274-02,PO-202605-000274,2,MAT-0101,10636,10636,357.68,3804284.48,WH-04,2026-05-17T22:16:00+08:00
PO-202605-000274-03,PO-202605-000274,3,MAT-0130,9967,9967,587.58,5856409.86,WH-01,2026-06-15T08:00:00+08:00
PO-202605-000274-04,PO-202605-000274,4,MAT-0084,398,398,381.91,152000.18,WH-04,2026-06-02T22:16:00+08:00
PO-202603-000275-01,PO-202603-000275,1,MAT-0017,3557,3557,85.83,305297.31,WH-02,2026-05-04T22:50:00+08:00
PO-202603-000275-02,PO-202603-000275,2,MAT-0166,3017,3017,669.55,2020032.35,WH-06,2026-04-07T22:50:00+08:00
PO-202511-000276-01,PO-202511-000276,1,MAT-0101,2930,2075,357.68,1048002.4,WH-06,2025-12-23T09:24:00+08:00
PO-202511-000276-02,PO-202511-000276,2,MAT-0080,9481,7085,204.09,1934977.29,WH-04,2025-12-08T09:24:00+08:00
PO-202511-000276-03,PO-202511-000276,3,MAT-0021,2742,227,10.96,30052.32,WH-06,2025-12-01T09:24:00+08:00
PO-202508-000277-01,PO-202508-000277,1,MAT-0079,2438,1166,41.03,100031.14,WH-03,2025-09-04T00:57:00+08:00
PO-202508-000277-02,PO-202508-000277,2,MAT-0065,1510,903,404.62,610976.2,WH-06,2025-09-11T00:57:00+08:00
PO-202602-000278-01,PO-202602-000278,1,MAT-0006,8557,8557,441.09,3774407.13,WH-04,2026-03-16T06:14:00+08:00
PO-202602-000278-02,PO-202602-000278,2,MAT-0081,6550,6550,663.41,4345335.5,WH-02,2026-03-24T06:14:00+08:00
PO-202602-000278-03,PO-202602-000278,3,MAT-0228,6682,6682,10.22,68290.04,WH-03,2026-03-26T06:14:00+08:00
PO-202510-000279-01,PO-202510-000279,1,MAT-0231,2812,459,361.96,1017831.52,WH-03,2025-11-20T05:28:00+08:00
PO-202510-000279-02,PO-202510-000279,2,MAT-0143,8884,3341,1112.01,9879096.84,WH-02,2025-11-15T05:28:00+08:00
PO-202510-000279-03,PO-202510-000279,3,MAT-0116,4094,696,128.37,525546.78,WH-02,2025-11-19T05:28:00+08:00
PO-202510-000279-04,PO-202510-000279,4,MAT-0158,10842,626,39.6,429343.2,WH-05,2025-11-05T05:28:00+08:00
PO-202509-000280-01,PO-202509-000280,1,MAT-0103,3599,3599,607.08,2184880.92,WH-02,2025-10-11T06:29:00+08:00
PO-202509-000280-02,PO-202509-000280,2,MAT-0031,9857,9857,715.02,7047952.14,WH-06,2025-10-10T06:29:00+08:00
PO-202509-000280-03,PO-202509-000280,3,MAT-0166,1985,1985,669.55,1329056.75,WH-06,2025-09-26T06:29:00+08:00
PO-202601-000281-01,PO-202601-000281,1,MAT-0149,7331,5318,163.15,1196052.65,WH-05,2026-02-11T12:01:00+08:00
PO-202601-000281-02,PO-202601-000281,2,MAT-0010,9485,5171,774.77,7348693.45,WH-06,2026-02-26T12:01:00+08:00
PO-202511-000282-01,PO-202511-000282,1,MAT-0125,8067,2397,1047.09,8446875.03,WH-03,2025-12-23T02:20:00+08:00
PO-202511-000282-02,PO-202511-000282,2,MAT-0211,11187,584,951.31,10642304.97,WH-05,2025-12-02T02:20:00+08:00
PO-202511-000282-03,PO-202511-000282,3,MAT-0093,8331,327,1111.43,9259323.33,WH-04,2025-11-19T02:20:00+08:00
PO-202511-000282-04,PO-202511-000282,4,MAT-0182,8213,6186,370.24,3040781.12,WH-02,2025-12-19T02:20:00+08:00
PO-202510-000283-01,PO-202510-000283,1,MAT-0127,9693,9693,883.24,8561245.32,WH-01,2025-11-01T12:03:00+08:00
PO-202510-000283-02,PO-202510-000283,2,MAT-0153,2922,2922,379.63,1109278.86,WH-03,2025-10-31T12:03:00+08:00
PO-202510-000283-03,PO-202510-000283,3,MAT-0021,261,261,12.2,3184.2,WH-04,2025-11-10T12:03:00+08:00
PO-202510-000283-04,PO-202510-000283,4,MAT-0156,9523,9523,20.1,191412.3,WH-03,2025-11-24T12:03:00+08:00
PO-202603-000284-01,PO-202603-000284,1,MAT-0036,11153,11153,115.22,1285048.66,WH-04,2026-04-04T20:10:00+08:00
PO-202603-000284-02,PO-202603-000284,2,MAT-0182,3416,3416,377.29,1288822.64,WH-02,2026-04-05T20:10:00+08:00
PO-202507-000285-01,PO-202507-000285,1,MAT-0005,1066,1066,423.0,450918.0,WH-03,2025-08-11T16:42:00+08:00
PO-202507-000285-02,PO-202507-000285,2,MAT-0136,5348,5348,780.71,4175237.08,WH-03,2025-08-20T16:42:00+08:00
PO-202507-000285-03,PO-202507-000285,3,MAT-0127,10938,10938,1091.54,11939264.52,WH-02,2025-07-22T16:42:00+08:00
PO-202601-000286-01,PO-202601-000286,1,MAT-0193,6809,2651,163.66,1114360.94,WH-02,2026-02-02T19:53:00+08:00
PO-202601-000286-02,PO-202601-000286,2,MAT-0192,5807,50,80.14,465372.98,WH-06,2026-01-25T19:53:00+08:00
PO-202603-000287-01,PO-202603-000287,1,MAT-0176,8783,2092,979.85,8606022.55,WH-06,2026-03-28T01:28:00+08:00
PO-202603-000287-02,PO-202603-000287,2,MAT-0216,4185,212,125.7,526054.5,WH-04,2026-04-15T01:28:00+08:00
PO-202507-000288-01,PO-202507-000288,1,MAT-0095,11259,11259,315.01,3546697.59,WH-01,2025-09-13T17:18:00+08:00
PO-202506-000289-01,PO-202506-000289,1,MAT-0160,11551,5279,359.84,4156511.84,WH-06,2025-07-23T11:33:00+08:00
PO-202602-000290-01,PO-202602-000290,1,MAT-0226,6570,2608,279.52,1836446.4,WH-05,2026-03-12T06:16:00+08:00
PO-202602-000290-02,PO-202602-000290,2,MAT-0212,10685,8484,305.35,3262664.75,WH-04,2026-02-28T06:16:00+08:00
PO-202511-000291-01,PO-202511-000291,1,MAT-0037,8795,3920,702.31,6176816.45,WH-05,2025-11-24T21:35:00+08:00
PO-202511-000291-02,PO-202511-000291,2,MAT-0090,1614,953,3.74,6036.36,WH-05,2025-12-12T21:35:00+08:00
PO-202606-000292-01,PO-202606-000292,1,MAT-0081,1474,1474,656.07,967047.18,WH-01,2026-06-15T08:00:00+08:00
PO-202606-000292-02,PO-202606-000292,2,MAT-0209,9919,9919,1138.47,11292483.93,WH-04,2026-06-03T11:13:00+08:00
PO-202606-000292-03,PO-202606-000292,3,MAT-0228,10150,10150,9.16,92974.0,WH-01,2026-06-15T08:00:00+08:00
PO-202603-000293-01,PO-202603-000293,1,MAT-0139,11334,6859,216.19,2450297.46,WH-06,2026-04-28T11:34:00+08:00
PO-202603-000293-02,PO-202603-000293,2,MAT-0227,4559,3560,777.65,3545306.35,WH-03,2026-03-27T11:34:00+08:00
PO-202603-000293-03,PO-202603-000293,3,MAT-0145,1421,737,96.32,136870.72,WH-06,2026-04-02T11:34:00+08:00
PO-202603-000293-04,PO-202603-000293,4,MAT-0186,5013,58,429.11,2151128.43,WH-05,2026-04-18T11:34:00+08:00
PO-202509-000294-01,PO-202509-000294,1,MAT-0178,4869,4869,409.59,1994293.71,WH-04,2025-10-25T23:36:00+08:00
PO-202509-000294-02,PO-202509-000294,2,MAT-0183,10259,10259,100.21,1028054.39,WH-04,2025-10-30T23:36:00+08:00
PO-202509-000294-03,PO-202509-000294,3,MAT-0213,2266,2266,345.89,783786.74,WH-02,2025-10-25T23:36:00+08:00
PO-202601-000295-01,PO-202601-000295,1,MAT-0118,103,59,378.42,38977.26,WH-05,2026-01-21T20:26:00+08:00
PO-202601-000295-02,PO-202601-000295,2,MAT-0064,5477,1335,93.97,514673.69,WH-06,2026-02-14T20:26:00+08:00
PO-202601-000295-03,PO-202601-000295,3,MAT-0053,2747,374,34.85,95732.95,WH-05,2026-01-23T20:26:00+08:00
PO-202601-000295-04,PO-202601-000295,4,MAT-0111,3748,21,48.96,183502.08,WH-06,2026-01-26T20:26:00+08:00
PO-202601-000296-01,PO-202601-000296,1,MAT-0205,2102,652,387.97,815512.94,WH-03,2026-02-14T23:54:00+08:00
PO-202605-000297-01,PO-202605-000297,1,MAT-0027,5469,706,748.75,4094913.75,WH-04,2026-06-15T08:00:00+08:00
PO-202510-000298-01,PO-202510-000298,1,MAT-0097,7845,298,953.91,7483423.95,WH-03,2025-11-10T11:57:00+08:00
PO-202510-000298-02,PO-202510-000298,2,MAT-0174,8344,5488,4.62,38549.28,WH-01,2025-11-07T11:57:00+08:00
PO-202510-000299-01,PO-202510-000299,1,MAT-0068,3159,1747,144.67,457012.53,WH-03,2025-10-15T00:23:00+08:00
PO-202510-000299-02,PO-202510-000299,2,MAT-0001,6308,134,183.77,1159221.16,WH-04,2025-11-04T00:23:00+08:00
PO-202510-000299-03,PO-202510-000299,3,MAT-0082,8553,4458,347.52,2972338.56,WH-02,2025-11-12T00:23:00+08:00
PO-202508-000300-01,PO-202508-000300,1,MAT-0205,2784,283,355.1,988598.4,WH-06,2025-08-28T09:10:00+08:00
PO-202508-000300-02,PO-202508-000300,2,MAT-0194,2831,2099,15.87,44927.97,WH-01,2025-08-19T09:10:00+08:00
PO-202508-000300-03,PO-202508-000300,3,MAT-0168,2742,822,546.68,1498996.56,WH-06,2025-08-17T09:10:00+08:00
PO-202507-000301-01,PO-202507-000301,1,MAT-0043,5772,3265,327.63,1891080.36,WH-06,2025-07-17T14:46:00+08:00
PO-202509-000302-01,PO-202509-000302,1,MAT-0027,4656,1950,748.75,3486180.0,WH-03,2025-09-16T10:45:00+08:00
PO-202509-000302-02,PO-202509-000302,2,MAT-0162,4474,1343,42.66,190860.84,WH-02,2025-09-29T10:45:00+08:00
PO-202510-000303-01,PO-202510-000303,1,MAT-0101,7862,2498,449.47,3533733.14,WH-05,2025-10-22T03:59:00+08:00
PO-202509-000304-01,PO-202509-000304,1,MAT-0144,6433,6433,10.74,69090.42,WH-06,2025-10-02T22:26:00+08:00
PO-202511-000305-01,PO-202511-000305,1,MAT-0001,11648,7727,183.77,2140552.96,WH-01,2025-12-06T15:13:00+08:00
PO-202511-000305-02,PO-202511-000305,2,MAT-0095,7328,1050,361.39,2648265.92,WH-04,2025-12-12T15:13:00+08:00
PO-202511-000305-03,PO-202511-000305,3,MAT-0068,1933,108,144.67,279647.11,WH-01,2025-11-27T15:13:00+08:00
PO-202604-000306-01,PO-202604-000306,1,MAT-0064,9421,9421,107.24,1010308.04,WH-06,2026-05-10T17:06:00+08:00
PO-202604-000306-02,PO-202604-000306,2,MAT-0187,10245,10245,29.55,302739.75,WH-04,2026-05-31T17:06:00+08:00
PO-202604-000306-03,PO-202604-000306,3,MAT-0174,10069,10069,4.62,46518.78,WH-05,2026-05-19T17:06:00+08:00
PO-202605-000307-01,PO-202605-000307,1,MAT-0061,2603,1902,366.01,952724.03,WH-04,2026-06-15T08:00:00+08:00
PO-202605-000307-02,PO-202605-000307,2,MAT-0224,5422,3667,326.71,1771421.62,WH-03,2026-05-21T08:37:00+08:00
PO-202605-000307-03,PO-202605-000307,3,MAT-0163,2254,231,462.82,1043196.28,WH-01,2026-05-25T08:37:00+08:00
PO-202605-000308-01,PO-202605-000308,1,MAT-0109,9946,5434,39.12,389087.52,WH-02,2026-05-25T00:47:00+08:00
PO-202605-000308-02,PO-202605-000308,2,MAT-0086,2875,1245,89.31,256766.25,WH-02,2026-06-15T08:00:00+08:00
PO-202605-000309-01,PO-202605-000309,1,MAT-0054,11340,11340,739.98,8391373.2,WH-01,2026-05-24T01:37:00+08:00
PO-202605-000309-02,PO-202605-000309,2,MAT-0240,4385,4385,110.92,486384.2,WH-02,2026-05-22T01:37:00+08:00
PO-202508-000310-01,PO-202508-000310,1,MAT-0103,11036,11036,598.11,6600741.96,WH-03,2025-09-19T22:29:00+08:00
PO-202508-000310-02,PO-202508-000310,2,MAT-0048,8333,8333,19.87,165576.71,WH-01,2025-09-27T22:29:00+08:00
PO-202602-000311-01,PO-202602-000311,1,MAT-0154,5750,4205,97.39,559992.5,WH-02,2026-04-08T20:20:00+08:00
PO-202512-000312-01,PO-202512-000312,1,MAT-0135,4769,4769,39.86,190092.34,WH-06,2026-01-28T01:59:00+08:00
PO-202512-000312-02,PO-202512-000312,2,MAT-0126,2309,2309,544.75,1257827.75,WH-05,2026-01-25T01:59:00+08:00
PO-202512-000312-03,PO-202512-000312,3,MAT-0084,8550,8550,431.95,3693172.5,WH-04,2026-01-05T01:59:00+08:00
PO-202510-000313-01,PO-202510-000313,1,MAT-0152,8679,151,677.23,5877679.17,WH-05,2025-10-23T20:45:00+08:00
PO-202510-000313-02,PO-202510-000313,2,MAT-0025,10626,6090,824.32,8759224.32,WH-04,2025-11-04T20:45:00+08:00
PO-202510-000313-03,PO-202510-000313,3,MAT-0168,6405,4613,459.75,2944698.75,WH-01,2025-10-22T20:45:00+08:00
PO-202606-000314-01,PO-202606-000314,1,MAT-0218,5293,3112,143.16,757745.88,WH-03,2026-06-15T08:00:00+08:00
PO-202606-000314-02,PO-202606-000314,2,MAT-0186,2563,1246,389.51,998314.13,WH-05,2026-06-15T08:00:00+08:00
PO-202602-000315-01,PO-202602-000315,1,MAT-0202,11176,11176,546.88,6111930.88,WH-04,2026-03-24T04:02:00+08:00
PO-202602-000315-02,PO-202602-000315,2,MAT-0226,10782,10782,319.81,3448191.42,WH-03,2026-03-03T04:02:00+08:00
PO-202602-000316-01,PO-202602-000316,1,MAT-0152,3210,1750,653.45,2097574.5,WH-01,2026-03-16T00:01:00+08:00
PO-202602-000316-02,PO-202602-000316,2,MAT-0189,3129,965,935.52,2927242.08,WH-03,2026-03-14T00:01:00+08:00
PO-202602-000316-03,PO-202602-000316,3,MAT-0002,7499,1895,1041.31,7808783.69,WH-01,2026-03-02T00:01:00+08:00
PO-202507-000317-01,PO-202507-000317,1,MAT-0208,8821,8821,120.26,1060813.46,WH-05,2025-09-06T01:43:00+08:00
PO-202507-000317-02,PO-202507-000317,2,MAT-0081,11488,11488,663.41,7621254.08,WH-05,2025-08-23T01:43:00+08:00
PO-202507-000317-03,PO-202507-000317,3,MAT-0193,11697,11697,175.11,2048261.67,WH-06,2025-07-31T01:43:00+08:00
PO-202507-000317-04,PO-202507-000317,4,MAT-0235,2739,2739,166.29,455468.31,WH-02,2025-08-14T01:43:00+08:00
PO-202512-000318-01,PO-202512-000318,1,MAT-0226,3876,2230,319.81,1239583.56,WH-06,2026-01-22T07:44:00+08:00
PO-202512-000318-02,PO-202512-000318,2,MAT-0041,2727,926,326.31,889847.37,WH-05,2026-01-22T07:44:00+08:00
PO-202512-000318-03,PO-202512-000318,3,MAT-0072,8273,5648,918.4,7597923.2,WH-05,2026-01-18T07:44:00+08:00
PO-202604-000319-01,PO-202604-000319,1,MAT-0004,5553,1316,350.06,1943883.18,WH-02,2026-05-12T03:45:00+08:00
PO-202604-000319-02,PO-202604-000319,2,MAT-0094,5146,3338,211.18,1086732.28,WH-03,2026-05-27T03:45:00+08:00
PO-202604-000319-03,PO-202604-000319,3,MAT-0107,4207,999,368.41,1549900.87,WH-03,2026-05-18T03:45:00+08:00
PO-202604-000320-01,PO-202604-000320,1,MAT-0117,3535,1692,175.08,618907.8,WH-04,2026-04-24T18:55:00+08:00
PO-202604-000320-02,PO-202604-000320,2,MAT-0070,7867,4066,139.24,1095401.08,WH-01,2026-05-13T18:55:00+08:00
PO-202604-000320-03,PO-202604-000320,3,MAT-0018,5031,328,32.61,164060.91,WH-02,2026-05-13T18:55:00+08:00
PO-202510-000321-01,PO-202510-000321,1,MAT-0028,9767,9767,1346.74,13153609.58,WH-02,2025-11-13T23:31:00+08:00
PO-202510-000321-02,PO-202510-000321,2,MAT-0068,4518,4518,135.08,610291.44,WH-06,2025-11-29T23:31:00+08:00
PO-202510-000321-03,PO-202510-000321,3,MAT-0003,3978,3978,294.2,1170327.6,WH-04,2025-11-08T23:31:00+08:00
PO-202510-000321-04,PO-202510-000321,4,MAT-0094,6745,6745,232.4,1567538.0,WH-01,2025-11-10T23:31:00+08:00
PO-202509-000322-01,PO-202509-000322,1,MAT-0066,3607,1675,175.61,633425.27,WH-02,2025-10-20T04:23:00+08:00
PO-202510-000323-01,PO-202510-000323,1,MAT-0132,3973,3973,47.42,188399.66,WH-02,2025-12-06T14:13:00+08:00
PO-202510-000323-02,PO-202510-000323,2,MAT-0006,3652,3652,430.86,1573500.72,WH-05,2025-11-21T14:13:00+08:00
PO-202510-000323-03,PO-202510-000323,3,MAT-0121,8070,8070,179.09,1445256.3,WH-03,2025-11-27T14:13:00+08:00
PO-202510-000324-01,PO-202510-000324,1,MAT-0029,8757,149,405.71,3552802.47,WH-01,2025-12-01T16:24:00+08:00
PO-202510-000324-02,PO-202510-000324,2,MAT-0057,442,130,146.16,64602.72,WH-03,2025-11-30T16:24:00+08:00
PO-202603-000325-01,PO-202603-000325,1,MAT-0042,1663,334,426.76,709701.88,WH-03,2026-05-04T00:31:00+08:00
PO-202509-000326-01,PO-202509-000326,1,MAT-0070,8195,8195,139.24,1141071.8,WH-06,2025-10-10T03:21:00+08:00
PO-202509-000326-02,PO-202509-000326,2,MAT-0181,10445,10445,193.53,2021420.85,WH-05,2025-11-05T03:21:00+08:00
PO-202509-000326-03,PO-202509-000326,3,MAT-0032,8405,8405,391.41,3289801.05,WH-01,2025-10-21T03:21:00+08:00
PO-202512-000327-01,PO-202512-000327,1,MAT-0106,9249,9249,764.11,7067253.39,WH-06,2025-12-30T04:56:00+08:00
PO-202512-000327-02,PO-202512-000327,2,MAT-0200,1152,1152,375.83,432956.16,WH-02,2026-01-17T04:56:00+08:00
PO-202512-000327-03,PO-202512-000327,3,MAT-0223,920,920,653.51,601229.2,WH-04,2026-01-26T04:56:00+08:00
PO-202511-000328-01,PO-202511-000328,1,MAT-0160,3748,3748,275.52,1032648.96,WH-04,2025-11-30T13:21:00+08:00
PO-202511-000328-02,PO-202511-000328,2,MAT-0021,5827,5827,10.49,61125.23,WH-03,2025-12-19T13:21:00+08:00
PO-202511-000329-01,PO-202511-000329,1,MAT-0034,11591,8819,38.25,443355.75,WH-04,2025-12-19T12:29:00+08:00
PO-202511-000329-02,PO-202511-000329,2,MAT-0105,8859,6542,563.1,4988502.9,WH-03,2025-11-30T12:29:00+08:00
PO-202507-000330-01,PO-202507-000330,1,MAT-0046,10422,10422,1313.51,13689401.22,WH-03,2025-08-13T10:59:00+08:00
PO-202507-000330-02,PO-202507-000330,2,MAT-0190,8308,8308,188.59,1566805.72,WH-06,2025-07-24T10:59:00+08:00
PO-202507-000330-03,PO-202507-000330,3,MAT-0052,11918,11918,95.32,1136023.76,WH-04,2025-08-22T10:59:00+08:00
PO-202507-000330-04,PO-202507-000330,4,MAT-0028,3872,3872,1026.53,3974724.16,WH-03,2025-08-03T10:59:00+08:00
PO-202509-000331-01,PO-202509-000331,1,MAT-0237,2778,2215,55.32,153678.96,WH-02,2025-11-07T19:17:00+08:00
PO-202507-000332-01,PO-202507-000332,1,MAT-0123,2521,2521,137.52,346687.92,WH-01,2025-08-09T13:31:00+08:00
PO-202507-000332-02,PO-202507-000332,2,MAT-0041,11867,11867,386.87,4590986.29,WH-01,2025-07-26T13:31:00+08:00
PO-202507-000332-03,PO-202507-000332,3,MAT-0130,9151,9151,625.17,5720930.67,WH-04,2025-07-31T13:31:00+08:00
PO-202510-000333-01,PO-202510-000333,1,MAT-0084,5485,5485,381.91,2094776.35,WH-04,2025-11-12T10:43:00+08:00
PO-202507-000334-01,PO-202507-000334,1,MAT-0162,10840,4146,52.78,572135.2,WH-03,2025-08-26T16:01:00+08:00
PO-202507-000334-02,PO-202507-000334,2,MAT-0019,1059,323,29.12,30838.08,WH-02,2025-07-18T16:01:00+08:00
PO-202507-000334-03,PO-202507-000334,3,MAT-0240,4531,2354,110.92,502578.52,WH-04,2025-08-06T16:01:00+08:00
PO-202507-000334-04,PO-202507-000334,4,MAT-0054,7067,3570,739.98,5229438.66,WH-03,2025-07-24T16:01:00+08:00
PO-202604-000335-01,PO-202604-000335,1,MAT-0080,8435,8435,189.9,1601806.5,WH-03,2026-05-09T05:41:00+08:00
PO-202604-000335-02,PO-202604-000335,2,MAT-0144,6723,6723,13.58,91298.34,WH-03,2026-04-06T05:41:00+08:00
PO-202602-000336-01,PO-202602-000336,1,MAT-0167,8250,831,95.32,786390.0,WH-01,2026-02-17T20:40:00+08:00
PO-202602-000336-02,PO-202602-000336,2,MAT-0234,5624,1769,138.98,781623.52,WH-06,2026-03-22T20:40:00+08:00
PO-202602-000336-03,PO-202602-000336,3,MAT-0033,5051,2575,163.07,823666.57,WH-06,2026-03-16T20:40:00+08:00
PO-202602-000336-04,PO-202602-000336,4,MAT-0118,5246,91,356.75,1871510.5,WH-02,2026-02-16T20:40:00+08:00
PO-202604-000337-01,PO-202604-000337,1,MAT-0191,3873,3873,336.92,1304891.16,WH-05,2026-05-24T09:53:00+08:00
PO-202604-000337-02,PO-202604-000337,2,MAT-0202,9085,9085,403.47,3665524.95,WH-01,2026-04-22T09:53:00+08:00
PO-202604-000337-03,PO-202604-000337,3,MAT-0194,1764,1764,15.76,27800.64,WH-02,2026-05-27T09:53:00+08:00
PO-202604-000338-01,PO-202604-000338,1,MAT-0039,127,70,1009.44,128198.88,WH-04,2026-04-30T10:18:00+08:00
PO-202604-000338-02,PO-202604-000338,2,MAT-0196,8201,2116,79.23,649765.23,WH-05,2026-04-11T10:18:00+08:00
PO-202604-000338-03,PO-202604-000338,3,MAT-0226,4343,1454,338.83,1471538.69,WH-06,2026-04-21T10:18:00+08:00
PO-202509-000339-01,PO-202509-000339,1,MAT-0050,4634,329,643.24,2980774.16,WH-01,2025-09-30T13:00:00+08:00
PO-202606-000340-01,PO-202606-000340,1,MAT-0215,6277,6277,87.13,546915.01,WH-01,2026-06-15T08:00:00+08:00
PO-202511-000341-01,PO-202511-000341,1,MAT-0201,10341,698,492.18,5089633.38,WH-06,2025-12-13T04:31:00+08:00
PO-202601-000342-01,PO-202601-000342,1,MAT-0227,7673,7673,970.77,7448718.21,WH-01,2026-02-03T09:18:00+08:00
PO-202601-000342-02,PO-202601-000342,2,MAT-0119,11396,11396,2.52,28717.92,WH-01,2026-01-21T09:18:00+08:00
PO-202601-000342-03,PO-202601-000342,3,MAT-0032,461,461,412.73,190268.53,WH-06,2026-01-20T09:18:00+08:00
PO-202509-000343-01,PO-202509-000343,1,MAT-0212,8427,5918,305.35,2573184.45,WH-02,2025-10-25T13:45:00+08:00
PO-202509-000343-02,PO-202509-000343,2,MAT-0121,3769,848,170.39,642199.91,WH-04,2025-10-19T13:45:00+08:00
PO-202512-000344-01,PO-202512-000344,1,MAT-0064,9988,9988,95.16,950458.08,WH-05,2025-12-31T18:40:00+08:00
PO-202512-000344-02,PO-202512-000344,2,MAT-0093,7570,7570,885.66,6704446.2,WH-03,2026-01-18T18:40:00+08:00
PO-202512-000344-03,PO-202512-000344,3,MAT-0240,11641,11641,140.4,1634396.4,WH-02,2026-01-04T18:40:00+08:00
PO-202512-000344-04,PO-202512-000344,4,MAT-0036,504,504,115.22,58070.88,WH-04,2026-01-04T18:40:00+08:00
PO-202606-000345-01,PO-202606-000345,1,MAT-0090,10456,10456,4.44,46424.64,WH-05,2026-06-03T14:38:00+08:00
PO-202507-000346-01,PO-202507-000346,1,MAT-0158,11079,5487,34.7,384441.3,WH-03,2025-08-01T18:24:00+08:00
PO-202507-000346-02,PO-202507-000346,2,MAT-0011,10876,7079,8.0,87008.0,WH-02,2025-07-11T18:24:00+08:00
PO-202512-000347-01,PO-202512-000347,1,MAT-0121,11676,11676,170.39,1989473.64,WH-06,2026-01-19T22:33:00+08:00
PO-202511-000348-01,PO-202511-000348,1,MAT-0021,5936,1729,13.22,78473.92,WH-04,2025-12-01T12:09:00+08:00
PO-202601-000349-01,PO-202601-000349,1,MAT-0232,6881,2692,966.05,6647390.05,WH-04,2026-02-15T18:58:00+08:00
PO-202601-000349-02,PO-202601-000349,2,MAT-0142,8064,5418,418.24,3372687.36,WH-01,2026-02-12T18:58:00+08:00
PO-202601-000349-03,PO-202601-000349,3,MAT-0073,1613,1133,20.33,32792.29,WH-05,2026-01-26T18:58:00+08:00
PO-202604-000350-01,PO-202604-000350,1,MAT-0134,11990,11990,245.18,2939708.2,WH-02,2026-04-21T18:55:00+08:00
PO-202604-000350-02,PO-202604-000350,2,MAT-0042,9293,9293,439.98,4088734.14,WH-01,2026-04-27T18:55:00+08:00
PO-202604-000350-03,PO-202604-000350,3,MAT-0232,2573,2573,966.05,2485646.65,WH-01,2026-04-09T18:55:00+08:00
PO-202604-000350-04,PO-202604-000350,4,MAT-0236,8713,8713,593.73,5173169.49,WH-05,2026-04-26T18:55:00+08:00
PO-202603-000351-01,PO-202603-000351,1,MAT-0203,10497,6997,658.92,6916683.24,WH-06,2026-05-13T01:06:00+08:00
PO-202603-000351-02,PO-202603-000351,2,MAT-0049,2863,124,4.88,13971.44,WH-05,2026-04-20T01:06:00+08:00
PO-202603-000351-03,PO-202603-000351,3,MAT-0034,1523,794,38.25,58254.75,WH-01,2026-04-25T01:06:00+08:00
PO-202510-000352-01,PO-202510-000352,1,MAT-0088,6198,6198,541.31,3355039.38,WH-01,2025-11-17T09:15:00+08:00
PO-202508-000353-01,PO-202508-000353,1,MAT-0137,11215,11215,1299.03,14568621.45,WH-04,2025-09-25T16:52:00+08:00
PO-202508-000353-02,PO-202508-000353,2,MAT-0114,6975,6975,237.69,1657887.75,WH-03,2025-08-31T16:52:00+08:00
PO-202508-000353-03,PO-202508-000353,3,MAT-0202,8411,8411,449.78,3783099.58,WH-03,2025-09-12T16:52:00+08:00
PO-202508-000353-04,PO-202508-000353,4,MAT-0074,1943,1943,15.25,29630.75,WH-01,2025-09-25T16:52:00+08:00
PO-202507-000354-01,PO-202507-000354,1,MAT-0057,7127,7127,129.71,924443.17,WH-04,2025-07-19T03:53:00+08:00
PO-202507-000354-02,PO-202507-000354,2,MAT-0045,8845,8845,23.88,211218.6,WH-05,2025-07-07T03:53:00+08:00
PO-202507-000354-03,PO-202507-000354,3,MAT-0027,7271,7271,748.75,5444161.25,WH-05,2025-07-11T03:53:00+08:00
PO-202506-000355-01,PO-202506-000355,1,MAT-0198,4982,4982,21.64,107810.48,WH-01,2025-07-25T07:18:00+08:00
PO-202506-000355-02,PO-202506-000355,2,MAT-0194,366,366,13.24,4845.84,WH-03,2025-07-06T07:18:00+08:00
PO-202506-000355-03,PO-202506-000355,3,MAT-0005,6418,6418,399.05,2561102.9,WH-05,2025-08-07T07:18:00+08:00
PO-202506-000355-04,PO-202506-000355,4,MAT-0178,10685,10685,409.59,4376469.15,WH-03,2025-07-28T07:18:00+08:00
PO-202507-000356-01,PO-202507-000356,1,MAT-0007,11513,7047,1230.87,14171006.31,WH-02,2025-08-09T18:57:00+08:00
PO-202507-000356-02,PO-202507-000356,2,MAT-0158,10984,169,33.79,371149.36,WH-02,2025-08-27T18:57:00+08:00
PO-202605-000357-01,PO-202605-000357,1,MAT-0106,3657,3657,787.04,2878205.28,WH-01,2026-06-15T08:00:00+08:00
PO-202605-000357-02,PO-202605-000357,2,MAT-0024,5246,5246,18.94,99359.24,WH-04,2026-06-14T06:00:00+08:00
PO-202605-000357-03,PO-202605-000357,3,MAT-0052,6248,6248,106.63,666224.24,WH-05,2026-06-13T06:00:00+08:00
PO-202605-000357-04,PO-202605-000357,4,MAT-0112,4052,4052,18.85,76380.2,WH-02,2026-06-10T06:00:00+08:00
PO-202511-000358-01,PO-202511-000358,1,MAT-0126,10818,10818,544.75,5893105.5,WH-04,2026-01-02T23:11:00+08:00
PO-202512-000359-01,PO-202512-000359,1,MAT-0096,2128,1275,231.05,491674.4,WH-04,2026-01-04T12:58:00+08:00
PO-202512-000359-02,PO-202512-000359,2,MAT-0037,10743,328,702.31,7544916.33,WH-02,2025-12-26T12:58:00+08:00
PO-202512-000359-03,PO-202512-000359,3,MAT-0084,9060,5354,431.95,3913467.0,WH-01,2026-01-18T12:58:00+08:00
PO-202512-000359-04,PO-202512-000359,4,MAT-0235,2061,1624,142.89,294496.29,WH-03,2026-01-07T12:58:00+08:00
PO-202509-000360-01,PO-202509-000360,1,MAT-0133,228,47,60.48,13789.44,WH-05,2025-09-26T22:17:00+08:00
PO-202509-000360-02,PO-202509-000360,2,MAT-0161,2477,1537,431.11,1067859.47,WH-02,2025-11-03T22:17:00+08:00
PO-202509-000360-03,PO-202509-000360,3,MAT-0186,6935,4371,407.93,2828994.55,WH-03,2025-10-16T22:17:00+08:00
PO-202509-000360-04,PO-202509-000360,4,MAT-0180,10145,0,177.05,1796172.25,WH-01,2025-10-31T22:17:00+08:00
PO-202508-000361-01,PO-202508-000361,1,MAT-0213,9209,111,380.48,3503840.32,WH-02,2025-09-28T01:15:00+08:00
PO-202606-000362-01,PO-202606-000362,1,MAT-0220,5112,2205,305.52,1561818.24,WH-04,2026-06-15T08:00:00+08:00
PO-202511-000363-01,PO-202511-000363,1,MAT-0051,9412,4506,45.37,427022.44,WH-04,2025-12-24T14:02:00+08:00
PO-202511-000363-02,PO-202511-000363,2,MAT-0018,3574,697,32.61,116548.14,WH-02,2025-12-06T14:02:00+08:00
PO-202511-000363-03,PO-202511-000363,3,MAT-0070,11902,661,139.24,1657234.48,WH-01,2026-01-07T14:02:00+08:00
PO-202604-000364-01,PO-202604-000364,1,MAT-0207,6119,6119,270.68,1656290.92,WH-04,2026-05-10T19:40:00+08:00
PO-202604-000364-02,PO-202604-000364,2,MAT-0021,981,981,10.49,10290.69,WH-05,2026-04-13T19:40:00+08:00
PO-202604-000364-03,PO-202604-000364,3,MAT-0102,2414,2414,43.84,105829.76,WH-03,2026-04-27T19:40:00+08:00
PO-202604-000364-04,PO-202604-000364,4,MAT-0199,6290,6290,678.85,4269966.5,WH-03,2026-05-03T19:40:00+08:00
PO-202604-000365-01,PO-202604-000365,1,MAT-0131,9328,6360,458.76,4279313.28,WH-01,2026-05-25T05:56:00+08:00
PO-202604-000365-02,PO-202604-000365,2,MAT-0165,9332,3042,328.14,3062202.48,WH-06,2026-04-22T05:56:00+08:00
PO-202602-000366-01,PO-202602-000366,1,MAT-0095,3207,1523,305.89,980989.23,WH-02,2026-03-18T05:25:00+08:00
PO-202602-000366-02,PO-202602-000366,2,MAT-0236,7256,1788,578.39,4196797.84,WH-01,2026-03-05T05:25:00+08:00
PO-202606-000367-01,PO-202606-000367,1,MAT-0183,7386,4213,96.99,716368.14,WH-01,2026-06-15T08:00:00+08:00
PO-202510-000368-01,PO-202510-000368,1,MAT-0127,3520,1841,1187.49,4179964.8,WH-03,2025-11-04T06:51:00+08:00
PO-202510-000368-02,PO-202510-000368,2,MAT-0038,633,350,572.25,362234.25,WH-06,2025-11-21T06:51:00+08:00
PO-202510-000368-03,PO-202510-000368,3,MAT-0136,5000,2017,736.69,3683450.0,WH-02,2025-12-03T06:51:00+08:00
PO-202510-000368-04,PO-202510-000368,4,MAT-0106,4261,268,637.7,2717239.7,WH-04,2025-10-27T06:51:00+08:00
PO-202507-000369-01,PO-202507-000369,1,MAT-0033,11096,3457,176.51,1958554.96,WH-05,2025-07-15T19:53:00+08:00
PO-202507-000369-02,PO-202507-000369,2,MAT-0063,3458,970,104.21,360358.18,WH-05,2025-07-18T19:53:00+08:00
PO-202511-000370-01,PO-202511-000370,1,MAT-0193,11998,7121,148.21,1778223.58,WH-02,2025-12-03T04:40:00+08:00
PO-202511-000370-02,PO-202511-000370,2,MAT-0034,8493,910,43.33,368001.69,WH-05,2025-11-16T04:40:00+08:00
PO-202605-000371-01,PO-202605-000371,1,MAT-0004,11576,11576,350.06,4052294.56,WH-03,2026-05-25T12:30:00+08:00
PO-202604-000372-01,PO-202604-000372,1,MAT-0005,715,715,423.0,302445.0,WH-06,2026-06-05T15:27:00+08:00
PO-202604-000372-02,PO-202604-000372,2,MAT-0222,213,213,646.09,137617.17,WH-04,2026-05-01T15:27:00+08:00
PO-202604-000372-03,PO-202604-000372,3,MAT-0054,3884,3884,768.52,2984931.68,WH-02,2026-06-06T15:27:00+08:00
PO-202604-000372-04,PO-202604-000372,4,MAT-0113,11569,11569,99.14,1146950.66,WH-02,2026-04-30T15:27:00+08:00
PO-202507-000373-01,PO-202507-000373,1,MAT-0098,4390,2709,108.32,475524.8,WH-01,2025-08-04T15:34:00+08:00
PO-202507-000374-01,PO-202507-000374,1,MAT-0012,10181,10181,822.72,8376112.32,WH-06,2025-08-16T15:05:00+08:00
PO-202507-000374-02,PO-202507-000374,2,MAT-0169,10631,10631,39.06,415246.86,WH-03,2025-09-11T15:05:00+08:00
PO-202507-000374-03,PO-202507-000374,3,MAT-0029,5567,5567,355.74,1980404.58,WH-05,2025-08-14T15:05:00+08:00
PO-202512-000375-01,PO-202512-000375,1,MAT-0121,10470,10470,170.39,1783983.3,WH-06,2026-01-29T09:30:00+08:00
PO-202512-000375-02,PO-202512-000375,2,MAT-0238,2393,2393,126.4,302475.2,WH-05,2026-01-01T09:30:00+08:00
PO-202601-000376-01,PO-202601-000376,1,MAT-0125,8725,8725,1028.15,8970608.75,WH-06,2026-02-09T03:42:00+08:00
PO-202601-000376-02,PO-202601-000376,2,MAT-0020,6509,6509,264.38,1720849.42,WH-06,2026-02-19T03:42:00+08:00
PO-202601-000376-03,PO-202601-000376,3,MAT-0121,2229,2229,171.56,382407.24,WH-01,2026-02-21T03:42:00+08:00
PO-202601-000376-04,PO-202601-000376,4,MAT-0034,2504,2504,38.25,95778.0,WH-05,2026-03-07T03:42:00+08:00
PO-202510-000377-01,PO-202510-000377,1,MAT-0051,4872,4872,45.75,222894.0,WH-04,2025-11-18T10:51:00+08:00
PO-202510-000377-02,PO-202510-000377,2,MAT-0186,11069,11069,389.51,4311486.19,WH-02,2025-10-11T10:51:00+08:00
PO-202510-000377-03,PO-202510-000377,3,MAT-0006,5615,5615,392.6,2204449.0,WH-04,2025-10-11T10:51:00+08:00
PO-202509-000378-01,PO-202509-000378,1,MAT-0229,7287,7287,431.31,3142955.97,WH-06,2025-10-26T18:29:00+08:00
PO-202508-000379-01,PO-202508-000379,1,MAT-0176,8993,8993,1076.66,9682403.38,WH-03,2025-09-12T11:59:00+08:00
PO-202509-000380-01,PO-202509-000380,1,MAT-0140,11172,11172,156.35,1746742.2,WH-06,2025-10-18T09:56:00+08:00
PO-202509-000381-01,PO-202509-000381,1,MAT-0220,6323,6323,341.8,2161201.4,WH-02,2025-09-08T13:21:00+08:00
PO-202509-000381-02,PO-202509-000381,2,MAT-0239,295,295,485.34,143175.3,WH-03,2025-09-12T13:21:00+08:00
PO-202509-000381-03,PO-202509-000381,3,MAT-0072,202,202,1081.81,218525.62,WH-05,2025-10-22T13:21:00+08:00
PO-202509-000381-04,PO-202509-000381,4,MAT-0163,2723,2723,437.15,1190359.45,WH-04,2025-09-20T13:21:00+08:00
PO-202512-000382-01,PO-202512-000382,1,MAT-0060,5572,5572,537.43,2994559.96,WH-01,2026-01-14T11:43:00+08:00
PO-202512-000382-02,PO-202512-000382,2,MAT-0216,9648,9648,145.92,1407836.16,WH-01,2025-12-28T11:43:00+08:00
PO-202512-000382-03,PO-202512-000382,3,MAT-0225,8215,8215,665.15,5464207.25,WH-06,2025-12-17T11:43:00+08:00
PO-202508-000383-01,PO-202508-000383,1,MAT-0147,5900,2666,678.43,4002737.0,WH-04,2025-08-23T13:06:00+08:00
PO-202508-000383-02,PO-202508-000383,2,MAT-0156,9956,1617,17.57,174926.92,WH-02,2025-09-08T13:06:00+08:00
PO-202508-000383-03,PO-202508-000383,3,MAT-0016,4887,86,242.89,1187003.43,WH-04,2025-09-02T13:06:00+08:00
PO-202508-000383-04,PO-202508-000383,4,MAT-0052,2755,1306,89.16,245635.8,WH-01,2025-08-18T13:06:00+08:00
PO-202506-000384-01,PO-202506-000384,1,MAT-0180,6253,1890,164.91,1031182.23,WH-06,2025-06-30T16:26:00+08:00
PO-202510-000385-01,PO-202510-000385,1,MAT-0019,6588,6588,29.12,191842.56,WH-02,2025-11-19T19:06:00+08:00
PO-202510-000385-02,PO-202510-000385,2,MAT-0041,8224,8224,326.31,2683573.44,WH-03,2025-11-15T19:06:00+08:00
PO-202509-000386-01,PO-202509-000386,1,MAT-0024,1285,355,21.88,28115.8,WH-02,2025-10-12T11:56:00+08:00
PO-202509-000386-02,PO-202509-000386,2,MAT-0062,10400,4572,929.3,9664720.0,WH-01,2025-10-09T11:56:00+08:00
PO-202509-000386-03,PO-202509-000386,3,MAT-0154,1905,197,97.39,185527.95,WH-01,2025-10-16T11:56:00+08:00
PO-202510-000387-01,PO-202510-000387,1,MAT-0028,10145,10145,1358.84,13785431.8,WH-06,2025-11-13T12:16:00+08:00
PO-202510-000387-02,PO-202510-000387,2,MAT-0235,3029,3029,190.41,576751.89,WH-04,2025-11-23T12:16:00+08:00
PO-202508-000388-01,PO-202508-000388,1,MAT-0013,659,471,957.12,630742.08,WH-01,2025-10-10T13:04:00+08:00
PO-202605-000389-01,PO-202605-000389,1,MAT-0131,5751,2600,472.7,2718497.7,WH-03,2026-06-15T08:00:00+08:00
PO-202605-000389-02,PO-202605-000389,2,MAT-0155,11422,3647,100.14,1143799.08,WH-03,2026-06-15T08:00:00+08:00
PO-202605-000389-03,PO-202605-000389,3,MAT-0152,4522,1366,673.06,3043577.32,WH-05,2026-06-15T08:00:00+08:00
PO-202601-000390-01,PO-202601-000390,1,MAT-0021,9691,4583,12.2,118230.2,WH-03,2026-02-13T19:33:00+08:00
PO-202507-000391-01,PO-202507-000391,1,MAT-0107,7680,3277,386.01,2964556.8,WH-05,2025-08-08T20:41:00+08:00
PO-202507-000391-02,PO-202507-000391,2,MAT-0008,7510,4449,353.95,2658164.5,WH-01,2025-07-30T20:41:00+08:00
PO-202507-000391-03,PO-202507-000391,3,MAT-0137,8842,2912,945.53,8360376.26,WH-03,2025-08-12T20:41:00+08:00
PO-202507-000391-04,PO-202507-000391,4,MAT-0026,228,51,975.77,222475.56,WH-02,2025-07-31T20:41:00+08:00
PO-202511-000392-01,PO-202511-000392,1,MAT-0121,10812,751,188.18,2034602.16,WH-04,2025-12-15T17:06:00+08:00
PO-202509-000393-01,PO-202509-000393,1,MAT-0037,2914,1806,702.31,2046531.34,WH-02,2025-10-23T18:34:00+08:00
PO-202509-000393-02,PO-202509-000393,2,MAT-0023,1029,551,378.59,389569.11,WH-05,2025-10-13T18:34:00+08:00
PO-202606-000394-01,PO-202606-000394,1,MAT-0187,6769,516,29.55,200023.95,WH-06,2026-06-08T09:06:00+08:00
PO-202509-000395-01,PO-202509-000395,1,MAT-0150,11939,11939,13.77,164400.03,WH-01,2025-10-16T12:41:00+08:00
PO-202509-000395-02,PO-202509-000395,2,MAT-0075,9878,9878,236.88,2339900.64,WH-01,2025-10-17T12:41:00+08:00
PO-202602-000396-01,PO-202602-000396,1,MAT-0135,3178,3178,39.86,126675.08,WH-05,2026-03-05T03:43:00+08:00
PO-202602-000396-02,PO-202602-000396,2,MAT-0122,7422,7422,92.66,687722.52,WH-06,2026-02-17T03:43:00+08:00
PO-202602-000396-03,PO-202602-000396,3,MAT-0090,10120,10120,3.74,37848.8,WH-06,2026-02-19T03:43:00+08:00
PO-202509-000397-01,PO-202509-000397,1,MAT-0070,882,524,138.3,121980.6,WH-06,2025-10-26T16:41:00+08:00
PO-202509-000397-02,PO-202509-000397,2,MAT-0235,6654,2218,190.41,1266988.14,WH-02,2025-10-06T16:41:00+08:00
PO-202509-000397-03,PO-202509-000397,3,MAT-0027,1847,1371,637.57,1177591.79,WH-02,2025-10-27T16:41:00+08:00
PO-202508-000398-01,PO-202508-000398,1,MAT-0111,148,148,49.74,7361.52,WH-05,2025-10-04T11:53:00+08:00
PO-202508-000398-02,PO-202508-000398,2,MAT-0050,2545,2545,712.16,1812447.2,WH-05,2025-09-18T11:53:00+08:00
PO-202509-000399-01,PO-202509-000399,1,MAT-0125,10621,8126,761.81,8091184.01,WH-01,2025-09-18T02:02:00+08:00
PO-202507-000400-01,PO-202507-000400,1,MAT-0068,6951,3567,135.85,944293.35,WH-02,2025-08-02T13:20:00+08:00
PO-202507-000400-02,PO-202507-000400,2,MAT-0138,1760,761,189.58,333660.8,WH-05,2025-07-22T13:20:00+08:00
PO-202507-000400-03,PO-202507-000400,3,MAT-0121,3427,1397,188.18,644892.86,WH-02,2025-08-11T13:20:00+08:00
PO-202606-000401-01,PO-202606-000401,1,MAT-0171,8462,5662,1014.91,8588168.42,WH-06,2026-06-15T08:00:00+08:00
PO-202606-000402-01,PO-202606-000402,1,MAT-0076,974,434,324.05,315624.7,WH-01,2026-06-15T08:00:00+08:00
PO-202606-000402-02,PO-202606-000402,2,MAT-0227,4225,477,752.63,3179861.75,WH-06,2026-06-15T08:00:00+08:00
PO-202508-000403-01,PO-202508-000403,1,MAT-0107,10900,908,421.19,4590971.0,WH-03,2025-09-07T08:45:00+08:00
PO-202508-000403-02,PO-202508-000403,2,MAT-0113,1370,947,99.14,135821.8,WH-01,2025-09-13T08:45:00+08:00
PO-202508-000403-03,PO-202508-000403,3,MAT-0187,7018,3080,32.84,230471.12,WH-03,2025-08-27T08:45:00+08:00
PO-202605-000404-01,PO-202605-000404,1,MAT-0135,3956,3956,41.92,165835.52,WH-03,2026-05-24T11:52:00+08:00
PO-202605-000404-02,PO-202605-000404,2,MAT-0106,10864,10864,775.88,8429160.32,WH-03,2026-05-26T11:52:00+08:00
PO-202603-000405-01,PO-202603-000405,1,MAT-0048,7461,4490,18.8,140266.8,WH-04,2026-04-25T07:12:00+08:00
PO-202603-000405-02,PO-202603-000405,2,MAT-0071,11059,7999,26.69,295164.71,WH-01,2026-03-31T07:12:00+08:00
PO-202603-000405-03,PO-202603-000405,3,MAT-0187,7255,3166,34.22,248266.1,WH-01,2026-03-17T07:12:00+08:00
PO-202511-000406-01,PO-202511-000406,1,MAT-0204,5899,772,206.52,1218261.48,WH-05,2025-12-04T09:29:00+08:00
PO-202511-000406-02,PO-202511-000406,2,MAT-0212,5610,1917,305.35,1713013.5,WH-04,2025-12-24T09:29:00+08:00
PO-202511-000407-01,PO-202511-000407,1,MAT-0172,4933,2000,658.33,3247541.89,WH-04,2025-11-20T21:35:00+08:00
PO-202605-000408-01,PO-202605-000408,1,MAT-0220,254,160,330.68,83992.72,WH-05,2026-06-01T21:17:00+08:00
PO-202604-000409-01,PO-202604-000409,1,MAT-0240,3063,3063,110.92,339747.96,WH-06,2026-05-18T13:10:00+08:00
PO-202604-000409-02,PO-202604-000409,2,MAT-0106,686,686,702.64,482011.04,WH-05,2026-05-02T13:10:00+08:00
PO-202508-000410-01,PO-202508-000410,1,MAT-0202,6416,4159,552.85,3547085.6,WH-01,2025-09-13T18:30:00+08:00
PO-202508-000411-01,PO-202508-000411,1,MAT-0194,5198,5198,15.76,81920.48,WH-05,2025-08-28T14:13:00+08:00
PO-202508-000411-02,PO-202508-000411,2,MAT-0191,5582,5582,336.92,1880687.44,WH-05,2025-08-17T14:13:00+08:00
PO-202508-000411-03,PO-202508-000411,3,MAT-0046,4362,4362,1377.4,6008218.8,WH-03,2025-08-30T14:13:00+08:00
PO-202512-000412-01,PO-202512-000412,1,MAT-0050,1737,823,712.16,1237021.92,WH-03,2025-12-20T22:06:00+08:00
PO-202512-000412-02,PO-202512-000412,2,MAT-0040,3011,1651,24.31,73197.41,WH-01,2026-01-09T22:06:00+08:00
PO-202512-000412-03,PO-202512-000412,3,MAT-0027,10732,3673,637.57,6842401.24,WH-04,2026-01-04T22:06:00+08:00
PO-202512-000412-04,PO-202512-000412,4,MAT-0165,3812,2185,413.39,1575842.68,WH-04,2025-12-11T22:06:00+08:00
PO-202604-000413-01,PO-202604-000413,1,MAT-0175,2509,128,557.43,1398591.87,WH-06,2026-05-04T16:53:00+08:00
PO-202604-000413-02,PO-202604-000413,2,MAT-0140,2721,1145,156.35,425428.35,WH-05,2026-05-12T16:53:00+08:00
PO-202604-000413-03,PO-202604-000413,3,MAT-0003,9633,4246,278.84,2686065.72,WH-03,2026-04-27T16:53:00+08:00
PO-202604-000413-04,PO-202604-000413,4,MAT-0226,4117,1172,302.52,1245474.84,WH-03,2026-04-14T16:53:00+08:00
PO-202512-000414-01,PO-202512-000414,1,MAT-0069,6053,1757,493.44,2986792.32,WH-03,2026-01-08T17:12:00+08:00
PO-202510-000415-01,PO-202510-000415,1,MAT-0119,8323,8323,2.52,20973.96,WH-03,2025-11-16T00:48:00+08:00
PO-202510-000415-02,PO-202510-000415,2,MAT-0126,2299,2299,407.73,937371.27,WH-01,2025-11-17T00:48:00+08:00
PO-202510-000415-03,PO-202510-000415,3,MAT-0094,11416,11416,232.4,2653078.4,WH-05,2025-10-16T00:48:00+08:00
PO-202604-000416-01,PO-202604-000416,1,MAT-0180,634,634,171.3,108604.2,WH-04,2026-05-04T23:12:00+08:00
PO-202604-000416-02,PO-202604-000416,2,MAT-0106,2129,2129,787.04,1675608.16,WH-02,2026-06-04T23:12:00+08:00
PO-202509-000417-01,PO-202509-000417,1,MAT-0176,7860,4472,1076.66,8462547.6,WH-03,2025-09-15T03:58:00+08:00
PO-202509-000417-02,PO-202509-000417,2,MAT-0223,4320,2816,653.51,2823163.2,WH-05,2025-09-17T03:58:00+08:00
PO-202509-000417-03,PO-202509-000417,3,MAT-0211,6785,4713,984.59,6680443.15,WH-04,2025-09-19T03:58:00+08:00
PO-202509-000417-04,PO-202509-000417,4,MAT-0071,7642,750,27.94,213517.48,WH-05,2025-09-16T03:58:00+08:00
PO-202602-000418-01,PO-202602-000418,1,MAT-0030,4022,1502,20.57,82732.54,WH-05,2026-03-11T07:44:00+08:00
PO-202602-000418-02,PO-202602-000418,2,MAT-0130,4247,1684,538.63,2287561.61,WH-02,2026-02-15T07:44:00+08:00
PO-202602-000418-03,PO-202602-000418,3,MAT-0137,7405,2678,1299.03,9619317.15,WH-03,2026-02-11T07:44:00+08:00
PO-202602-000418-04,PO-202602-000418,4,MAT-0017,7109,1619,73.34,521374.06,WH-03,2026-02-13T07:44:00+08:00
PO-202605-000419-01,PO-202605-000419,1,MAT-0238,5179,5179,126.4,654625.6,WH-02,2026-06-15T08:00:00+08:00
PO-202605-000419-02,PO-202605-000419,2,MAT-0123,3600,3600,120.57,434052.0,WH-05,2026-06-15T08:00:00+08:00
PO-202605-000419-03,PO-202605-000419,3,MAT-0212,3961,3961,305.35,1209491.35,WH-04,2026-05-23T20:05:00+08:00
PO-202602-000420-01,PO-202602-000420,1,MAT-0100,4532,4532,350.09,1586607.88,WH-05,2026-03-01T05:34:00+08:00
PO-202508-000421-01,PO-202508-000421,1,MAT-0187,8510,8510,29.55,251470.5,WH-06,2025-08-12T12:09:00+08:00
PO-202508-000421-02,PO-202508-000421,2,MAT-0076,210,210,324.05,68050.5,WH-04,2025-08-11T12:09:00+08:00
PO-202605-000422-01,PO-202605-000422,1,MAT-0144,2125,218,11.33,24076.25,WH-03,2026-06-15T08:00:00+08:00
PO-202603-000423-01,PO-202603-000423,1,MAT-0055,6833,2166,513.05,3505670.65,WH-06,2026-04-23T04:08:00+08:00
PO-202603-000423-02,PO-202603-000423,2,MAT-0080,3265,823,250.21,816935.65,WH-06,2026-04-29T04:08:00+08:00
PO-202603-000423-03,PO-202603-000423,3,MAT-0229,6326,3446,431.31,2728467.06,WH-01,2026-04-29T04:08:00+08:00
PO-202506-000424-01,PO-202506-000424,1,MAT-0097,5195,1257,953.91,4955562.45,WH-02,2025-07-10T17:10:00+08:00
PO-202603-000425-01,PO-202603-000425,1,MAT-0066,7138,4977,202.3,1444017.4,WH-02,2026-04-23T21:20:00+08:00
PO-202603-000425-02,PO-202603-000425,2,MAT-0073,7065,4671,23.67,167228.55,WH-04,2026-03-19T21:20:00+08:00
PO-202507-000426-01,PO-202507-000426,1,MAT-0080,7318,5080,204.09,1493530.62,WH-04,2025-07-26T03:32:00+08:00
PO-202507-000426-02,PO-202507-000426,2,MAT-0135,8672,1226,31.13,269959.36,WH-02,2025-08-07T03:32:00+08:00
PO-202507-000426-03,PO-202507-000426,3,MAT-0139,515,230,245.83,126602.45,WH-03,2025-07-30T03:32:00+08:00
PO-202508-000427-01,PO-202508-000427,1,MAT-0143,6557,6557,983.34,6447760.38,WH-02,2025-10-13T04:02:00+08:00
PO-202508-000427-02,PO-202508-000427,2,MAT-0222,3437,3437,549.03,1887016.11,WH-05,2025-09-16T04:02:00+08:00
PO-202606-000428-01,PO-202606-000428,1,MAT-0032,7431,7431,403.55,2998780.05,WH-04,2026-06-15T08:00:00+08:00
PO-202602-000429-01,PO-202602-000429,1,MAT-0018,7103,7103,35.03,248818.09,WH-06,2026-03-03T15:11:00+08:00
PO-202602-000429-02,PO-202602-000429,2,MAT-0037,1060,1060,702.31,744448.6,WH-06,2026-03-04T15:11:00+08:00
PO-202507-000430-01,PO-202507-000430,1,MAT-0063,1784,1784,114.62,204482.08,WH-02,2025-07-22T11:43:00+08:00
PO-202507-000430-02,PO-202507-000430,2,MAT-0099,5190,5190,43.45,225505.5,WH-04,2025-07-24T11:43:00+08:00
PO-202507-000430-03,PO-202507-000430,3,MAT-0034,7248,7248,49.36,357761.28,WH-01,2025-07-01T11:43:00+08:00
PO-202604-000431-01,PO-202604-000431,1,MAT-0156,11282,1900,20.1,226768.2,WH-03,2026-05-13T03:32:00+08:00
PO-202604-000431-02,PO-202604-000431,2,MAT-0021,11760,2501,12.2,143472.0,WH-03,2026-04-30T03:32:00+08:00
PO-202604-000431-03,PO-202604-000431,3,MAT-0122,6766,1802,89.65,606571.9,WH-01,2026-05-28T03:32:00+08:00
PO-202604-000431-04,PO-202604-000431,4,MAT-0152,3186,1868,672.8,2143540.8,WH-01,2026-05-26T03:32:00+08:00
PO-202506-000432-01,PO-202506-000432,1,MAT-0220,8428,8428,255.83,2156135.24,WH-04,2025-07-08T10:03:00+08:00
PO-202506-000432-02,PO-202506-000432,2,MAT-0240,8463,8463,124.5,1053643.5,WH-02,2025-08-02T10:03:00+08:00
PO-202506-000433-01,PO-202506-000433,1,MAT-0182,6618,6618,330.54,2187513.72,WH-03,2025-06-20T04:41:00+08:00
PO-202506-000433-02,PO-202506-000433,2,MAT-0156,1819,1819,21.63,39344.97,WH-02,2025-06-22T04:41:00+08:00
PO-202506-000433-03,PO-202506-000433,3,MAT-0104,2875,2875,822.6,2364975.0,WH-04,2025-06-27T04:41:00+08:00
PO-202506-000433-04,PO-202506-000433,4,MAT-0205,2774,2774,387.97,1076228.78,WH-03,2025-07-01T04:41:00+08:00
PO-202509-000434-01,PO-202509-000434,1,MAT-0042,10759,7550,484.06,5208001.54,WH-06,2025-10-27T02:28:00+08:00
PO-202509-000434-02,PO-202509-000434,2,MAT-0236,826,229,578.39,477750.14,WH-03,2025-10-15T02:28:00+08:00
PO-202606-000435-01,PO-202606-000435,1,MAT-0156,7818,4754,19.09,149245.62,WH-03,2026-06-15T08:00:00+08:00
PO-202606-000435-02,PO-202606-000435,2,MAT-0237,5280,2648,55.32,292089.6,WH-04,2026-06-15T08:00:00+08:00
PO-202509-000436-01,PO-202509-000436,1,MAT-0040,5735,3619,22.3,127890.5,WH-01,2025-10-16T02:52:00+08:00
PO-202509-000436-02,PO-202509-000436,2,MAT-0165,1062,654,310.1,329326.2,WH-03,2025-10-21T02:52:00+08:00
PO-202511-000437-01,PO-202511-000437,1,MAT-0042,7074,7074,426.07,3014019.18,WH-01,2026-01-07T18:59:00+08:00
PO-202606-000438-01,PO-202606-000438,1,MAT-0201,543,382,497.42,270099.06,WH-06,2026-06-15T08:00:00+08:00
PO-202603-000439-01,PO-202603-000439,1,MAT-0110,823,533,18.8,15472.4,WH-06,2026-04-29T21:26:00+08:00
PO-202603-000439-02,PO-202603-000439,2,MAT-0202,713,202,546.88,389925.44,WH-04,2026-04-20T21:26:00+08:00
PO-202603-000439-03,PO-202603-000439,3,MAT-0162,10814,8073,52.78,570762.92,WH-04,2026-03-30T21:26:00+08:00
PO-202603-000440-01,PO-202603-000440,1,MAT-0013,10881,1517,1071.98,11664214.38,WH-04,2026-03-29T16:25:00+08:00
PO-202603-000440-02,PO-202603-000440,2,MAT-0107,2885,560,391.57,1129679.45,WH-02,2026-03-24T16:25:00+08:00
PO-202603-000440-03,PO-202603-000440,3,MAT-0224,1064,837,358.85,381816.4,WH-04,2026-03-31T16:25:00+08:00
PO-202603-000441-01,PO-202603-000441,1,MAT-0014,8184,6341,235.12,1924222.08,WH-03,2026-03-18T12:40:00+08:00
PO-202603-000441-02,PO-202603-000441,2,MAT-0127,467,344,1187.49,554557.83,WH-03,2026-04-02T12:40:00+08:00
PO-202603-000441-03,PO-202603-000441,3,MAT-0136,9731,3626,736.69,7168730.39,WH-02,2026-04-18T12:40:00+08:00
PO-202604-000442-01,PO-202604-000442,1,MAT-0088,10801,4765,533.09,5757905.09,WH-04,2026-05-04T16:03:00+08:00
PO-202604-000442-02,PO-202604-000442,2,MAT-0124,9655,1321,544.44,5256568.2,WH-06,2026-05-20T16:03:00+08:00
PO-202604-000442-03,PO-202604-000442,3,MAT-0063,6023,1603,106.31,640305.13,WH-03,2026-05-24T16:03:00+08:00
PO-202602-000443-01,PO-202602-000443,1,MAT-0170,3808,145,232.41,885017.28,WH-03,2026-03-20T19:07:00+08:00
PO-202602-000443-02,PO-202602-000443,2,MAT-0181,1706,249,242.47,413653.82,WH-03,2026-02-12T19:07:00+08:00
PO-202602-000444-01,PO-202602-000444,1,MAT-0188,10729,10729,94.36,1012388.44,WH-06,2026-04-04T04:35:00+08:00
PO-202602-000444-02,PO-202602-000444,2,MAT-0132,7518,7518,47.42,356503.56,WH-02,2026-04-02T04:35:00+08:00
PO-202512-000445-01,PO-202512-000445,1,MAT-0067,6837,4252,65.97,451036.89,WH-05,2026-01-10T06:48:00+08:00
PO-202604-000446-01,PO-202604-000446,1,MAT-0116,374,137,98.23,36738.02,WH-06,2026-04-27T06:37:00+08:00
PO-202604-000446-02,PO-202604-000446,2,MAT-0240,4784,3472,137.21,656412.64,WH-06,2026-05-06T06:37:00+08:00
PO-202605-000447-01,PO-202605-000447,1,MAT-0073,11716,11716,23.67,277317.72,WH-06,2026-06-15T08:00:00+08:00
PO-202604-000448-01,PO-202604-000448,1,MAT-0001,7105,3780,202.85,1441249.25,WH-06,2026-05-05T12:47:00+08:00
PO-202604-000448-02,PO-202604-000448,2,MAT-0044,2408,184,13.42,32315.36,WH-02,2026-05-16T12:47:00+08:00
PO-202601-000449-01,PO-202601-000449,1,MAT-0194,4844,4844,13.24,64134.56,WH-06,2026-01-18T22:45:00+08:00
PO-202601-000449-02,PO-202601-000449,2,MAT-0178,9160,9160,409.59,3751844.4,WH-03,2026-02-13T22:45:00+08:00
PO-202601-000449-03,PO-202601-000449,3,MAT-0069,11603,11603,439.53,5099866.59,WH-03,2026-01-29T22:45:00+08:00
PO-202601-000449-04,PO-202601-000449,4,MAT-0081,7046,7046,690.28,4863712.88,WH-04,2026-02-05T22:45:00+08:00
PO-202511-000450-01,PO-202511-000450,1,MAT-0105,8833,8833,785.42,6937614.86,WH-01,2025-12-10T16:07:00+08:00
PO-202511-000450-02,PO-202511-000450,2,MAT-0148,4738,4738,7.26,34397.88,WH-02,2025-12-09T16:07:00+08:00
PO-202511-000450-03,PO-202511-000450,3,MAT-0012,2851,2851,734.6,2094344.6,WH-06,2025-11-10T16:07:00+08:00
PO-202604-000451-01,PO-202604-000451,1,MAT-0219,10767,10767,22.83,245810.61,WH-05,2026-05-10T12:44:00+08:00
PO-202604-000451-02,PO-202604-000451,2,MAT-0116,8506,8506,128.37,1091915.22,WH-02,2026-05-31T12:44:00+08:00
PO-202604-000451-03,PO-202604-000451,3,MAT-0070,3564,3564,121.54,433168.56,WH-02,2026-05-18T12:44:00+08:00
PO-202604-000451-04,PO-202604-000451,4,MAT-0231,9929,9929,361.96,3593900.84,WH-06,2026-05-17T12:44:00+08:00
PO-202602-000452-01,PO-202602-000452,1,MAT-0020,11562,11562,225.77,2610352.74,WH-04,2026-03-06T07:20:00+08:00
PO-202602-000452-02,PO-202602-000452,2,MAT-0053,10443,10443,32.34,337726.62,WH-01,2026-03-08T07:20:00+08:00
PO-202604-000453-01,PO-202604-000453,1,MAT-0157,297,297,243.72,72384.84,WH-01,2026-04-23T05:44:00+08:00
PO-202604-000453-02,PO-202604-000453,2,MAT-0123,6454,6454,127.83,825014.82,WH-01,2026-05-04T05:44:00+08:00
PO-202604-000454-01,PO-202604-000454,1,MAT-0150,676,105,15.79,10674.04,WH-05,2026-05-03T01:11:00+08:00
PO-202604-000454-02,PO-202604-000454,2,MAT-0090,3476,1755,3.61,12548.36,WH-02,2026-05-07T01:11:00+08:00
PO-202604-000454-03,PO-202604-000454,3,MAT-0037,7907,2116,628.07,4966149.49,WH-01,2026-05-09T01:11:00+08:00
PO-202604-000454-04,PO-202604-000454,4,MAT-0061,6529,3280,386.25,2521826.25,WH-01,2026-04-19T01:11:00+08:00
PO-202605-000455-01,PO-202605-000455,1,MAT-0140,2572,2572,156.35,402132.2,WH-03,2026-05-19T06:56:00+08:00
PO-202605-000455-02,PO-202605-000455,2,MAT-0141,11073,11073,211.38,2340610.74,WH-06,2026-06-15T08:00:00+08:00
PO-202605-000455-03,PO-202605-000455,3,MAT-0221,3420,3420,273.17,934241.4,WH-06,2026-06-14T06:56:00+08:00
PO-202605-000455-04,PO-202605-000455,4,MAT-0087,3981,3981,35.43,141046.83,WH-05,2026-06-15T08:00:00+08:00
PO-202601-000456-01,PO-202601-000456,1,MAT-0151,11246,11246,165.09,1856602.14,WH-05,2026-02-26T10:44:00+08:00
PO-202511-000457-01,PO-202511-000457,1,MAT-0117,4552,2806,238.62,1086198.24,WH-06,2025-12-12T13:56:00+08:00
PO-202511-000457-02,PO-202511-000457,2,MAT-0085,9858,209,448.29,4419242.82,WH-05,2025-12-18T13:56:00+08:00
PO-202511-000457-03,PO-202511-000457,3,MAT-0125,11533,178,760.89,8775344.37,WH-02,2025-11-30T13:56:00+08:00
PO-202511-000458-01,PO-202511-000458,1,MAT-0062,2490,2490,1070.87,2666466.3,WH-05,2025-12-10T12:11:00+08:00
PO-202508-000459-01,PO-202508-000459,1,MAT-0121,3917,2457,171.56,672000.52,WH-05,2025-09-01T02:27:00+08:00
PO-202508-000459-02,PO-202508-000459,2,MAT-0125,6542,194,1028.15,6726157.3,WH-03,2025-09-20T02:27:00+08:00
PO-202508-000459-03,PO-202508-000459,3,MAT-0029,9188,3885,452.66,4159040.08,WH-06,2025-08-30T02:27:00+08:00
PO-202508-000459-04,PO-202508-000459,4,MAT-0157,3000,408,231.61,694830.0,WH-02,2025-09-15T02:27:00+08:00
PO-202604-000460-01,PO-202604-000460,1,MAT-0057,10649,3686,157.14,1673383.86,WH-05,2026-06-05T04:09:00+08:00
PO-202604-000460-02,PO-202604-000460,2,MAT-0168,1950,1205,623.87,1216546.5,WH-03,2026-05-06T04:09:00+08:00
PO-202511-000461-01,PO-202511-000461,1,MAT-0232,1546,1546,966.05,1493513.3,WH-04,2025-12-19T13:58:00+08:00
PO-202601-000462-01,PO-202601-000462,1,MAT-0171,9092,9092,1109.67,10089119.64,WH-01,2026-03-05T11:05:00+08:00
PO-202601-000462-02,PO-202601-000462,2,MAT-0216,5201,5201,145.92,758929.92,WH-02,2026-02-07T11:05:00+08:00
PO-202601-000462-03,PO-202601-000462,3,MAT-0192,2671,2671,95.42,254866.82,WH-03,2026-02-19T11:05:00+08:00
PO-202507-000463-01,PO-202507-000463,1,MAT-0055,8159,8159,502.24,4097776.16,WH-06,2025-07-23T23:03:00+08:00
PO-202507-000463-02,PO-202507-000463,2,MAT-0235,1956,1956,138.5,270906.0,WH-04,2025-07-13T23:03:00+08:00
PO-202509-000464-01,PO-202509-000464,1,MAT-0123,3626,1181,134.85,488966.1,WH-04,2025-10-03T01:16:00+08:00
PO-202509-000464-02,PO-202509-000464,2,MAT-0009,11370,791,63.01,716423.7,WH-02,2025-09-28T01:16:00+08:00
PO-202603-000465-01,PO-202603-000465,1,MAT-0194,4778,4778,15.76,75301.28,WH-05,2026-03-15T15:07:00+08:00
PO-202603-000465-02,PO-202603-000465,2,MAT-0120,1191,1191,16.31,19425.21,WH-03,2026-03-16T15:07:00+08:00
PO-202603-000465-03,PO-202603-000465,3,MAT-0056,1167,1167,303.56,354254.52,WH-06,2026-03-17T15:07:00+08:00
PO-202604-000466-01,PO-202604-000466,1,MAT-0170,10534,10534,183.41,1932040.94,WH-06,2026-04-30T21:53:00+08:00
PO-202512-000467-01,PO-202512-000467,1,MAT-0021,5025,5025,12.2,61305.0,WH-06,2025-12-24T23:38:00+08:00
PO-202512-000467-02,PO-202512-000467,2,MAT-0180,8530,8530,187.19,1596730.7,WH-04,2026-01-21T23:38:00+08:00
PO-202512-000467-03,PO-202512-000467,3,MAT-0087,9349,9349,39.91,373118.59,WH-05,2026-01-25T23:38:00+08:00
PO-202512-000467-04,PO-202512-000467,4,MAT-0132,10526,10526,49.51,521142.26,WH-04,2026-01-04T23:38:00+08:00
PO-202511-000468-01,PO-202511-000468,1,MAT-0151,3363,950,145.92,490728.96,WH-05,2025-12-27T21:09:00+08:00
PO-202603-000469-01,PO-202603-000469,1,MAT-0142,3415,3415,376.73,1286532.95,WH-03,2026-04-22T17:55:00+08:00
PO-202603-000469-02,PO-202603-000469,2,MAT-0084,3304,3304,450.0,1486800.0,WH-02,2026-03-27T17:55:00+08:00
PO-202603-000469-03,PO-202603-000469,3,MAT-0043,1597,1597,297.64,475331.08,WH-02,2026-04-20T17:55:00+08:00
PO-202603-000469-04,PO-202603-000469,4,MAT-0038,11086,11086,640.66,7102356.76,WH-04,2026-04-02T17:55:00+08:00
PO-202507-000470-01,PO-202507-000470,1,MAT-0114,5639,5639,270.3,1524221.7,WH-04,2025-09-07T05:20:00+08:00
PO-202507-000470-02,PO-202507-000470,2,MAT-0236,4298,4298,578.39,2485920.22,WH-02,2025-08-03T05:20:00+08:00
PO-202509-000471-01,PO-202509-000471,1,MAT-0041,9477,7052,386.87,3666366.99,WH-04,2025-09-18T23:40:00+08:00
PO-202601-000472-01,PO-202601-000472,1,MAT-0041,3235,1925,451.95,1462058.25,WH-04,2026-01-29T02:01:00+08:00
PO-202601-000472-02,PO-202601-000472,2,MAT-0052,6470,1404,95.32,616720.4,WH-05,2026-01-26T02:01:00+08:00
PO-202507-000473-01,PO-202507-000473,1,MAT-0238,10039,10039,128.91,1294127.49,WH-03,2025-07-24T13:25:00+08:00
PO-202510-000474-01,PO-202510-000474,1,MAT-0040,9034,9034,30.11,272013.74,WH-03,2025-11-03T01:09:00+08:00
PO-202510-000474-02,PO-202510-000474,2,MAT-0156,6639,6639,17.57,116647.23,WH-04,2025-11-04T01:09:00+08:00
PO-202509-000475-01,PO-202509-000475,1,MAT-0136,8534,3537,852.81,7277880.54,WH-03,2025-10-29T09:29:00+08:00
PO-202509-000476-01,PO-202509-000476,1,MAT-0095,100,100,361.39,36139.0,WH-01,2025-10-28T17:57:00+08:00
PO-202512-000477-01,PO-202512-000477,1,MAT-0093,9597,5950,856.9,8223669.3,WH-06,2025-12-28T02:41:00+08:00
PO-202601-000478-01,PO-202601-000478,1,MAT-0129,9131,9131,450.78,4116072.18,WH-01,2026-01-13T00:30:00+08:00
PO-202601-000478-02,PO-202601-000478,2,MAT-0093,7137,7137,856.9,6115695.3,WH-06,2026-02-11T00:30:00+08:00
PO-202601-000478-03,PO-202601-000478,3,MAT-0138,8916,8916,190.55,1698943.8,WH-04,2026-02-17T00:30:00+08:00
PO-202601-000478-04,PO-202601-000478,4,MAT-0113,11138,11138,106.49,1186085.62,WH-06,2026-02-09T00:30:00+08:00
PO-202602-000479-01,PO-202602-000479,1,MAT-0231,9626,1624,380.6,3663655.6,WH-01,2026-03-07T05:44:00+08:00
PO-202603-000480-01,PO-202603-000480,1,MAT-0142,10612,5392,481.87,5113604.44,WH-05,2026-03-14T02:29:00+08:00
PO-202603-000480-02,PO-202603-000480,2,MAT-0116,128,81,99.89,12785.92,WH-01,2026-03-04T02:29:00+08:00
PO-202603-000480-03,PO-202603-000480,3,MAT-0087,1779,1298,40.27,71640.33,WH-04,2026-03-23T02:29:00+08:00
PO-202507-000481-01,PO-202507-000481,1,MAT-0082,4721,4721,347.52,1640641.92,WH-05,2025-07-28T03:01:00+08:00
PO-202604-000482-01,PO-202604-000482,1,MAT-0163,10060,3738,571.74,5751704.4,WH-06,2026-05-05T16:09:00+08:00
PO-202601-000483-01,PO-202601-000483,1,MAT-0038,5074,248,640.66,3250708.84,WH-05,2026-02-17T11:07:00+08:00
PO-202605-000484-01,PO-202605-000484,1,MAT-0182,8976,8976,330.69,2968273.44,WH-06,2026-05-16T11:28:00+08:00
PO-202605-000484-02,PO-202605-000484,2,MAT-0223,1571,1571,653.51,1026664.21,WH-04,2026-05-14T11:28:00+08:00
PO-202605-000484-03,PO-202605-000484,3,MAT-0071,4317,4317,27.94,120616.98,WH-04,2026-06-03T11:28:00+08:00
PO-202604-000485-01,PO-202604-000485,1,MAT-0051,3510,958,45.75,160582.5,WH-01,2026-05-29T22:20:00+08:00
PO-202604-000485-02,PO-202604-000485,2,MAT-0156,6138,2813,21.63,132764.94,WH-01,2026-04-30T22:20:00+08:00
PO-202604-000485-03,PO-202604-000485,3,MAT-0131,7076,3033,512.19,3624256.44,WH-02,2026-05-12T22:20:00+08:00
PO-202604-000485-04,PO-202604-000485,4,MAT-0236,2146,1683,618.58,1327472.68,WH-03,2026-05-07T22:20:00+08:00
PO-202507-000486-01,PO-202507-000486,1,MAT-0073,9760,4049,19.84,193638.4,WH-03,2025-07-23T09:58:00+08:00
PO-202507-000486-02,PO-202507-000486,2,MAT-0107,11757,8724,386.01,4538319.57,WH-05,2025-08-13T09:58:00+08:00
PO-202507-000486-03,PO-202507-000486,3,MAT-0166,1964,1061,570.91,1121267.24,WH-03,2025-08-01T09:58:00+08:00
PO-202511-000487-01,PO-202511-000487,1,MAT-0190,11281,11281,188.59,2127483.79,WH-06,2025-12-01T17:50:00+08:00
PO-202605-000488-01,PO-202605-000488,1,MAT-0220,11101,11101,255.83,2839968.83,WH-06,2026-06-12T21:38:00+08:00
PO-202605-000488-02,PO-202605-000488,2,MAT-0149,8683,8683,208.46,1810058.18,WH-05,2026-06-07T21:38:00+08:00
PO-202605-000488-03,PO-202605-000488,3,MAT-0219,4063,4063,27.91,113398.33,WH-04,2026-05-12T21:38:00+08:00
PO-202605-000488-04,PO-202605-000488,4,MAT-0211,2093,2093,819.19,1714564.67,WH-04,2026-05-14T21:38:00+08:00
PO-202506-000489-01,PO-202506-000489,1,MAT-0111,4705,4705,48.96,230356.8,WH-02,2025-07-14T00:33:00+08:00
PO-202506-000489-02,PO-202506-000489,2,MAT-0161,6487,6487,517.59,3357606.33,WH-03,2025-08-06T00:33:00+08:00
PO-202506-000489-03,PO-202506-000489,3,MAT-0044,6379,6379,17.51,111696.29,WH-02,2025-08-10T00:33:00+08:00
PO-202604-000490-01,PO-202604-000490,1,MAT-0172,9961,2101,658.33,6557625.13,WH-06,2026-06-10T14:38:00+08:00
PO-202510-000491-01,PO-202510-000491,1,MAT-0182,3779,2352,330.54,1249110.66,WH-03,2025-11-25T13:24:00+08:00
PO-202510-000492-01,PO-202510-000492,1,MAT-0099,1405,1405,52.16,73284.8,WH-01,2025-11-25T22:06:00+08:00
PO-202602-000493-01,PO-202602-000493,1,MAT-0056,7589,1338,304.25,2308953.25,WH-01,2026-03-13T08:25:00+08:00
PO-202602-000493-02,PO-202602-000493,2,MAT-0221,1847,1149,298.15,550683.05,WH-02,2026-02-23T08:25:00+08:00
PO-202602-000493-03,PO-202602-000493,3,MAT-0095,3556,1226,315.01,1120175.56,WH-01,2026-02-16T08:25:00+08:00
PO-202602-000493-04,PO-202602-000493,4,MAT-0195,4320,1138,1.7,7344.0,WH-02,2026-02-18T08:25:00+08:00
PO-202604-000494-01,PO-202604-000494,1,MAT-0023,11372,1345,403.69,4590762.68,WH-02,2026-05-06T04:09:00+08:00
PO-202604-000494-02,PO-202604-000494,2,MAT-0029,9006,1720,452.66,4076655.96,WH-03,2026-04-23T04:09:00+08:00
PO-202507-000495-01,PO-202507-000495,1,MAT-0232,10615,10615,966.05,10254620.75,WH-04,2025-08-07T08:55:00+08:00
PO-202507-000495-02,PO-202507-000495,2,MAT-0073,6845,6845,20.33,139158.85,WH-01,2025-07-10T08:55:00+08:00
PO-202507-000495-03,PO-202507-000495,3,MAT-0148,8157,8157,8.39,68437.23,WH-02,2025-08-11T08:55:00+08:00
PO-202507-000495-04,PO-202507-000495,4,MAT-0142,11433,11433,418.24,4781737.92,WH-04,2025-08-02T08:55:00+08:00
PO-202507-000496-01,PO-202507-000496,1,MAT-0127,9267,9267,1171.3,10854437.1,WH-06,2025-08-06T18:46:00+08:00
PO-202509-000497-01,PO-202509-000497,1,MAT-0025,4973,1136,755.57,3757449.61,WH-05,2025-10-11T04:46:00+08:00
PO-202510-000498-01,PO-202510-000498,1,MAT-0180,3921,3921,177.05,694213.05,WH-01,2025-10-24T00:25:00+08:00
PO-202510-000498-02,PO-202510-000498,2,MAT-0184,2690,2690,270.59,727887.1,WH-03,2025-10-29T00:25:00+08:00
PO-202510-000499-01,PO-202510-000499,1,MAT-0086,3573,655,109.9,392672.7,WH-05,2025-11-05T18:30:00+08:00
PO-202510-000499-02,PO-202510-000499,2,MAT-0120,8957,3788,15.07,134981.99,WH-01,2025-11-17T18:30:00+08:00
PO-202604-000500-01,PO-202604-000500,1,MAT-0151,8852,4831,145.92,1291683.84,WH-03,2026-05-03T01:53:00+08:00
PO-202604-000500-02,PO-202604-000500,2,MAT-0165,4681,244,328.14,1536023.34,WH-02,2026-05-05T01:53:00+08:00
PO-202512-000501-01,PO-202512-000501,1,MAT-0099,8490,8490,47.97,407265.3,WH-06,2026-01-06T12:08:00+08:00
PO-202512-000501-02,PO-202512-000501,2,MAT-0197,9728,9728,328.78,3198371.84,WH-05,2025-12-29T12:08:00+08:00
PO-202601-000502-01,PO-202601-000502,1,MAT-0164,10652,10652,720.82,7678174.64,WH-01,2026-01-15T08:24:00+08:00
PO-202601-000502-02,PO-202601-000502,2,MAT-0063,4909,4909,104.21,511566.89,WH-02,2026-02-15T08:24:00+08:00
PO-202602-000503-01,PO-202602-000503,1,MAT-0223,7477,3030,653.51,4886294.27,WH-02,2026-02-23T06:21:00+08:00
PO-202510-000504-01,PO-202510-000504,1,MAT-0101,1874,1874,385.65,722708.1,WH-05,2025-11-18T12:26:00+08:00
PO-202512-000505-01,PO-202512-000505,1,MAT-0173,4990,4990,754.43,3764605.7,WH-02,2026-02-04T09:45:00+08:00
PO-202512-000505-02,PO-202512-000505,2,MAT-0104,7522,7522,870.22,6545794.84,WH-06,2026-01-29T09:45:00+08:00
PO-202512-000505-03,PO-202512-000505,3,MAT-0184,8832,8832,313.06,2764945.92,WH-01,2026-02-06T09:45:00+08:00
PO-202601-000506-01,PO-202601-000506,1,MAT-0132,7078,1809,41.72,295294.16,WH-01,2026-02-12T11:16:00+08:00
PO-202510-000507-01,PO-202510-000507,1,MAT-0033,6112,3678,182.0,1112384.0,WH-02,2025-11-15T18:20:00+08:00
PO-202507-000508-01,PO-202507-000508,1,MAT-0112,881,881,21.89,19285.09,WH-01,2025-08-07T09:53:00+08:00
PO-202507-000508-02,PO-202507-000508,2,MAT-0158,3389,3389,47.12,159689.68,WH-06,2025-08-07T09:53:00+08:00
PO-202507-000508-03,PO-202507-000508,3,MAT-0199,7945,7945,648.93,5155748.85,WH-03,2025-08-28T09:53:00+08:00
PO-202508-000509-01,PO-202508-000509,1,MAT-0235,11924,2172,138.5,1651474.0,WH-01,2025-09-28T03:52:00+08:00
PO-202508-000509-02,PO-202508-000509,2,MAT-0070,2362,1416,139.24,328884.88,WH-01,2025-08-25T03:52:00+08:00
PO-202603-000510-01,PO-202603-000510,1,MAT-0220,178,178,330.68,58861.04,WH-02,2026-03-09T10:25:00+08:00
PO-202511-000511-01,PO-202511-000511,1,MAT-0137,2365,2365,945.53,2236178.45,WH-01,2025-11-22T07:19:00+08:00
PO-202511-000511-02,PO-202511-000511,2,MAT-0143,10595,10595,1124.05,11909309.75,WH-04,2025-12-13T07:19:00+08:00
PO-202511-000511-03,PO-202511-000511,3,MAT-0166,11298,11298,570.91,6450141.18,WH-01,2025-12-23T07:19:00+08:00
PO-202511-000511-04,PO-202511-000511,4,MAT-0144,10723,10723,10.93,117202.39,WH-06,2025-11-17T07:19:00+08:00
PO-202602-000512-01,PO-202602-000512,1,MAT-0129,9575,7023,500.78,4794968.5,WH-01,2026-02-14T00:24:00+08:00
PO-202511-000513-01,PO-202511-000513,1,MAT-0050,8613,8613,643.24,5540226.12,WH-05,2025-11-08T11:07:00+08:00
PO-202511-000513-02,PO-202511-000513,2,MAT-0150,3870,3870,15.79,61107.3,WH-03,2025-11-07T11:07:00+08:00
PO-202602-000514-01,PO-202602-000514,1,MAT-0074,6048,6048,15.83,95739.84,WH-04,2026-03-01T02:57:00+08:00
PO-202601-000515-01,PO-202601-000515,1,MAT-0127,4646,4646,1091.54,5071294.84,WH-06,2026-01-20T08:49:00+08:00
PO-202507-000516-01,PO-202507-000516,1,MAT-0109,4972,2176,39.12,194504.64,WH-06,2025-08-12T10:12:00+08:00
PO-202507-000516-02,PO-202507-000516,2,MAT-0192,10387,112,80.14,832414.18,WH-04,2025-07-11T10:12:00+08:00
PO-202508-000517-01,PO-202508-000517,1,MAT-0023,2933,2933,424.56,1245234.48,WH-01,2025-08-08T09:04:00+08:00
PO-202508-000517-02,PO-202508-000517,2,MAT-0230,2247,2247,840.98,1889682.06,WH-01,2025-09-15T09:04:00+08:00
PO-202508-000517-03,PO-202508-000517,3,MAT-0076,8416,8416,299.46,2520255.36,WH-01,2025-08-07T09:04:00+08:00
PO-202508-000517-04,PO-202508-000517,4,MAT-0072,2356,2356,801.9,1889276.4,WH-03,2025-09-12T09:04:00+08:00
PO-202603-000518-01,PO-202603-000518,1,MAT-0113,6195,6195,106.49,659705.55,WH-01,2026-04-15T03:06:00+08:00
PO-202603-000518-02,PO-202603-000518,2,MAT-0114,9780,9780,270.3,2643534.0,WH-04,2026-04-07T03:06:00+08:00
PO-202603-000518-03,PO-202603-000518,3,MAT-0189,10253,10253,1017.77,10435195.81,WH-01,2026-04-12T03:06:00+08:00
PO-202605-000519-01,PO-202605-000519,1,MAT-0074,8019,8019,20.45,163988.55,WH-05,2026-05-16T14:50:00+08:00
PO-202512-000520-01,PO-202512-000520,1,MAT-0036,10798,10798,122.35,1321135.3,WH-06,2026-01-03T03:09:00+08:00
PO-202512-000520-02,PO-202512-000520,2,MAT-0165,8838,8838,413.39,3653540.82,WH-03,2026-02-05T03:09:00+08:00
PO-202508-000521-01,PO-202508-000521,1,MAT-0225,9972,2389,665.15,6632875.8,WH-02,2025-08-26T14:43:00+08:00
PO-202508-000521-02,PO-202508-000521,2,MAT-0171,6781,568,1109.67,7524672.27,WH-01,2025-08-05T14:43:00+08:00
PO-202508-000521-03,PO-202508-000521,3,MAT-0013,2751,106,957.12,2633037.12,WH-02,2025-08-05T14:43:00+08:00
PO-202508-000521-04,PO-202508-000521,4,MAT-0144,5280,229,11.33,59822.4,WH-05,2025-09-03T14:43:00+08:00
PO-202507-000522-01,PO-202507-000522,1,MAT-0156,1939,484,21.63,41940.57,WH-03,2025-08-08T07:31:00+08:00
PO-202507-000522-02,PO-202507-000522,2,MAT-0236,521,86,618.58,322280.18,WH-04,2025-07-30T07:31:00+08:00
PO-202510-000523-01,PO-202510-000523,1,MAT-0085,1974,1465,556.42,1098373.08,WH-05,2025-11-12T21:38:00+08:00
PO-202510-000523-02,PO-202510-000523,2,MAT-0062,9989,1591,929.3,9282777.7,WH-06,2025-10-23T21:38:00+08:00
PO-202511-000524-01,PO-202511-000524,1,MAT-0090,8566,8566,3.83,32807.78,WH-04,2025-12-13T02:41:00+08:00
PO-202511-000524-02,PO-202511-000524,2,MAT-0161,7274,7274,431.11,3135894.14,WH-02,2025-11-24T02:41:00+08:00
PO-202511-000524-03,PO-202511-000524,3,MAT-0184,9809,9809,270.59,2654217.31,WH-03,2025-12-25T02:41:00+08:00
PO-202511-000524-04,PO-202511-000524,4,MAT-0133,5704,5704,60.48,344977.92,WH-03,2026-01-01T02:41:00+08:00
PO-202602-000525-01,PO-202602-000525,1,MAT-0116,3489,1005,128.37,447882.93,WH-03,2026-03-20T20:55:00+08:00
PO-202602-000525-02,PO-202602-000525,2,MAT-0022,4894,3858,79.38,388485.72,WH-03,2026-03-03T20:55:00+08:00
PO-202602-000525-03,PO-202602-000525,3,MAT-0219,10780,1258,22.83,246107.4,WH-03,2026-02-27T20:55:00+08:00
PO-202602-000525-04,PO-202602-000525,4,MAT-0231,10212,6770,361.96,3696335.52,WH-01,2026-04-07T20:55:00+08:00
PO-202603-000526-01,PO-202603-000526,1,MAT-0019,230,8,28.23,6492.9,WH-05,2026-03-30T00:53:00+08:00
PO-202507-000527-01,PO-202507-000527,1,MAT-0195,2634,2634,1.35,3555.9,WH-02,2025-07-31T08:49:00+08:00
PO-202507-000527-02,PO-202507-000527,2,MAT-0049,951,951,4.56,4336.56,WH-04,2025-08-19T08:49:00+08:00
PO-202507-000527-03,PO-202507-000527,3,MAT-0067,8588,8588,71.11,610692.68,WH-01,2025-07-29T08:49:00+08:00
PO-202507-000527-04,PO-202507-000527,4,MAT-0035,4182,4182,10.3,43074.6,WH-06,2025-07-26T08:49:00+08:00
PO-202510-000528-01,PO-202510-000528,1,MAT-0203,7236,773,658.92,4767945.12,WH-02,2025-10-22T17:22:00+08:00
PO-202510-000528-02,PO-202510-000528,2,MAT-0034,2458,1201,38.25,94018.5,WH-06,2025-10-26T17:22:00+08:00
PO-202507-000529-01,PO-202507-000529,1,MAT-0025,3375,2355,925.39,3123191.25,WH-01,2025-08-12T08:15:00+08:00
PO-202507-000530-01,PO-202507-000530,1,MAT-0083,8121,3574,279.87,2272824.27,WH-06,2025-07-13T06:54:00+08:00
PO-202508-000531-01,PO-202508-000531,1,MAT-0038,9322,5242,640.66,5972232.52,WH-05,2025-09-11T00:57:00+08:00
PO-202508-000531-02,PO-202508-000531,2,MAT-0139,7256,1770,246.39,1787805.84,WH-05,2025-09-24T00:57:00+08:00
PO-202508-000531-03,PO-202508-000531,3,MAT-0205,5010,2583,283.77,1421687.7,WH-02,2025-09-23T00:57:00+08:00
PO-202508-000531-04,PO-202508-000531,4,MAT-0142,10599,793,376.73,3992961.27,WH-03,2025-09-05T00:57:00+08:00
PO-202509-000532-01,PO-202509-000532,1,MAT-0019,9379,9379,27.06,253795.74,WH-02,2025-09-28T10:16:00+08:00
PO-202509-000533-01,PO-202509-000533,1,MAT-0182,969,142,330.54,320293.26,WH-03,2025-10-08T07:16:00+08:00
PO-202509-000533-02,PO-202509-000533,2,MAT-0218,6734,2387,143.16,964039.44,WH-02,2025-09-21T07:16:00+08:00
PO-202509-000533-03,PO-202509-000533,3,MAT-0016,227,142,253.02,57435.54,WH-02,2025-09-21T07:16:00+08:00
PO-202509-000533-04,PO-202509-000533,4,MAT-0156,2296,292,21.63,49662.48,WH-02,2025-10-11T07:16:00+08:00
PO-202603-000534-01,PO-202603-000534,1,MAT-0009,9311,1922,55.1,513036.1,WH-01,2026-04-04T10:35:00+08:00
PO-202603-000534-02,PO-202603-000534,2,MAT-0155,8300,5988,111.51,925533.0,WH-05,2026-04-01T10:35:00+08:00
PO-202603-000534-03,PO-202603-000534,3,MAT-0225,8809,1270,697.85,6147360.65,WH-06,2026-04-15T10:35:00+08:00
PO-202508-000535-01,PO-202508-000535,1,MAT-0105,5522,1289,563.1,3109438.2,WH-05,2025-10-06T04:06:00+08:00
PO-202508-000535-02,PO-202508-000535,2,MAT-0020,6066,2545,264.38,1603729.08,WH-04,2025-08-29T04:06:00+08:00
PO-202508-000535-03,PO-202508-000535,3,MAT-0203,8566,5500,658.92,5644308.72,WH-01,2025-10-06T04:06:00+08:00
PO-202508-000535-04,PO-202508-000535,4,MAT-0157,10518,3680,231.61,2436073.98,WH-04,2025-10-11T04:06:00+08:00
PO-202507-000536-01,PO-202507-000536,1,MAT-0091,7772,7772,74.98,582744.56,WH-03,2025-07-22T19:37:00+08:00
PO-202507-000536-02,PO-202507-000536,2,MAT-0180,3033,3033,177.05,536992.65,WH-02,2025-07-05T19:37:00+08:00
PO-202602-000537-01,PO-202602-000537,1,MAT-0024,10312,5744,18.94,195309.28,WH-01,2026-04-04T14:09:00+08:00
PO-202602-000537-02,PO-202602-000537,2,MAT-0214,8547,6820,168.84,1443075.48,WH-05,2026-04-03T14:09:00+08:00
PO-202604-000538-01,PO-202604-000538,1,MAT-0196,7607,7607,72.69,552952.83,WH-06,2026-05-09T07:45:00+08:00
PO-202604-000538-02,PO-202604-000538,2,MAT-0207,1957,1957,270.68,529720.76,WH-04,2026-06-06T07:45:00+08:00
PO-202508-000539-01,PO-202508-000539,1,MAT-0067,800,168,63.05,50440.0,WH-04,2025-10-05T02:52:00+08:00
PO-202508-000539-02,PO-202508-000539,2,MAT-0102,9426,4157,43.84,413235.84,WH-04,2025-09-07T02:52:00+08:00
PO-202606-000540-01,PO-202606-000540,1,MAT-0024,3528,3528,18.94,66820.32,WH-03,2026-06-15T08:00:00+08:00
PO-202606-000540-02,PO-202606-000540,2,MAT-0050,2084,2084,788.34,1642900.56,WH-01,2026-06-15T08:00:00+08:00
PO-202512-000541-01,PO-202512-000541,1,MAT-0163,11557,11557,571.74,6607599.18,WH-01,2025-12-13T20:02:00+08:00
PO-202512-000541-02,PO-202512-000541,2,MAT-0012,3879,3879,790.12,3064875.48,WH-03,2026-01-07T20:02:00+08:00
PO-202512-000541-03,PO-202512-000541,3,MAT-0185,4897,4897,631.88,3094316.36,WH-06,2026-01-04T20:02:00+08:00
PO-202512-000541-04,PO-202512-000541,4,MAT-0126,11582,11582,455.43,5274790.26,WH-01,2026-01-01T20:02:00+08:00
PO-202506-000542-01,PO-202506-000542,1,MAT-0066,440,440,202.3,89012.0,WH-03,2025-06-26T07:32:00+08:00
PO-202602-000543-01,PO-202602-000543,1,MAT-0046,7270,7270,1390.58,10109516.6,WH-01,2026-03-19T23:59:00+08:00
PO-202602-000543-02,PO-202602-000543,2,MAT-0001,1540,1540,180.81,278447.4,WH-03,2026-02-27T23:59:00+08:00
PO-202602-000543-03,PO-202602-000543,3,MAT-0067,2343,2343,65.97,154567.71,WH-03,2026-02-17T23:59:00+08:00
PO-202602-000543-04,PO-202602-000543,4,MAT-0026,10441,10441,1029.09,10744728.69,WH-06,2026-03-19T23:59:00+08:00
PO-202604-000544-01,PO-202604-000544,1,MAT-0080,7731,7731,261.0,2017791.0,WH-06,2026-05-25T13:26:00+08:00
PO-202507-000545-01,PO-202507-000545,1,MAT-0118,709,174,356.75,252935.75,WH-02,2025-08-08T21:49:00+08:00
PO-202507-000545-02,PO-202507-000545,2,MAT-0033,8318,2122,163.07,1356416.26,WH-06,2025-08-04T21:49:00+08:00
PO-202507-000545-03,PO-202507-000545,3,MAT-0119,7061,1611,2.69,18994.09,WH-02,2025-08-20T21:49:00+08:00
PO-202605-000546-01,PO-202605-000546,1,MAT-0132,2037,2037,47.42,96594.54,WH-05,2026-05-23T15:38:00+08:00
PO-202605-000546-02,PO-202605-000546,2,MAT-0188,11836,11836,94.36,1116844.96,WH-05,2026-05-07T15:38:00+08:00
PO-202605-000546-03,PO-202605-000546,3,MAT-0033,3536,3536,163.07,576615.52,WH-02,2026-06-08T15:38:00+08:00
PO-202510-000547-01,PO-202510-000547,1,MAT-0046,6602,4896,1390.58,9180609.16,WH-05,2025-11-25T07:14:00+08:00
PO-202510-000547-02,PO-202510-000547,2,MAT-0032,8594,4207,403.55,3468108.7,WH-04,2025-10-23T07:14:00+08:00
PO-202510-000547-03,PO-202510-000547,3,MAT-0012,11115,2986,822.72,9144532.8,WH-02,2025-10-29T07:14:00+08:00
PO-202509-000548-01,PO-202509-000548,1,MAT-0237,8289,8289,55.32,458547.48,WH-03,2025-09-18T17:04:00+08:00
PO-202509-000548-02,PO-202509-000548,2,MAT-0156,7822,7822,19.09,149321.98,WH-04,2025-10-23T17:04:00+08:00
PO-202508-000549-01,PO-202508-000549,1,MAT-0158,10058,10058,47.12,473932.96,WH-06,2025-09-07T19:38:00+08:00
PO-202508-000550-01,PO-202508-000550,1,MAT-0153,4771,4771,403.7,1926052.7,WH-01,2025-08-30T15:57:00+08:00
PO-202508-000550-02,PO-202508-000550,2,MAT-0096,10420,10420,231.05,2407541.0,WH-06,2025-08-04T15:57:00+08:00
PO-202508-000550-03,PO-202508-000550,3,MAT-0003,3340,3340,260.36,869602.4,WH-02,2025-08-05T15:57:00+08:00
PO-202508-000550-04,PO-202508-000550,4,MAT-0126,11814,11814,544.75,6435676.5,WH-01,2025-08-05T15:57:00+08:00
PO-202601-000551-01,PO-202601-000551,1,MAT-0140,4855,4855,149.22,724463.1,WH-02,2026-01-14T10:26:00+08:00
PO-202601-000551-02,PO-202601-000551,2,MAT-0163,10633,10633,573.12,6093984.96,WH-05,2026-01-12T10:26:00+08:00
PO-202601-000551-03,PO-202601-000551,3,MAT-0084,5500,5500,440.07,2420385.0,WH-01,2026-02-19T10:26:00+08:00
PO-202507-000552-01,PO-202507-000552,1,MAT-0203,11483,5337,658.92,7566378.36,WH-05,2025-08-15T22:32:00+08:00
PO-202507-000552-02,PO-202507-000552,2,MAT-0034,3116,1168,38.25,119187.0,WH-05,2025-08-06T22:32:00+08:00
PO-202507-000552-03,PO-202507-000552,3,MAT-0125,3011,1850,1028.15,3095759.65,WH-03,2025-07-13T22:32:00+08:00
PO-202605-000553-01,PO-202605-000553,1,MAT-0101,6944,2277,385.65,2677953.6,WH-06,2026-05-26T07:05:00+08:00
PO-202604-000554-01,PO-202604-000554,1,MAT-0102,11205,11205,38.61,432625.05,WH-06,2026-05-20T21:33:00+08:00
PO-202603-000555-01,PO-202603-000555,1,MAT-0192,10172,1888,95.42,970612.24,WH-05,2026-04-09T04:20:00+08:00
PO-202603-000555-02,PO-202603-000555,2,MAT-0060,2317,681,537.43,1245225.31,WH-01,2026-03-27T04:20:00+08:00
PO-202603-000555-03,PO-202603-000555,3,MAT-0158,9283,3402,40.56,376518.48,WH-01,2026-04-20T04:20:00+08:00
PO-202510-000556-01,PO-202510-000556,1,MAT-0198,2923,951,16.86,49281.78,WH-02,2025-11-10T17:02:00+08:00
PO-202606-000557-01,PO-202606-000557,1,MAT-0101,4698,1651,357.68,1680380.64,WH-03,2026-06-15T08:00:00+08:00
PO-202606-000557-02,PO-202606-000557,2,MAT-0094,8983,1025,211.18,1897029.94,WH-04,2026-06-15T08:00:00+08:00
PO-202606-000557-03,PO-202606-000557,3,MAT-0021,9349,2500,10.96,102465.04,WH-04,2026-06-15T08:00:00+08:00
PO-202604-000558-01,PO-202604-000558,1,MAT-0233,10436,4116,26.59,277493.24,WH-05,2026-05-24T16:04:00+08:00
PO-202604-000558-02,PO-202604-000558,2,MAT-0163,3886,3096,442.55,1719749.3,WH-02,2026-05-26T16:04:00+08:00
PO-202601-000559-01,PO-202601-000559,1,MAT-0196,6048,505,66.04,399409.92,WH-01,2026-03-09T06:42:00+08:00
PO-202601-000560-01,PO-202601-000560,1,MAT-0161,3532,2689,422.12,1490927.84,WH-03,2026-02-20T16:08:00+08:00
PO-202512-000561-01,PO-202512-000561,1,MAT-0195,5947,5947,1.7,10109.9,WH-06,2026-01-02T06:10:00+08:00
PO-202512-000561-02,PO-202512-000561,2,MAT-0095,658,658,315.01,207276.58,WH-04,2026-01-26T06:10:00+08:00
PO-202512-000561-03,PO-202512-000561,3,MAT-0056,1076,1076,304.25,327373.0,WH-01,2026-02-04T06:10:00+08:00
PO-202512-000561-04,PO-202512-000561,4,MAT-0105,5490,5490,582.37,3197211.3,WH-06,2026-02-06T06:10:00+08:00
PO-202605-000562-01,PO-202605-000562,1,MAT-0111,4027,2223,42.49,171107.23,WH-05,2026-06-15T08:00:00+08:00
PO-202605-000562-02,PO-202605-000562,2,MAT-0043,9328,3793,280.5,2616504.0,WH-05,2026-06-15T08:00:00+08:00
PO-202605-000562-03,PO-202605-000562,3,MAT-0155,5712,3922,100.14,571999.68,WH-04,2026-06-15T08:00:00+08:00
PO-202605-000562-04,PO-202605-000562,4,MAT-0197,438,121,433.49,189868.62,WH-04,2026-05-28T07:50:00+08:00
PO-202506-000563-01,PO-202506-000563,1,MAT-0139,5962,335,203.51,1213326.62,WH-06,2025-07-03T10:48:00+08:00
PO-202506-000563-02,PO-202506-000563,2,MAT-0063,1655,544,118.11,195472.05,WH-05,2025-07-08T10:48:00+08:00
PO-202506-000563-03,PO-202506-000563,3,MAT-0011,8847,923,8.0,70776.0,WH-02,2025-06-29T10:48:00+08:00
PO-202506-000563-04,PO-202506-000563,4,MAT-0236,10641,3527,521.0,5543961.0,WH-01,2025-07-06T10:48:00+08:00
PO-202603-000564-01,PO-202603-000564,1,MAT-0120,8188,2330,19.55,160075.4,WH-04,2026-04-22T08:20:00+08:00
PO-202603-000564-02,PO-202603-000564,2,MAT-0099,2390,1287,52.16,124662.4,WH-03,2026-05-01T08:20:00+08:00
PO-202603-000564-03,PO-202603-000564,3,MAT-0032,1973,1326,376.3,742439.9,WH-06,2026-04-20T08:20:00+08:00
PO-202603-000564-04,PO-202603-000564,4,MAT-0147,10936,3942,610.63,6677849.68,WH-02,2026-04-16T08:20:00+08:00
PO-202606-000565-01,PO-202606-000565,1,MAT-0225,10570,10570,697.85,7376274.5,WH-03,2026-06-15T08:00:00+08:00
PO-202606-000565-02,PO-202606-000565,2,MAT-0175,1558,1558,590.61,920170.38,WH-06,2026-06-15T08:00:00+08:00
PO-202606-000565-03,PO-202606-000565,3,MAT-0153,3332,3332,403.89,1345761.48,WH-06,2026-06-15T08:00:00+08:00
PO-202508-000566-01,PO-202508-000566,1,MAT-0071,3522,3522,26.69,94002.18,WH-06,2025-10-08T12:21:00+08:00
PO-202508-000566-02,PO-202508-000566,2,MAT-0057,8025,8025,129.71,1040922.75,WH-03,2025-09-17T12:21:00+08:00
PO-202507-000567-01,PO-202507-000567,1,MAT-0209,111,31,1194.5,132589.5,WH-01,2025-08-09T01:32:00+08:00
PO-202507-000567-02,PO-202507-000567,2,MAT-0072,3951,1244,1037.07,4097463.57,WH-06,2025-08-26T01:32:00+08:00
PO-202507-000567-03,PO-202507-000567,3,MAT-0124,9263,3357,582.22,5393103.86,WH-05,2025-08-16T01:32:00+08:00
PO-202604-000568-01,PO-202604-000568,1,MAT-0114,2174,1599,207.14,450322.36,WH-04,2026-04-28T23:58:00+08:00
PO-202604-000568-02,PO-202604-000568,2,MAT-0140,2828,1406,149.22,421994.16,WH-01,2026-04-30T23:58:00+08:00
PO-202510-000569-01,PO-202510-000569,1,MAT-0051,6403,4937,45.75,292937.25,WH-01,2025-11-04T15:40:00+08:00
PO-202603-000570-01,PO-202603-000570,1,MAT-0237,10805,10805,41.45,447867.25,WH-04,2026-03-21T19:52:00+08:00
PO-202603-000570-02,PO-202603-000570,2,MAT-0207,6783,6783,245.12,1662648.96,WH-04,2026-04-14T19:52:00+08:00
PO-202606-000571-01,PO-202606-000571,1,MAT-0189,2920,1928,851.28,2485737.6,WH-02,2026-06-15T08:00:00+08:00
PO-202604-000572-01,PO-202604-000572,1,MAT-0073,8907,3325,22.5,200407.5,WH-04,2026-04-29T00:12:00+08:00
PO-202605-000573-01,PO-202605-000573,1,MAT-0071,3394,1526,26.69,90585.86,WH-02,2026-06-08T07:46:00+08:00
PO-202605-000573-02,PO-202605-000573,2,MAT-0048,11236,2427,18.8,211236.8,WH-03,2026-06-15T08:00:00+08:00
PO-202511-000574-01,PO-202511-000574,1,MAT-0130,7172,5001,538.63,3863054.36,WH-05,2025-12-15T23:29:00+08:00
PO-202511-000574-02,PO-202511-000574,2,MAT-0021,3306,1333,13.22,43705.32,WH-04,2025-12-29T23:29:00+08:00
PO-202511-000575-01,PO-202511-000575,1,MAT-0099,3013,3013,43.45,130914.85,WH-02,2025-11-06T07:01:00+08:00
PO-202511-000576-01,PO-202511-000576,1,MAT-0015,3186,3186,294.84,939360.24,WH-01,2025-11-30T09:37:00+08:00
PO-202507-000577-01,PO-202507-000577,1,MAT-0064,9979,4360,107.24,1070147.96,WH-02,2025-07-31T22:55:00+08:00
PO-202606-000578-01,PO-202606-000578,1,MAT-0001,11759,367,180.81,2126144.79,WH-06,2026-06-15T08:00:00+08:00
PO-202606-000578-02,PO-202606-000578,2,MAT-0067,8962,4262,65.97,591223.14,WH-02,2026-06-15T08:00:00+08:00
PO-202602-000579-01,PO-202602-000579,1,MAT-0106,11448,11448,637.7,7300389.6,WH-06,2026-03-22T23:13:00+08:00
PO-202512-000580-01,PO-202512-000580,1,MAT-0202,8868,3528,552.85,4902673.8,WH-05,2026-02-05T13:00:00+08:00
PO-202512-000580-02,PO-202512-000580,2,MAT-0072,8445,1553,956.09,8074180.05,WH-05,2026-01-09T13:00:00+08:00
PO-202512-000580-03,PO-202512-000580,3,MAT-0185,3381,961,564.22,1907627.82,WH-05,2026-01-08T13:00:00+08:00
PO-202512-000580-04,PO-202512-000580,4,MAT-0232,10968,353,1010.43,11082396.24,WH-02,2026-01-09T13:00:00+08:00
PO-202507-000581-01,PO-202507-000581,1,MAT-0010,8064,2803,849.95,6853996.8,WH-02,2025-08-05T23:35:00+08:00
PO-202507-000581-02,PO-202507-000581,2,MAT-0174,2186,1171,4.62,10099.32,WH-01,2025-08-15T23:35:00+08:00
PO-202507-000581-03,PO-202507-000581,3,MAT-0187,7405,4174,29.55,218817.75,WH-03,2025-08-23T23:35:00+08:00
PO-202507-000581-04,PO-202507-000581,4,MAT-0144,2401,766,13.58,32605.58,WH-05,2025-08-20T23:35:00+08:00
PO-202507-000582-01,PO-202507-000582,1,MAT-0156,5405,5405,21.63,116910.15,WH-05,2025-08-08T17:08:00+08:00
PO-202507-000582-02,PO-202507-000582,2,MAT-0218,10140,10140,143.16,1451642.4,WH-01,2025-08-27T17:08:00+08:00
PO-202507-000582-03,PO-202507-000582,3,MAT-0236,4243,4243,618.58,2624634.94,WH-03,2025-08-19T17:08:00+08:00
PO-202507-000582-04,PO-202507-000582,4,MAT-0215,1038,1038,70.16,72826.08,WH-04,2025-08-10T17:08:00+08:00
PO-202508-000583-01,PO-202508-000583,1,MAT-0227,9499,9499,777.65,7386897.35,WH-03,2025-08-19T05:52:00+08:00
PO-202508-000583-02,PO-202508-000583,2,MAT-0237,9886,9886,55.32,546893.52,WH-04,2025-08-24T05:52:00+08:00
PO-202508-000583-03,PO-202508-000583,3,MAT-0134,9960,9960,261.18,2601352.8,WH-02,2025-08-25T05:52:00+08:00
PO-202508-000583-04,PO-202508-000583,4,MAT-0186,3489,3489,429.11,1497164.79,WH-01,2025-09-19T05:52:00+08:00
PO-202603-000584-01,PO-202603-000584,1,MAT-0056,7894,3496,294.11,2321704.34,WH-03,2026-05-08T08:12:00+08:00
PO-202603-000584-02,PO-202603-000584,2,MAT-0105,11499,2970,652.44,7502407.56,WH-06,2026-04-26T08:12:00+08:00
PO-202511-000585-01,PO-202511-000585,1,MAT-0152,980,75,653.45,640381.0,WH-02,2025-12-28T18:24:00+08:00
PO-202511-000585-02,PO-202511-000585,2,MAT-0025,551,128,672.67,370641.17,WH-06,2025-12-13T18:24:00+08:00
PO-202511-000585-03,PO-202511-000585,3,MAT-0013,10120,5376,1071.98,10848437.6,WH-01,2025-12-01T18:24:00+08:00
PO-202511-000585-04,PO-202511-000585,4,MAT-0220,7604,621,330.68,2514490.72,WH-04,2025-12-16T18:24:00+08:00
PO-202506-000586-01,PO-202506-000586,1,MAT-0097,6298,1658,998.17,6286474.66,WH-06,2025-06-18T07:33:00+08:00
PO-202506-000586-02,PO-202506-000586,2,MAT-0139,7127,812,232.93,1660092.11,WH-05,2025-07-09T07:33:00+08:00
PO-202506-000586-03,PO-202506-000586,3,MAT-0160,7745,5110,306.67,2375159.15,WH-03,2025-06-27T07:33:00+08:00
PO-202601-000587-01,PO-202601-000587,1,MAT-0069,11150,3197,502.0,5597300.0,WH-01,2026-02-12T17:17:00+08:00
PO-202601-000587-02,PO-202601-000587,2,MAT-0150,9013,2611,16.98,153040.74,WH-06,2026-01-21T17:17:00+08:00
PO-202605-000588-01,PO-202605-000588,1,MAT-0188,7877,2205,87.44,688764.88,WH-03,2026-06-15T08:00:00+08:00
PO-202605-000588-02,PO-202605-000588,2,MAT-0028,5658,2715,1346.74,7619854.92,WH-06,2026-06-15T08:00:00+08:00
PO-202605-000588-03,PO-202605-000588,3,MAT-0231,11039,1490,351.2,3876896.8,WH-06,2026-06-15T04:38:00+08:00
PO-202605-000588-04,PO-202605-000588,4,MAT-0068,6538,3297,135.08,883153.04,WH-06,2026-06-15T08:00:00+08:00
PO-202604-000589-01,PO-202604-000589,1,MAT-0056,10888,10888,304.25,3312674.0,WH-04,2026-04-30T17:45:00+08:00
PO-202604-000589-02,PO-202604-000589,2,MAT-0131,4917,4917,528.17,2597011.89,WH-05,2026-04-24T17:45:00+08:00
PO-202604-000589-03,PO-202604-000589,3,MAT-0038,3134,3134,575.89,1804839.26,WH-03,2026-05-09T17:45:00+08:00
PO-202506-000590-01,PO-202506-000590,1,MAT-0067,917,917,65.58,60136.86,WH-03,2025-07-21T11:51:00+08:00
PO-202506-000590-02,PO-202506-000590,2,MAT-0138,10961,10961,187.36,2053652.96,WH-03,2025-07-28T11:51:00+08:00
PO-202506-000590-03,PO-202506-000590,3,MAT-0237,8213,8213,55.32,454343.16,WH-06,2025-07-29T11:51:00+08:00
PO-202506-000590-04,PO-202506-000590,4,MAT-0002,2414,2414,1453.44,3508604.16,WH-01,2025-08-03T11:51:00+08:00
PO-202510-000591-01,PO-202510-000591,1,MAT-0197,5578,5578,384.01,2142007.78,WH-05,2025-10-24T20:59:00+08:00
PO-202510-000591-02,PO-202510-000591,2,MAT-0187,383,383,32.84,12577.72,WH-05,2025-10-19T20:59:00+08:00
PO-202604-000592-01,PO-202604-000592,1,MAT-0036,116,116,124.34,14423.44,WH-06,2026-04-22T23:23:00+08:00
PO-202604-000592-02,PO-202604-000592,2,MAT-0213,2236,2236,345.89,773410.04,WH-01,2026-06-04T23:23:00+08:00
PO-202606-000593-01,PO-202606-000593,1,MAT-0066,592,425,184.34,109129.28,WH-05,2026-06-13T07:16:00+08:00
PO-202606-000593-02,PO-202606-000593,2,MAT-0095,6034,4274,305.89,1845740.26,WH-04,2026-06-15T08:00:00+08:00
PO-202606-000593-03,PO-202606-000593,3,MAT-0151,1191,506,165.09,196622.19,WH-01,2026-06-15T08:00:00+08:00
PO-202601-000594-01,PO-202601-000594,1,MAT-0134,4037,2441,245.18,989791.66,WH-03,2026-01-14T07:46:00+08:00
PO-202601-000594-02,PO-202601-000594,2,MAT-0142,4931,464,418.24,2062341.44,WH-05,2026-01-03T07:46:00+08:00
PO-202601-000594-03,PO-202601-000594,3,MAT-0232,1694,1078,966.05,1636488.7,WH-02,2026-01-05T07:46:00+08:00
PO-202601-000594-04,PO-202601-000594,4,MAT-0001,3318,449,202.85,673056.3,WH-05,2026-01-02T07:46:00+08:00
PO-202509-000595-01,PO-202509-000595,1,MAT-0175,11721,11721,590.61,6922539.81,WH-04,2025-09-30T23:26:00+08:00
PO-202509-000595-02,PO-202509-000595,2,MAT-0155,4329,4329,111.51,482726.79,WH-05,2025-10-05T23:26:00+08:00
PO-202509-000595-03,PO-202509-000595,3,MAT-0048,5180,5180,19.35,100233.0,WH-05,2025-10-15T23:26:00+08:00
PO-202509-000595-04,PO-202509-000595,4,MAT-0077,9892,9892,6.25,61825.0,WH-01,2025-09-27T23:26:00+08:00
PO-202507-000596-01,PO-202507-000596,1,MAT-0039,1500,1500,878.22,1317330.0,WH-05,2025-07-26T18:09:00+08:00
PO-202601-000597-01,PO-202601-000597,1,MAT-0061,3954,3954,360.44,1425179.76,WH-02,2026-02-01T06:28:00+08:00
PO-202601-000597-02,PO-202601-000597,2,MAT-0072,10826,10826,1037.07,11227319.82,WH-05,2026-02-14T06:28:00+08:00
PO-202509-000598-01,PO-202509-000598,1,MAT-0090,10314,10314,3.74,38574.36,WH-04,2025-09-29T16:17:00+08:00
PO-202509-000598-02,PO-202509-000598,2,MAT-0122,6399,6399,92.66,592931.34,WH-06,2025-10-28T16:17:00+08:00
PO-202509-000598-03,PO-202509-000598,3,MAT-0051,5478,5478,45.39,248646.42,WH-06,2025-10-12T16:17:00+08:00
PO-202509-000598-04,PO-202509-000598,4,MAT-0018,10044,10044,35.03,351841.32,WH-04,2025-10-02T16:17:00+08:00
PO-202507-000599-01,PO-202507-000599,1,MAT-0088,9123,9123,489.17,4462697.91,WH-05,2025-09-03T22:11:00+08:00
PO-202507-000599-02,PO-202507-000599,2,MAT-0046,225,225,1313.51,295539.75,WH-05,2025-09-05T22:11:00+08:00
PO-202511-000600-01,PO-202511-000600,1,MAT-0194,5556,1818,13.83,76839.48,WH-02,2025-11-24T14:34:00+08:00
PO-202511-000600-02,PO-202511-000600,2,MAT-0215,11045,6350,69.17,763982.65,WH-02,2025-11-09T14:34:00+08:00
PO-202511-000600-03,PO-202511-000600,3,MAT-0164,4332,3129,720.82,3122592.24,WH-04,2025-12-05T14:34:00+08:00
PO-202510-000601-01,PO-202510-000601,1,MAT-0093,6640,6640,914.69,6073541.6,WH-04,2025-11-08T18:15:00+08:00
PO-202510-000601-02,PO-202510-000601,2,MAT-0141,1369,1369,259.1,354707.9,WH-04,2025-10-19T18:15:00+08:00
PO-202510-000601-03,PO-202510-000601,3,MAT-0053,11511,11511,36.19,416583.09,WH-05,2025-10-20T18:15:00+08:00
PO-202510-000601-04,PO-202510-000601,4,MAT-0090,7426,7426,3.83,28441.58,WH-01,2025-10-27T18:15:00+08:00
PO-202603-000602-01,PO-202603-000602,1,MAT-0203,7214,4601,488.61,3524832.54,WH-05,2026-04-01T16:38:00+08:00
PO-202604-000603-01,PO-202604-000603,1,MAT-0216,1456,1085,138.68,201918.08,WH-02,2026-05-21T23:19:00+08:00
PO-202604-000603-02,PO-202604-000603,2,MAT-0120,4618,2080,19.55,90281.9,WH-03,2026-05-19T23:19:00+08:00
PO-202604-000603-03,PO-202604-000603,3,MAT-0032,10922,3446,376.3,4109948.6,WH-05,2026-05-16T23:19:00+08:00
PO-202604-000603-04,PO-202604-000603,4,MAT-0025,1431,318,755.57,1081220.67,WH-05,2026-05-09T23:19:00+08:00
PO-202509-000604-01,PO-202509-000604,1,MAT-0167,8728,2525,87.51,763787.28,WH-01,2025-09-23T04:56:00+08:00
PO-202509-000604-02,PO-202509-000604,2,MAT-0181,2831,298,222.87,630944.97,WH-03,2025-09-30T04:56:00+08:00
PO-202509-000604-03,PO-202509-000604,3,MAT-0019,793,454,29.12,23092.16,WH-03,2025-09-22T04:56:00+08:00
PO-202509-000604-04,PO-202509-000604,4,MAT-0067,6681,2719,53.55,357767.55,WH-02,2025-10-15T04:56:00+08:00
PO-202509-000605-01,PO-202509-000605,1,MAT-0190,6539,4078,188.59,1233190.01,WH-05,2025-10-06T13:52:00+08:00
PO-202509-000605-02,PO-202509-000605,2,MAT-0136,3762,2304,735.13,2765559.06,WH-03,2025-09-23T13:52:00+08:00
PO-202509-000605-03,PO-202509-000605,3,MAT-0028,10943,334,1026.53,11233317.79,WH-02,2025-09-16T13:52:00+08:00
PO-202509-000605-04,PO-202509-000605,4,MAT-0041,9084,2793,451.95,4105513.8,WH-04,2025-10-10T13:52:00+08:00
PO-202507-000606-01,PO-202507-000606,1,MAT-0232,236,141,975.82,230293.52,WH-06,2025-07-17T21:25:00+08:00
PO-202507-000606-02,PO-202507-000606,2,MAT-0188,10582,2938,80.05,847089.1,WH-05,2025-08-24T21:25:00+08:00
PO-202511-000607-01,PO-202511-000607,1,MAT-0148,10333,4893,6.65,68714.45,WH-01,2025-11-27T15:24:00+08:00
PO-202511-000607-02,PO-202511-000607,2,MAT-0132,1247,379,38.95,48570.65,WH-01,2025-12-26T15:24:00+08:00
PO-202509-000608-01,PO-202509-000608,1,MAT-0232,10156,4780,966.05,9811203.8,WH-02,2025-10-18T05:42:00+08:00
PO-202509-000608-02,PO-202509-000608,2,MAT-0073,1027,740,20.33,20878.91,WH-01,2025-10-03T05:42:00+08:00
PO-202509-000608-03,PO-202509-000608,3,MAT-0134,10159,2113,245.18,2490783.62,WH-06,2025-09-24T05:42:00+08:00
PO-202509-000608-04,PO-202509-000608,4,MAT-0102,6936,2321,38.54,267313.44,WH-04,2025-09-29T05:42:00+08:00
PO-202509-000609-01,PO-202509-000609,1,MAT-0054,3843,645,739.98,2843743.14,WH-06,2025-10-28T03:52:00+08:00
PO-202509-000609-02,PO-202509-000609,2,MAT-0215,6884,639,74.16,510517.44,WH-02,2025-10-14T03:52:00+08:00
PO-202509-000609-03,PO-202509-000609,3,MAT-0110,946,108,18.8,17784.8,WH-03,2025-10-15T03:52:00+08:00
PO-202509-000609-04,PO-202509-000609,4,MAT-0172,11836,2310,713.36,8443328.96,WH-04,2025-10-01T03:52:00+08:00
PO-202604-000610-01,PO-202604-000610,1,MAT-0090,1223,1223,3.83,4684.09,WH-04,2026-06-02T02:45:00+08:00
PO-202506-000611-01,PO-202506-000611,1,MAT-0011,3323,3323,7.5,24922.5,WH-06,2025-07-12T03:57:00+08:00
PO-202506-000611-02,PO-202506-000611,2,MAT-0048,5568,5568,15.71,87473.28,WH-05,2025-07-20T03:57:00+08:00
PO-202506-000611-03,PO-202506-000611,3,MAT-0141,10537,10537,211.38,2227311.06,WH-03,2025-07-27T03:57:00+08:00
PO-202605-000612-01,PO-202605-000612,1,MAT-0228,11427,2415,10.22,116783.94,WH-01,2026-06-10T10:54:00+08:00
PO-202511-000613-01,PO-202511-000613,1,MAT-0040,2501,1677,22.3,55772.3,WH-01,2025-12-17T15:14:00+08:00
PO-202511-000613-02,PO-202511-000613,2,MAT-0101,9631,2650,385.65,3714195.15,WH-06,2025-12-22T15:14:00+08:00
PO-202606-000614-01,PO-202606-000614,1,MAT-0042,5289,2256,426.76,2257133.64,WH-06,2026-06-15T08:00:00+08:00
PO-202606-000614-02,PO-202606-000614,2,MAT-0221,9601,4797,288.92,2773920.92,WH-05,2026-06-15T08:00:00+08:00
PO-202606-000614-03,PO-202606-000614,3,MAT-0209,3113,1390,1312.18,4084816.34,WH-05,2026-06-15T08:00:00+08:00
PO-202604-000615-01,PO-202604-000615,1,MAT-0136,3001,1002,735.13,2206125.13,WH-02,2026-04-22T03:24:00+08:00
PO-202604-000615-02,PO-202604-000615,2,MAT-0046,8508,6687,1313.51,11175343.08,WH-04,2026-04-14T03:24:00+08:00
PO-202604-000615-03,PO-202604-000615,3,MAT-0224,7519,1480,353.19,2655635.61,WH-05,2026-05-07T03:24:00+08:00
PO-202603-000616-01,PO-202603-000616,1,MAT-0113,11449,11449,89.54,1025143.46,WH-03,2026-04-15T09:20:00+08:00
PO-202605-000617-01,PO-202605-000617,1,MAT-0235,2636,384,166.29,438340.44,WH-01,2026-06-15T08:00:00+08:00
PO-202605-000617-02,PO-202605-000617,2,MAT-0006,4197,2030,441.09,1851254.73,WH-04,2026-05-17T19:16:00+08:00
PO-202605-000617-03,PO-202605-000617,3,MAT-0092,3343,1639,160.52,536618.36,WH-06,2026-05-26T19:16:00+08:00
PO-202605-000617-04,PO-202605-000617,4,MAT-0057,5203,1203,146.16,760470.48,WH-06,2026-06-08T19:16:00+08:00
PO-202603-000618-01,PO-202603-000618,1,MAT-0169,9769,9769,44.38,433548.22,WH-02,2026-03-14T01:54:00+08:00
PO-202603-000618-02,PO-202603-000618,2,MAT-0031,1364,1364,715.02,975287.28,WH-05,2026-03-31T01:54:00+08:00
PO-202603-000618-03,PO-202603-000618,3,MAT-0218,6397,6397,154.05,985457.85,WH-05,2026-03-14T01:54:00+08:00
PO-202603-000618-04,PO-202603-000618,4,MAT-0084,3046,3046,368.4,1122146.4,WH-05,2026-03-31T01:54:00+08:00
PO-202511-000619-01,PO-202511-000619,1,MAT-0170,9415,1960,183.41,1726805.15,WH-06,2025-11-23T23:30:00+08:00
PO-202605-000620-01,PO-202605-000620,1,MAT-0037,8324,8324,702.31,5846028.44,WH-02,2026-06-07T18:36:00+08:00
PO-202605-000620-02,PO-202605-000620,2,MAT-0021,11269,11269,13.52,152356.88,WH-01,2026-06-15T08:00:00+08:00
PO-202605-000620-03,PO-202605-000620,3,MAT-0084,6946,6946,431.95,3000324.7,WH-06,2026-06-15T08:00:00+08:00
PO-202605-000620-04,PO-202605-000620,4,MAT-0174,606,606,5.48,3320.88,WH-01,2026-06-08T18:36:00+08:00
PO-202601-000621-01,PO-202601-000621,1,MAT-0115,11912,11912,362.79,4321554.48,WH-03,2026-02-07T16:02:00+08:00
PO-202601-000621-02,PO-202601-000621,2,MAT-0200,1537,1537,459.04,705544.48,WH-04,2026-02-11T16:02:00+08:00
PO-202601-000621-03,PO-202601-000621,3,MAT-0239,3321,3321,561.73,1865505.33,WH-05,2026-02-11T16:02:00+08:00
PO-202508-000622-01,PO-202508-000622,1,MAT-0182,6952,1382,330.54,2297914.08,WH-01,2025-09-26T18:47:00+08:00
PO-202508-000622-02,PO-202508-000622,2,MAT-0104,7199,1387,822.6,5921897.4,WH-03,2025-09-02T18:47:00+08:00
PO-202508-000622-03,PO-202508-000622,3,MAT-0096,611,433,305.92,186917.12,WH-01,2025-09-11T18:47:00+08:00
PO-202604-000623-01,PO-202604-000623,1,MAT-0097,7617,4582,713.55,5435110.35,WH-01,2026-05-12T07:37:00+08:00
PO-202604-000623-02,PO-202604-000623,2,MAT-0223,4928,3317,534.19,2632488.32,WH-02,2026-04-27T07:37:00+08:00
PO-202601-000624-01,PO-202601-000624,1,MAT-0076,11303,11303,324.05,3662737.15,WH-01,2026-01-06T15:55:00+08:00
PO-202601-000624-02,PO-202601-000624,2,MAT-0180,5105,5105,164.91,841865.55,WH-03,2026-01-07T15:55:00+08:00
PO-202511-000625-01,PO-202511-000625,1,MAT-0056,7351,7351,304.25,2236541.75,WH-05,2025-12-30T14:38:00+08:00
PO-202511-000625-02,PO-202511-000625,2,MAT-0061,7279,7279,366.01,2664186.79,WH-05,2025-12-16T14:38:00+08:00
PO-202511-000625-03,PO-202511-000625,3,MAT-0184,10696,10696,248.54,2658383.84,WH-01,2026-01-02T14:38:00+08:00
PO-202511-000625-04,PO-202511-000625,4,MAT-0195,8605,8605,1.7,14628.5,WH-04,2025-12-06T14:38:00+08:00
PO-202601-000626-01,PO-202601-000626,1,MAT-0164,10521,471,778.8,8193754.8,WH-06,2026-02-02T14:27:00+08:00
PO-202601-000626-02,PO-202601-000626,2,MAT-0115,9608,2673,362.79,3485686.32,WH-04,2026-01-11T14:27:00+08:00
PO-202601-000626-03,PO-202601-000626,3,MAT-0011,11262,4092,9.17,103272.54,WH-05,2026-01-17T14:27:00+08:00
PO-202601-000626-04,PO-202601-000626,4,MAT-0170,2255,1140,183.41,413589.55,WH-02,2026-02-05T14:27:00+08:00
PO-202604-000627-01,PO-202604-000627,1,MAT-0067,1529,1055,59.08,90333.32,WH-06,2026-05-15T11:14:00+08:00
PO-202511-000628-01,PO-202511-000628,1,MAT-0160,6456,790,359.84,2323127.04,WH-06,2025-12-21T19:35:00+08:00
PO-202603-000629-01,PO-202603-000629,1,MAT-0027,9654,1871,637.57,6155100.78,WH-01,2026-04-16T17:02:00+08:00
PO-202603-000629-02,PO-202603-000629,2,MAT-0028,637,393,1358.84,865581.08,WH-06,2026-03-26T17:02:00+08:00
PO-202603-000629-03,PO-202603-000629,3,MAT-0050,11522,2098,712.16,8205507.52,WH-02,2026-04-26T17:02:00+08:00
PO-202606-000630-01,PO-202606-000630,1,MAT-0190,4435,4435,168.92,749160.2,WH-04,2026-06-15T08:00:00+08:00
PO-202606-000630-02,PO-202606-000630,2,MAT-0084,10480,10480,450.0,4716000.0,WH-01,2026-06-15T08:00:00+08:00
PO-202606-000630-03,PO-202606-000630,3,MAT-0068,9740,9740,121.59,1184286.6,WH-05,2026-06-15T08:00:00+08:00
PO-202507-000631-01,PO-202507-000631,1,MAT-0219,9224,419,22.83,210583.92,WH-06,2025-07-24T01:31:00+08:00
PO-202512-000632-01,PO-202512-000632,1,MAT-0166,3128,400,761.75,2382754.0,WH-03,2026-01-04T15:06:00+08:00
PO-202601-000633-01,PO-202601-000633,1,MAT-0142,11083,6217,450.37,4991450.71,WH-02,2026-01-26T16:15:00+08:00
PO-202601-000633-02,PO-202601-000633,2,MAT-0154,8403,3836,97.39,818368.17,WH-02,2026-01-31T16:15:00+08:00
PO-202601-000633-03,PO-202601-000633,3,MAT-0092,101,42,181.27,18308.27,WH-02,2026-01-20T16:15:00+08:00
PO-202601-000633-04,PO-202601-000633,4,MAT-0062,4776,3055,929.3,4438336.8,WH-01,2026-01-31T16:15:00+08:00
PO-202509-000634-01,PO-202509-000634,1,MAT-0200,10316,1753,375.83,3877062.28,WH-05,2025-10-15T03:41:00+08:00
PO-202509-000634-02,PO-202509-000634,2,MAT-0176,10408,2385,1076.66,11205877.28,WH-01,2025-09-14T03:41:00+08:00
PO-202509-000634-03,PO-202509-000634,3,MAT-0106,8311,1869,764.11,6350518.21,WH-01,2025-09-26T03:41:00+08:00
PO-202509-000634-04,PO-202509-000634,4,MAT-0012,4157,2480,760.28,3160483.96,WH-01,2025-10-08T03:41:00+08:00
PO-202601-000635-01,PO-202601-000635,1,MAT-0071,9050,1098,26.69,241544.5,WH-05,2026-02-24T12:16:00+08:00
PO-202508-000636-01,PO-202508-000636,1,MAT-0188,5345,140,91.56,489388.2,WH-03,2025-09-14T20:47:00+08:00
PO-202508-000636-02,PO-202508-000636,2,MAT-0048,4587,4,18.02,82657.74,WH-02,2025-09-21T20:47:00+08:00
PO-202510-000637-01,PO-202510-000637,1,MAT-0138,4997,4997,189.58,947331.26,WH-05,2025-10-24T22:57:00+08:00
PO-202510-000637-02,PO-202510-000637,2,MAT-0108,7070,7070,324.6,2294922.0,WH-04,2025-11-11T22:57:00+08:00
PO-202507-000638-01,PO-202507-000638,1,MAT-0011,2737,460,8.0,21896.0,WH-05,2025-07-11T13:07:00+08:00
PO-202510-000639-01,PO-202510-000639,1,MAT-0217,8623,8623,286.27,2468506.21,WH-01,2025-10-10T19:06:00+08:00
PO-202602-000640-01,PO-202602-000640,1,MAT-0014,6622,6622,272.17,1802309.74,WH-06,2026-03-12T04:29:00+08:00
PO-202601-000641-01,PO-202601-000641,1,MAT-0099,9219,2757,37.61,346726.59,WH-05,2026-02-16T20:24:00+08:00
PO-202601-000641-02,PO-202601-000641,2,MAT-0060,533,118,622.75,331925.75,WH-05,2026-01-28T20:24:00+08:00
PO-202511-000642-01,PO-202511-000642,1,MAT-0052,3241,1614,82.43,267155.63,WH-02,2025-11-30T03:57:00+08:00
PO-202511-000642-02,PO-202511-000642,2,MAT-0226,4713,3593,338.83,1596905.79,WH-05,2026-01-05T03:57:00+08:00
PO-202511-000642-03,PO-202511-000642,3,MAT-0166,10499,702,669.55,7029605.45,WH-04,2026-01-04T03:57:00+08:00
PO-202511-000642-04,PO-202511-000642,4,MAT-0206,7604,560,81.84,622311.36,WH-01,2025-12-06T03:57:00+08:00
PO-202509-000643-01,PO-202509-000643,1,MAT-0236,3487,194,618.58,2156988.46,WH-05,2025-10-10T05:02:00+08:00
PO-202509-000643-02,PO-202509-000643,2,MAT-0016,10376,3527,253.02,2625335.52,WH-06,2025-10-31T05:02:00+08:00
PO-202604-000644-01,PO-202604-000644,1,MAT-0211,9039,1206,984.59,8899709.01,WH-06,2026-04-30T00:24:00+08:00
PO-202604-000644-02,PO-202604-000644,2,MAT-0012,5865,4420,760.28,4459042.2,WH-05,2026-04-16T00:24:00+08:00
PO-202604-000644-03,PO-202604-000644,3,MAT-0200,456,296,375.83,171378.48,WH-05,2026-05-16T00:24:00+08:00
PO-202604-000644-04,PO-202604-000644,4,MAT-0223,2148,1449,653.51,1403739.48,WH-02,2026-04-29T00:24:00+08:00
PO-202510-000645-01,PO-202510-000645,1,MAT-0050,3051,3051,700.71,2137866.21,WH-01,2025-11-24T11:00:00+08:00
PO-202604-000646-01,PO-202604-000646,1,MAT-0104,2891,602,822.6,2378136.6,WH-01,2026-04-19T09:10:00+08:00
PO-202603-000647-01,PO-202603-000647,1,MAT-0040,2279,573,30.11,68620.69,WH-03,2026-04-06T10:49:00+08:00
PO-202603-000647-02,PO-202603-000647,2,MAT-0206,5836,2039,90.52,528274.72,WH-04,2026-04-12T10:49:00+08:00
PO-202603-000647-03,PO-202603-000647,3,MAT-0221,3983,664,243.43,969581.69,WH-02,2026-03-26T10:49:00+08:00
PO-202604-000648-01,PO-202604-000648,1,MAT-0039,10591,3760,878.22,9301228.02,WH-01,2026-05-24T10:43:00+08:00
PO-202604-000648-02,PO-202604-000648,2,MAT-0199,5223,2454,648.93,3389361.39,WH-06,2026-05-09T10:43:00+08:00
PO-202604-000648-03,PO-202604-000648,3,MAT-0194,4026,1623,15.87,63892.62,WH-04,2026-05-03T10:43:00+08:00
PO-202604-000648-04,PO-202604-000648,4,MAT-0116,525,376,102.86,54001.5,WH-06,2026-05-22T10:43:00+08:00
PO-202604-000649-01,PO-202604-000649,1,MAT-0052,11870,11870,95.32,1131448.4,WH-01,2026-04-21T07:12:00+08:00
PO-202506-000650-01,PO-202506-000650,1,MAT-0189,7915,7915,851.28,6737881.2,WH-02,2025-07-22T09:37:00+08:00
PO-202506-000650-02,PO-202506-000650,2,MAT-0110,2284,2284,18.8,42939.2,WH-06,2025-07-11T09:37:00+08:00
PO-202506-000650-03,PO-202506-000650,3,MAT-0172,7541,7541,713.36,5379447.76,WH-01,2025-07-07T09:37:00+08:00
PO-202511-000651-01,PO-202511-000651,1,MAT-0211,4069,4069,819.19,3333284.11,WH-04,2025-12-16T02:44:00+08:00
PO-202511-000651-02,PO-202511-000651,2,MAT-0158,4930,4930,37.61,185417.3,WH-06,2025-12-26T02:44:00+08:00
PO-202507-000652-01,PO-202507-000652,1,MAT-0239,9505,9505,477.63,4539873.15,WH-02,2025-07-12T11:42:00+08:00
PO-202508-000653-01,PO-202508-000653,1,MAT-0136,1332,1332,852.81,1135942.92,WH-04,2025-09-03T11:28:00+08:00
PO-202508-000653-02,PO-202508-000653,2,MAT-0196,8752,8752,72.69,636182.88,WH-06,2025-10-01T11:28:00+08:00
PO-202604-000654-01,PO-202604-000654,1,MAT-0207,5509,937,245.12,1350366.08,WH-02,2026-04-17T17:43:00+08:00
PO-202604-000654-02,PO-202604-000654,2,MAT-0088,4932,2388,541.31,2669740.92,WH-06,2026-05-06T17:43:00+08:00
PO-202604-000654-03,PO-202604-000654,3,MAT-0177,10910,931,567.57,6192188.7,WH-06,2026-05-22T17:43:00+08:00
PO-202604-000654-04,PO-202604-000654,4,MAT-0013,2114,479,1132.96,2395077.44,WH-02,2026-05-22T17:43:00+08:00
PO-202604-000655-01,PO-202604-000655,1,MAT-0117,8180,8180,175.08,1432154.4,WH-03,2026-04-09T03:19:00+08:00
PO-202508-000656-01,PO-202508-000656,1,MAT-0044,1680,1680,13.42,22545.6,WH-03,2025-08-17T11:06:00+08:00
PO-202508-000656-02,PO-202508-000656,2,MAT-0148,3712,3712,8.39,31143.68,WH-02,2025-09-13T11:06:00+08:00
PO-202508-000656-03,PO-202508-000656,3,MAT-0042,6514,6514,439.98,2866029.72,WH-01,2025-09-14T11:06:00+08:00
PO-202508-000656-04,PO-202508-000656,4,MAT-0001,8605,8605,202.85,1745524.25,WH-06,2025-08-16T11:06:00+08:00
PO-202507-000657-01,PO-202507-000657,1,MAT-0156,11060,652,21.63,239227.8,WH-05,2025-08-12T05:07:00+08:00
PO-202507-000657-02,PO-202507-000657,2,MAT-0096,2606,926,305.92,797227.52,WH-02,2025-08-29T05:07:00+08:00
PO-202509-000658-01,PO-202509-000658,1,MAT-0107,7366,7366,391.57,2884304.62,WH-03,2025-10-06T23:29:00+08:00
PO-202509-000658-02,PO-202509-000658,2,MAT-0152,10427,10427,653.45,6813523.15,WH-03,2025-10-02T23:29:00+08:00
PO-202509-000659-01,PO-202509-000659,1,MAT-0049,1516,72,4.56,6912.96,WH-01,2025-10-23T04:32:00+08:00
PO-202509-000659-02,PO-202509-000659,2,MAT-0100,11997,8934,350.09,4200029.73,WH-04,2025-10-02T04:32:00+08:00
PO-202509-000659-03,PO-202509-000659,3,MAT-0018,7264,777,27.37,198815.68,WH-04,2025-09-23T04:32:00+08:00
PO-202603-000660-01,PO-202603-000660,1,MAT-0021,7628,323,10.49,80017.72,WH-03,2026-03-08T19:00:00+08:00
PO-202603-000660-02,PO-202603-000660,2,MAT-0196,1336,916,72.69,97113.84,WH-05,2026-03-17T19:00:00+08:00
PO-202510-000661-01,PO-202510-000661,1,MAT-0113,1311,1311,99.14,129972.54,WH-05,2025-10-05T06:38:00+08:00
PO-202512-000662-01,PO-202512-000662,1,MAT-0027,7344,7344,748.75,5498820.0,WH-03,2025-12-14T01:23:00+08:00
PO-202512-000662-02,PO-202512-000662,2,MAT-0215,9899,9899,93.5,925556.5,WH-05,2026-01-06T01:23:00+08:00
PO-202512-000662-03,PO-202512-000662,3,MAT-0057,9225,9225,129.71,1196574.75,WH-05,2025-12-15T01:23:00+08:00
PO-202512-000662-04,PO-202512-000662,4,MAT-0115,11588,11588,332.3,3850692.4,WH-01,2025-12-15T01:23:00+08:00
PO-202507-000663-01,PO-202507-000663,1,MAT-0192,5251,792,102.38,537597.38,WH-03,2025-08-13T07:34:00+08:00
PO-202507-000663-02,PO-202507-000663,2,MAT-0120,10992,4337,15.07,165649.44,WH-06,2025-08-24T07:34:00+08:00
PO-202507-000663-03,PO-202507-000663,3,MAT-0119,6391,1202,3.08,19684.28,WH-03,2025-08-20T07:34:00+08:00
PO-202507-000663-04,PO-202507-000663,4,MAT-0048,11207,811,18.02,201950.14,WH-01,2025-08-29T07:34:00+08:00
PO-202603-000664-01,PO-202603-000664,1,MAT-0061,4600,4600,360.44,1658024.0,WH-01,2026-04-15T21:38:00+08:00
PO-202603-000664-02,PO-202603-000664,2,MAT-0137,488,488,997.61,486833.68,WH-03,2026-03-14T21:38:00+08:00
PO-202603-000664-03,PO-202603-000664,3,MAT-0193,7727,7727,175.11,1353074.97,WH-03,2026-04-02T21:38:00+08:00
PO-202603-000664-04,PO-202603-000664,4,MAT-0098,2900,2900,108.32,314128.0,WH-02,2026-04-01T21:38:00+08:00
PO-202510-000665-01,PO-202510-000665,1,MAT-0037,6914,4970,674.33,4662317.62,WH-02,2025-11-23T22:06:00+08:00
PO-202510-000665-02,PO-202510-000665,2,MAT-0120,2171,1524,16.31,35409.01,WH-06,2025-11-15T22:06:00+08:00
PO-202604-000666-01,PO-202604-000666,1,MAT-0081,4224,503,647.78,2736222.72,WH-05,2026-04-25T21:12:00+08:00
PO-202604-000666-02,PO-202604-000666,2,MAT-0026,9725,6799,895.79,8711557.75,WH-05,2026-04-17T21:12:00+08:00
PO-202604-000666-03,PO-202604-000666,3,MAT-0016,11303,7148,206.71,2336443.13,WH-02,2026-05-03T21:12:00+08:00
PO-202604-000666-04,PO-202604-000666,4,MAT-0113,4903,610,103.18,505891.54,WH-02,2026-05-04T21:12:00+08:00
PO-202508-000667-01,PO-202508-000667,1,MAT-0016,4255,4255,242.89,1033496.95,WH-03,2025-08-20T13:01:00+08:00
PO-202508-000667-02,PO-202508-000667,2,MAT-0057,9623,9623,141.37,1360403.51,WH-06,2025-08-21T13:01:00+08:00
PO-202508-000667-03,PO-202508-000667,3,MAT-0077,1685,1685,5.52,9301.2,WH-03,2025-09-19T13:01:00+08:00
PO-202508-000667-04,PO-202508-000667,4,MAT-0206,3049,3049,90.52,275995.48,WH-03,2025-08-20T13:01:00+08:00
PO-202601-000668-01,PO-202601-000668,1,MAT-0193,5766,4189,175.11,1009684.26,WH-05,2026-02-09T18:01:00+08:00
PO-202601-000668-02,PO-202601-000668,2,MAT-0235,3786,1934,166.29,629573.94,WH-04,2026-02-23T18:01:00+08:00
PO-202601-000668-03,PO-202601-000668,3,MAT-0092,6050,4418,160.52,971146.0,WH-02,2026-01-19T18:01:00+08:00
PO-202601-000668-04,PO-202601-000668,4,MAT-0006,3984,547,441.09,1757302.56,WH-05,2026-02-01T18:01:00+08:00
PO-202606-000669-01,PO-202606-000669,1,MAT-0227,6846,6846,872.66,5974230.36,WH-03,2026-06-15T08:00:00+08:00
PO-202606-000669-02,PO-202606-000669,2,MAT-0079,11598,11598,36.81,426922.38,WH-04,2026-06-15T08:00:00+08:00
PO-202606-000669-03,PO-202606-000669,3,MAT-0057,4742,4742,158.93,753646.06,WH-03,2026-06-13T13:09:00+08:00
PO-202603-000670-01,PO-202603-000670,1,MAT-0226,8502,3788,279.52,2376479.04,WH-03,2026-03-07T07:03:00+08:00
PO-202510-000671-01,PO-202510-000671,1,MAT-0085,6955,1795,556.42,3869901.1,WH-04,2025-11-15T16:26:00+08:00
PO-202510-000671-02,PO-202510-000671,2,MAT-0159,3614,699,16.41,59305.74,WH-04,2025-11-19T16:26:00+08:00
PO-202510-000671-03,PO-202510-000671,3,MAT-0037,2334,836,624.89,1458493.26,WH-01,2025-11-24T16:26:00+08:00
PO-202510-000671-04,PO-202510-000671,4,MAT-0024,10693,1572,21.88,233962.84,WH-03,2025-10-20T16:26:00+08:00
PO-202511-000672-01,PO-202511-000672,1,MAT-0158,2554,2554,33.79,86299.66,WH-06,2025-12-18T12:55:00+08:00
PO-202512-000673-01,PO-202512-000673,1,MAT-0221,4384,3107,243.43,1067197.12,WH-02,2026-01-27T13:44:00+08:00
PO-202512-000673-02,PO-202512-000673,2,MAT-0002,9115,2246,1258.46,11470862.9,WH-05,2026-01-04T13:44:00+08:00
PO-202604-000674-01,PO-202604-000674,1,MAT-0051,2481,623,45.75,113505.75,WH-01,2026-05-02T12:19:00+08:00
PO-202603-000675-01,PO-202603-000675,1,MAT-0237,8442,8442,48.74,411463.08,WH-04,2026-04-08T23:36:00+08:00
PO-202603-000675-02,PO-202603-000675,2,MAT-0152,8423,8423,673.06,5669184.38,WH-04,2026-03-19T23:36:00+08:00
PO-202603-000675-03,PO-202603-000675,3,MAT-0062,8150,8150,1070.87,8727590.5,WH-04,2026-04-22T23:36:00+08:00
PO-202602-000676-01,PO-202602-000676,1,MAT-0141,805,199,227.47,183113.35,WH-06,2026-02-24T11:59:00+08:00
PO-202605-000677-01,PO-202605-000677,1,MAT-0020,8766,8766,263.57,2310454.62,WH-05,2026-05-08T04:36:00+08:00
PO-202605-000677-02,PO-202605-000677,2,MAT-0111,9290,9290,48.96,454838.4,WH-02,2026-06-11T04:36:00+08:00
PO-202603-000678-01,PO-202603-000678,1,MAT-0025,4137,4137,925.39,3828338.43,WH-01,2026-05-11T00:03:00+08:00
PO-202603-000678-02,PO-202603-000678,2,MAT-0187,967,967,32.84,31756.28,WH-02,2026-04-22T00:03:00+08:00
PO-202603-000678-03,PO-202603-000678,3,MAT-0127,7468,7468,1091.54,8151620.72,WH-06,2026-05-07T00:03:00+08:00
PO-202511-000679-01,PO-202511-000679,1,MAT-0083,10248,6715,279.87,2868107.76,WH-01,2025-11-20T20:02:00+08:00
PO-202511-000679-02,PO-202511-000679,2,MAT-0235,9025,508,138.5,1249962.5,WH-04,2025-12-15T20:02:00+08:00
PO-202511-000679-03,PO-202511-000679,3,MAT-0058,4584,1148,448.75,2057070.0,WH-05,2025-11-11T20:02:00+08:00
PO-202511-000679-04,PO-202511-000679,4,MAT-0018,3645,1770,32.61,118863.45,WH-03,2025-11-04T20:02:00+08:00
PO-202601-000680-01,PO-202601-000680,1,MAT-0104,2689,2689,822.6,2211971.4,WH-02,2026-01-28T00:06:00+08:00
PO-202601-000680-02,PO-202601-000680,2,MAT-0140,5693,5693,160.75,915149.75,WH-06,2026-01-30T00:06:00+08:00
PO-202601-000680-03,PO-202601-000680,3,MAT-0215,9457,9457,70.16,663503.12,WH-03,2026-03-02T00:06:00+08:00
PO-202510-000681-01,PO-202510-000681,1,MAT-0049,3104,3104,4.44,13781.76,WH-04,2025-10-24T10:53:00+08:00
PO-202510-000681-02,PO-202510-000681,2,MAT-0119,4256,4256,2.69,11448.64,WH-05,2025-10-13T10:53:00+08:00
PO-202510-000681-03,PO-202510-000681,3,MAT-0006,2744,2744,430.86,1182279.84,WH-01,2025-11-10T10:53:00+08:00
PO-202510-000681-04,PO-202510-000681,4,MAT-0120,2552,2552,15.07,38458.64,WH-05,2025-11-05T10:53:00+08:00
PO-202510-000682-01,PO-202510-000682,1,MAT-0080,7139,5070,250.21,1786249.19,WH-05,2025-10-29T13:46:00+08:00
PO-202510-000682-02,PO-202510-000682,2,MAT-0075,7352,5672,194.46,1429669.92,WH-02,2025-10-21T13:46:00+08:00
PO-202510-000682-03,PO-202510-000682,3,MAT-0065,5186,1971,404.62,2098359.32,WH-03,2025-10-29T13:46:00+08:00
PO-202510-000682-04,PO-202510-000682,4,MAT-0177,3376,2061,567.57,1916116.32,WH-06,2025-11-08T13:46:00+08:00
PO-202601-000683-01,PO-202601-000683,1,MAT-0035,10862,5906,10.3,111878.6,WH-01,2026-03-09T11:34:00+08:00
PO-202601-000683-02,PO-202601-000683,2,MAT-0027,1687,365,578.77,976384.99,WH-06,2026-03-08T11:34:00+08:00
PO-202604-000684-01,PO-202604-000684,1,MAT-0105,10956,234,584.81,6407178.36,WH-04,2026-05-08T07:47:00+08:00
PO-202604-000684-02,PO-202604-000684,2,MAT-0079,2850,1531,43.84,124944.0,WH-03,2026-05-11T07:47:00+08:00
PO-202604-000684-03,PO-202604-000684,3,MAT-0111,8522,4628,40.23,342840.06,WH-02,2026-05-11T07:47:00+08:00
PO-202604-000684-04,PO-202604-000684,4,MAT-0005,3958,1939,368.59,1458879.22,WH-02,2026-05-14T07:47:00+08:00
PO-202602-000685-01,PO-202602-000685,1,MAT-0073,4312,4312,23.67,102065.04,WH-02,2026-03-20T01:15:00+08:00
PO-202602-000685-02,PO-202602-000685,2,MAT-0205,2837,2837,321.72,912719.64,WH-06,2026-03-25T01:15:00+08:00
PO-202602-000685-03,PO-202602-000685,3,MAT-0007,7667,7667,1230.87,9437080.29,WH-06,2026-03-12T01:15:00+08:00
PO-202606-000686-01,PO-202606-000686,1,MAT-0240,2307,2307,110.92,255892.44,WH-04,2026-06-15T08:00:00+08:00
PO-202604-000687-01,PO-202604-000687,1,MAT-0211,8006,8006,819.19,6558435.14,WH-02,2026-06-06T10:25:00+08:00
PO-202511-000688-01,PO-202511-000688,1,MAT-0074,3040,98,17.14,52105.6,WH-05,2025-12-20T05:39:00+08:00
PO-202511-000688-02,PO-202511-000688,2,MAT-0109,9916,2410,39.12,387913.92,WH-02,2025-12-25T05:39:00+08:00
PO-202602-000689-01,PO-202602-000689,1,MAT-0197,5404,5404,384.01,2075190.04,WH-04,2026-03-23T07:48:00+08:00
PO-202506-000690-01,PO-202506-000690,1,MAT-0173,6481,1127,981.06,6358249.86,WH-05,2025-07-27T06:04:00+08:00
PO-202506-000690-02,PO-202506-000690,2,MAT-0022,4128,623,79.38,327680.64,WH-04,2025-07-30T06:04:00+08:00
PO-202506-000690-03,PO-202506-000690,3,MAT-0231,10275,8019,361.96,3719139.0,WH-05,2025-07-19T06:04:00+08:00
PO-202506-000690-04,PO-202506-000690,4,MAT-0129,9206,6019,494.04,4548132.24,WH-06,2025-07-23T06:04:00+08:00
PO-202603-000691-01,PO-202603-000691,1,MAT-0152,1457,478,677.23,986724.11,WH-06,2026-03-21T14:41:00+08:00
PO-202603-000691-02,PO-202603-000691,2,MAT-0012,5482,324,790.12,4331437.84,WH-06,2026-03-19T14:41:00+08:00
PO-202603-000691-03,PO-202603-000691,3,MAT-0227,5477,2991,872.66,4779558.82,WH-06,2026-03-10T14:41:00+08:00
PO-202603-000691-04,PO-202603-000691,4,MAT-0168,11051,6181,459.75,5080697.25,WH-02,2026-04-14T14:41:00+08:00
PO-202507-000692-01,PO-202507-000692,1,MAT-0158,7519,7519,39.6,297752.4,WH-04,2025-08-09T12:54:00+08:00
PO-202603-000693-01,PO-202603-000693,1,MAT-0009,3494,3494,57.75,201778.5,WH-05,2026-04-30T20:31:00+08:00
PO-202603-000694-01,PO-202603-000694,1,MAT-0165,7091,7091,310.1,2198919.1,WH-02,2026-05-01T14:50:00+08:00
PO-202603-000694-02,PO-202603-000694,2,MAT-0127,9255,9255,945.2,8747826.0,WH-02,2026-03-24T14:50:00+08:00
PO-202509-000695-01,PO-202509-000695,1,MAT-0025,11711,11711,824.32,9653611.52,WH-05,2025-09-11T01:26:00+08:00
PO-202509-000695-02,PO-202509-000695,2,MAT-0063,10025,10025,118.11,1184052.75,WH-05,2025-10-06T01:26:00+08:00
PO-202509-000695-03,PO-202509-000695,3,MAT-0236,3900,3900,521.0,2031900.0,WH-05,2025-09-17T01:26:00+08:00
PO-202605-000696-01,PO-202605-000696,1,MAT-0092,6676,2542,141.29,943252.04,WH-06,2026-05-18T11:07:00+08:00
PO-202605-000696-02,PO-202605-000696,2,MAT-0072,5466,3022,918.4,5019974.4,WH-06,2026-05-06T11:07:00+08:00
PO-202508-000697-01,PO-202508-000697,1,MAT-0057,1473,210,131.94,194347.62,WH-05,2025-09-17T01:19:00+08:00
PO-202508-000697-02,PO-202508-000697,2,MAT-0079,9728,90,43.97,427740.16,WH-03,2025-09-09T01:19:00+08:00
PO-202508-000697-03,PO-202508-000697,3,MAT-0188,3379,284,79.47,268529.13,WH-06,2025-09-02T01:19:00+08:00
PO-202508-000697-04,PO-202508-000697,4,MAT-0202,2327,403,403.47,938874.69,WH-03,2025-09-04T01:19:00+08:00
PO-202605-000698-01,PO-202605-000698,1,MAT-0105,3847,303,584.81,2249764.07,WH-05,2026-06-12T05:41:00+08:00
PO-202605-000698-02,PO-202605-000698,2,MAT-0097,9945,2162,917.05,9120062.25,WH-04,2026-06-04T05:41:00+08:00
PO-202506-000699-01,PO-202506-000699,1,MAT-0040,11810,2379,30.11,355599.1,WH-02,2025-08-03T19:58:00+08:00
PO-202510-000700-01,PO-202510-000700,1,MAT-0052,2415,2415,89.16,215321.4,WH-03,2025-10-23T17:59:00+08:00
PO-202510-000700-02,PO-202510-000700,2,MAT-0104,1773,1773,930.59,1649936.07,WH-03,2025-10-23T17:59:00+08:00
PO-202510-000700-03,PO-202510-000700,3,MAT-0136,8815,8815,734.08,6470915.2,WH-02,2025-10-19T17:59:00+08:00
PO-202510-000700-04,PO-202510-000700,4,MAT-0178,1077,1077,340.83,367073.91,WH-04,2025-11-02T17:59:00+08:00
PO-202603-000701-01,PO-202603-000701,1,MAT-0018,4945,4945,32.61,161256.45,WH-05,2026-05-07T23:53:00+08:00
PO-202603-000701-02,PO-202603-000701,2,MAT-0032,7563,7563,391.41,2960233.83,WH-04,2026-04-12T23:53:00+08:00
PO-202603-000701-03,PO-202603-000701,3,MAT-0103,490,490,778.41,381420.9,WH-01,2026-04-19T23:53:00+08:00
PO-202603-000701-04,PO-202603-000701,4,MAT-0055,4413,4413,502.24,2216385.12,WH-02,2026-04-01T23:53:00+08:00
PO-202512-000702-01,PO-202512-000702,1,MAT-0234,6664,4361,137.65,917299.6,WH-05,2026-01-06T16:20:00+08:00
PO-202512-000702-02,PO-202512-000702,2,MAT-0097,1669,145,998.17,1665945.73,WH-05,2026-01-27T16:20:00+08:00
PO-202512-000703-01,PO-202512-000703,1,MAT-0032,8272,8272,403.55,3338165.6,WH-04,2025-12-25T23:00:00+08:00
PO-202506-000704-01,PO-202506-000704,1,MAT-0239,2780,2780,561.73,1561609.4,WH-02,2025-06-25T11:16:00+08:00
PO-202506-000704-02,PO-202506-000704,2,MAT-0222,7366,7366,549.03,4044154.98,WH-05,2025-07-16T11:16:00+08:00
PO-202506-000704-03,PO-202506-000704,3,MAT-0152,1675,1675,484.99,812358.25,WH-02,2025-07-06T11:16:00+08:00
PO-202506-000704-04,PO-202506-000704,4,MAT-0200,6082,6082,459.04,2791881.28,WH-03,2025-07-24T11:16:00+08:00
PO-202510-000705-01,PO-202510-000705,1,MAT-0006,9533,5462,392.6,3742655.8,WH-05,2025-10-14T21:33:00+08:00
PO-202510-000705-02,PO-202510-000705,2,MAT-0156,4907,3135,21.63,106138.41,WH-02,2025-10-30T21:33:00+08:00
PO-202510-000705-03,PO-202510-000705,3,MAT-0090,5981,1756,3.95,23624.95,WH-05,2025-10-10T21:33:00+08:00
PO-202510-000705-04,PO-202510-000705,4,MAT-0182,11829,7035,330.54,3909957.66,WH-03,2025-10-21T21:33:00+08:00
PO-202508-000706-01,PO-202508-000706,1,MAT-0193,1903,397,163.66,311444.98,WH-03,2025-09-04T12:13:00+08:00
PO-202508-000706-02,PO-202508-000706,2,MAT-0115,3037,456,362.79,1101793.23,WH-06,2025-10-03T12:13:00+08:00
PO-202508-000706-03,PO-202508-000706,3,MAT-0222,6445,2249,549.03,3538498.35,WH-05,2025-09-09T12:13:00+08:00
PO-202508-000706-04,PO-202508-000706,4,MAT-0170,4428,565,183.41,812139.48,WH-05,2025-09-25T12:13:00+08:00
PO-202511-000707-01,PO-202511-000707,1,MAT-0175,9741,1548,590.61,5753132.01,WH-04,2025-12-16T12:12:00+08:00
PO-202511-000707-02,PO-202511-000707,2,MAT-0172,10984,3166,735.03,8073569.52,WH-04,2025-11-22T12:12:00+08:00
PO-202511-000707-03,PO-202511-000707,3,MAT-0155,9907,5406,111.51,1104729.57,WH-04,2025-12-12T12:12:00+08:00
PO-202510-000708-01,PO-202510-000708,1,MAT-0018,531,531,32.61,17315.91,WH-01,2025-10-16T17:27:00+08:00
PO-202510-000708-02,PO-202510-000708,2,MAT-0181,2824,2824,193.53,546528.72,WH-06,2025-10-30T17:27:00+08:00
PO-202510-000708-03,PO-202510-000708,3,MAT-0218,5041,5041,173.7,875621.7,WH-01,2025-11-28T17:27:00+08:00
PO-202601-000709-01,PO-202601-000709,1,MAT-0018,9707,7165,27.37,265680.59,WH-02,2026-02-26T00:03:00+08:00
PO-202601-000709-02,PO-202601-000709,2,MAT-0072,8512,6382,1081.81,9208366.72,WH-04,2026-02-18T00:03:00+08:00
PO-202601-000709-03,PO-202601-000709,3,MAT-0195,2749,729,1.35,3711.15,WH-06,2026-02-22T00:03:00+08:00
PO-202601-000709-04,PO-202601-000709,4,MAT-0049,4314,2511,4.56,19671.84,WH-05,2026-02-23T00:03:00+08:00
PO-202509-000710-01,PO-202509-000710,1,MAT-0184,10954,2620,332.65,3643848.1,WH-03,2025-11-11T18:34:00+08:00
PO-202510-000711-01,PO-202510-000711,1,MAT-0117,6085,6085,199.22,1212253.7,WH-03,2025-10-27T01:21:00+08:00
PO-202510-000711-02,PO-202510-000711,2,MAT-0165,7877,7877,413.39,3256273.03,WH-02,2025-11-23T01:21:00+08:00
PO-202511-000712-01,PO-202511-000712,1,MAT-0061,3169,3169,360.44,1142234.36,WH-03,2026-01-09T20:05:00+08:00
PO-202511-000712-02,PO-202511-000712,2,MAT-0208,6488,6488,120.26,780246.88,WH-06,2025-12-12T20:05:00+08:00
PO-202604-000713-01,PO-202604-000713,1,MAT-0196,10273,6616,72.02,739861.46,WH-03,2026-05-21T20:15:00+08:00
PO-202604-000713-02,PO-202604-000713,2,MAT-0020,5435,1136,263.57,1432502.95,WH-04,2026-04-10T20:15:00+08:00
PO-202506-000714-01,PO-202506-000714,1,MAT-0213,7634,4115,380.48,2904584.32,WH-04,2025-06-27T09:23:00+08:00
PO-202601-000715-01,PO-202601-000715,1,MAT-0187,7826,1325,29.55,231258.3,WH-06,2026-02-21T22:09:00+08:00
PO-202601-000715-02,PO-202601-000715,2,MAT-0174,2056,1459,4.62,9498.72,WH-04,2026-02-08T22:09:00+08:00
PO-202601-000715-03,PO-202601-000715,3,MAT-0097,7074,4907,953.91,6747959.34,WH-03,2026-02-21T22:09:00+08:00
PO-202601-000715-04,PO-202601-000715,4,MAT-0080,4363,1994,189.9,828533.7,WH-04,2026-02-18T22:09:00+08:00
PO-202602-000716-01,PO-202602-000716,1,MAT-0119,4794,2064,2.52,12080.88,WH-02,2026-02-26T18:38:00+08:00
PO-202602-000716-02,PO-202602-000716,2,MAT-0223,2370,1771,534.19,1266030.3,WH-01,2026-03-19T18:38:00+08:00
PO-202603-000717-01,PO-202603-000717,1,MAT-0226,2208,1503,283.68,626365.44,WH-05,2026-04-28T04:27:00+08:00
PO-202603-000717-02,PO-202603-000717,2,MAT-0230,7223,2248,936.38,6763472.74,WH-05,2026-04-13T04:27:00+08:00
PO-202603-000717-03,PO-202603-000717,3,MAT-0081,11344,6444,647.78,7348416.32,WH-06,2026-03-26T04:27:00+08:00
PO-202604-000718-01,PO-202604-000718,1,MAT-0065,6758,1665,434.02,2933107.16,WH-03,2026-04-20T15:00:00+08:00
PO-202604-000718-02,PO-202604-000718,2,MAT-0196,10246,1340,72.02,737916.92,WH-02,2026-05-21T15:00:00+08:00
PO-202604-000718-03,PO-202604-000718,3,MAT-0064,2020,937,93.97,189819.4,WH-02,2026-04-12T15:00:00+08:00
PO-202602-000719-01,PO-202602-000719,1,MAT-0173,1441,1441,981.06,1413707.46,WH-04,2026-03-23T04:17:00+08:00
PO-202602-000719-02,PO-202602-000719,2,MAT-0129,2909,2909,494.04,1437162.36,WH-06,2026-02-17T04:17:00+08:00
PO-202602-000719-03,PO-202602-000719,3,MAT-0052,6312,6312,88.2,556718.4,WH-05,2026-02-19T04:17:00+08:00
PO-202506-000720-01,PO-202506-000720,1,MAT-0232,10931,6998,906.56,9909607.36,WH-01,2025-07-11T02:09:00+08:00
PO-202506-000720-02,PO-202506-000720,2,MAT-0159,8708,5705,15.09,131403.72,WH-04,2025-07-06T02:09:00+08:00
PO-202506-000720-03,PO-202506-000720,3,MAT-0113,4826,88,89.54,432120.04,WH-04,2025-07-28T02:09:00+08:00
PO-202604-000721-01,PO-202604-000721,1,MAT-0209,8281,8281,1194.5,9891654.5,WH-05,2026-05-23T03:02:00+08:00
PO-202606-000722-01,PO-202606-000722,1,MAT-0066,5367,1844,184.34,989352.78,WH-01,2026-06-15T08:00:00+08:00
PO-202606-000722-02,PO-202606-000722,2,MAT-0138,7765,5007,190.55,1479620.75,WH-04,2026-06-15T08:00:00+08:00
PO-202606-000722-03,PO-202606-000722,3,MAT-0030,9303,5707,26.03,242157.09,WH-04,2026-06-15T08:00:00+08:00
PO-202508-000723-01,PO-202508-000723,1,MAT-0224,8472,4300,326.71,2767887.12,WH-02,2025-09-13T21:31:00+08:00
PO-202510-000724-01,PO-202510-000724,1,MAT-0074,6002,6002,15.25,91530.5,WH-06,2025-11-05T01:52:00+08:00
PO-202510-000724-02,PO-202510-000724,2,MAT-0137,1109,1109,1299.03,1440624.27,WH-02,2025-10-30T01:52:00+08:00
PO-202510-000724-03,PO-202510-000724,3,MAT-0030,8431,8431,20.57,173425.67,WH-01,2025-12-03T01:52:00+08:00
PO-202506-000725-01,PO-202506-000725,1,MAT-0068,6363,6363,135.85,864413.55,WH-01,2025-07-18T02:35:00+08:00
PO-202506-000725-02,PO-202506-000725,2,MAT-0184,643,643,332.65,213893.95,WH-06,2025-07-13T02:35:00+08:00
PO-202508-000726-01,PO-202508-000726,1,MAT-0214,9298,6719,140.78,1308972.44,WH-04,2025-09-08T11:14:00+08:00
PO-202508-000726-02,PO-202508-000726,2,MAT-0002,5104,13,1258.46,6423179.84,WH-02,2025-08-23T11:14:00+08:00
PO-202508-000726-03,PO-202508-000726,3,MAT-0156,3143,1498,17.57,55222.51,WH-04,2025-09-08T11:14:00+08:00
PO-202508-000726-04,PO-202508-000726,4,MAT-0117,731,55,195.31,142771.61,WH-03,2025-09-02T11:14:00+08:00
PO-202603-000727-01,PO-202603-000727,1,MAT-0227,8705,8705,777.65,6769443.25,WH-04,2026-04-15T16:33:00+08:00
PO-202603-000727-02,PO-202603-000727,2,MAT-0237,3789,3789,55.32,209607.48,WH-03,2026-04-09T16:33:00+08:00
PO-202603-000727-03,PO-202603-000727,3,MAT-0145,3743,3743,96.32,360525.76,WH-06,2026-04-04T16:33:00+08:00
PO-202603-000727-04,PO-202603-000727,4,MAT-0121,5272,5272,195.03,1028198.16,WH-04,2026-04-11T16:33:00+08:00
PO-202511-000728-01,PO-202511-000728,1,MAT-0106,3631,2181,637.7,2315488.7,WH-04,2026-01-02T02:13:00+08:00
PO-202511-000728-02,PO-202511-000728,2,MAT-0098,10561,912,113.39,1197511.79,WH-01,2026-01-03T02:13:00+08:00
PO-202511-000728-03,PO-202511-000728,3,MAT-0038,4348,386,572.25,2488143.0,WH-04,2025-12-24T02:13:00+08:00
PO-202511-000728-04,PO-202511-000728,4,MAT-0136,1457,279,736.69,1073357.33,WH-06,2025-12-08T02:13:00+08:00
PO-202603-000729-01,PO-202603-000729,1,MAT-0054,5668,5668,768.52,4355971.36,WH-06,2026-03-24T07:05:00+08:00
PO-202603-000729-02,PO-202603-000729,2,MAT-0136,4135,4135,780.71,3228235.85,WH-05,2026-04-18T07:05:00+08:00
PO-202508-000730-01,PO-202508-000730,1,MAT-0101,3463,1322,449.47,1556514.61,WH-05,2025-08-19T05:48:00+08:00
PO-202508-000730-02,PO-202508-000730,2,MAT-0020,4916,745,235.01,1155309.16,WH-06,2025-09-11T05:48:00+08:00
PO-202508-000730-03,PO-202508-000730,3,MAT-0173,5369,1695,754.43,4050534.67,WH-04,2025-09-20T05:48:00+08:00
PO-202508-000730-04,PO-202508-000730,4,MAT-0073,9106,2365,19.84,180663.04,WH-04,2025-09-26T05:48:00+08:00
PO-202510-000731-01,PO-202510-000731,1,MAT-0136,1343,461,852.81,1145323.83,WH-02,2025-11-07T08:03:00+08:00
PO-202510-000731-02,PO-202510-000731,2,MAT-0102,5342,1845,43.84,234193.28,WH-04,2025-11-12T08:03:00+08:00
PO-202510-000731-03,PO-202510-000731,3,MAT-0141,9878,1983,221.31,2186100.18,WH-03,2025-11-15T08:03:00+08:00
PO-202510-000731-04,PO-202510-000731,4,MAT-0067,5851,237,63.05,368905.55,WH-01,2025-10-28T08:03:00+08:00
PO-202604-000732-01,PO-202604-000732,1,MAT-0165,10748,10748,310.1,3332954.8,WH-02,2026-05-07T21:26:00+08:00
PO-202604-000732-02,PO-202604-000732,2,MAT-0140,8280,8280,149.22,1235541.6,WH-05,2026-05-19T21:26:00+08:00
PO-202604-000732-03,PO-202604-000732,3,MAT-0036,9574,9574,115.22,1103116.28,WH-06,2026-04-16T21:26:00+08:00
PO-202604-000732-04,PO-202604-000732,4,MAT-0114,3574,3574,207.14,740318.36,WH-04,2026-04-15T21:26:00+08:00
PO-202602-000733-01,PO-202602-000733,1,MAT-0193,5701,5701,175.11,998302.11,WH-06,2026-02-12T17:07:00+08:00
PO-202602-000733-02,PO-202602-000733,2,MAT-0098,9096,9096,108.32,985278.72,WH-06,2026-03-15T17:07:00+08:00
PO-202602-000733-03,PO-202602-000733,3,MAT-0061,3831,3831,360.44,1380845.64,WH-02,2026-03-02T17:07:00+08:00
PO-202604-000734-01,PO-202604-000734,1,MAT-0117,10924,1922,175.08,1912573.92,WH-02,2026-04-15T10:31:00+08:00
PO-202604-000734-02,PO-202604-000734,2,MAT-0058,7980,5518,448.75,3581025.0,WH-06,2026-05-07T10:31:00+08:00
PO-202604-000734-03,PO-202604-000734,3,MAT-0235,7270,5502,138.5,1006895.0,WH-02,2026-04-17T10:31:00+08:00
PO-202604-000734-04,PO-202604-000734,4,MAT-0130,11012,4442,658.32,7249419.84,WH-04,2026-04-24T10:31:00+08:00
PO-202606-000735-01,PO-202606-000735,1,MAT-0016,10915,1481,206.71,2256239.65,WH-06,2026-06-15T08:00:00+08:00
PO-202606-000735-02,PO-202606-000735,2,MAT-0230,11612,4143,936.38,10873244.56,WH-02,2026-06-15T08:00:00+08:00
PO-202606-000735-03,PO-202606-000735,3,MAT-0158,10764,5525,39.6,426254.4,WH-04,2026-06-11T11:06:00+08:00
PO-202506-000736-01,PO-202506-000736,1,MAT-0117,7728,3822,238.62,1844055.36,WH-02,2025-07-05T13:28:00+08:00
PO-202506-000736-02,PO-202506-000736,2,MAT-0099,4276,146,47.97,205119.72,WH-04,2025-07-14T13:28:00+08:00
PO-202506-000736-03,PO-202506-000736,3,MAT-0084,3625,837,409.94,1486032.5,WH-06,2025-07-15T13:28:00+08:00
PO-202602-000737-01,PO-202602-000737,1,MAT-0081,5600,5600,690.28,3865568.0,WH-06,2026-04-11T02:50:00+08:00
PO-202602-000737-02,PO-202602-000737,2,MAT-0224,9326,9326,357.9,3337775.4,WH-01,2026-04-11T02:50:00+08:00
PO-202511-000738-01,PO-202511-000738,1,MAT-0114,10662,10662,256.95,2739600.9,WH-02,2025-12-03T09:31:00+08:00
PO-202511-000738-02,PO-202511-000738,2,MAT-0132,9543,9543,47.42,452529.06,WH-06,2025-12-30T09:31:00+08:00
PO-202511-000738-03,PO-202511-000738,3,MAT-0234,5062,5062,138.98,703516.76,WH-04,2025-12-16T09:31:00+08:00
PO-202604-000739-01,PO-202604-000739,1,MAT-0087,9484,9484,43.27,410372.68,WH-05,2026-06-02T16:04:00+08:00
PO-202604-000739-02,PO-202604-000739,2,MAT-0002,8034,8034,1041.31,8365884.54,WH-01,2026-06-07T16:04:00+08:00
PO-202604-000739-03,PO-202604-000739,3,MAT-0025,5532,5532,672.67,3721210.44,WH-03,2026-05-18T16:04:00+08:00
PO-202604-000739-04,PO-202604-000739,4,MAT-0152,11157,11157,653.45,7290541.65,WH-03,2026-05-20T16:04:00+08:00
PO-202508-000740-01,PO-202508-000740,1,MAT-0100,2593,2593,333.27,864169.11,WH-04,2025-09-05T01:56:00+08:00
PO-202508-000740-02,PO-202508-000740,2,MAT-0216,9192,9192,145.92,1341296.64,WH-05,2025-08-17T01:56:00+08:00
PO-202508-000740-03,PO-202508-000740,3,MAT-0171,6780,6780,1109.67,7523562.6,WH-04,2025-09-07T01:56:00+08:00
PO-202509-000741-01,PO-202509-000741,1,MAT-0205,10028,5927,355.1,3560942.8,WH-05,2025-09-03T03:48:00+08:00
PO-202509-000741-02,PO-202509-000741,2,MAT-0199,5121,2164,648.93,3323170.53,WH-05,2025-09-02T03:48:00+08:00
PO-202509-000741-03,PO-202509-000741,3,MAT-0061,9231,5989,303.34,2800131.54,WH-01,2025-09-26T03:48:00+08:00
PO-202605-000742-01,PO-202605-000742,1,MAT-0025,8569,5473,672.67,5764109.23,WH-01,2026-06-06T08:05:00+08:00
PO-202605-000742-02,PO-202605-000742,2,MAT-0002,7144,116,1041.31,7439118.64,WH-04,2026-06-05T08:05:00+08:00
PO-202605-000742-03,PO-202605-000742,3,MAT-0030,4341,2329,28.07,121851.87,WH-03,2026-06-12T08:05:00+08:00
PO-202509-000743-01,PO-202509-000743,1,MAT-0106,9332,9332,702.64,6557036.48,WH-04,2025-09-21T16:50:00+08:00
PO-202509-000743-02,PO-202509-000743,2,MAT-0226,3041,3041,319.81,972542.21,WH-06,2025-09-13T16:50:00+08:00
PO-202509-000743-03,PO-202509-000743,3,MAT-0162,5300,5300,52.78,279734.0,WH-04,2025-09-25T16:50:00+08:00
PO-202509-000743-04,PO-202509-000743,4,MAT-0041,6729,6729,326.31,2195739.99,WH-01,2025-09-21T16:50:00+08:00
PO-202509-000744-01,PO-202509-000744,1,MAT-0055,4703,4703,502.24,2362034.72,WH-01,2025-10-10T04:22:00+08:00
PO-202509-000744-02,PO-202509-000744,2,MAT-0051,11693,11693,45.37,530511.41,WH-05,2025-10-09T04:22:00+08:00
PO-202606-000745-01,PO-202606-000745,1,MAT-0132,2172,1099,38.95,84599.4,WH-03,2026-06-15T08:00:00+08:00
PO-202511-000746-01,PO-202511-000746,1,MAT-0134,3977,1755,245.18,975080.86,WH-02,2025-11-06T20:36:00+08:00
PO-202511-000746-02,PO-202511-000746,2,MAT-0042,1265,750,439.98,556574.7,WH-05,2025-11-18T20:36:00+08:00
PO-202511-000746-03,PO-202511-000746,3,MAT-0001,2409,488,202.85,488665.65,WH-02,2025-11-09T20:36:00+08:00
PO-202511-000746-04,PO-202511-000746,4,MAT-0002,2299,510,1170.86,2691807.14,WH-04,2025-12-06T20:36:00+08:00
PO-202508-000747-01,PO-202508-000747,1,MAT-0131,1148,312,592.17,679811.16,WH-05,2025-08-14T13:14:00+08:00
PO-202508-000747-02,PO-202508-000747,2,MAT-0013,10237,3092,957.12,9798037.44,WH-01,2025-08-26T13:14:00+08:00
PO-202601-000748-01,PO-202601-000748,1,MAT-0160,2832,2832,279.01,790156.32,WH-01,2026-01-28T03:33:00+08:00
PO-202601-000748-02,PO-202601-000748,2,MAT-0055,8894,8894,524.37,4663746.78,WH-02,2026-01-24T03:33:00+08:00
PO-202601-000748-03,PO-202601-000748,3,MAT-0037,9904,9904,626.74,6207232.96,WH-05,2026-01-31T03:33:00+08:00
PO-202605-000749-01,PO-202605-000749,1,MAT-0141,991,991,259.1,256768.1,WH-05,2026-05-14T17:58:00+08:00
PO-202605-000749-02,PO-202605-000749,2,MAT-0191,2300,2300,317.14,729422.0,WH-03,2026-05-13T17:58:00+08:00
PO-202605-000749-03,PO-202605-000749,3,MAT-0180,935,935,177.05,165541.75,WH-03,2026-06-06T17:58:00+08:00
PO-202508-000750-01,PO-202508-000750,1,MAT-0012,1913,660,734.6,1405289.8,WH-05,2025-09-22T07:35:00+08:00
PO-202508-000750-02,PO-202508-000750,2,MAT-0201,10162,5869,499.33,5074191.46,WH-03,2025-09-16T07:35:00+08:00
PO-202511-000751-01,PO-202511-000751,1,MAT-0232,7202,3371,1010.43,7277116.86,WH-02,2025-11-25T21:11:00+08:00
PO-202511-000751-02,PO-202511-000751,2,MAT-0033,8269,2740,176.51,1459561.19,WH-03,2025-11-09T21:11:00+08:00
PO-202511-000751-03,PO-202511-000751,3,MAT-0071,7903,1727,33.03,261036.09,WH-01,2025-11-12T21:11:00+08:00
PO-202511-000751-04,PO-202511-000751,4,MAT-0035,6397,4769,9.68,61922.96,WH-05,2025-12-01T21:11:00+08:00
PO-202604-000752-01,PO-202604-000752,1,MAT-0036,1679,1679,122.35,205425.65,WH-01,2026-05-17T07:48:00+08:00
PO-202604-000752-02,PO-202604-000752,2,MAT-0148,813,813,6.65,5406.45,WH-03,2026-04-12T07:48:00+08:00
PO-202604-000752-03,PO-202604-000752,3,MAT-0132,6557,6557,38.95,255395.15,WH-04,2026-04-04T07:48:00+08:00
PO-202604-000752-04,PO-202604-000752,4,MAT-0111,6176,6176,49.74,307194.24,WH-03,2026-04-15T07:48:00+08:00
PO-202604-000753-01,PO-202604-000753,1,MAT-0150,9595,9595,15.79,151505.05,WH-01,2026-06-04T00:21:00+08:00
PO-202604-000753-02,PO-202604-000753,2,MAT-0025,2819,2819,755.57,2129951.83,WH-05,2026-06-04T00:21:00+08:00
PO-202604-000753-03,PO-202604-000753,3,MAT-0109,3910,3910,34.71,135716.1,WH-03,2026-06-01T00:21:00+08:00
PO-202604-000753-04,PO-202604-000753,4,MAT-0120,6481,6481,19.55,126703.55,WH-06,2026-05-09T00:21:00+08:00
PO-202512-000754-01,PO-202512-000754,1,MAT-0048,6924,1509,18.02,124770.48,WH-05,2025-12-31T21:21:00+08:00
PO-202507-000755-01,PO-202507-000755,1,MAT-0153,3079,3079,403.7,1242992.3,WH-06,2025-08-04T07:48:00+08:00
PO-202507-000755-02,PO-202507-000755,2,MAT-0126,8409,8409,544.75,4580802.75,WH-01,2025-09-06T07:48:00+08:00
PO-202507-000755-03,PO-202507-000755,3,MAT-0037,11610,11610,702.31,8153819.1,WH-06,2025-08-23T07:48:00+08:00
PO-202507-000755-04,PO-202507-000755,4,MAT-0044,9707,9707,13.35,129588.45,WH-02,2025-08-06T07:48:00+08:00
PO-202512-000756-01,PO-202512-000756,1,MAT-0047,6916,6916,414.79,2868687.64,WH-05,2025-12-28T06:44:00+08:00
PO-202512-000756-02,PO-202512-000756,2,MAT-0033,11038,11038,138.76,1531632.88,WH-03,2025-12-06T06:44:00+08:00
PO-202512-000756-03,PO-202512-000756,3,MAT-0020,9631,9631,207.12,1994772.72,WH-06,2025-12-19T06:44:00+08:00
PO-202601-000757-01,PO-202601-000757,1,MAT-0080,5545,2732,261.0,1447245.0,WH-06,2026-02-15T08:21:00+08:00
PO-202601-000757-02,PO-202601-000757,2,MAT-0212,3235,2001,305.35,987807.25,WH-01,2026-02-13T08:21:00+08:00
PO-202512-000758-01,PO-202512-000758,1,MAT-0148,979,979,6.65,6510.35,WH-04,2026-01-11T04:27:00+08:00
PO-202512-000758-02,PO-202512-000758,2,MAT-0155,10996,10996,112.16,1233311.36,WH-04,2026-01-13T04:27:00+08:00
PO-202509-000759-01,PO-202509-000759,1,MAT-0004,7889,7889,422.49,3333023.61,WH-06,2025-10-30T12:49:00+08:00
PO-202509-000759-02,PO-202509-000759,2,MAT-0238,1870,1870,144.4,270028.0,WH-02,2025-10-03T12:49:00+08:00
PO-202509-000759-03,PO-202509-000759,3,MAT-0045,10688,10688,24.75,264528.0,WH-01,2025-09-26T12:49:00+08:00
PO-202506-000760-01,PO-202506-000760,1,MAT-0183,2101,1598,96.99,203775.99,WH-01,2025-07-06T04:31:00+08:00
PO-202506-000760-02,PO-202506-000760,2,MAT-0205,1668,675,355.1,592306.8,WH-06,2025-08-07T04:31:00+08:00
PO-202506-000760-03,PO-202506-000760,3,MAT-0229,471,188,424.53,199953.63,WH-05,2025-07-04T04:31:00+08:00
PO-202509-000761-01,PO-202509-000761,1,MAT-0187,10781,8103,29.55,318578.55,WH-05,2025-10-04T03:02:00+08:00
PO-202601-000762-01,PO-202601-000762,1,MAT-0062,6213,441,929.3,5773740.9,WH-03,2026-02-09T08:52:00+08:00
PO-202605-000763-01,PO-202605-000763,1,MAT-0205,1148,316,283.77,325767.96,WH-05,2026-06-04T14:32:00+08:00
PO-202605-000763-02,PO-202605-000763,2,MAT-0142,8528,1860,376.73,3212753.44,WH-06,2026-06-15T08:00:00+08:00
PO-202604-000764-01,PO-202604-000764,1,MAT-0015,5098,5098,319.52,1628912.96,WH-05,2026-05-22T12:57:00+08:00
PO-202606-000765-01,PO-202606-000765,1,MAT-0238,7027,1132,128.91,905850.57,WH-05,2026-06-15T08:00:00+08:00
PO-202606-000765-02,PO-202606-000765,2,MAT-0057,2147,797,141.37,303521.39,WH-05,2026-06-15T08:00:00+08:00
PO-202509-000766-01,PO-202509-000766,1,MAT-0041,284,212,326.31,92672.04,WH-05,2025-10-16T19:25:00+08:00
PO-202509-000766-02,PO-202509-000766,2,MAT-0110,9649,6157,18.8,181401.2,WH-03,2025-10-30T19:25:00+08:00
PO-202509-000767-01,PO-202509-000767,1,MAT-0056,11109,11109,342.13,3800722.17,WH-01,2025-10-12T23:25:00+08:00
PO-202509-000767-02,PO-202509-000767,2,MAT-0046,9536,9536,1191.9,11365958.4,WH-04,2025-09-21T23:25:00+08:00
PO-202509-000767-03,PO-202509-000767,3,MAT-0180,3580,3580,177.05,633839.0,WH-04,2025-09-14T23:25:00+08:00
PO-202509-000767-04,PO-202509-000767,4,MAT-0161,11481,11481,431.11,4949573.91,WH-01,2025-09-07T23:25:00+08:00
PO-202605-000768-01,PO-202605-000768,1,MAT-0162,11252,2502,50.99,573739.48,WH-06,2026-06-15T08:00:00+08:00
PO-202605-000768-02,PO-202605-000768,2,MAT-0017,8286,632,73.34,607695.24,WH-01,2026-06-15T08:00:00+08:00
PO-202605-000768-03,PO-202605-000768,3,MAT-0108,11169,6512,293.16,3274304.04,WH-03,2026-06-15T08:00:00+08:00
PO-202509-000769-01,PO-202509-000769,1,MAT-0113,11015,11015,106.49,1172987.35,WH-01,2025-11-01T14:23:00+08:00
PO-202509-000769-02,PO-202509-000769,2,MAT-0151,10803,10803,165.09,1783467.27,WH-06,2025-10-01T14:23:00+08:00
PO-202509-000769-03,PO-202509-000769,3,MAT-0030,6897,6897,26.03,179528.91,WH-06,2025-10-22T14:23:00+08:00
PO-202509-000769-04,PO-202509-000769,4,MAT-0138,1695,1695,190.55,322982.25,WH-05,2025-10-10T14:23:00+08:00
PO-202508-000770-01,PO-202508-000770,1,MAT-0006,305,183,418.22,127557.1,WH-02,2025-09-01T18:22:00+08:00
PO-202508-000770-02,PO-202508-000770,2,MAT-0127,6829,1840,883.24,6031645.96,WH-05,2025-08-25T18:22:00+08:00
PO-202508-000770-03,PO-202508-000770,3,MAT-0034,11637,176,43.33,504231.21,WH-01,2025-09-21T18:22:00+08:00
PO-202605-000771-01,PO-202605-000771,1,MAT-0080,8706,4164,250.21,2178328.26,WH-03,2026-06-11T23:04:00+08:00
PO-202605-000771-02,PO-202605-000771,2,MAT-0013,5715,835,1132.96,6474866.4,WH-03,2026-06-13T23:04:00+08:00
PO-202510-000772-01,PO-202510-000772,1,MAT-0127,8134,2459,945.2,7688256.8,WH-05,2025-12-13T03:41:00+08:00
PO-202510-000772-02,PO-202510-000772,2,MAT-0101,10991,3372,385.65,4238679.15,WH-04,2025-12-03T03:41:00+08:00
PO-202512-000773-01,PO-202512-000773,1,MAT-0033,3568,2131,163.07,581833.76,WH-05,2026-01-21T21:52:00+08:00
PO-202512-000773-02,PO-202512-000773,2,MAT-0161,10971,1989,422.12,4631078.52,WH-02,2025-12-27T21:52:00+08:00
PO-202512-000773-03,PO-202512-000773,3,MAT-0066,6870,181,143.23,983990.1,WH-02,2026-01-22T21:52:00+08:00
PO-202512-000773-04,PO-202512-000773,4,MAT-0114,1409,716,256.95,362042.55,WH-04,2026-01-15T21:52:00+08:00
PO-202605-000774-01,PO-202605-000774,1,MAT-0226,409,3,283.68,116025.12,WH-01,2026-05-24T01:08:00+08:00
PO-202605-000774-02,PO-202605-000774,2,MAT-0158,10249,663,39.6,405860.4,WH-04,2026-06-15T08:00:00+08:00
PO-202602-000775-01,PO-202602-000775,1,MAT-0042,9611,9611,426.76,4101590.36,WH-01,2026-03-13T14:12:00+08:00
PO-202602-000775-02,PO-202602-000775,2,MAT-0141,10902,10902,190.59,2077812.18,WH-04,2026-03-25T14:12:00+08:00
PO-202602-000775-03,PO-202602-000775,3,MAT-0225,2261,2261,695.6,1572751.6,WH-01,2026-03-14T14:12:00+08:00
PO-202512-000776-01,PO-202512-000776,1,MAT-0208,10754,2856,138.58,1490289.32,WH-01,2025-12-23T02:38:00+08:00
PO-202512-000776-02,PO-202512-000776,2,MAT-0013,995,164,1132.96,1127295.2,WH-06,2026-01-02T02:38:00+08:00
PO-202512-000777-01,PO-202512-000777,1,MAT-0131,7258,3528,512.19,3717475.02,WH-03,2026-01-07T12:42:00+08:00
PO-202512-000777-02,PO-202512-000777,2,MAT-0096,806,328,305.92,246571.52,WH-05,2025-12-21T12:42:00+08:00
PO-202605-000778-01,PO-202605-000778,1,MAT-0178,8583,4296,424.25,3641337.75,WH-03,2026-06-15T08:00:00+08:00
PO-202605-000778-02,PO-202605-000778,2,MAT-0188,5894,2587,94.36,556157.84,WH-01,2026-06-15T08:00:00+08:00
PO-202512-000779-01,PO-202512-000779,1,MAT-0167,9459,9459,87.51,827757.09,WH-03,2026-01-22T13:07:00+08:00
PO-202511-000780-01,PO-202511-000780,1,MAT-0199,4965,3120,484.03,2403208.95,WH-05,2025-11-18T00:17:00+08:00
PO-202509-000781-01,PO-202509-000781,1,MAT-0228,3832,3832,10.22,39163.04,WH-01,2025-09-28T22:44:00+08:00
PO-202509-000781-02,PO-202509-000781,2,MAT-0029,11304,11304,405.71,4586145.84,WH-03,2025-10-20T22:44:00+08:00
PO-202511-000782-01,PO-202511-000782,1,MAT-0019,7672,1584,28.23,216580.56,WH-03,2025-12-05T08:55:00+08:00
PO-202511-000782-02,PO-202511-000782,2,MAT-0232,4188,2675,975.82,4086734.16,WH-05,2025-12-18T08:55:00+08:00
PO-202511-000782-03,PO-202511-000782,3,MAT-0217,6876,954,360.36,2477835.36,WH-06,2025-12-12T08:55:00+08:00
PO-202511-000782-04,PO-202511-000782,4,MAT-0065,4146,904,466.96,1936016.16,WH-05,2025-12-24T08:55:00+08:00
PO-202509-000783-01,PO-202509-000783,1,MAT-0064,4391,4,95.16,417847.56,WH-03,2025-09-17T10:58:00+08:00
PO-202509-000783-02,PO-202509-000783,2,MAT-0114,5982,17,207.14,1239111.48,WH-01,2025-10-02T10:58:00+08:00
PO-202509-000783-03,PO-202509-000783,3,MAT-0219,5397,796,23.45,126559.65,WH-06,2025-10-05T10:58:00+08:00
PO-202509-000783-04,PO-202509-000783,4,MAT-0093,3687,1518,885.66,3265428.42,WH-03,2025-10-24T10:58:00+08:00
PO-202511-000784-01,PO-202511-000784,1,MAT-0135,5562,5562,31.13,173145.06,WH-06,2025-12-21T00:15:00+08:00
PO-202506-000785-01,PO-202506-000785,1,MAT-0215,6790,3190,70.16,476386.4,WH-01,2025-07-23T18:58:00+08:00
PO-202506-000785-02,PO-202506-000785,2,MAT-0090,1281,246,3.95,5059.95,WH-06,2025-07-25T18:58:00+08:00
PO-202511-000786-01,PO-202511-000786,1,MAT-0230,3281,453,1142.6,3748870.6,WH-03,2025-12-20T11:18:00+08:00
PO-202511-000786-02,PO-202511-000786,2,MAT-0162,4818,3268,51.68,248994.24,WH-04,2025-11-22T11:18:00+08:00
PO-202601-000787-01,PO-202601-000787,1,MAT-0127,8693,1556,1091.54,9488757.22,WH-06,2026-02-15T15:40:00+08:00
PO-202601-000787-02,PO-202601-000787,2,MAT-0197,7725,2665,384.01,2966477.25,WH-04,2026-01-18T15:40:00+08:00
PO-202601-000787-03,PO-202601-000787,3,MAT-0136,377,27,780.71,294327.67,WH-05,2026-01-19T15:40:00+08:00
PO-202601-000787-04,PO-202601-000787,4,MAT-0107,6201,599,421.19,2611799.19,WH-03,2026-01-26T15:40:00+08:00
PO-202508-000788-01,PO-202508-000788,1,MAT-0179,1883,1123,658.7,1240332.1,WH-01,2025-09-06T19:55:00+08:00
PO-202508-000788-02,PO-202508-000788,2,MAT-0015,11936,3189,319.52,3813790.72,WH-01,2025-08-26T19:55:00+08:00
PO-202511-000789-01,PO-202511-000789,1,MAT-0113,3934,3934,105.52,415115.68,WH-04,2025-11-17T10:07:00+08:00
PO-202511-000789-02,PO-202511-000789,2,MAT-0039,7395,7395,1047.13,7743526.35,WH-05,2025-12-15T10:07:00+08:00
PO-202604-000790-01,PO-202604-000790,1,MAT-0029,11378,11378,494.27,5623804.06,WH-03,2026-05-13T17:48:00+08:00
PO-202602-000791-01,PO-202602-000791,1,MAT-0240,1871,1162,140.4,262688.4,WH-02,2026-03-21T11:29:00+08:00
PO-202602-000791-02,PO-202602-000791,2,MAT-0206,3666,1675,81.22,297752.52,WH-05,2026-03-19T11:29:00+08:00
PO-202602-000791-03,PO-202602-000791,3,MAT-0036,7531,2544,115.22,867721.82,WH-01,2026-03-15T11:29:00+08:00
PO-202506-000792-01,PO-202506-000792,1,MAT-0179,1468,63,664.42,975368.56,WH-01,2025-08-05T10:53:00+08:00
PO-202506-000792-02,PO-202506-000792,2,MAT-0231,605,319,361.96,218985.8,WH-06,2025-07-28T10:53:00+08:00
PO-202605-000793-01,PO-202605-000793,1,MAT-0080,465,465,250.21,116347.65,WH-05,2026-05-29T21:03:00+08:00
PO-202605-000793-02,PO-202605-000793,2,MAT-0212,5963,5963,323.69,1930163.47,WH-06,2026-05-27T21:03:00+08:00
PO-202512-000794-01,PO-202512-000794,1,MAT-0078,9718,3472,206.85,2010168.3,WH-01,2026-01-12T03:11:00+08:00
PO-202512-000794-02,PO-202512-000794,2,MAT-0150,5962,4030,16.98,101234.76,WH-05,2025-12-21T03:11:00+08:00
PO-202512-000794-03,PO-202512-000794,3,MAT-0069,6336,921,502.0,3180672.0,WH-02,2026-01-06T03:11:00+08:00
PO-202512-000794-04,PO-202512-000794,4,MAT-0012,10982,2748,760.28,8349394.96,WH-02,2026-01-04T03:11:00+08:00
PO-202511-000795-01,PO-202511-000795,1,MAT-0091,1880,1880,74.98,140962.4,WH-04,2025-12-19T13:47:00+08:00
PO-202511-000795-02,PO-202511-000795,2,MAT-0023,7879,7879,446.48,3517815.92,WH-06,2025-12-29T13:47:00+08:00
PO-202510-000796-01,PO-202510-000796,1,MAT-0212,5237,1276,352.02,1843528.74,WH-06,2025-10-29T14:53:00+08:00
PO-202510-000796-02,PO-202510-000796,2,MAT-0185,4575,2029,483.09,2210136.75,WH-01,2025-11-15T14:53:00+08:00
PO-202510-000796-03,PO-202510-000796,3,MAT-0232,7931,411,906.56,7189927.36,WH-02,2025-10-12T14:53:00+08:00
PO-202510-000796-04,PO-202510-000796,4,MAT-0180,5941,3288,192.8,1145424.8,WH-06,2025-11-06T14:53:00+08:00
PO-202506-000797-01,PO-202506-000797,1,MAT-0160,545,545,279.01,152060.45,WH-01,2025-07-13T01:07:00+08:00
PO-202602-000798-01,PO-202602-000798,1,MAT-0229,983,697,340.75,334957.25,WH-05,2026-02-15T08:22:00+08:00
PO-202602-000798-02,PO-202602-000798,2,MAT-0157,1412,244,240.88,340122.56,WH-04,2026-03-01T08:22:00+08:00
PO-202602-000798-03,PO-202602-000798,3,MAT-0063,10746,3283,114.62,1231706.52,WH-05,2026-02-18T08:22:00+08:00
PO-202508-000799-01,PO-202508-000799,1,MAT-0074,5639,5639,15.7,88532.3,WH-02,2025-08-27T10:40:00+08:00
PO-202508-000799-02,PO-202508-000799,2,MAT-0209,5384,5384,1312.18,7064777.12,WH-06,2025-09-11T10:40:00+08:00
PO-202606-000800-01,PO-202606-000800,1,MAT-0148,5192,5192,8.39,43560.88,WH-06,2026-06-15T08:00:00+08:00
PO-202606-000800-02,PO-202606-000800,2,MAT-0002,1075,1075,1170.86,1258674.5,WH-01,2026-06-15T08:00:00+08:00
PO-202601-000801-01,PO-202601-000801,1,MAT-0096,9317,9317,318.05,2963271.85,WH-05,2026-02-19T22:24:00+08:00
PO-202601-000801-02,PO-202601-000801,2,MAT-0125,5498,5498,1028.15,5652768.7,WH-06,2026-02-27T22:24:00+08:00
PO-202601-000801-03,PO-202601-000801,3,MAT-0121,3229,3229,171.56,553967.24,WH-04,2026-02-04T22:24:00+08:00
PO-202601-000801-04,PO-202601-000801,4,MAT-0034,6017,6017,38.25,230150.25,WH-02,2026-02-24T22:24:00+08:00
PO-202604-000802-01,PO-202604-000802,1,MAT-0060,11623,745,553.7,6435655.1,WH-04,2026-05-29T11:49:00+08:00
PO-202603-000803-01,PO-202603-000803,1,MAT-0149,2277,504,168.62,383947.74,WH-01,2026-04-19T17:12:00+08:00
PO-202603-000803-02,PO-202603-000803,2,MAT-0206,4501,1925,83.37,375248.37,WH-03,2026-03-29T17:12:00+08:00
PO-202603-000803-03,PO-202603-000803,3,MAT-0022,8153,2152,85.39,696184.67,WH-06,2026-04-08T17:12:00+08:00
PO-202603-000803-04,PO-202603-000803,4,MAT-0009,9647,3039,57.75,557114.25,WH-02,2026-04-23T17:12:00+08:00
PO-202507-000804-01,PO-202507-000804,1,MAT-0049,7710,4356,4.56,35157.6,WH-03,2025-07-06T20:34:00+08:00
PO-202507-000804-02,PO-202507-000804,2,MAT-0239,8667,4449,485.34,4206441.78,WH-03,2025-07-04T20:34:00+08:00
PO-202507-000804-03,PO-202507-000804,3,MAT-0067,2413,64,71.11,171588.43,WH-01,2025-07-31T20:34:00+08:00
PO-202507-000804-04,PO-202507-000804,4,MAT-0027,10029,6698,578.77,5804484.33,WH-01,2025-07-13T20:34:00+08:00
PO-202509-000805-01,PO-202509-000805,1,MAT-0163,2409,308,442.55,1066102.95,WH-02,2025-10-14T17:47:00+08:00
PO-202512-000806-01,PO-202512-000806,1,MAT-0096,5409,1935,318.05,1720332.45,WH-04,2025-12-28T13:49:00+08:00
PO-202512-000806-02,PO-202512-000806,2,MAT-0023,5956,3754,403.69,2404377.64,WH-02,2026-01-02T13:49:00+08:00
PO-202605-000807-01,PO-202605-000807,1,MAT-0137,10759,10759,934.81,10057620.79,WH-04,2026-06-15T08:00:00+08:00
PO-202511-000808-01,PO-202511-000808,1,MAT-0097,7896,2944,713.55,5634190.8,WH-05,2025-12-03T12:49:00+08:00
PO-202511-000808-02,PO-202511-000808,2,MAT-0212,316,26,396.24,125211.84,WH-03,2025-12-06T12:49:00+08:00
PO-202511-000808-03,PO-202511-000808,3,MAT-0068,9754,6773,135.08,1317570.32,WH-03,2025-12-18T12:49:00+08:00
PO-202511-000808-04,PO-202511-000808,4,MAT-0032,9558,5556,412.73,3944873.34,WH-01,2025-12-23T12:49:00+08:00
PO-202508-000809-01,PO-202508-000809,1,MAT-0073,2811,2811,23.67,66536.37,WH-06,2025-08-19T03:54:00+08:00
PO-202508-000810-01,PO-202508-000810,1,MAT-0101,5295,5295,464.43,2459156.85,WH-02,2025-09-10T19:54:00+08:00
PO-202508-000810-02,PO-202508-000810,2,MAT-0048,2619,2619,19.35,50677.65,WH-05,2025-09-03T19:54:00+08:00
PO-202508-000810-03,PO-202508-000810,3,MAT-0018,104,104,28.33,2946.32,WH-05,2025-09-11T19:54:00+08:00
PO-202508-000810-04,PO-202508-000810,4,MAT-0127,4791,4791,1059.14,5074339.74,WH-03,2025-08-09T19:54:00+08:00
PO-202602-000811-01,PO-202602-000811,1,MAT-0083,659,310,288.86,190358.74,WH-06,2026-03-25T17:28:00+08:00
PO-202603-000812-01,PO-202603-000812,1,MAT-0104,7260,4188,930.59,6756083.4,WH-01,2026-03-26T04:19:00+08:00
PO-202603-000812-02,PO-202603-000812,2,MAT-0147,2763,1159,678.43,1874502.09,WH-01,2026-04-20T04:19:00+08:00
PO-202506-000813-01,PO-202506-000813,1,MAT-0113,7439,3730,89.54,666088.06,WH-05,2025-08-07T07:09:00+08:00
PO-202506-000813-02,PO-202506-000813,2,MAT-0136,11882,5334,794.05,9434902.1,WH-03,2025-07-13T07:09:00+08:00
PO-202506-000813-03,PO-202506-000813,3,MAT-0071,7651,1695,34.16,261358.16,WH-06,2025-07-07T07:09:00+08:00
PO-202507-000814-01,PO-202507-000814,1,MAT-0228,7236,2647,9.16,66281.76,WH-06,2025-09-04T08:52:00+08:00
PO-202507-000814-02,PO-202507-000814,2,MAT-0013,5026,734,1132.96,5694256.96,WH-06,2025-09-04T08:52:00+08:00
PO-202510-000815-01,PO-202510-000815,1,MAT-0208,5832,5832,120.26,701356.32,WH-04,2025-11-20T12:28:00+08:00
PO-202510-000815-02,PO-202510-000815,2,MAT-0057,10299,10299,146.16,1505301.84,WH-02,2025-11-26T12:28:00+08:00
PO-202510-000815-03,PO-202510-000815,3,MAT-0042,4669,4669,466.76,2179302.44,WH-02,2025-10-29T12:28:00+08:00
PO-202507-000816-01,PO-202507-000816,1,MAT-0059,4766,4766,766.52,3653234.32,WH-02,2025-07-29T05:25:00+08:00
PO-202507-000816-02,PO-202507-000816,2,MAT-0200,8411,8411,374.88,3153115.68,WH-04,2025-08-23T05:25:00+08:00
PO-202507-000816-03,PO-202507-000816,3,MAT-0194,1391,1391,13.24,18416.84,WH-02,2025-09-06T05:25:00+08:00
PO-202510-000817-01,PO-202510-000817,1,MAT-0137,10849,10849,997.61,10823070.89,WH-04,2025-10-16T19:04:00+08:00
PO-202510-000817-02,PO-202510-000817,2,MAT-0081,2861,2861,663.41,1898016.01,WH-04,2025-11-04T19:04:00+08:00
PO-202510-000818-01,PO-202510-000818,1,MAT-0052,5015,5015,106.63,534749.45,WH-01,2025-11-27T11:52:00+08:00
PO-202510-000818-02,PO-202510-000818,2,MAT-0127,7463,7463,1171.3,8741411.9,WH-03,2025-11-09T11:52:00+08:00
PO-202510-000818-03,PO-202510-000818,3,MAT-0141,8479,8479,190.59,1616012.61,WH-05,2025-11-10T11:52:00+08:00
PO-202508-000819-01,PO-202508-000819,1,MAT-0021,11066,6006,13.55,149944.3,WH-04,2025-08-27T18:18:00+08:00
PO-202508-000819-02,PO-202508-000819,2,MAT-0028,1280,290,1358.84,1739315.2,WH-02,2025-09-28T18:18:00+08:00
PO-202508-000819-03,PO-202508-000819,3,MAT-0111,5762,3521,49.74,286601.88,WH-01,2025-08-22T18:18:00+08:00
PO-202508-000820-01,PO-202508-000820,1,MAT-0074,5224,5224,15.7,82016.8,WH-01,2025-09-09T15:31:00+08:00
PO-202511-000821-01,PO-202511-000821,1,MAT-0080,8231,8231,189.9,1563066.9,WH-05,2025-11-20T15:10:00+08:00
PO-202511-000821-02,PO-202511-000821,2,MAT-0076,2424,2424,324.05,785497.2,WH-06,2025-12-22T15:10:00+08:00
PO-202511-000821-03,PO-202511-000821,3,MAT-0227,6972,6972,752.63,5247336.36,WH-06,2025-11-20T15:10:00+08:00
PO-202511-000821-04,PO-202511-000821,4,MAT-0102,11949,11949,38.61,461350.89,WH-06,2025-11-20T15:10:00+08:00
PO-202511-000822-01,PO-202511-000822,1,MAT-0168,8451,1104,459.75,3885347.25,WH-04,2025-11-08T08:11:00+08:00
PO-202511-000822-02,PO-202511-000822,2,MAT-0026,1917,1516,942.62,1807002.54,WH-06,2025-12-08T08:11:00+08:00
PO-202511-000822-03,PO-202511-000822,3,MAT-0055,1431,748,571.36,817616.16,WH-06,2025-12-08T08:11:00+08:00
PO-202511-000822-04,PO-202511-000822,4,MAT-0011,1920,38,8.0,15360.0,WH-03,2025-12-17T08:11:00+08:00
PO-202604-000823-01,PO-202604-000823,1,MAT-0048,1278,225,15.71,20077.38,WH-03,2026-05-11T08:22:00+08:00
PO-202604-000823-02,PO-202604-000823,2,MAT-0087,10527,2938,35.43,372971.61,WH-06,2026-05-09T08:22:00+08:00
PO-202512-000824-01,PO-202512-000824,1,MAT-0110,2549,2549,19.3,49195.7,WH-04,2026-02-03T01:23:00+08:00
PO-202512-000824-02,PO-202512-000824,2,MAT-0051,2463,2463,53.58,131967.54,WH-04,2026-01-01T01:23:00+08:00
PO-202512-000824-03,PO-202512-000824,3,MAT-0232,11750,11750,872.41,10250817.5,WH-04,2025-12-29T01:23:00+08:00
PO-202512-000824-04,PO-202512-000824,4,MAT-0031,8360,8360,712.35,5955246.0,WH-03,2026-01-05T01:23:00+08:00
PO-202605-000825-01,PO-202605-000825,1,MAT-0025,6057,1890,824.32,4992906.24,WH-03,2026-05-12T11:20:00+08:00
PO-202605-000825-02,PO-202605-000825,2,MAT-0126,10936,2590,455.43,4980582.48,WH-01,2026-06-12T11:20:00+08:00
PO-202605-000825-03,PO-202605-000825,3,MAT-0079,3044,377,36.81,112049.64,WH-03,2026-05-05T11:20:00+08:00
PO-202507-000826-01,PO-202507-000826,1,MAT-0209,10084,1827,1312.18,13232023.12,WH-03,2025-07-28T11:19:00+08:00
PO-202508-000827-01,PO-202508-000827,1,MAT-0039,163,54,1009.44,164538.72,WH-01,2025-08-27T14:39:00+08:00
PO-202508-000827-02,PO-202508-000827,2,MAT-0203,10960,1307,540.71,5926181.6,WH-06,2025-08-24T14:39:00+08:00
PO-202508-000827-03,PO-202508-000827,3,MAT-0179,9311,418,644.51,6001032.61,WH-05,2025-09-09T14:39:00+08:00
PO-202507-000828-01,PO-202507-000828,1,MAT-0077,2396,831,5.52,13225.92,WH-04,2025-08-06T19:06:00+08:00
PO-202508-000829-01,PO-202508-000829,1,MAT-0084,11144,11144,409.94,4568371.36,WH-01,2025-09-21T13:11:00+08:00
PO-202508-000829-02,PO-202508-000829,2,MAT-0030,6486,6486,26.67,172981.62,WH-01,2025-09-07T13:11:00+08:00
PO-202508-000829-03,PO-202508-000829,3,MAT-0197,8715,8715,328.78,2865317.7,WH-05,2025-09-04T13:11:00+08:00
PO-202508-000829-04,PO-202508-000829,4,MAT-0099,2560,2560,47.97,122803.2,WH-06,2025-09-19T13:11:00+08:00
PO-202510-000830-01,PO-202510-000830,1,MAT-0122,7660,6082,98.6,755276.0,WH-03,2025-10-14T14:16:00+08:00
PO-202510-000830-02,PO-202510-000830,2,MAT-0208,6252,4366,150.58,941426.16,WH-02,2025-11-02T14:16:00+08:00
PO-202510-000830-03,PO-202510-000830,3,MAT-0077,4244,2290,5.64,23936.16,WH-04,2025-10-12T14:16:00+08:00
PO-202511-000831-01,PO-202511-000831,1,MAT-0200,4382,4382,434.03,1901919.46,WH-01,2025-12-02T22:00:00+08:00
PO-202511-000831-02,PO-202511-000831,2,MAT-0004,882,882,422.49,372636.18,WH-06,2025-12-27T22:00:00+08:00
PO-202511-000831-03,PO-202511-000831,3,MAT-0154,11338,11338,105.48,1195932.24,WH-03,2025-12-15T22:00:00+08:00
PO-202511-000831-04,PO-202511-000831,4,MAT-0141,9868,9868,227.47,2244673.96,WH-04,2026-01-11T22:00:00+08:00
PO-202510-000832-01,PO-202510-000832,1,MAT-0105,10817,8303,563.1,6091052.7,WH-04,2025-10-31T07:12:00+08:00
PO-202510-000832-02,PO-202510-000832,2,MAT-0049,10383,4709,4.88,50669.04,WH-01,2025-11-19T07:12:00+08:00
PO-202512-000833-01,PO-202512-000833,1,MAT-0162,11699,4303,52.78,617473.22,WH-05,2026-01-16T15:26:00+08:00
PO-202512-000833-02,PO-202512-000833,2,MAT-0092,4563,2284,141.29,644706.27,WH-05,2026-01-06T15:26:00+08:00
PO-202605-000834-01,PO-202605-000834,1,MAT-0115,1195,1195,369.79,441899.05,WH-02,2026-06-15T08:00:00+08:00
PO-202509-000835-01,PO-202509-000835,1,MAT-0179,7350,4261,658.7,4841445.0,WH-05,2025-09-10T22:55:00+08:00
PO-202605-000836-01,PO-202605-000836,1,MAT-0150,10880,10880,13.77,149817.6,WH-03,2026-05-10T01:13:00+08:00
PO-202605-000836-02,PO-202605-000836,2,MAT-0087,5018,5018,45.7,229322.6,WH-03,2026-05-27T01:13:00+08:00
PO-202510-000837-01,PO-202510-000837,1,MAT-0214,10438,3395,169.29,1767049.02,WH-06,2025-10-11T04:22:00+08:00
PO-202510-000837-02,PO-202510-000837,2,MAT-0087,7965,159,40.27,320750.55,WH-03,2025-10-22T04:22:00+08:00
PO-202510-000837-03,PO-202510-000837,3,MAT-0045,3380,873,24.75,83655.0,WH-02,2025-10-23T04:22:00+08:00
PO-202510-000837-04,PO-202510-000837,4,MAT-0063,3379,2034,106.31,359221.49,WH-06,2025-10-13T04:22:00+08:00
PO-202508-000838-01,PO-202508-000838,1,MAT-0052,3781,3781,89.16,337113.96,WH-05,2025-09-21T20:11:00+08:00
PO-202508-000839-01,PO-202508-000839,1,MAT-0199,11029,2119,678.85,7487036.65,WH-02,2025-09-14T14:40:00+08:00
PO-202508-000839-02,PO-202508-000839,2,MAT-0106,5520,2590,775.88,4282857.6,WH-02,2025-10-10T14:40:00+08:00
PO-202508-000839-03,PO-202508-000839,3,MAT-0021,8558,5556,10.49,89773.42,WH-01,2025-09-13T14:40:00+08:00
PO-202508-000839-04,PO-202508-000839,4,MAT-0207,2541,782,270.68,687797.88,WH-01,2025-09-29T14:40:00+08:00
PO-202507-000840-01,PO-202507-000840,1,MAT-0033,11613,11613,148.95,1729756.35,WH-04,2025-08-17T12:37:00+08:00
PO-202506-000841-01,PO-202506-000841,1,MAT-0072,7597,5247,956.09,7263415.73,WH-02,2025-08-06T14:42:00+08:00
PO-202506-000841-02,PO-202506-000841,2,MAT-0232,2845,244,1010.43,2874673.35,WH-01,2025-08-06T14:42:00+08:00
PO-202506-000841-03,PO-202506-000841,3,MAT-0035,6889,1528,9.68,66685.52,WH-04,2025-06-26T14:42:00+08:00
PO-202506-000841-04,PO-202506-000841,4,MAT-0111,454,92,48.12,21846.48,WH-02,2025-07-24T14:42:00+08:00
PO-202605-000842-01,PO-202605-000842,1,MAT-0181,11165,2752,242.47,2707177.55,WH-02,2026-06-01T13:47:00+08:00
PO-202510-000843-01,PO-202510-000843,1,MAT-0041,2160,2160,326.31,704829.6,WH-05,2025-11-21T08:47:00+08:00
PO-202510-000843-02,PO-202510-000843,2,MAT-0167,4431,4431,87.51,387756.81,WH-05,2025-11-28T08:47:00+08:00
PO-202510-000843-03,PO-202510-000843,3,MAT-0110,2078,2078,18.8,39066.4,WH-04,2025-11-12T08:47:00+08:00
PO-202510-000843-04,PO-202510-000843,4,MAT-0172,3332,3332,713.36,2376915.52,WH-03,2025-11-29T08:47:00+08:00
PO-202509-000844-01,PO-202509-000844,1,MAT-0087,2834,2196,38.82,110015.88,WH-03,2025-09-11T13:30:00+08:00
PO-202512-000845-01,PO-202512-000845,1,MAT-0139,442,178,203.51,89951.42,WH-06,2026-01-04T11:36:00+08:00
PO-202512-000845-02,PO-202512-000845,2,MAT-0227,3787,379,872.66,3304763.42,WH-05,2025-12-23T11:36:00+08:00
PO-202507-000846-01,PO-202507-000846,1,MAT-0044,4696,3316,16.16,75887.36,WH-03,2025-08-18T04:29:00+08:00
PO-202507-000846-02,PO-202507-000846,2,MAT-0026,5830,379,975.77,5688739.1,WH-03,2025-08-29T04:29:00+08:00
PO-202507-000846-03,PO-202507-000846,3,MAT-0184,701,68,313.06,219455.06,WH-02,2025-08-20T04:29:00+08:00
PO-202601-000847-01,PO-202601-000847,1,MAT-0141,10495,10495,227.47,2387297.65,WH-01,2026-02-19T01:51:00+08:00
PO-202512-000848-01,PO-202512-000848,1,MAT-0193,5552,5552,175.11,972210.72,WH-04,2026-01-19T19:56:00+08:00
PO-202512-000848-02,PO-202512-000848,2,MAT-0208,5816,5816,120.26,699432.16,WH-01,2026-01-16T19:56:00+08:00
PO-202512-000848-03,PO-202512-000848,3,MAT-0098,3391,3391,108.32,367313.12,WH-03,2026-01-01T19:56:00+08:00
PO-202512-000848-04,PO-202512-000848,4,MAT-0157,11857,11857,243.72,2889788.04,WH-05,2026-01-06T19:56:00+08:00
PO-202511-000849-01,PO-202511-000849,1,MAT-0090,5933,5933,4.92,29190.36,WH-06,2025-12-01T17:54:00+08:00
PO-202511-000849-02,PO-202511-000849,2,MAT-0136,10330,10330,734.08,7583046.4,WH-04,2025-11-21T17:54:00+08:00
PO-202511-000849-03,PO-202511-000849,3,MAT-0040,1255,1255,30.11,37788.05,WH-05,2025-12-22T17:54:00+08:00
PO-202511-000849-04,PO-202511-000849,4,MAT-0206,4406,4406,90.52,398831.12,WH-04,2025-11-22T17:54:00+08:00
PO-202511-000850-01,PO-202511-000850,1,MAT-0173,10889,10889,981.06,10682762.34,WH-03,2025-11-24T13:19:00+08:00
PO-202511-000850-02,PO-202511-000850,2,MAT-0219,10335,10335,22.83,235948.05,WH-02,2025-11-18T13:19:00+08:00
PO-202511-000850-03,PO-202511-000850,3,MAT-0231,7339,7339,361.96,2656424.44,WH-04,2025-11-30T13:19:00+08:00
PO-202510-000851-01,PO-202510-000851,1,MAT-0026,8355,8355,895.79,7484325.45,WH-03,2025-11-11T04:39:00+08:00
PO-202510-000851-02,PO-202510-000851,2,MAT-0211,2087,2087,1085.25,2264916.75,WH-01,2025-12-04T04:39:00+08:00
PO-202510-000851-03,PO-202510-000851,3,MAT-0179,3228,3228,664.42,2144747.76,WH-06,2025-11-10T04:39:00+08:00
PO-202510-000852-01,PO-202510-000852,1,MAT-0098,4974,1633,84.3,419308.2,WH-04,2025-12-07T03:23:00+08:00
PO-202510-000852-02,PO-202510-000852,2,MAT-0090,8915,2166,3.61,32183.15,WH-04,2025-11-24T03:23:00+08:00
PO-202510-000852-03,PO-202510-000852,3,MAT-0059,11155,2034,804.3,8971966.5,WH-03,2025-11-01T03:23:00+08:00
PO-202510-000852-04,PO-202510-000852,4,MAT-0085,3454,2237,467.45,1614572.3,WH-04,2025-11-17T03:23:00+08:00
PO-202510-000853-01,PO-202510-000853,1,MAT-0023,5800,438,403.69,2341402.0,WH-03,2025-11-14T01:06:00+08:00
PO-202510-000853-02,PO-202510-000853,2,MAT-0125,3821,1569,1028.15,3928561.15,WH-05,2025-10-20T01:06:00+08:00
PO-202510-000853-03,PO-202510-000853,3,MAT-0121,2424,392,171.56,415861.44,WH-03,2025-11-04T01:06:00+08:00
PO-202509-000854-01,PO-202509-000854,1,MAT-0206,1534,851,81.84,125542.56,WH-06,2025-10-06T20:55:00+08:00
PO-202509-000854-02,PO-202509-000854,2,MAT-0222,8572,4264,554.16,4750259.52,WH-04,2025-10-01T20:55:00+08:00
PO-202509-000854-03,PO-202509-000854,3,MAT-0031,791,211,715.02,565580.82,WH-04,2025-10-06T20:55:00+08:00
PO-202606-000855-01,PO-202606-000855,1,MAT-0071,4095,215,29.33,120106.35,WH-03,2026-06-15T08:00:00+08:00
PO-202510-000856-01,PO-202510-000856,1,MAT-0240,8189,1726,140.4,1149735.6,WH-01,2025-11-29T08:52:00+08:00
PO-202602-000857-01,PO-202602-000857,1,MAT-0150,3476,3476,16.98,59022.48,WH-02,2026-02-25T22:29:00+08:00
PO-202602-000857-02,PO-202602-000857,2,MAT-0078,2270,2270,206.85,469549.5,WH-01,2026-03-28T22:29:00+08:00
PO-202602-000857-03,PO-202602-000857,3,MAT-0182,11116,11116,330.69,3675950.04,WH-04,2026-02-24T22:29:00+08:00
PO-202602-000857-04,PO-202602-000857,4,MAT-0012,2307,2307,760.28,1753965.96,WH-05,2026-04-01T22:29:00+08:00
PO-202507-000858-01,PO-202507-000858,1,MAT-0067,858,858,63.05,54096.9,WH-06,2025-08-18T11:22:00+08:00
PO-202507-000858-02,PO-202507-000858,2,MAT-0136,11861,11861,852.81,10115179.41,WH-06,2025-08-02T11:22:00+08:00
PO-202511-000859-01,PO-202511-000859,1,MAT-0073,4226,831,22.5,95085.0,WH-03,2025-12-01T02:54:00+08:00
PO-202506-000860-01,PO-202506-000860,1,MAT-0135,9252,9252,41.92,387843.84,WH-03,2025-07-06T01:09:00+08:00
PO-202602-000861-01,PO-202602-000861,1,MAT-0043,5516,18,263.03,1450873.48,WH-06,2026-04-09T11:14:00+08:00
PO-202508-000862-01,PO-202508-000862,1,MAT-0071,3022,3022,33.03,99816.66,WH-05,2025-09-14T16:02:00+08:00
PO-202508-000862-02,PO-202508-000862,2,MAT-0035,4415,4415,9.68,42737.2,WH-05,2025-09-13T16:02:00+08:00
PO-202508-000862-03,PO-202508-000862,3,MAT-0129,5582,5582,538.96,3008474.72,WH-05,2025-08-17T16:02:00+08:00
PO-202508-000862-04,PO-202508-000862,4,MAT-0199,11719,11719,677.99,7945364.81,WH-05,2025-08-15T16:02:00+08:00
PO-202507-000863-01,PO-202507-000863,1,MAT-0196,7285,741,72.69,529546.65,WH-06,2025-08-14T07:49:00+08:00
PO-202507-000863-02,PO-202507-000863,2,MAT-0067,8951,6035,63.05,564360.55,WH-03,2025-08-07T07:49:00+08:00
PO-202507-000863-03,PO-202507-000863,3,MAT-0191,9354,1109,398.83,3730655.82,WH-01,2025-08-08T07:49:00+08:00
PO-202512-000864-01,PO-202512-000864,1,MAT-0102,9890,1845,43.84,433577.6,WH-05,2025-12-31T18:56:00+08:00
PO-202512-000864-02,PO-202512-000864,2,MAT-0196,11140,8475,72.69,809766.6,WH-04,2026-01-18T18:56:00+08:00
PO-202510-000865-01,PO-202510-000865,1,MAT-0161,11958,11958,431.11,5155213.38,WH-02,2025-11-10T23:11:00+08:00
PO-202510-000865-02,PO-202510-000865,2,MAT-0180,9291,9291,177.05,1644971.55,WH-03,2025-10-26T23:11:00+08:00
PO-202510-000865-03,PO-202510-000865,3,MAT-0056,646,646,342.13,221015.98,WH-04,2025-10-10T23:11:00+08:00
PO-202602-000866-01,PO-202602-000866,1,MAT-0111,3653,2910,49.74,181700.22,WH-01,2026-03-21T17:42:00+08:00
PO-202602-000866-02,PO-202602-000866,2,MAT-0165,240,178,413.39,99213.6,WH-03,2026-03-16T17:42:00+08:00
PO-202509-000867-01,PO-202509-000867,1,MAT-0187,5731,5731,29.55,169351.05,WH-05,2025-10-04T08:59:00+08:00
PO-202509-000867-02,PO-202509-000867,2,MAT-0180,10519,10519,164.91,1734688.29,WH-06,2025-10-25T08:59:00+08:00
PO-202509-000867-03,PO-202509-000867,3,MAT-0102,7747,7747,38.61,299111.67,WH-03,2025-10-13T08:59:00+08:00
PO-202603-000868-01,PO-202603-000868,1,MAT-0230,9561,1063,840.98,8040609.78,WH-05,2026-04-01T06:37:00+08:00
PO-202603-000868-02,PO-202603-000868,2,MAT-0023,2421,988,424.56,1027859.76,WH-06,2026-05-07T06:37:00+08:00
PO-202603-000868-03,PO-202603-000868,3,MAT-0044,3925,3035,16.38,64291.5,WH-05,2026-04-23T06:37:00+08:00
PO-202603-000869-01,PO-202603-000869,1,MAT-0027,7626,2459,637.57,4862108.82,WH-05,2026-05-04T09:52:00+08:00
PO-202604-000870-01,PO-202604-000870,1,MAT-0165,6365,6365,328.14,2088611.1,WH-05,2026-04-28T06:02:00+08:00
PO-202604-000870-02,PO-202604-000870,2,MAT-0101,1375,1375,449.47,618021.25,WH-03,2026-05-28T06:02:00+08:00
PO-202604-000871-01,PO-202604-000871,1,MAT-0110,1807,1807,18.8,33971.6,WH-06,2026-04-23T10:24:00+08:00
PO-202508-000872-01,PO-202508-000872,1,MAT-0125,1939,310,1047.09,2030307.51,WH-06,2025-10-04T11:37:00+08:00
PO-202508-000872-02,PO-202508-000872,2,MAT-0095,6902,1914,361.39,2494313.78,WH-03,2025-09-10T11:37:00+08:00
PO-202510-000873-01,PO-202510-000873,1,MAT-0015,267,152,294.84,78722.28,WH-02,2025-11-02T12:49:00+08:00
PO-202510-000873-02,PO-202510-000873,2,MAT-0154,5155,1975,97.39,502045.45,WH-03,2025-11-15T12:49:00+08:00
PO-202508-000874-01,PO-202508-000874,1,MAT-0107,5588,5588,368.41,2058675.08,WH-03,2025-08-20T16:21:00+08:00
PO-202508-000874-02,PO-202508-000874,2,MAT-0010,2448,2448,738.02,1806672.96,WH-06,2025-09-09T16:21:00+08:00
PO-202602-000875-01,PO-202602-000875,1,MAT-0238,1318,380,126.45,166661.1,WH-01,2026-03-01T00:32:00+08:00
PO-202602-000875-02,PO-202602-000875,2,MAT-0045,2551,496,23.88,60917.88,WH-02,2026-03-12T00:32:00+08:00
PO-202602-000875-03,PO-202602-000875,3,MAT-0115,6923,2312,332.3,2300512.9,WH-06,2026-03-13T00:32:00+08:00
PO-202602-000875-04,PO-202602-000875,4,MAT-0071,2854,53,26.69,76173.26,WH-05,2026-03-18T00:32:00+08:00
PO-202601-000876-01,PO-202601-000876,1,MAT-0152,1098,1098,484.99,532519.02,WH-02,2026-01-27T22:11:00+08:00
PO-202601-000876-02,PO-202601-000876,2,MAT-0213,8050,8050,305.48,2459114.0,WH-04,2026-02-01T22:11:00+08:00
PO-202601-000876-03,PO-202601-000876,3,MAT-0192,3745,3745,80.14,300124.3,WH-06,2026-03-10T22:11:00+08:00
PO-202601-000876-04,PO-202601-000876,4,MAT-0011,7618,7618,9.17,69857.06,WH-06,2026-02-05T22:11:00+08:00
PO-202606-000877-01,PO-202606-000877,1,MAT-0215,7807,397,70.16,547739.12,WH-04,2026-06-15T08:00:00+08:00
PO-202606-000877-02,PO-202606-000877,2,MAT-0131,7410,3725,512.19,3795327.9,WH-03,2026-06-15T08:00:00+08:00
PO-202606-000877-03,PO-202606-000877,3,MAT-0051,9552,2872,45.75,437004.0,WH-01,2026-06-13T05:33:00+08:00
PO-202606-000877-04,PO-202606-000877,4,MAT-0140,5453,791,160.75,876569.75,WH-02,2026-06-15T08:00:00+08:00
PO-202509-000878-01,PO-202509-000878,1,MAT-0154,3410,484,79.32,270481.2,WH-04,2025-09-06T12:02:00+08:00
PO-202509-000878-02,PO-202509-000878,2,MAT-0232,9420,829,906.56,8539795.2,WH-05,2025-09-11T12:02:00+08:00
PO-202509-000878-03,PO-202509-000878,3,MAT-0071,4182,2939,34.16,142857.12,WH-05,2025-09-07T12:02:00+08:00
PO-202509-000878-04,PO-202509-000878,4,MAT-0094,8710,2725,209.66,1826138.6,WH-03,2025-09-24T12:02:00+08:00
PO-202506-000879-01,PO-202506-000879,1,MAT-0169,8420,8420,34.88,293689.6,WH-04,2025-07-02T17:22:00+08:00
PO-202603-000880-01,PO-202603-000880,1,MAT-0227,9751,9751,970.77,9465978.27,WH-06,2026-04-05T09:13:00+08:00
PO-202603-000880-02,PO-202603-000880,2,MAT-0028,6799,6799,1346.74,9156485.26,WH-01,2026-03-29T09:13:00+08:00
PO-202603-000880-03,PO-202603-000880,3,MAT-0231,2230,2230,351.2,783176.0,WH-01,2026-04-21T09:13:00+08:00
PO-202511-000881-01,PO-202511-000881,1,MAT-0117,9914,7749,175.08,1735743.12,WH-04,2025-12-30T12:46:00+08:00
PO-202511-000881-02,PO-202511-000881,2,MAT-0123,3219,965,135.01,434597.19,WH-01,2025-11-26T12:46:00+08:00
PO-202508-000882-01,PO-202508-000882,1,MAT-0024,9450,1061,18.34,173313.0,WH-06,2025-08-29T21:13:00+08:00
PO-202508-000882-02,PO-202508-000882,2,MAT-0109,8510,5823,35.75,304232.5,WH-05,2025-09-02T21:13:00+08:00
PO-202510-000883-01,PO-202510-000883,1,MAT-0239,9727,4004,561.73,5463947.71,WH-03,2025-10-19T10:09:00+08:00
PO-202510-000883-02,PO-202510-000883,2,MAT-0115,3490,1526,362.79,1266137.1,WH-04,2025-10-27T10:09:00+08:00
PO-202604-000884-01,PO-202604-000884,1,MAT-0028,1791,560,1358.84,2433682.44,WH-01,2026-05-19T14:13:00+08:00
PO-202604-000884-02,PO-202604-000884,2,MAT-0111,3147,2194,49.74,156531.78,WH-04,2026-06-03T14:13:00+08:00
PO-202604-000884-03,PO-202604-000884,3,MAT-0146,10850,8506,476.9,5174365.0,WH-03,2026-04-25T14:13:00+08:00
PO-202602-000885-01,PO-202602-000885,1,MAT-0167,7852,5570,95.32,748452.64,WH-05,2026-03-12T13:15:00+08:00
PO-202602-000885-02,PO-202602-000885,2,MAT-0120,9836,6026,15.07,148228.52,WH-06,2026-02-10T13:15:00+08:00
PO-202509-000886-01,PO-202509-000886,1,MAT-0090,10730,10730,3.95,42383.5,WH-04,2025-09-24T19:10:00+08:00
PO-202509-000886-02,PO-202509-000886,2,MAT-0218,11979,11979,143.16,1714913.64,WH-01,2025-10-16T19:10:00+08:00
PO-202601-000887-01,PO-202601-000887,1,MAT-0231,11791,11791,361.96,4267870.36,WH-01,2026-02-06T15:16:00+08:00
PO-202601-000887-02,PO-202601-000887,2,MAT-0226,6663,6663,283.68,1890159.84,WH-03,2026-01-20T15:16:00+08:00
PO-202507-000888-01,PO-202507-000888,1,MAT-0069,4320,687,493.44,2131660.8,WH-06,2025-08-29T18:18:00+08:00
PO-202507-000889-01,PO-202507-000889,1,MAT-0089,2093,994,252.23,527917.39,WH-04,2025-07-18T18:24:00+08:00
PO-202507-000889-02,PO-202507-000889,2,MAT-0157,4618,287,240.88,1112383.84,WH-02,2025-07-31T18:24:00+08:00
PO-202507-000889-03,PO-202507-000889,3,MAT-0217,9612,3021,360.36,3463780.32,WH-02,2025-07-12T18:24:00+08:00
PO-202605-000890-01,PO-202605-000890,1,MAT-0107,2023,2023,386.01,780898.23,WH-02,2026-06-15T08:00:00+08:00
PO-202508-000891-01,PO-202508-000891,1,MAT-0150,1703,1703,13.77,23450.31,WH-05,2025-08-27T13:13:00+08:00
PO-202508-000891-02,PO-202508-000891,2,MAT-0024,3888,3888,18.15,70567.2,WH-05,2025-09-07T13:13:00+08:00
PO-202508-000891-03,PO-202508-000891,3,MAT-0043,2125,2125,291.92,620330.0,WH-02,2025-08-19T13:13:00+08:00
PO-202510-000892-01,PO-202510-000892,1,MAT-0072,5760,5760,918.4,5289984.0,WH-05,2025-11-09T06:29:00+08:00
PO-202510-000892-02,PO-202510-000892,2,MAT-0215,6619,6619,74.16,490865.04,WH-02,2025-11-10T06:29:00+08:00
PO-202510-000892-03,PO-202510-000892,3,MAT-0132,6577,6577,50.55,332467.35,WH-04,2025-10-25T06:29:00+08:00
PO-202603-000893-01,PO-202603-000893,1,MAT-0081,7216,3852,647.78,4674380.48,WH-06,2026-03-31T18:15:00+08:00
PO-202603-000893-02,PO-202603-000893,2,MAT-0231,9030,2068,361.96,3268498.8,WH-05,2026-04-08T18:15:00+08:00
PO-202511-000894-01,PO-202511-000894,1,MAT-0005,9052,9052,423.0,3828996.0,WH-01,2025-12-01T17:18:00+08:00
PO-202511-000894-02,PO-202511-000894,2,MAT-0181,11048,11048,242.47,2678808.56,WH-03,2025-12-01T17:18:00+08:00
PO-202511-000894-03,PO-202511-000894,3,MAT-0187,11669,11669,32.84,383209.96,WH-05,2025-11-18T17:18:00+08:00
PO-202511-000894-04,PO-202511-000894,4,MAT-0025,3789,3789,925.39,3506302.71,WH-03,2025-11-20T17:18:00+08:00
PO-202601-000895-01,PO-202601-000895,1,MAT-0031,11182,11182,712.35,7965497.7,WH-01,2026-01-15T05:31:00+08:00
PO-202601-000895-02,PO-202601-000895,2,MAT-0038,11581,11581,640.66,7419483.46,WH-06,2026-02-26T05:31:00+08:00
PO-202511-000896-01,PO-202511-000896,1,MAT-0150,541,541,13.77,7449.57,WH-03,2025-12-16T20:07:00+08:00
PO-202511-000896-02,PO-202511-000896,2,MAT-0077,1606,1606,6.82,10952.92,WH-01,2025-11-12T20:07:00+08:00
PO-202506-000897-01,PO-202506-000897,1,MAT-0097,3621,2240,747.22,2705683.62,WH-02,2025-08-07T06:26:00+08:00
PO-202506-000897-02,PO-202506-000897,2,MAT-0226,7678,242,302.52,2322748.56,WH-03,2025-07-16T06:26:00+08:00
PO-202506-000897-03,PO-202506-000897,3,MAT-0153,11330,873,370.42,4196858.6,WH-04,2025-07-22T06:26:00+08:00
PO-202506-000897-04,PO-202506-000897,4,MAT-0140,7789,3261,156.35,1217810.15,WH-03,2025-07-25T06:26:00+08:00
PO-202510-000898-01,PO-202510-000898,1,MAT-0031,8217,1858,712.35,5853379.95,WH-04,2025-11-01T21:07:00+08:00
PO-202510-000898-02,PO-202510-000898,2,MAT-0139,7372,3081,246.39,1816387.08,WH-06,2025-11-04T21:07:00+08:00
PO-202510-000898-03,PO-202510-000898,3,MAT-0205,4839,1893,283.77,1373163.03,WH-03,2025-10-19T21:07:00+08:00
PO-202601-000899-01,PO-202601-000899,1,MAT-0106,7291,2851,787.04,5738308.64,WH-02,2026-02-19T01:39:00+08:00
PO-202601-000899-02,PO-202601-000899,2,MAT-0050,1483,926,788.34,1169108.22,WH-01,2026-01-14T01:39:00+08:00
PO-202601-000899-03,PO-202601-000899,3,MAT-0141,8043,1835,190.59,1532915.37,WH-03,2026-02-16T01:39:00+08:00
PO-202601-000899-04,PO-202601-000899,4,MAT-0214,8851,2781,168.84,1494402.84,WH-03,2026-02-18T01:39:00+08:00
PO-202512-000900-01,PO-202512-000900,1,MAT-0182,6849,6849,438.22,3001368.78,WH-01,2026-01-20T07:15:00+08:00
PO-202512-000900-02,PO-202512-000900,2,MAT-0234,1968,1968,160.07,315017.76,WH-01,2026-01-03T07:15:00+08:00
PO-202512-000900-03,PO-202512-000900,3,MAT-0179,7060,7060,644.51,4550240.6,WH-06,2026-01-22T07:15:00+08:00
PO-202512-000900-04,PO-202512-000900,4,MAT-0218,10256,10256,154.05,1579936.8,WH-04,2026-01-05T07:15:00+08:00
PO-202602-000901-01,PO-202602-000901,1,MAT-0239,8500,3148,561.73,4774705.0,WH-06,2026-03-02T21:18:00+08:00
PO-202508-000902-01,PO-202508-000902,1,MAT-0118,1096,1096,378.42,414748.32,WH-04,2025-08-29T15:26:00+08:00
PO-202508-000902-02,PO-202508-000902,2,MAT-0090,6548,6548,4.44,29073.12,WH-02,2025-09-13T15:26:00+08:00
PO-202508-000902-03,PO-202508-000902,3,MAT-0111,5921,5921,48.96,289892.16,WH-01,2025-09-08T15:26:00+08:00
PO-202508-000902-04,PO-202508-000902,4,MAT-0020,8284,8284,263.57,2183413.88,WH-04,2025-08-30T15:26:00+08:00
PO-202507-000903-01,PO-202507-000903,1,MAT-0107,6235,6235,391.57,2441438.95,WH-03,2025-08-22T22:55:00+08:00
PO-202507-000903-02,PO-202507-000903,2,MAT-0002,548,548,1041.31,570637.88,WH-06,2025-08-04T22:55:00+08:00
PO-202508-000904-01,PO-202508-000904,1,MAT-0126,9223,9223,498.15,4594437.45,WH-06,2025-10-03T22:47:00+08:00
PO-202508-000904-02,PO-202508-000904,2,MAT-0036,5321,5321,115.22,613085.62,WH-03,2025-09-22T22:47:00+08:00
PO-202508-000904-03,PO-202508-000904,3,MAT-0064,10280,10280,95.16,978244.8,WH-04,2025-09-24T22:47:00+08:00
PO-202508-000905-01,PO-202508-000905,1,MAT-0137,788,788,945.53,745077.64,WH-05,2025-08-27T23:58:00+08:00
PO-202510-000906-01,PO-202510-000906,1,MAT-0028,11373,4211,1358.84,15454087.32,WH-05,2025-11-03T14:26:00+08:00
PO-202605-000907-01,PO-202605-000907,1,MAT-0033,817,214,176.51,144208.67,WH-03,2026-05-29T15:21:00+08:00
PO-202605-000907-02,PO-202605-000907,2,MAT-0164,7567,3317,720.82,5454444.94,WH-05,2026-06-11T15:21:00+08:00
PO-202605-000908-01,PO-202605-000908,1,MAT-0170,8861,8861,183.41,1625196.01,WH-02,2026-05-23T00:14:00+08:00
PO-202605-000908-02,PO-202605-000908,2,MAT-0074,9462,9462,17.14,162178.68,WH-01,2026-05-22T00:14:00+08:00
PO-202508-000909-01,PO-202508-000909,1,MAT-0019,8231,5617,28.14,231620.34,WH-02,2025-09-19T14:38:00+08:00
PO-202508-000909-02,PO-202508-000909,2,MAT-0097,8513,1789,973.6,8288256.8,WH-06,2025-08-15T14:38:00+08:00
PO-202508-000909-03,PO-202508-000909,3,MAT-0120,238,50,16.96,4036.48,WH-01,2025-08-12T14:38:00+08:00
PO-202508-000909-04,PO-202508-000909,4,MAT-0125,4110,1114,760.89,3127257.9,WH-01,2025-09-03T14:38:00+08:00
PO-202509-000910-01,PO-202509-000910,1,MAT-0185,1467,650,483.09,708693.03,WH-03,2025-09-16T16:58:00+08:00
PO-202509-000910-02,PO-202509-000910,2,MAT-0136,11231,6946,794.05,8917975.55,WH-06,2025-09-20T16:58:00+08:00
PO-202606-000911-01,PO-202606-000911,1,MAT-0012,4346,4346,790.12,3433861.52,WH-03,2026-06-05T16:57:00+08:00
PO-202511-000912-01,PO-202511-000912,1,MAT-0167,2401,2401,87.51,210111.51,WH-03,2025-11-21T09:52:00+08:00
PO-202511-000912-02,PO-202511-000912,2,MAT-0092,10949,10949,141.29,1546984.21,WH-03,2025-12-13T09:52:00+08:00
PO-202511-000912-03,PO-202511-000912,3,MAT-0054,1258,1258,739.98,930894.84,WH-01,2025-12-09T09:52:00+08:00
PO-202602-000913-01,PO-202602-000913,1,MAT-0189,3314,179,935.52,3100313.28,WH-05,2026-03-17T05:14:00+08:00
PO-202602-000913-02,PO-202602-000913,2,MAT-0147,6863,4516,605.73,4157124.99,WH-05,2026-02-23T05:14:00+08:00
PO-202602-000913-03,PO-202602-000913,3,MAT-0122,2584,1952,98.6,254782.4,WH-03,2026-03-25T05:14:00+08:00
PO-202602-000913-04,PO-202602-000913,4,MAT-0220,2421,326,330.68,800576.28,WH-05,2026-03-18T05:14:00+08:00
PO-202509-000914-01,PO-202509-000914,1,MAT-0088,2156,1573,533.09,1149342.04,WH-06,2025-10-06T22:04:00+08:00
PO-202509-000914-02,PO-202509-000914,2,MAT-0154,1397,769,105.48,147355.56,WH-06,2025-09-29T22:04:00+08:00
PO-202511-000915-01,PO-202511-000915,1,MAT-0205,2197,650,286.81,630121.57,WH-01,2025-12-12T20:43:00+08:00
PO-202511-000915-02,PO-202511-000915,2,MAT-0239,240,181,477.63,114631.2,WH-02,2025-11-29T20:43:00+08:00
PO-202511-000915-03,PO-202511-000915,3,MAT-0076,8464,1168,299.46,2534629.44,WH-06,2026-01-03T20:43:00+08:00
PO-202511-000915-04,PO-202511-000915,4,MAT-0003,10381,2666,252.18,2617880.58,WH-01,2026-01-05T20:43:00+08:00
PO-202508-000916-01,PO-202508-000916,1,MAT-0120,5124,5124,19.41,99456.84,WH-03,2025-09-07T18:07:00+08:00
PO-202508-000916-02,PO-202508-000916,2,MAT-0202,8412,8412,460.67,3875156.04,WH-01,2025-09-13T18:07:00+08:00
PO-202508-000916-03,PO-202508-000916,3,MAT-0131,6714,6714,472.7,3173707.8,WH-05,2025-10-03T18:07:00+08:00
PO-202507-000917-01,PO-202507-000917,1,MAT-0116,10164,10164,95.73,972999.72,WH-02,2025-08-11T16:44:00+08:00
PO-202507-000917-02,PO-202507-000917,2,MAT-0205,781,781,321.72,251263.32,WH-06,2025-07-20T16:44:00+08:00
PO-202512-000918-01,PO-202512-000918,1,MAT-0098,5973,475,84.3,503523.9,WH-06,2025-12-10T17:47:00+08:00
PO-202512-000918-02,PO-202512-000918,2,MAT-0016,2831,272,254.0,719074.0,WH-05,2025-12-02T17:47:00+08:00
PO-202512-000918-03,PO-202512-000918,3,MAT-0150,10871,6749,15.79,171653.09,WH-04,2026-01-04T17:47:00+08:00
PO-202507-000919-01,PO-202507-000919,1,MAT-0156,5681,5681,20.58,116914.98,WH-06,2025-08-06T00:25:00+08:00
PO-202507-000919-02,PO-202507-000919,2,MAT-0213,5197,5197,345.89,1797590.33,WH-05,2025-08-15T00:25:00+08:00
PO-202507-000919-03,PO-202507-000919,3,MAT-0176,6651,6651,1059.74,7048330.74,WH-03,2025-08-21T00:25:00+08:00
PO-202507-000919-04,PO-202507-000919,4,MAT-0200,5332,5332,374.88,1998860.16,WH-04,2025-07-22T00:25:00+08:00
PO-202601-000920-01,PO-202601-000920,1,MAT-0117,6317,6317,238.62,1507362.54,WH-05,2026-01-21T15:07:00+08:00
PO-202601-000920-02,PO-202601-000920,2,MAT-0099,4759,4759,47.97,228289.23,WH-04,2026-02-21T15:07:00+08:00
PO-202605-000921-01,PO-202605-000921,1,MAT-0120,8506,8506,16.31,138732.86,WH-06,2026-05-29T21:50:00+08:00
PO-202601-000922-01,PO-202601-000922,1,MAT-0007,449,449,1042.39,468033.11,WH-04,2026-01-21T23:11:00+08:00
PO-202511-000923-01,PO-202511-000923,1,MAT-0001,6750,2984,180.81,1220467.5,WH-05,2025-12-06T18:29:00+08:00
PO-202511-000923-02,PO-202511-000923,2,MAT-0201,6146,4379,497.42,3057143.32,WH-06,2025-12-31T18:29:00+08:00
PO-202511-000923-03,PO-202511-000923,3,MAT-0007,5773,850,1057.33,6103966.09,WH-03,2025-12-27T18:29:00+08:00
PO-202506-000924-01,PO-202506-000924,1,MAT-0064,11923,11923,107.24,1278622.52,WH-06,2025-07-04T12:36:00+08:00
PO-202506-000924-02,PO-202506-000924,2,MAT-0187,9737,9737,29.55,287728.35,WH-05,2025-06-18T12:36:00+08:00
PO-202506-000924-03,PO-202506-000924,3,MAT-0076,10934,10934,324.05,3543162.7,WH-06,2025-07-09T12:36:00+08:00
PO-202605-000925-01,PO-202605-000925,1,MAT-0190,9402,9402,168.92,1588185.84,WH-06,2026-06-15T08:00:00+08:00
PO-202508-000926-01,PO-202508-000926,1,MAT-0010,735,735,849.95,624713.25,WH-02,2025-10-04T06:52:00+08:00
PO-202512-000927-01,PO-202512-000927,1,MAT-0234,1576,1576,137.65,216936.4,WH-01,2026-01-31T17:35:00+08:00
PO-202512-000927-02,PO-202512-000927,2,MAT-0160,9553,9553,306.67,2929618.51,WH-06,2026-02-01T17:35:00+08:00
PO-202512-000927-03,PO-202512-000927,3,MAT-0230,9772,9772,1142.6,11165487.2,WH-06,2026-02-13T17:35:00+08:00
PO-202512-000927-04,PO-202512-000927,4,MAT-0162,11589,11589,51.68,598919.52,WH-02,2026-01-19T17:35:00+08:00
PO-202601-000928-01,PO-202601-000928,1,MAT-0238,4348,784,144.4,627851.2,WH-02,2026-02-04T03:14:00+08:00
PO-202601-000928-02,PO-202601-000928,2,MAT-0004,10344,593,422.49,4370236.56,WH-06,2026-03-02T03:14:00+08:00
PO-202601-000928-03,PO-202601-000928,3,MAT-0088,2930,1780,533.09,1561953.7,WH-04,2026-02-19T03:14:00+08:00
PO-202602-000929-01,PO-202602-000929,1,MAT-0019,2772,339,28.23,78253.56,WH-01,2026-03-04T21:31:00+08:00
PO-202506-000930-01,PO-202506-000930,1,MAT-0099,3500,3500,43.45,152075.0,WH-02,2025-07-22T11:42:00+08:00
PO-202506-000930-02,PO-202506-000930,2,MAT-0204,10794,10794,183.9,1985016.6,WH-06,2025-07-24T11:42:00+08:00
PO-202506-000930-03,PO-202506-000930,3,MAT-0116,2034,2034,98.23,199799.82,WH-06,2025-07-15T11:42:00+08:00
PO-202507-000931-01,PO-202507-000931,1,MAT-0140,8336,8336,153.15,1276658.4,WH-04,2025-08-08T12:29:00+08:00
PO-202507-000931-02,PO-202507-000931,2,MAT-0025,8950,8950,925.39,8282240.5,WH-04,2025-07-15T12:29:00+08:00
PO-202507-000931-03,PO-202507-000931,3,MAT-0005,10381,10381,423.0,4391163.0,WH-01,2025-07-21T12:29:00+08:00
PO-202507-000932-01,PO-202507-000932,1,MAT-0125,10214,6288,858.6,8769740.4,WH-05,2025-08-29T16:39:00+08:00
PO-202507-000932-02,PO-202507-000932,2,MAT-0109,8147,1116,39.12,318710.64,WH-02,2025-08-14T16:39:00+08:00
PO-202507-000932-03,PO-202507-000932,3,MAT-0222,4249,4,549.03,2332828.47,WH-06,2025-08-25T16:39:00+08:00
PO-202511-000933-01,PO-202511-000933,1,MAT-0086,8436,586,113.99,961619.64,WH-06,2025-11-12T02:42:00+08:00
PO-202511-000933-02,PO-202511-000933,2,MAT-0149,3233,1474,168.62,545148.46,WH-06,2025-12-06T02:42:00+08:00
PO-202511-000933-03,PO-202511-000933,3,MAT-0108,4924,3596,293.16,1443519.84,WH-06,2025-11-19T02:42:00+08:00
PO-202511-000933-04,PO-202511-000933,4,MAT-0009,11018,5114,57.75,636289.5,WH-03,2025-11-22T02:42:00+08:00
PO-202602-000934-01,PO-202602-000934,1,MAT-0081,4115,4115,534.52,2199549.8,WH-02,2026-03-08T19:36:00+08:00
PO-202606-000935-01,PO-202606-000935,1,MAT-0066,9439,9439,153.49,1448792.11,WH-01,2026-06-15T08:00:00+08:00
PO-202606-000935-02,PO-202606-000935,2,MAT-0195,155,155,1.7,263.5,WH-02,2026-06-15T08:00:00+08:00
PO-202606-000935-03,PO-202606-000935,3,MAT-0061,10463,10463,366.01,3829562.63,WH-01,2026-06-15T08:00:00+08:00
PO-202603-000936-01,PO-202603-000936,1,MAT-0110,156,156,17.99,2806.44,WH-04,2026-03-14T03:42:00+08:00
PO-202603-000936-02,PO-202603-000936,2,MAT-0029,7616,7616,494.27,3764360.32,WH-05,2026-04-14T03:42:00+08:00
PO-202603-000936-03,PO-202603-000936,3,MAT-0005,2771,2771,368.59,1021362.89,WH-01,2026-03-12T03:42:00+08:00
PO-202603-000936-04,PO-202603-000936,4,MAT-0105,960,960,584.81,561417.6,WH-04,2026-03-17T03:42:00+08:00
PO-202506-000937-01,PO-202506-000937,1,MAT-0160,1704,474,359.84,613167.36,WH-05,2025-07-21T07:58:00+08:00
PO-202506-000937-02,PO-202506-000937,2,MAT-0146,7747,4178,572.48,4435002.56,WH-02,2025-07-26T07:58:00+08:00
PO-202601-000938-01,PO-202601-000938,1,MAT-0088,3391,623,489.17,1658775.47,WH-01,2026-02-23T10:13:00+08:00
PO-202510-000939-01,PO-202510-000939,1,MAT-0056,11222,11222,361.29,4054396.38,WH-03,2025-10-24T07:07:00+08:00
PO-202508-000940-01,PO-202508-000940,1,MAT-0179,4868,4868,678.57,3303278.76,WH-05,2025-09-20T22:00:00+08:00
PO-202508-000940-02,PO-202508-000940,2,MAT-0127,4927,4927,1187.49,5850763.23,WH-05,2025-09-18T22:00:00+08:00
PO-202508-000940-03,PO-202508-000940,3,MAT-0235,4019,4019,150.75,605864.25,WH-02,2025-09-04T22:00:00+08:00
PO-202509-000941-01,PO-202509-000941,1,MAT-0169,8158,8158,34.88,284551.04,WH-05,2025-10-08T19:37:00+08:00
PO-202509-000941-02,PO-202509-000941,2,MAT-0172,10497,10497,735.03,7715609.91,WH-05,2025-09-19T19:37:00+08:00
PO-202605-000942-01,PO-202605-000942,1,MAT-0093,7898,7898,856.9,6767796.2,WH-01,2026-05-29T13:44:00+08:00
PO-202605-000942-02,PO-202605-000942,2,MAT-0083,11710,11710,291.67,3415455.7,WH-01,2026-05-30T13:44:00+08:00
PO-202604-000943-01,PO-202604-000943,1,MAT-0097,5535,1265,747.22,4135862.7,WH-06,2026-04-20T04:22:00+08:00
PO-202604-000943-02,PO-202604-000943,2,MAT-0048,11590,6231,15.71,182078.9,WH-05,2026-05-23T04:22:00+08:00
PO-202604-000943-03,PO-202604-000943,3,MAT-0221,3529,1753,273.17,964016.93,WH-01,2026-05-08T04:22:00+08:00
PO-202604-000943-04,PO-202604-000943,4,MAT-0046,2905,685,1309.31,3803545.55,WH-02,2026-04-23T04:22:00+08:00
PO-202604-000944-01,PO-202604-000944,1,MAT-0154,5802,4102,105.48,611994.96,WH-05,2026-05-19T16:07:00+08:00
PO-202604-000944-02,PO-202604-000944,2,MAT-0214,2197,1348,169.29,371930.13,WH-06,2026-05-18T16:07:00+08:00
PO-202604-000944-03,PO-202604-000944,3,MAT-0010,7268,1550,809.68,5884754.24,WH-04,2026-04-27T16:07:00+08:00
PO-202603-000945-01,PO-202603-000945,1,MAT-0207,7387,7387,270.68,1999513.16,WH-03,2026-05-01T02:53:00+08:00
PO-202605-000946-01,PO-202605-000946,1,MAT-0141,9704,172,190.59,1849485.36,WH-02,2026-06-15T08:00:00+08:00
PO-202605-000946-02,PO-202605-000946,2,MAT-0024,3348,608,18.94,63411.12,WH-04,2026-06-15T08:00:00+08:00
PO-202605-000946-03,PO-202605-000946,3,MAT-0128,11257,822,54.58,614407.06,WH-06,2026-06-15T08:00:00+08:00
PO-202511-000947-01,PO-202511-000947,1,MAT-0206,9760,1236,83.37,813691.2,WH-02,2025-12-04T09:02:00+08:00
PO-202512-000948-01,PO-202512-000948,1,MAT-0195,8141,8141,1.41,11478.81,WH-01,2025-12-16T07:35:00+08:00
PO-202601-000949-01,PO-202601-000949,1,MAT-0189,1585,144,851.28,1349278.8,WH-05,2026-02-24T10:39:00+08:00
PO-202601-000949-02,PO-202601-000949,2,MAT-0202,6224,3181,546.88,3403781.12,WH-06,2026-02-16T10:39:00+08:00
PO-202601-000949-03,PO-202601-000949,3,MAT-0092,5682,4345,141.29,802809.78,WH-05,2026-02-11T10:39:00+08:00
PO-202511-000950-01,PO-202511-000950,1,MAT-0051,2303,1135,42.71,98361.13,WH-03,2026-01-04T20:01:00+08:00
PO-202511-000950-02,PO-202511-000950,2,MAT-0149,3498,1690,228.74,800132.52,WH-04,2025-12-31T20:01:00+08:00
PO-202511-000950-03,PO-202511-000950,3,MAT-0043,5416,3493,263.03,1424570.48,WH-03,2025-12-18T20:01:00+08:00
PO-202511-000950-04,PO-202511-000950,4,MAT-0046,4184,2164,1390.58,5818186.72,WH-04,2025-11-29T20:01:00+08:00
PO-202510-000951-01,PO-202510-000951,1,MAT-0199,7863,3761,678.85,5337797.55,WH-03,2025-10-26T03:01:00+08:00
PO-202510-000951-02,PO-202510-000951,2,MAT-0136,10331,7771,852.81,8810380.11,WH-05,2025-10-21T03:01:00+08:00
PO-202601-000952-01,PO-202601-000952,1,MAT-0091,4131,2127,72.25,298464.75,WH-03,2026-02-02T08:27:00+08:00
PO-202601-000952-02,PO-202601-000952,2,MAT-0159,9560,6130,18.09,172940.4,WH-06,2026-01-27T08:27:00+08:00
PO-202601-000952-03,PO-202601-000952,3,MAT-0071,483,133,29.33,14166.39,WH-05,2026-02-03T08:27:00+08:00
PO-202601-000952-04,PO-202601-000952,4,MAT-0119,7836,796,2.52,19746.72,WH-05,2026-01-28T08:27:00+08:00
PO-202506-000953-01,PO-202506-000953,1,MAT-0187,6374,6374,34.22,218118.28,WH-02,2025-07-25T06:54:00+08:00
PO-202603-000954-01,PO-202603-000954,1,MAT-0170,4114,2245,193.34,795400.76,WH-05,2026-04-14T04:29:00+08:00
PO-202603-000954-02,PO-202603-000954,2,MAT-0233,5204,3701,31.96,166319.84,WH-05,2026-03-16T04:29:00+08:00
PO-202603-000954-03,PO-202603-000954,3,MAT-0038,9611,2833,572.25,5499894.75,WH-03,2026-03-21T04:29:00+08:00
PO-202510-000955-01,PO-202510-000955,1,MAT-0175,4227,4227,505.99,2138819.73,WH-02,2025-11-04T04:59:00+08:00
PO-202510-000955-02,PO-202510-000955,2,MAT-0114,2133,2133,237.69,506992.77,WH-05,2025-11-15T04:59:00+08:00
PO-202510-000955-03,PO-202510-000955,3,MAT-0174,5380,5380,5.75,30935.0,WH-03,2025-11-05T04:59:00+08:00
PO-202510-000955-04,PO-202510-000955,4,MAT-0041,953,953,394.89,376330.17,WH-06,2025-10-27T04:59:00+08:00
PO-202512-000956-01,PO-202512-000956,1,MAT-0103,1755,1755,598.11,1049683.05,WH-06,2026-01-19T00:09:00+08:00
PO-202512-000956-02,PO-202512-000956,2,MAT-0183,4224,4224,96.99,409685.76,WH-03,2026-01-02T00:09:00+08:00
PO-202512-000956-03,PO-202512-000956,3,MAT-0115,10905,10905,458.61,5001142.05,WH-01,2026-02-03T00:09:00+08:00
PO-202512-000956-04,PO-202512-000956,4,MAT-0048,11438,11438,19.87,227273.06,WH-05,2025-12-27T00:09:00+08:00
PO-202507-000957-01,PO-202507-000957,1,MAT-0231,8035,1722,290.32,2332721.2,WH-03,2025-08-14T08:12:00+08:00
PO-202507-000957-02,PO-202507-000957,2,MAT-0198,2185,150,16.86,36839.1,WH-01,2025-08-27T08:12:00+08:00
PO-202512-000958-01,PO-202512-000958,1,MAT-0146,459,459,572.48,262768.32,WH-04,2025-12-25T05:36:00+08:00
PO-202512-000958-02,PO-202512-000958,2,MAT-0065,5872,5872,354.41,2081095.52,WH-05,2026-01-22T05:36:00+08:00
PO-202507-000959-01,PO-202507-000959,1,MAT-0020,8435,8435,235.01,1982309.35,WH-04,2025-07-27T12:09:00+08:00
PO-202507-000959-02,PO-202507-000959,2,MAT-0107,2320,2320,386.01,895543.2,WH-04,2025-08-02T12:09:00+08:00
PO-202511-000960-01,PO-202511-000960,1,MAT-0181,9132,1880,242.47,2214236.04,WH-04,2026-01-13T22:43:00+08:00
PO-202511-000961-01,PO-202511-000961,1,MAT-0099,6214,785,53.03,329528.42,WH-04,2025-11-28T14:26:00+08:00
PO-202511-000961-02,PO-202511-000961,2,MAT-0010,11041,4142,738.02,8148478.82,WH-02,2025-12-21T14:26:00+08:00
PO-202604-000962-01,PO-202604-000962,1,MAT-0125,10309,3288,1028.15,10599198.35,WH-06,2026-05-11T11:52:00+08:00
PO-202604-000962-02,PO-202604-000962,2,MAT-0034,10156,6955,38.25,388467.0,WH-05,2026-04-30T11:52:00+08:00
PO-202604-000962-03,PO-202604-000962,3,MAT-0105,10652,5665,563.1,5998141.2,WH-01,2026-05-03T11:52:00+08:00
PO-202507-000963-01,PO-202507-000963,1,MAT-0224,7882,6071,358.85,2828455.7,WH-03,2025-08-06T01:40:00+08:00
PO-202507-000963-02,PO-202507-000963,2,MAT-0147,5593,1470,605.73,3387847.89,WH-02,2025-08-30T01:40:00+08:00
PO-202507-000963-03,PO-202507-000963,3,MAT-0220,2693,1114,330.68,890521.24,WH-05,2025-08-22T01:40:00+08:00
PO-202605-000964-01,PO-202605-000964,1,MAT-0127,7282,591,945.2,6882946.4,WH-01,2026-06-04T11:38:00+08:00
PO-202605-000964-02,PO-202605-000964,2,MAT-0064,3267,1798,95.16,310887.72,WH-05,2026-06-15T08:00:00+08:00
PO-202605-000964-03,PO-202605-000964,3,MAT-0040,1158,781,22.3,25823.4,WH-02,2026-06-15T08:00:00+08:00
PO-202605-000964-04,PO-202605-000964,4,MAT-0132,7932,3599,41.72,330923.04,WH-04,2026-05-25T11:38:00+08:00
PO-202605-000965-01,PO-202605-000965,1,MAT-0021,2756,1339,13.55,37343.8,WH-03,2026-05-13T15:49:00+08:00
PO-202605-000965-02,PO-202605-000965,2,MAT-0132,3333,2454,38.95,129820.35,WH-04,2026-06-15T08:00:00+08:00
PO-202605-000965-03,PO-202605-000965,3,MAT-0028,11760,2959,1358.84,15979958.4,WH-05,2026-06-08T15:49:00+08:00
PO-202605-000966-01,PO-202605-000966,1,MAT-0006,2692,1658,392.6,1056879.2,WH-06,2026-06-15T08:00:00+08:00
PO-202605-000966-02,PO-202605-000966,2,MAT-0051,4847,2168,45.75,221750.25,WH-02,2026-06-15T08:00:00+08:00
PO-202605-000966-03,PO-202605-000966,3,MAT-0131,11036,6548,512.19,5652528.84,WH-06,2026-06-15T08:00:00+08:00
PO-202603-000967-01,PO-202603-000967,1,MAT-0072,5467,5467,801.9,4383987.3,WH-03,2026-04-17T14:06:00+08:00
PO-202603-000967-02,PO-202603-000967,2,MAT-0085,9410,9410,429.96,4045923.6,WH-05,2026-03-20T14:06:00+08:00
PO-202603-000967-03,PO-202603-000967,3,MAT-0044,6047,6047,16.38,99049.86,WH-05,2026-03-07T14:06:00+08:00
PO-202603-000967-04,PO-202603-000967,4,MAT-0023,10903,10903,424.56,4628977.68,WH-01,2026-04-18T14:06:00+08:00
PO-202507-000968-01,PO-202507-000968,1,MAT-0188,2212,1733,79.47,175787.64,WH-03,2025-08-06T18:35:00+08:00
PO-202605-000969-01,PO-202605-000969,1,MAT-0130,4488,661,587.58,2637059.04,WH-02,2026-05-15T07:16:00+08:00
PO-202604-000970-01,PO-202604-000970,1,MAT-0198,7141,7141,16.25,116041.25,WH-06,2026-04-22T07:22:00+08:00
PO-202604-000970-02,PO-202604-000970,2,MAT-0070,2974,2974,139.24,414099.76,WH-04,2026-04-08T07:22:00+08:00
PO-202506-000971-01,PO-202506-000971,1,MAT-0143,9421,634,983.34,9264046.14,WH-03,2025-06-27T21:48:00+08:00
PO-202506-000971-02,PO-202506-000971,2,MAT-0170,10915,4989,183.41,2001920.15,WH-03,2025-07-06T21:48:00+08:00
PO-202605-000972-01,PO-202605-000972,1,MAT-0019,1287,334,28.14,36216.18,WH-02,2026-06-07T10:30:00+08:00
PO-202601-000973-01,PO-202601-000973,1,MAT-0026,2341,2341,942.62,2206673.42,WH-05,2026-02-05T14:32:00+08:00
PO-202601-000973-02,PO-202601-000973,2,MAT-0126,5010,5010,455.43,2281704.3,WH-02,2026-02-01T14:32:00+08:00
PO-202601-000973-03,PO-202601-000973,3,MAT-0011,9511,9511,8.0,76088.0,WH-05,2026-01-16T14:32:00+08:00
PO-202605-000974-01,PO-202605-000974,1,MAT-0188,6158,2709,79.47,489376.26,WH-03,2026-05-21T23:32:00+08:00
PO-202508-000975-01,PO-202508-000975,1,MAT-0205,5537,2303,393.28,2177591.36,WH-01,2025-09-29T23:16:00+08:00
PO-202508-000975-02,PO-202508-000975,2,MAT-0008,1647,374,353.95,582955.65,WH-05,2025-10-12T23:16:00+08:00
PO-202512-000976-01,PO-202512-000976,1,MAT-0193,8848,8848,175.11,1549373.28,WH-02,2026-01-04T20:55:00+08:00
PO-202605-000977-01,PO-202605-000977,1,MAT-0134,6592,6592,218.54,1440615.68,WH-01,2026-06-15T08:00:00+08:00
PO-202605-000977-02,PO-202605-000977,2,MAT-0047,9922,9922,436.55,4331449.1,WH-01,2026-05-11T06:03:00+08:00
PO-202605-000977-03,PO-202605-000977,3,MAT-0171,8290,8290,1014.91,8413603.9,WH-03,2026-06-12T06:03:00+08:00
PO-202605-000977-04,PO-202605-000977,4,MAT-0074,10080,10080,20.45,206136.0,WH-01,2026-06-06T06:03:00+08:00
PO-202511-000978-01,PO-202511-000978,1,MAT-0001,4566,88,183.77,839093.82,WH-06,2025-12-25T13:19:00+08:00
PO-202511-000978-02,PO-202511-000978,2,MAT-0093,631,160,1111.43,701312.33,WH-05,2025-12-25T13:19:00+08:00
PO-202511-000978-03,PO-202511-000978,3,MAT-0029,7882,6101,435.69,3434108.58,WH-01,2025-12-03T13:19:00+08:00
PO-202511-000978-04,PO-202511-000978,4,MAT-0165,8576,4000,324.55,2783340.8,WH-06,2025-11-18T13:19:00+08:00
PO-202507-000979-01,PO-202507-000979,1,MAT-0045,4781,1241,24.75,118329.75,WH-04,2025-08-11T01:39:00+08:00
PO-202603-000980-01,PO-202603-000980,1,MAT-0153,10977,10977,370.42,4066100.34,WH-02,2026-03-29T09:50:00+08:00
PO-202603-000980-02,PO-202603-000980,2,MAT-0141,1695,1695,211.38,358289.1,WH-05,2026-03-22T09:50:00+08:00
PO-202603-000980-03,PO-202603-000980,3,MAT-0220,9272,9272,305.52,2832781.44,WH-04,2026-03-31T09:50:00+08:00
PO-202512-000981-01,PO-202512-000981,1,MAT-0221,8641,1558,273.17,2360461.97,WH-04,2026-01-09T03:18:00+08:00
PO-202512-000981-02,PO-202512-000981,2,MAT-0046,10384,3968,1309.31,13595875.04,WH-06,2026-01-09T03:18:00+08:00
PO-202508-000982-01,PO-202508-000982,1,MAT-0159,9730,3570,16.41,159669.3,WH-01,2025-09-08T15:31:00+08:00
PO-202508-000982-02,PO-202508-000982,2,MAT-0238,8717,4663,122.6,1068704.2,WH-04,2025-08-29T15:31:00+08:00
PO-202508-000982-03,PO-202508-000982,3,MAT-0085,399,289,556.42,222011.58,WH-02,2025-09-20T15:31:00+08:00
PO-202606-000983-01,PO-202606-000983,1,MAT-0227,11993,11993,752.63,9026291.59,WH-01,2026-06-15T08:00:00+08:00
PO-202606-000983-02,PO-202606-000983,2,MAT-0102,2177,2177,38.61,84053.97,WH-05,2026-06-15T08:00:00+08:00
PO-202604-000984-01,PO-202604-000984,1,MAT-0231,9256,3673,361.96,3350301.76,WH-01,2026-04-26T01:33:00+08:00
PO-202605-000985-01,PO-202605-000985,1,MAT-0194,1983,1983,13.83,27424.89,WH-06,2026-06-06T09:48:00+08:00
PO-202605-000985-02,PO-202605-000985,2,MAT-0216,1980,1980,125.7,248886.0,WH-03,2026-05-08T09:48:00+08:00
PO-202605-000985-03,PO-202605-000985,3,MAT-0185,4909,4909,564.22,2769755.98,WH-03,2026-06-11T09:48:00+08:00
PO-202605-000985-04,PO-202605-000985,4,MAT-0164,10495,10495,720.82,7565005.9,WH-05,2026-06-03T09:48:00+08:00
PO-202509-000986-01,PO-202509-000986,1,MAT-0020,987,576,263.57,260143.59,WH-06,2025-10-13T09:22:00+08:00
PO-202509-000986-02,PO-202509-000986,2,MAT-0064,11941,566,93.97,1122095.77,WH-01,2025-09-10T09:22:00+08:00
PO-202509-000986-03,PO-202509-000986,3,MAT-0196,11826,12,72.02,851708.52,WH-03,2025-10-01T09:22:00+08:00
PO-202509-000986-04,PO-202509-000986,4,MAT-0128,10249,99,50.94,522084.06,WH-02,2025-09-20T09:22:00+08:00
PO-202605-000987-01,PO-202605-000987,1,MAT-0015,3670,3670,363.3,1333311.0,WH-03,2026-05-26T11:24:00+08:00
PO-202508-000988-01,PO-202508-000988,1,MAT-0191,5240,5240,336.92,1765460.8,WH-06,2025-09-13T11:14:00+08:00
PO-202507-000989-01,PO-202507-000989,1,MAT-0121,2560,1535,188.18,481740.8,WH-04,2025-08-12T12:57:00+08:00
PO-202507-000989-02,PO-202507-000989,2,MAT-0188,9252,2437,91.56,847113.12,WH-02,2025-07-29T12:57:00+08:00
PO-202507-000989-03,PO-202507-000989,3,MAT-0048,7148,1300,18.02,128806.96,WH-06,2025-08-13T12:57:00+08:00
PO-202508-000990-01,PO-202508-000990,1,MAT-0219,6173,3164,23.45,144756.85,WH-05,2025-09-26T06:53:00+08:00
PO-202509-000991-01,PO-202509-000991,1,MAT-0196,1278,1278,72.69,92897.82,WH-04,2025-11-01T15:26:00+08:00
PO-202605-000992-01,PO-202605-000992,1,MAT-0101,7270,7270,449.47,3267646.9,WH-03,2026-05-21T12:09:00+08:00
PO-202605-000992-02,PO-202605-000992,2,MAT-0059,4950,4950,740.17,3663841.5,WH-04,2026-05-27T12:09:00+08:00
PO-202605-000992-03,PO-202605-000992,3,MAT-0008,2374,2374,353.95,840277.3,WH-05,2026-06-15T08:00:00+08:00
PO-202604-000993-01,PO-202604-000993,1,MAT-0079,1994,1017,43.97,87676.18,WH-03,2026-04-28T03:28:00+08:00
PO-202604-000993-02,PO-202604-000993,2,MAT-0019,7712,5244,27.06,208686.72,WH-02,2026-06-09T03:28:00+08:00
PO-202507-000994-01,PO-202507-000994,1,MAT-0046,1372,213,1313.51,1802135.72,WH-03,2025-07-26T06:38:00+08:00
PO-202507-000994-02,PO-202507-000994,2,MAT-0179,10455,5191,658.7,6886708.5,WH-05,2025-08-06T06:38:00+08:00
PO-202507-000994-03,PO-202507-000994,3,MAT-0041,10523,6194,451.95,4755869.85,WH-02,2025-08-23T06:38:00+08:00
PO-202507-000994-04,PO-202507-000994,4,MAT-0136,2402,1115,735.13,1765782.26,WH-05,2025-08-03T06:38:00+08:00
PO-202605-000995-01,PO-202605-000995,1,MAT-0092,10263,4282,181.27,1860374.01,WH-05,2026-06-01T03:07:00+08:00
PO-202605-000995-02,PO-202605-000995,2,MAT-0024,4559,2153,21.88,99750.92,WH-03,2026-06-07T03:07:00+08:00
PO-202506-000996-01,PO-202506-000996,1,MAT-0114,6694,2552,237.69,1591096.86,WH-03,2025-07-26T06:39:00+08:00
PO-202506-000996-02,PO-202506-000996,2,MAT-0041,113,22,394.89,44622.57,WH-01,2025-06-23T06:39:00+08:00
PO-202509-000997-01,PO-202509-000997,1,MAT-0109,7556,5141,39.12,295590.72,WH-06,2025-09-24T21:59:00+08:00
PO-202509-000997-02,PO-202509-000997,2,MAT-0011,9235,1141,9.17,84684.95,WH-01,2025-10-25T21:59:00+08:00
PO-202601-000998-01,PO-202601-000998,1,MAT-0107,11603,4001,391.57,4543386.71,WH-03,2026-01-19T17:54:00+08:00
PO-202601-000998-02,PO-202601-000998,2,MAT-0189,3676,867,935.52,3438971.52,WH-01,2026-02-13T17:54:00+08:00
PO-202601-000998-03,PO-202601-000998,3,MAT-0034,7227,4882,42.93,310255.11,WH-06,2026-02-13T17:54:00+08:00
PO-202508-000999-01,PO-202508-000999,1,MAT-0072,1640,13,1037.07,1700794.8,WH-02,2025-09-04T22:36:00+08:00
PO-202603-001000-01,PO-202603-001000,1,MAT-0173,9405,5951,754.43,7095414.15,WH-02,2026-04-08T08:55:00+08:00
PO-202603-001000-02,PO-202603-001000,2,MAT-0210,6576,3763,57.45,377791.2,WH-06,2026-04-21T08:55:00+08:00
PO-202603-001000-03,PO-202603-001000,3,MAT-0143,10959,3471,1124.05,12318463.95,WH-05,2026-04-12T08:55:00+08:00
PO-202603-001000-04,PO-202603-001000,4,MAT-0017,9278,6208,84.67,785568.26,WH-06,2026-05-03T08:55:00+08:00
PO-202508-001001-01,PO-202508-001001,1,MAT-0096,5907,2984,318.05,1878721.35,WH-06,2025-09-26T04:35:00+08:00
PO-202508-001002-01,PO-202508-001002,1,MAT-0081,8342,8342,690.28,5758315.76,WH-06,2025-08-04T12:06:00+08:00
PO-202508-001002-02,PO-202508-001002,2,MAT-0224,283,283,357.9,101285.7,WH-02,2025-08-03T12:06:00+08:00
PO-202507-001003-01,PO-202507-001003,1,MAT-0103,785,785,607.08,476557.8,WH-03,2025-08-09T13:03:00+08:00
PO-202507-001003-02,PO-202507-001003,2,MAT-0070,2638,2638,141.52,373329.76,WH-02,2025-08-09T13:03:00+08:00
PO-202507-001003-03,PO-202507-001003,3,MAT-0169,4646,4646,44.38,206189.48,WH-01,2025-08-06T13:03:00+08:00
PO-202602-001004-01,PO-202602-001004,1,MAT-0216,10790,1178,145.92,1574476.8,WH-03,2026-03-22T18:11:00+08:00
PO-202602-001004-02,PO-202602-001004,2,MAT-0131,112,34,592.17,66323.04,WH-01,2026-02-21T18:11:00+08:00
PO-202510-001005-01,PO-202510-001005,1,MAT-0170,3727,609,212.85,793291.95,WH-03,2025-10-29T18:45:00+08:00
PO-202510-001005-02,PO-202510-001005,2,MAT-0047,2957,1578,414.79,1226534.03,WH-02,2025-12-07T18:45:00+08:00
PO-202510-001005-03,PO-202510-001005,3,MAT-0080,4470,1750,250.21,1118438.7,WH-03,2025-11-04T18:45:00+08:00
PO-202604-001006-01,PO-202604-001006,1,MAT-0123,8756,8756,134.85,1180746.6,WH-03,2026-05-04T00:27:00+08:00
PO-202604-001006-02,PO-202604-001006,2,MAT-0064,6118,6118,93.97,574908.46,WH-06,2026-05-31T00:27:00+08:00
PO-202604-001006-03,PO-202604-001006,3,MAT-0102,1154,1154,53.48,61715.92,WH-06,2026-05-11T00:27:00+08:00
PO-202512-001007-01,PO-202512-001007,1,MAT-0224,2547,147,317.52,808723.44,WH-04,2026-01-21T03:04:00+08:00
PO-202512-001007-02,PO-202512-001007,2,MAT-0010,6696,91,774.77,5187859.92,WH-01,2026-01-12T03:04:00+08:00
PO-202512-001007-03,PO-202512-001007,3,MAT-0031,162,128,715.02,115833.24,WH-04,2026-01-18T03:04:00+08:00
PO-202512-001007-04,PO-202512-001007,4,MAT-0222,364,134,554.16,201714.24,WH-06,2026-01-11T03:04:00+08:00
PO-202512-001008-01,PO-202512-001008,1,MAT-0159,667,301,16.41,10945.47,WH-03,2026-01-13T14:14:00+08:00
PO-202512-001008-02,PO-202512-001008,2,MAT-0066,11375,8070,175.61,1997563.75,WH-04,2025-12-28T14:14:00+08:00
PO-202601-001009-01,PO-202601-001009,1,MAT-0192,2279,1647,95.42,217462.18,WH-04,2026-02-07T13:42:00+08:00
PO-202601-001009-02,PO-202601-001009,2,MAT-0060,9460,2860,537.43,5084087.8,WH-06,2026-03-13T13:42:00+08:00
PO-202601-001010-01,PO-202601-001010,1,MAT-0071,3972,667,26.69,106012.68,WH-01,2026-02-26T19:32:00+08:00
PO-202601-001010-02,PO-202601-001010,2,MAT-0081,7814,2226,534.52,4176739.28,WH-04,2026-02-09T19:32:00+08:00
PO-202605-001011-01,PO-202605-001011,1,MAT-0141,10628,6159,211.38,2246546.64,WH-02,2026-06-09T15:57:00+08:00
PO-202605-001011-02,PO-202605-001011,2,MAT-0175,9771,6299,557.43,5446648.53,WH-03,2026-05-26T15:57:00+08:00
PO-202605-001011-03,PO-202605-001011,3,MAT-0201,1131,31,492.18,556655.58,WH-05,2026-06-15T08:00:00+08:00
PO-202605-001011-04,PO-202605-001011,4,MAT-0048,9487,5853,15.71,149040.77,WH-02,2026-06-15T08:00:00+08:00
PO-202602-001012-01,PO-202602-001012,1,MAT-0017,5717,1815,84.67,484058.39,WH-06,2026-03-21T07:24:00+08:00
PO-202510-001013-01,PO-202510-001013,1,MAT-0224,1856,1055,353.19,655520.64,WH-01,2025-10-06T02:38:00+08:00
PO-202510-001013-02,PO-202510-001013,2,MAT-0193,3833,2383,189.59,726698.47,WH-03,2025-11-07T02:38:00+08:00
PO-202510-001013-03,PO-202510-001013,3,MAT-0184,4035,174,281.69,1136619.15,WH-04,2025-10-20T02:38:00+08:00
PO-202510-001013-04,PO-202510-001013,4,MAT-0028,11338,7029,1026.53,11638797.14,WH-01,2025-11-09T02:38:00+08:00
PO-202604-001014-01,PO-202604-001014,1,MAT-0150,5237,201,15.79,82692.23,WH-04,2026-05-21T11:36:00+08:00
PO-202605-001015-01,PO-202605-001015,1,MAT-0235,9077,3727,142.89,1297012.53,WH-01,2026-05-24T12:04:00+08:00
PO-202605-001015-02,PO-202605-001015,2,MAT-0008,2894,591,450.64,1304152.16,WH-01,2026-06-07T12:04:00+08:00
PO-202510-001016-01,PO-202510-001016,1,MAT-0136,10082,4851,780.71,7871118.22,WH-04,2025-11-05T23:34:00+08:00
PO-202509-001017-01,PO-202509-001017,1,MAT-0133,9823,762,56.46,554606.58,WH-05,2025-10-16T22:59:00+08:00
PO-202509-001017-02,PO-202509-001017,2,MAT-0169,6600,3028,39.06,257796.0,WH-04,2025-09-25T22:59:00+08:00
PO-202606-001018-01,PO-202606-001018,1,MAT-0171,3688,58,1014.91,3742988.08,WH-03,2026-06-11T12:55:00+08:00
PO-202606-001018-02,PO-202606-001018,2,MAT-0191,10089,5601,400.74,4043065.86,WH-05,2026-06-15T08:00:00+08:00
PO-202606-001018-03,PO-202606-001018,3,MAT-0111,3146,658,40.23,126563.58,WH-05,2026-06-04T12:55:00+08:00
PO-202511-001019-01,PO-202511-001019,1,MAT-0129,8705,8705,450.78,3924039.9,WH-02,2025-11-14T21:38:00+08:00
PO-202511-001019-02,PO-202511-001019,2,MAT-0095,6133,6133,305.89,1876023.37,WH-01,2025-11-19T21:38:00+08:00
PO-202511-001019-03,PO-202511-001019,3,MAT-0113,1461,1461,106.49,155581.89,WH-05,2025-12-11T21:38:00+08:00
PO-202511-001019-04,PO-202511-001019,4,MAT-0151,7099,7099,165.09,1171973.91,WH-01,2025-11-27T21:38:00+08:00
PO-202511-001020-01,PO-202511-001020,1,MAT-0130,6897,5337,658.32,4540433.04,WH-04,2025-12-09T05:07:00+08:00
PO-202511-001020-02,PO-202511-001020,2,MAT-0083,4761,1269,279.87,1332461.07,WH-04,2025-12-14T05:07:00+08:00
PO-202511-001020-03,PO-202511-001020,3,MAT-0103,9938,5384,778.41,7735838.58,WH-01,2025-12-17T05:07:00+08:00
PO-202604-001021-01,PO-202604-001021,1,MAT-0003,9761,2604,252.18,2461528.98,WH-03,2026-05-12T15:24:00+08:00
PO-202604-001021-02,PO-202604-001021,2,MAT-0076,5217,1296,299.46,1562282.82,WH-01,2026-04-21T15:24:00+08:00
PO-202604-001021-03,PO-202604-001021,3,MAT-0085,4358,1634,429.96,1873765.68,WH-05,2026-04-18T15:24:00+08:00
PO-202604-001021-04,PO-202604-001021,4,MAT-0091,942,504,68.87,64875.54,WH-01,2026-04-30T15:24:00+08:00
PO-202601-001022-01,PO-202601-001022,1,MAT-0087,3018,3018,35.43,106927.74,WH-02,2026-03-10T07:50:00+08:00
PO-202509-001023-01,PO-202509-001023,1,MAT-0020,729,238,225.77,164586.33,WH-05,2025-09-09T08:00:00+08:00
PO-202509-001023-02,PO-202509-001023,2,MAT-0072,2912,1368,918.4,2674380.8,WH-03,2025-09-11T08:00:00+08:00
PO-202509-001023-03,PO-202509-001023,3,MAT-0106,10161,608,702.64,7139525.04,WH-04,2025-09-12T08:00:00+08:00
PO-202603-001024-01,PO-202603-001024,1,MAT-0018,10842,5859,29.71,322115.82,WH-05,2026-04-18T19:57:00+08:00
PO-202603-001024-02,PO-202603-001024,2,MAT-0227,9243,22,777.65,7187818.95,WH-03,2026-04-06T19:57:00+08:00
PO-202603-001024-03,PO-202603-001024,3,MAT-0138,11723,2443,187.36,2196421.28,WH-04,2026-03-31T19:57:00+08:00
PO-202604-001025-01,PO-202604-001025,1,MAT-0202,3773,1417,552.85,2085903.05,WH-03,2026-05-23T00:14:00+08:00
PO-202604-001025-02,PO-202604-001025,2,MAT-0071,5763,2117,33.03,190351.89,WH-02,2026-04-29T00:14:00+08:00
PO-202604-001025-03,PO-202604-001025,3,MAT-0232,10035,2742,1010.43,10139665.05,WH-04,2026-05-10T00:14:00+08:00
PO-202604-001025-04,PO-202604-001025,4,MAT-0216,1635,367,125.7,205519.5,WH-05,2026-04-23T00:14:00+08:00
PO-202606-001026-01,PO-202606-001026,1,MAT-0027,3907,3907,636.04,2485008.28,WH-05,2026-06-15T08:00:00+08:00
PO-202606-001026-02,PO-202606-001026,2,MAT-0183,10550,10550,100.21,1057215.5,WH-04,2026-06-15T08:00:00+08:00
PO-202508-001027-01,PO-202508-001027,1,MAT-0201,3934,3934,492.18,1936236.12,WH-02,2025-09-13T06:05:00+08:00
PO-202508-001027-02,PO-202508-001027,2,MAT-0175,8275,8275,557.43,4612733.25,WH-06,2025-09-12T06:05:00+08:00
PO-202510-001028-01,PO-202510-001028,1,MAT-0175,4379,1866,590.61,2586281.19,WH-04,2025-10-02T21:37:00+08:00
PO-202510-001028-02,PO-202510-001028,2,MAT-0101,6318,1499,464.43,2934268.74,WH-05,2025-10-20T21:37:00+08:00
PO-202510-001028-03,PO-202510-001028,3,MAT-0020,9859,6974,246.47,2429947.73,WH-04,2025-10-15T21:37:00+08:00
PO-202512-001029-01,PO-202512-001029,1,MAT-0196,9627,9627,66.04,635767.08,WH-01,2026-01-03T05:38:00+08:00
PO-202512-001029-02,PO-202512-001029,2,MAT-0093,9528,9528,856.9,8164543.2,WH-03,2026-01-31T05:38:00+08:00
PO-202601-001030-01,PO-202601-001030,1,MAT-0185,3462,895,631.88,2187568.56,WH-04,2026-01-18T17:03:00+08:00
PO-202601-001030-02,PO-202601-001030,2,MAT-0159,4139,2160,14.03,58070.17,WH-06,2026-01-27T17:03:00+08:00
PO-202601-001030-03,PO-202601-001030,3,MAT-0227,8496,5148,872.66,7414119.36,WH-04,2026-02-08T17:03:00+08:00
PO-202601-001030-04,PO-202601-001030,4,MAT-0163,1689,396,571.74,965668.86,WH-03,2026-01-24T17:03:00+08:00
PO-202606-001031-01,PO-202606-001031,1,MAT-0090,7230,4163,3.83,27690.9,WH-05,2026-06-15T08:00:00+08:00
PO-202606-001031-02,PO-202606-001031,2,MAT-0141,10084,1039,259.1,2612764.4,WH-02,2026-06-15T08:00:00+08:00
PO-202507-001032-01,PO-202507-001032,1,MAT-0105,5394,2180,584.62,3153440.28,WH-06,2025-07-18T11:18:00+08:00
PO-202507-001032-02,PO-202507-001032,2,MAT-0050,5466,2181,712.16,3892666.56,WH-05,2025-08-22T11:18:00+08:00
PO-202507-001032-03,PO-202507-001032,3,MAT-0146,8137,3986,476.9,3880535.3,WH-04,2025-08-06T11:18:00+08:00
PO-202507-001032-04,PO-202507-001032,4,MAT-0235,5577,1534,190.41,1061916.57,WH-05,2025-08-10T11:18:00+08:00
PO-202604-001033-01,PO-202604-001033,1,MAT-0064,9090,549,95.16,865004.4,WH-06,2026-04-07T03:58:00+08:00
PO-202601-001034-01,PO-202601-001034,1,MAT-0068,5073,1901,135.08,685260.84,WH-03,2026-02-14T06:48:00+08:00
PO-202601-001034-02,PO-202601-001034,2,MAT-0071,5165,1583,29.33,151489.45,WH-01,2026-02-10T06:48:00+08:00
PO-202601-001034-03,PO-202601-001034,3,MAT-0119,6876,3028,2.52,17327.52,WH-06,2026-02-01T06:48:00+08:00
PO-202601-001034-04,PO-202601-001034,4,MAT-0212,2142,290,396.24,848746.08,WH-04,2026-01-28T06:48:00+08:00
PO-202509-001035-01,PO-202509-001035,1,MAT-0046,454,454,1390.58,631323.32,WH-06,2025-10-24T22:55:00+08:00
PO-202509-001035-02,PO-202509-001035,2,MAT-0007,11257,11257,1057.33,11902363.81,WH-06,2025-09-23T22:55:00+08:00
PO-202601-001036-01,PO-202601-001036,1,MAT-0170,9693,7349,193.34,1874044.62,WH-03,2026-02-03T03:53:00+08:00
PO-202603-001037-01,PO-202603-001037,1,MAT-0070,10237,2570,138.3,1415777.1,WH-03,2026-04-07T08:26:00+08:00
PO-202602-001038-01,PO-202602-001038,1,MAT-0023,11712,11712,424.56,4972446.72,WH-06,2026-03-11T14:21:00+08:00
PO-202508-001039-01,PO-202508-001039,1,MAT-0091,4068,1529,72.25,293913.0,WH-01,2025-09-10T02:34:00+08:00
PO-202512-001040-01,PO-202512-001040,1,MAT-0130,10311,10311,538.63,5553813.93,WH-06,2025-12-16T14:19:00+08:00
PO-202512-001040-02,PO-202512-001040,2,MAT-0114,8264,8264,237.69,1964270.16,WH-05,2026-01-16T14:19:00+08:00
PO-202512-001040-03,PO-202512-001040,3,MAT-0137,10445,10445,1299.03,13568368.35,WH-03,2025-12-20T14:19:00+08:00
PO-202512-001040-04,PO-202512-001040,4,MAT-0022,7974,7974,85.39,680899.86,WH-01,2026-01-23T14:19:00+08:00
PO-202602-001041-01,PO-202602-001041,1,MAT-0031,11995,6296,712.35,8544638.25,WH-01,2026-03-17T11:13:00+08:00
PO-202602-001041-02,PO-202602-001041,2,MAT-0038,5622,4313,640.66,3601790.52,WH-04,2026-02-24T11:13:00+08:00
PO-202511-001042-01,PO-202511-001042,1,MAT-0026,10818,10818,1026.91,11109112.38,WH-03,2025-12-02T17:14:00+08:00
PO-202511-001042-02,PO-202511-001042,2,MAT-0140,5175,5175,135.22,699763.5,WH-01,2025-12-27T17:14:00+08:00
PO-202511-001042-03,PO-202511-001042,3,MAT-0100,10725,10725,333.27,3574320.75,WH-02,2025-12-01T17:14:00+08:00
PO-202511-001042-04,PO-202511-001042,4,MAT-0192,9773,9773,95.42,932539.66,WH-05,2025-12-15T17:14:00+08:00
PO-202512-001043-01,PO-202512-001043,1,MAT-0208,11545,5680,150.58,1738446.1,WH-02,2026-01-02T11:54:00+08:00
PO-202512-001043-02,PO-202512-001043,2,MAT-0077,8365,374,5.64,47178.6,WH-04,2025-12-27T11:54:00+08:00
PO-202512-001043-03,PO-202512-001043,3,MAT-0034,3028,1015,42.93,129992.04,WH-03,2025-12-29T11:54:00+08:00
PO-202602-001044-01,PO-202602-001044,1,MAT-0021,7229,4281,13.22,95567.38,WH-04,2026-04-04T03:23:00+08:00
PO-202605-001045-01,PO-202605-001045,1,MAT-0061,6319,6319,360.44,2277620.36,WH-02,2026-06-15T08:00:00+08:00
PO-202605-001045-02,PO-202605-001045,2,MAT-0157,11966,11966,243.72,2916353.52,WH-01,2026-06-05T15:26:00+08:00
PO-202602-001046-01,PO-202602-001046,1,MAT-0183,9343,3343,93.68,875252.24,WH-05,2026-03-12T01:58:00+08:00
PO-202602-001046-02,PO-202602-001046,2,MAT-0196,9232,2589,72.02,664888.64,WH-02,2026-03-21T01:58:00+08:00
PO-202602-001046-03,PO-202602-001046,3,MAT-0102,11001,1525,53.48,588333.48,WH-03,2026-03-27T01:58:00+08:00
PO-202509-001047-01,PO-202509-001047,1,MAT-0092,988,988,181.27,179094.76,WH-06,2025-10-13T19:50:00+08:00
PO-202509-001047-02,PO-202509-001047,2,MAT-0142,9675,9675,450.37,4357329.75,WH-02,2025-10-22T19:50:00+08:00
PO-202602-001048-01,PO-202602-001048,1,MAT-0226,8964,8964,283.68,2542907.52,WH-05,2026-02-20T21:08:00+08:00
PO-202602-001048-02,PO-202602-001048,2,MAT-0158,1776,1776,39.6,70329.6,WH-02,2026-02-11T21:08:00+08:00
PO-202602-001048-03,PO-202602-001048,3,MAT-0143,2505,2505,1112.01,2785585.05,WH-02,2026-03-19T21:08:00+08:00
PO-202601-001049-01,PO-202601-001049,1,MAT-0087,11210,11210,43.27,485056.7,WH-04,2026-02-06T03:03:00+08:00
PO-202601-001049-02,PO-202601-001049,2,MAT-0208,8733,8733,150.58,1315015.14,WH-01,2026-02-08T03:03:00+08:00
PO-202601-001049-03,PO-202601-001049,3,MAT-0224,7128,7128,358.85,2557882.8,WH-05,2026-01-04T03:03:00+08:00
PO-202601-001050-01,PO-202601-001050,1,MAT-0048,2914,1837,15.58,45400.12,WH-03,2026-01-17T21:52:00+08:00
PO-202601-001050-02,PO-202601-001050,2,MAT-0083,3827,2692,288.86,1105467.22,WH-01,2026-02-16T21:52:00+08:00
PO-202601-001050-03,PO-202601-001050,3,MAT-0238,4431,1801,126.4,560078.4,WH-04,2026-01-09T21:52:00+08:00
PO-202601-001050-04,PO-202601-001050,4,MAT-0204,3086,1986,206.52,637320.72,WH-01,2026-01-21T21:52:00+08:00
PO-202601-001051-01,PO-202601-001051,1,MAT-0107,11581,11581,368.41,4266556.21,WH-02,2026-02-15T18:13:00+08:00
PO-202601-001051-02,PO-202601-001051,2,MAT-0054,5306,5306,659.88,3501323.28,WH-04,2026-02-15T18:13:00+08:00
PO-202511-001052-01,PO-202511-001052,1,MAT-0057,11245,2397,157.14,1767039.3,WH-06,2025-12-16T20:31:00+08:00
PO-202601-001053-01,PO-202601-001053,1,MAT-0194,4132,1037,15.76,65120.32,WH-04,2026-01-16T18:34:00+08:00
PO-202601-001053-02,PO-202601-001053,2,MAT-0057,3623,1592,131.94,478018.62,WH-02,2026-02-03T18:34:00+08:00
PO-202601-001053-03,PO-202601-001053,3,MAT-0202,11691,6390,403.47,4716967.77,WH-04,2026-02-11T18:34:00+08:00
PO-202507-001054-01,PO-202507-001054,1,MAT-0146,10343,4621,476.9,4932576.7,WH-06,2025-07-27T15:05:00+08:00
PO-202507-001054-02,PO-202507-001054,2,MAT-0155,7734,5664,112.16,867445.44,WH-01,2025-07-23T15:05:00+08:00
PO-202507-001054-03,PO-202507-001054,3,MAT-0235,10534,1790,190.41,2005778.94,WH-03,2025-08-05T15:05:00+08:00
PO-202507-001054-04,PO-202507-001054,4,MAT-0148,3240,866,6.65,21546.0,WH-01,2025-07-12T15:05:00+08:00
PO-202605-001055-01,PO-202605-001055,1,MAT-0063,4253,4253,114.62,487478.86,WH-04,2026-06-15T08:00:00+08:00
PO-202605-001055-02,PO-202605-001055,2,MAT-0050,353,353,700.71,247350.63,WH-06,2026-06-07T07:15:00+08:00
PO-202605-001055-03,PO-202605-001055,3,MAT-0019,8768,8768,28.23,247520.64,WH-04,2026-06-15T08:00:00+08:00
PO-202512-001056-01,PO-202512-001056,1,MAT-0029,6143,6143,452.66,2780690.38,WH-01,2026-01-20T23:44:00+08:00
PO-202512-001056-02,PO-202512-001056,2,MAT-0125,1179,1179,1028.15,1212188.85,WH-06,2026-01-22T23:44:00+08:00
PO-202512-001056-03,PO-202512-001056,3,MAT-0096,10758,10758,318.05,3421581.9,WH-05,2026-01-17T23:44:00+08:00
PO-202603-001057-01,PO-202603-001057,1,MAT-0221,10705,3801,298.15,3191695.75,WH-02,2026-05-04T17:39:00+08:00
PO-202603-001057-02,PO-202603-001057,2,MAT-0056,6842,1235,304.25,2081678.5,WH-06,2026-04-29T17:39:00+08:00
PO-202603-001057-03,PO-202603-001057,3,MAT-0065,2937,1761,353.17,1037260.29,WH-02,2026-04-16T17:39:00+08:00
PO-202603-001057-04,PO-202603-001057,4,MAT-0150,7300,1009,15.25,111325.0,WH-04,2026-04-10T17:39:00+08:00
PO-202604-001058-01,PO-202604-001058,1,MAT-0057,2795,1254,146.16,408517.2,WH-04,2026-05-05T09:24:00+08:00
PO-202604-001058-02,PO-202604-001058,2,MAT-0193,2965,2136,175.11,519201.15,WH-06,2026-04-24T09:24:00+08:00
PO-202605-001059-01,PO-202605-001059,1,MAT-0025,2889,733,672.67,1943343.63,WH-06,2026-05-31T13:36:00+08:00
PO-202605-001059-02,PO-202605-001059,2,MAT-0013,6794,433,1071.98,7283032.12,WH-01,2026-06-11T13:36:00+08:00
PO-202605-001059-03,PO-202605-001059,3,MAT-0152,7119,4047,653.45,4651910.55,WH-01,2026-06-07T13:36:00+08:00
PO-202605-001059-04,PO-202605-001059,4,MAT-0189,11432,4398,935.52,10694864.64,WH-04,2026-06-07T13:36:00+08:00
PO-202507-001060-01,PO-202507-001060,1,MAT-0226,8981,3836,279.52,2510369.12,WH-06,2025-08-23T11:32:00+08:00
PO-202602-001061-01,PO-202602-001061,1,MAT-0205,3919,3919,387.97,1520454.43,WH-02,2026-03-04T09:10:00+08:00
PO-202604-001062-01,PO-202604-001062,1,MAT-0070,9724,9724,138.3,1344829.2,WH-01,2026-05-21T16:25:00+08:00
PO-202604-001062-02,PO-202604-001062,2,MAT-0111,7485,7485,49.74,372303.9,WH-03,2026-04-21T16:25:00+08:00
PO-202604-001062-03,PO-202604-001062,3,MAT-0050,6103,6103,712.16,4346312.48,WH-01,2026-04-21T16:25:00+08:00
PO-202604-001062-04,PO-202604-001062,4,MAT-0148,6103,6103,6.65,40584.95,WH-02,2026-04-24T16:25:00+08:00
PO-202510-001063-01,PO-202510-001063,1,MAT-0109,5172,4034,35.75,184899.0,WH-01,2025-11-14T12:55:00+08:00
PO-202510-001063-02,PO-202510-001063,2,MAT-0111,6082,4065,42.49,258424.18,WH-01,2025-11-13T12:55:00+08:00
PO-202510-001063-03,PO-202510-001063,3,MAT-0037,1647,533,626.74,1032240.78,WH-04,2025-11-08T12:55:00+08:00
PO-202510-001063-04,PO-202510-001063,4,MAT-0054,9900,4578,615.75,6095925.0,WH-01,2025-11-07T12:55:00+08:00
PO-202511-001064-01,PO-202511-001064,1,MAT-0206,4995,4995,83.37,416433.15,WH-05,2025-12-06T21:32:00+08:00
PO-202511-001064-02,PO-202511-001064,2,MAT-0080,8970,8970,215.47,1932765.9,WH-04,2025-11-30T21:32:00+08:00
PO-202606-001065-01,PO-202606-001065,1,MAT-0208,9128,6458,138.58,1264958.24,WH-06,2026-06-15T08:00:00+08:00
PO-202606-001065-02,PO-202606-001065,2,MAT-0177,1157,728,567.57,656678.49,WH-06,2026-06-15T08:00:00+08:00
PO-202606-001066-01,PO-202606-001066,1,MAT-0187,7863,7863,32.84,258220.92,WH-03,2026-06-15T08:00:00+08:00
PO-202510-001067-01,PO-202510-001067,1,MAT-0154,7413,3358,79.32,587999.16,WH-03,2025-10-20T22:07:00+08:00
PO-202510-001067-02,PO-202510-001067,2,MAT-0159,7099,2011,15.09,107123.91,WH-01,2025-10-29T22:07:00+08:00
PO-202510-001067-03,PO-202510-001067,3,MAT-0080,660,416,256.21,169098.6,WH-03,2025-11-03T22:07:00+08:00
PO-202510-001067-04,PO-202510-001067,4,MAT-0203,4996,3497,488.61,2441095.56,WH-04,2025-11-04T22:07:00+08:00
PO-202602-001068-01,PO-202602-001068,1,MAT-0205,6834,6834,321.72,2198634.48,WH-06,2026-03-10T11:33:00+08:00
PO-202602-001068-02,PO-202602-001068,2,MAT-0066,10795,10795,202.3,2183828.5,WH-06,2026-02-05T11:33:00+08:00
PO-202602-001068-03,PO-202602-001068,3,MAT-0007,9950,9950,1230.87,12247156.5,WH-05,2026-03-01T11:33:00+08:00
PO-202602-001068-04,PO-202602-001068,4,MAT-0158,2086,2086,33.79,70485.94,WH-02,2026-02-20T11:33:00+08:00
PO-202508-001069-01,PO-202508-001069,1,MAT-0111,5009,5009,42.49,212832.41,WH-03,2025-08-24T17:32:00+08:00
PO-202508-001069-02,PO-202508-001069,2,MAT-0131,11833,11833,472.7,5593459.1,WH-05,2025-08-18T17:32:00+08:00
PO-202507-001070-01,PO-202507-001070,1,MAT-0130,8311,8311,566.52,4708347.72,WH-04,2025-08-07T20:11:00+08:00
PO-202507-001070-02,PO-202507-001070,2,MAT-0193,8399,8399,148.21,1244815.79,WH-04,2025-09-06T20:11:00+08:00
PO-202507-001070-03,PO-202507-001070,3,MAT-0006,10194,10194,418.22,4263334.68,WH-06,2025-08-10T20:11:00+08:00
PO-202604-001071-01,PO-202604-001071,1,MAT-0163,6046,4095,442.55,2675657.3,WH-03,2026-05-08T02:45:00+08:00
PO-202604-001071-02,PO-202604-001071,2,MAT-0082,8204,5354,314.84,2582947.36,WH-01,2026-05-09T02:45:00+08:00
PO-202604-001071-03,PO-202604-001071,3,MAT-0205,9227,5957,286.81,2646395.87,WH-03,2026-05-07T02:45:00+08:00
PO-202604-001071-04,PO-202604-001071,4,MAT-0230,2448,167,840.98,2058719.04,WH-04,2026-06-01T02:45:00+08:00
PO-202509-001072-01,PO-202509-001072,1,MAT-0232,10939,6630,926.12,10130826.68,WH-05,2025-09-17T23:38:00+08:00
PO-202509-001072-02,PO-202509-001072,2,MAT-0101,8350,5519,384.09,3207151.5,WH-03,2025-09-15T23:38:00+08:00
PO-202509-001072-03,PO-202509-001072,3,MAT-0120,5492,1497,19.41,106599.72,WH-03,2025-10-18T23:38:00+08:00
PO-202604-001073-01,PO-202604-001073,1,MAT-0073,3658,3658,20.33,74367.14,WH-03,2026-06-01T07:10:00+08:00
PO-202604-001073-02,PO-202604-001073,2,MAT-0134,11848,11848,245.18,2904892.64,WH-06,2026-05-06T07:10:00+08:00
PO-202604-001073-03,PO-202604-001073,3,MAT-0042,803,803,439.98,353303.94,WH-06,2026-05-25T07:10:00+08:00
PO-202606-001074-01,PO-202606-001074,1,MAT-0125,3860,3860,760.89,2937035.4,WH-05,2026-06-15T08:00:00+08:00
PO-202601-001075-01,PO-202601-001075,1,MAT-0186,10480,10480,429.11,4497072.8,WH-04,2026-01-14T01:50:00+08:00
PO-202601-001075-02,PO-202601-001075,2,MAT-0156,2117,2117,19.09,40413.53,WH-04,2026-01-12T01:50:00+08:00
PO-202601-001075-03,PO-202601-001075,3,MAT-0227,4779,4779,777.65,3716389.35,WH-05,2026-01-22T01:50:00+08:00
PO-202512-001076-01,PO-202512-001076,1,MAT-0230,7672,7672,941.66,7224415.52,WH-06,2025-12-29T14:43:00+08:00
PO-202512-001076-02,PO-202512-001076,2,MAT-0196,3730,3730,66.04,246329.2,WH-03,2026-01-14T14:43:00+08:00
PO-202512-001076-03,PO-202512-001076,3,MAT-0093,6481,6481,856.9,5553568.9,WH-06,2025-12-28T14:43:00+08:00
PO-202512-001076-04,PO-202512-001076,4,MAT-0189,11537,11537,1017.77,11742012.49,WH-05,2026-01-06T14:43:00+08:00
PO-202507-001077-01,PO-202507-001077,1,MAT-0186,10453,10453,407.93,4264092.29,WH-04,2025-08-22T21:07:00+08:00
PO-202507-001077-02,PO-202507-001077,2,MAT-0090,5029,5029,3.83,19261.07,WH-05,2025-08-25T21:07:00+08:00
PO-202602-001078-01,PO-202602-001078,1,MAT-0090,1730,1730,4.44,7681.2,WH-01,2026-02-26T16:41:00+08:00
PO-202603-001079-01,PO-202603-001079,1,MAT-0002,4101,1050,1453.44,5960557.44,WH-01,2026-04-06T16:14:00+08:00
PO-202603-001079-02,PO-202603-001079,2,MAT-0186,4523,1961,429.11,1940864.53,WH-04,2026-03-29T16:14:00+08:00
PO-202603-001079-03,PO-202603-001079,3,MAT-0211,4489,2704,799.95,3590975.55,WH-03,2026-03-27T16:14:00+08:00
PO-202509-001080-01,PO-202509-001080,1,MAT-0227,6002,4355,777.65,4667455.3,WH-04,2025-10-09T18:43:00+08:00
PO-202509-001080-02,PO-202509-001080,2,MAT-0237,2179,1730,55.32,120542.28,WH-04,2025-10-02T18:43:00+08:00
PO-202509-001080-03,PO-202509-001080,3,MAT-0138,973,200,187.36,182301.28,WH-06,2025-10-28T18:43:00+08:00
PO-202509-001080-04,PO-202509-001080,4,MAT-0211,1224,551,799.95,979138.8,WH-02,2025-10-10T18:43:00+08:00
PO-202605-001081-01,PO-202605-001081,1,MAT-0097,7075,7075,953.91,6748913.25,WH-01,2026-06-09T14:50:00+08:00
PO-202605-001081-02,PO-202605-001081,2,MAT-0102,5500,5500,38.61,212355.0,WH-06,2026-06-05T14:50:00+08:00
PO-202605-001081-03,PO-202605-001081,3,MAT-0064,7882,7882,107.24,845265.68,WH-06,2026-06-15T08:00:00+08:00
PO-202603-001082-01,PO-202603-001082,1,MAT-0028,8164,174,1358.84,11093569.76,WH-04,2026-04-12T02:31:00+08:00
PO-202604-001083-01,PO-202604-001083,1,MAT-0050,4762,1686,712.16,3391305.92,WH-04,2026-05-10T02:39:00+08:00
PO-202604-001083-02,PO-202604-001083,2,MAT-0117,1603,903,199.22,319349.66,WH-02,2026-04-13T02:39:00+08:00
PO-202601-001084-01,PO-202601-001084,1,MAT-0127,6299,6299,1171.3,7378018.7,WH-03,2026-01-24T01:51:00+08:00
PO-202601-001084-02,PO-202601-001084,2,MAT-0050,10023,10023,788.34,7901531.82,WH-03,2026-02-16T01:51:00+08:00
PO-202603-001085-01,PO-202603-001085,1,MAT-0016,5408,609,206.71,1117887.68,WH-02,2026-04-18T02:52:00+08:00
PO-202604-001086-01,PO-202604-001086,1,MAT-0128,6034,6034,54.58,329335.72,WH-02,2026-04-11T15:15:00+08:00
PO-202603-001087-01,PO-202603-001087,1,MAT-0140,1559,677,135.22,210807.98,WH-04,2026-04-08T16:26:00+08:00
PO-202603-001087-02,PO-202603-001087,2,MAT-0131,6827,765,592.17,4042744.59,WH-03,2026-04-24T16:26:00+08:00
PO-202512-001088-01,PO-202512-001088,1,MAT-0160,435,281,288.59,125536.65,WH-05,2026-01-31T08:00:00+08:00
PO-202509-001089-01,PO-202509-001089,1,MAT-0222,10906,10906,646.09,7046257.54,WH-02,2025-10-07T16:32:00+08:00
PO-202509-001089-02,PO-202509-001089,2,MAT-0113,867,867,99.14,85954.38,WH-05,2025-09-11T16:32:00+08:00
PO-202604-001090-01,PO-202604-001090,1,MAT-0033,9653,7611,148.95,1437814.35,WH-03,2026-04-08T03:13:00+08:00
PO-202604-001090-02,PO-202604-001090,2,MAT-0178,8529,5015,340.83,2906939.07,WH-02,2026-05-16T03:13:00+08:00
PO-202604-001090-03,PO-202604-001090,3,MAT-0057,353,75,141.37,49903.61,WH-02,2026-04-27T03:13:00+08:00
PO-202604-001090-04,PO-202604-001090,4,MAT-0199,3606,2234,496.27,1789549.62,WH-04,2026-04-11T03:13:00+08:00
PO-202606-001091-01,PO-202606-001091,1,MAT-0198,11910,11910,16.25,193537.5,WH-01,2026-06-15T08:00:00+08:00
PO-202606-001092-01,PO-202606-001092,1,MAT-0145,7837,7837,88.43,693025.91,WH-01,2026-06-15T08:00:00+08:00
PO-202606-001092-02,PO-202606-001092,2,MAT-0100,6130,6130,350.09,2146051.7,WH-01,2026-06-15T08:00:00+08:00
PO-202605-001093-01,PO-202605-001093,1,MAT-0153,3797,3797,370.42,1406484.74,WH-04,2026-06-15T08:00:00+08:00
PO-202605-001093-02,PO-202605-001093,2,MAT-0027,9760,9760,803.68,7843916.8,WH-01,2026-06-15T08:00:00+08:00
PO-202506-001094-01,PO-202506-001094,1,MAT-0022,6926,6926,78.99,547084.74,WH-06,2025-07-24T17:25:00+08:00
PO-202506-001094-02,PO-202506-001094,2,MAT-0233,2097,2097,31.96,67020.12,WH-02,2025-07-13T17:25:00+08:00
PO-202506-001094-03,PO-202506-001094,3,MAT-0127,3496,3496,1187.49,4151465.04,WH-05,2025-06-21T17:25:00+08:00
PO-202508-001095-01,PO-202508-001095,1,MAT-0052,10639,1931,95.32,1014109.48,WH-01,2025-09-18T13:59:00+08:00
PO-202508-001096-01,PO-202508-001096,1,MAT-0083,8961,8961,279.87,2507915.07,WH-02,2025-08-29T21:55:00+08:00
PO-202508-001096-02,PO-202508-001096,2,MAT-0060,3645,3645,553.7,2018236.5,WH-01,2025-09-30T21:55:00+08:00
PO-202508-001096-03,PO-202508-001096,3,MAT-0123,7122,7122,135.01,961541.22,WH-05,2025-09-02T21:55:00+08:00
PO-202509-001097-01,PO-202509-001097,1,MAT-0091,3295,2433,72.25,238063.75,WH-02,2025-09-19T17:07:00+08:00
PO-202509-001097-02,PO-202509-001097,2,MAT-0028,9488,4164,1346.74,12777869.12,WH-04,2025-10-09T17:07:00+08:00
PO-202602-001098-01,PO-202602-001098,1,MAT-0073,2366,1362,23.69,56050.54,WH-03,2026-03-10T06:45:00+08:00
PO-202603-001099-01,PO-202603-001099,1,MAT-0055,6354,2321,513.05,3259919.7,WH-05,2026-03-18T10:29:00+08:00
PO-202605-001100-01,PO-202605-001100,1,MAT-0165,698,91,318.57,222361.86,WH-06,2026-06-15T08:00:00+08:00
PO-202605-001100-02,PO-202605-001100,2,MAT-0038,2072,638,575.89,1193244.08,WH-04,2026-06-15T08:00:00+08:00
PO-202605-001100-03,PO-202605-001100,3,MAT-0065,922,469,353.17,325622.74,WH-05,2026-06-15T08:00:00+08:00
PO-202604-001101-01,PO-202604-001101,1,MAT-0043,2942,2942,263.03,773834.26,WH-05,2026-05-15T06:33:00+08:00
PO-202604-001101-02,PO-202604-001101,2,MAT-0012,5920,5920,822.72,4870502.4,WH-06,2026-05-13T06:33:00+08:00
PO-202604-001101-03,PO-202604-001101,3,MAT-0179,3457,3457,587.22,2030019.54,WH-01,2026-06-01T06:33:00+08:00
PO-202511-001102-01,PO-202511-001102,1,MAT-0220,2515,1137,255.83,643412.45,WH-02,2025-12-06T21:06:00+08:00
PO-202601-001103-01,PO-202601-001103,1,MAT-0017,7072,7072,85.83,606989.76,WH-03,2026-02-04T20:55:00+08:00
PO-202601-001103-02,PO-202601-001103,2,MAT-0052,3656,3656,82.43,301364.08,WH-03,2026-01-10T20:55:00+08:00
PO-202605-001104-01,PO-202605-001104,1,MAT-0106,209,209,764.11,159698.99,WH-05,2026-06-15T08:00:00+08:00
PO-202605-001104-02,PO-202605-001104,2,MAT-0176,5451,5451,1076.66,5868873.66,WH-01,2026-06-15T08:00:00+08:00
PO-202511-001105-01,PO-202511-001105,1,MAT-0138,2289,746,190.55,436168.95,WH-03,2025-12-10T21:03:00+08:00
PO-202508-001106-01,PO-202508-001106,1,MAT-0215,4480,4480,70.16,314316.8,WH-02,2025-09-04T20:11:00+08:00
PO-202508-001106-02,PO-202508-001106,2,MAT-0205,7709,7709,387.97,2990860.73,WH-06,2025-09-30T20:11:00+08:00
PO-202508-001106-03,PO-202508-001106,3,MAT-0186,6193,6193,389.51,2412235.43,WH-05,2025-10-03T20:11:00+08:00
PO-202604-001107-01,PO-202604-001107,1,MAT-0172,727,59,658.33,478605.91,WH-06,2026-04-30T23:04:00+08:00
PO-202511-001108-01,PO-202511-001108,1,MAT-0141,5799,4221,227.47,1319098.53,WH-01,2026-01-10T11:03:00+08:00
PO-202509-001109-01,PO-202509-001109,1,MAT-0165,5316,5316,328.14,1744392.24,WH-06,2025-09-18T06:20:00+08:00
PO-202605-001110-01,PO-202605-001110,1,MAT-0199,206,206,677.99,139665.94,WH-02,2026-06-02T00:41:00+08:00
PO-202506-001111-01,PO-202506-001111,1,MAT-0082,7223,3543,347.52,2510136.96,WH-02,2025-06-23T13:04:00+08:00
PO-202506-001111-02,PO-202506-001111,2,MAT-0162,10855,3643,50.02,542967.1,WH-01,2025-07-25T13:04:00+08:00
PO-202506-001111-03,PO-202506-001111,3,MAT-0001,7524,1666,183.77,1382685.48,WH-02,2025-07-04T13:04:00+08:00
PO-202506-001111-04,PO-202506-001111,4,MAT-0211,9667,207,951.31,9196313.77,WH-01,2025-07-22T13:04:00+08:00
PO-202604-001112-01,PO-202604-001112,1,MAT-0053,6909,5272,32.34,223437.06,WH-06,2026-05-15T00:55:00+08:00
PO-202604-001112-02,PO-202604-001112,2,MAT-0054,652,496,739.98,482466.96,WH-03,2026-04-29T00:55:00+08:00
PO-202506-001113-01,PO-202506-001113,1,MAT-0141,3310,530,211.38,699667.8,WH-02,2025-08-07T21:24:00+08:00
PO-202506-001113-02,PO-202506-001113,2,MAT-0226,3147,1451,302.52,952030.44,WH-03,2025-07-30T21:24:00+08:00
PO-202508-001114-01,PO-202508-001114,1,MAT-0143,10104,6844,983.34,9935667.36,WH-01,2025-08-22T10:37:00+08:00
PO-202508-001114-02,PO-202508-001114,2,MAT-0213,9943,6352,305.48,3037387.64,WH-04,2025-09-17T10:37:00+08:00
PO-202511-001115-01,PO-202511-001115,1,MAT-0190,2185,75,180.94,395353.9,WH-04,2025-11-12T02:13:00+08:00
PO-202511-001115-02,PO-202511-001115,2,MAT-0192,1256,349,102.38,128589.28,WH-03,2025-12-19T02:13:00+08:00
PO-202511-001115-03,PO-202511-001115,3,MAT-0013,1240,786,1134.01,1406172.4,WH-02,2025-12-12T02:13:00+08:00
PO-202511-001115-04,PO-202511-001115,4,MAT-0188,7884,3255,91.56,721859.04,WH-05,2025-11-13T02:13:00+08:00
PO-202509-001116-01,PO-202509-001116,1,MAT-0056,2639,569,303.56,801094.84,WH-01,2025-10-10T19:11:00+08:00
PO-202509-001116-02,PO-202509-001116,2,MAT-0057,7859,4252,131.94,1036916.46,WH-03,2025-10-07T19:11:00+08:00
PO-202509-001116-03,PO-202509-001116,3,MAT-0188,2312,165,79.47,183734.64,WH-03,2025-10-01T19:11:00+08:00
PO-202510-001117-01,PO-202510-001117,1,MAT-0007,4615,4615,1230.87,5680465.05,WH-02,2025-10-18T04:48:00+08:00
PO-202508-001118-01,PO-202508-001118,1,MAT-0067,1956,726,65.58,128274.48,WH-03,2025-09-15T13:21:00+08:00
PO-202509-001119-01,PO-202509-001119,1,MAT-0150,4418,4418,13.77,60835.86,WH-02,2025-09-22T14:34:00+08:00
PO-202509-001119-02,PO-202509-001119,2,MAT-0024,5586,5586,18.15,101385.9,WH-05,2025-10-09T14:34:00+08:00
PO-202606-001120-01,PO-202606-001120,1,MAT-0236,2109,810,611.12,1288852.08,WH-03,2026-06-15T08:00:00+08:00
PO-202606-001120-02,PO-202606-001120,2,MAT-0195,9540,6650,1.41,13451.4,WH-01,2026-06-15T08:00:00+08:00
PO-202606-001120-03,PO-202606-001120,3,MAT-0062,2935,1833,1070.87,3143003.45,WH-02,2026-06-14T06:07:00+08:00
PO-202512-001121-01,PO-202512-001121,1,MAT-0238,616,616,126.4,77862.4,WH-03,2026-01-01T13:23:00+08:00
PO-202512-001121-02,PO-202512-001121,2,MAT-0212,2033,2033,305.35,620776.55,WH-06,2026-02-02T13:23:00+08:00
PO-202512-001121-03,PO-202512-001121,3,MAT-0204,9020,9020,206.52,1862810.4,WH-01,2026-01-02T13:23:00+08:00
PO-202510-001122-01,PO-202510-001122,1,MAT-0221,10263,10263,275.47,2827148.61,WH-06,2025-11-13T21:02:00+08:00
PO-202601-001123-01,PO-202601-001123,1,MAT-0216,4575,4575,138.68,634461.0,WH-06,2026-02-06T22:15:00+08:00
PO-202601-001123-02,PO-202601-001123,2,MAT-0037,8266,8266,628.07,5191626.62,WH-02,2026-01-29T22:15:00+08:00
PO-202601-001123-03,PO-202601-001123,3,MAT-0085,8579,8579,467.45,4010253.55,WH-01,2026-01-18T22:15:00+08:00
PO-202601-001123-04,PO-202601-001123,4,MAT-0147,5255,5255,610.63,3208860.65,WH-02,2026-01-18T22:15:00+08:00
PO-202512-001124-01,PO-202512-001124,1,MAT-0146,11825,11825,572.48,6769576.0,WH-02,2025-12-22T11:27:00+08:00
PO-202512-001124-02,PO-202512-001124,2,MAT-0193,8084,8084,148.21,1198129.64,WH-02,2025-12-31T11:27:00+08:00
PO-202512-001124-03,PO-202512-001124,3,MAT-0034,3488,3488,43.33,151135.04,WH-04,2026-01-14T11:27:00+08:00
PO-202512-001124-04,PO-202512-001124,4,MAT-0231,3556,3556,290.32,1032377.92,WH-03,2025-12-29T11:27:00+08:00
PO-202509-001125-01,PO-202509-001125,1,MAT-0095,5589,2886,411.96,2302444.44,WH-01,2025-11-01T17:14:00+08:00
PO-202606-001126-01,PO-202606-001126,1,MAT-0152,11416,11416,653.45,7459785.2,WH-05,2026-06-15T08:00:00+08:00
PO-202602-001127-01,PO-202602-001127,1,MAT-0191,6672,4198,378.06,2522416.32,WH-05,2026-03-21T13:21:00+08:00
PO-202602-001127-02,PO-202602-001127,2,MAT-0094,2149,523,232.4,499427.6,WH-04,2026-03-25T13:21:00+08:00
PO-202602-001127-03,PO-202602-001127,3,MAT-0071,8571,78,29.33,251387.43,WH-05,2026-03-26T13:21:00+08:00
PO-202602-001127-04,PO-202602-001127,4,MAT-0068,9378,1903,135.08,1266780.24,WH-05,2026-03-05T13:21:00+08:00
PO-202508-001128-01,PO-202508-001128,1,MAT-0018,11848,11848,32.61,386363.28,WH-03,2025-08-18T16:57:00+08:00
PO-202508-001128-02,PO-202508-001128,2,MAT-0235,6834,6834,138.5,946509.0,WH-02,2025-08-12T16:57:00+08:00
PO-202508-001128-03,PO-202508-001128,3,MAT-0083,1258,1258,279.87,352076.46,WH-04,2025-08-18T16:57:00+08:00
PO-202507-001129-01,PO-202507-001129,1,MAT-0200,11155,11155,434.03,4841604.65,WH-02,2025-07-29T17:17:00+08:00
PO-202507-001129-02,PO-202507-001129,2,MAT-0214,6111,6111,169.29,1034531.19,WH-03,2025-07-25T17:17:00+08:00
PO-202601-001130-01,PO-202601-001130,1,MAT-0013,4624,2818,957.12,4425722.88,WH-01,2026-01-22T02:04:00+08:00
PO-202601-001130-02,PO-202601-001130,2,MAT-0128,4754,1941,46.44,220775.76,WH-04,2026-02-18T02:04:00+08:00
PO-202601-001130-03,PO-202601-001130,3,MAT-0225,9385,4701,665.15,6242432.75,WH-06,2026-02-08T02:04:00+08:00
PO-202601-001130-04,PO-202601-001130,4,MAT-0131,1935,190,592.17,1145848.95,WH-04,2026-02-18T02:04:00+08:00
PO-202511-001131-01,PO-202511-001131,1,MAT-0226,7475,1242,302.52,2261337.0,WH-01,2026-01-03T15:09:00+08:00
PO-202511-001131-02,PO-202511-001131,2,MAT-0221,11627,7542,273.17,3176147.59,WH-02,2025-12-23T15:09:00+08:00
PO-202508-001132-01,PO-202508-001132,1,MAT-0105,4853,4853,584.81,2838082.93,WH-01,2025-09-05T06:37:00+08:00
PO-202508-001132-02,PO-202508-001132,2,MAT-0006,6473,6473,358.41,2319987.93,WH-03,2025-09-25T06:37:00+08:00
PO-202508-001132-03,PO-202508-001132,3,MAT-0124,10553,10553,550.73,5811853.69,WH-06,2025-10-05T06:37:00+08:00
PO-202508-001132-04,PO-202508-001132,4,MAT-0181,6980,6980,208.36,1454352.8,WH-05,2025-09-27T06:37:00+08:00
PO-202510-001133-01,PO-202510-001133,1,MAT-0186,5256,5256,389.51,2047264.56,WH-03,2025-11-09T20:04:00+08:00
PO-202510-001133-02,PO-202510-001133,2,MAT-0006,798,798,392.6,313294.8,WH-02,2025-11-05T20:04:00+08:00
PO-202510-001133-03,PO-202510-001133,3,MAT-0090,2491,2491,3.95,9839.45,WH-02,2025-11-24T20:04:00+08:00
PO-202510-001133-04,PO-202510-001133,4,MAT-0205,2721,2721,387.97,1055666.37,WH-01,2025-12-11T20:04:00+08:00
PO-202601-001134-01,PO-202601-001134,1,MAT-0113,6389,6389,107.71,688159.19,WH-03,2026-02-16T06:21:00+08:00
PO-202601-001134-02,PO-202601-001134,2,MAT-0183,5418,5418,101.67,550848.06,WH-02,2026-02-10T06:21:00+08:00
PO-202510-001135-01,PO-202510-001135,1,MAT-0012,5166,5166,790.12,4081759.92,WH-03,2025-10-24T00:41:00+08:00
PO-202510-001135-02,PO-202510-001135,2,MAT-0025,11004,11004,824.32,9070817.28,WH-03,2025-11-22T00:41:00+08:00
PO-202604-001136-01,PO-202604-001136,1,MAT-0108,9028,2187,293.16,2646648.48,WH-05,2026-05-16T02:48:00+08:00
PO-202604-001136-02,PO-202604-001136,2,MAT-0086,2208,1472,113.99,251689.92,WH-01,2026-05-28T02:48:00+08:00
PO-202604-001136-03,PO-202604-001136,3,MAT-0162,3061,2252,50.99,156080.39,WH-04,2026-05-31T02:48:00+08:00
PO-202602-001137-01,PO-202602-001137,1,MAT-0100,3720,849,350.09,1302334.8,WH-04,2026-03-28T23:36:00+08:00
PO-202602-001137-02,PO-202602-001137,2,MAT-0145,2258,1725,88.43,199674.94,WH-04,2026-03-27T23:36:00+08:00
PO-202602-001137-03,PO-202602-001137,3,MAT-0195,3434,1103,1.35,4635.9,WH-01,2026-02-28T23:36:00+08:00
PO-202508-001138-01,PO-202508-001138,1,MAT-0068,5647,5647,135.85,767144.95,WH-01,2025-09-15T05:38:00+08:00
PO-202508-001138-02,PO-202508-001138,2,MAT-0188,5229,5229,91.56,478767.24,WH-02,2025-08-22T05:38:00+08:00
PO-202508-001138-03,PO-202508-001138,3,MAT-0013,119,119,1134.01,134947.19,WH-02,2025-09-12T05:38:00+08:00
PO-202508-001138-04,PO-202508-001138,4,MAT-0184,7327,7327,332.65,2437326.55,WH-06,2025-08-29T05:38:00+08:00
PO-202510-001139-01,PO-202510-001139,1,MAT-0236,2706,2706,521.0,1409826.0,WH-02,2025-10-22T22:43:00+08:00
PO-202510-001140-01,PO-202510-001140,1,MAT-0121,7656,7656,170.39,1304505.84,WH-02,2025-10-04T19:36:00+08:00
PO-202510-001140-02,PO-202510-001140,2,MAT-0212,7148,7148,305.35,2182641.8,WH-05,2025-10-07T19:36:00+08:00
PO-202507-001141-01,PO-202507-001141,1,MAT-0061,6524,6524,303.34,1978990.16,WH-05,2025-08-21T19:02:00+08:00
PO-202507-001141-02,PO-202507-001141,2,MAT-0115,7771,7771,458.61,3563858.31,WH-05,2025-08-21T19:02:00+08:00
PO-202511-001142-01,PO-202511-001142,1,MAT-0117,8070,8070,199.22,1607705.4,WH-04,2025-11-23T07:07:00+08:00
PO-202511-001142-02,PO-202511-001142,2,MAT-0070,10124,10124,138.3,1400149.2,WH-03,2025-11-21T07:07:00+08:00
PO-202511-001142-03,PO-202511-001142,3,MAT-0105,4284,4284,584.62,2504512.08,WH-04,2025-12-25T07:07:00+08:00
PO-202511-001142-04,PO-202511-001142,4,MAT-0021,3121,3121,13.55,42289.55,WH-04,2025-12-06T07:07:00+08:00
PO-202606-001143-01,PO-202606-001143,1,MAT-0185,4401,3423,631.88,2780903.88,WH-05,2026-06-10T06:36:00+08:00
PO-202508-001144-01,PO-202508-001144,1,MAT-0030,11408,8505,26.67,304251.36,WH-04,2025-08-03T22:54:00+08:00
PO-202508-001144-02,PO-202508-001144,2,MAT-0206,11471,4658,77.93,893935.03,WH-04,2025-09-09T22:54:00+08:00
PO-202508-001144-03,PO-202508-001144,3,MAT-0125,3092,1035,760.89,2352671.88,WH-01,2025-09-12T22:54:00+08:00
PO-202604-001145-01,PO-202604-001145,1,MAT-0092,8630,3597,181.27,1564360.1,WH-02,2026-05-25T02:10:00+08:00
PO-202604-001145-02,PO-202604-001145,2,MAT-0142,6284,3910,450.37,2830125.08,WH-01,2026-05-14T02:10:00+08:00
PO-202606-001146-01,PO-202606-001146,1,MAT-0180,6199,3795,187.19,1160390.81,WH-05,2026-06-15T08:00:00+08:00
PO-202510-001147-01,PO-202510-001147,1,MAT-0235,6291,4781,166.29,1046130.39,WH-05,2025-11-21T14:01:00+08:00
PO-202510-001147-02,PO-202510-001147,2,MAT-0193,11577,4070,175.11,2027248.47,WH-02,2025-10-25T14:01:00+08:00
PO-202510-001147-03,PO-202510-001147,3,MAT-0115,6268,4635,459.02,2877137.36,WH-03,2025-11-09T14:01:00+08:00
PO-202511-001148-01,PO-202511-001148,1,MAT-0056,175,175,303.56,53123.0,WH-03,2026-01-02T16:36:00+08:00
PO-202511-001148-02,PO-202511-001148,2,MAT-0188,3855,3855,79.47,306356.85,WH-01,2025-12-04T16:36:00+08:00
PO-202511-001148-03,PO-202511-001148,3,MAT-0194,7920,7920,15.76,124819.2,WH-05,2025-12-29T16:36:00+08:00
PO-202511-001148-04,PO-202511-001148,4,MAT-0057,7165,7165,131.94,945350.1,WH-02,2025-12-19T16:36:00+08:00
PO-202604-001149-01,PO-202604-001149,1,MAT-0224,10286,10286,358.85,3691131.1,WH-06,2026-06-04T15:21:00+08:00
PO-202604-001149-02,PO-202604-001149,2,MAT-0152,8366,8366,653.45,5466762.7,WH-01,2026-05-07T15:21:00+08:00
PO-202604-001149-03,PO-202604-001149,3,MAT-0077,1330,1330,5.64,7501.2,WH-04,2026-06-03T15:21:00+08:00
PO-202509-001150-01,PO-202509-001150,1,MAT-0123,1625,338,135.01,219391.25,WH-04,2025-10-05T04:33:00+08:00
PO-202509-001150-02,PO-202509-001150,2,MAT-0060,4143,1708,553.7,2293979.1,WH-04,2025-10-10T04:33:00+08:00
PO-202603-001151-01,PO-202603-001151,1,MAT-0060,4408,4408,537.43,2368991.44,WH-05,2026-04-23T13:37:00+08:00
PO-202603-001151-02,PO-202603-001151,2,MAT-0131,2705,2705,592.17,1601819.85,WH-05,2026-03-31T13:37:00+08:00
PO-202603-001151-03,PO-202603-001151,3,MAT-0128,6552,6552,46.44,304274.88,WH-01,2026-04-04T13:37:00+08:00
PO-202601-001152-01,PO-202601-001152,1,MAT-0156,1569,1569,19.09,29952.21,WH-05,2026-02-11T16:54:00+08:00
PO-202601-001152-02,PO-202601-001152,2,MAT-0211,6572,6572,799.95,5257271.4,WH-01,2026-01-24T16:54:00+08:00
PO-202601-001152-03,PO-202601-001152,3,MAT-0121,5712,5712,195.03,1114011.36,WH-03,2026-01-18T16:54:00+08:00
PO-202601-001152-04,PO-202601-001152,4,MAT-0138,5178,5178,187.36,970150.08,WH-03,2026-01-31T16:54:00+08:00
PO-202510-001153-01,PO-202510-001153,1,MAT-0206,6579,6579,81.22,534346.38,WH-02,2025-12-02T20:07:00+08:00
PO-202510-001153-02,PO-202510-001153,2,MAT-0093,704,704,885.66,623504.64,WH-04,2025-10-30T20:07:00+08:00
PO-202510-001153-03,PO-202510-001153,3,MAT-0036,8203,8203,115.22,945149.66,WH-04,2025-11-19T20:07:00+08:00
PO-202510-001153-04,PO-202510-001153,4,MAT-0064,5421,5421,95.16,515862.36,WH-03,2025-11-04T20:07:00+08:00
PO-202509-001154-01,PO-202509-001154,1,MAT-0221,1432,1432,288.92,413733.44,WH-04,2025-10-30T23:21:00+08:00
PO-202509-001154-02,PO-202509-001154,2,MAT-0214,955,955,168.84,161242.2,WH-03,2025-09-21T23:21:00+08:00
PO-202509-001154-03,PO-202509-001154,3,MAT-0069,10246,10246,493.44,5055786.24,WH-03,2025-10-16T23:21:00+08:00
PO-202509-001154-04,PO-202509-001154,4,MAT-0180,6881,6881,171.3,1178715.3,WH-02,2025-09-21T23:21:00+08:00
PO-202511-001155-01,PO-202511-001155,1,MAT-0119,5689,3916,2.69,15303.41,WH-02,2025-11-27T11:55:00+08:00
PO-202511-001155-02,PO-202511-001155,2,MAT-0178,3286,891,424.25,1394085.5,WH-01,2025-12-14T11:55:00+08:00
PO-202511-001155-03,PO-202511-001155,3,MAT-0114,229,144,256.95,58841.55,WH-01,2025-12-15T11:55:00+08:00
PO-202511-001155-04,PO-202511-001155,4,MAT-0060,6424,3931,489.56,3144933.44,WH-06,2025-11-26T11:55:00+08:00
PO-202510-001156-01,PO-202510-001156,1,MAT-0160,1906,267,306.67,584513.02,WH-02,2025-11-17T10:37:00+08:00
PO-202510-001156-02,PO-202510-001156,2,MAT-0210,8260,1810,71.22,588277.2,WH-04,2025-10-26T10:37:00+08:00
PO-202510-001156-03,PO-202510-001156,3,MAT-0158,416,175,37.61,15645.76,WH-01,2025-11-19T10:37:00+08:00
PO-202601-001157-01,PO-202601-001157,1,MAT-0146,5458,1892,584.15,3188290.7,WH-04,2026-01-28T11:38:00+08:00
PO-202601-001157-02,PO-202601-001157,2,MAT-0108,10813,3143,324.6,3509899.8,WH-04,2026-02-22T11:38:00+08:00
PO-202601-001157-03,PO-202601-001157,3,MAT-0121,3604,815,188.18,678200.72,WH-02,2026-02-26T11:38:00+08:00
PO-202601-001157-04,PO-202601-001157,4,MAT-0120,8073,4033,15.07,121660.11,WH-01,2026-01-27T11:38:00+08:00
PO-202509-001158-01,PO-202509-001158,1,MAT-0151,6370,1339,175.41,1117361.7,WH-04,2025-11-06T17:15:00+08:00
PO-202509-001158-02,PO-202509-001158,2,MAT-0095,9225,5877,361.39,3333822.75,WH-02,2025-10-31T17:15:00+08:00
PO-202509-001158-03,PO-202509-001158,3,MAT-0211,823,617,951.31,782928.13,WH-05,2025-10-27T17:15:00+08:00
PO-202509-001158-04,PO-202509-001158,4,MAT-0056,9028,5886,294.11,2655225.08,WH-06,2025-10-26T17:15:00+08:00
PO-202511-001159-01,PO-202511-001159,1,MAT-0111,6547,237,42.49,278182.03,WH-01,2025-11-25T01:26:00+08:00
PO-202511-001159-02,PO-202511-001159,2,MAT-0237,8121,2190,48.74,395817.54,WH-02,2025-12-05T01:26:00+08:00
PO-202511-001159-03,PO-202511-001159,3,MAT-0096,6016,1953,315.65,1898950.4,WH-01,2025-12-14T01:26:00+08:00
PO-202506-001160-01,PO-202506-001160,1,MAT-0015,11496,5217,363.3,4176496.8,WH-03,2025-07-15T19:39:00+08:00
PO-202506-001160-02,PO-202506-001160,2,MAT-0126,6718,3010,455.43,3059578.74,WH-05,2025-06-27T19:39:00+08:00
PO-202506-001160-03,PO-202506-001160,3,MAT-0218,9018,4412,170.57,1538200.26,WH-03,2025-07-26T19:39:00+08:00
PO-202601-001161-01,PO-202601-001161,1,MAT-0025,8727,1286,755.57,6593859.39,WH-05,2026-03-05T14:53:00+08:00
PO-202601-001161-02,PO-202601-001161,2,MAT-0085,388,19,467.45,181370.6,WH-02,2026-03-02T14:53:00+08:00
PO-202601-001161-03,PO-202601-001161,3,MAT-0112,11311,5733,17.75,200770.25,WH-02,2026-02-27T14:53:00+08:00
PO-202601-001161-04,PO-202601-001161,4,MAT-0037,5368,3170,628.07,3371479.76,WH-03,2026-03-12T14:53:00+08:00
PO-202507-001162-01,PO-202507-001162,1,MAT-0232,6649,6649,1010.43,6718349.07,WH-06,2025-08-08T23:18:00+08:00
PO-202507-001162-02,PO-202507-001162,2,MAT-0072,3904,3904,956.09,3732575.36,WH-05,2025-08-12T23:18:00+08:00
PO-202507-001162-03,PO-202507-001162,3,MAT-0185,8403,8403,564.22,4741140.66,WH-06,2025-07-25T23:18:00+08:00
PO-202509-001163-01,PO-202509-001163,1,MAT-0177,9308,2247,612.36,5699846.88,WH-06,2025-10-04T15:00:00+08:00
PO-202509-001163-02,PO-202509-001163,2,MAT-0064,879,540,95.16,83645.64,WH-06,2025-10-02T15:00:00+08:00
PO-202509-001163-03,PO-202509-001163,3,MAT-0127,4748,3318,945.2,4487809.6,WH-04,2025-10-22T15:00:00+08:00
PO-202509-001163-04,PO-202509-001163,4,MAT-0115,10499,6905,383.64,4027836.36,WH-06,2025-10-01T15:00:00+08:00
PO-202603-001164-01,PO-202603-001164,1,MAT-0040,7461,7461,26.93,200924.73,WH-01,2026-03-27T07:41:00+08:00
PO-202603-001164-02,PO-202603-001164,2,MAT-0144,9883,9883,10.74,106143.42,WH-03,2026-05-02T07:41:00+08:00
PO-202603-001164-03,PO-202603-001164,3,MAT-0180,2741,2741,155.07,425046.87,WH-05,2026-03-30T07:41:00+08:00
PO-202603-001164-04,PO-202603-001164,4,MAT-0168,6965,6965,546.68,3807626.2,WH-04,2026-03-30T07:41:00+08:00
PO-202510-001165-01,PO-202510-001165,1,MAT-0106,7377,7377,764.11,5636839.47,WH-01,2025-11-08T17:43:00+08:00
PO-202510-001165-02,PO-202510-001165,2,MAT-0223,10836,10836,653.51,7081434.36,WH-03,2025-10-19T17:43:00+08:00
PO-202510-001165-03,PO-202510-001165,3,MAT-0150,7952,7952,16.98,135024.96,WH-04,2025-11-20T17:43:00+08:00
PO-202510-001165-04,PO-202510-001165,4,MAT-0182,6592,6592,330.69,2179908.48,WH-06,2025-11-10T17:43:00+08:00
PO-202604-001166-01,PO-202604-001166,1,MAT-0081,8499,4680,690.28,5866689.72,WH-03,2026-05-30T23:34:00+08:00
PO-202604-001166-02,PO-202604-001166,2,MAT-0176,3481,2019,1059.74,3688954.94,WH-03,2026-05-12T23:34:00+08:00
PO-202604-001166-03,PO-202604-001166,3,MAT-0106,5313,3530,668.99,3554343.87,WH-02,2026-04-26T23:34:00+08:00
PO-202511-001167-01,PO-202511-001167,1,MAT-0119,255,255,3.08,785.4,WH-01,2025-12-09T12:19:00+08:00
PO-202602-001168-01,PO-202602-001168,1,MAT-0183,5952,5952,101.67,605139.84,WH-02,2026-04-08T19:14:00+08:00
PO-202602-001168-02,PO-202602-001168,2,MAT-0019,7230,7230,28.14,203452.2,WH-05,2026-03-21T19:14:00+08:00
PO-202509-001169-01,PO-202509-001169,1,MAT-0196,881,366,66.04,58181.24,WH-02,2025-09-08T13:30:00+08:00
PO-202509-001169-02,PO-202509-001169,2,MAT-0095,9746,1816,305.89,2981203.94,WH-06,2025-10-04T13:30:00+08:00
PO-202509-001169-03,PO-202509-001169,3,MAT-0151,6174,1774,165.09,1019265.66,WH-01,2025-09-26T13:30:00+08:00
PO-202605-001170-01,PO-202605-001170,1,MAT-0004,10926,1501,411.91,4500528.66,WH-04,2026-05-24T09:27:00+08:00
PO-202605-001170-02,PO-202605-001170,2,MAT-0007,3547,31,1230.87,4365895.89,WH-03,2026-06-15T08:00:00+08:00
PO-202512-001171-01,PO-202512-001171,1,MAT-0070,10181,3294,141.52,1440815.12,WH-02,2026-01-17T14:57:00+08:00
PO-202512-001171-02,PO-202512-001171,2,MAT-0234,6105,3954,160.07,977227.35,WH-01,2025-12-10T14:57:00+08:00
PO-202601-001172-01,PO-202601-001172,1,MAT-0143,6410,6410,1112.01,7127984.1,WH-01,2026-02-16T17:36:00+08:00
PO-202601-001173-01,PO-202601-001173,1,MAT-0139,640,112,232.93,149075.2,WH-06,2026-01-30T16:13:00+08:00
PO-202601-001173-02,PO-202601-001173,2,MAT-0230,763,105,1142.6,871803.8,WH-05,2026-02-12T16:13:00+08:00
PO-202601-001173-03,PO-202601-001173,3,MAT-0118,3320,1764,378.8,1257616.0,WH-04,2026-01-20T16:13:00+08:00
PO-202601-001173-04,PO-202601-001173,4,MAT-0228,4561,1250,9.87,45017.07,WH-06,2026-01-31T16:13:00+08:00
PO-202508-001174-01,PO-202508-001174,1,MAT-0208,2508,2508,150.58,377654.64,WH-04,2025-09-03T23:06:00+08:00
PO-202508-001174-02,PO-202508-001174,2,MAT-0189,2766,2766,935.52,2587648.32,WH-02,2025-08-23T23:06:00+08:00
PO-202508-001174-03,PO-202508-001174,3,MAT-0002,4063,4063,1041.31,4230842.53,WH-05,2025-08-30T23:06:00+08:00
PO-202508-001174-04,PO-202508-001174,4,MAT-0147,10708,10708,605.73,6486156.84,WH-02,2025-09-08T23:06:00+08:00
PO-202509-001175-01,PO-202509-001175,1,MAT-0125,6319,1002,761.81,4813877.39,WH-02,2025-10-22T13:43:00+08:00
PO-202509-001175-02,PO-202509-001175,2,MAT-0236,6883,718,521.0,3586043.0,WH-03,2025-10-03T13:43:00+08:00
PO-202509-001175-03,PO-202509-001175,3,MAT-0063,11707,689,118.11,1382713.77,WH-02,2025-10-09T13:43:00+08:00
PO-202506-001176-01,PO-202506-001176,1,MAT-0120,6675,436,19.55,130496.25,WH-06,2025-07-01T09:59:00+08:00
PO-202508-001177-01,PO-202508-001177,1,MAT-0127,11012,5247,1091.54,12020038.48,WH-06,2025-09-18T09:46:00+08:00
PO-202512-001178-01,PO-202512-001178,1,MAT-0184,11788,11788,248.54,2929789.52,WH-02,2025-12-19T05:19:00+08:00
PO-202512-001178-02,PO-202512-001178,2,MAT-0065,2077,2077,353.17,733534.09,WH-06,2025-12-24T05:19:00+08:00
PO-202512-001178-03,PO-202512-001178,3,MAT-0165,9290,9290,318.57,2959515.3,WH-06,2025-12-25T05:19:00+08:00
PO-202508-001179-01,PO-202508-001179,1,MAT-0213,5781,3393,292.46,1690711.26,WH-05,2025-09-15T06:06:00+08:00
PO-202508-001179-02,PO-202508-001179,2,MAT-0235,7480,635,138.5,1035980.0,WH-03,2025-09-05T06:06:00+08:00
PO-202602-001180-01,PO-202602-001180,1,MAT-0115,932,18,369.79,344644.28,WH-03,2026-02-06T00:17:00+08:00
PO-202602-001180-02,PO-202602-001180,2,MAT-0211,7394,2269,984.59,7280058.46,WH-06,2026-03-07T00:17:00+08:00
PO-202606-001181-01,PO-202606-001181,1,MAT-0074,7772,657,15.25,118523.0,WH-02,2026-06-15T08:00:00+08:00
PO-202606-001181-02,PO-202606-001181,2,MAT-0174,10052,6880,5.75,57799.0,WH-05,2026-06-15T08:00:00+08:00
PO-202604-001182-01,PO-202604-001182,1,MAT-0214,11751,291,168.84,1984038.84,WH-04,2026-04-29T00:36:00+08:00
PO-202604-001182-02,PO-202604-001182,2,MAT-0106,6862,1532,787.04,5400668.48,WH-04,2026-05-23T00:36:00+08:00
PO-202511-001183-01,PO-202511-001183,1,MAT-0147,4102,4102,610.63,2504804.26,WH-01,2025-12-11T06:27:00+08:00
PO-202511-001183-02,PO-202511-001183,2,MAT-0109,4166,4166,34.71,144601.86,WH-02,2025-12-09T06:27:00+08:00
PO-202511-001183-03,PO-202511-001183,3,MAT-0061,1949,1949,386.25,752801.25,WH-04,2025-11-12T06:27:00+08:00
PO-202511-001183-04,PO-202511-001183,4,MAT-0016,6077,6077,254.0,1543558.0,WH-04,2025-12-08T06:27:00+08:00
PO-202510-001184-01,PO-202510-001184,1,MAT-0125,10618,4500,1047.09,11118001.62,WH-01,2025-10-30T01:22:00+08:00
PO-202510-001184-02,PO-202510-001184,2,MAT-0105,7324,1732,652.44,4778470.56,WH-03,2025-11-06T01:22:00+08:00
PO-202601-001185-01,PO-202601-001185,1,MAT-0099,556,158,43.45,24158.2,WH-02,2026-02-13T08:23:00+08:00
PO-202601-001186-01,PO-202601-001186,1,MAT-0145,7739,7739,88.43,684359.77,WH-02,2026-01-06T07:57:00+08:00
PO-202601-001186-02,PO-202601-001186,2,MAT-0049,7302,7302,4.56,33297.12,WH-05,2026-02-12T07:57:00+08:00
PO-202512-001187-01,PO-202512-001187,1,MAT-0131,9623,9623,472.7,4548792.1,WH-04,2025-12-16T18:11:00+08:00
PO-202604-001188-01,PO-202604-001188,1,MAT-0084,5596,5596,450.0,2518200.0,WH-02,2026-05-29T01:53:00+08:00
PO-202604-001188-02,PO-202604-001188,2,MAT-0232,576,576,872.41,502508.16,WH-01,2026-06-06T01:53:00+08:00
PO-202510-001189-01,PO-202510-001189,1,MAT-0015,10074,3316,319.52,3218844.48,WH-05,2025-10-20T10:32:00+08:00
PO-202510-001189-02,PO-202510-001189,2,MAT-0184,9780,6890,281.69,2754928.2,WH-03,2025-10-04T10:32:00+08:00
PO-202510-001189-03,PO-202510-001189,3,MAT-0088,5222,2132,489.17,2554445.74,WH-03,2025-10-06T10:32:00+08:00
PO-202604-001190-01,PO-202604-001190,1,MAT-0176,6741,6741,1076.66,7257765.06,WH-01,2026-04-14T14:02:00+08:00
PO-202512-001191-01,PO-202512-001191,1,MAT-0010,7330,7330,708.47,5193085.1,WH-02,2026-01-18T11:05:00+08:00
PO-202512-001191-02,PO-202512-001191,2,MAT-0037,10774,10774,674.33,7265231.42,WH-01,2026-01-30T11:05:00+08:00
PO-202512-001191-03,PO-202512-001191,3,MAT-0191,6116,6116,336.92,2060602.72,WH-05,2026-01-14T11:05:00+08:00
PO-202512-001191-04,PO-202512-001191,4,MAT-0056,10362,10362,303.56,3145488.72,WH-01,2026-01-20T11:05:00+08:00
PO-202603-001192-01,PO-202603-001192,1,MAT-0120,10429,1284,19.55,203886.95,WH-06,2026-04-16T21:50:00+08:00
PO-202507-001193-01,PO-202507-001193,1,MAT-0083,8893,1222,288.86,2568831.98,WH-02,2025-08-09T23:18:00+08:00
PO-202507-001193-02,PO-202507-001193,2,MAT-0204,5977,1478,206.52,1234370.04,WH-05,2025-07-27T23:18:00+08:00
PO-202507-001193-03,PO-202507-001193,3,MAT-0238,9637,3978,126.4,1218116.8,WH-06,2025-08-01T23:18:00+08:00
PO-202507-001194-01,PO-202507-001194,1,MAT-0204,461,461,206.52,95205.72,WH-02,2025-08-13T23:55:00+08:00
PO-202507-001194-02,PO-202507-001194,2,MAT-0226,4597,4597,279.52,1284953.44,WH-01,2025-08-16T23:55:00+08:00
PO-202604-001195-01,PO-202604-001195,1,MAT-0011,1793,1793,8.0,14344.0,WH-06,2026-05-11T18:07:00+08:00
PO-202604-001195-02,PO-202604-001195,2,MAT-0055,1865,1865,571.36,1065586.4,WH-05,2026-05-12T18:07:00+08:00
PO-202506-001196-01,PO-202506-001196,1,MAT-0097,5598,5598,917.05,5133645.9,WH-03,2025-07-24T16:42:00+08:00
PO-202506-001196-02,PO-202506-001196,2,MAT-0134,5917,5917,218.54,1293101.18,WH-01,2025-07-20T16:42:00+08:00
PO-202506-001196-03,PO-202506-001196,3,MAT-0031,6738,6738,742.31,5001684.78,WH-06,2025-07-11T16:42:00+08:00
PO-202506-001196-04,PO-202506-001196,4,MAT-0074,2735,2735,20.45,55930.75,WH-01,2025-06-26T16:42:00+08:00
PO-202508-001197-01,PO-202508-001197,1,MAT-0065,9089,4705,434.02,3944807.78,WH-04,2025-08-17T07:31:00+08:00
PO-202603-001198-01,PO-202603-001198,1,MAT-0013,2020,20,941.74,1902314.8,WH-03,2026-04-26T09:22:00+08:00
PO-202603-001198-02,PO-202603-001198,2,MAT-0006,11747,8267,358.41,4210242.27,WH-05,2026-04-01T09:22:00+08:00
PO-202603-001198-03,PO-202603-001198,3,MAT-0166,4122,2862,761.75,3139933.5,WH-01,2026-04-06T09:22:00+08:00
PO-202506-001199-01,PO-202506-001199,1,MAT-0120,2676,1635,15.07,40327.32,WH-01,2025-08-07T17:14:00+08:00
PO-202506-001199-02,PO-202506-001199,2,MAT-0188,1756,329,91.56,160779.36,WH-06,2025-07-09T17:14:00+08:00
PO-202507-001200-01,PO-202507-001200,1,MAT-0141,1535,177,190.59,292555.65,WH-01,2025-08-19T11:30:00+08:00
PO-202507-001200-02,PO-202507-001200,2,MAT-0127,8057,4844,1171.3,9437164.1,WH-01,2025-07-30T11:30:00+08:00
PO-202507-001200-03,PO-202507-001200,3,MAT-0180,8177,6363,171.3,1400720.1,WH-06,2025-07-23T11:30:00+08:00
PO-202605-001201-01,PO-202605-001201,1,MAT-0018,10927,513,27.37,299071.99,WH-05,2026-06-02T07:18:00+08:00
PO-202605-001201-02,PO-202605-001201,2,MAT-0145,1594,711,88.43,140957.42,WH-06,2026-06-09T07:18:00+08:00
PO-202605-001201-03,PO-202605-001201,3,MAT-0163,3604,482,437.15,1575488.6,WH-02,2026-05-18T07:18:00+08:00
PO-202605-001201-04,PO-202605-001201,4,MAT-0100,6063,799,350.09,2122595.67,WH-03,2026-06-02T07:18:00+08:00
PO-202603-001202-01,PO-202603-001202,1,MAT-0037,619,135,628.07,388775.33,WH-04,2026-05-06T19:28:00+08:00
PO-202603-001202-02,PO-202603-001202,2,MAT-0099,2969,1734,52.16,154863.04,WH-03,2026-05-08T19:28:00+08:00
PO-202605-001203-01,PO-202605-001203,1,MAT-0199,7101,7101,484.03,3437097.03,WH-06,2026-06-15T08:00:00+08:00
PO-202605-001203-02,PO-202605-001203,2,MAT-0149,1680,1680,228.74,384283.2,WH-01,2026-06-15T08:00:00+08:00
PO-202605-001203-03,PO-202605-001203,3,MAT-0169,9537,9537,39.06,372515.22,WH-06,2026-06-15T08:00:00+08:00
PO-202605-001203-04,PO-202605-001203,4,MAT-0026,5092,5092,1029.09,5240126.28,WH-04,2026-06-15T08:00:00+08:00
PO-202601-001204-01,PO-202601-001204,1,MAT-0076,526,526,299.46,157515.96,WH-06,2026-01-16T01:17:00+08:00
PO-202601-001204-02,PO-202601-001204,2,MAT-0003,1339,1339,252.18,337669.02,WH-02,2026-01-24T01:17:00+08:00
PO-202601-001204-03,PO-202601-001204,3,MAT-0233,4058,4058,26.59,107902.22,WH-02,2026-01-14T01:17:00+08:00
PO-202601-001204-04,PO-202601-001204,4,MAT-0230,1649,1649,840.98,1386776.02,WH-05,2026-01-31T01:17:00+08:00
PO-202605-001205-01,PO-202605-001205,1,MAT-0160,7906,3461,279.01,2205853.06,WH-06,2026-05-20T09:50:00+08:00
PO-202605-001205-02,PO-202605-001205,2,MAT-0109,1458,832,35.75,52123.5,WH-06,2026-06-06T09:50:00+08:00
PO-202512-001206-01,PO-202512-001206,1,MAT-0004,354,354,344.72,122030.88,WH-06,2026-01-31T04:19:00+08:00
PO-202512-001206-02,PO-202512-001206,2,MAT-0163,11758,11758,462.82,5441837.56,WH-05,2026-01-29T04:19:00+08:00
PO-202512-001206-03,PO-202512-001206,3,MAT-0191,4193,4193,392.15,1644284.95,WH-04,2026-01-03T04:19:00+08:00
PO-202509-001207-01,PO-202509-001207,1,MAT-0055,9085,2738,524.37,4763901.45,WH-02,2025-09-13T04:46:00+08:00
PO-202509-001207-02,PO-202509-001207,2,MAT-0197,4482,125,433.49,1942902.18,WH-02,2025-10-01T04:46:00+08:00
PO-202605-001208-01,PO-202605-001208,1,MAT-0063,10097,10097,104.21,1052208.37,WH-05,2026-05-24T13:35:00+08:00
PO-202605-001208-02,PO-202605-001208,2,MAT-0232,6360,6360,1010.43,6426334.8,WH-06,2026-06-15T08:00:00+08:00
PO-202605-001208-03,PO-202605-001208,3,MAT-0199,10822,10822,677.99,7337207.78,WH-04,2026-06-10T13:35:00+08:00
PO-202511-001209-01,PO-202511-001209,1,MAT-0034,9938,20,49.36,490539.68,WH-05,2025-12-23T02:22:00+08:00
PO-202511-001209-02,PO-202511-001209,2,MAT-0116,9982,4135,98.23,980531.86,WH-04,2025-12-19T02:22:00+08:00
PO-202508-001210-01,PO-202508-001210,1,MAT-0226,1184,1184,279.52,330951.68,WH-05,2025-08-16T02:44:00+08:00
PO-202512-001211-01,PO-202512-001211,1,MAT-0218,490,312,170.57,83579.3,WH-01,2026-01-12T10:25:00+08:00
PO-202605-001212-01,PO-202605-001212,1,MAT-0115,784,784,362.79,284427.36,WH-01,2026-06-15T08:00:00+08:00
PO-202605-001213-01,PO-202605-001213,1,MAT-0215,4086,131,69.17,282628.62,WH-02,2026-06-15T08:00:00+08:00
PO-202605-001213-02,PO-202605-001213,2,MAT-0194,8329,4635,13.83,115190.07,WH-02,2026-05-25T11:45:00+08:00
PO-202605-001213-03,PO-202605-001213,3,MAT-0033,9165,3131,176.51,1617714.15,WH-05,2026-06-03T11:45:00+08:00
PO-202605-001213-04,PO-202605-001213,4,MAT-0202,9034,3526,552.85,4994446.9,WH-05,2026-05-25T11:45:00+08:00
PO-202604-001214-01,PO-202604-001214,1,MAT-0095,10429,3503,315.01,3285239.29,WH-01,2026-05-03T22:13:00+08:00
PO-202604-001214-02,PO-202604-001214,2,MAT-0131,11996,1094,528.17,6335927.32,WH-03,2026-06-10T22:13:00+08:00
PO-202604-001214-03,PO-202604-001214,3,MAT-0065,1252,190,353.17,442168.84,WH-01,2026-05-28T22:13:00+08:00
PO-202509-001215-01,PO-202509-001215,1,MAT-0047,855,675,505.83,432484.65,WH-06,2025-10-18T22:25:00+08:00
PO-202509-001215-02,PO-202509-001215,2,MAT-0145,3228,2542,116.91,377385.48,WH-05,2025-10-08T22:25:00+08:00
PO-202512-001216-01,PO-202512-001216,1,MAT-0127,3471,598,945.2,3280789.2,WH-06,2025-12-13T19:26:00+08:00
PO-202601-001217-01,PO-202601-001217,1,MAT-0100,1298,980,350.09,454416.82,WH-03,2026-01-14T13:03:00+08:00
PO-202601-001217-02,PO-202601-001217,2,MAT-0035,8292,2289,10.3,85407.6,WH-05,2026-01-19T13:03:00+08:00
PO-202601-001217-03,PO-202601-001217,3,MAT-0026,3031,1204,950.58,2881207.98,WH-06,2026-02-20T13:03:00+08:00
PO-202601-001218-01,PO-202601-001218,1,MAT-0087,7163,7163,35.43,253785.09,WH-06,2026-01-25T19:30:00+08:00
PO-202605-001219-01,PO-202605-001219,1,MAT-0072,8408,3455,956.09,8038804.72,WH-04,2026-06-12T10:16:00+08:00
PO-202605-001219-02,PO-202605-001219,2,MAT-0063,914,421,104.21,95247.94,WH-06,2026-06-05T10:16:00+08:00
PO-202605-001219-03,PO-202605-001219,3,MAT-0216,4794,1035,125.7,602605.8,WH-05,2026-06-06T10:16:00+08:00
PO-202605-001219-04,PO-202605-001219,4,MAT-0129,5973,1322,538.96,3219208.08,WH-01,2026-06-07T10:16:00+08:00
PO-202507-001220-01,PO-202507-001220,1,MAT-0029,6244,6244,452.66,2826409.04,WH-01,2025-07-30T12:31:00+08:00
PO-202507-001220-02,PO-202507-001220,2,MAT-0203,3995,3995,658.92,2632385.4,WH-05,2025-09-05T12:31:00+08:00
PO-202507-001220-03,PO-202507-001220,3,MAT-0121,1922,1922,171.56,329738.32,WH-03,2025-08-19T12:31:00+08:00
PO-202512-001221-01,PO-202512-001221,1,MAT-0042,10802,1579,484.06,5228816.12,WH-04,2026-01-27T06:42:00+08:00
PO-202512-001221-02,PO-202512-001221,2,MAT-0129,3007,596,450.78,1355495.46,WH-06,2026-01-08T06:42:00+08:00
PO-202512-001221-03,PO-202512-001221,3,MAT-0230,6312,3707,941.66,5943757.92,WH-06,2026-02-05T06:42:00+08:00
PO-202509-001222-01,PO-202509-001222,1,MAT-0056,1056,1056,303.56,320559.36,WH-05,2025-10-27T23:52:00+08:00
PO-202509-001222-02,PO-202509-001222,2,MAT-0019,2052,2052,27.06,55527.12,WH-05,2025-09-30T23:52:00+08:00
PO-202509-001222-03,PO-202509-001222,3,MAT-0037,427,427,674.33,287938.91,WH-02,2025-10-19T23:52:00+08:00
PO-202509-001222-04,PO-202509-001222,4,MAT-0194,1781,1781,15.76,28068.56,WH-02,2025-09-26T23:52:00+08:00
PO-202511-001223-01,PO-202511-001223,1,MAT-0195,9280,2835,1.73,16054.4,WH-06,2025-11-23T23:15:00+08:00
PO-202511-001223-02,PO-202511-001223,2,MAT-0136,11417,730,736.69,8410789.73,WH-05,2025-12-12T23:15:00+08:00
PO-202604-001224-01,PO-202604-001224,1,MAT-0176,1613,1613,1076.66,1736652.58,WH-01,2026-04-15T02:30:00+08:00
PO-202604-001224-02,PO-202604-001224,2,MAT-0012,3883,3883,760.28,2952167.24,WH-06,2026-05-17T02:30:00+08:00
PO-202604-001224-03,PO-202604-001224,3,MAT-0223,6026,6026,653.51,3938051.26,WH-02,2026-05-04T02:30:00+08:00
PO-202601-001225-01,PO-202601-001225,1,MAT-0141,6179,3625,230.55,1424568.45,WH-01,2026-02-20T04:59:00+08:00
PO-202601-001225-02,PO-202601-001225,2,MAT-0077,7292,1539,5.17,37699.64,WH-04,2026-02-14T04:59:00+08:00
PO-202601-001225-03,PO-202601-001225,3,MAT-0178,1176,934,424.25,498918.0,WH-01,2026-03-16T04:59:00+08:00
PO-202509-001226-01,PO-202509-001226,1,MAT-0060,9707,6510,553.7,5374765.9,WH-04,2025-10-02T01:29:00+08:00
PO-202509-001226-02,PO-202509-001226,2,MAT-0123,1117,47,135.01,150806.17,WH-05,2025-10-24T01:29:00+08:00
PO-202602-001227-01,PO-202602-001227,1,MAT-0189,11321,335,935.52,10591021.92,WH-03,2026-04-02T19:36:00+08:00
PO-202602-001227-02,PO-202602-001227,2,MAT-0208,7633,5058,150.58,1149377.14,WH-01,2026-03-12T19:36:00+08:00
PO-202602-001227-03,PO-202602-001227,3,MAT-0087,6805,1907,43.27,294452.35,WH-05,2026-03-23T19:36:00+08:00
PO-202602-001227-04,PO-202602-001227,4,MAT-0030,7001,2479,28.07,196518.07,WH-05,2026-03-29T19:36:00+08:00
PO-202605-001228-01,PO-202605-001228,1,MAT-0139,11681,8281,232.93,2720855.33,WH-01,2026-06-06T18:55:00+08:00
PO-202605-001228-02,PO-202605-001228,2,MAT-0013,1255,814,1057.66,1327363.3,WH-02,2026-05-07T18:55:00+08:00
PO-202605-001228-03,PO-202605-001228,3,MAT-0117,2456,281,189.68,465854.08,WH-01,2026-06-08T18:55:00+08:00
PO-202605-001228-04,PO-202605-001228,4,MAT-0211,6686,5136,819.19,5477104.34,WH-04,2026-06-15T08:00:00+08:00
PO-202603-001229-01,PO-202603-001229,1,MAT-0236,6461,6461,578.39,3736977.79,WH-04,2026-04-18T08:55:00+08:00
PO-202603-001229-02,PO-202603-001229,2,MAT-0042,7146,7146,484.06,3459092.76,WH-06,2026-04-05T08:55:00+08:00
PO-202603-001229-03,PO-202603-001229,3,MAT-0189,1387,1387,1017.77,1411646.99,WH-01,2026-04-05T08:55:00+08:00
PO-202512-001230-01,PO-202512-001230,1,MAT-0179,10828,2970,568.78,6158749.84,WH-04,2026-01-13T04:51:00+08:00
PO-202512-001230-02,PO-202512-001230,2,MAT-0027,10662,5986,578.77,6170845.74,WH-03,2026-01-26T04:51:00+08:00
PO-202512-001230-03,PO-202512-001230,3,MAT-0239,5227,1363,485.34,2536872.18,WH-06,2026-01-30T04:51:00+08:00
PO-202512-001230-04,PO-202512-001230,4,MAT-0100,11810,2816,350.09,4134562.9,WH-01,2026-01-07T04:51:00+08:00
PO-202510-001231-01,PO-202510-001231,1,MAT-0181,3816,3816,208.36,795101.76,WH-04,2025-10-25T14:34:00+08:00
PO-202506-001232-01,PO-202506-001232,1,MAT-0222,8540,8540,646.09,5517608.6,WH-04,2025-06-29T09:12:00+08:00
PO-202506-001232-02,PO-202506-001232,2,MAT-0054,3189,3189,768.52,2450810.28,WH-04,2025-08-05T09:12:00+08:00
PO-202506-001232-03,PO-202506-001232,3,MAT-0181,3559,3559,242.47,862950.73,WH-02,2025-07-13T09:12:00+08:00
PO-202604-001233-01,PO-202604-001233,1,MAT-0049,6052,4720,4.56,27597.12,WH-06,2026-04-26T13:05:00+08:00
PO-202603-001234-01,PO-202603-001234,1,MAT-0158,2066,857,33.79,69810.14,WH-03,2026-04-16T23:56:00+08:00
PO-202603-001235-01,PO-202603-001235,1,MAT-0228,10795,10795,9.19,99206.05,WH-02,2026-04-07T04:32:00+08:00
PO-202603-001235-02,PO-202603-001235,2,MAT-0144,5886,5886,11.33,66688.38,WH-06,2026-04-17T04:32:00+08:00
PO-202603-001235-03,PO-202603-001235,3,MAT-0171,227,227,1109.67,251895.09,WH-02,2026-03-21T04:32:00+08:00
PO-202603-001235-04,PO-202603-001235,4,MAT-0001,6815,6815,204.17,1391418.55,WH-03,2026-03-27T04:32:00+08:00
PO-202603-001236-01,PO-202603-001236,1,MAT-0011,10517,527,8.0,84136.0,WH-03,2026-04-01T05:38:00+08:00
PO-202512-001237-01,PO-202512-001237,1,MAT-0095,7994,7994,305.89,2445284.66,WH-06,2025-12-27T11:44:00+08:00
PO-202512-001237-02,PO-202512-001237,2,MAT-0151,10080,10080,165.09,1664107.2,WH-02,2026-01-12T11:44:00+08:00
PO-202603-001238-01,PO-202603-001238,1,MAT-0128,11297,11297,50.94,575469.18,WH-01,2026-03-14T09:19:00+08:00
PO-202603-001238-02,PO-202603-001238,2,MAT-0076,11426,11426,300.89,3437969.14,WH-03,2026-03-09T09:19:00+08:00
PO-202507-001239-01,PO-202507-001239,1,MAT-0021,8150,1576,10.49,85493.5,WH-03,2025-07-11T14:29:00+08:00
PO-202507-001239-02,PO-202507-001239,2,MAT-0141,5379,1392,221.31,1190426.49,WH-03,2025-07-16T14:29:00+08:00
PO-202507-001239-03,PO-202507-001239,3,MAT-0199,3164,654,678.85,2147881.4,WH-02,2025-08-07T14:29:00+08:00
PO-202510-001240-01,PO-202510-001240,1,MAT-0139,8790,5598,246.39,2165768.1,WH-06,2025-10-11T20:40:00+08:00
PO-202601-001241-01,PO-202601-001241,1,MAT-0110,3887,2705,17.09,66428.83,WH-01,2026-01-16T02:40:00+08:00
PO-202601-001241-02,PO-202601-001241,2,MAT-0043,4650,992,280.5,1304325.0,WH-01,2026-02-06T02:40:00+08:00
PO-202511-001242-01,PO-202511-001242,1,MAT-0142,11707,11707,450.37,5272481.59,WH-02,2025-12-03T09:10:00+08:00
PO-202511-001242-02,PO-202511-001242,2,MAT-0037,3551,3551,624.89,2218984.39,WH-01,2025-12-22T09:10:00+08:00
PO-202511-001242-03,PO-202511-001242,3,MAT-0159,8748,8748,16.41,143554.68,WH-03,2025-12-10T09:10:00+08:00
PO-202508-001243-01,PO-202508-001243,1,MAT-0016,10542,10542,254.0,2677668.0,WH-06,2025-09-07T01:24:00+08:00
PO-202508-001243-02,PO-202508-001243,2,MAT-0150,7522,7522,15.79,118772.38,WH-05,2025-09-26T01:24:00+08:00
PO-202602-001244-01,PO-202602-001244,1,MAT-0221,5164,5164,298.15,1539646.6,WH-04,2026-03-11T04:42:00+08:00
PO-202511-001245-01,PO-202511-001245,1,MAT-0160,591,591,306.67,181241.97,WH-04,2026-01-05T04:32:00+08:00
PO-202511-001245-02,PO-202511-001245,2,MAT-0013,1624,1624,1057.66,1717639.84,WH-02,2026-01-01T04:32:00+08:00
PO-202507-001246-01,PO-202507-001246,1,MAT-0044,5194,725,18.39,95517.66,WH-05,2025-08-14T12:25:00+08:00
PO-202507-001246-02,PO-202507-001246,2,MAT-0086,11550,6931,113.99,1316584.5,WH-01,2025-08-03T12:25:00+08:00
PO-202507-001246-03,PO-202507-001246,3,MAT-0162,7166,353,50.99,365394.34,WH-04,2025-08-18T12:25:00+08:00
PO-202603-001247-01,PO-202603-001247,1,MAT-0119,5080,1854,3.08,15646.4,WH-02,2026-04-15T06:17:00+08:00
PO-202603-001247-02,PO-202603-001247,2,MAT-0120,7807,3252,15.07,117651.49,WH-04,2026-04-04T06:17:00+08:00
PO-202603-001247-03,PO-202603-001247,3,MAT-0190,11466,6231,180.94,2074658.04,WH-02,2026-04-24T06:17:00+08:00
PO-202512-001248-01,PO-202512-001248,1,MAT-0063,432,338,104.21,45018.72,WH-01,2025-12-24T02:34:00+08:00
PO-202512-001248-02,PO-202512-001248,2,MAT-0129,2337,396,538.96,1259549.52,WH-03,2026-01-26T02:34:00+08:00
PO-202509-001249-01,PO-202509-001249,1,MAT-0149,6930,3501,163.15,1130629.5,WH-01,2025-09-12T02:48:00+08:00
PO-202509-001249-02,PO-202509-001249,2,MAT-0017,5609,3333,85.83,481420.47,WH-04,2025-10-19T02:48:00+08:00
PO-202509-001249-03,PO-202509-001249,3,MAT-0196,4955,30,79.23,392584.65,WH-03,2025-10-08T02:48:00+08:00
PO-202605-001250-01,PO-202605-001250,1,MAT-0081,8693,8693,690.28,6000604.04,WH-04,2026-06-15T08:00:00+08:00
PO-202605-001250-02,PO-202605-001250,2,MAT-0194,11507,11507,13.24,152352.68,WH-02,2026-06-15T08:00:00+08:00
PO-202605-001250-03,PO-202605-001250,3,MAT-0224,135,135,357.9,48316.5,WH-02,2026-06-15T08:00:00+08:00
PO-202507-001251-01,PO-202507-001251,1,MAT-0099,1217,590,47.97,58379.49,WH-03,2025-08-20T00:48:00+08:00
PO-202507-001251-02,PO-202507-001251,2,MAT-0084,11640,5790,409.94,4771701.6,WH-02,2025-09-10T00:48:00+08:00
PO-202511-001252-01,PO-202511-001252,1,MAT-0228,11768,6455,9.87,116150.16,WH-02,2025-12-24T20:52:00+08:00
PO-202602-001253-01,PO-202602-001253,1,MAT-0117,244,171,175.08,42719.52,WH-06,2026-02-19T12:49:00+08:00
PO-202602-001253-02,PO-202602-001253,2,MAT-0147,2204,1010,590.82,1302167.28,WH-01,2026-03-03T12:49:00+08:00
PO-202506-001254-01,PO-202506-001254,1,MAT-0031,9438,9438,719.01,6786016.38,WH-04,2025-07-21T20:28:00+08:00
PO-202605-001255-01,PO-202605-001255,1,MAT-0173,2090,2090,878.58,1836232.2,WH-02,2026-06-01T20:54:00+08:00
PO-202605-001255-02,PO-202605-001255,2,MAT-0072,4099,4099,801.9,3286988.1,WH-02,2026-05-10T20:54:00+08:00
PO-202605-001255-03,PO-202605-001255,3,MAT-0228,8583,8583,7.49,64286.67,WH-05,2026-05-17T20:54:00+08:00
PO-202510-001256-01,PO-202510-001256,1,MAT-0092,11178,11178,160.52,1794292.56,WH-01,2025-10-18T07:00:00+08:00
PO-202512-001257-01,PO-202512-001257,1,MAT-0031,2914,2914,719.01,2095195.14,WH-04,2026-01-09T15:37:00+08:00
PO-202512-001257-02,PO-202512-001257,2,MAT-0213,6939,6939,316.11,2193487.29,WH-02,2025-12-21T15:37:00+08:00
PO-202604-001258-01,PO-202604-001258,1,MAT-0093,10768,3699,914.69,9849381.92,WH-03,2026-05-19T08:25:00+08:00
PO-202604-001258-02,PO-202604-001258,2,MAT-0133,3875,2389,60.48,234360.0,WH-04,2026-04-15T08:25:00+08:00
PO-202604-001258-03,PO-202604-001258,3,MAT-0184,3770,2475,270.59,1020124.3,WH-04,2026-05-20T08:25:00+08:00
PO-202604-001258-04,PO-202604-001258,4,MAT-0046,8187,6329,1191.9,9758085.3,WH-06,2026-05-04T08:25:00+08:00
PO-202506-001259-01,PO-202506-001259,1,MAT-0180,5232,5232,192.8,1008729.6,WH-04,2025-07-26T12:13:00+08:00
PO-202511-001260-01,PO-202511-001260,1,MAT-0134,11966,1342,218.54,2615049.64,WH-01,2025-11-23T13:34:00+08:00
PO-202511-001260-02,PO-202511-001260,2,MAT-0191,1037,306,400.74,415567.38,WH-06,2025-11-27T13:34:00+08:00
PO-202509-001261-01,PO-202509-001261,1,MAT-0156,1527,126,17.57,26829.39,WH-03,2025-09-12T13:28:00+08:00
PO-202509-001261-02,PO-202509-001261,2,MAT-0033,4150,2702,148.95,618142.5,WH-03,2025-10-18T13:28:00+08:00
PO-202512-001262-01,PO-202512-001262,1,MAT-0232,4291,236,872.41,3743511.31,WH-05,2026-01-27T00:58:00+08:00
PO-202509-001263-01,PO-202509-001263,1,MAT-0197,2294,2294,433.49,994426.06,WH-02,2025-10-01T01:23:00+08:00
PO-202512-001264-01,PO-202512-001264,1,MAT-0165,654,514,324.55,212255.7,WH-05,2025-12-22T22:50:00+08:00
PO-202512-001264-02,PO-202512-001264,2,MAT-0162,1902,302,50.02,95138.04,WH-02,2025-12-11T22:50:00+08:00
PO-202512-001264-03,PO-202512-001264,3,MAT-0093,1542,943,1111.43,1713825.06,WH-06,2026-01-06T22:50:00+08:00
PO-202602-001265-01,PO-202602-001265,1,MAT-0048,11964,11964,15.58,186399.12,WH-02,2026-02-17T13:00:00+08:00
PO-202602-001265-02,PO-202602-001265,2,MAT-0204,1952,1952,206.52,403127.04,WH-06,2026-02-11T13:00:00+08:00
PO-202512-001266-01,PO-202512-001266,1,MAT-0098,6003,2744,113.39,680680.17,WH-05,2026-01-16T08:01:00+08:00
PO-202606-001267-01,PO-202606-001267,1,MAT-0114,299,299,248.96,74439.04,WH-05,2026-06-15T08:00:00+08:00
PO-202606-001267-02,PO-202606-001267,2,MAT-0113,585,585,89.54,52380.9,WH-03,2026-06-13T19:22:00+08:00
PO-202509-001268-01,PO-202509-001268,1,MAT-0236,1944,431,521.0,1012824.0,WH-04,2025-09-27T23:31:00+08:00
PO-202509-001268-02,PO-202509-001268,2,MAT-0011,7594,5809,8.0,60752.0,WH-01,2025-09-11T23:31:00+08:00
PO-202509-001268-03,PO-202509-001268,3,MAT-0025,7767,3261,824.32,6402493.44,WH-05,2025-09-26T23:31:00+08:00
PO-202508-001269-01,PO-202508-001269,1,MAT-0071,9823,1930,29.33,288108.59,WH-01,2025-09-25T16:50:00+08:00
PO-202508-001269-02,PO-202508-001269,2,MAT-0091,7322,2091,72.25,529014.5,WH-05,2025-09-12T16:50:00+08:00
PO-202601-001270-01,PO-202601-001270,1,MAT-0010,8745,1402,835.52,7306622.4,WH-01,2026-03-06T23:09:00+08:00
PO-202603-001271-01,PO-202603-001271,1,MAT-0193,7462,7462,189.59,1414720.58,WH-04,2026-04-10T15:20:00+08:00
PO-202508-001272-01,PO-202508-001272,1,MAT-0164,4412,1848,778.8,3436065.6,WH-03,2025-08-05T09:15:00+08:00
PO-202508-001272-02,PO-202508-001272,2,MAT-0170,6387,1364,183.41,1171439.67,WH-03,2025-09-15T09:15:00+08:00
PO-202509-001273-01,PO-202509-001273,1,MAT-0066,4887,4887,153.49,750105.63,WH-05,2025-09-06T23:11:00+08:00
PO-202509-001273-02,PO-202509-001273,2,MAT-0191,4690,4690,392.15,1839183.5,WH-04,2025-09-29T23:11:00+08:00
PO-202509-001273-03,PO-202509-001273,3,MAT-0095,11357,11357,315.01,3577568.57,WH-03,2025-09-13T23:11:00+08:00
PO-202508-001274-01,PO-202508-001274,1,MAT-0123,7495,5289,134.85,1010700.75,WH-01,2025-08-14T02:49:00+08:00
PO-202508-001274-02,PO-202508-001274,2,MAT-0128,5386,914,50.94,274362.84,WH-02,2025-09-02T02:49:00+08:00
PO-202508-001274-03,PO-202508-001274,3,MAT-0090,4029,1505,4.44,17888.76,WH-06,2025-08-18T02:49:00+08:00
PO-202507-001275-01,PO-202507-001275,1,MAT-0181,11631,11631,208.36,2423435.16,WH-05,2025-08-19T17:37:00+08:00
PO-202602-001276-01,PO-202602-001276,1,MAT-0050,10110,7043,590.85,5973493.5,WH-02,2026-02-23T21:15:00+08:00
PO-202602-001276-02,PO-202602-001276,2,MAT-0197,3754,33,384.01,1441573.54,WH-05,2026-03-03T21:15:00+08:00
PO-202602-001276-03,PO-202602-001276,3,MAT-0025,2475,1959,925.39,2290340.25,WH-03,2026-04-06T21:15:00+08:00
PO-202602-001276-04,PO-202602-001276,4,MAT-0222,7388,4508,646.09,4773312.92,WH-02,2026-02-25T21:15:00+08:00
PO-202601-001277-01,PO-202601-001277,1,MAT-0103,9556,9556,598.11,5715539.16,WH-06,2026-02-05T05:27:00+08:00
PO-202601-001277-02,PO-202601-001277,2,MAT-0199,11293,11293,648.93,7328366.49,WH-06,2026-02-04T05:27:00+08:00
PO-202601-001277-03,PO-202601-001277,3,MAT-0205,451,451,355.1,160150.1,WH-03,2026-03-06T05:27:00+08:00
PO-202507-001278-01,PO-202507-001278,1,MAT-0113,8787,8787,107.71,946447.77,WH-06,2025-08-23T00:31:00+08:00
PO-202507-001278-02,PO-202507-001278,2,MAT-0073,7669,7669,23.69,181678.61,WH-04,2025-07-27T00:31:00+08:00
PO-202603-001279-01,PO-202603-001279,1,MAT-0217,10685,10685,305.46,3263840.1,WH-03,2026-03-30T09:43:00+08:00
PO-202603-001279-02,PO-202603-001279,2,MAT-0114,2408,2408,237.69,572357.52,WH-06,2026-03-17T09:43:00+08:00
PO-202603-001279-03,PO-202603-001279,3,MAT-0137,6509,6509,1299.03,8455386.27,WH-03,2026-04-13T09:43:00+08:00
PO-202605-001280-01,PO-202605-001280,1,MAT-0008,5394,5394,450.64,2430752.16,WH-05,2026-05-18T00:26:00+08:00
PO-202605-001280-02,PO-202605-001280,2,MAT-0037,1913,1913,702.31,1343519.03,WH-05,2026-06-07T00:26:00+08:00
PO-202605-001280-03,PO-202605-001280,3,MAT-0109,5137,5137,40.44,207740.28,WH-01,2026-05-11T00:26:00+08:00
PO-202603-001281-01,PO-202603-001281,1,MAT-0084,8978,8978,409.94,3680441.32,WH-06,2026-04-24T16:48:00+08:00
PO-202603-001281-02,PO-202603-001281,2,MAT-0097,11646,11646,973.6,11338545.6,WH-01,2026-04-19T16:48:00+08:00
PO-202603-001281-03,PO-202603-001281,3,MAT-0073,8148,8148,23.69,193026.12,WH-02,2026-03-30T16:48:00+08:00
PO-202603-001282-01,PO-202603-001282,1,MAT-0175,5927,5927,557.43,3303887.61,WH-03,2026-04-05T22:14:00+08:00
PO-202511-001283-01,PO-202511-001283,1,MAT-0208,918,918,138.58,127216.44,WH-04,2025-12-10T11:04:00+08:00
PO-202511-001283-02,PO-202511-001283,2,MAT-0237,10443,10443,41.45,432862.35,WH-04,2025-12-08T11:04:00+08:00
PO-202511-001283-03,PO-202511-001283,3,MAT-0229,153,153,431.31,65990.43,WH-06,2025-11-17T11:04:00+08:00
PO-202511-001284-01,PO-202511-001284,1,MAT-0171,10871,3650,1109.67,12063222.57,WH-02,2025-12-30T00:23:00+08:00
PO-202511-001284-02,PO-202511-001284,2,MAT-0225,2861,385,665.15,1902994.15,WH-01,2025-12-14T00:23:00+08:00
PO-202511-001284-03,PO-202511-001284,3,MAT-0158,5017,846,40.56,203489.52,WH-05,2025-12-14T00:23:00+08:00
PO-202511-001284-04,PO-202511-001284,4,MAT-0216,8428,5577,145.92,1229813.76,WH-03,2025-11-26T00:23:00+08:00
PO-202512-001285-01,PO-202512-001285,1,MAT-0057,882,31,146.16,128913.12,WH-03,2026-01-10T15:25:00+08:00
PO-202512-001285-02,PO-202512-001285,2,MAT-0209,5956,3125,1194.5,7114442.0,WH-01,2026-01-10T15:25:00+08:00
PO-202512-001285-03,PO-202512-001285,3,MAT-0228,10946,7695,10.22,111868.12,WH-02,2025-12-23T15:25:00+08:00
PO-202509-001286-01,PO-202509-001286,1,MAT-0179,7805,5822,644.51,5030400.55,WH-05,2025-09-08T11:44:00+08:00
PO-202509-001286-02,PO-202509-001286,2,MAT-0025,6963,390,925.43,6443769.09,WH-04,2025-10-10T11:44:00+08:00
PO-202509-001286-03,PO-202509-001286,3,MAT-0010,9694,5773,774.77,7510620.38,WH-02,2025-10-05T11:44:00+08:00
PO-202509-001286-04,PO-202509-001286,4,MAT-0017,6947,4060,85.83,596261.01,WH-01,2025-10-09T11:44:00+08:00
PO-202603-001287-01,PO-202603-001287,1,MAT-0091,3052,3052,74.98,228838.96,WH-05,2026-03-31T00:29:00+08:00
PO-202603-001287-02,PO-202603-001287,2,MAT-0184,113,113,270.59,30576.67,WH-03,2026-03-13T00:29:00+08:00
PO-202603-001287-03,PO-202603-001287,3,MAT-0053,7895,7895,36.19,285720.05,WH-01,2026-04-01T00:29:00+08:00
PO-202603-001287-04,PO-202603-001287,4,MAT-0056,4209,4209,342.13,1440025.17,WH-02,2026-03-14T00:29:00+08:00
PO-202508-001288-01,PO-202508-001288,1,MAT-0020,9839,9839,246.47,2425018.33,WH-06,2025-10-09T20:51:00+08:00
PO-202508-001288-02,PO-202508-001288,2,MAT-0169,1022,1022,34.88,35647.36,WH-01,2025-09-19T20:51:00+08:00
PO-202508-001288-03,PO-202508-001288,3,MAT-0009,5023,5023,55.1,276767.3,WH-03,2025-09-11T20:51:00+08:00
PO-202604-001289-01,PO-202604-001289,1,MAT-0150,11676,6107,13.77,160778.52,WH-01,2026-05-27T03:10:00+08:00
PO-202604-001289-02,PO-202604-001289,2,MAT-0077,6617,1305,6.82,45127.94,WH-02,2026-05-08T03:10:00+08:00
PO-202604-001289-03,PO-202604-001289,3,MAT-0203,6438,4539,475.21,3059401.98,WH-01,2026-05-31T03:10:00+08:00
PO-202509-001290-01,PO-202509-001290,1,MAT-0165,254,6,413.39,105001.06,WH-06,2025-11-06T00:43:00+08:00
PO-202508-001291-01,PO-202508-001291,1,MAT-0157,5199,1189,237.31,1233774.69,WH-01,2025-10-05T00:37:00+08:00
PO-202508-001291-02,PO-202508-001291,2,MAT-0066,7432,3319,143.23,1064485.36,WH-05,2025-10-05T00:37:00+08:00
PO-202602-001292-01,PO-202602-001292,1,MAT-0045,2388,1174,23.88,57025.44,WH-04,2026-03-16T19:59:00+08:00
PO-202604-001293-01,PO-202604-001293,1,MAT-0050,1980,6,784.43,1553171.4,WH-01,2026-04-16T06:33:00+08:00
PO-202604-001293-02,PO-202604-001293,2,MAT-0027,7857,5580,578.77,4547395.89,WH-04,2026-05-14T06:33:00+08:00
PO-202604-001293-03,PO-202604-001293,3,MAT-0179,2036,214,568.78,1158036.08,WH-06,2026-05-11T06:33:00+08:00
PO-202604-001293-04,PO-202604-001293,4,MAT-0163,11751,8243,437.15,5136949.65,WH-04,2026-05-08T06:33:00+08:00
PO-202602-001294-01,PO-202602-001294,1,MAT-0165,4747,4747,328.14,1557680.58,WH-06,2026-02-12T10:38:00+08:00
PO-202509-001295-01,PO-202509-001295,1,MAT-0051,8436,694,47.48,400541.28,WH-03,2025-10-12T23:59:00+08:00
PO-202509-001295-02,PO-202509-001295,2,MAT-0019,10676,6920,27.06,288892.56,WH-02,2025-10-04T23:59:00+08:00
PO-202506-001296-01,PO-202506-001296,1,MAT-0136,8242,307,852.81,7028860.02,WH-02,2025-08-01T06:14:00+08:00
PO-202602-001297-01,PO-202602-001297,1,MAT-0090,3129,3129,3.95,12359.55,WH-05,2026-03-02T19:16:00+08:00
PO-202602-001297-02,PO-202602-001297,2,MAT-0218,11210,11210,143.16,1604823.6,WH-06,2026-03-03T19:16:00+08:00
PO-202602-001297-03,PO-202602-001297,3,MAT-0096,4506,4506,305.92,1378475.52,WH-05,2026-02-14T19:16:00+08:00
PO-202602-001297-04,PO-202602-001297,4,MAT-0215,502,502,70.16,35220.32,WH-04,2026-02-25T19:16:00+08:00
PO-202508-001298-01,PO-202508-001298,1,MAT-0170,9772,4166,183.41,1792282.52,WH-02,2025-09-17T17:06:00+08:00
PO-202604-001299-01,PO-202604-001299,1,MAT-0238,8844,195,126.45,1118323.8,WH-02,2026-06-09T07:29:00+08:00
PO-202604-001299-02,PO-202604-001299,2,MAT-0115,7138,52,332.3,2371957.4,WH-02,2026-05-09T07:29:00+08:00
PO-202604-001300-01,PO-202604-001300,1,MAT-0190,5763,5763,180.94,1042757.22,WH-04,2026-04-20T09:42:00+08:00
PO-202604-001300-02,PO-202604-001300,2,MAT-0188,7746,7746,91.56,709223.76,WH-03,2026-05-27T09:42:00+08:00
PO-202604-001300-03,PO-202604-001300,3,MAT-0121,422,422,188.18,79411.96,WH-03,2026-04-20T09:42:00+08:00
PO-202603-001301-01,PO-202603-001301,1,MAT-0186,1134,265,407.93,462592.62,WH-06,2026-03-25T18:59:00+08:00
PO-202603-001301-02,PO-202603-001301,2,MAT-0161,2358,1003,431.11,1016557.38,WH-04,2026-04-13T18:59:00+08:00
PO-202603-001301-03,PO-202603-001301,3,MAT-0090,3506,1164,3.83,13427.98,WH-02,2026-03-04T18:59:00+08:00
PO-202511-001302-01,PO-202511-001302,1,MAT-0196,4285,4285,66.04,282981.4,WH-02,2025-12-21T02:10:00+08:00
PO-202511-001302-02,PO-202511-001302,2,MAT-0083,5393,5393,291.67,1572976.31,WH-01,2025-11-23T02:10:00+08:00
PO-202511-001302-03,PO-202511-001302,3,MAT-0113,2041,2041,106.49,217346.09,WH-05,2025-12-27T02:10:00+08:00
PO-202605-001303-01,PO-202605-001303,1,MAT-0027,2984,2984,748.75,2234270.0,WH-01,2026-06-04T03:30:00+08:00
PO-202606-001304-01,PO-202606-001304,1,MAT-0191,8295,8295,398.83,3308294.85,WH-04,2026-06-15T08:00:00+08:00
PO-202606-001304-02,PO-202606-001304,2,MAT-0141,431,431,221.31,95384.61,WH-06,2026-06-11T02:14:00+08:00
PO-202606-001304-03,PO-202606-001304,3,MAT-0136,10499,10499,852.81,8953652.19,WH-04,2026-06-15T08:00:00+08:00
PO-202606-001304-04,PO-202606-001304,4,MAT-0106,6930,6930,775.88,5376848.4,WH-05,2026-06-15T08:00:00+08:00
PO-202508-001305-01,PO-202508-001305,1,MAT-0013,4724,742,1134.01,5357063.24,WH-02,2025-09-08T18:56:00+08:00
PO-202508-001305-02,PO-202508-001305,2,MAT-0121,9810,589,188.18,1846045.8,WH-01,2025-08-18T18:56:00+08:00
PO-202508-001305-03,PO-202508-001305,3,MAT-0184,9551,3020,332.65,3177140.15,WH-01,2025-09-12T18:56:00+08:00
PO-202507-001306-01,PO-202507-001306,1,MAT-0105,1924,1924,584.62,1124808.88,WH-01,2025-08-19T07:51:00+08:00
PO-202507-001306-02,PO-202507-001306,2,MAT-0148,9296,9296,6.65,61818.4,WH-05,2025-08-31T07:51:00+08:00
PO-202507-001306-03,PO-202507-001306,3,MAT-0027,2857,2857,637.57,1821537.49,WH-05,2025-08-24T07:51:00+08:00
PO-202509-001307-01,PO-202509-001307,1,MAT-0109,3520,3520,34.71,122179.2,WH-06,2025-10-19T11:15:00+08:00
PO-202509-001307-02,PO-202509-001307,2,MAT-0196,1524,1524,67.79,103311.96,WH-05,2025-10-13T11:15:00+08:00
PO-202602-001308-01,PO-202602-001308,1,MAT-0046,8388,6493,1313.51,11017721.88,WH-03,2026-02-18T17:32:00+08:00
PO-202602-001308-02,PO-202602-001308,2,MAT-0168,562,268,482.97,271429.14,WH-04,2026-02-19T17:32:00+08:00
PO-202602-001308-03,PO-202602-001308,3,MAT-0015,5856,2594,319.52,1871109.12,WH-01,2026-02-22T17:32:00+08:00
PO-202511-001309-01,PO-202511-001309,1,MAT-0027,4802,4802,784.51,3767217.02,WH-01,2025-12-25T06:31:00+08:00
PO-202510-001310-01,PO-202510-001310,1,MAT-0164,992,992,778.8,772569.6,WH-02,2025-11-07T15:52:00+08:00
PO-202510-001310-02,PO-202510-001310,2,MAT-0200,5699,5699,459.04,2616068.96,WH-03,2025-11-05T15:52:00+08:00
PO-202510-001310-03,PO-202510-001310,3,MAT-0011,11037,11037,9.17,101209.29,WH-04,2025-10-15T15:52:00+08:00
PO-202510-001310-04,PO-202510-001310,4,MAT-0086,2222,2222,89.31,198446.82,WH-06,2025-11-18T15:52:00+08:00
PO-202512-001311-01,PO-202512-001311,1,MAT-0012,9772,4807,760.28,7429456.16,WH-05,2025-12-31T21:03:00+08:00
PO-202509-001312-01,PO-202509-001312,1,MAT-0234,10990,5740,137.65,1512773.5,WH-05,2025-09-09T01:38:00+08:00
PO-202509-001312-02,PO-202509-001312,2,MAT-0097,3005,406,998.17,2999500.85,WH-02,2025-09-26T01:38:00+08:00
PO-202509-001312-03,PO-202509-001312,3,MAT-0220,3435,1606,255.83,878776.05,WH-01,2025-09-17T01:38:00+08:00
PO-202604-001313-01,PO-202604-001313,1,MAT-0014,10673,153,272.17,2904870.41,WH-01,2026-04-24T14:52:00+08:00
PO-202606-001314-01,PO-202606-001314,1,MAT-0118,2094,1270,356.75,747034.5,WH-01,2026-06-11T12:59:00+08:00
PO-202606-001314-02,PO-202606-001314,2,MAT-0119,8061,582,2.69,21684.09,WH-04,2026-06-15T08:00:00+08:00
PO-202606-001314-03,PO-202606-001314,3,MAT-0198,7044,323,23.07,162505.08,WH-05,2026-06-15T08:00:00+08:00
PO-202606-001314-04,PO-202606-001314,4,MAT-0233,6173,1836,27.58,170251.34,WH-06,2026-06-15T08:00:00+08:00
PO-202601-001315-01,PO-202601-001315,1,MAT-0045,7447,7447,23.88,177834.36,WH-02,2026-02-19T09:19:00+08:00
PO-202601-001315-02,PO-202601-001315,2,MAT-0027,11224,11224,748.75,8403970.0,WH-01,2026-02-16T09:19:00+08:00
PO-202601-001315-03,PO-202601-001315,3,MAT-0057,8099,8099,129.71,1050521.29,WH-06,2026-01-31T09:19:00+08:00
PO-202601-001315-04,PO-202601-001315,4,MAT-0219,199,199,30.7,6109.3,WH-01,2026-01-28T09:19:00+08:00
PO-202512-001316-01,PO-202512-001316,1,MAT-0068,7848,3561,121.59,954238.32,WH-02,2025-12-31T17:17:00+08:00
PO-202512-001316-02,PO-202512-001316,2,MAT-0205,4506,2605,283.77,1278667.62,WH-05,2026-01-30T17:17:00+08:00
PO-202512-001316-03,PO-202512-001316,3,MAT-0150,7666,108,15.36,117749.76,WH-03,2026-01-09T17:17:00+08:00
PO-202605-001317-01,PO-202605-001317,1,MAT-0215,4033,2107,93.5,377085.5,WH-02,2026-06-02T02:25:00+08:00
PO-202605-001317-02,PO-202605-001317,2,MAT-0162,5175,3841,42.66,220765.5,WH-06,2026-06-15T08:00:00+08:00
PO-202508-001318-01,PO-202508-001318,1,MAT-0185,7598,7598,483.09,3670517.82,WH-06,2025-09-25T12:35:00+08:00
PO-202508-001318-02,PO-202508-001318,2,MAT-0159,10346,10346,15.09,156121.14,WH-04,2025-09-17T12:35:00+08:00
PO-202606-001319-01,PO-202606-001319,1,MAT-0085,6207,1821,556.42,3453698.94,WH-06,2026-06-15T08:00:00+08:00
PO-202606-001319-02,PO-202606-001319,2,MAT-0154,7561,5181,97.39,736365.79,WH-04,2026-06-13T12:23:00+08:00
PO-202606-001319-03,PO-202606-001319,3,MAT-0129,2721,603,500.78,1362622.38,WH-04,2026-06-15T08:00:00+08:00
PO-202606-001319-04,PO-202606-001319,4,MAT-0159,5614,3258,16.41,92125.74,WH-03,2026-06-15T08:00:00+08:00
PO-202605-001320-01,PO-202605-001320,1,MAT-0059,6484,2026,740.17,4799262.28,WH-06,2026-06-15T08:00:00+08:00
PO-202506-001321-01,PO-202506-001321,1,MAT-0111,7802,7802,48.12,375432.24,WH-05,2025-06-29T06:24:00+08:00
PO-202508-001322-01,PO-202508-001322,1,MAT-0225,10307,4500,620.69,6397451.83,WH-04,2025-09-11T01:17:00+08:00
PO-202508-001322-02,PO-202508-001322,2,MAT-0235,4773,220,150.75,719529.75,WH-05,2025-09-15T01:17:00+08:00
PO-202508-001322-03,PO-202508-001322,3,MAT-0127,240,190,1187.49,284997.6,WH-06,2025-10-12T01:17:00+08:00
PO-202508-001322-04,PO-202508-001322,4,MAT-0233,2623,1202,31.96,83831.08,WH-05,2025-09-18T01:17:00+08:00
PO-202508-001323-01,PO-202508-001323,1,MAT-0011,9112,9112,9.17,83557.04,WH-01,2025-09-25T14:30:00+08:00
PO-202508-001323-02,PO-202508-001323,2,MAT-0074,3274,3274,17.14,56116.36,WH-03,2025-08-21T14:30:00+08:00
PO-202602-001324-01,PO-202602-001324,1,MAT-0013,10961,4473,941.74,10322412.14,WH-04,2026-03-10T18:30:00+08:00
PO-202602-001324-02,PO-202602-001324,2,MAT-0191,9731,6995,400.74,3899600.94,WH-05,2026-02-20T18:30:00+08:00
PO-202603-001325-01,PO-202603-001325,1,MAT-0182,10787,5776,330.69,3567153.03,WH-04,2026-04-07T19:02:00+08:00
PO-202603-001325-02,PO-202603-001325,2,MAT-0194,11573,2412,17.07,197551.11,WH-02,2026-04-23T19:02:00+08:00
PO-202603-001325-03,PO-202603-001325,3,MAT-0106,11818,3611,764.11,9030251.98,WH-05,2026-03-31T19:02:00+08:00
PO-202605-001326-01,PO-202605-001326,1,MAT-0157,6264,864,231.61,1450805.04,WH-01,2026-05-30T19:38:00+08:00
PO-202605-001326-02,PO-202605-001326,2,MAT-0121,2656,1423,171.56,455663.36,WH-03,2026-05-23T19:38:00+08:00
PO-202511-001327-01,PO-202511-001327,1,MAT-0088,7087,7087,489.17,3466747.79,WH-03,2025-12-22T23:36:00+08:00
PO-202511-001327-02,PO-202511-001327,2,MAT-0193,1458,1458,189.59,276422.22,WH-03,2025-12-13T23:36:00+08:00
PO-202511-001327-03,PO-202511-001327,3,MAT-0184,5690,5690,281.69,1602816.1,WH-05,2025-12-05T23:36:00+08:00
PO-202510-001328-01,PO-202510-001328,1,MAT-0105,9965,9965,652.44,6501564.6,WH-03,2025-11-13T17:00:00+08:00
PO-202509-001329-01,PO-202509-001329,1,MAT-0114,3429,3429,207.14,710283.06,WH-02,2025-09-30T17:41:00+08:00
PO-202509-001329-02,PO-202509-001329,2,MAT-0140,4655,4655,149.22,694619.1,WH-05,2025-10-14T17:41:00+08:00
PO-202509-001329-03,PO-202509-001329,3,MAT-0093,11476,11476,885.66,10163834.16,WH-01,2025-09-25T17:41:00+08:00
PO-202509-001329-04,PO-202509-001329,4,MAT-0132,1016,1016,41.72,42387.52,WH-04,2025-09-18T17:41:00+08:00
PO-202602-001330-01,PO-202602-001330,1,MAT-0025,7247,7247,925.39,6706301.33,WH-01,2026-03-19T21:38:00+08:00
PO-202602-001330-02,PO-202602-001330,2,MAT-0107,7514,7514,421.19,3164821.66,WH-03,2026-03-26T21:38:00+08:00
PO-202602-001330-03,PO-202602-001330,3,MAT-0074,2114,2114,15.83,33464.62,WH-01,2026-02-20T21:38:00+08:00
PO-202511-001331-01,PO-202511-001331,1,MAT-0176,6350,558,896.73,5694235.5,WH-05,2026-01-03T18:26:00+08:00
PO-202511-001331-02,PO-202511-001331,2,MAT-0131,9711,5203,525.14,5099634.54,WH-02,2025-12-02T18:26:00+08:00
PO-202511-001331-03,PO-202511-001331,3,MAT-0003,8392,5035,294.2,2468926.4,WH-06,2026-01-08T18:26:00+08:00
PO-202605-001332-01,PO-202605-001332,1,MAT-0047,3149,3149,435.09,1370098.41,WH-04,2026-05-29T22:23:00+08:00
PO-202605-001332-02,PO-202605-001332,2,MAT-0131,7949,7949,458.76,3646683.24,WH-02,2026-05-13T22:23:00+08:00
PO-202605-001332-03,PO-202605-001332,3,MAT-0205,8674,8674,393.28,3411310.72,WH-06,2026-06-09T22:23:00+08:00
PO-202605-001332-04,PO-202605-001332,4,MAT-0210,2886,2886,57.45,165800.7,WH-03,2026-06-07T22:23:00+08:00
PO-202512-001333-01,PO-202512-001333,1,MAT-0130,678,336,587.58,398379.24,WH-01,2026-01-10T22:20:00+08:00
PO-202512-001333-02,PO-202512-001333,2,MAT-0080,2406,922,204.09,491040.54,WH-03,2026-01-26T22:20:00+08:00
PO-202512-001333-03,PO-202512-001333,3,MAT-0054,11435,1317,659.88,7545727.8,WH-01,2025-12-20T22:20:00+08:00
PO-202512-001334-01,PO-202512-001334,1,MAT-0209,10207,4348,1312.18,13393421.26,WH-06,2026-01-26T03:39:00+08:00
PO-202512-001334-02,PO-202512-001334,2,MAT-0069,8562,1488,493.44,4224833.28,WH-03,2026-01-21T03:39:00+08:00
PO-202512-001334-03,PO-202512-001334,3,MAT-0141,739,276,190.59,140846.01,WH-04,2025-12-28T03:39:00+08:00
PO-202512-001334-04,PO-202512-001334,4,MAT-0052,7902,3373,106.63,842590.26,WH-03,2026-01-28T03:39:00+08:00
PO-202506-001335-01,PO-202506-001335,1,MAT-0235,9158,9158,150.75,1380568.5,WH-04,2025-07-19T13:59:00+08:00
PO-202509-001336-01,PO-202509-001336,1,MAT-0168,11393,5213,482.97,5502477.21,WH-02,2025-10-04T01:25:00+08:00
PO-202509-001336-02,PO-202509-001336,2,MAT-0015,3433,2320,319.52,1096912.16,WH-05,2025-09-22T01:25:00+08:00
PO-202509-001336-03,PO-202509-001336,3,MAT-0136,9061,5937,735.13,6661012.93,WH-02,2025-10-10T01:25:00+08:00
PO-202602-001337-01,PO-202602-001337,1,MAT-0018,11413,11413,32.61,372177.93,WH-01,2026-04-08T17:35:00+08:00
PO-202506-001338-01,PO-202506-001338,1,MAT-0097,9416,2900,747.22,7035823.52,WH-02,2025-07-14T02:48:00+08:00
PO-202506-001338-02,PO-202506-001338,2,MAT-0046,8473,1805,1309.31,11093783.63,WH-04,2025-06-22T02:48:00+08:00
PO-202506-001338-03,PO-202506-001338,3,MAT-0220,9007,1922,305.52,2751818.64,WH-03,2025-06-26T02:48:00+08:00
PO-202509-001339-01,PO-202509-001339,1,MAT-0200,10444,4485,459.04,4794213.76,WH-01,2025-10-25T18:25:00+08:00
PO-202509-001339-02,PO-202509-001339,2,MAT-0125,9525,1575,858.6,8178165.0,WH-01,2025-10-14T18:25:00+08:00
PO-202509-001339-03,PO-202509-001339,3,MAT-0143,4504,3389,983.34,4428963.36,WH-05,2025-10-20T18:25:00+08:00
PO-202509-001339-04,PO-202509-001339,4,MAT-0115,5090,2991,362.79,1846601.1,WH-01,2025-10-01T18:25:00+08:00
PO-202508-001340-01,PO-202508-001340,1,MAT-0034,9118,2697,43.13,393259.34,WH-03,2025-08-17T06:37:00+08:00
PO-202510-001341-01,PO-202510-001341,1,MAT-0140,7191,7191,160.75,1155953.25,WH-03,2025-10-13T21:45:00+08:00
PO-202510-001341-02,PO-202510-001341,2,MAT-0016,10150,10150,253.02,2568153.0,WH-03,2025-11-06T21:45:00+08:00
PO-202510-001341-03,PO-202510-001341,3,MAT-0215,5029,5029,70.16,352834.64,WH-01,2025-10-16T21:45:00+08:00
PO-202510-001341-04,PO-202510-001341,4,MAT-0186,4689,4689,389.51,1826412.39,WH-06,2025-10-24T21:45:00+08:00
PO-202602-001342-01,PO-202602-001342,1,MAT-0176,7774,444,979.85,7617353.9,WH-06,2026-03-04T10:38:00+08:00
PO-202510-001343-01,PO-202510-001343,1,MAT-0050,10257,6668,590.85,6060348.45,WH-06,2025-11-23T13:09:00+08:00
PO-202510-001343-02,PO-202510-001343,2,MAT-0113,10768,5678,99.14,1067539.52,WH-03,2025-10-23T13:09:00+08:00
PO-202510-001343-03,PO-202510-001343,3,MAT-0230,10159,7440,873.05,8869314.95,WH-03,2025-11-30T13:09:00+08:00
PO-202510-001343-04,PO-202510-001343,4,MAT-0187,10064,5402,32.84,330501.76,WH-03,2025-12-05T13:09:00+08:00
PO-202605-001344-01,PO-202605-001344,1,MAT-0223,9805,3317,534.19,5237732.95,WH-06,2026-05-22T10:38:00+08:00
PO-202507-001345-01,PO-202507-001345,1,MAT-0206,3126,2083,81.22,253893.72,WH-03,2025-07-16T16:42:00+08:00
PO-202507-001345-02,PO-202507-001345,2,MAT-0127,7714,78,945.2,7291272.8,WH-02,2025-08-03T16:42:00+08:00
PO-202507-001345-03,PO-202507-001345,3,MAT-0036,4240,2738,115.22,488532.8,WH-01,2025-07-28T16:42:00+08:00
PO-202507-001345-04,PO-202507-001345,4,MAT-0115,9901,7818,383.64,3798419.64,WH-02,2025-08-12T16:42:00+08:00
PO-202605-001346-01,PO-202605-001346,1,MAT-0220,4185,4185,305.52,1278601.2,WH-06,2026-05-18T02:11:00+08:00
PO-202605-001346-02,PO-202605-001346,2,MAT-0226,2846,2846,302.52,860971.92,WH-04,2026-06-15T08:00:00+08:00
PO-202605-001346-03,PO-202605-001346,3,MAT-0141,5845,5845,211.38,1235516.1,WH-02,2026-05-18T02:11:00+08:00
PO-202509-001347-01,PO-202509-001347,1,MAT-0043,10076,1659,263.03,2650290.28,WH-06,2025-09-29T06:49:00+08:00
PO-202509-001347-02,PO-202509-001347,2,MAT-0051,968,86,42.71,41343.28,WH-03,2025-09-25T06:49:00+08:00
PO-202509-001347-03,PO-202509-001347,3,MAT-0012,6108,2218,822.72,5025173.76,WH-02,2025-10-13T06:49:00+08:00
PO-202509-001347-04,PO-202509-001347,4,MAT-0204,1780,37,226.74,403597.2,WH-06,2025-09-25T06:49:00+08:00
PO-202512-001348-01,PO-202512-001348,1,MAT-0168,6152,3913,482.97,2971231.44,WH-03,2025-12-08T08:42:00+08:00
PO-202512-001348-02,PO-202512-001348,2,MAT-0046,10569,6384,1313.51,13882487.19,WH-01,2025-12-21T08:42:00+08:00
PO-202604-001349-01,PO-202604-001349,1,MAT-0012,5513,5513,773.82,4266069.66,WH-03,2026-05-18T05:51:00+08:00
PO-202604-001349-02,PO-202604-001349,2,MAT-0235,7795,7795,166.29,1296230.55,WH-04,2026-05-21T05:51:00+08:00
PO-202604-001349-03,PO-202604-001349,3,MAT-0042,7227,7227,466.76,3373274.52,WH-06,2026-05-01T05:51:00+08:00
PO-202604-001349-04,PO-202604-001349,4,MAT-0228,3020,3020,10.22,30864.4,WH-04,2026-05-15T05:51:00+08:00
PO-202509-001350-01,PO-202509-001350,1,MAT-0056,4381,1575,361.29,1582811.49,WH-06,2025-10-12T15:39:00+08:00
PO-202509-001350-02,PO-202509-001350,2,MAT-0084,8226,978,381.91,3141591.66,WH-05,2025-09-24T15:39:00+08:00
PO-202606-001351-01,PO-202606-001351,1,MAT-0013,7628,7628,941.74,7183592.72,WH-02,2026-06-15T08:00:00+08:00
PO-202606-001351-02,PO-202606-001351,2,MAT-0111,8422,8422,40.23,338817.06,WH-04,2026-06-15T08:00:00+08:00
PO-202602-001352-01,PO-202602-001352,1,MAT-0152,698,523,673.06,469795.88,WH-02,2026-03-02T22:31:00+08:00
PO-202509-001353-01,PO-202509-001353,1,MAT-0043,2912,182,261.0,760032.0,WH-05,2025-09-25T09:12:00+08:00
PO-202509-001353-02,PO-202509-001353,2,MAT-0177,4609,19,612.36,2822367.24,WH-05,2025-09-20T09:12:00+08:00
PO-202602-001354-01,PO-202602-001354,1,MAT-0147,8860,3785,605.73,5366767.8,WH-04,2026-03-07T19:07:00+08:00
PO-202602-001354-02,PO-202602-001354,2,MAT-0220,5898,1749,330.68,1950350.64,WH-02,2026-03-06T19:07:00+08:00
PO-202602-001354-03,PO-202602-001354,3,MAT-0152,6743,1124,653.45,4406213.35,WH-03,2026-04-01T19:07:00+08:00
PO-202510-001355-01,PO-202510-001355,1,MAT-0072,4278,4278,918.4,3928915.2,WH-02,2025-11-08T18:37:00+08:00
PO-202510-001355-02,PO-202510-001355,2,MAT-0053,4100,4100,32.34,132594.0,WH-01,2025-11-10T18:37:00+08:00
PO-202510-001355-03,PO-202510-001355,3,MAT-0020,9086,9086,225.77,2051346.22,WH-04,2025-10-23T18:37:00+08:00
PO-202510-001355-04,PO-202510-001355,4,MAT-0162,4748,4748,52.78,250599.44,WH-02,2025-11-20T18:37:00+08:00
PO-202508-001356-01,PO-202508-001356,1,MAT-0120,9819,9819,15.07,147972.33,WH-02,2025-08-15T21:53:00+08:00
PO-202508-001356-02,PO-202508-001356,2,MAT-0138,4121,4121,189.58,781259.18,WH-05,2025-08-15T21:53:00+08:00
PO-202508-001356-03,PO-202508-001356,3,MAT-0190,8064,8064,180.94,1459100.16,WH-02,2025-08-20T21:53:00+08:00
PO-202601-001357-01,PO-202601-001357,1,MAT-0178,8471,218,409.59,3469636.89,WH-06,2026-02-28T23:25:00+08:00
PO-202605-001358-01,PO-202605-001358,1,MAT-0142,997,388,376.73,375599.81,WH-04,2026-05-16T00:00:00+08:00
PO-202605-001358-02,PO-202605-001358,2,MAT-0205,6984,3059,283.77,1981849.68,WH-03,2026-06-13T00:00:00+08:00
PO-202605-001358-03,PO-202605-001358,3,MAT-0190,2579,1375,168.92,435644.68,WH-01,2026-05-25T00:00:00+08:00
PO-202605-001358-04,PO-202605-001358,4,MAT-0084,11479,4737,450.0,5165550.0,WH-06,2026-05-09T00:00:00+08:00
PO-202508-001359-01,PO-202508-001359,1,MAT-0027,4498,4498,637.57,2867789.86,WH-06,2025-08-21T22:13:00+08:00
PO-202508-001359-02,PO-202508-001359,2,MAT-0021,9046,9046,13.55,122573.3,WH-02,2025-09-22T22:13:00+08:00
PO-202508-001359-03,PO-202508-001359,3,MAT-0111,2319,2319,49.74,115347.06,WH-02,2025-08-22T22:13:00+08:00
PO-202605-001360-01,PO-202605-001360,1,MAT-0217,494,494,286.27,141417.38,WH-05,2026-05-28T09:06:00+08:00
PO-202605-001360-02,PO-202605-001360,2,MAT-0103,10698,10698,778.41,8327430.18,WH-02,2026-06-13T09:06:00+08:00
PO-202605-001360-03,PO-202605-001360,3,MAT-0055,4654,4654,502.24,2337424.96,WH-04,2026-05-22T09:06:00+08:00
PO-202508-001361-01,PO-202508-001361,1,MAT-0240,104,73,110.92,11535.68,WH-03,2025-09-12T16:16:00+08:00
PO-202508-001362-01,PO-202508-001362,1,MAT-0196,8489,1896,72.69,617065.41,WH-01,2025-08-04T09:08:00+08:00
PO-202508-001362-02,PO-202508-001362,2,MAT-0135,8746,4460,41.92,366632.32,WH-05,2025-08-08T09:08:00+08:00
PO-202508-001362-03,PO-202508-001362,3,MAT-0141,9504,2609,221.31,2103330.24,WH-04,2025-08-06T09:08:00+08:00
PO-202508-001362-04,PO-202508-001362,4,MAT-0199,5962,2682,678.85,4047303.7,WH-06,2025-08-14T09:08:00+08:00
PO-202602-001363-01,PO-202602-001363,1,MAT-0176,3422,1528,896.73,3068610.06,WH-01,2026-02-16T09:33:00+08:00
PO-202602-001363-02,PO-202602-001363,2,MAT-0119,5280,3096,2.52,13305.6,WH-06,2026-03-07T09:33:00+08:00
PO-202512-001364-01,PO-202512-001364,1,MAT-0128,10904,6489,54.58,595140.32,WH-01,2026-01-23T00:16:00+08:00
PO-202512-001364-02,PO-202512-001364,2,MAT-0214,4125,2931,168.84,696465.0,WH-02,2026-01-26T00:16:00+08:00
PO-202604-001365-01,PO-202604-001365,1,MAT-0120,8513,275,16.96,144380.48,WH-05,2026-06-04T04:51:00+08:00
PO-202604-001365-02,PO-202604-001365,2,MAT-0084,4209,492,409.94,1725437.46,WH-01,2026-05-29T04:51:00+08:00
PO-202604-001365-03,PO-202604-001365,3,MAT-0073,7765,969,23.69,183952.85,WH-06,2026-06-05T04:51:00+08:00
PO-202604-001365-04,PO-202604-001365,4,MAT-0117,718,278,238.62,171329.16,WH-03,2026-05-14T04:51:00+08:00
PO-202512-001366-01,PO-202512-001366,1,MAT-0170,1503,1503,193.34,290590.02,WH-02,2026-01-29T15:27:00+08:00
PO-202512-001366-02,PO-202512-001366,2,MAT-0108,3530,3530,321.46,1134753.8,WH-01,2026-01-15T15:27:00+08:00
PO-202512-001366-03,PO-202512-001366,3,MAT-0038,9008,9008,572.25,5154828.0,WH-06,2026-01-08T15:27:00+08:00
PO-202512-001366-04,PO-202512-001366,4,MAT-0136,2584,2584,736.69,1903606.96,WH-01,2026-01-05T15:27:00+08:00
PO-202509-001367-01,PO-202509-001367,1,MAT-0029,11905,11905,435.69,5186889.45,WH-05,2025-10-13T01:35:00+08:00
PO-202509-001367-02,PO-202509-001367,2,MAT-0162,2450,2450,50.02,122549.0,WH-04,2025-10-01T01:35:00+08:00
PO-202512-001368-01,PO-202512-001368,1,MAT-0067,6139,6139,63.05,387063.95,WH-02,2026-01-15T07:36:00+08:00
PO-202512-001368-02,PO-202512-001368,2,MAT-0199,7357,7357,678.85,4994299.45,WH-04,2026-01-15T07:36:00+08:00
PO-202512-001369-01,PO-202512-001369,1,MAT-0063,8052,8052,106.31,856008.12,WH-06,2025-12-21T17:16:00+08:00
PO-202512-001369-02,PO-202512-001369,2,MAT-0004,1620,1620,422.49,684433.8,WH-06,2026-01-17T17:16:00+08:00
PO-202512-001370-01,PO-202512-001370,1,MAT-0197,701,701,433.49,303876.49,WH-02,2025-12-13T11:05:00+08:00
PO-202508-001371-01,PO-202508-001371,1,MAT-0016,9268,1107,254.0,2354072.0,WH-06,2025-08-12T13:27:00+08:00
PO-202508-001371-02,PO-202508-001371,2,MAT-0099,10542,4674,52.16,549870.72,WH-03,2025-08-10T13:27:00+08:00
PO-202508-001371-03,PO-202508-001371,3,MAT-0196,10721,2982,67.79,726776.59,WH-03,2025-08-15T13:27:00+08:00
PO-202506-001372-01,PO-202506-001372,1,MAT-0072,2676,2676,801.9,2145884.4,WH-01,2025-06-25T18:49:00+08:00
PO-202601-001373-01,PO-202601-001373,1,MAT-0153,5338,2743,379.63,2026464.94,WH-06,2026-01-20T13:25:00+08:00
PO-202510-001374-01,PO-202510-001374,1,MAT-0036,3255,898,122.35,398249.25,WH-05,2025-11-05T07:53:00+08:00
PO-202510-001374-02,PO-202510-001374,2,MAT-0155,544,251,112.16,61015.04,WH-06,2025-10-22T07:53:00+08:00
PO-202510-001374-03,PO-202510-001374,3,MAT-0021,8131,2314,13.55,110175.05,WH-06,2025-11-14T07:53:00+08:00
PO-202604-001375-01,PO-202604-001375,1,MAT-0061,8271,8271,386.25,3194673.75,WH-05,2026-05-02T20:28:00+08:00
PO-202604-001375-02,PO-202604-001375,2,MAT-0037,7164,7164,628.07,4499493.48,WH-02,2026-04-30T20:28:00+08:00
PO-202604-001375-03,PO-202604-001375,3,MAT-0025,6088,6088,755.57,4599910.16,WH-01,2026-05-03T20:28:00+08:00
PO-202510-001376-01,PO-202510-001376,1,MAT-0046,101,101,1309.31,132240.31,WH-05,2025-10-13T08:26:00+08:00
PO-202510-001377-01,PO-202510-001377,1,MAT-0084,998,312,409.94,409120.12,WH-05,2025-11-12T09:27:00+08:00
PO-202510-001377-02,PO-202510-001377,2,MAT-0228,3890,210,7.52,29252.8,WH-02,2025-10-29T09:27:00+08:00
PO-202606-001378-01,PO-202606-001378,1,MAT-0039,1336,1336,878.22,1173301.92,WH-05,2026-06-15T08:00:00+08:00
PO-202606-001378-02,PO-202606-001378,2,MAT-0149,5418,5418,177.43,961315.74,WH-06,2026-06-15T08:00:00+08:00
PO-202606-001378-03,PO-202606-001378,3,MAT-0168,10101,10101,546.68,5522014.68,WH-05,2026-06-15T08:00:00+08:00
PO-202601-001379-01,PO-202601-001379,1,MAT-0222,4663,4663,646.09,3012717.67,WH-02,2026-01-25T00:55:00+08:00
PO-202601-001379-02,PO-202601-001379,2,MAT-0127,4518,4518,1091.54,4931577.72,WH-01,2026-02-04T00:55:00+08:00
PO-202512-001380-01,PO-202512-001380,1,MAT-0003,6184,1297,252.18,1559481.12,WH-01,2026-01-06T04:08:00+08:00
PO-202512-001380-02,PO-202512-001380,2,MAT-0233,7174,4808,26.59,190756.66,WH-05,2025-12-25T04:08:00+08:00
PO-202508-001381-01,PO-202508-001381,1,MAT-0228,8955,8955,7.52,67341.6,WH-04,2025-09-20T03:24:00+08:00
PO-202508-001381-02,PO-202508-001381,2,MAT-0206,3052,3052,77.93,237842.36,WH-04,2025-09-07T03:24:00+08:00
PO-202508-001382-01,PO-202508-001382,1,MAT-0021,914,914,10.96,10017.44,WH-04,2025-08-29T13:33:00+08:00
PO-202601-001383-01,PO-202601-001383,1,MAT-0081,433,63,663.41,287256.53,WH-04,2026-02-20T15:54:00+08:00
PO-202601-001383-02,PO-202601-001383,2,MAT-0012,7318,3838,773.82,5662814.76,WH-06,2026-01-19T15:54:00+08:00
PO-202601-001383-03,PO-202601-001383,3,MAT-0006,9001,50,441.09,3970251.09,WH-03,2026-01-20T15:54:00+08:00
PO-202601-001384-01,PO-202601-001384,1,MAT-0217,8229,8229,286.27,2355715.83,WH-05,2026-02-15T07:51:00+08:00
PO-202605-001385-01,PO-202605-001385,1,MAT-0187,8655,376,32.84,284230.2,WH-04,2026-06-15T08:00:00+08:00
PO-202605-001385-02,PO-202605-001385,2,MAT-0025,3719,1661,925.39,3441525.41,WH-01,2026-06-15T08:00:00+08:00
PO-202605-001385-03,PO-202605-001385,3,MAT-0197,125,28,384.01,48001.25,WH-06,2026-06-04T19:10:00+08:00
PO-202604-001386-01,PO-202604-001386,1,MAT-0080,8691,527,250.21,2174575.11,WH-03,2026-05-03T00:14:00+08:00
PO-202604-001386-02,PO-202604-001386,2,MAT-0033,10740,1873,138.76,1490282.4,WH-03,2026-05-06T00:14:00+08:00
PO-202604-001386-03,PO-202604-001386,3,MAT-0208,193,129,138.58,26745.94,WH-04,2026-05-16T00:14:00+08:00
PO-202604-001386-04,PO-202604-001386,4,MAT-0081,11501,2103,656.07,7545461.07,WH-04,2026-04-14T00:14:00+08:00
PO-202604-001387-01,PO-202604-001387,1,MAT-0056,5191,2402,361.29,1875456.39,WH-04,2026-05-18T10:05:00+08:00
PO-202604-001387-02,PO-202604-001387,2,MAT-0054,7601,5440,659.88,5015747.88,WH-02,2026-06-09T10:05:00+08:00
PO-202604-001387-03,PO-202604-001387,3,MAT-0094,5183,2884,211.18,1094545.94,WH-03,2026-06-03T10:05:00+08:00
PO-202604-001387-04,PO-202604-001387,4,MAT-0010,11127,1569,738.02,8211948.54,WH-04,2026-05-05T10:05:00+08:00
PO-202601-001388-01,PO-202601-001388,1,MAT-0110,5811,784,19.3,112152.3,WH-02,2026-01-21T11:39:00+08:00
PO-202601-001388-02,PO-202601-001388,2,MAT-0084,2432,1227,450.0,1094400.0,WH-04,2026-02-16T11:39:00+08:00
PO-202601-001388-03,PO-202601-001388,3,MAT-0232,6213,2313,872.41,5420283.33,WH-01,2026-01-27T11:39:00+08:00
PO-202605-001389-01,PO-202605-001389,1,MAT-0191,2544,2544,392.15,997629.6,WH-04,2026-05-11T15:53:00+08:00
PO-202605-001389-02,PO-202605-001389,2,MAT-0105,7201,7201,582.37,4193646.37,WH-02,2026-05-11T15:53:00+08:00
PO-202605-001389-03,PO-202605-001389,3,MAT-0095,7814,7814,315.01,2461488.14,WH-02,2026-06-09T15:53:00+08:00
PO-202605-001389-04,PO-202605-001389,4,MAT-0163,6654,6654,462.82,3079604.28,WH-02,2026-05-27T15:53:00+08:00
PO-202507-001390-01,PO-202507-001390,1,MAT-0058,6332,129,448.75,2841485.0,WH-03,2025-08-06T11:30:00+08:00
PO-202507-001390-02,PO-202507-001390,2,MAT-0123,6158,4317,135.01,831391.58,WH-05,2025-08-08T11:30:00+08:00
PO-202507-001390-03,PO-202507-001390,3,MAT-0060,4111,3098,553.7,2276260.7,WH-03,2025-08-13T11:30:00+08:00
PO-202507-001390-04,PO-202507-001390,4,MAT-0218,1904,438,173.7,330724.8,WH-01,2025-08-28T11:30:00+08:00
PO-202509-001391-01,PO-202509-001391,1,MAT-0110,6753,6753,17.09,115408.77,WH-04,2025-09-26T03:20:00+08:00
PO-202509-001391-02,PO-202509-001391,2,MAT-0131,4295,4295,472.7,2030246.5,WH-04,2025-10-31T03:20:00+08:00
PO-202603-001392-01,PO-202603-001392,1,MAT-0105,11222,11222,785.42,8813983.24,WH-03,2026-04-19T09:18:00+08:00
PO-202603-001392-02,PO-202603-001392,2,MAT-0012,6064,6064,734.6,4454614.4,WH-04,2026-04-21T09:18:00+08:00
PO-202507-001393-01,PO-202507-001393,1,MAT-0140,594,594,149.22,88636.68,WH-01,2025-07-11T20:13:00+08:00
PO-202604-001394-01,PO-202604-001394,1,MAT-0175,4426,4426,557.43,2467185.18,WH-05,2026-05-21T18:43:00+08:00
PO-202604-001394-02,PO-202604-001394,2,MAT-0220,1576,1576,305.52,481499.52,WH-06,2026-04-28T18:43:00+08:00
PO-202604-001394-03,PO-202604-001394,3,MAT-0097,10037,10037,747.22,7499847.14,WH-01,2026-05-21T18:43:00+08:00
PO-202604-001395-01,PO-202604-001395,1,MAT-0084,5290,5290,409.94,2168582.6,WH-03,2026-04-24T07:59:00+08:00
PO-202604-001395-02,PO-202604-001395,2,MAT-0019,5691,5691,28.14,160144.74,WH-05,2026-05-09T07:59:00+08:00
PO-202604-001395-03,PO-202604-001395,3,MAT-0183,10287,10287,101.67,1045879.29,WH-01,2026-05-16T07:59:00+08:00
PO-202603-001396-01,PO-202603-001396,1,MAT-0184,11950,3185,281.69,3366195.5,WH-04,2026-04-14T03:42:00+08:00
PO-202507-001397-01,PO-202507-001397,1,MAT-0212,10552,10552,305.35,3222053.2,WH-03,2025-08-01T15:14:00+08:00
PO-202507-001397-02,PO-202507-001397,2,MAT-0121,7651,7651,170.39,1303653.89,WH-02,2025-07-23T15:14:00+08:00
PO-202507-001397-03,PO-202507-001397,3,MAT-0226,5938,5938,279.52,1659789.76,WH-06,2025-08-03T15:14:00+08:00
PO-202507-001397-04,PO-202507-001397,4,MAT-0048,4679,4679,15.58,72898.82,WH-02,2025-08-30T15:14:00+08:00
PO-202507-001398-01,PO-202507-001398,1,MAT-0046,1109,1109,1377.4,1527536.6,WH-04,2025-08-29T09:06:00+08:00
PO-202507-001398-02,PO-202507-001398,2,MAT-0191,448,448,336.92,150940.16,WH-06,2025-08-26T09:06:00+08:00
PO-202507-001398-03,PO-202507-001398,3,MAT-0019,3853,3853,27.06,104262.18,WH-03,2025-08-28T09:06:00+08:00
PO-202507-001398-04,PO-202507-001398,4,MAT-0056,7092,7092,303.56,2152847.52,WH-03,2025-08-16T09:06:00+08:00
PO-202602-001399-01,PO-202602-001399,1,MAT-0001,4313,1846,211.12,910560.56,WH-01,2026-02-11T07:38:00+08:00
PO-202602-001399-02,PO-202602-001399,2,MAT-0010,2509,1634,835.52,2096319.68,WH-05,2026-02-20T07:38:00+08:00
PO-202509-001400-01,PO-202509-001400,1,MAT-0201,10442,5893,497.42,5194059.64,WH-05,2025-11-08T16:55:00+08:00
PO-202509-001400-02,PO-202509-001400,2,MAT-0043,7050,4201,263.03,1854361.5,WH-05,2025-11-08T16:55:00+08:00
PO-202603-001401-01,PO-202603-001401,1,MAT-0140,4332,4332,156.35,677308.2,WH-02,2026-05-02T06:27:00+08:00
PO-202603-001401-02,PO-202603-001401,2,MAT-0027,4761,4761,803.68,3826320.48,WH-06,2026-05-05T06:27:00+08:00
PO-202606-001402-01,PO-202606-001402,1,MAT-0089,7567,7567,252.23,1908624.41,WH-02,2026-06-15T08:00:00+08:00
PO-202606-001402-02,PO-202606-001402,2,MAT-0112,6027,6027,19.03,114693.81,WH-03,2026-06-15T08:00:00+08:00
PO-202602-001403-01,PO-202602-001403,1,MAT-0192,4568,4568,102.38,467671.84,WH-05,2026-02-22T09:53:00+08:00
PO-202509-001404-01,PO-202509-001404,1,MAT-0070,4482,4482,138.3,619860.6,WH-02,2025-09-12T16:30:00+08:00
PO-202604-001405-01,PO-202604-001405,1,MAT-0042,8790,4205,426.76,3751220.4,WH-06,2026-04-13T08:23:00+08:00
PO-202604-001405-02,PO-202604-001405,2,MAT-0050,5891,3187,788.34,4644110.94,WH-06,2026-04-23T08:23:00+08:00
PO-202604-001405-03,PO-202604-001405,3,MAT-0209,11150,3726,1312.18,14630807.0,WH-03,2026-04-13T08:23:00+08:00
PO-202604-001405-04,PO-202604-001405,4,MAT-0128,10084,804,54.58,550384.72,WH-05,2026-05-15T08:23:00+08:00
PO-202605-001406-01,PO-202605-001406,1,MAT-0151,7567,7567,175.41,1327327.47,WH-03,2026-05-09T18:23:00+08:00
PO-202605-001406-02,PO-202605-001406,2,MAT-0073,8635,8635,19.47,168123.45,WH-05,2026-06-13T18:23:00+08:00
PO-202605-001406-03,PO-202605-001406,3,MAT-0082,6602,6602,347.52,2294327.04,WH-05,2026-05-30T18:23:00+08:00
PO-202605-001406-04,PO-202605-001406,4,MAT-0125,5786,5786,1047.09,6058462.74,WH-01,2026-06-15T08:00:00+08:00
PO-202605-001407-01,PO-202605-001407,1,MAT-0125,5415,4211,1028.15,5567432.25,WH-05,2026-05-24T09:06:00+08:00
PO-202605-001407-02,PO-202605-001407,2,MAT-0157,11836,6823,231.61,2741335.96,WH-03,2026-05-19T09:06:00+08:00
PO-202605-001407-03,PO-202605-001407,3,MAT-0096,10079,1595,318.05,3205625.95,WH-04,2026-06-15T08:00:00+08:00
PO-202605-001408-01,PO-202605-001408,1,MAT-0037,2147,2147,624.89,1341638.83,WH-03,2026-06-15T08:00:00+08:00
PO-202601-001409-01,PO-202601-001409,1,MAT-0097,4972,4972,973.6,4840739.2,WH-04,2026-02-21T13:19:00+08:00
PO-202601-001409-02,PO-202601-001409,2,MAT-0099,1642,1642,47.97,78766.74,WH-01,2026-02-09T13:19:00+08:00
PO-202509-001410-01,PO-202509-001410,1,MAT-0099,2151,1485,37.61,80899.11,WH-06,2025-10-21T07:10:00+08:00
PO-202510-001411-01,PO-202510-001411,1,MAT-0029,7185,1675,452.66,3252362.1,WH-06,2025-10-23T19:12:00+08:00
PO-202510-001411-02,PO-202510-001411,2,MAT-0105,9806,767,563.1,5521758.6,WH-03,2025-11-15T19:12:00+08:00
PO-202509-001412-01,PO-202509-001412,1,MAT-0001,3658,3658,211.12,772276.96,WH-04,2025-10-01T23:49:00+08:00
PO-202509-001412-02,PO-202509-001412,2,MAT-0089,11883,11883,209.25,2486517.75,WH-06,2025-10-08T23:49:00+08:00
PO-202605-001413-01,PO-202605-001413,1,MAT-0199,4419,4419,484.03,2138928.57,WH-03,2026-06-15T08:00:00+08:00
PO-202605-001413-02,PO-202605-001413,2,MAT-0122,10396,10396,94.87,986268.52,WH-02,2026-05-06T01:20:00+08:00
PO-202605-001413-03,PO-202605-001413,3,MAT-0007,4937,4937,1057.33,5220038.21,WH-03,2026-06-08T01:20:00+08:00
PO-202605-001413-04,PO-202605-001413,4,MAT-0103,5515,5515,769.36,4243020.4,WH-01,2026-05-06T01:20:00+08:00
PO-202603-001414-01,PO-202603-001414,1,MAT-0206,4668,1635,81.22,379134.96,WH-04,2026-03-22T03:30:00+08:00
PO-202603-001414-02,PO-202603-001414,2,MAT-0040,11977,3750,22.3,267087.1,WH-03,2026-04-23T03:30:00+08:00
PO-202506-001415-01,PO-202506-001415,1,MAT-0062,4981,727,957.62,4769905.22,WH-06,2025-07-31T08:21:00+08:00
PO-202506-001415-02,PO-202506-001415,2,MAT-0099,11827,5285,37.61,444813.47,WH-02,2025-06-25T08:21:00+08:00
PO-202506-001415-03,PO-202506-001415,3,MAT-0081,1106,250,690.28,763449.68,WH-02,2025-07-17T08:21:00+08:00
PO-202506-001415-04,PO-202506-001415,4,MAT-0036,1334,976,124.34,165869.56,WH-03,2025-07-22T08:21:00+08:00
PO-202512-001416-01,PO-202512-001416,1,MAT-0213,1501,1501,316.11,474481.11,WH-06,2026-01-29T15:01:00+08:00
PO-202512-001416-02,PO-202512-001416,2,MAT-0211,4504,4504,927.99,4179666.96,WH-04,2026-01-18T15:01:00+08:00
PO-202512-001416-03,PO-202512-001416,3,MAT-0094,7533,7533,209.66,1579368.78,WH-05,2026-01-04T15:01:00+08:00
PO-202512-001416-04,PO-202512-001416,4,MAT-0159,1911,1911,15.09,28836.99,WH-02,2026-01-10T15:01:00+08:00
PO-202508-001417-01,PO-202508-001417,1,MAT-0130,6150,6150,566.52,3484098.0,WH-04,2025-08-27T00:34:00+08:00
PO-202508-001417-02,PO-202508-001417,2,MAT-0193,11696,11696,148.21,1733464.16,WH-02,2025-08-23T00:34:00+08:00
PO-202508-001417-03,PO-202508-001417,3,MAT-0152,9248,9248,672.8,6222054.4,WH-01,2025-08-24T00:34:00+08:00
PO-202601-001418-01,PO-202601-001418,1,MAT-0164,11192,11192,720.82,8067417.44,WH-03,2026-02-25T12:15:00+08:00
PO-202510-001419-01,PO-202510-001419,1,MAT-0165,5885,4707,310.1,1824938.5,WH-01,2025-11-18T16:40:00+08:00
PO-202510-001419-02,PO-202510-001419,2,MAT-0240,3531,1177,140.4,495752.4,WH-02,2025-11-27T16:40:00+08:00
PO-202510-001419-03,PO-202510-001419,3,MAT-0040,11165,1119,22.3,248979.5,WH-02,2025-10-23T16:40:00+08:00
PO-202510-001420-01,PO-202510-001420,1,MAT-0152,4222,2148,653.45,2758865.9,WH-06,2025-12-11T06:37:00+08:00
PO-202510-001420-02,PO-202510-001420,2,MAT-0077,1483,1110,5.64,8364.12,WH-06,2025-10-31T06:37:00+08:00
PO-202510-001420-03,PO-202510-001420,3,MAT-0122,5292,4187,98.6,521791.2,WH-04,2025-12-12T06:37:00+08:00
PO-202510-001421-01,PO-202510-001421,1,MAT-0048,7036,3819,19.87,139805.32,WH-01,2025-11-07T13:20:00+08:00
PO-202601-001422-01,PO-202601-001422,1,MAT-0031,11939,11939,712.35,8504746.65,WH-05,2026-02-21T23:10:00+08:00
PO-202601-001422-02,PO-202601-001422,2,MAT-0150,7937,7937,15.36,121912.32,WH-02,2026-02-24T23:10:00+08:00
PO-202601-001422-03,PO-202601-001422,3,MAT-0051,8503,8503,53.58,455590.74,WH-04,2026-03-05T23:10:00+08:00
PO-202601-001422-04,PO-202601-001422,4,MAT-0068,2215,2215,121.59,269321.85,WH-01,2026-02-23T23:10:00+08:00
PO-202604-001423-01,PO-202604-001423,1,MAT-0047,11911,11911,414.79,4940563.69,WH-01,2026-04-23T12:33:00+08:00
PO-202604-001423-02,PO-202604-001423,2,MAT-0155,1525,1525,116.84,178181.0,WH-03,2026-04-04T12:33:00+08:00
PO-202604-001423-03,PO-202604-001423,3,MAT-0207,2580,2580,245.12,632409.6,WH-02,2026-04-30T12:33:00+08:00
PO-202604-001423-04,PO-202604-001423,4,MAT-0208,1929,1929,138.58,267320.82,WH-06,2026-04-28T12:33:00+08:00
PO-202605-001424-01,PO-202605-001424,1,MAT-0087,3510,2104,43.27,151877.7,WH-04,2026-05-08T15:26:00+08:00
PO-202605-001424-02,PO-202605-001424,2,MAT-0122,4446,711,98.6,438375.6,WH-03,2026-05-27T15:26:00+08:00
PO-202605-001425-01,PO-202605-001425,1,MAT-0051,9398,4032,45.39,426575.22,WH-04,2026-05-27T05:49:00+08:00
PO-202605-001425-02,PO-202605-001425,2,MAT-0235,7714,5118,142.89,1102253.46,WH-03,2026-05-02T05:49:00+08:00
PO-202605-001425-03,PO-202605-001425,3,MAT-0214,2820,142,196.9,555258.0,WH-01,2026-05-26T05:49:00+08:00
PO-202605-001425-04,PO-202605-001425,4,MAT-0037,4519,2186,702.31,3173738.89,WH-01,2026-05-14T05:49:00+08:00
PO-202510-001426-01,PO-202510-001426,1,MAT-0021,2750,2198,10.96,30140.0,WH-05,2025-11-13T13:01:00+08:00
PO-202507-001427-01,PO-202507-001427,1,MAT-0060,11296,11296,553.7,6254595.2,WH-02,2025-08-08T15:52:00+08:00
PO-202507-001427-02,PO-202507-001427,2,MAT-0055,1821,1821,502.24,914579.04,WH-06,2025-07-27T15:52:00+08:00
PO-202507-001427-03,PO-202507-001427,3,MAT-0051,11266,11266,45.37,511138.42,WH-01,2025-07-21T15:52:00+08:00
PO-202605-001428-01,PO-202605-001428,1,MAT-0147,11733,11733,678.43,7960019.19,WH-03,2026-05-08T12:54:00+08:00
PO-202605-001428-02,PO-202605-001428,2,MAT-0156,10106,10106,17.57,177562.42,WH-02,2026-06-01T12:54:00+08:00
PO-202605-001428-03,PO-202605-001428,3,MAT-0002,3931,3931,1258.46,4947006.26,WH-03,2026-05-13T12:54:00+08:00
PO-202605-001428-04,PO-202605-001428,4,MAT-0057,586,586,141.37,82842.82,WH-06,2026-05-11T12:54:00+08:00
PO-202601-001429-01,PO-202601-001429,1,MAT-0112,7322,5495,18.85,138019.7,WH-02,2026-02-04T07:38:00+08:00
PO-202601-001429-02,PO-202601-001429,2,MAT-0106,7992,4427,787.04,6290023.68,WH-06,2026-01-05T07:38:00+08:00
PO-202601-001429-03,PO-202601-001429,3,MAT-0141,7501,2619,190.59,1429615.59,WH-05,2026-02-18T07:38:00+08:00
PO-202512-001430-01,PO-202512-001430,1,MAT-0116,10288,10288,128.37,1320670.56,WH-04,2025-12-09T20:41:00+08:00
PO-202512-001430-02,PO-202512-001430,2,MAT-0230,11068,11068,936.38,10363853.84,WH-01,2025-12-14T20:41:00+08:00
PO-202512-001430-03,PO-202512-001430,3,MAT-0113,5535,5535,103.18,571101.3,WH-03,2026-01-15T20:41:00+08:00
PO-202605-001431-01,PO-202605-001431,1,MAT-0019,10100,10100,28.23,285123.0,WH-05,2026-05-20T12:29:00+08:00
PO-202605-001431-02,PO-202605-001431,2,MAT-0034,11187,11187,49.36,552190.32,WH-03,2026-06-02T12:29:00+08:00
PO-202605-001431-03,PO-202605-001431,3,MAT-0095,4449,4449,333.64,1484364.36,WH-01,2026-06-05T12:29:00+08:00
PO-202605-001431-04,PO-202605-001431,4,MAT-0050,11134,11134,700.71,7801705.14,WH-01,2026-06-05T12:29:00+08:00
PO-202511-001432-01,PO-202511-001432,1,MAT-0072,11788,2268,1081.81,12752376.28,WH-04,2025-12-02T09:39:00+08:00
PO-202511-001432-02,PO-202511-001432,2,MAT-0195,902,243,1.35,1217.7,WH-02,2026-01-03T09:39:00+08:00
PO-202510-001433-01,PO-202510-001433,1,MAT-0104,11556,11556,930.59,10753898.04,WH-04,2025-11-12T10:38:00+08:00
PO-202510-001433-02,PO-202510-001433,2,MAT-0199,6205,6205,496.27,3079355.35,WH-03,2025-10-19T10:38:00+08:00
PO-202510-001433-03,PO-202510-001433,3,MAT-0077,8380,8380,5.52,46257.6,WH-05,2025-11-19T10:38:00+08:00
PO-202510-001433-04,PO-202510-001433,4,MAT-0090,7017,7017,4.92,34523.64,WH-02,2025-10-19T10:38:00+08:00
PO-202604-001434-01,PO-202604-001434,1,MAT-0060,3568,2034,489.56,1746750.08,WH-01,2026-04-24T02:22:00+08:00
PO-202604-001434-02,PO-202604-001434,2,MAT-0234,5327,3757,138.98,740346.46,WH-06,2026-04-20T02:22:00+08:00
PO-202604-001434-03,PO-202604-001434,3,MAT-0119,6411,1906,2.69,17245.59,WH-04,2026-04-10T02:22:00+08:00
PO-202604-001435-01,PO-202604-001435,1,MAT-0071,8691,3009,34.16,296884.56,WH-02,2026-05-08T02:40:00+08:00
PO-202604-001435-02,PO-202604-001435,2,MAT-0180,846,417,192.8,163108.8,WH-05,2026-05-21T02:40:00+08:00
PO-202604-001435-03,PO-202604-001435,3,MAT-0114,3614,1559,248.96,899741.44,WH-06,2026-05-09T02:40:00+08:00
PO-202604-001435-04,PO-202604-001435,4,MAT-0223,5069,3491,650.81,3298955.89,WH-03,2026-04-30T02:40:00+08:00
PO-202512-001436-01,PO-202512-001436,1,MAT-0181,4773,1878,208.36,994502.28,WH-01,2026-01-13T18:40:00+08:00
PO-202512-001436-02,PO-202512-001436,2,MAT-0031,11457,6646,742.31,8504645.67,WH-01,2025-12-21T18:40:00+08:00
PO-202512-001436-03,PO-202512-001436,3,MAT-0111,3913,258,40.23,157419.99,WH-01,2025-12-04T18:40:00+08:00
PO-202511-001437-01,PO-202511-001437,1,MAT-0109,2900,2900,34.71,100659.0,WH-01,2025-12-18T22:52:00+08:00
PO-202511-001437-02,PO-202511-001437,2,MAT-0061,11700,11700,386.25,4519125.0,WH-05,2025-12-24T22:52:00+08:00
PO-202511-001437-03,PO-202511-001437,3,MAT-0098,7428,7428,84.3,626180.4,WH-04,2025-12-11T22:52:00+08:00
PO-202511-001437-04,PO-202511-001437,4,MAT-0032,237,237,376.3,89183.1,WH-03,2025-12-25T22:52:00+08:00
PO-202602-001438-01,PO-202602-001438,1,MAT-0214,6470,3534,168.84,1092394.8,WH-05,2026-02-13T13:33:00+08:00
PO-202508-001439-01,PO-202508-001439,1,MAT-0172,6387,4208,633.37,4045334.19,WH-03,2025-10-05T01:25:00+08:00
PO-202508-001439-02,PO-202508-001439,2,MAT-0045,7061,1911,24.75,174759.75,WH-01,2025-09-06T01:25:00+08:00
PO-202508-001439-03,PO-202508-001439,3,MAT-0116,7937,782,99.89,792826.93,WH-02,2025-09-19T01:25:00+08:00
PO-202605-001440-01,PO-202605-001440,1,MAT-0168,5899,4005,546.68,3224865.32,WH-02,2026-06-15T08:00:00+08:00
PO-202510-001441-01,PO-202510-001441,1,MAT-0042,11678,11678,466.76,5450823.28,WH-02,2025-11-16T05:12:00+08:00
PO-202511-001442-01,PO-202511-001442,1,MAT-0032,3729,164,391.41,1459567.89,WH-01,2025-11-15T17:22:00+08:00
PO-202511-001442-02,PO-202511-001442,2,MAT-0147,1390,168,590.82,821239.8,WH-02,2025-11-08T17:22:00+08:00
PO-202507-001443-01,PO-202507-001443,1,MAT-0158,10407,5389,34.7,361122.9,WH-06,2025-08-10T17:03:00+08:00
PO-202507-001443-02,PO-202507-001443,2,MAT-0159,7354,4139,14.03,103176.62,WH-02,2025-07-27T17:03:00+08:00
PO-202507-001443-03,PO-202507-001443,3,MAT-0012,6001,699,790.12,4741510.12,WH-03,2025-07-19T17:03:00+08:00
PO-202507-001443-04,PO-202507-001443,4,MAT-0218,2924,398,170.57,498746.68,WH-02,2025-08-03T17:03:00+08:00
PO-202603-001444-01,PO-202603-001444,1,MAT-0047,9011,9011,414.79,3737672.69,WH-04,2026-04-09T03:43:00+08:00
PO-202603-001444-02,PO-202603-001444,2,MAT-0201,292,292,498.03,145424.76,WH-06,2026-04-11T03:43:00+08:00
PO-202602-001445-01,PO-202602-001445,1,MAT-0112,677,677,17.75,12016.75,WH-02,2026-03-15T17:15:00+08:00
PO-202602-001445-02,PO-202602-001445,2,MAT-0147,2748,2748,610.63,1678011.24,WH-01,2026-04-07T17:15:00+08:00
PO-202602-001445-03,PO-202602-001445,3,MAT-0032,9381,9381,376.3,3530070.3,WH-05,2026-03-19T17:15:00+08:00
PO-202602-001445-04,PO-202602-001445,4,MAT-0196,5580,5580,67.79,378268.2,WH-02,2026-03-04T17:15:00+08:00
PO-202507-001446-01,PO-202507-001446,1,MAT-0061,11301,2087,397.83,4495876.83,WH-05,2025-08-19T01:26:00+08:00
PO-202507-001446-02,PO-202507-001446,2,MAT-0234,9350,2543,137.65,1287027.5,WH-03,2025-07-31T01:26:00+08:00
PO-202507-001446-03,PO-202507-001446,3,MAT-0220,8586,4937,255.83,2196556.38,WH-01,2025-07-28T01:26:00+08:00
PO-202512-001447-01,PO-202512-001447,1,MAT-0129,6449,806,494.04,3186063.96,WH-02,2026-01-01T18:25:00+08:00
PO-202512-001447-02,PO-202512-001447,2,MAT-0016,7062,3601,206.71,1459786.02,WH-06,2026-02-06T18:25:00+08:00
PO-202506-001448-01,PO-202506-001448,1,MAT-0089,5429,5429,205.64,1116419.56,WH-06,2025-07-02T17:30:00+08:00
PO-202506-001448-02,PO-202506-001448,2,MAT-0146,7434,7434,584.15,4342571.1,WH-02,2025-07-21T17:30:00+08:00
PO-202506-001448-03,PO-202506-001448,3,MAT-0103,3500,3500,606.4,2122400.0,WH-03,2025-07-04T17:30:00+08:00
PO-202510-001449-01,PO-202510-001449,1,MAT-0207,9540,545,295.67,2820691.8,WH-02,2025-11-05T11:18:00+08:00
PO-202510-001449-02,PO-202510-001449,2,MAT-0195,5905,4055,1.73,10215.65,WH-02,2025-11-05T11:18:00+08:00
PO-202510-001449-03,PO-202510-001449,3,MAT-0105,8989,5054,785.42,7060140.38,WH-02,2025-10-30T11:18:00+08:00
PO-202510-001449-04,PO-202510-001449,4,MAT-0179,3902,1653,678.57,2647780.14,WH-06,2025-11-01T11:18:00+08:00
PO-202605-001450-01,PO-202605-001450,1,MAT-0213,11242,11242,292.46,3287835.32,WH-06,2026-05-20T15:46:00+08:00
PO-202605-001450-02,PO-202605-001450,2,MAT-0147,474,474,590.82,280048.68,WH-05,2026-06-15T08:00:00+08:00
PO-202605-001450-03,PO-202605-001450,3,MAT-0060,9859,9859,553.7,5458928.3,WH-04,2026-06-15T08:00:00+08:00
PO-202605-001450-04,PO-202605-001450,4,MAT-0218,1151,1151,173.7,199928.7,WH-06,2026-06-07T15:46:00+08:00
PO-202509-001451-01,PO-202509-001451,1,MAT-0012,7835,5374,760.28,5956793.8,WH-05,2025-09-18T09:49:00+08:00
PO-202510-001452-01,PO-202510-001452,1,MAT-0055,6157,958,524.37,3228546.09,WH-03,2025-11-17T11:44:00+08:00
PO-202510-001452-02,PO-202510-001452,2,MAT-0155,1786,521,100.14,178850.04,WH-03,2025-11-14T11:44:00+08:00
PO-202510-001452-03,PO-202510-001452,3,MAT-0232,2445,179,926.12,2264363.4,WH-06,2025-11-20T11:44:00+08:00
PO-202510-001452-04,PO-202510-001452,4,MAT-0043,4356,3297,280.5,1221858.0,WH-04,2025-11-20T11:44:00+08:00
PO-202605-001453-01,PO-202605-001453,1,MAT-0194,924,470,13.83,12778.92,WH-05,2026-06-06T01:41:00+08:00
PO-202605-001453-02,PO-202605-001453,2,MAT-0232,9886,6139,1010.43,9989110.98,WH-02,2026-05-21T01:41:00+08:00
PO-202511-001454-01,PO-202511-001454,1,MAT-0076,9387,5589,299.46,2811031.02,WH-03,2025-12-20T17:33:00+08:00
PO-202511-001454-02,PO-202511-001454,2,MAT-0216,10324,1058,116.02,1197790.48,WH-01,2026-01-09T17:33:00+08:00
PO-202509-001455-01,PO-202509-001455,1,MAT-0211,4240,4240,984.59,4174661.6,WH-05,2025-10-31T14:25:00+08:00
PO-202606-001456-01,PO-202606-001456,1,MAT-0015,9990,544,294.84,2945451.6,WH-01,2026-06-15T08:00:00+08:00
PO-202509-001457-01,PO-202509-001457,1,MAT-0100,10086,10086,268.32,2706275.52,WH-04,2025-10-15T13:45:00+08:00
PO-202509-001457-02,PO-202509-001457,2,MAT-0205,7810,7810,321.72,2512633.2,WH-04,2025-09-05T13:45:00+08:00
PO-202509-001457-03,PO-202509-001457,3,MAT-0066,5238,5238,202.3,1059647.4,WH-01,2025-09-13T13:45:00+08:00
PO-202509-001457-04,PO-202509-001457,4,MAT-0116,1678,1678,95.73,160634.94,WH-06,2025-10-03T13:45:00+08:00
PO-202603-001458-01,PO-202603-001458,1,MAT-0232,607,607,966.05,586392.35,WH-01,2026-03-22T13:08:00+08:00
PO-202510-001459-01,PO-202510-001459,1,MAT-0162,1047,96,50.99,53386.53,WH-05,2025-11-24T03:14:00+08:00
PO-202510-001459-02,PO-202510-001459,2,MAT-0086,1387,17,113.99,158104.13,WH-03,2025-11-03T03:14:00+08:00
PO-202510-001459-03,PO-202510-001459,3,MAT-0130,2386,417,538.63,1285171.18,WH-02,2025-10-17T03:14:00+08:00
PO-202509-001460-01,PO-202509-001460,1,MAT-0098,6034,6034,113.39,684195.26,WH-01,2025-09-14T00:48:00+08:00
PO-202605-001461-01,PO-202605-001461,1,MAT-0166,9871,9871,761.75,7519234.25,WH-04,2026-06-01T09:05:00+08:00
PO-202511-001462-01,PO-202511-001462,1,MAT-0072,10957,10957,956.09,10475878.13,WH-05,2025-12-20T14:20:00+08:00
PO-202601-001463-01,PO-202601-001463,1,MAT-0098,9009,9009,84.3,759458.7,WH-05,2026-02-04T08:38:00+08:00
PO-202605-001464-01,PO-202605-001464,1,MAT-0067,10464,10464,63.05,659755.2,WH-01,2026-06-01T15:16:00+08:00
PO-202605-001464-02,PO-202605-001464,2,MAT-0141,1948,1948,221.31,431111.88,WH-06,2026-06-15T08:00:00+08:00
PO-202605-001464-03,PO-202605-001464,3,MAT-0102,10102,10102,43.84,442871.68,WH-01,2026-05-29T15:16:00+08:00
PO-202601-001465-01,PO-202601-001465,1,MAT-0056,1830,52,342.13,626097.9,WH-03,2026-01-22T17:36:00+08:00
PO-202601-001465-02,PO-202601-001465,2,MAT-0184,2525,702,270.59,683239.75,WH-03,2026-01-27T17:36:00+08:00
PO-202601-001465-03,PO-202601-001465,3,MAT-0091,4252,1219,74.98,318814.96,WH-01,2026-01-16T17:36:00+08:00
PO-202601-001465-04,PO-202601-001465,4,MAT-0090,9823,1314,3.83,37622.09,WH-03,2026-02-13T17:36:00+08:00
PO-202508-001466-01,PO-202508-001466,1,MAT-0024,1722,1722,18.15,31254.3,WH-02,2025-08-14T11:42:00+08:00
PO-202508-001466-02,PO-202508-001466,2,MAT-0150,5828,5828,13.77,80251.56,WH-05,2025-09-03T11:42:00+08:00
PO-202508-001466-03,PO-202508-001466,3,MAT-0203,11666,11666,475.21,5543799.86,WH-05,2025-08-24T11:42:00+08:00
PO-202601-001467-01,PO-202601-001467,1,MAT-0220,5439,5439,341.8,1859050.2,WH-06,2026-01-14T08:50:00+08:00
PO-202601-001467-02,PO-202601-001467,2,MAT-0195,5623,5623,1.35,7591.05,WH-03,2026-02-20T08:50:00+08:00
PO-202601-001467-03,PO-202601-001467,3,MAT-0067,1301,1301,71.11,92514.11,WH-01,2026-02-06T08:50:00+08:00
PO-202509-001468-01,PO-202509-001468,1,MAT-0140,5474,578,135.22,740194.28,WH-01,2025-09-27T06:59:00+08:00
PO-202509-001468-02,PO-202509-001468,2,MAT-0144,10333,5500,11.33,117072.89,WH-03,2025-10-07T06:59:00+08:00
PO-202509-001468-03,PO-202509-001468,3,MAT-0013,9082,3476,957.12,8692563.84,WH-02,2025-10-18T06:59:00+08:00
PO-202509-001468-04,PO-202509-001468,4,MAT-0171,7985,5920,1109.67,8860714.95,WH-03,2025-09-07T06:59:00+08:00
PO-202509-001469-01,PO-202509-001469,1,MAT-0176,1496,1496,1076.66,1610683.36,WH-04,2025-09-19T13:43:00+08:00
PO-202509-001469-02,PO-202509-001469,2,MAT-0106,7563,7563,764.11,5778963.93,WH-02,2025-10-06T13:43:00+08:00
PO-202605-001470-01,PO-202605-001470,1,MAT-0135,10502,10502,39.86,418609.72,WH-05,2026-06-14T18:35:00+08:00
PO-202507-001471-01,PO-202507-001471,1,MAT-0236,4195,4195,618.58,2594943.1,WH-02,2025-07-23T03:02:00+08:00
PO-202507-001471-02,PO-202507-001471,2,MAT-0006,6207,6207,392.6,2436868.2,WH-04,2025-08-22T03:02:00+08:00
PO-202507-001471-03,PO-202507-001471,3,MAT-0218,1710,1710,143.16,244803.6,WH-06,2025-07-30T03:02:00+08:00
PO-202507-001471-04,PO-202507-001471,4,MAT-0205,4931,4931,387.97,1913080.07,WH-05,2025-08-04T03:02:00+08:00
PO-202511-001472-01,PO-202511-001472,1,MAT-0147,4619,4619,610.63,2820499.97,WH-05,2025-12-08T20:00:00+08:00
PO-202511-001472-02,PO-202511-001472,2,MAT-0050,4386,4386,643.24,2821250.64,WH-02,2025-11-30T20:00:00+08:00
PO-202604-001473-01,PO-202604-001473,1,MAT-0190,7764,5921,180.94,1404818.16,WH-03,2026-05-25T01:46:00+08:00
PO-202604-001473-02,PO-202604-001473,2,MAT-0013,3812,1503,1134.01,4322846.12,WH-03,2026-05-20T01:46:00+08:00
PO-202604-001473-03,PO-202604-001473,3,MAT-0048,1857,1118,18.02,33463.14,WH-06,2026-04-23T01:46:00+08:00
PO-202604-001473-04,PO-202604-001473,4,MAT-0177,3485,1666,566.58,1974531.3,WH-01,2026-05-13T01:46:00+08:00
PO-202507-001474-01,PO-202507-001474,1,MAT-0137,290,290,997.61,289306.9,WH-04,2025-08-31T00:12:00+08:00
PO-202507-001474-02,PO-202507-001474,2,MAT-0057,6791,6791,146.16,992572.56,WH-03,2025-07-31T00:12:00+08:00
PO-202601-001475-01,PO-202601-001475,1,MAT-0084,7447,4875,368.4,2743474.8,WH-01,2026-03-03T08:53:00+08:00
PO-202601-001475-02,PO-202601-001475,2,MAT-0039,493,391,1009.44,497653.92,WH-05,2026-01-25T08:53:00+08:00
PO-202512-001476-01,PO-202512-001476,1,MAT-0005,8409,8409,423.0,3557007.0,WH-05,2025-12-28T16:51:00+08:00
PO-202603-001477-01,PO-202603-001477,1,MAT-0231,5254,1970,351.2,1845204.8,WH-06,2026-04-15T09:42:00+08:00
PO-202512-001478-01,PO-202512-001478,1,MAT-0160,7281,3278,359.84,2619995.04,WH-03,2026-01-01T02:50:00+08:00
PO-202603-001479-01,PO-202603-001479,1,MAT-0137,9690,436,1299.03,12587600.7,WH-03,2026-04-01T11:26:00+08:00
PO-202603-001479-02,PO-202603-001479,2,MAT-0009,7857,3415,57.75,453741.75,WH-05,2026-04-10T11:26:00+08:00
PO-202603-001479-03,PO-202603-001479,3,MAT-0130,7320,4646,538.63,3942771.6,WH-03,2026-03-24T11:26:00+08:00
PO-202511-001480-01,PO-202511-001480,1,MAT-0070,3052,1466,138.3,422091.6,WH-05,2025-12-04T13:01:00+08:00
PO-202511-001480-02,PO-202511-001480,2,MAT-0028,6026,2877,1358.84,8188369.84,WH-06,2025-12-28T13:01:00+08:00
PO-202511-001480-03,PO-202511-001480,3,MAT-0235,1912,1351,190.41,364063.92,WH-03,2025-12-31T13:01:00+08:00
PO-202511-001481-01,PO-202511-001481,1,MAT-0195,104,58,1.61,167.44,WH-05,2025-12-04T03:21:00+08:00
PO-202512-001482-01,PO-202512-001482,1,MAT-0066,11751,4659,175.61,2063593.11,WH-01,2025-12-17T00:27:00+08:00
PO-202512-001482-02,PO-202512-001482,2,MAT-0142,10527,7157,450.37,4741044.99,WH-04,2025-12-21T00:27:00+08:00
PO-202512-001483-01,PO-202512-001483,1,MAT-0109,1609,1609,35.75,57521.75,WH-01,2026-02-06T00:22:00+08:00
PO-202512-001483-02,PO-202512-001483,2,MAT-0043,10013,10013,280.5,2808646.5,WH-03,2026-02-04T00:22:00+08:00
PO-202512-001483-03,PO-202512-001483,3,MAT-0062,8873,8873,1070.87,9501829.51,WH-02,2026-01-12T00:22:00+08:00
PO-202512-001483-04,PO-202512-001483,4,MAT-0232,11328,11328,926.12,10491087.36,WH-01,2026-02-03T00:22:00+08:00
PO-202510-001484-01,PO-202510-001484,1,MAT-0003,1582,737,252.18,398948.76,WH-06,2025-11-26T12:55:00+08:00
PO-202510-001484-02,PO-202510-001484,2,MAT-0205,193,17,286.81,55354.33,WH-06,2025-11-16T12:55:00+08:00
PO-202510-001484-03,PO-202510-001484,3,MAT-0023,10372,473,424.56,4403536.32,WH-04,2025-11-23T12:55:00+08:00
PO-202510-001484-04,PO-202510-001484,4,MAT-0230,9690,963,840.98,8149096.2,WH-02,2025-11-28T12:55:00+08:00
PO-202511-001485-01,PO-202511-001485,1,MAT-0083,2778,2778,279.87,777478.86,WH-06,2025-12-04T11:51:00+08:00
PO-202511-001485-02,PO-202511-001485,2,MAT-0217,8402,8402,286.27,2405240.54,WH-05,2025-12-05T11:51:00+08:00
PO-202511-001485-03,PO-202511-001485,3,MAT-0070,9856,9856,139.24,1372349.44,WH-04,2025-12-10T11:51:00+08:00
PO-202602-001486-01,PO-202602-001486,1,MAT-0054,7293,7293,615.75,4490664.75,WH-05,2026-02-07T23:58:00+08:00
PO-202602-001486-02,PO-202602-001486,2,MAT-0037,9449,9449,626.74,5922066.26,WH-05,2026-02-18T23:58:00+08:00
PO-202602-001486-03,PO-202602-001486,3,MAT-0152,1513,1513,673.06,1018339.78,WH-02,2026-02-15T23:58:00+08:00
PO-202510-001487-01,PO-202510-001487,1,MAT-0073,10439,73,19.47,203247.33,WH-03,2025-11-02T04:31:00+08:00
PO-202512-001488-01,PO-202512-001488,1,MAT-0102,9474,6236,38.54,365127.96,WH-04,2026-02-08T09:00:00+08:00
PO-202512-001488-02,PO-202512-001488,2,MAT-0142,6587,3367,418.24,2754946.88,WH-05,2026-02-04T09:00:00+08:00
PO-202512-001488-03,PO-202512-001488,3,MAT-0236,2656,1561,593.73,1576946.88,WH-05,2026-01-18T09:00:00+08:00
PO-202512-001488-04,PO-202512-001488,4,MAT-0134,3328,612,245.18,815959.04,WH-05,2026-01-01T09:00:00+08:00
PO-202603-001489-01,PO-202603-001489,1,MAT-0013,2161,4,957.12,2068336.32,WH-03,2026-04-09T00:45:00+08:00
PO-202603-001489-02,PO-202603-001489,2,MAT-0060,11020,4095,537.43,5922478.6,WH-02,2026-04-02T00:45:00+08:00
PO-202603-001489-03,PO-202603-001489,3,MAT-0228,11813,6591,9.19,108561.47,WH-05,2026-03-22T00:45:00+08:00
PO-202603-001489-04,PO-202603-001489,4,MAT-0225,579,95,665.15,385121.85,WH-03,2026-03-19T00:45:00+08:00
PO-202508-001490-01,PO-202508-001490,1,MAT-0158,10291,10291,33.79,347732.89,WH-03,2025-10-07T03:09:00+08:00
PO-202507-001491-01,PO-202507-001491,1,MAT-0239,3704,3704,561.73,2080647.92,WH-02,2025-08-22T23:17:00+08:00
PO-202507-001491-02,PO-202507-001491,2,MAT-0109,1778,1778,39.12,69555.36,WH-03,2025-07-26T23:17:00+08:00
PO-202507-001491-03,PO-202507-001491,3,MAT-0143,2657,2657,983.34,2612734.38,WH-04,2025-08-10T23:17:00+08:00
PO-202507-001491-04,PO-202507-001491,4,MAT-0152,10677,10677,484.99,5178238.23,WH-04,2025-08-31T23:17:00+08:00
PO-202508-001492-01,PO-202508-001492,1,MAT-0059,5870,1148,766.52,4499472.4,WH-06,2025-09-08T08:04:00+08:00
PO-202604-001493-01,PO-202604-001493,1,MAT-0161,8036,3679,431.11,3464399.96,WH-04,2026-05-11T08:28:00+08:00
PO-202604-001493-02,PO-202604-001493,2,MAT-0090,8536,4300,3.83,32692.88,WH-04,2026-06-08T08:28:00+08:00
PO-202604-001493-03,PO-202604-001493,3,MAT-0056,504,248,342.13,172433.52,WH-02,2026-05-28T08:28:00+08:00
PO-202603-001494-01,PO-202603-001494,1,MAT-0201,4629,4629,497.42,2302557.18,WH-03,2026-04-05T12:03:00+08:00
PO-202603-001494-02,PO-202603-001494,2,MAT-0067,2425,2425,65.97,159977.25,WH-01,2026-04-17T12:03:00+08:00
PO-202603-001494-03,PO-202603-001494,3,MAT-0199,1923,1923,484.03,930789.69,WH-05,2026-04-29T12:03:00+08:00
PO-202601-001495-01,PO-202601-001495,1,MAT-0203,11672,9202,475.21,5546651.12,WH-01,2026-02-11T05:30:00+08:00
PO-202601-001495-02,PO-202601-001495,2,MAT-0150,4370,343,13.77,60174.9,WH-01,2026-03-07T05:30:00+08:00
PO-202601-001495-03,PO-202601-001495,3,MAT-0043,1366,913,291.92,398762.72,WH-02,2026-01-28T05:30:00+08:00
PO-202512-001496-01,PO-202512-001496,1,MAT-0214,2504,2504,168.84,422775.36,WH-01,2025-12-29T17:45:00+08:00
PO-202512-001496-02,PO-202512-001496,2,MAT-0058,9217,9217,602.18,5550293.06,WH-06,2025-12-31T17:45:00+08:00
PO-202512-001496-03,PO-202512-001496,3,MAT-0225,7687,7687,695.6,5347077.2,WH-04,2026-01-02T17:45:00+08:00
PO-202604-001497-01,PO-202604-001497,1,MAT-0191,5319,2161,398.83,2121376.77,WH-05,2026-05-01T04:36:00+08:00
PO-202604-001497-02,PO-202604-001497,2,MAT-0106,6155,3224,775.88,4775541.4,WH-06,2026-04-24T04:36:00+08:00
PO-202604-001497-03,PO-202604-001497,3,MAT-0135,10272,3548,41.92,430602.24,WH-01,2026-05-25T04:36:00+08:00
PO-202601-001498-01,PO-202601-001498,1,MAT-0156,11794,11794,19.09,225147.46,WH-05,2026-01-29T12:59:00+08:00
PO-202601-001498-02,PO-202601-001498,2,MAT-0002,9438,9438,1453.44,13717566.72,WH-05,2026-02-06T12:59:00+08:00
PO-202601-001498-03,PO-202601-001498,3,MAT-0067,10739,10739,65.58,704263.62,WH-03,2026-01-20T12:59:00+08:00
PO-202601-001498-04,PO-202601-001498,4,MAT-0018,8849,8849,29.71,262903.79,WH-01,2026-01-12T12:59:00+08:00
PO-202511-001499-01,PO-202511-001499,1,MAT-0052,7269,7269,95.32,692881.08,WH-06,2025-12-25T08:35:00+08:00
PO-202511-001499-02,PO-202511-001499,2,MAT-0193,4581,4581,189.59,868511.79,WH-01,2025-12-09T08:35:00+08:00
PO-202511-001499-03,PO-202511-001499,3,MAT-0028,9020,9020,1026.53,9259300.6,WH-01,2025-12-05T08:35:00+08:00
PO-202511-001500-01,PO-202511-001500,1,MAT-0160,376,376,279.01,104907.76,WH-06,2025-11-19T08:37:00+08:00
PO-202511-001500-02,PO-202511-001500,2,MAT-0195,1253,1253,1.41,1766.73,WH-02,2025-12-24T08:37:00+08:00
PO-202601-001501-01,PO-202601-001501,1,MAT-0097,2381,290,713.55,1698962.55,WH-04,2026-01-05T13:49:00+08:00
PO-202601-001501-02,PO-202601-001501,2,MAT-0032,9728,3275,412.73,4015037.44,WH-02,2026-01-08T13:49:00+08:00
PO-202601-001501-03,PO-202601-001501,3,MAT-0227,8977,4654,970.77,8714602.29,WH-06,2026-01-25T13:49:00+08:00
PO-202601-001501-04,PO-202601-001501,4,MAT-0231,4061,3200,351.2,1426223.2,WH-06,2026-01-13T13:49:00+08:00
PO-202601-001502-01,PO-202601-001502,1,MAT-0018,875,875,28.33,24788.75,WH-01,2026-03-05T07:10:00+08:00
PO-202601-001502-02,PO-202601-001502,2,MAT-0022,2165,2165,79.45,172009.25,WH-03,2026-03-06T07:10:00+08:00
PO-202601-001502-03,PO-202601-001502,3,MAT-0153,7954,7954,403.89,3212541.06,WH-05,2026-03-09T07:10:00+08:00
PO-202508-001503-01,PO-202508-001503,1,MAT-0163,4847,2380,437.15,2118866.05,WH-04,2025-08-09T16:27:00+08:00
PO-202508-001503-02,PO-202508-001503,2,MAT-0067,9862,6028,71.11,701286.82,WH-01,2025-08-14T16:27:00+08:00
PO-202510-001504-01,PO-202510-001504,1,MAT-0111,1458,618,48.96,71383.68,WH-06,2025-11-22T00:17:00+08:00
PO-202510-001504-02,PO-202510-001504,2,MAT-0090,8599,5095,4.44,38179.56,WH-04,2025-11-14T00:17:00+08:00
PO-202510-001504-03,PO-202510-001504,3,MAT-0118,5672,1127,378.42,2146398.24,WH-05,2025-11-21T00:17:00+08:00
PO-202510-001504-04,PO-202510-001504,4,MAT-0057,3823,1844,157.14,600746.22,WH-02,2025-12-12T00:17:00+08:00
PO-202506-001505-01,PO-202506-001505,1,MAT-0142,9944,5775,418.24,4158978.56,WH-04,2025-07-01T13:46:00+08:00
PO-202506-001505-02,PO-202506-001505,2,MAT-0236,1516,1178,593.73,900094.68,WH-02,2025-06-30T13:46:00+08:00
PO-202605-001506-01,PO-202605-001506,1,MAT-0015,10784,2613,363.3,3917827.2,WH-01,2026-06-15T08:00:00+08:00
PO-202508-001507-01,PO-202508-001507,1,MAT-0102,7683,7683,47.24,362944.92,WH-06,2025-08-07T05:35:00+08:00
PO-202508-001507-02,PO-202508-001507,2,MAT-0006,8574,8574,358.41,3073007.34,WH-01,2025-09-06T05:35:00+08:00
PO-202508-001507-03,PO-202508-001507,3,MAT-0191,776,776,400.74,310974.24,WH-02,2025-08-21T05:35:00+08:00
PO-202604-001508-01,PO-202604-001508,1,MAT-0074,1710,976,17.14,29309.4,WH-04,2026-04-12T09:31:00+08:00
PO-202604-001508-02,PO-202604-001508,2,MAT-0125,11023,8633,858.6,9464347.8,WH-01,2026-04-19T09:31:00+08:00
PO-202604-001508-03,PO-202604-001508,3,MAT-0192,8817,1388,80.14,706594.38,WH-05,2026-05-09T09:31:00+08:00
PO-202604-001508-04,PO-202604-001508,4,MAT-0164,9629,432,778.8,7499065.2,WH-05,2026-04-28T09:31:00+08:00
PO-202603-001509-01,PO-202603-001509,1,MAT-0016,1534,627,253.02,388132.68,WH-04,2026-03-15T17:59:00+08:00
PO-202603-001509-02,PO-202603-001509,2,MAT-0006,5263,770,392.6,2066253.8,WH-06,2026-04-08T17:59:00+08:00
PO-202603-001509-03,PO-202603-001509,3,MAT-0131,1892,1227,512.19,969063.48,WH-05,2026-03-23T17:59:00+08:00
PO-202604-001510-01,PO-202604-001510,1,MAT-0088,7110,7110,533.09,3790269.9,WH-06,2026-05-27T18:21:00+08:00
PO-202510-001511-01,PO-202510-001511,1,MAT-0034,10778,3616,43.33,467010.74,WH-04,2025-11-29T16:45:00+08:00
PO-202510-001511-02,PO-202510-001511,2,MAT-0082,625,234,338.0,211250.0,WH-06,2025-12-02T16:45:00+08:00
PO-202510-001511-03,PO-202510-001511,3,MAT-0006,7504,2236,418.22,3138322.88,WH-06,2025-12-03T16:45:00+08:00
PO-202510-001512-01,PO-202510-001512,1,MAT-0087,4980,4980,40.27,200544.6,WH-06,2025-10-30T13:39:00+08:00
PO-202604-001513-01,PO-202604-001513,1,MAT-0017,5958,4700,73.34,436959.72,WH-05,2026-05-03T14:34:00+08:00
PO-202604-001513-02,PO-202604-001513,2,MAT-0174,10914,4067,5.75,62755.5,WH-06,2026-05-03T14:34:00+08:00
PO-202604-001513-03,PO-202604-001513,3,MAT-0130,9170,6988,538.63,4939237.1,WH-01,2026-04-18T14:34:00+08:00
PO-202509-001514-01,PO-202509-001514,1,MAT-0021,7741,2110,10.49,81203.09,WH-05,2025-10-11T19:46:00+08:00
PO-202509-001514-02,PO-202509-001514,2,MAT-0199,1420,932,678.85,963967.0,WH-04,2025-09-28T19:46:00+08:00
PO-202509-001514-03,PO-202509-001514,3,MAT-0207,6673,2476,270.68,1806247.64,WH-05,2025-10-21T19:46:00+08:00
PO-202605-001515-01,PO-202605-001515,1,MAT-0063,8010,440,106.31,851543.1,WH-06,2026-05-14T09:08:00+08:00
PO-202605-001515-02,PO-202605-001515,2,MAT-0045,6693,4527,24.75,165651.75,WH-01,2026-06-01T09:08:00+08:00
PO-202605-001515-03,PO-202605-001515,3,MAT-0124,6473,1686,544.44,3524160.12,WH-03,2026-06-14T09:08:00+08:00
PO-202605-001515-04,PO-202605-001515,4,MAT-0172,3349,1029,633.37,2121156.13,WH-02,2026-05-14T09:08:00+08:00
PO-202601-001516-01,PO-202601-001516,1,MAT-0176,4514,4514,1059.74,4783666.36,WH-05,2026-02-16T16:21:00+08:00
PO-202601-001516-02,PO-202601-001516,2,MAT-0060,9772,9772,622.75,6085513.0,WH-02,2026-01-31T16:21:00+08:00
PO-202601-001516-03,PO-202601-001516,3,MAT-0178,9367,9367,409.59,3836629.53,WH-03,2026-02-02T16:21:00+08:00
PO-202601-001516-04,PO-202601-001516,4,MAT-0183,9833,9833,100.21,985364.93,WH-02,2026-03-07T16:21:00+08:00
PO-202507-001517-01,PO-202507-001517,1,MAT-0051,9010,2774,47.48,427794.8,WH-04,2025-07-15T01:44:00+08:00
PO-202507-001517-02,PO-202507-001517,2,MAT-0046,2488,1748,1377.4,3426971.2,WH-06,2025-08-22T01:44:00+08:00
PO-202507-001517-03,PO-202507-001517,3,MAT-0191,1450,379,336.92,488534.0,WH-03,2025-07-09T01:44:00+08:00
PO-202507-001517-04,PO-202507-001517,4,MAT-0120,11606,6705,16.31,189293.86,WH-06,2025-08-20T01:44:00+08:00
PO-202512-001518-01,PO-202512-001518,1,MAT-0072,5862,5862,918.4,5383660.8,WH-04,2026-01-30T18:07:00+08:00
PO-202512-001518-02,PO-202512-001518,2,MAT-0189,6933,6933,851.28,5901924.24,WH-02,2026-02-01T18:07:00+08:00
PO-202512-001518-03,PO-202512-001518,3,MAT-0181,9382,9382,222.87,2090966.34,WH-03,2026-01-26T18:07:00+08:00
PO-202512-001518-04,PO-202512-001518,4,MAT-0110,6938,6938,18.8,130434.4,WH-03,2026-01-04T18:07:00+08:00
PO-202601-001519-01,PO-202601-001519,1,MAT-0125,2448,1734,1047.09,2563276.32,WH-01,2026-01-14T08:28:00+08:00
PO-202605-001520-01,PO-202605-001520,1,MAT-0139,7924,7924,246.39,1952394.36,WH-03,2026-06-15T08:00:00+08:00
PO-202605-001520-02,PO-202605-001520,2,MAT-0051,1971,1971,53.58,105606.18,WH-02,2026-05-20T06:00:00+08:00
PO-202605-001520-03,PO-202605-001520,3,MAT-0218,10000,10000,187.89,1878900.0,WH-01,2026-06-14T06:00:00+08:00
PO-202605-001520-04,PO-202605-001520,4,MAT-0190,2889,2889,168.92,488009.88,WH-04,2026-06-13T06:00:00+08:00
PO-202509-001521-01,PO-202509-001521,1,MAT-0174,6263,6263,5.48,34321.24,WH-03,2025-11-04T15:46:00+08:00
PO-202509-001521-02,PO-202509-001521,2,MAT-0049,10941,10941,4.01,43873.41,WH-05,2025-11-09T15:46:00+08:00
PO-202509-001521-03,PO-202509-001521,3,MAT-0044,3785,3785,13.35,50529.75,WH-04,2025-10-01T15:46:00+08:00
PO-202508-001522-01,PO-202508-001522,1,MAT-0054,3735,3735,768.52,2870422.2,WH-04,2025-08-26T09:14:00+08:00
PO-202508-001522-02,PO-202508-001522,2,MAT-0113,7224,7224,99.14,716187.36,WH-02,2025-08-19T09:14:00+08:00
PO-202508-001522-03,PO-202508-001522,3,MAT-0136,7098,7098,780.71,5541479.58,WH-01,2025-08-30T09:14:00+08:00
PO-202606-001523-01,PO-202606-001523,1,MAT-0191,11961,11961,392.15,4690506.15,WH-03,2026-06-15T08:00:00+08:00
PO-202604-001524-01,PO-202604-001524,1,MAT-0044,6146,6146,16.38,100671.48,WH-01,2026-05-03T19:51:00+08:00
PO-202604-001524-02,PO-202604-001524,2,MAT-0003,4971,4971,252.18,1253586.78,WH-03,2026-05-04T19:51:00+08:00
PO-202510-001525-01,PO-202510-001525,1,MAT-0010,8635,3749,835.52,7214715.2,WH-05,2025-12-02T06:58:00+08:00
PO-202510-001525-02,PO-202510-001525,2,MAT-0207,6949,2089,285.17,1981646.33,WH-03,2025-12-05T06:58:00+08:00
PO-202510-001525-03,PO-202510-001525,3,MAT-0077,5758,1150,6.82,39269.56,WH-06,2025-11-08T06:58:00+08:00
PO-202510-001525-04,PO-202510-001525,4,MAT-0024,3391,1549,18.15,61546.65,WH-03,2025-11-10T06:58:00+08:00
PO-202603-001526-01,PO-202603-001526,1,MAT-0060,3491,999,553.7,1932966.7,WH-03,2026-04-19T02:05:00+08:00
PO-202603-001526-02,PO-202603-001526,2,MAT-0235,9664,1721,138.5,1338464.0,WH-03,2026-04-03T02:05:00+08:00
PO-202603-001526-03,PO-202603-001526,3,MAT-0058,5792,2301,448.75,2599160.0,WH-03,2026-03-20T02:05:00+08:00
PO-202510-001527-01,PO-202510-001527,1,MAT-0230,9715,4764,936.38,9096931.7,WH-05,2025-11-12T21:13:00+08:00
PO-202510-001527-02,PO-202510-001527,2,MAT-0158,4842,2612,39.6,191743.2,WH-03,2025-12-06T21:13:00+08:00
PO-202510-001527-03,PO-202510-001527,3,MAT-0026,8902,1714,895.79,7974322.58,WH-06,2025-11-04T21:13:00+08:00
PO-202604-001528-01,PO-202604-001528,1,MAT-0111,10310,98,48.12,496117.2,WH-04,2026-05-22T10:16:00+08:00
PO-202601-001529-01,PO-202601-001529,1,MAT-0185,10858,2761,564.22,6126300.76,WH-02,2026-01-27T10:39:00+08:00
PO-202601-001529-02,PO-202601-001529,2,MAT-0194,4508,2779,13.83,62345.64,WH-06,2026-02-03T10:39:00+08:00
PO-202509-001530-01,PO-202509-001530,1,MAT-0071,6289,750,33.03,207725.67,WH-01,2025-09-21T11:17:00+08:00
PO-202509-001530-02,PO-202509-001530,2,MAT-0194,645,12,13.83,8920.35,WH-06,2025-10-03T11:17:00+08:00
PO-202509-001530-03,PO-202509-001530,3,MAT-0216,6117,3943,125.7,768906.9,WH-02,2025-10-12T11:17:00+08:00
PO-202507-001531-01,PO-202507-001531,1,MAT-0097,4251,4251,998.17,4243220.67,WH-05,2025-07-31T05:30:00+08:00
PO-202510-001532-01,PO-202510-001532,1,MAT-0044,1096,232,13.35,14631.6,WH-01,2025-11-17T05:31:00+08:00
PO-202510-001532-02,PO-202510-001532,2,MAT-0008,6081,3662,450.64,2740341.84,WH-01,2025-11-30T05:31:00+08:00
PO-202506-001533-01,PO-202506-001533,1,MAT-0176,3038,2163,871.11,2646432.18,WH-04,2025-07-07T21:57:00+08:00
PO-202506-001533-02,PO-202506-001533,2,MAT-0143,6935,918,1124.05,7795286.75,WH-03,2025-07-03T21:57:00+08:00
PO-202601-001534-01,PO-202601-001534,1,MAT-0040,8453,8453,30.11,254519.83,WH-05,2026-02-08T20:07:00+08:00
PO-202601-001534-02,PO-202601-001534,2,MAT-0117,6288,6288,195.31,1228109.28,WH-01,2026-02-08T20:07:00+08:00
PO-202601-001534-03,PO-202601-001534,3,MAT-0238,8697,8697,128.91,1121130.27,WH-05,2026-01-18T20:07:00+08:00
PO-202602-001535-01,PO-202602-001535,1,MAT-0065,9862,9862,404.62,3990362.44,WH-01,2026-03-28T08:09:00+08:00
PO-202512-001536-01,PO-202512-001536,1,MAT-0125,10567,10567,1028.15,10864461.05,WH-02,2026-01-09T08:07:00+08:00
PO-202512-001536-02,PO-202512-001536,2,MAT-0029,8099,8099,452.66,3666093.34,WH-03,2025-12-27T08:07:00+08:00
PO-202601-001537-01,PO-202601-001537,1,MAT-0080,9854,9854,189.9,1871274.6,WH-03,2026-02-05T12:08:00+08:00
PO-202601-001537-02,PO-202601-001537,2,MAT-0144,3611,3611,13.58,49037.38,WH-02,2026-01-17T12:08:00+08:00
PO-202506-001538-01,PO-202506-001538,1,MAT-0172,7268,288,713.36,5184700.48,WH-01,2025-06-19T10:48:00+08:00
PO-202506-001538-02,PO-202506-001538,2,MAT-0019,7020,5013,29.12,204422.4,WH-06,2025-07-31T10:48:00+08:00
PO-202506-001538-03,PO-202506-001538,3,MAT-0167,6129,945,87.51,536348.79,WH-03,2025-07-20T10:48:00+08:00
PO-202506-001539-01,PO-202506-001539,1,MAT-0150,2196,2196,13.77,30238.92,WH-02,2025-07-23T20:17:00+08:00
PO-202506-001539-02,PO-202506-001539,2,MAT-0042,4350,4350,426.07,1853404.5,WH-05,2025-07-30T20:17:00+08:00
PO-202605-001540-01,PO-202605-001540,1,MAT-0227,3238,215,872.66,2825673.08,WH-06,2026-06-13T00:56:00+08:00
PO-202605-001540-02,PO-202605-001540,2,MAT-0015,3627,703,363.3,1317689.1,WH-01,2026-06-15T08:00:00+08:00
PO-202605-001540-03,PO-202605-001540,3,MAT-0236,4400,1684,521.0,2292400.0,WH-03,2026-06-09T00:56:00+08:00
PO-202603-001541-01,PO-202603-001541,1,MAT-0069,9548,9548,546.0,5213208.0,WH-01,2026-03-14T09:46:00+08:00
PO-202603-001541-02,PO-202603-001541,2,MAT-0003,2388,2388,294.2,702549.6,WH-01,2026-04-14T09:46:00+08:00
PO-202603-001541-03,PO-202603-001541,3,MAT-0032,479,479,412.73,197697.67,WH-03,2026-03-10T09:46:00+08:00
PO-202511-001542-01,PO-202511-001542,1,MAT-0100,3619,3619,268.32,971050.08,WH-05,2025-12-04T02:40:00+08:00
PO-202511-001542-02,PO-202511-001542,2,MAT-0116,872,872,95.73,83476.56,WH-04,2025-12-06T02:40:00+08:00
PO-202511-001542-03,PO-202511-001542,3,MAT-0014,11689,11689,247.92,2897936.88,WH-04,2025-12-02T02:40:00+08:00
PO-202511-001542-04,PO-202511-001542,4,MAT-0205,9562,9562,321.72,3076286.64,WH-05,2025-12-11T02:40:00+08:00
PO-202602-001543-01,PO-202602-001543,1,MAT-0054,5747,2136,659.88,3792330.36,WH-06,2026-03-23T19:46:00+08:00
PO-202602-001543-02,PO-202602-001543,2,MAT-0135,5497,644,31.13,171121.61,WH-02,2026-02-24T19:46:00+08:00
PO-202602-001543-03,PO-202602-001543,3,MAT-0010,8790,3242,738.02,6487195.8,WH-05,2026-03-28T19:46:00+08:00
PO-202602-001543-04,PO-202602-001543,4,MAT-0099,4929,2093,53.03,261384.87,WH-06,2026-02-22T19:46:00+08:00
PO-202606-001544-01,PO-202606-001544,1,MAT-0077,969,60,5.83,5649.27,WH-03,2026-06-15T08:00:00+08:00
PO-202606-001544-02,PO-202606-001544,2,MAT-0021,2048,226,10.96,22446.08,WH-04,2026-06-15T08:00:00+08:00
PO-202507-001545-01,PO-202507-001545,1,MAT-0185,1158,1158,564.22,653366.76,WH-04,2025-08-09T09:19:00+08:00
PO-202507-001545-02,PO-202507-001545,2,MAT-0033,7638,7638,176.51,1348183.38,WH-04,2025-09-08T09:19:00+08:00
PO-202602-001546-01,PO-202602-001546,1,MAT-0059,1929,817,740.17,1427787.93,WH-01,2026-02-27T08:54:00+08:00
PO-202602-001546-02,PO-202602-001546,2,MAT-0026,3591,652,975.77,3503990.07,WH-04,2026-02-26T08:54:00+08:00
PO-202602-001546-03,PO-202602-001546,3,MAT-0101,5888,1171,449.47,2646479.36,WH-02,2026-03-26T08:54:00+08:00
PO-202602-001546-04,PO-202602-001546,4,MAT-0166,4620,524,570.91,2637604.2,WH-01,2026-03-10T08:54:00+08:00
PO-202603-001547-01,PO-202603-001547,1,MAT-0073,920,920,19.47,17912.4,WH-03,2026-04-07T13:14:00+08:00
PO-202603-001547-02,PO-202603-001547,2,MAT-0211,1726,1726,951.31,1641961.06,WH-06,2026-04-08T13:14:00+08:00
PO-202603-001547-03,PO-202603-001547,3,MAT-0105,2548,2548,652.44,1662417.12,WH-04,2026-03-25T13:14:00+08:00
PO-202603-001548-01,PO-202603-001548,1,MAT-0048,10222,10222,15.71,160587.62,WH-02,2026-04-18T22:41:00+08:00
PO-202601-001549-01,PO-202601-001549,1,MAT-0014,9205,9205,272.17,2505324.85,WH-04,2026-02-27T00:25:00+08:00
PO-202601-001549-02,PO-202601-001549,2,MAT-0073,5094,5094,20.33,103561.02,WH-05,2026-01-15T00:25:00+08:00
PO-202601-001549-03,PO-202601-001549,3,MAT-0134,10502,10502,245.18,2574880.36,WH-06,2026-02-18T00:25:00+08:00
PO-202510-001550-01,PO-202510-001550,1,MAT-0116,4936,3698,95.73,472523.28,WH-01,2025-10-29T22:08:00+08:00
PO-202510-001550-02,PO-202510-001550,2,MAT-0073,1828,779,23.67,43268.76,WH-01,2025-10-22T22:08:00+08:00
PO-202510-001550-03,PO-202510-001550,3,MAT-0014,3038,2384,247.92,753180.96,WH-04,2025-10-30T22:08:00+08:00
PO-202512-001551-01,PO-202512-001551,1,MAT-0117,7789,7789,175.08,1363698.12,WH-06,2026-01-27T15:12:00+08:00
PO-202509-001552-01,PO-202509-001552,1,MAT-0180,3373,3373,171.3,577794.9,WH-04,2025-10-08T02:29:00+08:00
PO-202509-001552-02,PO-202509-001552,2,MAT-0127,8639,8639,1171.3,10118860.7,WH-04,2025-10-04T02:29:00+08:00
PO-202510-001553-01,PO-202510-001553,1,MAT-0190,4250,4250,188.59,801507.5,WH-02,2025-11-15T01:30:00+08:00
PO-202603-001554-01,PO-202603-001554,1,MAT-0138,894,427,187.36,167499.84,WH-05,2026-03-16T14:04:00+08:00
PO-202603-001554-02,PO-202603-001554,2,MAT-0156,1954,812,19.09,37301.86,WH-05,2026-04-18T14:04:00+08:00
PO-202603-001554-03,PO-202603-001554,3,MAT-0227,1617,82,777.65,1257460.05,WH-01,2026-04-09T14:04:00+08:00
PO-202508-001555-01,PO-202508-001555,1,MAT-0240,3070,2247,124.5,382215.0,WH-06,2025-09-06T00:59:00+08:00
PO-202508-001555-02,PO-202508-001555,2,MAT-0210,11215,3455,71.22,798732.3,WH-04,2025-09-03T00:59:00+08:00
PO-202601-001556-01,PO-202601-001556,1,MAT-0226,11368,797,338.83,3851819.44,WH-05,2026-01-13T09:44:00+08:00
PO-202601-001556-02,PO-202601-001556,2,MAT-0103,7171,4829,607.08,4353370.68,WH-02,2026-02-04T09:44:00+08:00
PO-202601-001556-03,PO-202601-001556,3,MAT-0017,9386,531,85.83,805600.38,WH-06,2026-01-16T09:44:00+08:00
PO-202601-001556-04,PO-202601-001556,4,MAT-0224,11422,881,317.52,3626713.44,WH-04,2026-02-01T09:44:00+08:00
PO-202603-001557-01,PO-202603-001557,1,MAT-0146,2791,1930,476.9,1331027.9,WH-06,2026-04-24T18:41:00+08:00
PO-202603-001557-02,PO-202603-001557,2,MAT-0021,1063,237,13.55,14403.65,WH-04,2026-04-14T18:41:00+08:00
PO-202603-001557-03,PO-202603-001557,3,MAT-0028,4075,727,1358.84,5537273.0,WH-05,2026-04-07T18:41:00+08:00
PO-202606-001558-01,PO-202606-001558,1,MAT-0004,8209,1507,344.72,2829806.48,WH-06,2026-06-15T08:00:00+08:00
PO-202605-001559-01,PO-202605-001559,1,MAT-0095,3916,3916,361.39,1415203.24,WH-04,2026-06-15T08:00:00+08:00
PO-202605-001559-02,PO-202605-001559,2,MAT-0162,2712,2712,50.02,135654.24,WH-03,2026-06-15T08:00:00+08:00
PO-202605-001559-03,PO-202605-001559,3,MAT-0182,8181,8181,370.24,3028933.44,WH-01,2026-05-28T05:28:00+08:00
PO-202605-001559-04,PO-202605-001559,4,MAT-0125,10102,10102,1047.09,10577703.18,WH-06,2026-06-15T08:00:00+08:00
PO-202605-001560-01,PO-202605-001560,1,MAT-0059,7147,7147,740.17,5289994.99,WH-04,2026-06-03T00:37:00+08:00
PO-202605-001560-02,PO-202605-001560,2,MAT-0149,11228,11228,208.45,2340476.6,WH-05,2026-06-15T08:00:00+08:00
PO-202605-001560-03,PO-202605-001560,3,MAT-0210,1184,1184,57.45,68020.8,WH-04,2026-06-15T08:00:00+08:00
PO-202508-001561-01,PO-202508-001561,1,MAT-0030,10573,3247,26.03,275215.19,WH-02,2025-08-07T15:50:00+08:00
PO-202508-001561-02,PO-202508-001561,2,MAT-0083,11643,9077,291.67,3395913.81,WH-01,2025-08-09T15:50:00+08:00
PO-202508-001561-03,PO-202508-001561,3,MAT-0230,1992,1146,941.66,1875786.72,WH-03,2025-09-12T15:50:00+08:00
PO-202601-001562-01,PO-202601-001562,1,MAT-0056,7886,7886,361.29,2849132.94,WH-01,2026-01-03T06:41:00+08:00
PO-202510-001563-01,PO-202510-001563,1,MAT-0056,7312,5180,303.56,2219630.72,WH-05,2025-11-27T15:38:00+08:00
PO-202510-001563-02,PO-202510-001563,2,MAT-0046,10756,2275,1377.4,14815314.4,WH-05,2025-10-27T15:38:00+08:00
PO-202510-001563-03,PO-202510-001563,3,MAT-0188,2385,1748,79.47,189535.95,WH-02,2025-12-05T15:38:00+08:00
PO-202508-001564-01,PO-202508-001564,1,MAT-0172,4798,201,633.37,3038909.26,WH-05,2025-09-20T09:37:00+08:00
PO-202604-001565-01,PO-202604-001565,1,MAT-0220,10665,7141,341.8,3645297.0,WH-01,2026-05-17T13:14:00+08:00
PO-202604-001565-02,PO-202604-001565,2,MAT-0050,3611,1312,784.43,2832576.73,WH-03,2026-06-06T13:14:00+08:00
PO-202510-001566-01,PO-202510-001566,1,MAT-0183,9775,6956,96.99,948077.25,WH-04,2025-10-06T21:02:00+08:00
PO-202510-001566-02,PO-202510-001566,2,MAT-0112,9362,3025,21.89,204934.18,WH-02,2025-10-20T21:02:00+08:00
PO-202510-001566-03,PO-202510-001566,3,MAT-0115,7835,4561,458.61,3593209.35,WH-01,2025-10-29T21:02:00+08:00
PO-202510-001566-04,PO-202510-001566,4,MAT-0194,4986,3355,15.87,79127.82,WH-01,2025-10-11T21:02:00+08:00
PO-202605-001567-01,PO-202605-001567,1,MAT-0181,4698,1596,209.13,982492.74,WH-01,2026-06-15T08:00:00+08:00
PO-202507-001568-01,PO-202507-001568,1,MAT-0115,6237,6237,332.3,2072555.1,WH-06,2025-07-17T07:09:00+08:00
PO-202507-001568-02,PO-202507-001568,2,MAT-0045,3880,3880,23.88,92654.4,WH-02,2025-07-21T07:09:00+08:00
PO-202604-001569-01,PO-202604-001569,1,MAT-0050,2942,1771,590.85,1738280.7,WH-05,2026-04-24T20:12:00+08:00
PO-202507-001570-01,PO-202507-001570,1,MAT-0225,7206,5627,620.69,4472692.14,WH-02,2025-08-09T06:02:00+08:00
PO-202507-001570-02,PO-202507-001570,2,MAT-0041,6543,4909,386.87,2531290.41,WH-02,2025-07-20T06:02:00+08:00
PO-202507-001570-03,PO-202507-001570,3,MAT-0207,5746,2630,295.67,1698919.82,WH-04,2025-07-24T06:02:00+08:00
PO-202507-001570-04,PO-202507-001570,4,MAT-0014,314,21,235.12,73827.68,WH-05,2025-07-11T06:02:00+08:00
PO-202507-001571-01,PO-202507-001571,1,MAT-0108,4634,2545,321.46,1489645.64,WH-02,2025-07-14T04:54:00+08:00
PO-202507-001571-02,PO-202507-001571,2,MAT-0207,7149,3677,295.67,2113744.83,WH-06,2025-07-25T04:54:00+08:00
PO-202507-001571-03,PO-202507-001571,3,MAT-0022,6166,248,78.99,487052.34,WH-02,2025-08-19T04:54:00+08:00
PO-202510-001572-01,PO-202510-001572,1,MAT-0207,10810,10810,295.67,3196192.7,WH-05,2025-11-11T16:39:00+08:00
PO-202510-001572-02,PO-202510-001572,2,MAT-0105,6361,6361,785.42,4996056.62,WH-05,2025-10-15T16:39:00+08:00
PO-202510-001572-03,PO-202510-001572,3,MAT-0235,9776,9776,150.75,1473732.0,WH-03,2025-11-21T16:39:00+08:00
PO-202507-001573-01,PO-202507-001573,1,MAT-0145,11887,11887,108.76,1292830.12,WH-03,2025-07-23T18:52:00+08:00
PO-202507-001573-02,PO-202507-001573,2,MAT-0038,1646,1646,575.89,947914.94,WH-02,2025-07-21T18:52:00+08:00
PO-202604-001574-01,PO-202604-001574,1,MAT-0002,3377,1307,1258.46,4249819.42,WH-02,2026-04-16T19:23:00+08:00
PO-202512-001575-01,PO-202512-001575,1,MAT-0018,1505,1505,32.61,49078.05,WH-01,2026-01-20T16:56:00+08:00
PO-202512-001575-02,PO-202512-001575,2,MAT-0051,3555,3555,45.37,161290.35,WH-04,2026-01-07T16:56:00+08:00
PO-202512-001575-03,PO-202512-001575,3,MAT-0058,2256,2256,448.75,1012380.0,WH-01,2026-02-05T16:56:00+08:00
PO-202606-001576-01,PO-202606-001576,1,MAT-0219,1049,1049,23.45,24599.05,WH-03,2026-06-15T08:00:00+08:00
PO-202606-001576-02,PO-202606-001576,2,MAT-0165,3939,3939,310.1,1221483.9,WH-05,2026-06-15T08:00:00+08:00
PO-202509-001577-01,PO-202509-001577,1,MAT-0046,2590,2590,1313.51,3401990.9,WH-05,2025-10-28T16:15:00+08:00
PO-202509-001577-02,PO-202509-001577,2,MAT-0136,10203,10203,735.13,7500531.39,WH-06,2025-10-08T16:15:00+08:00
PO-202509-001577-03,PO-202509-001577,3,MAT-0179,896,896,658.7,590195.2,WH-02,2025-10-31T16:15:00+08:00
PO-202510-001578-01,PO-202510-001578,1,MAT-0225,4480,3044,620.69,2780691.2,WH-06,2025-10-17T21:47:00+08:00
PO-202510-001578-02,PO-202510-001578,2,MAT-0123,8825,387,137.52,1213614.0,WH-02,2025-11-03T21:47:00+08:00
PO-202510-001578-03,PO-202510-001578,3,MAT-0038,8160,6113,572.25,4669560.0,WH-03,2025-11-11T21:47:00+08:00
PO-202510-001578-04,PO-202510-001578,4,MAT-0189,6598,956,787.25,5194275.5,WH-04,2025-11-06T21:47:00+08:00
PO-202604-001579-01,PO-202604-001579,1,MAT-0187,731,481,34.22,25014.82,WH-04,2026-04-29T06:38:00+08:00
PO-202604-001579-02,PO-202604-001579,2,MAT-0057,7016,2018,129.71,910045.36,WH-01,2026-04-20T06:38:00+08:00
PO-202604-001579-03,PO-202604-001579,3,MAT-0071,3301,1805,26.69,88103.69,WH-02,2026-04-23T06:38:00+08:00
PO-202604-001579-04,PO-202604-001579,4,MAT-0115,4110,2503,332.3,1365753.0,WH-06,2026-05-07T06:38:00+08:00
PO-202508-001580-01,PO-202508-001580,1,MAT-0207,9163,4983,270.68,2480240.84,WH-01,2025-08-24T15:19:00+08:00
PO-202508-001580-02,PO-202508-001580,2,MAT-0007,665,375,1042.39,693189.35,WH-03,2025-08-15T15:19:00+08:00
PO-202508-001580-03,PO-202508-001580,3,MAT-0199,6590,2828,678.85,4473621.5,WH-03,2025-08-20T15:19:00+08:00
PO-202508-001580-04,PO-202508-001580,4,MAT-0102,10913,1609,43.84,478425.92,WH-03,2025-09-14T15:19:00+08:00
PO-202508-001581-01,PO-202508-001581,1,MAT-0160,2939,2939,288.59,848166.01,WH-02,2025-09-23T22:32:00+08:00
PO-202603-001582-01,PO-202603-001582,1,MAT-0085,6265,2081,448.29,2808536.85,WH-04,2026-04-20T14:17:00+08:00
PO-202604-001583-01,PO-202604-001583,1,MAT-0066,388,191,175.61,68136.68,WH-01,2026-05-21T00:48:00+08:00
PO-202604-001583-02,PO-202604-001583,2,MAT-0154,328,145,97.39,31943.92,WH-06,2026-06-02T00:48:00+08:00
PO-202604-001583-03,PO-202604-001583,3,MAT-0159,2127,1617,16.41,34904.07,WH-05,2026-05-12T00:48:00+08:00
PO-202604-001583-04,PO-202604-001583,4,MAT-0008,3793,1925,405.9,1539578.7,WH-06,2026-04-24T00:48:00+08:00
PO-202601-001584-01,PO-202601-001584,1,MAT-0153,6091,891,379.63,2312326.33,WH-04,2026-02-04T10:10:00+08:00
PO-202601-001584-02,PO-202601-001584,2,MAT-0160,8428,997,359.84,3032731.52,WH-05,2026-03-06T10:10:00+08:00
PO-202601-001584-03,PO-202601-001584,3,MAT-0065,9621,1900,354.41,3409778.61,WH-01,2026-02-04T10:10:00+08:00
PO-202506-001585-01,PO-202506-001585,1,MAT-0232,9916,9916,966.05,9579351.8,WH-05,2025-07-23T07:12:00+08:00
PO-202506-001585-02,PO-202506-001585,2,MAT-0073,1607,1607,20.33,32670.31,WH-06,2025-07-06T07:12:00+08:00
PO-202506-001585-03,PO-202506-001585,3,MAT-0044,10283,10283,13.42,137997.86,WH-01,2025-07-11T07:12:00+08:00
PO-202604-001586-01,PO-202604-001586,1,MAT-0096,1788,19,305.92,546984.96,WH-03,2026-04-29T12:28:00+08:00
PO-202604-001586-02,PO-202604-001586,2,MAT-0104,3846,333,822.6,3163719.6,WH-02,2026-05-03T12:28:00+08:00
PO-202512-001587-01,PO-202512-001587,1,MAT-0179,4065,1813,568.78,2312090.7,WH-01,2026-01-20T23:58:00+08:00
PO-202603-001588-01,PO-202603-001588,1,MAT-0110,9141,830,19.3,176421.3,WH-06,2026-04-29T16:10:00+08:00
PO-202603-001588-02,PO-202603-001588,2,MAT-0218,3411,877,187.89,640892.79,WH-05,2026-03-30T16:10:00+08:00
PO-202603-001588-03,PO-202603-001588,3,MAT-0031,6674,4179,712.35,4754223.9,WH-01,2026-03-30T16:10:00+08:00
PO-202603-001588-04,PO-202603-001588,4,MAT-0150,11075,2714,15.36,170112.0,WH-06,2026-04-28T16:10:00+08:00
PO-202510-001589-01,PO-202510-001589,1,MAT-0033,2881,315,176.51,508525.31,WH-05,2025-10-26T23:34:00+08:00
PO-202509-001590-01,PO-202509-001590,1,MAT-0162,3740,2701,52.78,197397.2,WH-06,2025-10-18T19:00:00+08:00
PO-202509-001590-02,PO-202509-001590,2,MAT-0132,8351,4936,50.55,422143.05,WH-05,2025-09-18T19:00:00+08:00
PO-202507-001591-01,PO-202507-001591,1,MAT-0240,5515,1776,137.21,756713.15,WH-03,2025-07-30T14:10:00+08:00
PO-202507-001591-02,PO-202507-001591,2,MAT-0039,7785,1617,1047.13,8151907.05,WH-06,2025-07-21T14:10:00+08:00
PO-202508-001592-01,PO-202508-001592,1,MAT-0065,6419,66,434.02,2785974.38,WH-02,2025-09-01T04:33:00+08:00
PO-202508-001592-02,PO-202508-001592,2,MAT-0128,7895,5922,50.94,402171.3,WH-01,2025-08-15T04:33:00+08:00
PO-202508-001592-03,PO-202508-001592,3,MAT-0057,6929,4102,157.14,1088823.06,WH-04,2025-08-10T04:33:00+08:00
PO-202508-001592-04,PO-202508-001592,4,MAT-0020,11535,7228,263.57,3040279.95,WH-02,2025-08-29T04:33:00+08:00
PO-202512-001593-01,PO-202512-001593,1,MAT-0046,4336,4336,1377.4,5972406.4,WH-05,2026-01-05T14:48:00+08:00
PO-202512-001593-02,PO-202512-001593,2,MAT-0051,1945,1945,47.48,92348.6,WH-01,2026-01-10T14:48:00+08:00
PO-202602-001594-01,PO-202602-001594,1,MAT-0009,4216,3157,55.1,232301.6,WH-04,2026-03-30T02:03:00+08:00
PO-202602-001594-02,PO-202602-001594,2,MAT-0157,9289,602,242.54,2252954.06,WH-06,2026-03-03T02:03:00+08:00
PO-202602-001594-03,PO-202602-001594,3,MAT-0172,2308,20,735.03,1696449.24,WH-05,2026-02-25T02:03:00+08:00
PO-202602-001594-04,PO-202602-001594,4,MAT-0077,10724,8075,6.25,67025.0,WH-03,2026-04-02T02:03:00+08:00
PO-202601-001595-01,PO-202601-001595,1,MAT-0153,189,132,403.89,76335.21,WH-03,2026-02-14T16:42:00+08:00
PO-202601-001595-02,PO-202601-001595,2,MAT-0225,218,63,697.85,152131.3,WH-02,2026-02-01T16:42:00+08:00
PO-202507-001596-01,PO-202507-001596,1,MAT-0176,4369,4369,896.73,3917813.37,WH-02,2025-08-02T11:19:00+08:00
PO-202507-001596-02,PO-202507-001596,2,MAT-0227,1013,1013,970.77,983390.01,WH-04,2025-08-06T11:19:00+08:00
PO-202507-001596-03,PO-202507-001596,3,MAT-0069,10363,10363,546.0,5658198.0,WH-02,2025-08-25T11:19:00+08:00
PO-202507-001597-01,PO-202507-001597,1,MAT-0025,2461,571,824.32,2028651.52,WH-02,2025-08-17T22:47:00+08:00
PO-202507-001597-02,PO-202507-001597,2,MAT-0022,7208,5439,80.4,579523.2,WH-02,2025-07-11T22:47:00+08:00
PO-202507-001597-03,PO-202507-001597,3,MAT-0125,8210,2200,761.81,6254460.1,WH-03,2025-08-11T22:47:00+08:00
PO-202508-001598-01,PO-202508-001598,1,MAT-0106,8653,8653,668.99,5788770.47,WH-04,2025-09-26T16:58:00+08:00
PO-202508-001598-02,PO-202508-001598,2,MAT-0059,10480,10480,766.52,8033129.6,WH-02,2025-09-04T16:58:00+08:00
PO-202508-001598-03,PO-202508-001598,3,MAT-0005,1829,1829,399.05,729862.45,WH-02,2025-10-10T16:58:00+08:00
PO-202507-001599-01,PO-202507-001599,1,MAT-0055,1342,1043,502.24,674006.08,WH-06,2025-08-21T01:16:00+08:00
PO-202507-001599-02,PO-202507-001599,2,MAT-0032,595,469,391.41,232888.95,WH-03,2025-08-11T01:16:00+08:00
PO-202507-001599-03,PO-202507-001599,3,MAT-0018,11010,3888,32.61,359036.1,WH-01,2025-08-06T01:16:00+08:00
PO-202511-001600-01,PO-202511-001600,1,MAT-0114,9794,7577,207.14,2028729.16,WH-03,2025-12-17T07:46:00+08:00
PO-202511-001600-02,PO-202511-001600,2,MAT-0115,10448,4771,383.64,4008270.72,WH-03,2025-12-01T07:46:00+08:00
PO-202603-001601-01,PO-202603-001601,1,MAT-0066,10853,4762,143.23,1554475.19,WH-03,2026-04-19T06:41:00+08:00
PO-202603-001601-02,PO-202603-001601,2,MAT-0234,11974,4275,138.98,1664146.52,WH-05,2026-04-16T06:41:00+08:00
PO-202603-001601-03,PO-202603-001601,3,MAT-0132,6995,3665,47.42,331702.9,WH-02,2026-03-13T06:41:00+08:00
PO-202603-001601-04,PO-202603-001601,4,MAT-0060,10655,3963,489.56,5216261.8,WH-01,2026-03-17T06:41:00+08:00
PO-202602-001602-01,PO-202602-001602,1,MAT-0200,10231,2858,434.03,4440560.93,WH-06,2026-03-01T03:25:00+08:00
PO-202602-001602-02,PO-202602-001602,2,MAT-0088,3709,204,533.09,1977230.81,WH-04,2026-03-03T03:25:00+08:00
PO-202602-001602-03,PO-202602-001602,3,MAT-0172,11615,7904,633.37,7356592.55,WH-05,2026-02-28T03:25:00+08:00
PO-202509-001603-01,PO-202509-001603,1,MAT-0077,7465,2769,6.25,46656.25,WH-03,2025-09-26T17:33:00+08:00
PO-202509-001603-02,PO-202509-001603,2,MAT-0048,6134,4372,19.35,118692.9,WH-01,2025-10-11T17:33:00+08:00
PO-202509-001604-01,PO-202509-001604,1,MAT-0131,9960,2894,512.19,5101412.4,WH-04,2025-10-04T20:12:00+08:00
PO-202509-001604-02,PO-202509-001604,2,MAT-0218,9607,5069,143.16,1375338.12,WH-01,2025-10-11T20:12:00+08:00
PO-202509-001604-03,PO-202509-001604,3,MAT-0182,6149,2559,330.54,2032490.46,WH-02,2025-11-02T20:12:00+08:00
PO-202602-001605-01,PO-202602-001605,1,MAT-0073,11472,11472,23.67,271542.24,WH-03,2026-03-02T13:41:00+08:00
PO-202602-001605-02,PO-202602-001605,2,MAT-0158,10896,10896,33.79,368175.84,WH-04,2026-03-25T13:41:00+08:00
PO-202602-001605-03,PO-202602-001605,3,MAT-0205,106,106,321.72,34102.32,WH-01,2026-03-12T13:41:00+08:00
PO-202602-001605-04,PO-202602-001605,4,MAT-0004,8079,8079,411.91,3327820.89,WH-01,2026-03-06T13:41:00+08:00
PO-202506-001606-01,PO-202506-001606,1,MAT-0067,4791,4791,63.05,302072.55,WH-02,2025-06-24T11:39:00+08:00
PO-202506-001606-02,PO-202506-001606,2,MAT-0135,3479,3479,41.92,145839.68,WH-04,2025-07-07T11:39:00+08:00
PO-202512-001607-01,PO-202512-001607,1,MAT-0074,10025,10025,17.14,171828.5,WH-03,2026-01-24T10:22:00+08:00
PO-202512-001607-02,PO-202512-001607,2,MAT-0239,10779,10779,561.73,6054887.67,WH-01,2026-01-15T10:22:00+08:00
PO-202512-001607-03,PO-202512-001607,3,MAT-0170,3842,3842,183.41,704661.22,WH-01,2025-12-24T10:22:00+08:00
PO-202512-001607-04,PO-202512-001607,4,MAT-0109,3976,3976,39.12,155541.12,WH-01,2025-12-30T10:22:00+08:00
PO-202508-001608-01,PO-202508-001608,1,MAT-0071,7631,7631,29.33,223817.23,WH-03,2025-10-02T23:27:00+08:00
PO-202601-001609-01,PO-202601-001609,1,MAT-0015,1711,83,319.52,546698.72,WH-06,2026-01-26T04:29:00+08:00
PO-202601-001609-02,PO-202601-001609,2,MAT-0179,11465,4203,658.7,7551995.5,WH-06,2026-02-28T04:29:00+08:00
PO-202601-001610-01,PO-202601-001610,1,MAT-0080,750,51,261.0,195750.0,WH-03,2026-01-27T21:18:00+08:00
PO-202601-001610-02,PO-202601-001610,2,MAT-0121,7159,4776,170.39,1219822.01,WH-05,2026-02-25T21:18:00+08:00
PO-202601-001610-03,PO-202601-001610,3,MAT-0073,4988,423,22.5,112230.0,WH-05,2026-02-08T21:18:00+08:00
PO-202601-001610-04,PO-202601-001610,4,MAT-0212,9817,2966,305.35,2997620.95,WH-05,2026-03-06T21:18:00+08:00
PO-202602-001611-01,PO-202602-001611,1,MAT-0141,470,470,221.31,104015.7,WH-01,2026-04-04T21:22:00+08:00
PO-202602-001611-02,PO-202602-001611,2,MAT-0102,783,783,43.84,34326.72,WH-02,2026-03-21T21:22:00+08:00
PO-202603-001612-01,PO-202603-001612,1,MAT-0216,9956,9956,145.92,1452779.52,WH-01,2026-04-17T08:53:00+08:00
PO-202603-001612-02,PO-202603-001612,2,MAT-0158,8961,8961,40.56,363458.16,WH-06,2026-04-21T08:53:00+08:00
PO-202603-001612-03,PO-202603-001612,3,MAT-0013,9421,9421,957.12,9017027.52,WH-06,2026-04-25T08:53:00+08:00
PO-202603-001612-04,PO-202603-001612,4,MAT-0225,3654,3654,665.15,2430458.1,WH-03,2026-05-03T08:53:00+08:00
PO-202509-001613-01,PO-202509-001613,1,MAT-0121,10497,10497,171.56,1800865.32,WH-06,2025-11-07T10:53:00+08:00
PO-202509-001613-02,PO-202509-001613,2,MAT-0023,11437,11437,403.69,4617002.53,WH-04,2025-10-27T10:53:00+08:00
PO-202509-001613-03,PO-202509-001613,3,MAT-0020,8272,8272,264.38,2186951.36,WH-05,2025-09-28T10:53:00+08:00
PO-202605-001614-01,PO-202605-001614,1,MAT-0130,10353,10353,566.52,5865181.56,WH-02,2026-06-15T08:00:00+08:00
PO-202507-001615-01,PO-202507-001615,1,MAT-0019,9294,9294,28.14,261533.16,WH-01,2025-08-25T05:27:00+08:00
PO-202507-001615-02,PO-202507-001615,2,MAT-0183,6281,6281,101.67,638589.27,WH-05,2025-08-27T05:27:00+08:00
PO-202507-001615-03,PO-202507-001615,3,MAT-0228,6828,6828,7.52,51346.56,WH-06,2025-08-08T05:27:00+08:00
PO-202507-001615-04,PO-202507-001615,4,MAT-0073,2910,2910,23.69,68937.9,WH-06,2025-08-03T05:27:00+08:00
PO-202510-001616-01,PO-202510-001616,1,MAT-0140,9035,9035,160.75,1452376.25,WH-02,2025-11-07T11:57:00+08:00
PO-202510-001616-02,PO-202510-001616,2,MAT-0182,9833,9833,330.54,3250199.82,WH-02,2025-11-09T11:57:00+08:00
PO-202510-001616-03,PO-202510-001616,3,MAT-0156,1616,1616,21.63,34954.08,WH-03,2025-12-03T11:57:00+08:00
PO-202508-001617-01,PO-202508-001617,1,MAT-0141,4507,3127,227.47,1025207.29,WH-01,2025-08-21T11:56:00+08:00
PO-202508-001617-02,PO-202508-001617,2,MAT-0172,8720,6459,633.37,5522986.4,WH-01,2025-08-14T11:56:00+08:00
PO-202508-001617-03,PO-202508-001617,3,MAT-0200,549,155,434.03,238282.47,WH-06,2025-08-22T11:56:00+08:00
PO-202602-001618-01,PO-202602-001618,1,MAT-0226,1305,1305,283.68,370202.4,WH-06,2026-03-02T07:02:00+08:00
PO-202602-001618-02,PO-202602-001618,2,MAT-0179,1939,1939,664.42,1288310.38,WH-03,2026-04-11T07:02:00+08:00
PO-202602-001618-03,PO-202602-001618,3,MAT-0016,7395,7395,206.71,1528620.45,WH-06,2026-03-23T07:02:00+08:00
PO-202602-001618-04,PO-202602-001618,4,MAT-0026,10018,10018,895.79,8974024.22,WH-02,2026-03-31T07:02:00+08:00
PO-202508-001619-01,PO-202508-001619,1,MAT-0215,5352,1635,70.16,375496.32,WH-01,2025-09-07T14:19:00+08:00
PO-202508-001619-02,PO-202508-001619,2,MAT-0131,3777,970,512.19,1934541.63,WH-03,2025-09-06T14:19:00+08:00
PO-202508-001619-03,PO-202508-001619,3,MAT-0016,8936,2708,253.02,2260986.72,WH-01,2025-09-10T14:19:00+08:00
PO-202511-001620-01,PO-202511-001620,1,MAT-0010,9604,7270,849.95,8162919.8,WH-01,2025-12-13T19:36:00+08:00
PO-202605-001621-01,PO-202605-001621,1,MAT-0186,2345,1821,429.11,1006262.95,WH-04,2026-05-15T10:21:00+08:00
PO-202605-001621-02,PO-202605-001621,2,MAT-0121,2536,299,195.03,494596.08,WH-02,2026-06-15T08:00:00+08:00
PO-202605-001621-03,PO-202605-001621,3,MAT-0138,11768,8854,187.36,2204852.48,WH-04,2026-06-15T08:00:00+08:00
PO-202507-001622-01,PO-202507-001622,1,MAT-0112,1447,1447,18.85,27275.95,WH-05,2025-08-08T11:31:00+08:00
PO-202507-001622-02,PO-202507-001622,2,MAT-0127,2986,2986,1171.3,3497501.8,WH-05,2025-07-08T11:31:00+08:00
PO-202507-001622-03,PO-202507-001622,3,MAT-0106,11252,11252,787.04,8855774.08,WH-01,2025-07-15T11:31:00+08:00
PO-202507-001622-04,PO-202507-001622,4,MAT-0214,586,586,168.84,98940.24,WH-01,2025-07-03T11:31:00+08:00
PO-202509-001623-01,PO-202509-001623,1,MAT-0135,3228,3228,31.13,100487.64,WH-06,2025-10-12T23:02:00+08:00
PO-202512-001624-01,PO-202512-001624,1,MAT-0153,991,991,379.63,376213.33,WH-01,2026-01-22T11:09:00+08:00
PO-202512-001624-02,PO-202512-001624,2,MAT-0034,8213,8213,43.33,355869.29,WH-01,2026-01-15T11:09:00+08:00
PO-202512-001624-03,PO-202512-001624,3,MAT-0082,3732,3732,338.0,1261416.0,WH-01,2026-01-13T11:09:00+08:00
PO-202512-001624-04,PO-202512-001624,4,MAT-0146,11128,11128,572.48,6370557.44,WH-02,2025-12-25T11:09:00+08:00
PO-202512-001625-01,PO-202512-001625,1,MAT-0012,6452,2769,773.82,4992686.64,WH-06,2026-02-05T22:16:00+08:00
PO-202512-001625-02,PO-202512-001625,2,MAT-0228,10241,934,10.22,104663.02,WH-04,2026-01-14T22:16:00+08:00
PO-202510-001626-01,PO-202510-001626,1,MAT-0129,10028,1074,450.78,4520421.84,WH-06,2025-10-27T13:48:00+08:00
PO-202510-001626-02,PO-202510-001626,2,MAT-0066,4965,237,184.34,915248.1,WH-03,2025-11-18T13:48:00+08:00
PO-202508-001627-01,PO-202508-001627,1,MAT-0084,7608,5606,368.4,2802787.2,WH-01,2025-09-12T20:38:00+08:00
PO-202508-001627-02,PO-202508-001627,2,MAT-0025,11898,7181,925.43,11010766.14,WH-05,2025-10-03T20:38:00+08:00
PO-202508-001627-03,PO-202508-001627,3,MAT-0224,281,42,317.52,89223.12,WH-05,2025-09-08T20:38:00+08:00
PO-202605-001628-01,PO-202605-001628,1,MAT-0120,1068,1068,15.07,16094.76,WH-01,2026-06-12T07:42:00+08:00
PO-202605-001628-02,PO-202605-001628,2,MAT-0119,7162,7162,3.08,22058.96,WH-01,2026-06-10T07:42:00+08:00
PO-202602-001629-01,PO-202602-001629,1,MAT-0227,4950,4950,752.63,3725518.5,WH-05,2026-02-23T10:24:00+08:00
PO-202602-001629-02,PO-202602-001629,2,MAT-0102,11392,11392,38.61,439845.12,WH-03,2026-04-08T10:24:00+08:00
PO-202602-001629-03,PO-202602-001629,3,MAT-0144,6476,6476,13.58,87944.08,WH-04,2026-03-30T10:24:00+08:00
PO-202601-001630-01,PO-202601-001630,1,MAT-0207,8400,1898,295.67,2483628.0,WH-03,2026-01-16T15:19:00+08:00
PO-202601-001630-02,PO-202601-001630,2,MAT-0105,8624,5503,785.42,6773462.08,WH-06,2026-02-09T15:19:00+08:00
PO-202603-001631-01,PO-202603-001631,1,MAT-0217,3123,3123,305.46,953951.58,WH-02,2026-03-08T15:58:00+08:00
PO-202602-001632-01,PO-202602-001632,1,MAT-0101,5706,5706,384.09,2191617.54,WH-04,2026-02-28T06:21:00+08:00
PO-202512-001633-01,PO-202512-001633,1,MAT-0238,8269,5246,128.91,1065956.79,WH-01,2025-12-31T07:30:00+08:00
PO-202506-001634-01,PO-202506-001634,1,MAT-0060,8885,8885,537.43,4775065.55,WH-03,2025-07-08T07:35:00+08:00
PO-202506-001634-02,PO-202506-001634,2,MAT-0144,3758,3758,11.33,42578.14,WH-03,2025-07-09T07:35:00+08:00
PO-202506-001634-03,PO-202506-001634,3,MAT-0013,7900,7900,957.12,7561248.0,WH-03,2025-07-27T07:35:00+08:00
PO-202506-001634-04,PO-202506-001634,4,MAT-0100,8557,8557,333.27,2851791.39,WH-05,2025-07-04T07:35:00+08:00
PO-202602-001635-01,PO-202602-001635,1,MAT-0008,5501,5501,405.9,2232855.9,WH-01,2026-02-26T21:12:00+08:00
PO-202602-001635-02,PO-202602-001635,2,MAT-0085,10349,10349,556.42,5758390.58,WH-04,2026-02-07T21:12:00+08:00
PO-202602-001635-03,PO-202602-001635,3,MAT-0159,9047,9047,16.41,148461.27,WH-04,2026-02-06T21:12:00+08:00
PO-202509-001636-01,PO-202509-001636,1,MAT-0240,11367,11367,110.92,1260827.64,WH-02,2025-10-03T17:52:00+08:00
PO-202509-001636-02,PO-202509-001636,2,MAT-0110,4094,4094,18.8,76967.2,WH-03,2025-10-12T17:52:00+08:00
PO-202509-001636-03,PO-202509-001636,3,MAT-0041,5660,5660,326.31,1846914.6,WH-04,2025-10-09T17:52:00+08:00
PO-202509-001636-04,PO-202509-001636,4,MAT-0172,6718,6718,713.36,4792352.48,WH-03,2025-10-08T17:52:00+08:00
PO-202604-001637-01,PO-202604-001637,1,MAT-0236,8340,8340,618.58,5158957.2,WH-06,2026-05-28T04:11:00+08:00
PO-202511-001638-01,PO-202511-001638,1,MAT-0191,556,206,398.83,221749.48,WH-04,2025-11-25T08:28:00+08:00
PO-202509-001639-01,PO-202509-001639,1,MAT-0147,7081,1281,590.82,4183596.42,WH-02,2025-11-01T13:06:00+08:00
PO-202509-001639-02,PO-202509-001639,2,MAT-0018,11305,801,32.61,368656.05,WH-04,2025-10-02T13:06:00+08:00
PO-202509-001639-03,PO-202509-001639,3,MAT-0123,848,460,135.01,114488.48,WH-02,2025-09-30T13:06:00+08:00
PO-202509-001639-04,PO-202509-001639,4,MAT-0213,7271,209,292.46,2126476.66,WH-04,2025-10-08T13:06:00+08:00
PO-202507-001640-01,PO-202507-001640,1,MAT-0187,10754,10754,29.55,317780.7,WH-04,2025-07-15T00:36:00+08:00
PO-202507-001640-02,PO-202507-001640,2,MAT-0064,5662,5662,107.24,607192.88,WH-04,2025-08-07T00:36:00+08:00
PO-202507-001640-03,PO-202507-001640,3,MAT-0144,5899,5899,13.58,80108.42,WH-04,2025-08-19T00:36:00+08:00
PO-202508-001641-01,PO-202508-001641,1,MAT-0043,3089,674,291.92,901740.88,WH-06,2025-08-24T12:32:00+08:00
PO-202508-001641-02,PO-202508-001641,2,MAT-0203,1120,292,475.21,532235.2,WH-04,2025-09-21T12:32:00+08:00
PO-202508-001641-03,PO-202508-001641,3,MAT-0207,4426,495,285.17,1262162.42,WH-05,2025-08-18T12:32:00+08:00
PO-202512-001642-01,PO-202512-001642,1,MAT-0010,10638,8447,708.47,7536703.86,WH-03,2025-12-23T05:07:00+08:00
PO-202512-001642-02,PO-202512-001642,2,MAT-0057,6823,4470,131.94,900226.62,WH-04,2026-01-16T05:07:00+08:00
PO-202512-001642-03,PO-202512-001642,3,MAT-0019,11114,6592,27.06,300744.84,WH-02,2026-01-15T05:07:00+08:00
PO-202512-001642-04,PO-202512-001642,4,MAT-0194,7906,5878,15.76,124598.56,WH-03,2025-12-27T05:07:00+08:00
PO-202507-001643-01,PO-202507-001643,1,MAT-0119,8201,8201,3.08,25259.08,WH-05,2025-08-28T14:45:00+08:00
PO-202507-001643-02,PO-202507-001643,2,MAT-0192,11852,11852,102.38,1213407.76,WH-04,2025-08-07T14:45:00+08:00
PO-202507-001643-03,PO-202507-001643,3,MAT-0048,9307,9307,18.02,167712.14,WH-04,2025-08-30T14:45:00+08:00
PO-202507-001643-04,PO-202507-001643,4,MAT-0177,10567,10567,566.58,5987050.86,WH-04,2025-08-27T14:45:00+08:00
PO-202510-001644-01,PO-202510-001644,1,MAT-0127,1515,1067,1091.54,1653683.1,WH-03,2025-11-07T10:58:00+08:00
PO-202510-001644-02,PO-202510-001644,2,MAT-0005,7940,2062,423.0,3358620.0,WH-02,2025-11-06T10:58:00+08:00
PO-202510-001644-03,PO-202510-001644,3,MAT-0170,1392,261,232.41,323514.72,WH-01,2025-10-27T10:58:00+08:00
PO-202602-001645-01,PO-202602-001645,1,MAT-0166,4516,2947,669.55,3023687.8,WH-01,2026-03-06T04:56:00+08:00
PO-202602-001646-01,PO-202602-001646,1,MAT-0026,5773,4221,942.62,5441745.26,WH-04,2026-02-28T15:25:00+08:00
PO-202602-001646-02,PO-202602-001646,2,MAT-0025,4801,959,824.32,3957560.32,WH-01,2026-02-27T15:25:00+08:00
PO-202602-001646-03,PO-202602-001646,3,MAT-0185,6037,1733,631.88,3814659.56,WH-03,2026-02-23T15:25:00+08:00
PO-202606-001647-01,PO-202606-001647,1,MAT-0112,3479,3479,17.75,61752.25,WH-05,2026-06-13T05:58:00+08:00
PO-202603-001648-01,PO-202603-001648,1,MAT-0052,11256,11256,106.63,1200227.28,WH-02,2026-03-30T22:18:00+08:00
PO-202603-001648-02,PO-202603-001648,2,MAT-0221,6386,6386,288.92,1845043.12,WH-06,2026-04-26T22:18:00+08:00
PO-202507-001649-01,PO-202507-001649,1,MAT-0127,9291,9291,1171.3,10882548.3,WH-05,2025-07-24T03:43:00+08:00
PO-202507-001649-02,PO-202507-001649,2,MAT-0074,7309,7309,15.7,114751.3,WH-05,2025-08-12T03:43:00+08:00
PO-202507-001649-03,PO-202507-001649,3,MAT-0209,2160,2160,1312.18,2834308.8,WH-03,2025-08-08T03:43:00+08:00
PO-202511-001650-01,PO-202511-001650,1,MAT-0006,11486,11486,441.09,5066359.74,WH-01,2025-12-17T16:09:00+08:00
PO-202511-001650-02,PO-202511-001650,2,MAT-0092,7412,7412,160.52,1189774.24,WH-01,2025-12-12T16:09:00+08:00
PO-202511-001650-03,PO-202511-001650,3,MAT-0208,4111,4111,120.26,494388.86,WH-04,2025-12-29T16:09:00+08:00
PO-202606-001651-01,PO-202606-001651,1,MAT-0226,499,499,279.52,139480.48,WH-03,2026-06-15T08:00:00+08:00
PO-202606-001651-02,PO-202606-001651,2,MAT-0080,8785,8785,261.0,2292885.0,WH-04,2026-06-15T08:00:00+08:00
PO-202606-001651-03,PO-202606-001651,3,MAT-0083,7052,7052,288.86,2037040.72,WH-03,2026-06-15T08:00:00+08:00
PO-202606-001651-04,PO-202606-001651,4,MAT-0212,5199,5199,305.35,1587514.65,WH-03,2026-06-12T00:48:00+08:00
PO-202511-001652-01,PO-202511-001652,1,MAT-0228,6148,2387,10.22,62832.56,WH-05,2025-12-19T23:48:00+08:00
PO-202511-001652-02,PO-202511-001652,2,MAT-0098,8615,212,108.32,933176.8,WH-06,2025-12-16T23:48:00+08:00
PO-202602-001653-01,PO-202602-001653,1,MAT-0211,8953,8953,819.19,7334208.07,WH-06,2026-04-11T03:32:00+08:00
PO-202602-001653-02,PO-202602-001653,2,MAT-0149,4023,4023,208.46,838634.58,WH-05,2026-03-05T03:32:00+08:00
PO-202602-001653-03,PO-202602-001653,3,MAT-0004,9300,9300,449.01,4175793.0,WH-01,2026-04-12T03:32:00+08:00
PO-202602-001653-04,PO-202602-001653,4,MAT-0219,5227,5227,27.91,145885.57,WH-03,2026-03-17T03:32:00+08:00
PO-202511-001654-01,PO-202511-001654,1,MAT-0064,3838,180,93.97,360656.86,WH-05,2025-12-24T02:14:00+08:00
PO-202602-001655-01,PO-202602-001655,1,MAT-0142,1032,1032,450.37,464781.84,WH-06,2026-02-17T23:58:00+08:00
PO-202602-001655-02,PO-202602-001655,2,MAT-0062,7655,7655,929.3,7113791.5,WH-03,2026-03-23T23:58:00+08:00
PO-202602-001655-03,PO-202602-001655,3,MAT-0024,641,641,21.88,14025.08,WH-03,2026-02-16T23:58:00+08:00
PO-202602-001655-04,PO-202602-001655,4,MAT-0159,9693,9693,16.41,159062.13,WH-03,2026-02-21T23:58:00+08:00
PO-202508-001656-01,PO-202508-001656,1,MAT-0014,4213,4213,235.12,990560.56,WH-05,2025-09-10T04:17:00+08:00
PO-202508-001656-02,PO-202508-001656,2,MAT-0148,2852,2852,7.26,20705.52,WH-06,2025-08-12T04:17:00+08:00
PO-202601-001657-01,PO-202601-001657,1,MAT-0184,4279,3207,281.69,1205351.51,WH-02,2026-02-03T09:28:00+08:00
PO-202601-001657-02,PO-202601-001657,2,MAT-0052,5570,4178,95.32,530932.4,WH-03,2026-02-24T09:28:00+08:00
PO-202604-001658-01,PO-202604-001658,1,MAT-0010,3009,1860,849.95,2557499.55,WH-04,2026-04-30T07:51:00+08:00
PO-202604-001658-02,PO-202604-001658,2,MAT-0102,637,58,38.61,24594.57,WH-03,2026-06-03T07:51:00+08:00
PO-202603-001659-01,PO-202603-001659,1,MAT-0015,1623,1623,294.84,478525.32,WH-02,2026-04-08T15:01:00+08:00
PO-202603-001659-02,PO-202603-001659,2,MAT-0024,7660,7660,21.88,167600.8,WH-04,2026-03-12T15:01:00+08:00
PO-202603-001659-03,PO-202603-001659,3,MAT-0092,4979,4979,181.27,902543.33,WH-04,2026-03-26T15:01:00+08:00
PO-202603-001659-04,PO-202603-001659,4,MAT-0062,5472,5472,929.3,5085129.6,WH-05,2026-03-20T15:01:00+08:00
PO-202601-001660-01,PO-202601-001660,1,MAT-0093,703,91,856.9,602400.7,WH-02,2026-02-01T22:56:00+08:00
PO-202601-001660-02,PO-202601-001660,2,MAT-0236,117,33,578.39,67671.63,WH-04,2026-01-05T22:56:00+08:00
PO-202601-001660-03,PO-202601-001660,3,MAT-0042,5165,2141,484.06,2500169.9,WH-06,2026-01-28T22:56:00+08:00
PO-202602-001661-01,PO-202602-001661,1,MAT-0054,6969,6969,615.75,4291161.75,WH-01,2026-03-03T14:24:00+08:00
PO-202602-001661-02,PO-202602-001661,2,MAT-0043,11590,11590,280.5,3250995.0,WH-05,2026-03-09T14:24:00+08:00
PO-202604-001662-01,PO-202604-001662,1,MAT-0100,9816,477,333.27,3271378.32,WH-03,2026-05-18T10:58:00+08:00
PO-202604-001662-02,PO-202604-001662,2,MAT-0228,4268,1772,9.19,39222.92,WH-06,2026-05-22T10:58:00+08:00
PO-202508-001663-01,PO-202508-001663,1,MAT-0100,11417,11417,333.27,3804943.59,WH-05,2025-09-13T16:46:00+08:00
PO-202508-001663-02,PO-202508-001663,2,MAT-0192,7810,7810,95.42,745230.2,WH-02,2025-08-26T16:46:00+08:00
PO-202601-001664-01,PO-202601-001664,1,MAT-0096,9547,4250,318.05,3036423.35,WH-03,2026-03-08T02:57:00+08:00
PO-202601-001664-02,PO-202601-001664,2,MAT-0029,2178,274,452.66,985893.48,WH-02,2026-03-07T02:57:00+08:00
PO-202601-001664-03,PO-202601-001664,3,MAT-0034,4103,1906,38.25,156939.75,WH-04,2026-02-05T02:57:00+08:00
PO-202601-001664-04,PO-202601-001664,4,MAT-0105,9610,1746,563.1,5411391.0,WH-02,2026-03-02T02:57:00+08:00
PO-202512-001665-01,PO-202512-001665,1,MAT-0191,9536,9536,336.92,3212869.12,WH-01,2025-12-25T01:05:00+08:00
PO-202508-001666-01,PO-202508-001666,1,MAT-0048,8423,8423,19.87,167365.01,WH-03,2025-09-12T16:00:00+08:00
PO-202508-001666-02,PO-202508-001666,2,MAT-0194,9512,9512,15.87,150955.44,WH-02,2025-09-28T16:00:00+08:00
PO-202508-001666-03,PO-202508-001666,3,MAT-0087,4223,4223,38.82,163936.86,WH-01,2025-09-06T16:00:00+08:00
PO-202508-001666-04,PO-202508-001666,4,MAT-0183,8405,8405,96.99,815200.95,WH-01,2025-09-30T16:00:00+08:00
PO-202604-001667-01,PO-202604-001667,1,MAT-0134,4292,706,205.17,880589.64,WH-02,2026-05-04T14:42:00+08:00
PO-202604-001668-01,PO-202604-001668,1,MAT-0027,9766,2307,578.77,5652267.82,WH-03,2026-05-03T22:24:00+08:00
PO-202604-001668-02,PO-202604-001668,2,MAT-0145,5897,3761,88.43,521471.71,WH-04,2026-06-02T22:24:00+08:00
PO-202604-001668-03,PO-202604-001668,3,MAT-0026,3923,544,950.58,3729125.34,WH-06,2026-05-29T22:24:00+08:00
PO-202604-001668-04,PO-202604-001668,4,MAT-0035,5189,2998,10.3,53446.7,WH-03,2026-05-26T22:24:00+08:00
PO-202508-001669-01,PO-202508-001669,1,MAT-0140,9386,9386,149.22,1400578.92,WH-02,2025-10-06T09:26:00+08:00
PO-202508-001669-02,PO-202508-001669,2,MAT-0182,400,400,377.29,150916.0,WH-06,2025-10-14T09:26:00+08:00
PO-202508-001669-03,PO-202508-001669,3,MAT-0206,787,787,81.22,63920.14,WH-06,2025-10-04T09:26:00+08:00
PO-202511-001670-01,PO-202511-001670,1,MAT-0018,4564,4564,29.71,135596.44,WH-03,2025-11-29T21:10:00+08:00
PO-202511-001670-02,PO-202511-001670,2,MAT-0186,5679,5679,429.11,2436915.69,WH-06,2025-12-21T21:10:00+08:00
PO-202602-001671-01,PO-202602-001671,1,MAT-0002,2811,1932,1170.86,3291287.46,WH-04,2026-02-15T13:07:00+08:00
PO-202603-001672-01,PO-202603-001672,1,MAT-0052,7484,7484,106.63,798018.92,WH-06,2026-03-30T09:11:00+08:00
PO-202603-001672-02,PO-202603-001672,2,MAT-0058,4191,4191,602.18,2523736.38,WH-01,2026-04-24T09:11:00+08:00
PO-202603-001672-03,PO-202603-001672,3,MAT-0112,11951,11951,18.85,225276.35,WH-05,2026-03-20T09:11:00+08:00
PO-202603-001672-04,PO-202603-001672,4,MAT-0024,5061,5061,18.94,95855.34,WH-06,2026-03-22T09:11:00+08:00
PO-202509-001673-01,PO-202509-001673,1,MAT-0206,629,311,81.22,51087.38,WH-01,2025-10-16T21:21:00+08:00
PO-202509-001673-02,PO-202509-001673,2,MAT-0093,5127,1726,885.66,4540778.82,WH-03,2025-09-24T21:21:00+08:00
PO-202509-001673-03,PO-202509-001673,3,MAT-0126,5846,1821,498.15,2912184.9,WH-05,2025-09-29T21:21:00+08:00
PO-202509-001673-04,PO-202509-001673,4,MAT-0101,1167,616,385.65,450053.55,WH-04,2025-09-30T21:21:00+08:00
PO-202509-001674-01,PO-202509-001674,1,MAT-0200,6135,6135,459.04,2816210.4,WH-01,2025-10-24T19:53:00+08:00
PO-202509-001675-01,PO-202509-001675,1,MAT-0175,2679,2679,557.43,1493354.97,WH-03,2025-11-06T15:21:00+08:00
PO-202509-001675-02,PO-202509-001675,2,MAT-0221,10432,10432,273.17,2849709.44,WH-01,2025-10-27T15:21:00+08:00
PO-202509-001675-03,PO-202509-001675,3,MAT-0141,7237,7237,211.38,1529757.06,WH-02,2025-09-26T15:21:00+08:00
PO-202606-001676-01,PO-202606-001676,1,MAT-0007,551,330,1230.87,678209.37,WH-04,2026-06-07T17:53:00+08:00
PO-202606-001676-02,PO-202606-001676,2,MAT-0073,688,193,23.67,16284.96,WH-06,2026-06-15T08:00:00+08:00
PO-202606-001676-03,PO-202606-001676,3,MAT-0004,9553,2237,411.91,3934976.23,WH-02,2026-06-15T08:00:00+08:00
PO-202606-001676-04,PO-202606-001676,4,MAT-0066,3811,1113,202.3,770965.3,WH-06,2026-06-15T08:00:00+08:00
PO-202604-001677-01,PO-202604-001677,1,MAT-0099,7309,7309,48.98,357994.82,WH-06,2026-04-24T13:42:00+08:00
PO-202604-001677-02,PO-202604-001677,2,MAT-0176,2399,2399,896.73,2151255.27,WH-05,2026-05-14T13:42:00+08:00
PO-202604-001677-03,PO-202604-001677,3,MAT-0119,3820,3820,2.52,9626.4,WH-02,2026-05-25T13:42:00+08:00
PO-202604-001677-04,PO-202604-001677,4,MAT-0188,9512,9512,87.44,831729.28,WH-03,2026-05-18T13:42:00+08:00
PO-202506-001678-01,PO-202506-001678,1,MAT-0076,10241,10241,324.05,3318596.05,WH-01,2025-06-29T01:17:00+08:00
PO-202506-001678-02,PO-202506-001678,2,MAT-0180,9477,9477,164.91,1562852.07,WH-01,2025-06-29T01:17:00+08:00
PO-202506-001678-03,PO-202506-001678,3,MAT-0064,4671,4671,107.24,500918.04,WH-02,2025-07-09T01:17:00+08:00
PO-202506-001678-04,PO-202506-001678,4,MAT-0010,940,940,849.95,798953.0,WH-03,2025-07-13T01:17:00+08:00
PO-202508-001679-01,PO-202508-001679,1,MAT-0045,5237,5237,23.88,125059.56,WH-05,2025-09-22T14:31:00+08:00
PO-202508-001679-02,PO-202508-001679,2,MAT-0162,9468,9468,42.66,403904.88,WH-03,2025-10-07T14:31:00+08:00
PO-202508-001679-03,PO-202508-001679,3,MAT-0115,7032,7032,332.3,2336733.6,WH-04,2025-09-04T14:31:00+08:00
PO-202506-001680-01,PO-202506-001680,1,MAT-0068,4921,3482,135.85,668517.85,WH-04,2025-07-03T17:14:00+08:00
PO-202605-001681-01,PO-202605-001681,1,MAT-0012,1368,948,790.12,1080884.16,WH-04,2026-06-01T11:14:00+08:00
PO-202605-001681-02,PO-202605-001681,2,MAT-0057,7995,3120,158.93,1270645.35,WH-05,2026-06-15T08:00:00+08:00
PO-202605-001681-03,PO-202605-001681,3,MAT-0015,5652,1581,363.3,2053371.6,WH-02,2026-06-15T08:00:00+08:00
PO-202605-001681-04,PO-202605-001681,4,MAT-0158,8401,2795,34.7,291514.7,WH-06,2026-06-15T08:00:00+08:00
PO-202509-001682-01,PO-202509-001682,1,MAT-0157,5162,5162,240.88,1243422.56,WH-06,2025-10-11T04:34:00+08:00
PO-202509-001682-02,PO-202509-001682,2,MAT-0065,595,595,466.96,277841.2,WH-01,2025-10-10T04:34:00+08:00
PO-202509-001682-03,PO-202509-001682,3,MAT-0112,8719,8719,19.03,165922.57,WH-05,2025-10-15T04:34:00+08:00
PO-202508-001683-01,PO-202508-001683,1,MAT-0225,10643,4997,665.15,7079191.45,WH-05,2025-08-24T20:20:00+08:00
PO-202508-001683-02,PO-202508-001683,2,MAT-0131,7406,3603,592.17,4385611.02,WH-06,2025-09-02T20:20:00+08:00
PO-202508-001683-03,PO-202508-001683,3,MAT-0100,11456,1993,333.27,3817941.12,WH-01,2025-08-19T20:20:00+08:00
PO-202506-001684-01,PO-202506-001684,1,MAT-0089,11521,6305,205.64,2369178.44,WH-04,2025-07-07T15:39:00+08:00
PO-202506-001684-02,PO-202506-001684,2,MAT-0138,8941,6601,189.58,1695034.78,WH-01,2025-06-20T15:39:00+08:00
PO-202506-001684-03,PO-202506-001684,3,MAT-0120,2794,1191,15.07,42105.58,WH-06,2025-07-15T15:39:00+08:00
PO-202506-001684-04,PO-202506-001684,4,MAT-0013,2943,1455,1134.01,3337391.43,WH-04,2025-07-18T15:39:00+08:00
PO-202511-001685-01,PO-202511-001685,1,MAT-0225,7595,4433,665.15,5051814.25,WH-01,2025-12-26T16:02:00+08:00
PO-202511-001685-02,PO-202511-001685,2,MAT-0228,1424,779,9.19,13086.56,WH-03,2025-12-19T16:02:00+08:00
PO-202511-001685-03,PO-202511-001685,3,MAT-0158,6401,3371,40.56,259624.56,WH-02,2025-12-13T16:02:00+08:00
PO-202511-001685-04,PO-202511-001685,4,MAT-0192,9829,665,95.42,937883.18,WH-05,2025-12-04T16:02:00+08:00
PO-202603-001686-01,PO-202603-001686,1,MAT-0018,3674,3674,29.87,109742.38,WH-04,2026-04-20T00:17:00+08:00
PO-202603-001686-02,PO-202603-001686,2,MAT-0039,7402,7402,1047.13,7750856.26,WH-03,2026-04-02T00:17:00+08:00
PO-202603-001686-03,PO-202603-001686,3,MAT-0113,7890,7890,105.52,832552.8,WH-02,2026-05-08T00:17:00+08:00
PO-202606-001687-01,PO-202606-001687,1,MAT-0065,8805,6376,434.02,3821546.1,WH-03,2026-06-15T08:00:00+08:00
PO-202606-001687-02,PO-202606-001687,2,MAT-0183,2029,1194,93.68,190076.72,WH-04,2026-06-15T08:00:00+08:00
PO-202606-001687-03,PO-202606-001687,3,MAT-0123,4712,13,134.85,635413.2,WH-02,2026-06-15T08:00:00+08:00
PO-202604-001688-01,PO-202604-001688,1,MAT-0097,8443,8443,973.6,8220104.8,WH-05,2026-05-01T16:50:00+08:00
PO-202604-001688-02,PO-202604-001688,2,MAT-0197,606,606,328.78,199240.68,WH-06,2026-05-29T16:50:00+08:00
PO-202606-001689-01,PO-202606-001689,1,MAT-0010,2298,2298,774.77,1780421.46,WH-01,2026-06-15T08:00:00+08:00
PO-202602-001690-01,PO-202602-001690,1,MAT-0114,10944,10944,237.69,2601279.36,WH-05,2026-02-23T02:55:00+08:00
PO-202602-001690-02,PO-202602-001690,2,MAT-0183,4733,4733,88.99,421189.67,WH-04,2026-02-15T02:55:00+08:00
PO-202602-001690-03,PO-202602-001690,3,MAT-0108,6557,6557,293.16,1922250.12,WH-05,2026-03-05T02:55:00+08:00
PO-202511-001691-01,PO-202511-001691,1,MAT-0218,8243,8243,143.16,1180067.88,WH-05,2025-11-30T08:29:00+08:00
PO-202511-001691-02,PO-202511-001691,2,MAT-0140,3004,3004,160.75,482893.0,WH-04,2025-12-07T08:29:00+08:00
PO-202511-001691-03,PO-202511-001691,3,MAT-0236,2235,2235,618.58,1382526.3,WH-03,2025-11-10T08:29:00+08:00
PO-202512-001692-01,PO-202512-001692,1,MAT-0138,3410,3410,190.55,649775.5,WH-02,2026-01-24T10:25:00+08:00
PO-202511-001693-01,PO-202511-001693,1,MAT-0064,10038,1389,93.97,943270.86,WH-05,2025-12-21T16:00:00+08:00
PO-202509-001694-01,PO-202509-001694,1,MAT-0216,6877,3081,138.68,953702.36,WH-06,2025-10-11T03:19:00+08:00
PO-202509-001694-02,PO-202509-001694,2,MAT-0016,9811,713,254.0,2491994.0,WH-01,2025-09-29T03:19:00+08:00
PO-202509-001694-03,PO-202509-001694,3,MAT-0061,5062,2501,386.25,1955197.5,WH-02,2025-10-21T03:19:00+08:00
PO-202604-001695-01,PO-202604-001695,1,MAT-0227,1798,1798,752.63,1353228.74,WH-04,2026-05-16T20:12:00+08:00
PO-202604-001695-02,PO-202604-001695,2,MAT-0187,6078,6078,29.55,179604.9,WH-04,2026-05-03T20:12:00+08:00
PO-202508-001696-01,PO-202508-001696,1,MAT-0133,4168,4168,46.62,194312.16,WH-04,2025-10-09T22:15:00+08:00
PO-202508-001696-02,PO-202508-001696,2,MAT-0182,2836,2836,377.29,1069994.44,WH-03,2025-09-23T22:15:00+08:00
PO-202508-001696-03,PO-202508-001696,3,MAT-0195,9503,9503,1.61,15299.83,WH-01,2025-09-25T22:15:00+08:00
PO-202511-001697-01,PO-202511-001697,1,MAT-0132,6600,6600,49.51,326766.0,WH-06,2025-12-09T21:22:00+08:00
PO-202511-001697-02,PO-202511-001697,2,MAT-0127,6950,6950,883.24,6138518.0,WH-06,2025-12-18T21:22:00+08:00
PO-202512-001698-01,PO-202512-001698,1,MAT-0198,9508,9508,16.86,160304.88,WH-02,2026-01-14T12:47:00+08:00
PO-202512-001698-02,PO-202512-001698,2,MAT-0127,10139,10139,883.24,8955170.36,WH-03,2026-01-10T12:47:00+08:00
PO-202512-001698-03,PO-202512-001698,3,MAT-0130,4583,4583,566.52,2596361.16,WH-03,2026-01-30T12:47:00+08:00
PO-202512-001698-04,PO-202512-001698,4,MAT-0034,9388,9388,43.33,406782.04,WH-04,2025-12-18T12:47:00+08:00
PO-202605-001699-01,PO-202605-001699,1,MAT-0018,8429,8429,32.61,274869.69,WH-05,2026-05-26T23:05:00+08:00
PO-202605-001699-02,PO-202605-001699,2,MAT-0060,3751,3751,553.7,2076928.7,WH-06,2026-06-15T08:00:00+08:00
PO-202604-001700-01,PO-202604-001700,1,MAT-0106,414,414,775.88,321214.32,WH-02,2026-04-14T09:40:00+08:00
PO-202603-001701-01,PO-202603-001701,1,MAT-0006,568,568,418.22,237548.96,WH-04,2026-04-09T17:50:00+08:00
PO-202603-001701-02,PO-202603-001701,2,MAT-0127,7799,7799,883.24,6888388.76,WH-01,2026-04-20T17:50:00+08:00
PO-202601-001702-01,PO-202601-001702,1,MAT-0097,1360,1360,953.91,1297317.6,WH-04,2026-02-16T14:20:00+08:00
PO-202601-001702-02,PO-202601-001702,2,MAT-0010,9517,9517,849.95,8088974.15,WH-03,2026-02-17T14:20:00+08:00
PO-202601-001702-03,PO-202601-001702,3,MAT-0227,8779,8779,752.63,6607338.77,WH-02,2026-02-05T14:20:00+08:00
PO-202601-001702-04,PO-202601-001702,4,MAT-0080,1434,1434,189.9,272316.6,WH-03,2026-01-29T14:20:00+08:00
PO-202601-001703-01,PO-202601-001703,1,MAT-0158,6040,6040,33.79,204091.6,WH-04,2026-02-19T16:10:00+08:00
PO-202601-001703-02,PO-202601-001703,2,MAT-0007,5866,5866,1230.87,7220283.42,WH-03,2026-02-21T16:10:00+08:00
PO-202601-001703-03,PO-202601-001703,3,MAT-0100,7733,7733,268.32,2074918.56,WH-02,2026-02-12T16:10:00+08:00
PO-202601-001703-04,PO-202601-001703,4,MAT-0073,11514,11514,23.67,272536.38,WH-05,2026-01-15T16:10:00+08:00
PO-202511-001704-01,PO-202511-001704,1,MAT-0196,6950,3613,72.69,505195.5,WH-06,2025-12-16T04:37:00+08:00
PO-202511-001704-02,PO-202511-001704,2,MAT-0141,7704,1259,221.31,1704972.24,WH-02,2025-12-07T04:37:00+08:00
PO-202511-001704-03,PO-202511-001704,3,MAT-0021,8709,3012,10.49,91357.41,WH-04,2025-12-26T04:37:00+08:00
PO-202511-001704-04,PO-202511-001704,4,MAT-0160,5286,2006,275.52,1456398.72,WH-06,2025-12-14T04:37:00+08:00
PO-202512-001705-01,PO-202512-001705,1,MAT-0106,5193,2534,702.64,3648809.52,WH-02,2026-01-07T02:43:00+08:00
PO-202512-001705-02,PO-202512-001705,2,MAT-0019,11838,798,29.12,344722.56,WH-01,2025-12-29T02:43:00+08:00
PO-202512-001705-03,PO-202512-001705,3,MAT-0053,7881,2937,32.34,254871.54,WH-05,2026-02-02T02:43:00+08:00
PO-202512-001706-01,PO-202512-001706,1,MAT-0156,3526,2248,19.09,67311.34,WH-01,2025-12-28T00:52:00+08:00
PO-202604-001707-01,PO-202604-001707,1,MAT-0216,11343,6531,138.68,1573047.24,WH-04,2026-04-20T23:32:00+08:00
PO-202604-001707-02,PO-202604-001707,2,MAT-0085,7931,4133,467.45,3707345.95,WH-02,2026-05-16T23:32:00+08:00
PO-202604-001707-03,PO-202604-001707,3,MAT-0150,8998,930,15.79,142078.42,WH-02,2026-05-25T23:32:00+08:00
PO-202604-001707-04,PO-202604-001707,4,MAT-0210,2455,307,77.33,189845.15,WH-04,2026-04-22T23:32:00+08:00
PO-202506-001708-01,PO-202506-001708,1,MAT-0117,7827,6239,189.68,1484625.36,WH-01,2025-07-16T01:25:00+08:00
PO-202506-001708-02,PO-202506-001708,2,MAT-0139,9041,5071,232.93,2105920.13,WH-05,2025-07-18T01:25:00+08:00
PO-202506-001708-03,PO-202506-001708,3,MAT-0158,2146,6,37.61,80711.06,WH-02,2025-07-19T01:25:00+08:00
PO-202506-001708-04,PO-202506-001708,4,MAT-0013,8808,2745,1057.66,9315869.28,WH-05,2025-07-03T01:25:00+08:00
PO-202605-001709-01,PO-202605-001709,1,MAT-0096,4337,4337,315.65,1368974.05,WH-06,2026-05-31T01:39:00+08:00
PO-202605-001709-02,PO-202605-001709,2,MAT-0062,5662,5662,1070.87,6063265.94,WH-02,2026-05-07T01:39:00+08:00
PO-202605-001709-03,PO-202605-001709,3,MAT-0055,6783,6783,524.37,3556801.71,WH-02,2026-05-16T01:39:00+08:00
PO-202605-001709-04,PO-202605-001709,4,MAT-0110,3292,3292,17.09,56260.28,WH-01,2026-05-09T01:39:00+08:00
PO-202512-001710-01,PO-202512-001710,1,MAT-0078,3461,2456,226.21,782912.81,WH-01,2025-12-19T12:20:00+08:00
PO-202507-001711-01,PO-202507-001711,1,MAT-0197,183,183,384.01,70273.83,WH-03,2025-08-09T01:15:00+08:00
PO-202507-001711-02,PO-202507-001711,2,MAT-0107,10375,10375,421.19,4369846.25,WH-03,2025-07-31T01:15:00+08:00
PO-202507-001711-03,PO-202507-001711,3,MAT-0005,2646,2646,423.0,1119258.0,WH-02,2025-08-15T01:15:00+08:00
PO-202507-001711-04,PO-202507-001711,4,MAT-0113,8102,8102,99.14,803232.28,WH-06,2025-07-29T01:15:00+08:00
PO-202605-001712-01,PO-202605-001712,1,MAT-0104,5817,1985,930.59,5413242.03,WH-05,2026-05-29T11:28:00+08:00
PO-202605-001712-02,PO-202605-001712,2,MAT-0002,3914,2363,1258.46,4925612.44,WH-01,2026-05-24T11:28:00+08:00
PO-202509-001713-01,PO-202509-001713,1,MAT-0054,160,160,768.52,122963.2,WH-04,2025-10-12T17:10:00+08:00
PO-202509-001713-02,PO-202509-001713,2,MAT-0222,5874,5874,646.09,3795132.66,WH-05,2025-09-28T17:10:00+08:00
PO-202509-001713-03,PO-202509-001713,3,MAT-0107,6117,6117,421.19,2576419.23,WH-06,2025-10-15T17:10:00+08:00
PO-202605-001714-01,PO-202605-001714,1,MAT-0116,831,831,98.23,81629.13,WH-01,2026-05-18T04:20:00+08:00
PO-202605-001714-02,PO-202605-001714,2,MAT-0039,3142,3142,1047.13,3290082.46,WH-06,2026-06-04T04:20:00+08:00
PO-202604-001715-01,PO-202604-001715,1,MAT-0216,4312,4312,138.68,597988.16,WH-06,2026-05-15T12:56:00+08:00
PO-202604-001715-02,PO-202604-001715,2,MAT-0150,2252,2252,15.79,35559.08,WH-01,2026-05-15T12:56:00+08:00
PO-202601-001716-01,PO-202601-001716,1,MAT-0189,2550,2550,851.28,2170764.0,WH-01,2026-01-13T17:20:00+08:00
PO-202601-001716-02,PO-202601-001716,2,MAT-0067,7989,7989,53.55,427810.95,WH-03,2026-02-18T17:20:00+08:00
PO-202601-001716-03,PO-202601-001716,3,MAT-0132,1109,1109,50.55,56059.95,WH-04,2026-01-14T17:20:00+08:00
PO-202603-001717-01,PO-202603-001717,1,MAT-0039,914,613,878.22,802693.08,WH-02,2026-04-16T16:00:00+08:00
PO-202603-001717-02,PO-202603-001717,2,MAT-0144,4785,2194,10.74,51390.9,WH-06,2026-03-29T16:00:00+08:00
PO-202511-001718-01,PO-202511-001718,1,MAT-0170,7999,2220,193.34,1546526.66,WH-03,2025-12-03T16:58:00+08:00
PO-202511-001719-01,PO-202511-001719,1,MAT-0117,6971,6971,195.31,1361506.01,WH-03,2025-11-26T13:54:00+08:00
PO-202511-001719-02,PO-202511-001719,2,MAT-0156,9352,9352,17.57,164314.64,WH-04,2025-12-11T13:54:00+08:00
PO-202511-001719-03,PO-202511-001719,3,MAT-0221,7660,7660,243.43,1864673.8,WH-02,2025-11-27T13:54:00+08:00
PO-202511-001719-04,PO-202511-001719,4,MAT-0136,380,380,734.08,278950.4,WH-02,2025-12-12T13:54:00+08:00
PO-202512-001720-01,PO-202512-001720,1,MAT-0188,487,487,79.47,38701.89,WH-01,2026-01-18T17:45:00+08:00
PO-202512-001720-02,PO-202512-001720,2,MAT-0046,8370,8370,1377.4,11528838.0,WH-06,2026-01-26T17:45:00+08:00
PO-202512-001720-03,PO-202512-001720,3,MAT-0037,6908,6908,674.33,4658271.64,WH-06,2026-02-05T17:45:00+08:00
PO-202605-001721-01,PO-202605-001721,1,MAT-0049,10498,10498,4.56,47870.88,WH-04,2026-06-15T08:00:00+08:00
PO-202605-001721-02,PO-202605-001721,2,MAT-0163,4402,4402,437.15,1924334.3,WH-06,2026-06-02T14:45:00+08:00
PO-202605-001721-03,PO-202605-001721,3,MAT-0018,915,915,27.37,25043.55,WH-06,2026-06-07T14:45:00+08:00
PO-202512-001722-01,PO-202512-001722,1,MAT-0160,7331,5136,306.67,2248197.77,WH-06,2025-12-06T00:13:00+08:00
PO-202604-001723-01,PO-202604-001723,1,MAT-0199,1824,559,677.99,1236653.76,WH-06,2026-05-02T17:43:00+08:00
PO-202509-001724-01,PO-202509-001724,1,MAT-0121,7894,7894,179.09,1413736.46,WH-03,2025-09-23T08:33:00+08:00
PO-202509-001724-02,PO-202509-001724,2,MAT-0120,8215,8215,15.07,123800.05,WH-04,2025-09-14T08:33:00+08:00
PO-202509-001724-03,PO-202509-001724,3,MAT-0114,2702,2702,256.95,694278.9,WH-01,2025-09-06T08:33:00+08:00
PO-202509-001724-04,PO-202509-001724,4,MAT-0188,4688,4688,94.36,442359.68,WH-02,2025-09-17T08:33:00+08:00
PO-202604-001725-01,PO-202604-001725,1,MAT-0088,1156,847,489.17,565480.52,WH-04,2026-05-15T21:16:00+08:00
PO-202604-001725-02,PO-202604-001725,2,MAT-0193,8917,4221,189.59,1690574.03,WH-02,2026-05-15T21:16:00+08:00
PO-202510-001726-01,PO-202510-001726,1,MAT-0215,8345,8345,69.17,577223.65,WH-02,2025-12-02T13:14:00+08:00
PO-202509-001727-01,PO-202509-001727,1,MAT-0038,1229,416,640.66,787371.14,WH-04,2025-09-11T00:07:00+08:00
PO-202509-001727-02,PO-202509-001727,2,MAT-0043,4918,1513,297.64,1463793.52,WH-05,2025-09-29T00:07:00+08:00
PO-202509-001727-03,PO-202509-001727,3,MAT-0070,9847,136,149.56,1472717.32,WH-01,2025-09-24T00:07:00+08:00
PO-202509-001727-04,PO-202509-001727,4,MAT-0139,11724,1030,246.39,2888676.36,WH-04,2025-09-30T00:07:00+08:00
PO-202510-001728-01,PO-202510-001728,1,MAT-0183,7090,7090,88.99,630939.1,WH-03,2025-12-11T02:06:00+08:00
PO-202510-001728-02,PO-202510-001728,2,MAT-0017,561,561,73.34,41143.74,WH-04,2025-12-08T02:06:00+08:00
PO-202510-001728-03,PO-202510-001728,3,MAT-0045,9072,9072,23.08,209381.76,WH-05,2025-12-05T02:06:00+08:00
PO-202510-001728-04,PO-202510-001728,4,MAT-0044,6380,6380,18.39,117328.2,WH-02,2025-12-01T02:06:00+08:00
PO-202509-001729-01,PO-202509-001729,1,MAT-0006,4941,4941,392.6,1939836.6,WH-06,2025-11-01T08:42:00+08:00
PO-202509-001729-02,PO-202509-001729,2,MAT-0104,10725,10725,822.6,8822385.0,WH-04,2025-10-05T08:42:00+08:00
PO-202509-001729-03,PO-202509-001729,3,MAT-0205,11068,11068,387.97,4294051.96,WH-01,2025-10-10T08:42:00+08:00
PO-202604-001730-01,PO-202604-001730,1,MAT-0211,9934,1015,927.99,9218652.66,WH-03,2026-05-04T22:59:00+08:00
PO-202604-001730-02,PO-202604-001730,2,MAT-0180,5371,630,192.8,1035528.8,WH-06,2026-04-24T22:59:00+08:00
PO-202604-001730-03,PO-202604-001730,3,MAT-0031,3442,1517,719.01,2474832.42,WH-05,2026-04-28T22:59:00+08:00
PO-202604-001730-04,PO-202604-001730,4,MAT-0203,4825,2738,488.61,2357543.25,WH-03,2026-05-22T22:59:00+08:00
PO-202507-001731-01,PO-202507-001731,1,MAT-0151,8563,1319,165.09,1413665.67,WH-04,2025-08-05T22:26:00+08:00
PO-202512-001732-01,PO-202512-001732,1,MAT-0196,11710,2860,79.23,927783.3,WH-03,2026-01-10T06:12:00+08:00
PO-202512-001732-02,PO-202512-001732,2,MAT-0149,10036,2668,163.15,1637373.4,WH-04,2025-12-19T06:12:00+08:00
PO-202603-001733-01,PO-202603-001733,1,MAT-0003,8319,8319,252.18,2097885.42,WH-02,2026-05-12T21:23:00+08:00
PO-202603-001733-02,PO-202603-001733,2,MAT-0044,9990,9990,16.38,163636.2,WH-05,2026-05-08T21:23:00+08:00
PO-202512-001734-01,PO-202512-001734,1,MAT-0073,11379,4176,20.33,231335.07,WH-01,2025-12-22T04:34:00+08:00
PO-202512-001734-02,PO-202512-001734,2,MAT-0042,10714,7406,439.98,4713945.72,WH-03,2025-12-16T04:34:00+08:00
PO-202512-001734-03,PO-202512-001734,3,MAT-0002,4463,3506,1170.86,5225548.18,WH-06,2026-01-17T04:34:00+08:00
PO-202512-001734-04,PO-202512-001734,4,MAT-0001,7990,3582,202.85,1620771.5,WH-03,2025-12-13T04:34:00+08:00
PO-202508-001735-01,PO-202508-001735,1,MAT-0205,1915,784,283.77,543419.55,WH-06,2025-09-18T10:49:00+08:00
PO-202508-001735-02,PO-202508-001735,2,MAT-0232,10767,3893,872.41,9393238.47,WH-03,2025-08-17T10:49:00+08:00
PO-202508-001735-03,PO-202508-001735,3,MAT-0084,10203,5843,450.0,4591350.0,WH-06,2025-08-24T10:49:00+08:00
PO-202508-001735-04,PO-202508-001735,4,MAT-0031,10636,4356,712.35,7576554.6,WH-03,2025-09-09T10:49:00+08:00
PO-202603-001736-01,PO-202603-001736,1,MAT-0015,197,197,294.84,58083.48,WH-05,2026-04-02T21:12:00+08:00
PO-202603-001736-02,PO-202603-001736,2,MAT-0154,8058,8058,97.39,784768.62,WH-02,2026-04-02T21:12:00+08:00
PO-202603-001736-03,PO-202603-001736,3,MAT-0062,9154,9154,929.3,8506812.2,WH-01,2026-04-06T21:12:00+08:00
PO-202606-001737-01,PO-202606-001737,1,MAT-0230,10923,1660,873.05,9536325.15,WH-01,2026-06-15T08:00:00+08:00
PO-202606-001737-02,PO-202606-001737,2,MAT-0050,4280,39,590.85,2528838.0,WH-04,2026-06-15T08:00:00+08:00
PO-202606-001737-03,PO-202606-001737,3,MAT-0187,306,85,32.84,10049.04,WH-06,2026-06-15T08:00:00+08:00
PO-202606-001737-04,PO-202606-001737,4,MAT-0025,3858,1341,925.39,3570154.62,WH-02,2026-06-14T20:46:00+08:00
PO-202603-001738-01,PO-202603-001738,1,MAT-0232,7450,7450,926.12,6899594.0,WH-01,2026-03-26T06:55:00+08:00
PO-202603-001738-02,PO-202603-001738,2,MAT-0054,4615,4615,615.75,2841686.25,WH-06,2026-03-24T06:55:00+08:00
PO-202603-001738-03,PO-202603-001738,3,MAT-0110,8449,8449,17.09,144393.41,WH-01,2026-04-07T06:55:00+08:00
PO-202605-001739-01,PO-202605-001739,1,MAT-0111,7533,5693,49.74,374691.42,WH-06,2026-05-08T19:46:00+08:00
PO-202512-001740-01,PO-202512-001740,1,MAT-0063,4294,624,104.21,447477.74,WH-03,2025-12-23T03:42:00+08:00
PO-202508-001741-01,PO-202508-001741,1,MAT-0166,9224,2056,761.75,7026382.0,WH-02,2025-09-17T10:38:00+08:00
PO-202508-001741-02,PO-202508-001741,2,MAT-0096,9537,943,235.54,2246344.98,WH-05,2025-09-07T10:38:00+08:00
PO-202508-001741-03,PO-202508-001741,3,MAT-0031,5308,2716,742.31,3940181.48,WH-01,2025-10-10T10:38:00+08:00
PO-202508-001741-04,PO-202508-001741,4,MAT-0047,9037,4937,436.55,3945102.35,WH-01,2025-10-11T10:38:00+08:00
PO-202606-001742-01,PO-202606-001742,1,MAT-0051,8147,5939,45.37,369629.39,WH-01,2026-06-15T08:00:00+08:00
PO-202606-001742-02,PO-202606-001742,2,MAT-0060,5073,994,553.7,2808920.1,WH-03,2026-06-15T08:00:00+08:00
PO-202606-001742-03,PO-202606-001742,3,MAT-0213,840,19,292.46,245666.4,WH-01,2026-06-15T08:00:00+08:00
PO-202606-001742-04,PO-202606-001742,4,MAT-0018,6421,2898,32.61,209388.81,WH-02,2026-06-15T08:00:00+08:00
PO-202511-001743-01,PO-202511-001743,1,MAT-0070,10819,10819,141.52,1531104.88,WH-01,2025-11-26T17:13:00+08:00
PO-202605-001744-01,PO-202605-001744,1,MAT-0194,5188,1937,13.83,71750.04,WH-01,2026-05-29T12:22:00+08:00
PO-202605-001744-02,PO-202605-001744,2,MAT-0199,5255,3416,677.99,3562837.45,WH-05,2026-05-17T12:22:00+08:00
PO-202605-001744-03,PO-202605-001744,3,MAT-0111,6834,1243,48.12,328852.08,WH-06,2026-06-15T08:00:00+08:00
PO-202604-001745-01,PO-202604-001745,1,MAT-0199,2308,2308,678.85,1566785.8,WH-01,2026-05-27T00:34:00+08:00
PO-202507-001746-01,PO-202507-001746,1,MAT-0042,9192,1307,484.06,4449479.52,WH-03,2025-09-04T17:23:00+08:00
PO-202507-001746-02,PO-202507-001746,2,MAT-0083,11073,7051,291.67,3229661.91,WH-03,2025-08-27T17:23:00+08:00
PO-202507-001746-03,PO-202507-001746,3,MAT-0114,282,92,270.3,76224.6,WH-01,2025-08-18T17:23:00+08:00
PO-202605-001747-01,PO-202605-001747,1,MAT-0113,9941,9941,103.18,1025712.38,WH-06,2026-06-15T08:00:00+08:00
PO-202605-001747-02,PO-202605-001747,2,MAT-0231,1657,1657,361.96,599767.72,WH-05,2026-06-15T08:00:00+08:00
PO-202602-001748-01,PO-202602-001748,1,MAT-0211,9327,9327,951.31,8872868.37,WH-05,2026-03-18T11:38:00+08:00
PO-202602-001748-02,PO-202602-001748,2,MAT-0056,1638,1638,294.11,481752.18,WH-04,2026-02-23T11:38:00+08:00
PO-202506-001749-01,PO-202506-001749,1,MAT-0103,1325,828,769.36,1019402.0,WH-02,2025-07-03T20:36:00+08:00
PO-202506-001749-02,PO-202506-001749,2,MAT-0043,494,188,263.03,129936.82,WH-06,2025-07-02T20:36:00+08:00
PO-202604-001750-01,PO-202604-001750,1,MAT-0205,1106,461,393.28,434967.68,WH-06,2026-05-15T09:00:00+08:00
PO-202604-001750-02,PO-202604-001750,2,MAT-0172,4159,2747,678.5,2821881.5,WH-04,2026-05-19T09:00:00+08:00
PO-202604-001750-03,PO-202604-001750,3,MAT-0171,10465,1143,1180.72,12356234.8,WH-05,2026-05-08T09:00:00+08:00
PO-202604-001750-04,PO-202604-001750,4,MAT-0143,4947,138,1124.05,5560675.35,WH-04,2026-04-16T09:00:00+08:00
PO-202509-001751-01,PO-202509-001751,1,MAT-0238,6882,6882,128.91,887158.62,WH-03,2025-09-26T03:41:00+08:00
PO-202509-001751-02,PO-202509-001751,2,MAT-0117,6169,6169,195.31,1204867.39,WH-01,2025-10-05T03:41:00+08:00
PO-202509-001751-03,PO-202509-001751,3,MAT-0147,6339,6339,678.43,4300567.77,WH-06,2025-10-20T03:41:00+08:00
PO-202508-001752-01,PO-202508-001752,1,MAT-0043,6724,6724,280.5,1886082.0,WH-05,2025-09-06T13:24:00+08:00
PO-202506-001753-01,PO-202506-001753,1,MAT-0157,10224,10224,231.61,2367980.64,WH-01,2025-07-11T09:49:00+08:00
PO-202506-001753-02,PO-202506-001753,2,MAT-0125,716,716,1028.15,736155.4,WH-05,2025-07-10T09:49:00+08:00
PO-202511-001754-01,PO-202511-001754,1,MAT-0152,6209,1151,673.06,4179029.54,WH-05,2025-12-16T14:50:00+08:00
PO-202511-001754-02,PO-202511-001754,2,MAT-0236,3598,2603,611.12,2198809.76,WH-04,2025-12-15T14:50:00+08:00
PO-202511-001754-03,PO-202511-001754,3,MAT-0160,3348,828,279.01,934125.48,WH-01,2025-12-08T14:50:00+08:00
PO-202507-001755-01,PO-202507-001755,1,MAT-0023,11471,3790,403.69,4630727.99,WH-05,2025-08-17T03:36:00+08:00
PO-202507-001755-02,PO-202507-001755,2,MAT-0203,4591,3406,658.92,3025101.72,WH-06,2025-08-19T03:36:00+08:00
PO-202511-001756-01,PO-202511-001756,1,MAT-0235,8589,4611,142.89,1227282.21,WH-03,2025-12-29T12:22:00+08:00
PO-202605-001757-01,PO-202605-001757,1,MAT-0200,912,628,434.03,395835.36,WH-01,2026-05-31T23:11:00+08:00
PO-202605-001757-02,PO-202605-001757,2,MAT-0142,6552,3545,481.87,3157212.24,WH-02,2026-05-25T23:11:00+08:00
PO-202605-001757-03,PO-202605-001757,3,MAT-0087,8269,6210,40.27,332992.63,WH-03,2026-05-12T23:11:00+08:00
PO-202602-001758-01,PO-202602-001758,1,MAT-0053,1750,774,34.85,60987.5,WH-05,2026-02-27T23:37:00+08:00
PO-202511-001759-01,PO-202511-001759,1,MAT-0219,10973,220,22.83,250513.59,WH-03,2026-01-11T10:36:00+08:00
PO-202603-001760-01,PO-202603-001760,1,MAT-0120,11235,2716,16.96,190545.6,WH-02,2026-04-03T22:33:00+08:00
PO-202603-001760-02,PO-202603-001760,2,MAT-0147,7530,4249,655.38,4935011.4,WH-03,2026-04-11T22:33:00+08:00
PO-202603-001760-03,PO-202603-001760,3,MAT-0197,9155,6453,328.78,3009980.9,WH-06,2026-03-10T22:33:00+08:00
PO-202603-001760-04,PO-202603-001760,4,MAT-0099,7242,4108,47.97,347398.74,WH-03,2026-03-29T22:33:00+08:00
PO-202509-001761-01,PO-202509-001761,1,MAT-0236,8401,4989,578.39,4859054.39,WH-02,2025-10-06T03:11:00+08:00
PO-202509-001761-02,PO-202509-001761,2,MAT-0189,178,111,1017.77,181163.06,WH-01,2025-09-07T03:11:00+08:00
PO-202509-001761-03,PO-202509-001761,3,MAT-0066,2037,1493,184.34,375500.58,WH-01,2025-09-09T03:11:00+08:00
PO-202603-001762-01,PO-202603-001762,1,MAT-0191,4818,4818,317.14,1527980.52,WH-04,2026-03-26T15:50:00+08:00
PO-202603-001762-02,PO-202603-001762,2,MAT-0141,4976,4976,259.1,1289281.6,WH-02,2026-05-02T15:50:00+08:00
PO-202601-001763-01,PO-202601-001763,1,MAT-0073,5486,615,20.33,111530.38,WH-06,2026-01-07T02:04:00+08:00
PO-202601-001763-02,PO-202601-001763,2,MAT-0001,1547,935,202.85,313808.95,WH-05,2026-02-07T02:04:00+08:00
PO-202601-001763-03,PO-202601-001763,3,MAT-0042,11672,97,439.98,5135446.56,WH-03,2026-02-02T02:04:00+08:00
PO-202601-001763-04,PO-202601-001763,4,MAT-0142,679,436,418.24,283984.96,WH-01,2026-01-22T02:04:00+08:00
PO-202512-001764-01,PO-202512-001764,1,MAT-0201,1908,1908,492.18,939079.44,WH-05,2026-01-25T18:53:00+08:00
PO-202510-001765-01,PO-202510-001765,1,MAT-0199,11451,7642,648.93,7430897.43,WH-03,2025-10-26T14:19:00+08:00
PO-202510-001765-02,PO-202510-001765,2,MAT-0103,9612,5344,598.11,5749033.32,WH-04,2025-10-12T14:19:00+08:00
PO-202510-001765-03,PO-202510-001765,3,MAT-0040,624,99,26.93,16804.32,WH-01,2025-10-23T14:19:00+08:00
PO-202508-001766-01,PO-202508-001766,1,MAT-0054,10123,2107,768.52,7779727.96,WH-04,2025-09-18T20:02:00+08:00
PO-202508-001767-01,PO-202508-001767,1,MAT-0129,11326,6971,500.78,5671834.28,WH-03,2025-09-07T13:44:00+08:00
PO-202508-001767-02,PO-202508-001767,2,MAT-0062,6101,3964,929.3,5669659.3,WH-05,2025-08-22T13:44:00+08:00
PO-202508-001767-03,PO-202508-001767,3,MAT-0066,8798,1556,175.61,1545016.78,WH-01,2025-09-01T13:44:00+08:00
PO-202508-001767-04,PO-202508-001767,4,MAT-0142,3564,2731,450.37,1605118.68,WH-05,2025-08-15T13:44:00+08:00
PO-202510-001768-01,PO-202510-001768,1,MAT-0143,587,587,1112.01,652749.87,WH-06,2025-11-07T16:30:00+08:00
PO-202510-001768-02,PO-202510-001768,2,MAT-0116,3160,3160,128.37,405649.2,WH-06,2025-11-27T16:30:00+08:00
PO-202507-001769-01,PO-202507-001769,1,MAT-0160,5837,1641,275.52,1608210.24,WH-01,2025-08-15T08:43:00+08:00
PO-202511-001770-01,PO-202511-001770,1,MAT-0034,11466,11466,43.13,494528.58,WH-05,2025-12-08T09:20:00+08:00
PO-202511-001770-02,PO-202511-001770,2,MAT-0031,11731,11731,719.01,8434706.31,WH-02,2025-11-24T09:20:00+08:00
PO-202511-001770-03,PO-202511-001770,3,MAT-0213,2604,2604,316.11,823150.44,WH-02,2025-11-07T09:20:00+08:00
PO-202604-001771-01,PO-202604-001771,1,MAT-0142,6691,3056,418.24,2798443.84,WH-02,2026-05-16T18:50:00+08:00
PO-202604-001771-02,PO-202604-001771,2,MAT-0172,1742,809,658.33,1146810.86,WH-05,2026-04-26T18:50:00+08:00
PO-202604-001771-03,PO-202604-001771,3,MAT-0148,2420,826,8.39,20303.8,WH-03,2026-05-01T18:50:00+08:00
PO-202602-001772-01,PO-202602-001772,1,MAT-0224,6229,6229,357.9,2229359.1,WH-04,2026-03-20T01:35:00+08:00
PO-202602-001772-02,PO-202602-001772,2,MAT-0178,7721,7721,409.59,3162444.39,WH-03,2026-02-11T01:35:00+08:00
PO-202510-001773-01,PO-202510-001773,1,MAT-0202,10829,1048,403.47,4369176.63,WH-06,2025-11-01T07:25:00+08:00
PO-202509-001774-01,PO-202509-001774,1,MAT-0042,11222,1234,484.06,5432121.32,WH-04,2025-09-10T13:10:00+08:00
PO-202604-001775-01,PO-202604-001775,1,MAT-0144,2563,2563,13.58,34805.54,WH-06,2026-04-30T06:28:00+08:00
PO-202604-001775-02,PO-202604-001775,2,MAT-0097,9418,9418,953.91,8983924.38,WH-01,2026-06-08T06:28:00+08:00
PO-202604-001775-03,PO-202604-001775,3,MAT-0227,2854,2854,752.63,2148006.02,WH-04,2026-04-30T06:28:00+08:00
PO-202604-001775-04,PO-202604-001775,4,MAT-0187,3621,3621,29.55,107000.55,WH-01,2026-06-04T06:28:00+08:00
PO-202604-001776-01,PO-202604-001776,1,MAT-0193,1179,1179,148.21,174739.59,WH-03,2026-05-04T11:42:00+08:00
PO-202604-001776-02,PO-202604-001776,2,MAT-0152,3452,3452,672.8,2322505.6,WH-05,2026-04-25T11:42:00+08:00
PO-202604-001776-03,PO-202604-001776,3,MAT-0156,7684,7684,20.1,154448.4,WH-01,2026-04-20T11:42:00+08:00
PO-202601-001777-01,PO-202601-001777,1,MAT-0133,3593,1092,60.48,217304.64,WH-03,2026-02-05T20:25:00+08:00
PO-202507-001778-01,PO-202507-001778,1,MAT-0096,8923,5367,315.65,2816544.95,WH-05,2025-07-10T15:28:00+08:00
PO-202507-001778-02,PO-202507-001778,2,MAT-0197,2681,869,433.49,1162186.69,WH-01,2025-07-21T15:28:00+08:00
PO-202507-001778-03,PO-202507-001778,3,MAT-0160,10235,418,279.01,2855667.35,WH-05,2025-08-09T15:28:00+08:00
PO-202507-001778-04,PO-202507-001778,4,MAT-0237,10396,1227,48.74,506701.04,WH-02,2025-08-08T15:28:00+08:00
PO-202507-001779-01,PO-202507-001779,1,MAT-0140,7542,2219,156.35,1179191.7,WH-05,2025-07-29T20:11:00+08:00
PO-202507-001779-02,PO-202507-001779,2,MAT-0201,4160,2106,492.18,2047468.8,WH-03,2025-08-25T20:11:00+08:00
PO-202507-001779-03,PO-202507-001779,3,MAT-0046,494,249,1309.31,646799.14,WH-05,2025-08-25T20:11:00+08:00
PO-202606-001780-01,PO-202606-001780,1,MAT-0149,6143,526,177.43,1089952.49,WH-06,2026-06-15T08:00:00+08:00
PO-202606-001780-02,PO-202606-001780,2,MAT-0103,10798,3473,598.11,6458391.78,WH-03,2026-06-14T21:37:00+08:00
PO-202606-001780-03,PO-202606-001780,3,MAT-0112,3625,773,21.89,79351.25,WH-06,2026-06-15T08:00:00+08:00
PO-202604-001781-01,PO-202604-001781,1,MAT-0169,205,205,44.83,9190.15,WH-05,2026-05-06T20:39:00+08:00
PO-202604-001781-02,PO-202604-001781,2,MAT-0011,10345,10345,8.0,82760.0,WH-01,2026-04-10T20:39:00+08:00
PO-202606-001782-01,PO-202606-001782,1,MAT-0014,9567,9567,235.12,2249393.04,WH-04,2026-06-15T08:00:00+08:00
PO-202606-001782-02,PO-202606-001782,2,MAT-0127,4061,4061,1187.49,4822396.89,WH-01,2026-06-15T08:00:00+08:00
PO-202606-001782-03,PO-202606-001782,3,MAT-0012,10752,10752,734.6,7898419.2,WH-05,2026-06-15T08:00:00+08:00
PO-202606-001782-04,PO-202606-001782,4,MAT-0136,2030,2030,736.69,1495480.7,WH-02,2026-06-15T08:00:00+08:00
PO-202511-001783-01,PO-202511-001783,1,MAT-0156,11074,11074,20.58,227902.92,WH-01,2025-12-17T16:56:00+08:00
PO-202511-001783-02,PO-202511-001783,2,MAT-0005,11511,11511,399.05,4593464.55,WH-06,2025-12-10T16:56:00+08:00
PO-202511-001783-03,PO-202511-001783,3,MAT-0099,5114,5114,37.61,192337.54,WH-05,2025-12-10T16:56:00+08:00
PO-202509-001784-01,PO-202509-001784,1,MAT-0148,10312,4089,8.39,86517.68,WH-05,2025-10-01T22:11:00+08:00
PO-202509-001785-01,PO-202509-001785,1,MAT-0228,11153,11153,9.16,102161.48,WH-02,2025-11-08T23:26:00+08:00
PO-202509-001785-02,PO-202509-001785,2,MAT-0237,10470,10470,41.45,433981.5,WH-05,2025-10-02T23:26:00+08:00
PO-202509-001785-03,PO-202509-001785,3,MAT-0080,3603,3603,250.21,901506.63,WH-05,2025-10-13T23:26:00+08:00
PO-202509-001785-04,PO-202509-001785,4,MAT-0047,8376,8376,414.79,3474281.04,WH-02,2025-09-30T23:26:00+08:00
PO-202509-001786-01,PO-202509-001786,1,MAT-0225,8910,776,665.15,5926486.5,WH-05,2025-09-15T00:53:00+08:00
PO-202509-001786-02,PO-202509-001786,2,MAT-0013,7311,230,957.12,6997504.32,WH-05,2025-10-17T00:53:00+08:00
PO-202509-001786-03,PO-202509-001786,3,MAT-0026,10465,6545,1026.91,10746613.15,WH-01,2025-10-06T00:53:00+08:00
PO-202509-001786-04,PO-202509-001786,4,MAT-0192,5949,4732,95.42,567653.58,WH-02,2025-09-22T00:53:00+08:00
PO-202602-001787-01,PO-202602-001787,1,MAT-0144,3395,936,11.33,38465.35,WH-03,2026-02-14T01:30:00+08:00
PO-202508-001788-01,PO-202508-001788,1,MAT-0063,7410,7410,104.21,772196.1,WH-04,2025-09-03T12:50:00+08:00
PO-202508-001788-02,PO-202508-001788,2,MAT-0199,1095,1095,677.99,742399.05,WH-04,2025-09-27T12:50:00+08:00
PO-202508-001788-03,PO-202508-001788,3,MAT-0129,10214,10214,538.96,5504937.44,WH-06,2025-09-27T12:50:00+08:00
PO-202512-001789-01,PO-202512-001789,1,MAT-0088,9615,9615,533.09,5125660.35,WH-03,2026-01-12T22:32:00+08:00
PO-202512-001789-02,PO-202512-001789,2,MAT-0065,10549,10549,377.06,3977605.94,WH-06,2026-01-04T22:32:00+08:00
PO-202603-001790-01,PO-202603-001790,1,MAT-0158,5253,5253,39.6,208018.8,WH-01,2026-04-14T13:54:00+08:00
PO-202603-001790-02,PO-202603-001790,2,MAT-0116,11552,11552,128.37,1482930.24,WH-05,2026-05-09T13:54:00+08:00
PO-202603-001790-03,PO-202603-001790,3,MAT-0173,11682,11682,981.06,11460742.92,WH-04,2026-04-22T13:54:00+08:00
PO-202510-001791-01,PO-202510-001791,1,MAT-0018,9323,9323,29.71,276986.33,WH-05,2025-11-16T09:03:00+08:00
PO-202512-001792-01,PO-202512-001792,1,MAT-0131,3551,573,512.19,1818786.69,WH-02,2025-12-09T18:45:00+08:00
PO-202512-001792-02,PO-202512-001792,2,MAT-0006,2407,1834,392.6,944988.2,WH-04,2026-01-10T18:45:00+08:00
PO-202512-001792-03,PO-202512-001792,3,MAT-0182,2677,1786,330.54,884855.58,WH-02,2026-01-03T18:45:00+08:00
PO-202511-001793-01,PO-202511-001793,1,MAT-0239,2569,2569,485.34,1246838.46,WH-05,2025-11-18T13:33:00+08:00
PO-202511-001793-02,PO-202511-001793,2,MAT-0026,4829,4829,950.58,4590350.82,WH-05,2025-12-24T13:33:00+08:00
PO-202510-001794-01,PO-202510-001794,1,MAT-0210,10415,731,58.71,611464.65,WH-03,2025-10-21T01:47:00+08:00
PO-202510-001794-02,PO-202510-001794,2,MAT-0058,10164,2681,516.98,5254584.72,WH-01,2025-11-19T01:47:00+08:00
PO-202510-001794-03,PO-202510-001794,3,MAT-0024,11917,9123,18.15,216293.55,WH-04,2025-10-22T01:47:00+08:00
PO-202510-001794-04,PO-202510-001794,4,MAT-0087,4552,282,45.7,208026.4,WH-03,2025-11-09T01:47:00+08:00
PO-202605-001795-01,PO-202605-001795,1,MAT-0018,7947,7947,29.71,236105.37,WH-01,2026-05-14T04:25:00+08:00
PO-202605-001795-02,PO-202605-001795,2,MAT-0186,715,715,429.11,306813.65,WH-04,2026-06-15T08:00:00+08:00
PO-202605-001795-03,PO-202605-001795,3,MAT-0227,7791,7791,777.65,6058671.15,WH-05,2026-06-15T08:00:00+08:00
PO-202605-001795-04,PO-202605-001795,4,MAT-0139,11576,11576,216.19,2502615.44,WH-01,2026-05-24T04:25:00+08:00
PO-202510-001796-01,PO-202510-001796,1,MAT-0235,8768,8768,142.89,1252859.52,WH-02,2025-10-14T21:42:00+08:00
PO-202510-001796-02,PO-202510-001796,2,MAT-0044,5902,5902,13.35,78791.7,WH-03,2025-10-09T21:42:00+08:00
PO-202602-001797-01,PO-202602-001797,1,MAT-0010,4064,4064,849.95,3454196.8,WH-06,2026-03-21T21:46:00+08:00
PO-202602-001797-02,PO-202602-001797,2,MAT-0174,8993,8993,4.62,41547.66,WH-01,2026-03-05T21:46:00+08:00
PO-202602-001797-03,PO-202602-001797,3,MAT-0187,3452,3452,29.55,102006.6,WH-05,2026-04-02T21:46:00+08:00
PO-202602-001797-04,PO-202602-001797,4,MAT-0180,1653,1653,164.91,272596.23,WH-06,2026-04-11T21:46:00+08:00
PO-202606-001798-01,PO-202606-001798,1,MAT-0202,10671,2797,403.47,4305428.37,WH-04,2026-06-15T08:00:00+08:00
PO-202606-001798-02,PO-202606-001798,2,MAT-0046,2000,423,1377.4,2754800.0,WH-01,2026-06-15T08:00:00+08:00
PO-202606-001798-03,PO-202606-001798,3,MAT-0019,10341,8092,27.06,279827.46,WH-04,2026-06-12T18:54:00+08:00
PO-202606-001798-04,PO-202606-001798,4,MAT-0120,9159,32,16.31,149383.29,WH-04,2026-06-15T08:00:00+08:00
PO-202508-001799-01,PO-202508-001799,1,MAT-0131,6270,1323,592.17,3712905.9,WH-06,2025-09-13T09:39:00+08:00
PO-202508-001799-02,PO-202508-001799,2,MAT-0026,2056,303,1026.91,2111326.96,WH-01,2025-08-30T09:39:00+08:00
PO-202508-001799-03,PO-202508-001799,3,MAT-0171,10060,2627,1109.67,11163280.2,WH-02,2025-08-29T09:39:00+08:00
PO-202508-001799-04,PO-202508-001799,4,MAT-0144,6863,169,11.33,77757.79,WH-06,2025-09-05T09:39:00+08:00
PO-202507-001800-01,PO-202507-001800,1,MAT-0109,6959,213,34.71,241546.89,WH-02,2025-08-01T10:06:00+08:00
PO-202507-001800-02,PO-202507-001800,2,MAT-0050,9340,6562,643.24,6007861.6,WH-02,2025-07-23T10:06:00+08:00
PO-202507-001800-03,PO-202507-001800,3,MAT-0098,4483,2656,84.3,377916.9,WH-05,2025-07-18T10:06:00+08:00
PO-202507-001800-04,PO-202507-001800,4,MAT-0112,3704,2125,17.75,65746.0,WH-05,2025-08-23T10:06:00+08:00
