inspection_id,supplier_id,material_id,purchase_order_id,inspected_qty,defect_qty,defect_rate,result,inspection_type,inspected_at,inspector
QI-0000001,SUP-019,MAT-0114,PO-202511-000607,2677,242,0.0904,fail,final,2026-02-13T20:00:00+08:00,质检员14
QI-0000002,SUP-052,MAT-0106,PO-202512-000662,1171,68,0.05807,fail,incoming,2025-06-25T06:00:00+08:00,质检员03
QI-0000003,SUP-040,MAT-0191,PO-202510-001578,2742,268,0.09774,fail,process,2025-11-19T22:00:00+08:00,质检员14
QI-0000004,SUP-042,MAT-0031,PO-202508-000747,307,8,0.02606,pass,incoming,2025-11-17T23:00:00+08:00,质检员17
QI-0000005,SUP-039,MAT-0022,PO-202512-000414,85,6,0.07059,fail,incoming,2026-06-01T23:00:00+08:00,质检员17
QI-0000006,SUP-004,MAT-0224,PO-202606-000614,2694,230,0.08537,fail,process,2025-12-22T17:00:00+08:00,质检员19
QI-0000007,SUP-017,MAT-0011,PO-202511-001148,2918,124,0.04249,fail,incoming,2026-02-19T22:00:00+08:00,质检员11
QI-0000008,SUP-029,MAT-0042,PO-202512-001187,4733,4,0.00085,pass,incoming,2026-01-20T01:00:00+08:00,质检员14
QI-0000009,SUP-044,MAT-0142,PO-202603-001494,2367,311,0.13139,fail,final,2025-09-05T12:00:00+08:00,质检员18
QI-0000010,SUP-021,MAT-0193,PO-202507-000463,2080,354,0.17019,fail,incoming,2025-07-12T00:00:00+08:00,质检员02
QI-0000011,SUP-045,MAT-0207,PO-202508-001799,4507,885,0.19636,fail,final,2026-01-13T17:00:00+08:00,质检员08
QI-0000012,SUP-003,MAT-0153,PO-202512-001264,3284,259,0.07887,fail,final,2025-11-17T03:00:00+08:00,质检员19
QI-0000013,SUP-041,MAT-0205,PO-202509-001119,3355,887,0.26438,fail,incoming,2026-03-25T05:00:00+08:00,质检员09
QI-0000014,SUP-009,MAT-0163,PO-202603-001082,1091,134,0.12282,fail,final,2026-05-19T14:00:00+08:00,质检员11
QI-0000015,SUP-003,MAT-0048,PO-202512-000414,232,6,0.02586,pass,incoming,2025-12-04T18:00:00+08:00,质检员08
QI-0000016,SUP-033,MAT-0095,PO-202605-001100,3857,295,0.07648,fail,incoming,2025-06-17T18:00:00+08:00,质检员15
QI-0000017,SUP-044,MAT-0084,PO-202508-001683,3360,315,0.09375,fail,incoming,2025-07-25T04:00:00+08:00,质检员10
QI-0000018,SUP-004,MAT-0030,PO-202603-000701,3183,291,0.09142,fail,incoming,2025-10-25T10:00:00+08:00,质检员14
QI-0000019,SUP-005,MAT-0065,PO-202601-001703,3462,436,0.12594,fail,incoming,2026-04-23T03:00:00+08:00,质检员16
QI-0000020,SUP-028,MAT-0043,PO-202604-000734,128,19,0.14844,fail,final,2025-09-09T05:00:00+08:00,质检员19
QI-0000021,SUP-024,MAT-0170,PO-202605-000946,1491,269,0.18042,fail,incoming,2025-12-23T18:00:00+08:00,质检员15
QI-0000022,SUP-005,MAT-0198,PO-202507-000229,3362,439,0.13058,fail,incoming,2025-11-17T04:00:00+08:00,质检员15
QI-0000023,SUP-019,MAT-0049,PO-202509-000608,1555,189,0.12154,fail,incoming,2026-01-23T11:00:00+08:00,质检员16
QI-0000024,SUP-037,MAT-0013,PO-202507-001491,1680,338,0.20119,fail,incoming,2025-06-28T06:00:00+08:00,质检员20
QI-0000025,SUP-044,MAT-0150,PO-202512-001734,2810,305,0.10854,fail,process,2026-02-13T14:00:00+08:00,质检员15
QI-0000026,SUP-018,MAT-0199,PO-202510-000415,4014,0,0.0,pass,final,2026-03-04T02:00:00+08:00,质检员01
QI-0000027,SUP-002,MAT-0226,PO-202507-000356,3943,735,0.18641,fail,final,2026-02-10T19:00:00+08:00,质检员12
QI-0000028,SUP-058,MAT-0107,PO-202511-001472,3794,409,0.1078,fail,incoming,2025-11-12T19:00:00+08:00,质检员04
QI-0000029,SUP-054,MAT-0162,PO-202508-001356,81,2,0.02469,pass,final,2025-07-24T18:00:00+08:00,质检员03
QI-0000030,SUP-034,MAT-0085,PO-202508-001179,2755,536,0.19456,fail,process,2025-08-01T12:00:00+08:00,质检员12
QI-0000031,SUP-032,MAT-0238,PO-202508-000517,1976,282,0.14271,fail,final,2026-05-13T01:00:00+08:00,质检员20
QI-0000032,SUP-047,MAT-0236,PO-202506-001232,1659,325,0.1959,fail,incoming,2026-02-21T19:00:00+08:00,质检员01
QI-0000033,SUP-033,MAT-0131,PO-202507-000140,2001,90,0.04498,fail,process,2026-06-09T12:00:00+08:00,质检员14
QI-0000034,SUP-030,MAT-0211,PO-202510-001728,174,0,0.0,pass,final,2025-09-26T23:00:00+08:00,质检员13
QI-0000035,SUP-054,MAT-0219,PO-202510-000254,834,22,0.02638,pass,incoming,2025-07-08T03:00:00+08:00,质检员11
QI-0000036,SUP-003,MAT-0172,PO-202603-000103,258,22,0.08527,fail,incoming,2026-05-02T01:00:00+08:00,质检员15
QI-0000037,SUP-009,MAT-0169,PO-202511-000088,4859,401,0.08253,fail,process,2025-12-24T10:00:00+08:00,质检员11
QI-0000038,SUP-014,MAT-0069,PO-202603-000980,4772,263,0.05511,fail,incoming,2026-02-01T02:00:00+08:00,质检员10
QI-0000039,SUP-005,MAT-0146,PO-202606-001544,3446,541,0.15699,fail,incoming,2026-05-12T07:00:00+08:00,质检员11
QI-0000040,SUP-022,MAT-0214,PO-202507-000994,1559,86,0.05516,fail,process,2025-07-05T19:00:00+08:00,质检员12
QI-0000041,SUP-022,MAT-0074,PO-202508-001766,1613,155,0.09609,fail,final,2026-03-11T00:00:00+08:00,质检员12
QI-0000042,SUP-028,MAT-0236,PO-202604-000713,2578,348,0.13499,fail,process,2026-01-30T11:00:00+08:00,质检员02
QI-0000043,SUP-031,MAT-0004,PO-202510-001616,2569,535,0.20825,fail,incoming,2025-06-20T07:00:00+08:00,质检员11
QI-0000044,SUP-039,MAT-0052,PO-202509-001604,2955,190,0.0643,fail,incoming,2025-09-20T18:00:00+08:00,质检员17
QI-0000045,SUP-005,MAT-0152,PO-202604-000790,4313,580,0.13448,fail,process,2026-06-07T16:00:00+08:00,质检员08
QI-0000046,SUP-024,MAT-0170,PO-202508-001522,1056,207,0.19602,fail,final,2025-11-14T00:00:00+08:00,质检员08
QI-0000047,SUP-022,MAT-0214,PO-202510-000796,1330,75,0.05639,fail,incoming,2025-12-01T03:00:00+08:00,质检员05
QI-0000048,SUP-022,MAT-0106,PO-202510-000830,3216,236,0.07338,fail,final,2026-03-24T04:00:00+08:00,质检员13
QI-0000049,SUP-022,MAT-0221,PO-202606-000130,2388,177,0.07412,fail,incoming,2026-01-19T02:00:00+08:00,质检员03
QI-0000050,SUP-030,MAT-0186,PO-202508-001027,1143,0,0.0,pass,final,2025-06-16T23:00:00+08:00,质检员09
QI-0000051,SUP-034,MAT-0085,PO-202508-001666,4790,933,0.19478,fail,final,2025-09-29T16:00:00+08:00,质检员16
QI-0000052,SUP-033,MAT-0195,PO-202507-000826,368,19,0.05163,fail,incoming,2025-07-14T06:00:00+08:00,质检员15
QI-0000053,SUP-016,MAT-0130,PO-202508-001799,4788,555,0.11591,fail,final,2025-09-16T01:00:00+08:00,质检员01
QI-0000054,SUP-035,MAT-0217,PO-202509-000397,943,96,0.1018,fail,incoming,2025-07-29T19:00:00+08:00,质检员10
QI-0000055,SUP-025,MAT-0076,PO-202508-001177,4830,950,0.19669,fail,process,2026-01-10T08:00:00+08:00,质检员02
QI-0000056,SUP-059,MAT-0027,PO-202510-001433,4517,254,0.05623,fail,incoming,2025-08-19T18:00:00+08:00,质检员01
QI-0000057,SUP-041,MAT-0096,PO-202606-001120,2211,561,0.25373,fail,final,2025-12-10T00:00:00+08:00,质检员08
QI-0000058,SUP-024,MAT-0013,PO-202602-001772,1673,327,0.19546,fail,final,2026-02-24T14:00:00+08:00,质检员14
QI-0000059,SUP-046,MAT-0025,PO-202509-000380,926,85,0.09179,fail,process,2025-11-22T05:00:00+08:00,质检员07
QI-0000060,SUP-016,MAT-0085,PO-202506-000563,1061,95,0.08954,fail,process,2025-09-24T07:00:00+08:00,质检员09
QI-0000061,SUP-008,MAT-0216,PO-202511-000026,4503,994,0.22074,fail,final,2025-06-23T09:00:00+08:00,质检员10
QI-0000062,SUP-005,MAT-0021,PO-202602-000716,953,130,0.13641,fail,final,2025-10-24T17:00:00+08:00,质检员12
QI-0000063,SUP-041,MAT-0016,PO-202602-000452,1148,236,0.20557,fail,incoming,2026-04-04T13:00:00+08:00,质检员11
QI-0000064,SUP-036,MAT-0117,PO-202507-000663,1416,199,0.14054,fail,incoming,2025-12-21T22:00:00+08:00,质检员08
QI-0000065,SUP-031,MAT-0066,PO-202601-001022,3424,764,0.22313,fail,final,2025-08-10T08:00:00+08:00,质检员15
QI-0000066,SUP-047,MAT-0236,PO-202604-000734,3932,820,0.20855,fail,incoming,2025-09-13T04:00:00+08:00,质检员07
QI-0000067,SUP-031,MAT-0004,PO-202511-000712,4149,938,0.22608,fail,final,2026-02-26T01:00:00+08:00,质检员05
QI-0000068,SUP-015,MAT-0092,PO-202512-001698,2338,481,0.20573,fail,process,2025-08-19T02:00:00+08:00,质检员02
QI-0000069,SUP-023,MAT-0159,PO-202508-001197,2101,144,0.06854,fail,final,2025-07-25T07:00:00+08:00,质检员07
QI-0000070,SUP-039,MAT-0219,PO-202509-001604,4918,323,0.06568,fail,process,2026-03-30T21:00:00+08:00,质检员19
QI-0000071,SUP-035,MAT-0217,PO-202510-000164,1438,137,0.09527,fail,final,2025-06-22T22:00:00+08:00,质检员15
QI-0000072,SUP-060,MAT-0111,PO-202507-001599,2868,145,0.05056,fail,final,2026-04-18T06:00:00+08:00,质检员14
QI-0000073,SUP-011,MAT-0130,PO-202509-001125,2997,216,0.07207,fail,process,2025-08-03T00:00:00+08:00,质检员11
QI-0000074,SUP-031,MAT-0073,PO-202508-001766,1419,285,0.20085,fail,final,2026-01-23T00:00:00+08:00,质检员07
QI-0000075,SUP-060,MAT-0090,PO-202509-001350,3832,209,0.05454,fail,final,2025-07-22T11:00:00+08:00,质检员06
QI-0000076,SUP-055,MAT-0068,PO-202601-001501,4393,325,0.07398,fail,final,2025-09-23T05:00:00+08:00,质检员05
QI-0000077,SUP-001,MAT-0112,PO-202603-000441,4831,1031,0.21341,fail,process,2025-08-26T01:00:00+08:00,质检员03
QI-0000078,SUP-008,MAT-0023,PO-202507-001446,2217,482,0.21741,fail,final,2026-05-08T02:00:00+08:00,质检员16
QI-0000079,SUP-019,MAT-0078,PO-202604-000713,2453,245,0.09988,fail,final,2026-05-20T20:00:00+08:00,质检员06
QI-0000080,SUP-008,MAT-0205,PO-202510-000492,3676,728,0.19804,fail,process,2026-02-06T23:00:00+08:00,质检员13
QI-0000081,SUP-034,MAT-0030,PO-202603-001151,1302,239,0.18356,fail,final,2026-06-11T22:00:00+08:00,质检员10
QI-0000082,SUP-042,MAT-0169,PO-202601-001716,1903,98,0.0515,fail,process,2026-02-18T07:00:00+08:00,质检员09
QI-0000083,SUP-007,MAT-0102,PO-202509-001785,4143,449,0.10838,fail,process,2025-11-21T07:00:00+08:00,质检员12
QI-0000084,SUP-036,MAT-0235,PO-202511-001793,386,62,0.16062,fail,process,2026-03-16T11:00:00+08:00,质检员02
QI-0000085,SUP-021,MAT-0222,PO-202508-000403,4997,801,0.1603,fail,incoming,2025-07-25T20:00:00+08:00,质检员12
QI-0000086,SUP-056,MAT-0151,PO-202601-001529,2076,154,0.07418,fail,process,2026-05-29T15:00:00+08:00,质检员16
QI-0000087,SUP-059,MAT-0003,PO-202507-001800,1690,89,0.05266,fail,final,2026-02-28T02:00:00+08:00,质检员14
QI-0000088,SUP-021,MAT-0074,PO-202604-001224,1225,184,0.1502,fail,process,2026-04-20T18:00:00+08:00,质检员06
QI-0000089,SUP-001,MAT-0204,PO-202509-000166,378,73,0.19312,fail,process,2026-04-05T23:00:00+08:00,质检员04
QI-0000090,SUP-026,MAT-0115,PO-202605-001428,4335,789,0.18201,fail,process,2025-11-10T22:00:00+08:00,质检员13
QI-0000091,SUP-038,MAT-0190,PO-202509-000343,4494,987,0.21963,fail,process,2025-09-13T19:00:00+08:00,质检员08
QI-0000092,SUP-054,MAT-0219,PO-202512-000779,3981,178,0.04471,fail,process,2025-07-10T10:00:00+08:00,质检员18
QI-0000093,SUP-039,MAT-0081,PO-202601-001157,1366,82,0.06003,fail,incoming,2025-09-13T05:00:00+08:00,质检员19
QI-0000094,SUP-022,MAT-0052,PO-202601-001519,3213,222,0.06909,fail,incoming,2025-07-13T20:00:00+08:00,质检员06
QI-0000095,SUP-046,MAT-0061,PO-202603-001554,3048,316,0.10367,fail,incoming,2026-04-20T02:00:00+08:00,质检员18
QI-0000096,SUP-005,MAT-0130,PO-202512-001575,2984,446,0.14946,fail,final,2025-09-04T21:00:00+08:00,质检员14
QI-0000097,SUP-016,MAT-0233,PO-202511-000912,4594,468,0.10187,fail,incoming,2025-08-09T05:00:00+08:00,质检员04
QI-0000098,SUP-017,MAT-0226,PO-202508-001356,4076,177,0.04342,fail,final,2026-05-15T01:00:00+08:00,质检员04
QI-0000099,SUP-039,MAT-0231,PO-202604-001014,2598,230,0.08853,fail,process,2026-04-03T21:00:00+08:00,质检员11
QI-0000100,SUP-045,MAT-0103,PO-202509-001353,1287,241,0.18726,fail,incoming,2025-11-10T23:00:00+08:00,质检员11
QI-0000101,SUP-012,MAT-0137,PO-202604-000466,2871,408,0.14211,fail,incoming,2026-02-07T14:00:00+08:00,质检员04
QI-0000102,SUP-003,MAT-0022,PO-202511-000003,437,26,0.0595,fail,process,2026-02-27T05:00:00+08:00,质检员04
QI-0000103,SUP-004,MAT-0147,PO-202510-000145,762,67,0.08793,fail,final,2026-03-30T18:00:00+08:00,质检员18
QI-0000104,SUP-047,MAT-0083,PO-202601-001495,4848,931,0.19204,fail,final,2025-11-30T07:00:00+08:00,质检员16
QI-0000105,SUP-030,MAT-0138,PO-202508-001197,4902,127,0.02591,pass,final,2025-10-13T04:00:00+08:00,质检员09
QI-0000106,SUP-037,MAT-0234,PO-202510-000731,3698,692,0.18713,fail,incoming,2025-11-16T08:00:00+08:00,质检员11
QI-0000107,SUP-012,MAT-0057,PO-202507-001622,3977,500,0.12572,fail,final,2025-08-07T12:00:00+08:00,质检员06
QI-0000108,SUP-030,MAT-0140,PO-202512-001178,4112,116,0.02821,pass,process,2025-09-29T16:00:00+08:00,质检员01
QI-0000109,SUP-009,MAT-0152,PO-202508-000874,4860,455,0.09362,fail,process,2025-12-21T13:00:00+08:00,质检员17
QI-0000110,SUP-027,MAT-0020,PO-202606-000877,4159,951,0.22866,fail,process,2026-04-19T01:00:00+08:00,质检员15
QI-0000111,SUP-002,MAT-0238,PO-202510-001376,586,99,0.16894,fail,incoming,2026-03-03T20:00:00+08:00,质检员09
QI-0000112,SUP-028,MAT-0131,PO-202508-000411,3361,348,0.10354,fail,process,2026-05-15T20:00:00+08:00,质检员09
QI-0000113,SUP-028,MAT-0043,PO-202603-000085,4390,523,0.11913,fail,final,2025-12-22T12:00:00+08:00,质检员04
QI-0000114,SUP-005,MAT-0152,PO-202604-000802,3591,500,0.13924,fail,process,2026-05-14T23:00:00+08:00,质检员01
QI-0000115,SUP-021,MAT-0115,PO-202511-001242,4740,629,0.1327,fail,process,2025-08-05T23:00:00+08:00,质检员01
QI-0000116,SUP-005,MAT-0006,PO-202506-000704,2237,351,0.15691,fail,final,2025-08-29T10:00:00+08:00,质检员11
QI-0000117,SUP-031,MAT-0007,PO-202602-000737,4936,975,0.19753,fail,process,2025-07-28T02:00:00+08:00,质检员19
QI-0000118,SUP-054,MAT-0215,PO-202604-000466,3203,206,0.06431,fail,final,2025-08-02T01:00:00+08:00,质检员10
QI-0000119,SUP-003,MAT-0225,PO-202601-001657,4541,245,0.05395,fail,process,2025-07-06T20:00:00+08:00,质检员17
QI-0000120,SUP-047,MAT-0083,PO-202601-001034,2529,473,0.18703,fail,process,2026-01-21T16:00:00+08:00,质检员14
QI-0000121,SUP-053,MAT-0037,PO-202509-001410,249,33,0.13253,fail,final,2025-08-03T06:00:00+08:00,质检员01
QI-0000122,SUP-008,MAT-0233,PO-202509-000129,4017,905,0.22529,fail,incoming,2025-10-18T08:00:00+08:00,质检员02
QI-0000123,SUP-045,MAT-0210,PO-202510-001189,2703,541,0.20015,fail,process,2025-09-19T09:00:00+08:00,质检员15
QI-0000124,SUP-023,MAT-0113,PO-202605-001358,1582,152,0.09608,fail,incoming,2026-03-30T12:00:00+08:00,质检员04
QI-0000125,SUP-015,MAT-0020,PO-202601-001502,3552,623,0.17539,fail,incoming,2025-09-27T14:00:00+08:00,质检员11
QI-0000126,SUP-008,MAT-0233,PO-202511-001064,4929,999,0.20268,fail,process,2025-06-23T01:00:00+08:00,质检员07
QI-0000127,SUP-058,MAT-0021,PO-202604-000649,146,18,0.12329,fail,incoming,2026-05-26T03:00:00+08:00,质检员11
QI-0000128,SUP-022,MAT-0069,PO-202509-000009,2764,263,0.09515,fail,final,2025-10-19T20:00:00+08:00,质检员18
QI-0000129,SUP-012,MAT-0057,PO-202509-000326,80,12,0.15,fail,final,2026-06-07T15:00:00+08:00,质检员12
QI-0000130,SUP-029,MAT-0042,PO-202511-000894,3091,73,0.02362,pass,final,2026-02-19T20:00:00+08:00,质检员03
QI-0000131,SUP-013,MAT-0094,PO-202605-000309,942,149,0.15817,fail,process,2025-11-24T01:00:00+08:00,质检员01
QI-0000132,SUP-040,MAT-0053,PO-202509-000608,3363,365,0.10853,fail,incoming,2026-05-22T10:00:00+08:00,质检员13
QI-0000133,SUP-041,MAT-0051,PO-202506-001259,2658,605,0.22761,fail,process,2025-07-30T07:00:00+08:00,质检员12
QI-0000134,SUP-034,MAT-0117,PO-202511-001148,4993,918,0.18386,fail,process,2025-11-18T22:00:00+08:00,质检员19
QI-0000135,SUP-033,MAT-0165,PO-202508-001132,3191,100,0.03134,fail,process,2026-04-18T06:00:00+08:00,质检员17
QI-0000136,SUP-039,MAT-0016,PO-202602-000118,1415,135,0.09541,fail,process,2026-03-24T16:00:00+08:00,质检员17
QI-0000137,SUP-045,MAT-0058,PO-202603-001648,4794,965,0.20129,fail,process,2026-01-24T13:00:00+08:00,质检员02
QI-0000138,SUP-045,MAT-0203,PO-202604-001586,1189,215,0.18082,fail,incoming,2025-06-23T20:00:00+08:00,质检员15
QI-0000139,SUP-004,MAT-0220,PO-202604-000431,3082,291,0.09442,fail,process,2025-10-17T10:00:00+08:00,质检员14
QI-0000140,SUP-037,MAT-0234,PO-202509-001169,1936,383,0.19783,fail,final,2025-08-22T10:00:00+08:00,质检员15
QI-0000141,SUP-015,MAT-0020,PO-202602-000420,4185,854,0.20406,fail,final,2026-03-10T04:00:00+08:00,质检员11
QI-0000142,SUP-011,MAT-0108,PO-202604-000603,4789,264,0.05513,fail,process,2025-07-15T06:00:00+08:00,质检员20
QI-0000143,SUP-045,MAT-0103,PO-202511-000574,3347,547,0.16343,fail,process,2025-07-26T22:00:00+08:00,质检员17
QI-0000144,SUP-035,MAT-0103,PO-202507-000596,1353,123,0.09091,fail,process,2025-12-04T07:00:00+08:00,质检员06
QI-0000145,SUP-027,MAT-0049,PO-202605-000925,2372,609,0.25675,fail,process,2026-01-22T21:00:00+08:00,质检员04
QI-0000146,SUP-045,MAT-0043,PO-202601-000109,1147,206,0.1796,fail,incoming,2025-07-22T00:00:00+08:00,质检员04
QI-0000147,SUP-059,MAT-0084,PO-202602-000885,2635,119,0.04516,fail,final,2025-12-24T14:00:00+08:00,质检员06
QI-0000148,SUP-033,MAT-0061,PO-202508-001174,4383,234,0.05339,fail,incoming,2025-09-02T08:00:00+08:00,质检员05
QI-0000149,SUP-033,MAT-0224,PO-202601-001315,419,27,0.06444,fail,final,2025-12-03T05:00:00+08:00,质检员12
QI-0000150,SUP-059,MAT-0049,PO-202606-001523,424,22,0.05189,fail,process,2026-06-13T21:00:00+08:00,质检员03
QI-0000151,SUP-035,MAT-0117,PO-202606-000983,4997,526,0.10526,fail,incoming,2026-03-26T01:00:00+08:00,质检员02
QI-0000152,SUP-027,MAT-0023,PO-202509-001751,2483,590,0.23762,fail,final,2026-03-07T03:00:00+08:00,质检员18
QI-0000153,SUP-025,MAT-0183,PO-202606-000565,314,57,0.18153,fail,incoming,2026-04-10T17:00:00+08:00,质检员02
QI-0000154,SUP-025,MAT-0102,PO-202602-000188,272,53,0.19485,fail,process,2026-01-29T03:00:00+08:00,质检员20
QI-0000155,SUP-002,MAT-0083,PO-202601-000208,4914,806,0.16402,fail,incoming,2025-07-28T15:00:00+08:00,质检员16
QI-0000156,SUP-026,MAT-0163,PO-202506-000897,454,87,0.19163,fail,process,2025-08-26T23:00:00+08:00,质检员09
QI-0000157,SUP-039,MAT-0081,PO-202511-000437,4902,413,0.08425,fail,process,2025-11-26T06:00:00+08:00,质检员04
QI-0000158,SUP-024,MAT-0237,PO-202507-001570,540,116,0.21481,fail,final,2026-05-10T16:00:00+08:00,质检员13
QI-0000159,SUP-034,MAT-0073,PO-202510-000499,1693,296,0.17484,fail,process,2025-09-12T19:00:00+08:00,质检员10
QI-0000160,SUP-053,MAT-0092,PO-202511-000158,3916,569,0.1453,fail,incoming,2025-09-22T17:00:00+08:00,质检员06
QI-0000161,SUP-008,MAT-0173,PO-202601-001152,4763,979,0.20554,fail,incoming,2026-02-21T01:00:00+08:00,质检员19
QI-0000162,SUP-014,MAT-0211,PO-202508-001666,608,21,0.03454,fail,final,2026-04-11T17:00:00+08:00,质检员05
QI-0000163,SUP-039,MAT-0211,PO-202510-000492,243,17,0.06996,fail,incoming,2026-03-10T02:00:00+08:00,质检员01
QI-0000164,SUP-003,MAT-0225,PO-202512-001366,4274,187,0.04375,fail,process,2026-02-14T05:00:00+08:00,质检员13
QI-0000165,SUP-014,MAT-0106,PO-202602-000913,2431,118,0.04854,fail,final,2025-09-14T23:00:00+08:00,质检员06
QI-0000166,SUP-013,MAT-0071,PO-202604-000646,505,75,0.14851,fail,incoming,2025-10-28T06:00:00+08:00,质检员13
QI-0000167,SUP-025,MAT-0076,PO-202603-000812,4694,1042,0.22199,fail,final,2026-03-12T06:00:00+08:00,质检员10
QI-0000168,SUP-047,MAT-0151,PO-202511-000688,1236,255,0.20631,fail,incoming,2025-12-29T13:00:00+08:00,质检员05
QI-0000169,SUP-056,MAT-0107,PO-202603-000526,1308,113,0.08639,fail,final,2025-11-06T01:00:00+08:00,质检员05
QI-0000170,SUP-040,MAT-0056,PO-202602-000857,767,54,0.0704,fail,process,2026-05-11T12:00:00+08:00,质检员04
QI-0000171,SUP-038,MAT-0224,PO-202508-001340,2129,399,0.18741,fail,incoming,2025-09-13T10:00:00+08:00,质检员06
QI-0000172,SUP-003,MAT-0172,PO-202606-000540,3742,176,0.04703,fail,process,2025-08-14T13:00:00+08:00,质检员17
QI-0000173,SUP-039,MAT-0113,PO-202511-000915,4887,352,0.07203,fail,incoming,2025-12-06T12:00:00+08:00,质检员18
QI-0000174,SUP-033,MAT-0184,PO-202511-000004,2831,151,0.05334,fail,final,2025-12-29T07:00:00+08:00,质检员17
QI-0000175,SUP-039,MAT-0113,PO-202605-001408,535,39,0.0729,fail,incoming,2025-07-10T04:00:00+08:00,质检员03
QI-0000176,SUP-006,MAT-0096,PO-202512-000927,1924,394,0.20478,fail,incoming,2026-01-07T23:00:00+08:00,质检员19
QI-0000177,SUP-022,MAT-0106,PO-202508-001027,1253,101,0.08061,fail,final,2025-12-27T05:00:00+08:00,质检员06
QI-0000178,SUP-018,MAT-0116,PO-202507-000979,4824,81,0.01679,pass,final,2026-01-11T11:00:00+08:00,质检员17
QI-0000179,SUP-006,MAT-0124,PO-202511-000047,949,191,0.20126,fail,final,2026-03-22T03:00:00+08:00,质检员03
QI-0000180,SUP-001,MAT-0034,PO-202603-000469,4984,792,0.15891,fail,incoming,2026-01-15T07:00:00+08:00,质检员02
QI-0000181,SUP-012,MAT-0092,PO-202510-000474,2045,343,0.16773,fail,incoming,2025-10-29T01:00:00+08:00,质检员16
QI-0000182,SUP-051,MAT-0178,PO-202512-001262,2476,606,0.24475,fail,final,2025-11-26T06:00:00+08:00,质检员02
QI-0000183,SUP-030,MAT-0067,PO-202512-000833,82,2,0.02439,pass,final,2025-11-07T05:00:00+08:00,质检员15
QI-0000184,SUP-045,MAT-0075,PO-202509-000232,3566,587,0.16461,fail,final,2025-09-04T00:00:00+08:00,质检员17
QI-0000185,SUP-008,MAT-0205,PO-202510-001310,1130,282,0.24956,fail,final,2026-02-01T06:00:00+08:00,质检员20
QI-0000186,SUP-038,MAT-0136,PO-202605-000974,1551,269,0.17344,fail,process,2026-03-27T08:00:00+08:00,质检员11
QI-0000187,SUP-035,MAT-0147,PO-202605-000148,552,58,0.10507,fail,final,2025-11-04T23:00:00+08:00,质检员06
QI-0000188,SUP-043,MAT-0162,PO-202511-001472,947,143,0.151,fail,final,2025-08-06T06:00:00+08:00,质检员14
QI-0000189,SUP-036,MAT-0021,PO-202601-000551,1123,167,0.14871,fail,process,2025-12-31T10:00:00+08:00,质检员10
QI-0000190,SUP-027,MAT-0049,PO-202606-000745,899,210,0.23359,fail,process,2025-11-22T17:00:00+08:00,质检员11
QI-0000191,SUP-028,MAT-0024,PO-202507-000979,366,45,0.12295,fail,incoming,2025-09-15T19:00:00+08:00,质检员20
QI-0000192,SUP-037,MAT-0240,PO-202507-000332,4137,856,0.20691,fail,final,2025-07-07T08:00:00+08:00,质检员03
QI-0000193,SUP-036,MAT-0155,PO-202509-000065,3522,564,0.16014,fail,incoming,2026-01-22T12:00:00+08:00,质检员20
QI-0000194,SUP-042,MAT-0196,PO-202511-000821,4422,172,0.0389,fail,process,2025-09-19T02:00:00+08:00,质检员15
QI-0000195,SUP-051,MAT-0106,PO-202510-001016,1376,315,0.22892,fail,incoming,2026-04-19T16:00:00+08:00,质检员19
QI-0000196,SUP-037,MAT-0240,PO-202507-000606,3880,799,0.20593,fail,process,2025-10-20T22:00:00+08:00,质检员20
QI-0000197,SUP-040,MAT-0090,PO-202603-001760,2367,247,0.10435,fail,process,2026-01-27T02:00:00+08:00,质检员14
QI-0000198,SUP-009,MAT-0139,PO-202510-001532,2888,309,0.10699,fail,incoming,2026-05-18T18:00:00+08:00,质检员05
QI-0000199,SUP-042,MAT-0166,PO-202603-001717,2454,115,0.04686,fail,process,2026-06-03T00:00:00+08:00,质检员04
QI-0000200,SUP-030,MAT-0067,PO-202511-001242,2503,0,0.0,pass,incoming,2026-05-24T21:00:00+08:00,质检员09
QI-0000201,SUP-040,MAT-0161,PO-202512-000115,3050,313,0.10262,fail,final,2026-02-17T19:00:00+08:00,质检员06
QI-0000202,SUP-031,MAT-0066,PO-202508-001598,1366,298,0.21816,fail,final,2025-06-21T10:00:00+08:00,质检员09
QI-0000203,SUP-034,MAT-0183,PO-202510-001355,3755,755,0.20107,fail,process,2026-01-15T06:00:00+08:00,质检员04
QI-0000204,SUP-052,MAT-0102,PO-202604-001387,2407,71,0.0295,pass,process,2026-04-28T22:00:00+08:00,质检员20
QI-0000205,SUP-033,MAT-0150,PO-202605-000925,175,12,0.06857,fail,process,2025-09-21T03:00:00+08:00,质检员19
QI-0000206,SUP-031,MAT-0116,PO-202606-000686,261,53,0.20307,fail,incoming,2025-09-01T01:00:00+08:00,质检员14
QI-0000207,SUP-054,MAT-0057,PO-202601-000208,4955,78,0.01574,pass,final,2026-04-17T07:00:00+08:00,质检员13
QI-0000208,SUP-019,MAT-0119,PO-202509-001604,3536,384,0.1086,fail,final,2026-03-20T09:00:00+08:00,质检员12
QI-0000209,SUP-028,MAT-0155,PO-202512-000773,4063,515,0.12675,fail,final,2025-07-19T18:00:00+08:00,质检员10
QI-0000210,SUP-039,MAT-0219,PO-202512-000848,4277,290,0.0678,fail,process,2025-11-07T07:00:00+08:00,质检员19
QI-0000211,SUP-007,MAT-0174,PO-202603-001325,1311,159,0.12128,fail,incoming,2025-09-26T23:00:00+08:00,质检员08
QI-0000212,SUP-003,MAT-0175,PO-202602-001244,1084,65,0.05996,fail,incoming,2025-12-10T06:00:00+08:00,质检员03
QI-0000213,SUP-054,MAT-0162,PO-202512-000632,3192,75,0.0235,pass,incoming,2025-07-27T11:00:00+08:00,质检员10
QI-0000214,SUP-060,MAT-0136,PO-202604-000494,288,15,0.05208,fail,final,2025-07-10T18:00:00+08:00,质检员15
QI-0000215,SUP-030,MAT-0145,PO-202507-000826,4498,15,0.00333,pass,process,2025-08-14T06:00:00+08:00,质检员09
QI-0000216,SUP-010,MAT-0100,PO-202512-000758,1182,165,0.13959,fail,process,2026-05-23T08:00:00+08:00,质检员09
QI-0000217,SUP-024,MAT-0013,PO-202603-001479,4281,855,0.19972,fail,final,2025-09-03T09:00:00+08:00,质检员11
QI-0000218,SUP-034,MAT-0097,PO-202601-001495,3119,601,0.19269,fail,incoming,2025-09-07T10:00:00+08:00,质检员01
QI-0000219,SUP-009,MAT-0185,PO-202511-001783,744,72,0.09677,fail,final,2025-10-19T09:00:00+08:00,质检员11
QI-0000220,SUP-004,MAT-0147,PO-202604-000589,3566,318,0.08918,fail,final,2025-12-10T03:00:00+08:00,质检员13
QI-0000221,SUP-051,MAT-0069,PO-202511-000047,2608,606,0.23236,fail,process,2026-05-20T01:00:00+08:00,质检员17
QI-0000222,SUP-043,MAT-0105,PO-202604-000260,4111,677,0.16468,fail,process,2025-09-23T04:00:00+08:00,质检员03
QI-0000223,SUP-006,MAT-0105,PO-202604-000684,3582,849,0.23702,fail,process,2026-04-20T02:00:00+08:00,质检员14
QI-0000224,SUP-004,MAT-0208,PO-202605-000447,1488,87,0.05847,fail,process,2026-03-13T15:00:00+08:00,质检员02
QI-0000225,SUP-020,MAT-0107,PO-202512-001221,819,99,0.12088,fail,incoming,2025-08-07T05:00:00+08:00,质检员15
QI-0000226,SUP-010,MAT-0195,PO-202511-001652,1046,174,0.16635,fail,incoming,2026-01-07T11:00:00+08:00,质检员17
QI-0000227,SUP-021,MAT-0239,PO-202604-001668,1027,164,0.15969,fail,process,2025-09-30T12:00:00+08:00,质检员02
QI-0000228,SUP-025,MAT-0064,PO-202508-001288,2404,515,0.21423,fail,incoming,2025-07-05T21:00:00+08:00,质检员12
QI-0000229,SUP-042,MAT-0226,PO-202601-001315,2275,115,0.05055,fail,final,2026-06-02T00:00:00+08:00,质检员17
QI-0000230,SUP-033,MAT-0056,PO-202508-000820,4082,297,0.07276,fail,final,2026-04-01T19:00:00+08:00,质检员06
QI-0000231,SUP-007,MAT-0227,PO-202605-001506,4231,333,0.0787,fail,incoming,2026-06-07T23:00:00+08:00,质检员09
QI-0000232,SUP-035,MAT-0051,PO-202601-001379,1004,102,0.10159,fail,process,2025-11-18T13:00:00+08:00,质检员03
QI-0000233,SUP-060,MAT-0057,PO-202602-001061,4383,230,0.05248,fail,final,2026-05-27T06:00:00+08:00,质检员12
QI-0000234,SUP-055,MAT-0108,PO-202604-000138,2827,139,0.04917,fail,incoming,2025-07-21T23:00:00+08:00,质检员05
QI-0000235,SUP-007,MAT-0010,PO-202602-000106,4295,431,0.10035,fail,process,2025-12-27T07:00:00+08:00,质检员11
QI-0000236,SUP-045,MAT-0075,PO-202604-001688,4284,835,0.19491,fail,process,2025-11-27T17:00:00+08:00,质检员20
QI-0000237,SUP-005,MAT-0156,PO-202507-001615,1791,264,0.1474,fail,final,2025-08-04T19:00:00+08:00,质检员13
QI-0000238,SUP-004,MAT-0025,PO-202602-000311,4760,541,0.11366,fail,final,2026-02-10T09:00:00+08:00,质检员02
QI-0000239,SUP-037,MAT-0013,PO-202512-001633,1641,314,0.19135,fail,incoming,2026-04-05T01:00:00+08:00,质检员14
QI-0000240,SUP-013,MAT-0223,PO-202604-001394,3122,464,0.14862,fail,final,2026-06-08T12:00:00+08:00,质检员08
QI-0000241,SUP-039,MAT-0052,PO-202510-001626,2231,190,0.08516,fail,process,2026-05-05T09:00:00+08:00,质检员18
QI-0000242,SUP-007,MAT-0097,PO-202507-001251,4358,381,0.08743,fail,process,2025-06-28T05:00:00+08:00,质检员16
QI-0000243,SUP-020,MAT-0067,PO-202509-000360,1587,205,0.12917,fail,final,2025-11-16T04:00:00+08:00,质检员12
QI-0000244,SUP-003,MAT-0095,PO-202604-000080,3825,205,0.05359,fail,process,2026-01-08T10:00:00+08:00,质检员05
QI-0000245,SUP-002,MAT-0121,PO-202506-000690,3206,452,0.14099,fail,process,2025-11-19T05:00:00+08:00,质检员02
QI-0000246,SUP-004,MAT-0122,PO-202509-001412,767,60,0.07823,fail,incoming,2025-07-25T11:00:00+08:00,质检员17
QI-0000247,SUP-045,MAT-0103,PO-202512-001416,2389,369,0.15446,fail,process,2025-09-09T09:00:00+08:00,质检员12
QI-0000248,SUP-044,MAT-0190,PO-202603-001659,4566,467,0.10228,fail,final,2025-06-19T09:00:00+08:00,质检员13
QI-0000249,SUP-026,MAT-0132,PO-202603-001686,4622,803,0.17373,fail,process,2026-01-30T03:00:00+08:00,质检员11
QI-0000250,SUP-043,MAT-0001,PO-202510-001459,233,45,0.19313,fail,incoming,2025-12-17T16:00:00+08:00,质检员10
QI-0000251,SUP-059,MAT-0018,PO-202510-001421,3391,159,0.04689,fail,final,2026-06-10T12:00:00+08:00,质检员19
QI-0000252,SUP-001,MAT-0112,PO-202601-000621,1759,317,0.18022,fail,incoming,2026-05-09T07:00:00+08:00,质检员12
QI-0000253,SUP-041,MAT-0205,PO-202512-000270,1586,357,0.22509,fail,process,2025-11-16T09:00:00+08:00,质检员10
QI-0000254,SUP-058,MAT-0056,PO-202509-000378,677,76,0.11226,fail,process,2026-05-21T14:00:00+08:00,质检员19
QI-0000255,SUP-056,MAT-0073,PO-202508-001138,1316,93,0.07067,fail,incoming,2026-01-20T04:00:00+08:00,质检员14
QI-0000256,SUP-015,MAT-0226,PO-202510-001153,603,104,0.17247,fail,incoming,2025-10-14T05:00:00+08:00,质检员20
QI-0000257,SUP-054,MAT-0057,PO-202603-000880,4915,185,0.03764,fail,final,2025-12-23T17:00:00+08:00,质检员20
QI-0000258,SUP-004,MAT-0034,PO-202506-001111,4440,433,0.09752,fail,incoming,2025-06-30T12:00:00+08:00,质检员13
QI-0000259,SUP-052,MAT-0160,PO-202605-000371,796,26,0.03266,fail,process,2026-03-17T01:00:00+08:00,质检员03
QI-0000260,SUP-001,MAT-0033,PO-202601-001534,4382,782,0.17846,fail,process,2026-04-23T16:00:00+08:00,质检员07
QI-0000261,SUP-016,MAT-0038,PO-202509-001207,4734,519,0.10963,fail,final,2025-12-24T20:00:00+08:00,质检员05
QI-0000262,SUP-007,MAT-0010,PO-202605-000620,3113,294,0.09444,fail,process,2026-01-16T04:00:00+08:00,质检员19
QI-0000263,SUP-055,MAT-0089,PO-202508-000300,1803,103,0.05713,fail,incoming,2025-07-11T22:00:00+08:00,质检员04
QI-0000264,SUP-052,MAT-0141,PO-202508-001174,3652,139,0.03806,fail,process,2025-09-05T22:00:00+08:00,质检员19
QI-0000265,SUP-012,MAT-0072,PO-202508-001592,3316,507,0.1529,fail,process,2026-04-01T04:00:00+08:00,质检员14
QI-0000266,SUP-058,MAT-0225,PO-202604-001375,4439,632,0.14237,fail,final,2025-09-29T04:00:00+08:00,质检员13
QI-0000267,SUP-047,MAT-0030,PO-202601-000183,2011,418,0.20786,fail,final,2026-04-17T15:00:00+08:00,质检员07
QI-0000268,SUP-045,MAT-0043,PO-202506-000996,487,74,0.15195,fail,process,2026-05-09T00:00:00+08:00,质检员01
QI-0000269,SUP-053,MAT-0085,PO-202509-000605,3655,479,0.13105,fail,process,2025-08-02T23:00:00+08:00,质检员14
QI-0000270,SUP-040,MAT-0093,PO-202604-000264,886,76,0.08578,fail,incoming,2025-07-02T06:00:00+08:00,质检员17
QI-0000271,SUP-049,MAT-0025,PO-202511-000105,4070,5,0.00123,pass,final,2025-12-29T08:00:00+08:00,质检员15
QI-0000272,SUP-056,MAT-0166,PO-202602-000640,2681,229,0.08542,fail,incoming,2026-02-20T12:00:00+08:00,质检员01
QI-0000273,SUP-053,MAT-0024,PO-202509-000533,4921,721,0.14651,fail,final,2025-10-15T12:00:00+08:00,质检员17
QI-0000274,SUP-021,MAT-0222,PO-202603-000079,1026,168,0.16374,fail,final,2026-01-29T09:00:00+08:00,质检员03
QI-0000275,SUP-006,MAT-0006,PO-202508-001359,3865,793,0.20517,fail,incoming,2026-06-11T01:00:00+08:00,质检员11
QI-0000276,SUP-020,MAT-0007,PO-202604-000592,2225,287,0.12899,fail,final,2025-06-26T16:00:00+08:00,质检员09
QI-0000277,SUP-049,MAT-0039,PO-202511-000651,2365,38,0.01607,pass,final,2026-04-14T06:00:00+08:00,质检员10
QI-0000278,SUP-035,MAT-0235,PO-202509-001119,3098,286,0.09232,fail,final,2026-04-23T13:00:00+08:00,质检员09
QI-0000279,SUP-027,MAT-0121,PO-202506-001296,2985,656,0.21977,fail,incoming,2025-11-28T14:00:00+08:00,质检员17
QI-0000280,SUP-024,MAT-0033,PO-202604-000063,4654,853,0.18328,fail,final,2025-08-21T20:00:00+08:00,质检员15
QI-0000281,SUP-026,MAT-0064,PO-202605-001506,3745,700,0.18692,fail,process,2025-09-08T22:00:00+08:00,质检员03
QI-0000282,SUP-030,MAT-0186,PO-202510-001310,2729,36,0.01319,pass,final,2025-11-14T07:00:00+08:00,质检员10
QI-0000283,SUP-031,MAT-0158,PO-202605-000588,468,109,0.23291,fail,process,2026-05-12T09:00:00+08:00,质检员18
QI-0000284,SUP-029,MAT-0232,PO-202511-000850,902,31,0.03437,fail,process,2025-08-26T20:00:00+08:00,质检员10
QI-0000285,SUP-054,MAT-0045,PO-202511-001309,2773,57,0.02056,pass,incoming,2025-12-04T17:00:00+08:00,质检员13
QI-0000286,SUP-041,MAT-0131,PO-202604-000442,4117,914,0.22201,fail,incoming,2025-06-23T06:00:00+08:00,质检员20
QI-0000287,SUP-011,MAT-0022,PO-202604-000272,1813,105,0.05792,fail,final,2026-04-27T20:00:00+08:00,质检员12
QI-0000288,SUP-041,MAT-0182,PO-202604-001258,3019,762,0.2524,fail,final,2025-07-31T23:00:00+08:00,质检员04
QI-0000289,SUP-007,MAT-0144,PO-202511-001693,684,50,0.0731,fail,incoming,2025-10-29T23:00:00+08:00,质检员13
QI-0000290,SUP-050,MAT-0185,PO-202604-000734,373,86,0.23056,fail,process,2026-02-11T00:00:00+08:00,质检员18
QI-0000291,SUP-029,MAT-0142,PO-202507-001398,3443,121,0.03514,fail,process,2026-01-23T04:00:00+08:00,质检员16
QI-0000292,SUP-007,MAT-0010,PO-202603-000469,1893,163,0.08611,fail,incoming,2026-05-17T12:00:00+08:00,质检员19
QI-0000293,SUP-020,MAT-0199,PO-202511-000513,3290,414,0.12584,fail,incoming,2026-03-12T05:00:00+08:00,质检员16
QI-0000294,SUP-053,MAT-0129,PO-202508-001371,1583,262,0.16551,fail,final,2026-04-23T13:00:00+08:00,质检员19
QI-0000295,SUP-020,MAT-0054,PO-202601-001051,1026,125,0.12183,fail,incoming,2026-02-27T04:00:00+08:00,质检员12
QI-0000296,SUP-057,MAT-0191,PO-202509-001514,2373,118,0.04973,fail,incoming,2025-07-13T21:00:00+08:00,质检员06
QI-0000297,SUP-055,MAT-0146,PO-202507-001032,4482,119,0.02655,pass,incoming,2026-03-27T12:00:00+08:00,质检员16
QI-0000298,SUP-017,MAT-0175,PO-202507-000863,3514,149,0.0424,fail,process,2025-12-03T17:00:00+08:00,质检员03
QI-0000299,SUP-043,MAT-0029,PO-202602-000875,4571,926,0.20258,fail,final,2025-07-04T09:00:00+08:00,质检员16
QI-0000300,SUP-015,MAT-0189,PO-202510-001794,1034,186,0.17988,fail,process,2025-10-01T10:00:00+08:00,质检员08
QI-0000301,SUP-050,MAT-0072,PO-202606-000402,3331,668,0.20054,fail,process,2026-03-26T03:00:00+08:00,质检员13
QI-0000302,SUP-046,MAT-0037,PO-202604-001062,1998,200,0.1001,fail,incoming,2026-01-25T02:00:00+08:00,质检员07
QI-0000303,SUP-052,MAT-0136,PO-202602-001535,1947,62,0.03184,fail,incoming,2026-01-18T14:00:00+08:00,质检员17
QI-0000304,SUP-042,MAT-0206,PO-202604-000884,169,5,0.02959,pass,process,2025-12-27T20:00:00+08:00,质检员17
QI-0000305,SUP-017,MAT-0141,PO-202605-001614,1851,44,0.02377,pass,final,2025-10-28T01:00:00+08:00,质检员10
QI-0000306,SUP-002,MAT-0080,PO-202510-001626,2172,364,0.16759,fail,final,2026-02-02T08:00:00+08:00,质检员11
QI-0000307,SUP-024,MAT-0201,PO-202509-001451,1922,379,0.19719,fail,incoming,2025-10-01T18:00:00+08:00,质检员10
QI-0000308,SUP-052,MAT-0191,PO-202506-001585,4539,195,0.04296,fail,incoming,2025-10-21T09:00:00+08:00,质检员12
QI-0000309,SUP-056,MAT-0107,PO-202602-000913,4391,382,0.087,fail,process,2025-11-09T02:00:00+08:00,质检员12
QI-0000310,SUP-054,MAT-0057,PO-202510-001589,4054,159,0.03922,fail,incoming,2025-10-15T03:00:00+08:00,质检员10
QI-0000311,SUP-001,MAT-0116,PO-202602-000512,2084,422,0.2025,fail,final,2025-12-04T16:00:00+08:00,质检员07
QI-0000312,SUP-004,MAT-0002,PO-202603-000067,3398,240,0.07063,fail,incoming,2025-06-28T10:00:00+08:00,质检员11
QI-0000313,SUP-016,MAT-0189,PO-202509-001412,2925,348,0.11897,fail,incoming,2025-07-05T01:00:00+08:00,质检员11
QI-0000314,SUP-045,MAT-0042,PO-202510-001511,3401,684,0.20112,fail,process,2025-12-13T15:00:00+08:00,质检员17
QI-0000315,SUP-010,MAT-0067,PO-202506-000489,2080,311,0.14952,fail,process,2025-09-09T05:00:00+08:00,质检员17
QI-0000316,SUP-041,MAT-0131,PO-202604-000031,349,84,0.24069,fail,process,2025-12-17T07:00:00+08:00,质检员13
QI-0000317,SUP-004,MAT-0077,PO-202509-000781,793,61,0.07692,fail,process,2025-09-06T22:00:00+08:00,质检员18
QI-0000318,SUP-050,MAT-0202,PO-202512-001043,1849,433,0.23418,fail,process,2025-11-14T18:00:00+08:00,质检员15
QI-0000319,SUP-047,MAT-0113,PO-202511-001743,1924,384,0.19958,fail,incoming,2025-08-30T13:00:00+08:00,质检员10
QI-0000320,SUP-032,MAT-0142,PO-202601-001463,1474,262,0.17775,fail,process,2026-03-16T16:00:00+08:00,质检员20
QI-0000321,SUP-017,MAT-0046,PO-202511-001670,226,5,0.02212,pass,incoming,2026-01-26T19:00:00+08:00,质检员03
QI-0000322,SUP-009,MAT-0012,PO-202602-001653,1743,147,0.08434,fail,process,2026-03-01T02:00:00+08:00,质检员02
QI-0000323,SUP-014,MAT-0211,PO-202605-001255,3212,137,0.04265,fail,final,2025-12-14T01:00:00+08:00,质检员18
QI-0000324,SUP-028,MAT-0120,PO-202508-000747,4204,549,0.13059,fail,incoming,2026-01-12T07:00:00+08:00,质检员13
QI-0000325,SUP-028,MAT-0195,PO-202510-000837,889,146,0.16423,fail,process,2025-11-28T00:00:00+08:00,质检员08
QI-0000326,SUP-059,MAT-0067,PO-202606-000565,1373,42,0.03059,fail,process,2025-09-15T13:00:00+08:00,质检员07
QI-0000327,SUP-031,MAT-0066,PO-202605-001428,1809,395,0.21835,fail,incoming,2025-06-24T20:00:00+08:00,质检员03
QI-0000328,SUP-024,MAT-0228,PO-202508-000353,483,84,0.17391,fail,final,2025-07-14T21:00:00+08:00,质检员17
QI-0000329,SUP-012,MAT-0006,PO-202508-000459,4998,682,0.13645,fail,incoming,2025-09-19T23:00:00+08:00,质检员15
QI-0000330,SUP-005,MAT-0130,PO-202507-000191,2246,325,0.1447,fail,incoming,2025-10-16T00:00:00+08:00,质检员01
QI-0000331,SUP-017,MAT-0141,PO-202604-000649,2339,62,0.02651,pass,incoming,2025-12-19T21:00:00+08:00,质检员08
QI-0000332,SUP-025,MAT-0123,PO-202605-000167,223,49,0.21973,fail,incoming,2026-06-09T21:00:00+08:00,质检员08
QI-0000333,SUP-059,MAT-0135,PO-202605-000969,1766,97,0.05493,fail,incoming,2026-01-05T11:00:00+08:00,质检员05
QI-0000334,SUP-013,MAT-0097,PO-202512-000773,3090,463,0.14984,fail,incoming,2026-05-27T22:00:00+08:00,质检员10
QI-0000335,SUP-008,MAT-0205,PO-202511-000468,2816,607,0.21555,fail,process,2026-03-22T00:00:00+08:00,质检员16
QI-0000336,SUP-036,MAT-0117,PO-202512-001311,391,55,0.14066,fail,process,2025-12-06T14:00:00+08:00,质检员02
QI-0000337,SUP-058,MAT-0164,PO-202512-000227,4565,563,0.12333,fail,incoming,2025-11-05T21:00:00+08:00,质检员12
QI-0000338,SUP-025,MAT-0065,PO-202606-001523,806,160,0.19851,fail,incoming,2025-07-02T01:00:00+08:00,质检员18
QI-0000339,SUP-030,MAT-0237,PO-202602-001244,2984,65,0.02178,pass,process,2026-03-30T06:00:00+08:00,质检员13
QI-0000340,SUP-011,MAT-0149,PO-202602-000396,1802,115,0.06382,fail,final,2026-04-15T12:00:00+08:00,质检员07
QI-0000341,SUP-042,MAT-0179,PO-202507-000657,4793,126,0.02629,pass,final,2025-08-08T10:00:00+08:00,质检员02
QI-0000342,SUP-034,MAT-0019,PO-202507-001755,3437,610,0.17748,fail,incoming,2025-07-19T08:00:00+08:00,质检员18
QI-0000343,SUP-041,MAT-0051,PO-202507-001568,4521,1052,0.23269,fail,incoming,2026-02-08T05:00:00+08:00,质检员19
QI-0000344,SUP-006,MAT-0191,PO-202508-000905,4923,1150,0.2336,fail,incoming,2025-07-21T03:00:00+08:00,质检员08
QI-0000345,SUP-030,MAT-0018,PO-202602-001342,4707,15,0.00319,pass,final,2026-05-16T19:00:00+08:00,质检员08
QI-0000346,SUP-018,MAT-0229,PO-202605-001317,4475,10,0.00223,pass,incoming,2026-01-07T00:00:00+08:00,质检员19
QI-0000347,SUP-019,MAT-0234,PO-202604-001062,4767,484,0.10153,fail,final,2025-09-19T15:00:00+08:00,质检员04
QI-0000348,SUP-045,MAT-0058,PO-202603-000465,1442,255,0.17684,fail,process,2026-06-08T15:00:00+08:00,质检员01
QI-0000349,SUP-049,MAT-0113,PO-202605-001744,451,8,0.01774,pass,incoming,2025-09-08T15:00:00+08:00,质检员13
QI-0000350,SUP-016,MAT-0105,PO-202511-000068,4744,597,0.12584,fail,process,2025-12-17T22:00:00+08:00,质检员17
QI-0000351,SUP-012,MAT-0193,PO-202512-001706,291,37,0.12715,fail,final,2026-05-06T02:00:00+08:00,质检员10
QI-0000352,SUP-055,MAT-0190,PO-202510-001377,4937,261,0.05287,fail,process,2025-09-30T14:00:00+08:00,质检员10
QI-0000353,SUP-003,MAT-0020,PO-202507-001571,3864,171,0.04425,fail,final,2025-09-19T15:00:00+08:00,质检员09
QI-0000354,SUP-058,MAT-0135,PO-202507-001003,4673,639,0.13674,fail,incoming,2025-09-28T15:00:00+08:00,质检员20
QI-0000355,SUP-033,MAT-0184,PO-202604-000350,4916,367,0.07465,fail,incoming,2026-04-11T07:00:00+08:00,质检员06
QI-0000356,SUP-023,MAT-0213,PO-202602-001363,210,10,0.04762,fail,process,2026-02-11T13:00:00+08:00,质检员08
QI-0000357,SUP-055,MAT-0188,PO-202509-000092,426,20,0.04695,fail,process,2025-09-14T07:00:00+08:00,质检员12
QI-0000358,SUP-004,MAT-0189,PO-202509-000009,4392,358,0.08151,fail,process,2025-09-30T22:00:00+08:00,质检员11
QI-0000359,SUP-016,MAT-0201,PO-202603-001582,1000,108,0.108,fail,process,2026-02-22T02:00:00+08:00,质检员17
QI-0000360,SUP-023,MAT-0154,PO-202507-001077,1915,244,0.12742,fail,final,2025-12-17T17:00:00+08:00,质检员10
QI-0000361,SUP-025,MAT-0196,PO-202511-001284,1735,337,0.19424,fail,final,2025-11-25T08:00:00+08:00,质检员12
QI-0000362,SUP-048,MAT-0192,PO-202605-000974,1614,94,0.05824,fail,final,2026-02-09T03:00:00+08:00,质检员10
QI-0000363,SUP-023,MAT-0223,PO-202605-001360,1565,150,0.09585,fail,final,2026-01-23T05:00:00+08:00,质检员19
QI-0000364,SUP-029,MAT-0014,PO-202510-001122,931,8,0.00859,pass,final,2025-07-05T02:00:00+08:00,质检员12
QI-0000365,SUP-034,MAT-0197,PO-202606-001092,4108,825,0.20083,fail,process,2026-04-07T13:00:00+08:00,质检员10
QI-0000366,SUP-006,MAT-0013,PO-202602-001690,3878,882,0.22744,fail,process,2026-03-26T15:00:00+08:00,质检员03
QI-0000367,SUP-043,MAT-0068,PO-202604-000558,1854,302,0.16289,fail,process,2025-11-03T04:00:00+08:00,质检员11
QI-0000368,SUP-002,MAT-0204,PO-202601-000376,1490,222,0.14899,fail,final,2026-03-08T05:00:00+08:00,质检员01
QI-0000369,SUP-050,MAT-0232,PO-202510-000939,2956,622,0.21042,fail,process,2026-02-15T10:00:00+08:00,质检员08
QI-0000370,SUP-031,MAT-0116,PO-202507-000374,4264,1018,0.23874,fail,final,2025-06-22T02:00:00+08:00,质检员20
QI-0000371,SUP-042,MAT-0218,PO-202603-000967,2414,129,0.05344,fail,incoming,2025-12-06T19:00:00+08:00,质检员14
QI-0000372,SUP-034,MAT-0206,PO-202605-000422,2647,509,0.19229,fail,incoming,2025-11-14T15:00:00+08:00,质检员03
QI-0000373,SUP-058,MAT-0130,PO-202511-000746,3221,344,0.1068,fail,process,2025-12-04T10:00:00+08:00,质检员13
QI-0000374,SUP-011,MAT-0021,PO-202605-001011,689,52,0.07547,fail,process,2026-05-17T03:00:00+08:00,质检员18
QI-0000375,SUP-039,MAT-0211,PO-202603-000103,1725,104,0.06029,fail,final,2026-04-23T08:00:00+08:00,质检员15
QI-0000376,SUP-025,MAT-0090,PO-202602-001352,1435,273,0.19024,fail,process,2025-10-22T03:00:00+08:00,质检员09
QI-0000377,SUP-016,MAT-0085,PO-202509-001674,1525,160,0.10492,fail,process,2025-08-24T23:00:00+08:00,质检员15
QI-0000378,SUP-017,MAT-0003,PO-202511-000619,3055,0,0.0,pass,incoming,2025-07-17T21:00:00+08:00,质检员09
QI-0000379,SUP-018,MAT-0229,PO-202506-000953,3021,27,0.00894,pass,process,2026-06-11T00:00:00+08:00,质检员12
QI-0000380,SUP-016,MAT-0106,PO-202603-000893,4819,471,0.09774,fail,incoming,2026-06-05T20:00:00+08:00,质检员14
QI-0000381,SUP-048,MAT-0158,PO-202512-000255,2268,150,0.06614,fail,process,2025-11-11T02:00:00+08:00,质检员08
QI-0000382,SUP-048,MAT-0216,PO-202512-000958,4395,206,0.04687,fail,final,2025-10-15T03:00:00+08:00,质检员12
QI-0000383,SUP-002,MAT-0048,PO-202604-000197,469,71,0.15139,fail,final,2025-12-08T08:00:00+08:00,质检员10
QI-0000384,SUP-018,MAT-0202,PO-202605-000742,3522,86,0.02442,pass,final,2026-04-20T12:00:00+08:00,质检员17
QI-0000385,SUP-037,MAT-0210,PO-202507-000530,1453,295,0.20303,fail,incoming,2025-10-13T07:00:00+08:00,质检员10
QI-0000386,SUP-042,MAT-0149,PO-202509-000397,4557,159,0.03489,fail,final,2026-06-12T06:00:00+08:00,质检员19
QI-0000387,SUP-011,MAT-0162,PO-202604-001508,4354,460,0.10565,fail,final,2026-02-05T03:00:00+08:00,质检员05
QI-0000388,SUP-039,MAT-0026,PO-202507-000552,4008,357,0.08907,fail,final,2025-10-01T03:00:00+08:00,质检员07
QI-0000389,SUP-045,MAT-0042,PO-202601-000041,3833,719,0.18758,fail,final,2026-03-10T15:00:00+08:00,质检员04
QI-0000390,SUP-024,MAT-0047,PO-202506-001254,2078,381,0.18335,fail,final,2026-01-10T02:00:00+08:00,质检员04
QI-0000391,SUP-048,MAT-0225,PO-202604-000823,667,28,0.04198,fail,process,2025-09-06T02:00:00+08:00,质检员15
QI-0000392,SUP-029,MAT-0001,PO-202509-001577,3191,77,0.02413,pass,incoming,2026-06-10T20:00:00+08:00,质检员11
QI-0000393,SUP-013,MAT-0176,PO-202601-001152,3941,575,0.1459,fail,final,2025-08-05T02:00:00+08:00,质检员13
QI-0000394,SUP-031,MAT-0158,PO-202510-001341,2497,522,0.20905,fail,incoming,2026-05-19T11:00:00+08:00,质检员05
QI-0000395,SUP-050,MAT-0063,PO-202509-001673,777,174,0.22394,fail,process,2025-10-11T09:00:00+08:00,质检员14
QI-0000396,SUP-021,MAT-0190,PO-202602-000537,4992,962,0.19271,fail,incoming,2026-05-29T19:00:00+08:00,质检员20
QI-0000397,SUP-011,MAT-0202,PO-202508-000667,3766,185,0.04912,fail,final,2026-05-21T11:00:00+08:00,质检员13
QI-0000398,SUP-055,MAT-0177,PO-202606-000367,793,41,0.0517,fail,process,2025-12-30T23:00:00+08:00,质检员03
QI-0000399,SUP-025,MAT-0020,PO-202604-001289,2670,661,0.24757,fail,process,2025-11-19T16:00:00+08:00,质检员17
QI-0000400,SUP-030,MAT-0145,PO-202602-000719,3389,0,0.0,pass,incoming,2026-01-10T02:00:00+08:00,质检员10
QI-0000401,SUP-056,MAT-0137,PO-202509-000471,2555,280,0.10959,fail,final,2025-12-03T11:00:00+08:00,质检员03
QI-0000402,SUP-054,MAT-0057,PO-202605-001406,4759,233,0.04896,fail,process,2025-10-26T21:00:00+08:00,质检员07
QI-0000403,SUP-029,MAT-0102,PO-202512-001121,3059,43,0.01406,pass,incoming,2026-01-07T06:00:00+08:00,质检员14
QI-0000404,SUP-060,MAT-0090,PO-202509-001163,3374,45,0.01334,pass,final,2026-03-29T17:00:00+08:00,质检员13
QI-0000405,SUP-041,MAT-0006,PO-202510-001527,2414,546,0.22618,fail,incoming,2025-12-14T11:00:00+08:00,质检员10
QI-0000406,SUP-006,MAT-0096,PO-202510-000955,4205,809,0.19239,fail,process,2025-12-02T02:00:00+08:00,质检员07
QI-0000407,SUP-055,MAT-0089,PO-202507-001769,2768,118,0.04263,fail,incoming,2026-02-17T12:00:00+08:00,质检员06
QI-0000408,SUP-055,MAT-0146,PO-202509-001290,4007,117,0.0292,pass,process,2026-06-07T17:00:00+08:00,质检员13
QI-0000409,SUP-026,MAT-0219,PO-202602-000106,353,55,0.15581,fail,process,2026-02-04T22:00:00+08:00,质检员20
QI-0000410,SUP-048,MAT-0131,PO-202606-001647,4333,149,0.03439,fail,final,2026-05-29T10:00:00+08:00,质检员12
QI-0000411,SUP-041,MAT-0156,PO-202605-001721,4899,1085,0.22147,fail,incoming,2026-05-26T17:00:00+08:00,质检员04
QI-0000412,SUP-028,MAT-0043,PO-202508-001417,1321,155,0.11734,fail,process,2026-05-05T22:00:00+08:00,质检员07
QI-0000413,SUP-010,MAT-0050,PO-202511-000072,3554,531,0.14941,fail,process,2025-09-14T01:00:00+08:00,质检员13
QI-0000414,SUP-026,MAT-0206,PO-202602-000913,2951,556,0.18841,fail,incoming,2025-11-02T02:00:00+08:00,质检员18
QI-0000415,SUP-053,MAT-0142,PO-202602-000311,3878,583,0.15034,fail,process,2025-07-07T19:00:00+08:00,质检员13
QI-0000416,SUP-046,MAT-0120,PO-202506-000897,2590,245,0.09459,fail,incoming,2025-07-17T13:00:00+08:00,质检员04
QI-0000417,SUP-005,MAT-0130,PO-202512-001221,2832,368,0.12994,fail,process,2026-05-30T01:00:00+08:00,质检员14
QI-0000418,SUP-012,MAT-0042,PO-202604-000485,4491,661,0.14718,fail,incoming,2026-04-09T10:00:00+08:00,质检员05
QI-0000419,SUP-034,MAT-0030,PO-202605-000771,1996,396,0.1984,fail,process,2025-08-19T15:00:00+08:00,质检员07
QI-0000420,SUP-013,MAT-0131,PO-202604-000123,1391,239,0.17182,fail,incoming,2026-04-23T22:00:00+08:00,质检员19
QI-0000421,SUP-012,MAT-0137,PO-202604-000592,1681,255,0.1517,fail,incoming,2026-06-08T04:00:00+08:00,质检员08
QI-0000422,SUP-008,MAT-0205,PO-202605-000946,2801,601,0.21457,fail,process,2025-09-18T19:00:00+08:00,质检员09
QI-0000423,SUP-004,MAT-0077,PO-202603-001198,4584,430,0.0938,fail,process,2025-12-15T02:00:00+08:00,质检员15
QI-0000424,SUP-033,MAT-0105,PO-202507-001755,3843,356,0.09264,fail,final,2025-10-20T02:00:00+08:00,质检员14
QI-0000425,SUP-007,MAT-0064,PO-202510-000528,2264,220,0.09717,fail,incoming,2025-12-03T23:00:00+08:00,质检员07
QI-0000426,SUP-054,MAT-0215,PO-202507-001531,289,17,0.05882,fail,final,2025-11-24T05:00:00+08:00,质检员16
QI-0000427,SUP-053,MAT-0066,PO-202511-000305,680,96,0.14118,fail,process,2025-09-22T03:00:00+08:00,质检员12
QI-0000428,SUP-024,MAT-0207,PO-202604-000409,3874,744,0.19205,fail,process,2026-02-09T22:00:00+08:00,质检员19
QI-0000429,SUP-029,MAT-0073,PO-202511-000672,4736,207,0.04371,fail,process,2026-03-04T23:00:00+08:00,质检员17
QI-0000430,SUP-018,MAT-0199,PO-202510-001005,703,25,0.03556,fail,final,2026-04-05T12:00:00+08:00,质检员16
QI-0000431,SUP-059,MAT-0021,PO-202508-000770,4938,252,0.05103,fail,final,2025-08-21T07:00:00+08:00,质检员13
QI-0000432,SUP-051,MAT-0183,PO-202511-000358,3703,876,0.23656,fail,final,2025-10-09T20:00:00+08:00,质检员06
QI-0000433,SUP-042,MAT-0028,PO-202605-001567,4588,166,0.03618,fail,incoming,2026-05-26T18:00:00+08:00,质检员16
QI-0000434,SUP-014,MAT-0115,PO-202508-001490,206,2,0.00971,pass,process,2025-12-30T23:00:00+08:00,质检员06
QI-0000435,SUP-059,MAT-0067,PO-202509-000941,4618,170,0.03681,fail,incoming,2025-09-02T21:00:00+08:00,质检员18
QI-0000436,SUP-032,MAT-0087,PO-202510-000818,2024,324,0.16008,fail,final,2026-02-09T17:00:00+08:00,质检员05
QI-0000437,SUP-025,MAT-0057,PO-202507-001239,380,73,0.19211,fail,incoming,2026-05-20T16:00:00+08:00,质检员13
QI-0000438,SUP-020,MAT-0179,PO-202509-001035,1646,204,0.12394,fail,final,2025-06-28T15:00:00+08:00,质检员15
QI-0000439,SUP-054,MAT-0187,PO-202509-000378,3163,65,0.02055,pass,final,2025-07-26T18:00:00+08:00,质检员18
QI-0000440,SUP-050,MAT-0111,PO-202604-001434,3332,761,0.22839,fail,process,2026-02-28T13:00:00+08:00,质检员05
QI-0000441,SUP-019,MAT-0119,PO-202510-001726,1736,271,0.15611,fail,final,2025-11-29T17:00:00+08:00,质检员14
QI-0000442,SUP-054,MAT-0081,PO-202511-000728,4700,122,0.02596,pass,incoming,2026-03-02T16:00:00+08:00,质检员16
QI-0000443,SUP-044,MAT-0190,PO-202511-000961,1373,115,0.08376,fail,process,2026-03-22T22:00:00+08:00,质检员20
QI-0000444,SUP-008,MAT-0072,PO-202604-000050,754,176,0.23342,fail,incoming,2026-02-19T06:00:00+08:00,质检员01
QI-0000445,SUP-039,MAT-0143,PO-202605-001567,4876,297,0.06091,fail,process,2025-12-21T12:00:00+08:00,质检员11
QI-0000446,SUP-013,MAT-0159,PO-202510-000299,2499,392,0.15686,fail,incoming,2026-03-02T04:00:00+08:00,质检员10
QI-0000447,SUP-060,MAT-0156,PO-202601-001763,2097,63,0.03004,fail,process,2026-02-14T15:00:00+08:00,质检员06
QI-0000448,SUP-008,MAT-0072,PO-202507-000141,1105,244,0.22081,fail,process,2026-02-14T07:00:00+08:00,质检员18
QI-0000449,SUP-031,MAT-0066,PO-202510-000299,3826,766,0.20021,fail,incoming,2026-05-24T14:00:00+08:00,质检员07
QI-0000450,SUP-013,MAT-0159,PO-202507-000036,3746,589,0.15723,fail,process,2025-06-24T06:00:00+08:00,质检员14
QI-0000451,SUP-008,MAT-0082,PO-202509-000910,4758,1086,0.22825,fail,process,2025-07-27T15:00:00+08:00,质检员13
QI-0000452,SUP-024,MAT-0208,PO-202606-001647,3055,597,0.19542,fail,incoming,2025-12-05T23:00:00+08:00,质检员01
QI-0000453,SUP-025,MAT-0196,PO-202605-000043,774,155,0.20026,fail,process,2025-12-23T07:00:00+08:00,质检员12
QI-0000454,SUP-052,MAT-0191,PO-202507-000495,2507,148,0.05903,fail,final,2025-11-07T12:00:00+08:00,质检员16
QI-0000455,SUP-026,MAT-0163,PO-202604-001513,4851,863,0.1779,fail,process,2026-03-24T08:00:00+08:00,质检员17
QI-0000456,SUP-022,MAT-0180,PO-202605-000007,2423,209,0.08626,fail,process,2025-10-01T01:00:00+08:00,质检员06
QI-0000457,SUP-010,MAT-0026,PO-202512-000268,2982,364,0.12207,fail,final,2025-10-03T22:00:00+08:00,质检员20
QI-0000458,SUP-049,MAT-0039,PO-202509-000302,3966,68,0.01715,pass,process,2025-07-15T14:00:00+08:00,质检员14
QI-0000459,SUP-056,MAT-0073,PO-202512-000845,2191,175,0.07987,fail,process,2026-04-27T21:00:00+08:00,质检员02
QI-0000460,SUP-030,MAT-0067,PO-202509-000634,2279,91,0.03993,fail,final,2025-08-01T05:00:00+08:00,质检员04
QI-0000461,SUP-030,MAT-0121,PO-202511-000574,1746,46,0.02635,pass,incoming,2026-05-04T12:00:00+08:00,质检员08
QI-0000462,SUP-051,MAT-0194,PO-202604-001776,4346,847,0.19489,fail,incoming,2026-02-24T13:00:00+08:00,质检员02
QI-0000463,SUP-031,MAT-0004,PO-202601-001584,1877,433,0.23069,fail,process,2025-11-01T15:00:00+08:00,质检员03
QI-0000464,SUP-007,MAT-0080,PO-202509-001404,180,15,0.08333,fail,incoming,2026-01-10T03:00:00+08:00,质检员11
QI-0000465,SUP-009,MAT-0168,PO-202601-001384,1325,115,0.08679,fail,final,2025-06-20T11:00:00+08:00,质检员15
QI-0000466,SUP-058,MAT-0010,PO-202507-001275,387,54,0.13953,fail,final,2025-08-21T20:00:00+08:00,质检员15
QI-0000467,SUP-051,MAT-0036,PO-202605-001208,3749,925,0.24673,fail,process,2026-06-14T10:00:00+08:00,质检员18
QI-0000468,SUP-009,MAT-0169,PO-202507-001251,272,29,0.10662,fail,final,2026-02-09T03:00:00+08:00,质检员20
QI-0000469,SUP-021,MAT-0164,PO-202506-000611,3778,647,0.17125,fail,final,2025-11-15T13:00:00+08:00,质检员08
QI-0000470,SUP-052,MAT-0007,PO-202604-000062,968,89,0.09194,fail,incoming,2025-10-31T00:00:00+08:00,质检员03
QI-0000471,SUP-049,MAT-0181,PO-202507-000536,4889,151,0.03089,fail,final,2025-10-15T11:00:00+08:00,质检员06
QI-0000472,SUP-023,MAT-0080,PO-202603-000729,1887,116,0.06147,fail,process,2026-05-10T12:00:00+08:00,质检员05
QI-0000473,SUP-001,MAT-0204,PO-202606-001523,4202,759,0.18063,fail,final,2025-07-14T03:00:00+08:00,质检员12
QI-0000474,SUP-009,MAT-0152,PO-202601-001610,3472,485,0.13969,fail,incoming,2025-07-13T19:00:00+08:00,质检员11
QI-0000475,SUP-047,MAT-0222,PO-202603-001659,2995,585,0.19533,fail,process,2025-09-30T13:00:00+08:00,质检员10
QI-0000476,SUP-027,MAT-0034,PO-202509-000181,4514,1067,0.23638,fail,process,2026-05-09T18:00:00+08:00,质检员14
QI-0000477,SUP-055,MAT-0190,PO-202601-001418,635,0,0.0,pass,final,2025-11-22T17:00:00+08:00,质检员18
QI-0000478,SUP-039,MAT-0113,PO-202507-000193,3699,222,0.06002,fail,incoming,2025-09-25T14:00:00+08:00,质检员04
QI-0000479,SUP-025,MAT-0183,PO-202509-001047,3519,707,0.20091,fail,process,2025-10-27T03:00:00+08:00,质检员06
QI-0000480,SUP-053,MAT-0238,PO-202601-001103,1952,228,0.1168,fail,process,2025-11-26T04:00:00+08:00,质检员17
QI-0000481,SUP-023,MAT-0034,PO-202605-000942,2761,274,0.09924,fail,process,2026-04-30T23:00:00+08:00,质检员05
QI-0000482,SUP-011,MAT-0137,PO-202603-000103,3695,292,0.07903,fail,final,2026-01-20T00:00:00+08:00,质检员20
QI-0000483,SUP-054,MAT-0057,PO-202511-000707,3309,122,0.03687,fail,process,2025-09-22T09:00:00+08:00,质检员16
QI-0000484,SUP-011,MAT-0080,PO-202605-000488,603,57,0.09453,fail,final,2025-08-05T04:00:00+08:00,质检员07
QI-0000485,SUP-014,MAT-0182,PO-202510-000852,4589,226,0.04925,fail,incoming,2025-08-03T13:00:00+08:00,质检员01
QI-0000486,SUP-035,MAT-0181,PO-202604-001781,1690,134,0.07929,fail,incoming,2025-08-11T14:00:00+08:00,质检员04
QI-0000487,SUP-035,MAT-0218,PO-202601-000091,1923,178,0.09256,fail,final,2026-05-09T20:00:00+08:00,质检员15
QI-0000488,SUP-015,MAT-0106,PO-202606-001647,1404,287,0.20442,fail,final,2026-02-10T06:00:00+08:00,质检员04
QI-0000489,SUP-012,MAT-0208,PO-202506-001259,663,93,0.14027,fail,process,2026-06-14T20:00:00+08:00,质检员03
QI-0000490,SUP-006,MAT-0005,PO-202603-001151,298,58,0.19463,fail,process,2025-11-25T10:00:00+08:00,质检员19
QI-0000491,SUP-009,MAT-0169,PO-202606-000130,1958,231,0.11798,fail,process,2026-04-30T05:00:00+08:00,质检员14
QI-0000492,SUP-014,MAT-0115,PO-202602-001546,1337,19,0.01421,pass,process,2026-01-31T16:00:00+08:00,质检员05
QI-0000493,SUP-042,MAT-0218,PO-202506-001160,4830,206,0.04265,fail,process,2026-03-02T21:00:00+08:00,质检员08
QI-0000494,SUP-011,MAT-0108,PO-202604-000416,3256,183,0.0562,fail,incoming,2025-08-29T22:00:00+08:00,质检员13
QI-0000495,SUP-014,MAT-0071,PO-202509-000854,773,16,0.0207,pass,final,2025-11-15T01:00:00+08:00,质检员04
QI-0000496,SUP-045,MAT-0207,PO-202606-000686,3201,637,0.199,fail,incoming,2026-03-05T20:00:00+08:00,质检员04
QI-0000497,SUP-027,MAT-0125,PO-202604-001435,2748,650,0.23654,fail,incoming,2025-08-26T11:00:00+08:00,质检员08
QI-0000498,SUP-026,MAT-0163,PO-202511-000487,647,103,0.1592,fail,incoming,2025-10-21T12:00:00+08:00,质检员01
QI-0000499,SUP-037,MAT-0234,PO-202509-001125,580,129,0.22241,fail,process,2025-10-13T07:00:00+08:00,质检员15
QI-0000500,SUP-028,MAT-0197,PO-202602-000133,1064,136,0.12782,fail,final,2025-07-22T02:00:00+08:00,质检员17
QI-0000501,SUP-041,MAT-0205,PO-202508-001269,942,220,0.23355,fail,incoming,2025-09-28T16:00:00+08:00,质检员04
QI-0000502,SUP-050,MAT-0164,PO-202605-000834,1461,373,0.2553,fail,process,2025-07-25T15:00:00+08:00,质检员06
QI-0000503,SUP-006,MAT-0079,PO-202508-000916,2647,531,0.2006,fail,process,2025-11-10T06:00:00+08:00,质检员07
QI-0000504,SUP-047,MAT-0066,PO-202509-001682,4625,900,0.19459,fail,process,2025-12-12T21:00:00+08:00,质检员03
QI-0000505,SUP-030,MAT-0145,PO-202507-000369,4512,24,0.00532,pass,final,2025-08-29T04:00:00+08:00,质检员05
QI-0000506,SUP-021,MAT-0213,PO-202605-001320,304,55,0.18092,fail,process,2026-02-13T20:00:00+08:00,质检员15
QI-0000507,SUP-046,MAT-0216,PO-202511-000026,2483,252,0.10149,fail,process,2025-08-23T16:00:00+08:00,质检员07
QI-0000508,SUP-043,MAT-0151,PO-202510-001644,2270,363,0.15991,fail,final,2026-01-12T20:00:00+08:00,质检员01
QI-0000509,SUP-019,MAT-0060,PO-202606-000130,1401,124,0.08851,fail,process,2025-08-01T17:00:00+08:00,质检员06
QI-0000510,SUP-035,MAT-0032,PO-202602-000118,846,99,0.11702,fail,final,2025-07-22T06:00:00+08:00,质检员20
QI-0000511,SUP-019,MAT-0157,PO-202510-001156,1171,183,0.15628,fail,process,2025-12-16T09:00:00+08:00,质检员09
QI-0000512,SUP-014,MAT-0069,PO-202601-000261,2927,70,0.02392,pass,incoming,2025-07-09T17:00:00+08:00,质检员03
QI-0000513,SUP-048,MAT-0158,PO-202506-001259,4559,344,0.07546,fail,process,2026-03-27T05:00:00+08:00,质检员15
QI-0000514,SUP-042,MAT-0234,PO-202507-000582,3652,137,0.03751,fail,process,2026-01-11T20:00:00+08:00,质检员15
QI-0000515,SUP-023,MAT-0231,PO-202506-000736,1602,148,0.09238,fail,final,2026-02-05T02:00:00+08:00,质检员17
QI-0000516,SUP-051,MAT-0213,PO-202508-001322,860,179,0.20814,fail,process,2025-11-07T03:00:00+08:00,质检员19
QI-0000517,SUP-014,MAT-0078,PO-202511-000458,4330,122,0.02818,pass,process,2026-03-14T01:00:00+08:00,质检员17
QI-0000518,SUP-005,MAT-0082,PO-202605-000768,354,55,0.15537,fail,incoming,2026-03-19T03:00:00+08:00,质检员02
QI-0000519,SUP-050,MAT-0035,PO-202606-001181,1922,453,0.23569,fail,incoming,2025-07-12T13:00:00+08:00,质检员19
QI-0000520,SUP-042,MAT-0224,PO-202604-001136,2587,136,0.05257,fail,process,2026-01-25T23:00:00+08:00,质检员04
QI-0000521,SUP-012,MAT-0006,PO-202605-001360,1784,257,0.14406,fail,incoming,2025-10-06T16:00:00+08:00,质检员05
QI-0000522,SUP-060,MAT-0111,PO-202602-000716,424,29,0.0684,fail,incoming,2026-01-23T22:00:00+08:00,质检员17
QI-0000523,SUP-045,MAT-0075,PO-202606-001314,4433,822,0.18543,fail,final,2025-10-17T20:00:00+08:00,质检员17
QI-0000524,SUP-027,MAT-0020,PO-202602-000689,2152,550,0.25558,fail,incoming,2025-09-02T00:00:00+08:00,质检员04
QI-0000525,SUP-032,MAT-0200,PO-202511-000574,2024,339,0.16749,fail,final,2026-01-19T16:00:00+08:00,质检员15
QI-0000526,SUP-060,MAT-0057,PO-202510-001791,929,23,0.02476,pass,final,2025-12-26T10:00:00+08:00,质检员17
QI-0000527,SUP-010,MAT-0026,PO-202606-000800,3577,390,0.10903,fail,process,2026-01-19T03:00:00+08:00,质检员05
QI-0000528,SUP-053,MAT-0135,PO-202506-001415,3760,566,0.15053,fail,process,2025-09-11T08:00:00+08:00,质检员14
QI-0000529,SUP-028,MAT-0110,PO-202603-000880,4141,513,0.12388,fail,incoming,2026-03-20T14:00:00+08:00,质检员05
QI-0000530,SUP-025,MAT-0064,PO-202605-000553,4886,883,0.18072,fail,final,2025-06-27T02:00:00+08:00,质检员11
QI-0000531,SUP-010,MAT-0050,PO-202606-000735,3689,540,0.14638,fail,final,2025-10-17T17:00:00+08:00,质检员14
QI-0000532,SUP-037,MAT-0100,PO-202603-001548,1370,297,0.21679,fail,incoming,2025-08-31T12:00:00+08:00,质检员16
QI-0000533,SUP-007,MAT-0097,PO-202508-001683,4071,285,0.07001,fail,incoming,2026-01-25T12:00:00+08:00,质检员01
QI-0000534,SUP-007,MAT-0102,PO-202605-000573,460,45,0.09783,fail,final,2025-07-29T11:00:00+08:00,质检员01
QI-0000535,SUP-027,MAT-0203,PO-202604-001497,1239,256,0.20662,fail,process,2025-07-04T14:00:00+08:00,质检员09
QI-0000536,SUP-055,MAT-0120,PO-202508-001503,2000,112,0.056,fail,process,2026-03-15T06:00:00+08:00,质检员17
QI-0000537,SUP-039,MAT-0226,PO-202605-001170,4722,380,0.08047,fail,final,2026-01-05T21:00:00+08:00,质检员09
QI-0000538,SUP-029,MAT-0142,PO-202604-000306,3496,92,0.02632,pass,incoming,2025-09-03T12:00:00+08:00,质检员05
QI-0000539,SUP-032,MAT-0088,PO-202601-000847,3031,481,0.15869,fail,incoming,2026-05-20T16:00:00+08:00,质检员16
QI-0000540,SUP-035,MAT-0213,PO-202602-000056,174,17,0.0977,fail,final,2026-03-01T07:00:00+08:00,质检员15
QI-0000541,SUP-043,MAT-0165,PO-202604-000453,3134,478,0.15252,fail,incoming,2026-03-05T00:00:00+08:00,质检员15
QI-0000542,SUP-058,MAT-0054,PO-202508-001291,3338,360,0.10785,fail,process,2025-07-27T11:00:00+08:00,质检员06
QI-0000543,SUP-029,MAT-0002,PO-202509-001786,1842,26,0.01412,pass,final,2025-12-01T13:00:00+08:00,质检员02
QI-0000544,SUP-003,MAT-0157,PO-202603-001057,4628,264,0.05704,fail,incoming,2025-10-19T16:00:00+08:00,质检员19
QI-0000545,SUP-017,MAT-0153,PO-202601-001030,484,6,0.0124,pass,process,2025-12-11T08:00:00+08:00,质检员01
QI-0000546,SUP-030,MAT-0002,PO-202508-001322,2519,26,0.01032,pass,final,2025-10-25T03:00:00+08:00,质检员01
QI-0000547,SUP-054,MAT-0081,PO-202510-000708,1085,77,0.07097,fail,incoming,2026-05-23T19:00:00+08:00,质检员16
QI-0000548,SUP-014,MAT-0176,PO-202510-001728,2784,99,0.03556,fail,final,2025-12-09T07:00:00+08:00,质检员02
QI-0000549,SUP-055,MAT-0121,PO-202509-000658,1639,107,0.06528,fail,final,2026-01-29T19:00:00+08:00,质检员02
QI-0000550,SUP-028,MAT-0232,PO-202602-000719,2658,309,0.11625,fail,final,2025-09-19T16:00:00+08:00,质检员20
QI-0000551,SUP-038,MAT-0015,PO-202601-000258,2236,422,0.18873,fail,incoming,2025-07-06T11:00:00+08:00,质检员04
QI-0000552,SUP-057,MAT-0057,PO-202603-001238,3406,343,0.1007,fail,process,2025-07-13T08:00:00+08:00,质检员18
QI-0000553,SUP-047,MAT-0113,PO-202508-001128,913,188,0.20591,fail,incoming,2025-12-20T10:00:00+08:00,质检员11
QI-0000554,SUP-025,MAT-0196,PO-202509-000097,4572,953,0.20844,fail,final,2025-06-19T12:00:00+08:00,质检员03
QI-0000555,SUP-029,MAT-0044,PO-202601-000551,486,1,0.00206,pass,process,2026-05-23T17:00:00+08:00,质检员02
QI-0000556,SUP-028,MAT-0120,PO-202601-001630,4135,457,0.11052,fail,incoming,2026-04-22T14:00:00+08:00,质检员12
QI-0000557,SUP-025,MAT-0076,PO-202603-000440,2971,606,0.20397,fail,process,2026-05-28T09:00:00+08:00,质检员14
QI-0000558,SUP-042,MAT-0169,PO-202508-000517,4749,164,0.03453,fail,incoming,2026-03-16T12:00:00+08:00,质检员18
QI-0000559,SUP-042,MAT-0028,PO-202602-000240,166,10,0.06024,fail,final,2026-03-07T03:00:00+08:00,质检员19
QI-0000560,SUP-046,MAT-0037,PO-202606-000686,476,37,0.07773,fail,process,2026-06-02T23:00:00+08:00,质检员16
QI-0000561,SUP-059,MAT-0067,PO-202507-001778,1321,63,0.04769,fail,incoming,2026-04-02T19:00:00+08:00,质检员18
QI-0000562,SUP-011,MAT-0045,PO-202601-001516,3887,311,0.08001,fail,incoming,2025-11-01T08:00:00+08:00,质检员08
QI-0000563,SUP-011,MAT-0183,PO-202512-001380,1066,82,0.07692,fail,incoming,2025-10-09T08:00:00+08:00,质检员01
QI-0000564,SUP-053,MAT-0066,PO-202601-001519,1654,220,0.13301,fail,incoming,2025-08-28T12:00:00+08:00,质检员16
QI-0000565,SUP-036,MAT-0028,PO-202506-001505,658,104,0.15805,fail,final,2025-11-11T18:00:00+08:00,质检员07
QI-0000566,SUP-003,MAT-0009,PO-202509-000232,764,44,0.05759,fail,process,2026-01-11T14:00:00+08:00,质检员11
QI-0000567,SUP-029,MAT-0044,PO-202507-001275,4204,0,0.0,pass,incoming,2025-07-11T22:00:00+08:00,质检员17
QI-0000568,SUP-045,MAT-0024,PO-202605-001559,459,85,0.18519,fail,final,2025-11-19T00:00:00+08:00,质检员02
QI-0000569,SUP-007,MAT-0010,PO-202511-000795,3393,349,0.10286,fail,final,2025-07-06T14:00:00+08:00,质检员14
QI-0000570,SUP-036,MAT-0117,PO-202606-000565,2506,392,0.15642,fail,process,2026-01-10T13:00:00+08:00,质检员17
QI-0000571,SUP-018,MAT-0194,PO-202601-000952,3286,64,0.01948,pass,process,2026-02-18T00:00:00+08:00,质检员01
QI-0000572,SUP-005,MAT-0006,PO-202509-000476,2003,299,0.14928,fail,process,2025-07-22T23:00:00+08:00,质检员10
QI-0000573,SUP-028,MAT-0120,PO-202509-001175,629,66,0.10493,fail,process,2026-01-03T06:00:00+08:00,质检员07
QI-0000574,SUP-030,MAT-0186,PO-202506-001505,195,4,0.02051,pass,final,2025-06-25T03:00:00+08:00,质检员01
QI-0000575,SUP-007,MAT-0080,PO-202604-000189,428,38,0.08879,fail,incoming,2025-08-10T04:00:00+08:00,质检员19
QI-0000576,SUP-003,MAT-0095,PO-202605-001055,335,14,0.04179,fail,incoming,2025-12-12T03:00:00+08:00,质检员03
QI-0000577,SUP-024,MAT-0088,PO-202506-000897,4784,974,0.2036,fail,incoming,2025-09-12T02:00:00+08:00,质检员13
QI-0000578,SUP-031,MAT-0073,PO-202507-000963,636,136,0.21384,fail,incoming,2026-06-09T02:00:00+08:00,质检员01
QI-0000579,SUP-042,MAT-0028,PO-202606-001026,252,8,0.03175,fail,incoming,2026-03-19T11:00:00+08:00,质检员11
QI-0000580,SUP-023,MAT-0232,PO-202509-000009,3494,302,0.08643,fail,incoming,2025-08-06T10:00:00+08:00,质检员06
QI-0000581,SUP-031,MAT-0004,PO-202511-001442,1725,344,0.19942,fail,process,2025-10-11T23:00:00+08:00,质检员07
QI-0000582,SUP-050,MAT-0164,PO-202509-000117,1149,278,0.24195,fail,incoming,2025-11-28T06:00:00+08:00,质检员06
QI-0000583,SUP-051,MAT-0194,PO-202507-000846,2295,506,0.22048,fail,process,2025-08-25T03:00:00+08:00,质检员08
QI-0000584,SUP-045,MAT-0042,PO-202509-001468,1548,252,0.16279,fail,final,2026-04-16T07:00:00+08:00,质检员04
QI-0000585,SUP-031,MAT-0007,PO-202507-000239,1059,239,0.22568,fail,final,2025-11-12T07:00:00+08:00,质检员02
QI-0000586,SUP-052,MAT-0141,PO-202508-000636,3571,133,0.03724,fail,incoming,2025-11-28T18:00:00+08:00,质检员06
QI-0000587,SUP-030,MAT-0140,PO-202510-000352,1189,10,0.00841,pass,process,2025-09-10T11:00:00+08:00,质检员02
QI-0000588,SUP-048,MAT-0001,PO-202603-000602,3989,209,0.05239,fail,process,2026-04-28T22:00:00+08:00,质检员15
QI-0000589,SUP-022,MAT-0106,PO-202512-000864,2331,195,0.08366,fail,process,2026-06-14T15:00:00+08:00,质检员07
QI-0000590,SUP-037,MAT-0061,PO-202606-001065,1015,201,0.19803,fail,final,2025-07-03T05:00:00+08:00,质检员13
QI-0000591,SUP-022,MAT-0069,PO-202604-000146,4718,291,0.06168,fail,process,2025-12-04T16:00:00+08:00,质检员17
QI-0000592,SUP-016,MAT-0207,PO-202606-000557,698,87,0.12464,fail,incoming,2026-06-11T06:00:00+08:00,质检员03
QI-0000593,SUP-031,MAT-0205,PO-202602-000056,3466,640,0.18465,fail,final,2025-10-06T14:00:00+08:00,质检员01
QI-0000594,SUP-056,MAT-0144,PO-202510-001441,2838,245,0.08633,fail,process,2026-04-13T03:00:00+08:00,质检员20
QI-0000595,SUP-045,MAT-0075,PO-202602-001265,1149,212,0.18451,fail,process,2025-10-05T06:00:00+08:00,质检员06
QI-0000596,SUP-031,MAT-0066,PO-202603-000717,2818,520,0.18453,fail,final,2025-10-18T08:00:00+08:00,质检员13
QI-0000597,SUP-017,MAT-0097,PO-202603-000555,3395,7,0.00206,pass,incoming,2025-07-19T16:00:00+08:00,质检员08
QI-0000598,SUP-020,MAT-0169,PO-202602-000133,1269,144,0.11348,fail,process,2026-03-09T09:00:00+08:00,质检员19
QI-0000599,SUP-012,MAT-0157,PO-202508-001069,3765,466,0.12377,fail,process,2026-04-25T14:00:00+08:00,质检员08
QI-0000600,SUP-022,MAT-0058,PO-202604-000962,3944,236,0.05984,fail,process,2025-12-14T03:00:00+08:00,质检员04
QI-0000601,SUP-018,MAT-0183,PO-202507-000581,141,1,0.00709,pass,incoming,2026-06-09T21:00:00+08:00,质检员11
QI-0000602,SUP-006,MAT-0029,PO-202510-001433,4319,962,0.22274,fail,incoming,2026-01-01T13:00:00+08:00,质检员14
QI-0000603,SUP-049,MAT-0230,PO-202602-001758,1770,16,0.00904,pass,incoming,2026-03-03T15:00:00+08:00,质检员06
QI-0000604,SUP-009,MAT-0126,PO-202602-000929,3642,435,0.11944,fail,incoming,2026-02-24T16:00:00+08:00,质检员11
QI-0000605,SUP-032,MAT-0065,PO-202604-001394,154,28,0.18182,fail,process,2026-03-26T04:00:00+08:00,质检员01
QI-0000606,SUP-026,MAT-0101,PO-202512-001587,767,118,0.15385,fail,final,2025-09-13T06:00:00+08:00,质检员07
QI-0000607,SUP-051,MAT-0224,PO-202602-001758,1294,299,0.23107,fail,final,2025-09-08T05:00:00+08:00,质检员13
QI-0000608,SUP-050,MAT-0194,PO-202511-001743,638,146,0.22884,fail,incoming,2025-11-20T00:00:00+08:00,质检员20
QI-0000609,SUP-041,MAT-0104,PO-202506-000384,777,177,0.2278,fail,final,2026-05-21T14:00:00+08:00,质检员04
QI-0000610,SUP-005,MAT-0065,PO-202604-001014,3078,477,0.15497,fail,final,2026-05-15T18:00:00+08:00,质检员20
QI-0000611,SUP-013,MAT-0099,PO-202604-000627,3465,463,0.13362,fail,final,2026-06-14T04:00:00+08:00,质检员11
QI-0000612,SUP-060,MAT-0057,PO-202512-001364,2515,128,0.05089,fail,process,2025-12-31T13:00:00+08:00,质检员13
QI-0000613,SUP-022,MAT-0209,PO-202508-000022,1778,135,0.07593,fail,incoming,2026-02-04T00:00:00+08:00,质检员20
QI-0000614,SUP-042,MAT-0103,PO-202511-001245,3533,177,0.0501,fail,process,2025-11-07T17:00:00+08:00,质检员16
QI-0000615,SUP-050,MAT-0033,PO-202512-000054,4504,1008,0.2238,fail,process,2026-03-31T14:00:00+08:00,质检员02
QI-0000616,SUP-050,MAT-0063,PO-202509-000339,4611,1174,0.25461,fail,incoming,2026-05-23T02:00:00+08:00,质检员02
QI-0000617,SUP-040,MAT-0186,PO-202601-000093,3072,318,0.10352,fail,incoming,2025-08-31T22:00:00+08:00,质检员11
QI-0000618,SUP-050,MAT-0033,PO-202603-000085,3737,891,0.23843,fail,process,2025-09-26T20:00:00+08:00,质检员01
QI-0000619,SUP-005,MAT-0006,PO-202511-000821,4342,581,0.13381,fail,final,2025-08-28T03:00:00+08:00,质检员13
QI-0000620,SUP-038,MAT-0136,PO-202511-000088,502,92,0.18327,fail,process,2026-05-21T19:00:00+08:00,质检员13
QI-0000621,SUP-039,MAT-0026,PO-202511-001485,2447,186,0.07601,fail,process,2026-02-02T22:00:00+08:00,质检员12
QI-0000622,SUP-051,MAT-0060,PO-202506-001538,4343,961,0.22128,fail,process,2025-12-04T01:00:00+08:00,质检员09
QI-0000623,SUP-012,MAT-0209,PO-202601-000757,3893,575,0.1477,fail,process,2025-11-08T15:00:00+08:00,质检员03
QI-0000624,SUP-057,MAT-0120,PO-202604-001658,3467,269,0.07759,fail,process,2025-09-13T17:00:00+08:00,质检员13
QI-0000625,SUP-047,MAT-0129,PO-202511-000613,2991,595,0.19893,fail,incoming,2026-01-30T01:00:00+08:00,质检员08
QI-0000626,SUP-007,MAT-0064,PO-202606-000087,3470,262,0.0755,fail,incoming,2025-08-10T14:00:00+08:00,质检员18
QI-0000627,SUP-013,MAT-0071,PO-202509-001169,4563,689,0.151,fail,final,2026-02-09T02:00:00+08:00,质检员07
QI-0000628,SUP-009,MAT-0057,PO-202509-001412,1056,101,0.09564,fail,process,2025-11-21T13:00:00+08:00,质检员16
QI-0000629,SUP-032,MAT-0065,PO-202604-000610,61,10,0.16393,fail,process,2026-04-26T07:00:00+08:00,质检员16
QI-0000630,SUP-060,MAT-0057,PO-202510-000711,3829,220,0.05746,fail,incoming,2026-04-10T01:00:00+08:00,质检员15
QI-0000631,SUP-054,MAT-0027,PO-202605-001255,4186,186,0.04443,fail,final,2026-04-06T23:00:00+08:00,质检员16
QI-0000632,SUP-035,MAT-0123,PO-202603-000079,1828,139,0.07604,fail,process,2026-01-08T10:00:00+08:00,质检员18
QI-0000633,SUP-037,MAT-0013,PO-202604-000320,4155,844,0.20313,fail,process,2025-09-30T19:00:00+08:00,质检员20
QI-0000634,SUP-006,MAT-0079,PO-202605-001280,3440,724,0.21047,fail,process,2025-08-03T19:00:00+08:00,质检员17
QI-0000635,SUP-018,MAT-0116,PO-202511-000575,1618,51,0.03152,fail,final,2025-10-03T23:00:00+08:00,质检员04
QI-0000636,SUP-017,MAT-0141,PO-202605-000890,2413,62,0.02569,pass,process,2026-04-02T00:00:00+08:00,质检员19
QI-0000637,SUP-023,MAT-0185,PO-202509-001636,2055,189,0.09197,fail,incoming,2026-02-12T21:00:00+08:00,质检员15
QI-0000638,SUP-047,MAT-0222,PO-202606-001120,3552,638,0.17962,fail,final,2025-11-28T16:00:00+08:00,质检员04
QI-0000639,SUP-015,MAT-0226,PO-202509-000991,2994,535,0.17869,fail,final,2025-06-28T13:00:00+08:00,质检员15
QI-0000640,SUP-050,MAT-0202,PO-202511-000271,4931,1151,0.23342,fail,process,2025-11-22T08:00:00+08:00,质检员02
QI-0000641,SUP-027,MAT-0096,PO-202605-000484,2469,598,0.2422,fail,incoming,2025-10-11T07:00:00+08:00,质检员18
QI-0000642,SUP-047,MAT-0189,PO-202512-000703,4462,869,0.19476,fail,incoming,2026-02-26T13:00:00+08:00,质检员02
QI-0000643,SUP-053,MAT-0024,PO-202604-000466,387,49,0.12661,fail,final,2025-12-25T19:00:00+08:00,质检员19
QI-0000644,SUP-059,MAT-0051,PO-202601-000059,2355,150,0.06369,fail,process,2025-10-06T09:00:00+08:00,质检员10
QI-0000645,SUP-058,MAT-0094,PO-202602-000133,3269,382,0.11686,fail,incoming,2026-01-30T18:00:00+08:00,质检员01
QI-0000646,SUP-053,MAT-0142,PO-202604-000264,1018,131,0.12868,fail,process,2026-03-31T22:00:00+08:00,质检员02
QI-0000647,SUP-032,MAT-0154,PO-202601-001549,3273,509,0.15551,fail,process,2025-07-30T14:00:00+08:00,质检员19
QI-0000648,SUP-045,MAT-0103,PO-202512-001171,2383,546,0.22912,fail,incoming,2025-10-02T23:00:00+08:00,质检员17
QI-0000649,SUP-026,MAT-0219,PO-202510-000523,2231,483,0.21649,fail,incoming,2025-08-11T17:00:00+08:00,质检员10
QI-0000650,SUP-049,MAT-0054,PO-202510-000504,4603,160,0.03476,fail,process,2026-04-19T17:00:00+08:00,质检员13
QI-0000651,SUP-016,MAT-0123,PO-202603-000670,1890,205,0.10847,fail,final,2025-12-16T07:00:00+08:00,质检员16
QI-0000652,SUP-007,MAT-0076,PO-202510-001140,2004,188,0.09381,fail,incoming,2025-10-20T09:00:00+08:00,质检员01
QI-0000653,SUP-036,MAT-0155,PO-202510-001165,56,9,0.16071,fail,incoming,2026-05-21T12:00:00+08:00,质检员16
QI-0000654,SUP-035,MAT-0217,PO-202507-001397,3058,330,0.10791,fail,incoming,2026-03-10T09:00:00+08:00,质检员01
QI-0000655,SUP-050,MAT-0111,PO-202509-001080,4794,1164,0.2428,fail,final,2026-06-01T14:00:00+08:00,质检员18
QI-0000656,SUP-026,MAT-0040,PO-202509-000548,1146,206,0.17976,fail,incoming,2025-10-02T20:00:00+08:00,质检员20
QI-0000657,SUP-059,MAT-0003,PO-202605-001721,3165,93,0.02938,pass,final,2026-06-11T13:00:00+08:00,质检员01
QI-0000658,SUP-060,MAT-0111,PO-202509-001080,3932,139,0.03535,fail,incoming,2025-11-13T09:00:00+08:00,质检员18
QI-0000659,SUP-034,MAT-0030,PO-202511-001283,4486,865,0.19282,fail,process,2026-06-06T17:00:00+08:00,质检员01
QI-0000660,SUP-058,MAT-0101,PO-202508-001788,1144,117,0.10227,fail,final,2025-11-10T02:00:00+08:00,质检员17
QI-0000661,SUP-040,MAT-0141,PO-202604-001725,4564,443,0.09706,fail,final,2026-01-26T08:00:00+08:00,质检员02
QI-0000662,SUP-023,MAT-0180,PO-202606-000745,4487,430,0.09583,fail,process,2025-10-17T14:00:00+08:00,质检员06
QI-0000663,SUP-016,MAT-0047,PO-202602-001632,3568,469,0.13145,fail,process,2026-01-12T21:00:00+08:00,质检员02
QI-0000664,SUP-026,MAT-0043,PO-202604-000734,3954,774,0.19575,fail,process,2025-08-24T07:00:00+08:00,质检员19
QI-0000665,SUP-054,MAT-0162,PO-202507-000932,4663,224,0.04804,fail,final,2025-11-10T00:00:00+08:00,质检员12
QI-0000666,SUP-047,MAT-0066,PO-202512-001264,1422,263,0.18495,fail,process,2025-06-16T15:00:00+08:00,质检员05
QI-0000667,SUP-053,MAT-0154,PO-202602-001632,2206,338,0.15322,fail,incoming,2025-09-05T23:00:00+08:00,质检员20
QI-0000668,SUP-016,MAT-0022,PO-202510-000498,1627,193,0.11862,fail,incoming,2026-03-12T17:00:00+08:00,质检员05
QI-0000669,SUP-027,MAT-0034,PO-202508-000427,4813,1195,0.24829,fail,process,2025-09-20T13:00:00+08:00,质检员16
QI-0000670,SUP-039,MAT-0226,PO-202510-000523,1523,139,0.09127,fail,process,2025-08-10T07:00:00+08:00,质检员02
QI-0000671,SUP-029,MAT-0014,PO-202506-000424,4480,26,0.0058,pass,final,2025-12-11T17:00:00+08:00,质检员03
QI-0000672,SUP-050,MAT-0063,PO-202603-000803,1492,333,0.22319,fail,process,2025-12-10T13:00:00+08:00,质检员06
QI-0000673,SUP-052,MAT-0207,PO-202509-001367,3249,122,0.03755,fail,final,2025-12-17T20:00:00+08:00,质检员14
QI-0000674,SUP-022,MAT-0180,PO-202507-000552,3615,349,0.09654,fail,incoming,2025-11-13T04:00:00+08:00,质检员16
QI-0000675,SUP-039,MAT-0179,PO-202508-000726,4409,324,0.07349,fail,incoming,2025-08-29T16:00:00+08:00,质检员08
QI-0000676,SUP-040,MAT-0186,PO-202602-000479,242,25,0.10331,fail,process,2025-12-29T01:00:00+08:00,质检员02
QI-0000677,SUP-036,MAT-0021,PO-202511-000020,4429,665,0.15015,fail,final,2026-05-02T01:00:00+08:00,质检员04
QI-0000678,SUP-055,MAT-0103,PO-202508-001318,3418,213,0.06232,fail,process,2026-04-24T06:00:00+08:00,质检员14
QI-0000679,SUP-060,MAT-0052,PO-202511-000808,1053,46,0.04368,fail,final,2025-12-27T19:00:00+08:00,质检员20
QI-0000680,SUP-047,MAT-0189,PO-202510-001644,2638,515,0.19522,fail,final,2025-11-01T00:00:00+08:00,质检员10
QI-0000681,SUP-014,MAT-0182,PO-202507-000140,1630,29,0.01779,pass,incoming,2025-08-02T22:00:00+08:00,质检员17
QI-0000682,SUP-044,MAT-0139,PO-202512-000318,620,49,0.07903,fail,process,2026-05-25T23:00:00+08:00,质检员12
QI-0000683,SUP-017,MAT-0201,PO-202508-001356,203,3,0.01478,pass,incoming,2026-05-14T04:00:00+08:00,质检员17
QI-0000684,SUP-038,MAT-0136,PO-202602-001629,3878,635,0.16374,fail,final,2025-07-03T06:00:00+08:00,质检员17
QI-0000685,SUP-014,MAT-0150,PO-202511-000600,1893,74,0.03909,fail,final,2025-07-28T02:00:00+08:00,质检员11
QI-0000686,SUP-018,MAT-0168,PO-202510-001563,2354,96,0.04078,fail,process,2025-12-29T00:00:00+08:00,质检员11
QI-0000687,SUP-054,MAT-0187,PO-202512-001642,4357,66,0.01515,pass,final,2025-12-23T07:00:00+08:00,质检员18
QI-0000688,SUP-031,MAT-0066,PO-202509-001410,2424,561,0.23144,fail,process,2025-10-30T22:00:00+08:00,质检员18
QI-0000689,SUP-030,MAT-0140,PO-202602-001004,2679,54,0.02016,pass,incoming,2026-03-20T18:00:00+08:00,质检员14
QI-0000690,SUP-022,MAT-0050,PO-202509-000121,519,45,0.08671,fail,incoming,2025-08-19T08:00:00+08:00,质检员04
QI-0000691,SUP-059,MAT-0109,PO-202606-000340,4714,350,0.07425,fail,final,2025-07-17T04:00:00+08:00,质检员12
QI-0000692,SUP-051,MAT-0069,PO-202511-000850,1712,386,0.22547,fail,incoming,2025-07-05T17:00:00+08:00,质检员03
QI-0000693,SUP-039,MAT-0113,PO-202604-000739,4095,298,0.07277,fail,incoming,2025-10-14T17:00:00+08:00,质检员17
QI-0000694,SUP-028,MAT-0195,PO-202605-000157,4621,652,0.1411,fail,process,2025-08-22T01:00:00+08:00,质检员13
QI-0000695,SUP-022,MAT-0112,PO-202512-001720,3872,271,0.06999,fail,final,2025-08-27T14:00:00+08:00,质检员17
QI-0000696,SUP-029,MAT-0142,PO-202509-000380,2465,60,0.02434,pass,process,2025-10-14T18:00:00+08:00,质检员12
QI-0000697,SUP-019,MAT-0132,PO-202508-001356,3850,525,0.13636,fail,process,2026-01-12T22:00:00+08:00,质检员17
QI-0000698,SUP-043,MAT-0211,PO-202603-000570,2732,399,0.14605,fail,process,2026-05-26T21:00:00+08:00,质检员14
QI-0000699,SUP-006,MAT-0029,PO-202509-000021,1174,255,0.21721,fail,incoming,2026-02-24T14:00:00+08:00,质检员12
QI-0000700,SUP-015,MAT-0053,PO-202601-001463,3846,771,0.20047,fail,process,2026-06-10T09:00:00+08:00,质检员07
QI-0000701,SUP-010,MAT-0220,PO-202510-001343,4495,548,0.12191,fail,process,2025-07-06T03:00:00+08:00,质检员09
QI-0000702,SUP-013,MAT-0071,PO-202510-000851,3877,657,0.16946,fail,process,2026-01-25T11:00:00+08:00,质检员07
QI-0000703,SUP-041,MAT-0205,PO-202507-001251,1452,336,0.2314,fail,process,2025-08-15T01:00:00+08:00,质检员01
QI-0000704,SUP-017,MAT-0011,PO-202512-001230,2126,100,0.04704,fail,incoming,2026-01-20T23:00:00+08:00,质检员02
QI-0000705,SUP-032,MAT-0172,PO-202606-000402,1951,394,0.20195,fail,incoming,2025-07-25T16:00:00+08:00,质检员18
QI-0000706,SUP-052,MAT-0199,PO-202509-000991,1973,46,0.02331,pass,incoming,2025-12-21T13:00:00+08:00,质检员15
QI-0000707,SUP-014,MAT-0115,PO-202512-001187,881,17,0.0193,pass,incoming,2026-01-10T01:00:00+08:00,质检员14
QI-0000708,SUP-054,MAT-0219,PO-202511-000457,3355,105,0.0313,fail,process,2026-04-11T02:00:00+08:00,质检员14
QI-0000709,SUP-014,MAT-0182,PO-202509-000225,85,1,0.01176,pass,process,2025-10-05T08:00:00+08:00,质检员05
QI-0000710,SUP-006,MAT-0006,PO-202507-001070,2489,486,0.19526,fail,final,2025-10-19T18:00:00+08:00,质检员16
QI-0000711,SUP-036,MAT-0235,PO-202507-000631,791,128,0.16182,fail,incoming,2025-11-26T14:00:00+08:00,质检员15
QI-0000712,SUP-051,MAT-0036,PO-202512-001633,3430,784,0.22857,fail,process,2025-11-26T17:00:00+08:00,质检员20
QI-0000713,SUP-042,MAT-0203,PO-202601-000973,3056,74,0.02421,pass,process,2025-08-29T05:00:00+08:00,质检员16
QI-0000714,SUP-048,MAT-0158,PO-202510-000556,846,59,0.06974,fail,final,2025-08-07T03:00:00+08:00,质检员11
QI-0000715,SUP-031,MAT-0014,PO-202510-001147,4540,1009,0.22225,fail,final,2025-12-27T10:00:00+08:00,质检员07
QI-0000716,SUP-003,MAT-0101,PO-202604-000260,2504,141,0.05631,fail,final,2026-01-03T01:00:00+08:00,质检员16
QI-0000717,SUP-009,MAT-0169,PO-202508-000862,2830,270,0.09541,fail,incoming,2026-02-14T00:00:00+08:00,质检员09
QI-0000718,SUP-009,MAT-0022,PO-202602-000685,3777,409,0.10829,fail,process,2025-12-28T13:00:00+08:00,质检员04
QI-0000719,SUP-003,MAT-0172,PO-202604-001405,2483,90,0.03625,fail,process,2026-04-20T00:00:00+08:00,质检员17
QI-0000720,SUP-054,MAT-0162,PO-202602-000579,4271,186,0.04355,fail,incoming,2026-02-10T03:00:00+08:00,质检员09
QI-0000721,SUP-057,MAT-0079,PO-202602-001646,319,20,0.0627,fail,final,2026-04-02T20:00:00+08:00,质检员13
QI-0000722,SUP-031,MAT-0004,PO-202509-000089,1352,266,0.19675,fail,incoming,2026-03-15T11:00:00+08:00,质检员15
QI-0000723,SUP-039,MAT-0219,PO-202602-001602,2069,170,0.08217,fail,process,2026-03-07T14:00:00+08:00,质检员13
QI-0000724,SUP-055,MAT-0108,PO-202511-000808,4035,172,0.04263,fail,process,2025-08-24T21:00:00+08:00,质检员18
QI-0000725,SUP-054,MAT-0071,PO-202601-001173,1094,57,0.0521,fail,process,2026-01-31T03:00:00+08:00,质检员01
QI-0000726,SUP-044,MAT-0070,PO-202602-001253,1558,149,0.09564,fail,final,2026-03-10T05:00:00+08:00,质检员09
QI-0000727,SUP-045,MAT-0207,PO-202511-001437,4603,794,0.1725,fail,final,2025-08-21T00:00:00+08:00,质检员18
QI-0000728,SUP-035,MAT-0083,PO-202605-001747,1467,144,0.09816,fail,process,2025-07-21T11:00:00+08:00,质检员10
QI-0000729,SUP-056,MAT-0166,PO-202604-001574,4286,378,0.08819,fail,process,2025-12-10T09:00:00+08:00,质检员11
QI-0000730,SUP-056,MAT-0184,PO-202510-000145,4782,400,0.08365,fail,incoming,2025-10-21T02:00:00+08:00,质检员11
QI-0000731,SUP-020,MAT-0007,PO-202512-001369,1646,198,0.12029,fail,incoming,2026-05-14T12:00:00+08:00,质检员01
QI-0000732,SUP-015,MAT-0132,PO-202603-000647,4028,869,0.21574,fail,process,2026-01-26T11:00:00+08:00,质检员08
QI-0000733,SUP-013,MAT-0032,PO-202605-000307,3571,495,0.13862,fail,process,2026-05-18T07:00:00+08:00,质检员07
QI-0000734,SUP-001,MAT-0050,PO-202509-000302,3526,616,0.1747,fail,final,2026-03-26T11:00:00+08:00,质检员16
QI-0000735,SUP-022,MAT-0106,PO-202601-000709,1109,70,0.06312,fail,process,2025-09-11T01:00:00+08:00,质检员09
QI-0000736,SUP-031,MAT-0004,PO-202605-000742,189,38,0.20106,fail,final,2026-02-04T15:00:00+08:00,质检员16
QI-0000737,SUP-034,MAT-0030,PO-202508-000799,4022,809,0.20114,fail,process,2025-12-03T01:00:00+08:00,质检员13
QI-0000738,SUP-004,MAT-0034,PO-202509-000253,4114,303,0.07365,fail,incoming,2026-02-12T05:00:00+08:00,质检员20
QI-0000739,SUP-009,MAT-0063,PO-202508-001069,3055,342,0.11195,fail,process,2025-07-11T01:00:00+08:00,质检员14
QI-0000740,SUP-014,MAT-0194,PO-202605-000168,4308,90,0.02089,pass,process,2026-03-04T15:00:00+08:00,质检员19
QI-0000741,SUP-039,MAT-0070,PO-202512-001789,2781,198,0.0712,fail,final,2025-08-09T10:00:00+08:00,质检员13
QI-0000742,SUP-051,MAT-0194,PO-202603-000079,579,122,0.21071,fail,process,2025-11-16T19:00:00+08:00,质检员19
QI-0000743,SUP-057,MAT-0079,PO-202603-000670,1113,89,0.07996,fail,incoming,2025-07-24T11:00:00+08:00,质检员06
QI-0000744,SUP-046,MAT-0196,PO-202512-000824,3550,527,0.14845,fail,incoming,2025-09-19T10:00:00+08:00,质检员12
QI-0000745,SUP-014,MAT-0211,PO-202508-001322,2660,109,0.04098,fail,incoming,2025-12-16T11:00:00+08:00,质检员03
QI-0000746,SUP-018,MAT-0168,PO-202511-001756,3519,45,0.01279,pass,incoming,2026-01-24T14:00:00+08:00,质检员05
QI-0000747,SUP-009,MAT-0125,PO-202603-001733,3917,341,0.08706,fail,final,2025-12-17T23:00:00+08:00,质检员15
QI-0000748,SUP-055,MAT-0119,PO-202510-001532,3200,210,0.06563,fail,incoming,2025-09-26T17:00:00+08:00,质检员16
QI-0000749,SUP-041,MAT-0215,PO-202601-000895,3531,845,0.23931,fail,process,2026-05-22T13:00:00+08:00,质检员20
QI-0000750,SUP-038,MAT-0046,PO-202508-000874,3161,651,0.20595,fail,final,2025-12-25T05:00:00+08:00,质检员16
QI-0000751,SUP-035,MAT-0123,PO-202508-001272,2487,247,0.09932,fail,process,2025-10-23T19:00:00+08:00,质检员04
QI-0000752,SUP-048,MAT-0158,PO-202511-000026,3340,115,0.03443,fail,process,2025-12-18T17:00:00+08:00,质检员06
QI-0000753,SUP-060,MAT-0002,PO-202606-000402,893,56,0.06271,fail,process,2025-09-25T01:00:00+08:00,质检员06
QI-0000754,SUP-004,MAT-0122,PO-202507-001517,165,14,0.08485,fail,process,2026-05-12T23:00:00+08:00,质检员12
QI-0000755,SUP-044,MAT-0070,PO-202602-001294,4405,531,0.12054,fail,incoming,2026-01-11T22:00:00+08:00,质检员19
QI-0000756,SUP-017,MAT-0087,PO-202604-000482,2199,41,0.01864,pass,final,2025-12-06T08:00:00+08:00,质检员14
QI-0000757,SUP-011,MAT-0114,PO-202510-001140,3881,261,0.06725,fail,process,2025-06-21T02:00:00+08:00,质检员16
QI-0000758,SUP-057,MAT-0057,PO-202601-000261,2717,272,0.10011,fail,final,2025-12-18T07:00:00+08:00,质检员01
QI-0000759,SUP-018,MAT-0180,PO-202508-001039,345,0,0.0,pass,incoming,2026-03-07T22:00:00+08:00,质检员05
QI-0000760,SUP-033,MAT-0224,PO-202507-000374,4541,361,0.0795,fail,final,2025-11-01T19:00:00+08:00,质检员02
QI-0000761,SUP-038,MAT-0168,PO-202601-000099,1997,340,0.17026,fail,final,2026-03-20T13:00:00+08:00,质检员19
QI-0000762,SUP-006,MAT-0110,PO-202603-001024,2758,555,0.20123,fail,process,2026-02-12T12:00:00+08:00,质检员20
QI-0000763,SUP-027,MAT-0157,PO-202604-000500,219,50,0.22831,fail,final,2025-07-12T10:00:00+08:00,质检员10
QI-0000764,SUP-045,MAT-0024,PO-202508-000799,3108,520,0.16731,fail,final,2026-02-08T02:00:00+08:00,质检员16
QI-0000765,SUP-012,MAT-0123,PO-202605-001170,4219,679,0.16094,fail,final,2026-01-23T08:00:00+08:00,质检员17
QI-0000766,SUP-025,MAT-0009,PO-202604-000544,4643,886,0.19082,fail,final,2026-04-05T05:00:00+08:00,质检员01
QI-0000767,SUP-049,MAT-0054,PO-202508-001492,2360,64,0.02712,pass,incoming,2025-07-15T17:00:00+08:00,质检员15
QI-0000768,SUP-040,MAT-0133,PO-202606-000735,3877,344,0.08873,fail,incoming,2025-07-20T06:00:00+08:00,质检员18
QI-0000769,SUP-031,MAT-0205,PO-202508-000982,818,174,0.21271,fail,incoming,2025-09-01T10:00:00+08:00,质检员04
QI-0000770,SUP-031,MAT-0014,PO-202510-001063,1098,223,0.2031,fail,incoming,2026-05-31T23:00:00+08:00,质检员14
QI-0000771,SUP-060,MAT-0214,PO-202507-000536,1269,34,0.02679,pass,final,2026-04-13T01:00:00+08:00,质检员12
QI-0000772,SUP-022,MAT-0221,PO-202602-001655,3739,263,0.07034,fail,final,2026-02-24T06:00:00+08:00,质检员05
QI-0000773,SUP-015,MAT-0215,PO-202510-000815,2828,477,0.16867,fail,final,2026-01-27T07:00:00+08:00,质检员11
QI-0000774,SUP-056,MAT-0173,PO-202604-001258,666,48,0.07207,fail,final,2026-01-06T16:00:00+08:00,质检员02
QI-0000775,SUP-060,MAT-0117,PO-202508-000636,2927,142,0.04851,fail,process,2025-11-27T18:00:00+08:00,质检员11
QI-0000776,SUP-047,MAT-0083,PO-202507-000582,994,200,0.20121,fail,incoming,2026-02-23T06:00:00+08:00,质检员01
QI-0000777,SUP-005,MAT-0034,PO-202604-001166,4332,573,0.13227,fail,incoming,2025-08-11T20:00:00+08:00,质检员18
QI-0000778,SUP-006,MAT-0171,PO-202511-001770,1327,241,0.18161,fail,process,2026-03-04T12:00:00+08:00,质检员19
QI-0000779,SUP-015,MAT-0053,PO-202601-000876,2678,458,0.17102,fail,incoming,2025-10-08T02:00:00+08:00,质检员19
QI-0000780,SUP-003,MAT-0048,PO-202507-001599,3042,199,0.06542,fail,incoming,2025-07-10T08:00:00+08:00,质检员03
QI-0000781,SUP-044,MAT-0150,PO-202606-001319,996,132,0.13253,fail,final,2026-03-29T07:00:00+08:00,质检员11
QI-0000782,SUP-023,MAT-0212,PO-202508-000249,3707,303,0.08174,fail,final,2026-05-02T04:00:00+08:00,质检员02
QI-0000783,SUP-059,MAT-0090,PO-202509-001336,4656,205,0.04403,fail,final,2025-07-16T01:00:00+08:00,质检员04
QI-0000784,SUP-050,MAT-0033,PO-202512-001370,255,61,0.23922,fail,process,2025-11-16T02:00:00+08:00,质检员09
QI-0000785,SUP-023,MAT-0031,PO-202507-000239,4280,348,0.08131,fail,process,2025-08-29T08:00:00+08:00,质检员20
QI-0000786,SUP-040,MAT-0053,PO-202512-001430,525,50,0.09524,fail,final,2026-03-12T04:00:00+08:00,质检员17
QI-0000787,SUP-029,MAT-0001,PO-202506-000813,3396,68,0.02002,pass,incoming,2026-05-10T16:00:00+08:00,质检员06
QI-0000788,SUP-012,MAT-0124,PO-202601-000263,1386,227,0.16378,fail,final,2025-10-08T11:00:00+08:00,质检员17
QI-0000789,SUP-041,MAT-0090,PO-202606-001031,292,69,0.2363,fail,final,2025-06-24T17:00:00+08:00,质检员04
QI-0000790,SUP-032,MAT-0142,PO-202511-000822,368,60,0.16304,fail,process,2026-01-26T04:00:00+08:00,质检员04
QI-0000791,SUP-044,MAT-0232,PO-202509-001469,2287,347,0.15173,fail,process,2026-02-07T01:00:00+08:00,质检员17
QI-0000792,SUP-014,MAT-0211,PO-202606-000402,931,61,0.06552,fail,process,2025-07-18T17:00:00+08:00,质检员01
QI-0000793,SUP-031,MAT-0205,PO-202511-001462,1359,261,0.19205,fail,final,2025-09-30T10:00:00+08:00,质检员16
QI-0000794,SUP-021,MAT-0125,PO-202604-001662,847,109,0.12869,fail,incoming,2025-12-11T04:00:00+08:00,质检员18
QI-0000795,SUP-025,MAT-0076,PO-202602-000798,365,61,0.16712,fail,process,2025-12-02T15:00:00+08:00,质检员09
QI-0000796,SUP-011,MAT-0021,PO-202601-000002,1012,82,0.08103,fail,final,2026-04-05T12:00:00+08:00,质检员05
QI-0000797,SUP-040,MAT-0056,PO-202509-000009,1976,189,0.09565,fail,final,2025-10-06T15:00:00+08:00,质检员09
QI-0000798,SUP-003,MAT-0101,PO-202602-000444,1708,94,0.05504,fail,final,2026-02-07T00:00:00+08:00,质检员01
QI-0000799,SUP-001,MAT-0240,PO-202508-000102,4505,839,0.18624,fail,process,2026-04-09T19:00:00+08:00,质检员09
QI-0000800,SUP-041,MAT-0186,PO-202605-001358,3804,924,0.2429,fail,incoming,2026-03-07T12:00:00+08:00,质检员13
QI-0000801,SUP-059,MAT-0109,PO-202601-000899,4102,197,0.04803,fail,final,2025-11-12T04:00:00+08:00,质检员08
QI-0000802,SUP-035,MAT-0060,PO-202508-000891,4730,592,0.12516,fail,process,2025-08-31T05:00:00+08:00,质检员18
QI-0000803,SUP-050,MAT-0164,PO-202511-001115,425,86,0.20235,fail,incoming,2025-10-22T05:00:00+08:00,质检员08
QI-0000804,SUP-027,MAT-0125,PO-202512-001789,4060,1043,0.2569,fail,incoming,2025-08-23T09:00:00+08:00,质检员17
QI-0000805,SUP-033,MAT-0061,PO-202512-001121,899,52,0.05784,fail,process,2026-05-31T11:00:00+08:00,质检员15
QI-0000806,SUP-041,MAT-0131,PO-202602-001758,3156,633,0.20057,fail,final,2026-03-06T17:00:00+08:00,质检员16
QI-0000807,SUP-008,MAT-0076,PO-202510-000682,3291,645,0.19599,fail,process,2026-02-22T12:00:00+08:00,质检员16
QI-0000808,SUP-054,MAT-0238,PO-202508-000788,3355,127,0.03785,fail,incoming,2025-09-07T19:00:00+08:00,质检员01
QI-0000809,SUP-031,MAT-0066,PO-202510-000415,2262,466,0.20601,fail,incoming,2025-07-23T07:00:00+08:00,质检员02
QI-0000810,SUP-025,MAT-0057,PO-202512-000247,3352,688,0.20525,fail,process,2026-01-13T09:00:00+08:00,质检员19
QI-0000811,SUP-045,MAT-0075,PO-202512-000776,4347,725,0.16678,fail,process,2026-04-12T10:00:00+08:00,质检员07
QI-0000812,SUP-035,MAT-0117,PO-202605-000742,4685,532,0.11355,fail,incoming,2026-03-14T18:00:00+08:00,质检员08
QI-0000813,SUP-039,MAT-0070,PO-202602-000278,604,40,0.06623,fail,incoming,2025-06-27T13:00:00+08:00,质检员07
QI-0000814,SUP-017,MAT-0175,PO-202511-000961,4202,142,0.03379,fail,incoming,2025-12-17T18:00:00+08:00,质检员03
QI-0000815,SUP-028,MAT-0055,PO-202603-000405,4621,532,0.11513,fail,process,2026-05-07T22:00:00+08:00,质检员19
QI-0000816,SUP-001,MAT-0112,PO-202605-001709,4644,806,0.17356,fail,process,2025-11-22T04:00:00+08:00,质检员01
QI-0000817,SUP-050,MAT-0185,PO-202511-001064,607,124,0.20428,fail,process,2025-07-18T01:00:00+08:00,质检员04
QI-0000818,SUP-011,MAT-0108,PO-202509-001530,3620,431,0.11906,fail,final,2025-07-21T11:00:00+08:00,质检员16
QI-0000819,SUP-019,MAT-0077,PO-202604-001781,1281,122,0.09524,fail,incoming,2025-12-30T17:00:00+08:00,质检员18
QI-0000820,SUP-020,MAT-0054,PO-202605-001425,1156,152,0.13149,fail,process,2026-01-21T23:00:00+08:00,质检员20
QI-0000821,SUP-004,MAT-0034,PO-202509-000009,2382,224,0.09404,fail,final,2025-08-10T21:00:00+08:00,质检员17
QI-0000822,SUP-025,MAT-0090,PO-202602-000001,1349,276,0.2046,fail,process,2026-06-08T11:00:00+08:00,质检员06
QI-0000823,SUP-024,MAT-0229,PO-202512-001607,1915,399,0.20836,fail,final,2026-01-26T02:00:00+08:00,质检员15
QI-0000824,SUP-017,MAT-0201,PO-202601-000281,4511,173,0.03835,fail,process,2025-12-15T23:00:00+08:00,质检员13
QI-0000825,SUP-031,MAT-0073,PO-202506-001634,3996,790,0.1977,fail,incoming,2025-12-27T06:00:00+08:00,质检员20
QI-0000826,SUP-050,MAT-0202,PO-202511-001131,1275,276,0.21647,fail,process,2025-07-08T17:00:00+08:00,质检员08
QI-0000827,SUP-050,MAT-0111,PO-202512-001518,4855,1193,0.24573,fail,process,2025-08-18T13:00:00+08:00,质检员09
QI-0000828,SUP-049,MAT-0187,PO-202512-001740,930,24,0.02581,pass,incoming,2025-12-03T05:00:00+08:00,质检员10
QI-0000829,SUP-010,MAT-0163,PO-202511-000450,1547,171,0.11054,fail,process,2025-08-18T12:00:00+08:00,质检员06
QI-0000830,SUP-021,MAT-0125,PO-202603-000023,1602,239,0.14919,fail,process,2025-07-19T04:00:00+08:00,质检员20
QI-0000831,SUP-016,MAT-0085,PO-202506-000355,1206,118,0.09784,fail,process,2025-07-11T20:00:00+08:00,质检员08
QI-0000832,SUP-023,MAT-0080,PO-202507-000577,1780,174,0.09775,fail,process,2025-08-11T09:00:00+08:00,质检员04
QI-0000833,SUP-032,MAT-0063,PO-202512-000505,4720,915,0.19386,fail,incoming,2025-08-16T06:00:00+08:00,质检员02
QI-0000834,SUP-008,MAT-0044,PO-202506-000384,3007,680,0.22614,fail,final,2025-10-31T09:00:00+08:00,质检员13
QI-0000835,SUP-036,MAT-0036,PO-202508-000388,1537,242,0.15745,fail,incoming,2026-03-20T23:00:00+08:00,质检员09
QI-0000836,SUP-054,MAT-0027,PO-202511-001485,1912,60,0.03138,fail,process,2025-12-07T19:00:00+08:00,质检员01
QI-0000837,SUP-020,MAT-0067,PO-202512-000006,2477,350,0.1413,fail,process,2025-12-03T02:00:00+08:00,质检员19
QI-0000838,SUP-034,MAT-0120,PO-202604-001101,132,27,0.20455,fail,final,2025-09-01T08:00:00+08:00,质检员19
QI-0000839,SUP-001,MAT-0063,PO-202601-001034,3539,730,0.20627,fail,final,2025-07-02T06:00:00+08:00,质检员01
QI-0000840,SUP-037,MAT-0069,PO-202512-001333,1266,270,0.21327,fail,final,2026-05-07T20:00:00+08:00,质检员02
QI-0000841,SUP-005,MAT-0146,PO-202509-000027,932,163,0.17489,fail,process,2025-07-20T07:00:00+08:00,质检员02
QI-0000842,SUP-010,MAT-0239,PO-202507-000165,431,59,0.13689,fail,incoming,2026-01-09T04:00:00+08:00,质检员19
QI-0000843,SUP-009,MAT-0026,PO-202601-000895,1908,219,0.11478,fail,process,2025-09-06T03:00:00+08:00,质检员20
QI-0000844,SUP-016,MAT-0233,PO-202512-001430,4727,404,0.08547,fail,final,2025-09-24T22:00:00+08:00,质检员11
QI-0000845,SUP-030,MAT-0138,PO-202604-000431,102,3,0.02941,pass,final,2026-05-06T16:00:00+08:00,质检员15
QI-0000846,SUP-014,MAT-0182,PO-202606-000800,3189,93,0.02916,pass,incoming,2025-09-11T19:00:00+08:00,质检员09
QI-0000847,SUP-051,MAT-0200,PO-202604-000031,1958,416,0.21246,fail,process,2026-04-11T20:00:00+08:00,质检员03
QI-0000848,SUP-008,MAT-0023,PO-202605-000793,4822,955,0.19805,fail,final,2026-02-20T21:00:00+08:00,质检员16
QI-0000849,SUP-047,MAT-0230,PO-202603-001198,1803,374,0.20743,fail,incoming,2025-08-13T07:00:00+08:00,质检员12
QI-0000850,SUP-060,MAT-0111,PO-202604-000674,3639,137,0.03765,fail,process,2025-08-01T03:00:00+08:00,质检员01
QI-0000851,SUP-030,MAT-0067,PO-202603-001588,3138,20,0.00637,pass,process,2025-11-30T10:00:00+08:00,质检员09
QI-0000852,SUP-051,MAT-0099,PO-202601-001610,1433,339,0.23657,fail,incoming,2026-03-13T15:00:00+08:00,质检员10
QI-0000853,SUP-015,MAT-0019,PO-202511-000881,544,96,0.17647,fail,incoming,2025-07-24T12:00:00+08:00,质检员04
QI-0000854,SUP-035,MAT-0070,PO-202511-000461,2071,175,0.0845,fail,incoming,2026-04-11T07:00:00+08:00,质检员07
QI-0000855,SUP-052,MAT-0102,PO-202512-001369,2868,144,0.05021,fail,incoming,2025-10-12T08:00:00+08:00,质检员05
QI-0000856,SUP-007,MAT-0227,PO-202508-001767,198,21,0.10606,fail,final,2025-07-13T21:00:00+08:00,质检员06
QI-0000857,SUP-007,MAT-0174,PO-202602-000685,1268,125,0.09858,fail,process,2026-05-07T23:00:00+08:00,质检员07
QI-0000858,SUP-025,MAT-0118,PO-202601-000641,3883,768,0.19779,fail,final,2026-04-11T09:00:00+08:00,质检员12
QI-0000859,SUP-038,MAT-0015,PO-202509-000051,1222,216,0.17676,fail,process,2026-05-04T15:00:00+08:00,质检员17
QI-0000860,SUP-051,MAT-0005,PO-202507-000516,4771,1092,0.22888,fail,process,2025-09-22T15:00:00+08:00,质检员02
QI-0000861,SUP-022,MAT-0209,PO-202512-000312,1011,82,0.08111,fail,process,2025-08-31T12:00:00+08:00,质检员03
QI-0000862,SUP-058,MAT-0021,PO-202605-001464,3904,444,0.11373,fail,process,2026-02-03T07:00:00+08:00,质检员15
QI-0000863,SUP-002,MAT-0121,PO-202506-001335,3876,613,0.15815,fail,incoming,2025-08-23T05:00:00+08:00,质检员11
QI-0000864,SUP-055,MAT-0155,PO-202511-000406,191,11,0.05759,fail,process,2026-03-02T13:00:00+08:00,质检员12
QI-0000865,SUP-059,MAT-0174,PO-202604-000993,2026,72,0.03554,fail,process,2026-05-10T15:00:00+08:00,质检员17
QI-0000866,SUP-002,MAT-0226,PO-202605-000179,1641,270,0.16453,fail,incoming,2025-08-22T23:00:00+08:00,质检员06
QI-0000867,SUP-020,MAT-0012,PO-202603-001287,667,74,0.11094,fail,process,2026-05-11T20:00:00+08:00,质检员08
QI-0000868,SUP-007,MAT-0097,PO-202512-000143,1743,156,0.0895,fail,final,2026-01-03T03:00:00+08:00,质检员07
QI-0000869,SUP-048,MAT-0100,PO-202605-001320,1494,93,0.06225,fail,incoming,2026-05-27T04:00:00+08:00,质检员04
QI-0000870,SUP-018,MAT-0149,PO-202508-001381,1676,18,0.01074,pass,process,2025-07-25T06:00:00+08:00,质检员17
QI-0000871,SUP-043,MAT-0125,PO-202512-000776,3680,605,0.1644,fail,process,2026-03-22T07:00:00+08:00,质检员15
QI-0000872,SUP-038,MAT-0028,PO-202509-001412,1308,215,0.16437,fail,incoming,2025-12-21T23:00:00+08:00,质检员02
QI-0000873,SUP-009,MAT-0025,PO-202605-000768,4378,406,0.09274,fail,process,2026-02-13T09:00:00+08:00,质检员10
QI-0000874,SUP-021,MAT-0170,PO-202605-000834,3436,593,0.17258,fail,incoming,2026-01-09T04:00:00+08:00,质检员14
QI-0000875,SUP-017,MAT-0141,PO-202509-000997,1867,70,0.03749,fail,incoming,2025-07-27T07:00:00+08:00,质检员15
QI-0000876,SUP-054,MAT-0057,PO-202606-000630,402,8,0.0199,pass,incoming,2026-02-23T08:00:00+08:00,质检员02
QI-0000877,SUP-003,MAT-0020,PO-202606-001018,2564,222,0.08658,fail,process,2026-06-01T05:00:00+08:00,质检员18
QI-0000878,SUP-034,MAT-0073,PO-202511-000524,393,77,0.19593,fail,incoming,2026-01-16T09:00:00+08:00,质检员10
QI-0000879,SUP-035,MAT-0117,PO-202512-000143,4681,517,0.11045,fail,process,2025-12-28T10:00:00+08:00,质检员15
QI-0000880,SUP-001,MAT-0034,PO-202602-000188,2976,521,0.17507,fail,final,2025-12-20T13:00:00+08:00,质检员12
QI-0000881,SUP-024,MAT-0207,PO-202509-000027,2266,437,0.19285,fail,process,2025-07-10T23:00:00+08:00,质检员09
QI-0000882,SUP-023,MAT-0071,PO-202508-000905,4699,451,0.09598,fail,final,2026-04-20T10:00:00+08:00,质检员12
QI-0000883,SUP-029,MAT-0148,PO-202604-001497,914,0,0.0,pass,incoming,2025-08-04T22:00:00+08:00,质检员01
QI-0000884,SUP-002,MAT-0123,PO-202604-000062,130,22,0.16923,fail,final,2025-12-15T07:00:00+08:00,质检员11
QI-0000885,SUP-009,MAT-0026,PO-202601-000002,1273,145,0.1139,fail,final,2026-05-05T06:00:00+08:00,质检员07
QI-0000886,SUP-005,MAT-0034,PO-202507-000019,259,36,0.139,fail,final,2025-10-09T23:00:00+08:00,质检员11
QI-0000887,SUP-042,MAT-0103,PO-202603-001000,1635,67,0.04098,fail,final,2025-07-22T13:00:00+08:00,质检员15
QI-0000888,SUP-014,MAT-0106,PO-202512-001206,4732,147,0.03107,fail,process,2026-04-30T18:00:00+08:00,质检员03
QI-0000889,SUP-047,MAT-0095,PO-202511-000524,745,139,0.18658,fail,process,2025-06-17T23:00:00+08:00,质检员04
QI-0000890,SUP-045,MAT-0043,PO-202603-000221,4061,782,0.19256,fail,final,2026-01-31T02:00:00+08:00,质检员13
QI-0000891,SUP-038,MAT-0028,PO-202601-001152,2746,565,0.20575,fail,incoming,2025-06-17T17:00:00+08:00,质检员05
QI-0000892,SUP-019,MAT-0006,PO-202601-001217,3372,302,0.08956,fail,process,2026-04-19T00:00:00+08:00,质检员08
QI-0000893,SUP-019,MAT-0114,PO-202604-001667,3908,314,0.08035,fail,process,2026-01-25T16:00:00+08:00,质检员18
QI-0000894,SUP-057,MAT-0037,PO-202507-000931,3746,413,0.11025,fail,process,2026-04-22T13:00:00+08:00,质检员19
QI-0000895,SUP-033,MAT-0191,PO-202602-000689,661,31,0.0469,fail,incoming,2025-12-07T15:00:00+08:00,质检员19
QI-0000896,SUP-052,MAT-0067,PO-202510-000865,4884,241,0.04934,fail,incoming,2025-10-28T08:00:00+08:00,质检员05
QI-0000897,SUP-054,MAT-0081,PO-202605-000177,4168,167,0.04007,fail,final,2025-07-04T12:00:00+08:00,质检员19
QI-0000898,SUP-041,MAT-0236,PO-202601-001519,2474,647,0.26152,fail,final,2025-10-24T12:00:00+08:00,质检员15
QI-0000899,SUP-034,MAT-0183,PO-202605-000455,816,149,0.1826,fail,incoming,2025-12-29T18:00:00+08:00,质检员08
QI-0000900,SUP-007,MAT-0144,PO-202510-000873,2294,244,0.10636,fail,process,2025-07-13T15:00:00+08:00,质检员15
QI-0000901,SUP-001,MAT-0232,PO-202605-000965,2801,568,0.20278,fail,final,2025-09-16T02:00:00+08:00,质检员15
QI-0000902,SUP-045,MAT-0089,PO-202508-001323,2754,455,0.16521,fail,incoming,2026-05-08T04:00:00+08:00,质检员03
QI-0000903,SUP-008,MAT-0072,PO-202604-001497,389,77,0.19794,fail,final,2025-08-13T09:00:00+08:00,质检员20
QI-0000904,SUP-030,MAT-0211,PO-202511-000933,68,1,0.01471,pass,final,2026-04-04T07:00:00+08:00,质检员07
QI-0000905,SUP-012,MAT-0193,PO-202603-001489,2880,383,0.13299,fail,final,2025-11-08T23:00:00+08:00,质检员12
QI-0000906,SUP-029,MAT-0042,PO-202511-000072,2291,103,0.04496,fail,process,2025-08-08T21:00:00+08:00,质检员03
QI-0000907,SUP-024,MAT-0155,PO-202512-000247,165,34,0.20606,fail,process,2025-11-09T17:00:00+08:00,质检员14
QI-0000908,SUP-056,MAT-0176,PO-202602-001012,4157,460,0.11066,fail,final,2025-11-23T09:00:00+08:00,质检员03
QI-0000909,SUP-045,MAT-0134,PO-202512-001007,2927,542,0.18517,fail,incoming,2025-12-27T09:00:00+08:00,质检员18
QI-0000910,SUP-041,MAT-0096,PO-202511-001167,4948,1113,0.22494,fail,final,2026-05-29T16:00:00+08:00,质检员20
QI-0000911,SUP-023,MAT-0185,PO-202512-001285,935,99,0.10588,fail,incoming,2026-01-27T13:00:00+08:00,质检员13
QI-0000912,SUP-016,MAT-0012,PO-202509-001080,3411,300,0.08795,fail,incoming,2026-02-20T05:00:00+08:00,质检员07
QI-0000913,SUP-046,MAT-0090,PO-202604-001662,84,9,0.10714,fail,incoming,2026-02-13T11:00:00+08:00,质检员04
QI-0000914,SUP-014,MAT-0071,PO-202509-001455,4714,1,0.00021,pass,process,2025-07-07T16:00:00+08:00,质检员10
QI-0000915,SUP-010,MAT-0072,PO-202508-000398,3912,497,0.12704,fail,process,2026-03-26T06:00:00+08:00,质检员10
QI-0000916,SUP-019,MAT-0233,PO-202507-001531,2546,223,0.08759,fail,process,2026-02-03T06:00:00+08:00,质检员08
QI-0000917,SUP-025,MAT-0161,PO-202508-000517,2565,530,0.20663,fail,final,2025-08-18T21:00:00+08:00,质检员17
QI-0000918,SUP-016,MAT-0012,PO-202507-000193,1836,235,0.128,fail,final,2026-01-27T10:00:00+08:00,质检员08
QI-0000919,SUP-017,MAT-0003,PO-202605-000588,4050,103,0.02543,pass,incoming,2025-10-02T00:00:00+08:00,质检员19
QI-0000920,SUP-051,MAT-0176,PO-202506-000650,4617,977,0.21161,fail,process,2025-12-08T14:00:00+08:00,质检员01
QI-0000921,SUP-056,MAT-0020,PO-202511-000392,3995,292,0.07309,fail,incoming,2026-01-22T13:00:00+08:00,质检员19
QI-0000922,SUP-009,MAT-0218,PO-202510-001550,3537,367,0.10376,fail,final,2026-04-21T22:00:00+08:00,质检员09
QI-0000923,SUP-040,MAT-0053,PO-202506-001321,2487,255,0.10253,fail,incoming,2025-07-01T19:00:00+08:00,质检员15
QI-0000924,SUP-004,MAT-0152,PO-202511-000782,948,88,0.09283,fail,final,2026-02-01T01:00:00+08:00,质检员15
QI-0000925,SUP-028,MAT-0131,PO-202604-000558,221,31,0.14027,fail,incoming,2025-11-24T05:00:00+08:00,质检员04
QI-0000926,SUP-039,MAT-0211,PO-202605-000219,4367,367,0.08404,fail,final,2025-10-06T06:00:00+08:00,质检员06
QI-0000927,SUP-050,MAT-0111,PO-202507-001427,466,110,0.23605,fail,incoming,2026-04-21T01:00:00+08:00,质检员11
QI-0000928,SUP-016,MAT-0127,PO-202605-000942,2935,369,0.12572,fail,final,2026-03-19T21:00:00+08:00,质检员06
QI-0000929,SUP-049,MAT-0140,PO-202605-001744,3566,193,0.05412,fail,incoming,2025-07-04T12:00:00+08:00,质检员17
QI-0000930,SUP-059,MAT-0021,PO-202601-000787,3143,146,0.04645,fail,incoming,2025-09-03T04:00:00+08:00,质检员12
QI-0000931,SUP-014,MAT-0211,PO-202508-000653,3909,157,0.04016,fail,final,2025-07-05T18:00:00+08:00,质检员19
QI-0000932,SUP-013,MAT-0091,PO-202510-000498,3203,490,0.15298,fail,final,2025-12-04T14:00:00+08:00,质检员17
QI-0000933,SUP-018,MAT-0149,PO-202511-000159,2551,85,0.03332,fail,incoming,2026-01-15T01:00:00+08:00,质检员09
QI-0000934,SUP-023,MAT-0213,PO-202603-001733,2732,122,0.04466,fail,final,2026-05-20T10:00:00+08:00,质检员04
QI-0000935,SUP-030,MAT-0145,PO-202509-001268,2383,79,0.03315,fail,process,2025-09-08T14:00:00+08:00,质检员14
QI-0000936,SUP-038,MAT-0168,PO-202601-000683,159,27,0.16981,fail,final,2025-10-15T16:00:00+08:00,质检员01
QI-0000937,SUP-056,MAT-0210,PO-202507-001060,4846,386,0.07965,fail,final,2026-03-31T11:00:00+08:00,质检员07
QI-0000938,SUP-053,MAT-0062,PO-202511-001600,3958,582,0.14704,fail,incoming,2026-04-21T06:00:00+08:00,质检员19
QI-0000939,SUP-028,MAT-0054,PO-202601-000142,1486,213,0.14334,fail,incoming,2026-03-12T11:00:00+08:00,质检员19
QI-0000940,SUP-052,MAT-0160,PO-202508-000740,4194,127,0.03028,fail,final,2026-04-13T15:00:00+08:00,质检员18
QI-0000941,SUP-054,MAT-0215,PO-202512-001625,1693,31,0.01831,pass,final,2025-07-02T12:00:00+08:00,质检员01
QI-0000942,SUP-027,MAT-0023,PO-202508-000022,377,89,0.23607,fail,process,2026-03-17T23:00:00+08:00,质检员07
QI-0000943,SUP-023,MAT-0136,PO-202601-001123,801,78,0.09738,fail,final,2025-08-25T01:00:00+08:00,质检员10
QI-0000944,SUP-003,MAT-0153,PO-202509-001116,1140,66,0.05789,fail,final,2026-02-20T05:00:00+08:00,质检员03
QI-0000945,SUP-055,MAT-0146,PO-202510-000556,2641,113,0.04279,fail,process,2025-10-30T12:00:00+08:00,质检员13
QI-0000946,SUP-044,MAT-0084,PO-202603-000945,4131,447,0.10821,fail,final,2026-02-09T02:00:00+08:00,质检员18
QI-0000947,SUP-040,MAT-0075,PO-202601-000949,4597,559,0.1216,fail,final,2025-07-14T11:00:00+08:00,质检员17
QI-0000948,SUP-055,MAT-0103,PO-202509-001207,3617,117,0.03235,fail,process,2026-05-16T21:00:00+08:00,质检员17
QI-0000949,SUP-014,MAT-0069,PO-202509-001312,3619,16,0.00442,pass,process,2026-02-06T17:00:00+08:00,质检员01
QI-0000950,SUP-057,MAT-0120,PO-202509-000201,1596,119,0.07456,fail,process,2025-07-10T09:00:00+08:00,质检员09
QI-0000951,SUP-011,MAT-0022,PO-202601-000938,335,31,0.09254,fail,final,2025-08-11T19:00:00+08:00,质检员08
QI-0000952,SUP-020,MAT-0007,PO-202601-001388,2484,365,0.14694,fail,process,2026-03-19T18:00:00+08:00,质检员04
QI-0000953,SUP-027,MAT-0034,PO-202601-000895,1800,416,0.23111,fail,process,2026-02-26T19:00:00+08:00,质检员08
QI-0000954,SUP-038,MAT-0179,PO-202603-001762,3577,590,0.16494,fail,final,2026-02-10T22:00:00+08:00,质检员05
QI-0000955,SUP-054,MAT-0187,PO-202512-001789,1613,57,0.03534,fail,process,2025-07-24T21:00:00+08:00,质检员01
QI-0000956,SUP-046,MAT-0032,PO-202512-001624,2744,283,0.10313,fail,final,2026-05-08T11:00:00+08:00,质检员16
QI-0000957,SUP-060,MAT-0156,PO-202604-000589,4915,139,0.02828,pass,final,2026-03-28T08:00:00+08:00,质检员01
QI-0000958,SUP-060,MAT-0221,PO-202606-000630,3374,22,0.00652,pass,final,2026-05-07T20:00:00+08:00,质检员16
QI-0000959,SUP-013,MAT-0126,PO-202603-000221,354,59,0.16667,fail,final,2026-03-01T16:00:00+08:00,质检员15
QI-0000960,SUP-021,MAT-0086,PO-202508-000706,1959,302,0.15416,fail,incoming,2025-09-16T05:00:00+08:00,质检员12
QI-0000961,SUP-002,MAT-0073,PO-202508-001323,4780,755,0.15795,fail,final,2026-03-28T18:00:00+08:00,质检员01
QI-0000962,SUP-055,MAT-0146,PO-202603-000675,4956,235,0.04742,fail,process,2025-08-17T05:00:00+08:00,质检员07
QI-0000963,SUP-037,MAT-0160,PO-202510-000504,3834,846,0.22066,fail,incoming,2025-10-09T03:00:00+08:00,质检员03
QI-0000964,SUP-040,MAT-0191,PO-202511-000524,3880,411,0.10593,fail,process,2025-08-11T05:00:00+08:00,质检员07
QI-0000965,SUP-018,MAT-0087,PO-202508-000096,1419,30,0.02114,pass,final,2026-01-24T03:00:00+08:00,质检员15
QI-0000966,SUP-044,MAT-0142,PO-202604-000365,4449,529,0.1189,fail,incoming,2026-05-27T05:00:00+08:00,质检员18
QI-0000967,SUP-019,MAT-0196,PO-202509-000532,4407,507,0.11504,fail,final,2025-10-01T15:00:00+08:00,质检员20
QI-0000968,SUP-042,MAT-0203,PO-202509-001521,4666,188,0.04029,fail,final,2026-04-12T19:00:00+08:00,质检员06
QI-0000969,SUP-015,MAT-0067,PO-202508-000180,267,40,0.14981,fail,final,2025-06-24T21:00:00+08:00,质检员11
QI-0000970,SUP-046,MAT-0099,PO-202512-001692,4676,571,0.12211,fail,final,2026-04-16T00:00:00+08:00,质检员20
QI-0000971,SUP-052,MAT-0199,PO-202510-001343,1961,92,0.04691,fail,incoming,2025-09-25T03:00:00+08:00,质检员10
QI-0000972,SUP-051,MAT-0200,PO-202510-001139,376,92,0.24468,fail,final,2025-12-05T23:00:00+08:00,质检员13
QI-0000973,SUP-056,MAT-0151,PO-202603-000717,1028,80,0.07782,fail,incoming,2026-02-10T20:00:00+08:00,质检员03
QI-0000974,SUP-029,MAT-0142,PO-202508-001298,922,33,0.03579,fail,final,2025-08-30T09:00:00+08:00,质检员11
QI-0000975,SUP-011,MAT-0114,PO-202603-001601,3328,138,0.04147,fail,final,2025-11-24T12:00:00+08:00,质检员03
QI-0000976,SUP-038,MAT-0028,PO-202511-001432,893,154,0.17245,fail,incoming,2025-07-18T03:00:00+08:00,质检员05
QI-0000977,SUP-015,MAT-0072,PO-202510-000474,503,92,0.1829,fail,final,2025-12-12T08:00:00+08:00,质检员01
QI-0000978,SUP-009,MAT-0218,PO-202512-001732,3838,468,0.12194,fail,final,2026-03-04T22:00:00+08:00,质检员03
QI-0000979,SUP-037,MAT-0013,PO-202604-001195,3746,772,0.20609,fail,final,2025-12-03T01:00:00+08:00,质检员20
QI-0000980,SUP-033,MAT-0221,PO-202511-001499,3755,217,0.05779,fail,incoming,2025-09-20T09:00:00+08:00,质检员19
QI-0000981,SUP-029,MAT-0014,PO-202508-001274,3256,59,0.01812,pass,process,2025-08-25T21:00:00+08:00,质检员11
QI-0000982,SUP-008,MAT-0230,PO-202507-000373,4869,1092,0.22428,fail,process,2025-07-31T09:00:00+08:00,质检员09
QI-0000983,SUP-026,MAT-0036,PO-202512-001008,4658,676,0.14513,fail,final,2026-02-16T11:00:00+08:00,质检员07
QI-0000984,SUP-020,MAT-0046,PO-202509-000205,2605,420,0.16123,fail,final,2025-07-20T09:00:00+08:00,质检员16
QI-0000985,SUP-050,MAT-0072,PO-202511-001437,1680,386,0.22976,fail,final,2025-07-13T06:00:00+08:00,质检员20
QI-0000986,SUP-025,MAT-0044,PO-202508-000874,3013,598,0.19847,fail,process,2025-11-12T15:00:00+08:00,质检员07
QI-0000987,SUP-013,MAT-0119,PO-202508-001608,1233,175,0.14193,fail,incoming,2025-11-22T18:00:00+08:00,质检员05
QI-0000988,SUP-010,MAT-0027,PO-202602-000861,4441,564,0.127,fail,final,2025-12-30T01:00:00+08:00,质检员14
QI-0000989,SUP-023,MAT-0203,PO-202512-001230,3451,330,0.09562,fail,incoming,2025-12-24T17:00:00+08:00,质检员09
QI-0000990,SUP-018,MAT-0116,PO-202512-001720,3568,134,0.03756,fail,incoming,2026-04-29T16:00:00+08:00,质检员13
QI-0000991,SUP-039,MAT-0113,PO-202511-001500,4142,294,0.07098,fail,final,2026-03-16T15:00:00+08:00,质检员05
QI-0000992,SUP-056,MAT-0107,PO-202508-001371,4691,298,0.06353,fail,incoming,2026-01-29T15:00:00+08:00,质检员07
QI-0000993,SUP-013,MAT-0099,PO-202604-001107,3843,579,0.15066,fail,process,2026-03-22T23:00:00+08:00,质检员13
QI-0000994,SUP-038,MAT-0088,PO-202510-001310,3043,599,0.19685,fail,final,2025-07-06T16:00:00+08:00,质检员06
QI-0000995,SUP-012,MAT-0209,PO-202605-000389,2356,360,0.1528,fail,final,2025-09-22T03:00:00+08:00,质检员11
QI-0000996,SUP-007,MAT-0097,PO-202604-001101,4761,495,0.10397,fail,final,2025-11-27T02:00:00+08:00,质检员14
QI-0000997,SUP-034,MAT-0120,PO-202603-001557,4038,724,0.1793,fail,incoming,2026-02-12T12:00:00+08:00,质检员08
QI-0000998,SUP-027,MAT-0121,PO-202601-000680,88,21,0.23864,fail,final,2026-01-02T00:00:00+08:00,质检员15
QI-0000999,SUP-031,MAT-0158,PO-202602-000452,1323,277,0.20937,fail,incoming,2026-03-12T16:00:00+08:00,质检员10
QI-0001000,SUP-059,MAT-0044,PO-202506-000953,3345,114,0.03408,fail,process,2026-01-09T22:00:00+08:00,质检员11
QI-0001001,SUP-040,MAT-0184,PO-202506-001196,3772,327,0.08669,fail,final,2025-07-14T09:00:00+08:00,质检员12
QI-0001002,SUP-051,MAT-0027,PO-202512-000505,1242,311,0.2504,fail,final,2026-02-23T02:00:00+08:00,质检员02
QI-0001003,SUP-022,MAT-0221,PO-202509-000205,4721,440,0.0932,fail,process,2025-08-28T00:00:00+08:00,质检员20
QI-0001004,SUP-016,MAT-0041,PO-202605-001431,572,72,0.12587,fail,incoming,2025-07-23T15:00:00+08:00,质检员06
QI-0001005,SUP-032,MAT-0116,PO-202604-001149,1359,257,0.18911,fail,final,2026-04-21T17:00:00+08:00,质检员14
QI-0001006,SUP-037,MAT-0220,PO-202511-000011,2851,548,0.19221,fail,process,2025-12-09T20:00:00+08:00,质检员13
QI-0001007,SUP-040,MAT-0046,PO-202511-000782,4354,432,0.09922,fail,final,2025-08-16T04:00:00+08:00,质检员07
QI-0001008,SUP-048,MAT-0100,PO-202507-000107,3663,174,0.0475,fail,process,2026-05-14T23:00:00+08:00,质检员14
QI-0001009,SUP-048,MAT-0228,PO-202602-000366,3736,151,0.04042,fail,final,2025-07-15T23:00:00+08:00,质检员10
QI-0001010,SUP-006,MAT-0097,PO-202604-001062,2930,696,0.23754,fail,final,2025-08-21T08:00:00+08:00,质检员02
QI-0001011,SUP-008,MAT-0023,PO-202606-000722,1249,278,0.22258,fail,final,2026-01-08T00:00:00+08:00,质检员13
QI-0001012,SUP-035,MAT-0055,PO-202509-000608,102,12,0.11765,fail,incoming,2025-09-15T18:00:00+08:00,质检员11
QI-0001013,SUP-035,MAT-0147,PO-202605-000742,3775,378,0.10013,fail,final,2025-12-03T20:00:00+08:00,质检员10
QI-0001014,SUP-028,MAT-0236,PO-202605-001219,3475,392,0.11281,fail,incoming,2025-12-16T00:00:00+08:00,质检员01
QI-0001015,SUP-060,MAT-0040,PO-202511-000276,3844,101,0.02627,pass,process,2025-07-01T18:00:00+08:00,质检员15
QI-0001016,SUP-008,MAT-0072,PO-202509-001590,539,116,0.21521,fail,final,2026-05-27T12:00:00+08:00,质检员10
QI-0001017,SUP-021,MAT-0193,PO-202602-001546,886,150,0.1693,fail,process,2025-11-04T00:00:00+08:00,质检员09
QI-0001018,SUP-058,MAT-0094,PO-202606-001576,372,58,0.15591,fail,incoming,2025-06-18T22:00:00+08:00,质检员01
QI-0001019,SUP-051,MAT-0156,PO-202601-001702,1252,299,0.23882,fail,incoming,2026-03-22T06:00:00+08:00,质检员20
QI-0001020,SUP-002,MAT-0048,PO-202601-001030,1482,228,0.15385,fail,incoming,2025-09-07T20:00:00+08:00,质检员20
QI-0001021,SUP-002,MAT-0226,PO-202601-001519,677,99,0.14623,fail,final,2025-09-21T10:00:00+08:00,质检员12
QI-0001022,SUP-004,MAT-0122,PO-202512-000580,2419,185,0.07648,fail,final,2026-01-31T20:00:00+08:00,质检员12
QI-0001023,SUP-033,MAT-0066,PO-202512-000327,777,31,0.0399,fail,process,2025-11-25T21:00:00+08:00,质检员04
QI-0001024,SUP-026,MAT-0127,PO-202510-000708,1205,193,0.16017,fail,process,2026-06-11T09:00:00+08:00,质检员08
QI-0001025,SUP-057,MAT-0051,PO-202512-000163,4948,483,0.09762,fail,process,2026-01-18T00:00:00+08:00,质检员01
QI-0001026,SUP-008,MAT-0044,PO-202605-000223,3153,738,0.23406,fail,final,2026-04-07T06:00:00+08:00,质检员12
QI-0001027,SUP-051,MAT-0224,PO-202510-001553,2766,622,0.22487,fail,final,2026-06-01T15:00:00+08:00,质检员15
QI-0001028,SUP-019,MAT-0234,PO-202606-000745,2594,335,0.12914,fail,final,2025-11-03T17:00:00+08:00,质检员20
QI-0001029,SUP-031,MAT-0004,PO-202604-000335,2224,478,0.21493,fail,incoming,2025-10-17T20:00:00+08:00,质检员19
QI-0001030,SUP-001,MAT-0019,PO-202606-000345,533,92,0.17261,fail,process,2026-01-27T04:00:00+08:00,质检员16
QI-0001031,SUP-029,MAT-0102,PO-202507-000631,4969,100,0.02012,pass,process,2025-11-10T20:00:00+08:00,质检员03
QI-0001032,SUP-021,MAT-0190,PO-202507-001769,4966,678,0.13653,fail,final,2025-11-13T09:00:00+08:00,质检员20
QI-0001033,SUP-059,MAT-0214,PO-202510-001067,593,30,0.05059,fail,final,2025-11-25T15:00:00+08:00,质检员02
QI-0001034,SUP-055,MAT-0138,PO-202508-001741,4078,252,0.06179,fail,final,2026-03-20T09:00:00+08:00,质检员08
QI-0001035,SUP-051,MAT-0200,PO-202602-000579,4863,1120,0.23031,fail,final,2025-10-24T23:00:00+08:00,质检员06
QI-0001036,SUP-052,MAT-0007,PO-202602-000857,1422,57,0.04008,fail,final,2025-07-09T21:00:00+08:00,质检员20
QI-0001037,SUP-009,MAT-0227,PO-202606-000130,4007,420,0.10482,fail,final,2026-03-06T09:00:00+08:00,质检员16
QI-0001038,SUP-057,MAT-0188,PO-202510-000682,1895,213,0.1124,fail,incoming,2025-08-25T00:00:00+08:00,质检员19
QI-0001039,SUP-037,MAT-0117,PO-202512-001698,895,183,0.20447,fail,process,2026-03-10T05:00:00+08:00,质检员16
QI-0001040,SUP-012,MAT-0157,PO-202604-000648,1378,174,0.12627,fail,incoming,2025-07-19T04:00:00+08:00,质检员17
QI-0001041,SUP-028,MAT-0155,PO-202512-001482,242,34,0.1405,fail,incoming,2026-01-27T12:00:00+08:00,质检员11
QI-0001042,SUP-019,MAT-0114,PO-202507-001193,3109,400,0.12866,fail,incoming,2026-01-24T21:00:00+08:00,质检员10
QI-0001043,SUP-035,MAT-0123,PO-202510-000017,2577,226,0.0877,fail,incoming,2025-12-17T19:00:00+08:00,质检员08
QI-0001044,SUP-036,MAT-0111,PO-202508-000010,393,65,0.16539,fail,process,2026-01-26T11:00:00+08:00,质检员03
QI-0001045,SUP-054,MAT-0115,PO-202507-001599,2349,77,0.03278,fail,process,2025-06-16T14:00:00+08:00,质检员19
QI-0001046,SUP-008,MAT-0228,PO-202510-000955,1943,374,0.19249,fail,final,2026-01-01T18:00:00+08:00,质检员13
QI-0001047,SUP-038,MAT-0041,PO-202603-001057,4109,732,0.17815,fail,final,2026-05-27T11:00:00+08:00,质检员19
QI-0001048,SUP-019,MAT-0077,PO-202508-001581,159,17,0.10692,fail,final,2025-11-19T10:00:00+08:00,质检员02
QI-0001049,SUP-058,MAT-0084,PO-202512-001364,2669,305,0.11428,fail,incoming,2025-06-24T21:00:00+08:00,质检员11
QI-0001050,SUP-017,MAT-0226,PO-202601-000281,3308,141,0.04262,fail,final,2026-03-21T12:00:00+08:00,质检员14
QI-0001051,SUP-015,MAT-0240,PO-202509-001682,4761,845,0.17748,fail,process,2026-01-24T20:00:00+08:00,质检员18
QI-0001052,SUP-027,MAT-0203,PO-202604-001574,1911,445,0.23286,fail,final,2026-06-15T02:00:00+08:00,质检员17
QI-0001053,SUP-050,MAT-0215,PO-202510-000645,3890,903,0.23213,fail,final,2025-10-05T02:00:00+08:00,质检员19
QI-0001054,SUP-048,MAT-0225,PO-202509-000605,2987,125,0.04185,fail,process,2025-10-12T15:00:00+08:00,质检员12
QI-0001055,SUP-059,MAT-0051,PO-202511-001260,2517,84,0.03337,fail,process,2026-01-24T18:00:00+08:00,质检员08
QI-0001056,SUP-037,MAT-0220,PO-202512-001248,1806,338,0.18715,fail,incoming,2025-11-10T17:00:00+08:00,质检员15
QI-0001057,SUP-044,MAT-0038,PO-202605-001628,1891,202,0.10682,fail,process,2025-09-20T14:00:00+08:00,质检员03
QI-0001058,SUP-037,MAT-0240,PO-202604-000646,3379,713,0.21101,fail,incoming,2025-09-01T00:00:00+08:00,质检员06
QI-0001059,SUP-026,MAT-0163,PO-202603-000570,1344,222,0.16518,fail,process,2025-11-05T03:00:00+08:00,质检员10
QI-0001060,SUP-022,MAT-0214,PO-202602-000028,1918,149,0.07769,fail,incoming,2025-12-23T10:00:00+08:00,质检员18
QI-0001061,SUP-026,MAT-0163,PO-202510-000569,1925,337,0.17506,fail,final,2026-03-27T18:00:00+08:00,质检员09
QI-0001062,SUP-026,MAT-0127,PO-202606-000292,1006,194,0.19284,fail,final,2026-03-03T08:00:00+08:00,质检员06
QI-0001063,SUP-035,MAT-0060,PO-202605-000055,2339,283,0.12099,fail,incoming,2026-05-08T14:00:00+08:00,质检员07
QI-0001064,SUP-041,MAT-0096,PO-202508-001002,4799,1139,0.23734,fail,incoming,2026-05-26T00:00:00+08:00,质检员14
QI-0001065,SUP-043,MAT-0182,PO-202511-000149,393,61,0.15522,fail,incoming,2025-11-21T11:00:00+08:00,质检员18
QI-0001066,SUP-051,MAT-0106,PO-202508-000940,2951,680,0.23043,fail,final,2025-06-25T10:00:00+08:00,质检员04
QI-0001067,SUP-025,MAT-0183,PO-202512-000662,4886,880,0.18011,fail,process,2025-11-06T04:00:00+08:00,质检员17
QI-0001068,SUP-026,MAT-0165,PO-202605-000161,1508,248,0.16446,fail,incoming,2026-01-10T23:00:00+08:00,质检员20
QI-0001069,SUP-055,MAT-0146,PO-202510-000898,377,25,0.06631,fail,process,2025-12-26T19:00:00+08:00,质检员05
QI-0001070,SUP-002,MAT-0083,PO-202509-000399,3797,542,0.14274,fail,final,2025-12-01T11:00:00+08:00,质检员08
QI-0001071,SUP-028,MAT-0111,PO-202604-000335,356,57,0.16011,fail,incoming,2025-08-19T11:00:00+08:00,质检员05
QI-0001072,SUP-026,MAT-0064,PO-202606-000630,1711,310,0.18118,fail,final,2026-01-13T18:00:00+08:00,质检员05
QI-0001073,SUP-010,MAT-0018,PO-202606-000438,1642,212,0.12911,fail,final,2025-11-29T00:00:00+08:00,质检员10
QI-0001074,SUP-008,MAT-0173,PO-202507-000545,3578,637,0.17803,fail,incoming,2025-06-20T09:00:00+08:00,质检员03
QI-0001075,SUP-031,MAT-0073,PO-202602-000069,1157,234,0.20225,fail,incoming,2025-09-05T00:00:00+08:00,质检员09
QI-0001076,SUP-048,MAT-0026,PO-202508-001027,806,38,0.04715,fail,incoming,2026-01-01T08:00:00+08:00,质检员10
QI-0001077,SUP-012,MAT-0193,PO-202512-000198,3257,456,0.14001,fail,process,2026-01-27T17:00:00+08:00,质检员08
QI-0001078,SUP-045,MAT-0058,PO-202512-000632,1273,200,0.15711,fail,process,2026-05-30T12:00:00+08:00,质检员20
QI-0001079,SUP-036,MAT-0111,PO-202601-001241,4099,561,0.13686,fail,process,2026-03-14T16:00:00+08:00,质检员02
QI-0001080,SUP-027,MAT-0020,PO-202506-000879,4476,934,0.20867,fail,incoming,2026-03-07T02:00:00+08:00,质检员19
QI-0001081,SUP-053,MAT-0066,PO-202511-001472,4520,617,0.1365,fail,process,2025-11-10T06:00:00+08:00,质检员14
QI-0001082,SUP-012,MAT-0029,PO-202507-000288,1023,158,0.15445,fail,incoming,2025-11-05T07:00:00+08:00,质检员20
QI-0001083,SUP-030,MAT-0067,PO-202512-000900,2021,29,0.01435,pass,incoming,2025-09-01T10:00:00+08:00,质检员09
QI-0001084,SUP-020,MAT-0026,PO-202604-001394,4251,529,0.12444,fail,process,2025-12-17T17:00:00+08:00,质检员15
QI-0001085,SUP-012,MAT-0124,PO-202506-001753,2639,383,0.14513,fail,incoming,2025-07-05T14:00:00+08:00,质检员04
QI-0001086,SUP-028,MAT-0120,PO-202506-001448,4161,544,0.13074,fail,process,2025-11-25T13:00:00+08:00,质检员02
QI-0001087,SUP-002,MAT-0226,PO-202605-001360,2658,397,0.14936,fail,final,2026-03-01T02:00:00+08:00,质检员18
QI-0001088,SUP-002,MAT-0048,PO-202605-001757,906,131,0.14459,fail,incoming,2025-09-26T10:00:00+08:00,质检员19
QI-0001089,SUP-007,MAT-0180,PO-202604-000684,1411,130,0.09213,fail,final,2026-01-12T10:00:00+08:00,质检员07
QI-0001090,SUP-014,MAT-0182,PO-202510-000724,3962,81,0.02044,pass,incoming,2026-01-26T04:00:00+08:00,质检员07
QI-0001091,SUP-012,MAT-0228,PO-202604-000416,3760,551,0.14654,fail,process,2026-04-05T03:00:00+08:00,质检员02
QI-0001092,SUP-057,MAT-0079,PO-202603-001198,151,14,0.09272,fail,incoming,2025-11-26T11:00:00+08:00,质检员10
QI-0001093,SUP-055,MAT-0188,PO-202507-001427,972,57,0.05864,fail,incoming,2026-03-28T23:00:00+08:00,质检员14
QI-0001094,SUP-027,MAT-0125,PO-202507-001597,2533,558,0.22029,fail,process,2025-11-20T10:00:00+08:00,质检员05
QI-0001095,SUP-005,MAT-0006,PO-202508-000750,4375,512,0.11703,fail,incoming,2026-01-09T20:00:00+08:00,质检员02
QI-0001096,SUP-001,MAT-0089,PO-202604-001781,3469,660,0.19026,fail,incoming,2025-08-27T07:00:00+08:00,质检员08
QI-0001097,SUP-026,MAT-0163,PO-202512-000039,4278,764,0.17859,fail,final,2025-09-16T20:00:00+08:00,质检员20
QI-0001098,SUP-001,MAT-0113,PO-202605-000573,4954,1002,0.20226,fail,final,2025-09-22T12:00:00+08:00,质检员15
QI-0001099,SUP-055,MAT-0120,PO-202512-000163,1231,80,0.06499,fail,process,2025-12-06T18:00:00+08:00,质检员11
QI-0001100,SUP-023,MAT-0185,PO-202506-000075,4622,356,0.07702,fail,final,2026-06-02T20:00:00+08:00,质检员17
QI-0001101,SUP-042,MAT-0010,PO-202507-000374,4648,239,0.05142,fail,final,2026-04-25T08:00:00+08:00,质检员02
QI-0001102,SUP-027,MAT-0020,PO-202508-001128,2190,569,0.25982,fail,incoming,2025-12-08T03:00:00+08:00,质检员11
QI-0001103,SUP-031,MAT-0205,PO-202507-001193,3913,857,0.21901,fail,process,2025-06-27T17:00:00+08:00,质检员10
QI-0001104,SUP-044,MAT-0043,PO-202512-001368,3408,422,0.12383,fail,final,2025-08-03T20:00:00+08:00,质检员02
QI-0001105,SUP-026,MAT-0084,PO-202508-001788,618,112,0.18123,fail,final,2025-12-03T10:00:00+08:00,质检员13
QI-0001106,SUP-058,MAT-0004,PO-202605-000992,1618,238,0.1471,fail,final,2025-10-23T00:00:00+08:00,质检员16
QI-0001107,SUP-059,MAT-0023,PO-202511-001454,2237,15,0.00671,pass,final,2025-06-16T10:00:00+08:00,质检员01
QI-0001108,SUP-059,MAT-0008,PO-202508-000975,769,63,0.08192,fail,incoming,2026-05-20T04:00:00+08:00,质检员14
QI-0001109,SUP-006,MAT-0074,PO-202602-001137,4306,1028,0.23874,fail,incoming,2025-10-26T02:00:00+08:00,质检员14
QI-0001110,SUP-007,MAT-0064,PO-202510-000645,4574,455,0.09948,fail,process,2025-08-28T14:00:00+08:00,质检员17
QI-0001111,SUP-021,MAT-0190,PO-202508-000740,3943,568,0.14405,fail,incoming,2026-03-01T20:00:00+08:00,质检员08
QI-0001112,SUP-036,MAT-0111,PO-202603-001554,1964,250,0.12729,fail,incoming,2025-08-08T08:00:00+08:00,质检员11
QI-0001113,SUP-047,MAT-0196,PO-202510-000279,3201,654,0.20431,fail,final,2025-11-04T15:00:00+08:00,质检员04
QI-0001114,SUP-025,MAT-0196,PO-202507-000356,629,129,0.20509,fail,process,2025-12-31T18:00:00+08:00,质检员06
QI-0001115,SUP-024,MAT-0201,PO-202605-000157,2626,516,0.1965,fail,process,2025-08-03T18:00:00+08:00,质检员05
QI-0001116,SUP-048,MAT-0192,PO-202508-001382,2415,148,0.06128,fail,process,2025-09-22T07:00:00+08:00,质检员02
QI-0001117,SUP-040,MAT-0191,PO-202509-001336,56,3,0.05357,fail,process,2026-01-05T16:00:00+08:00,质检员18
QI-0001118,SUP-027,MAT-0125,PO-202510-001063,2868,749,0.26116,fail,process,2026-02-27T17:00:00+08:00,质检员04
QI-0001119,SUP-025,MAT-0128,PO-202602-000032,3165,652,0.206,fail,final,2025-12-04T06:00:00+08:00,质检员04
QI-0001120,SUP-008,MAT-0216,PO-202603-001192,2182,362,0.1659,fail,incoming,2026-01-09T17:00:00+08:00,质检员12
QI-0001121,SUP-010,MAT-0179,PO-202510-000853,223,37,0.16592,fail,process,2026-05-26T01:00:00+08:00,质检员20
QI-0001122,SUP-047,MAT-0083,PO-202512-000215,978,213,0.21779,fail,final,2025-09-08T20:00:00+08:00,质检员13
QI-0001123,SUP-032,MAT-0238,PO-202604-000431,4008,690,0.17216,fail,process,2025-08-04T14:00:00+08:00,质检员02
QI-0001124,SUP-052,MAT-0141,PO-202507-000755,4910,231,0.04705,fail,final,2026-01-08T04:00:00+08:00,质检员19
QI-0001125,SUP-037,MAT-0149,PO-202511-000947,1693,306,0.18074,fail,final,2025-09-30T19:00:00+08:00,质检员14
QI-0001126,SUP-046,MAT-0109,PO-202509-000769,2526,306,0.12114,fail,final,2026-02-19T15:00:00+08:00,质检员16
QI-0001127,SUP-051,MAT-0027,PO-202511-000642,3579,807,0.22548,fail,final,2026-04-25T09:00:00+08:00,质检员20
QI-0001128,SUP-005,MAT-0160,PO-202510-001256,3110,445,0.14309,fail,incoming,2025-11-07T20:00:00+08:00,质检员10
QI-0001129,SUP-011,MAT-0041,PO-202604-000610,3308,170,0.05139,fail,incoming,2025-07-05T22:00:00+08:00,质检员09
QI-0001130,SUP-023,MAT-0180,PO-202508-000656,785,58,0.07389,fail,final,2025-08-06T23:00:00+08:00,质检员18
QI-0001131,SUP-026,MAT-0040,PO-202507-000025,234,45,0.19231,fail,incoming,2026-04-20T17:00:00+08:00,质检员01
QI-0001132,SUP-031,MAT-0100,PO-202601-000641,4530,915,0.20199,fail,final,2025-09-24T18:00:00+08:00,质检员17
QI-0001133,SUP-014,MAT-0078,PO-202508-001767,455,8,0.01758,pass,incoming,2026-02-19T08:00:00+08:00,质检员05
QI-0001134,SUP-028,MAT-0160,PO-202601-000787,537,82,0.1527,fail,process,2026-03-11T21:00:00+08:00,质检员04
QI-0001135,SUP-010,MAT-0179,PO-202601-000002,3564,568,0.15937,fail,process,2025-08-30T09:00:00+08:00,质检员02
QI-0001136,SUP-019,MAT-0118,PO-202510-001153,1018,123,0.12083,fail,incoming,2026-05-26T19:00:00+08:00,质检员02
QI-0001137,SUP-026,MAT-0206,PO-202512-001316,4108,663,0.16139,fail,final,2026-06-06T21:00:00+08:00,质检员15
QI-0001138,SUP-002,MAT-0226,PO-202507-000508,1779,293,0.1647,fail,incoming,2025-11-11T09:00:00+08:00,质检员08
QI-0001139,SUP-047,MAT-0113,PO-202604-000197,353,64,0.1813,fail,incoming,2025-08-29T22:00:00+08:00,质检员12
QI-0001140,SUP-022,MAT-0225,PO-202506-000760,1717,93,0.05416,fail,process,2025-08-25T14:00:00+08:00,质检员12
QI-0001141,SUP-051,MAT-0176,PO-202509-001455,2361,548,0.23211,fail,incoming,2026-01-18T00:00:00+08:00,质检员12
QI-0001142,SUP-024,MAT-0047,PO-202509-000743,200,42,0.21,fail,incoming,2026-01-23T11:00:00+08:00,质检员11
QI-0001143,SUP-058,MAT-0164,PO-202511-000575,3208,384,0.1197,fail,process,2025-09-06T10:00:00+08:00,质检员03
QI-0001144,SUP-010,MAT-0035,PO-202605-000966,1266,182,0.14376,fail,process,2026-06-12T09:00:00+08:00,质检员03
QI-0001145,SUP-054,MAT-0071,PO-202603-000880,2100,106,0.05048,fail,incoming,2025-07-03T11:00:00+08:00,质检员11
QI-0001146,SUP-048,MAT-0001,PO-202511-001115,2454,152,0.06194,fail,final,2025-12-28T07:00:00+08:00,质检员03
QI-0001147,SUP-010,MAT-0049,PO-202605-000588,2568,408,0.15888,fail,process,2025-08-27T19:00:00+08:00,质检员18
QI-0001148,SUP-010,MAT-0220,PO-202604-000944,920,135,0.14674,fail,final,2026-03-29T21:00:00+08:00,质检员16
QI-0001149,SUP-032,MAT-0065,PO-202511-001542,3980,757,0.1902,fail,process,2026-02-13T10:00:00+08:00,质检员12
QI-0001150,SUP-033,MAT-0095,PO-202508-000810,2769,138,0.04984,fail,final,2025-09-09T17:00:00+08:00,质检员16
QI-0001151,SUP-025,MAT-0118,PO-202603-000081,2661,616,0.23149,fail,process,2026-05-26T10:00:00+08:00,质检员13
QI-0001152,SUP-027,MAT-0020,PO-202602-000640,2271,463,0.20387,fail,final,2025-10-05T14:00:00+08:00,质检员08
QI-0001153,SUP-032,MAT-0142,PO-202605-000119,1508,270,0.17905,fail,incoming,2025-11-28T20:00:00+08:00,质检员10
QI-0001154,SUP-033,MAT-0221,PO-202601-001657,1961,87,0.04437,fail,incoming,2025-09-26T09:00:00+08:00,质检员07
QI-0001155,SUP-044,MAT-0205,PO-202603-001164,3912,503,0.12858,fail,final,2026-04-24T15:00:00+08:00,质检员12
QI-0001156,SUP-045,MAT-0203,PO-202606-001143,1625,270,0.16615,fail,incoming,2025-08-19T05:00:00+08:00,质检员01
QI-0001157,SUP-043,MAT-0032,PO-202511-000786,101,16,0.15842,fail,process,2025-08-20T10:00:00+08:00,质检员15
QI-0001158,SUP-021,MAT-0011,PO-202509-000643,3852,669,0.17368,fail,process,2025-11-17T22:00:00+08:00,质检员13
QI-0001159,SUP-026,MAT-0040,PO-202511-001245,1197,205,0.17126,fail,final,2026-01-29T12:00:00+08:00,质检员16
QI-0001160,SUP-008,MAT-0205,PO-202512-000115,3560,732,0.20562,fail,process,2026-01-07T10:00:00+08:00,质检员10
QI-0001161,SUP-058,MAT-0077,PO-202508-001503,2723,254,0.09328,fail,process,2026-05-14T11:00:00+08:00,质检员07
QI-0001162,SUP-045,MAT-0024,PO-202512-001633,4780,788,0.16485,fail,incoming,2025-06-21T15:00:00+08:00,质检员12
QI-0001163,SUP-022,MAT-0180,PO-202508-000300,1293,76,0.05878,fail,incoming,2025-08-04T09:00:00+08:00,质检员08
QI-0001164,SUP-048,MAT-0144,PO-202602-000044,469,31,0.0661,fail,final,2026-03-27T17:00:00+08:00,质检员02
QI-0001165,SUP-016,MAT-0098,PO-202603-000351,1419,223,0.15715,fail,final,2026-02-08T16:00:00+08:00,质检员01
QI-0001166,SUP-009,MAT-0163,PO-202506-001634,2590,334,0.12896,fail,incoming,2025-09-09T11:00:00+08:00,质检员12
QI-0001167,SUP-058,MAT-0094,PO-202604-001700,2506,348,0.13887,fail,final,2026-05-19T07:00:00+08:00,质检员01
QI-0001168,SUP-058,MAT-0056,PO-202601-000998,113,13,0.11504,fail,incoming,2026-03-13T15:00:00+08:00,质检员03
QI-0001169,SUP-028,MAT-0062,PO-202605-001628,4323,583,0.13486,fail,incoming,2025-10-07T18:00:00+08:00,质检员13
QI-0001170,SUP-057,MAT-0056,PO-202605-000404,4327,394,0.09106,fail,process,2025-07-13T10:00:00+08:00,质检员18
QI-0001171,SUP-022,MAT-0112,PO-202512-001587,2658,169,0.06358,fail,process,2025-10-07T16:00:00+08:00,质检员01
QI-0001172,SUP-046,MAT-0061,PO-202606-000292,443,53,0.11964,fail,final,2025-11-16T04:00:00+08:00,质检员17
QI-0001173,SUP-014,MAT-0106,PO-202511-000173,4233,170,0.04016,fail,process,2025-08-03T22:00:00+08:00,质检员05
QI-0001174,SUP-015,MAT-0053,PO-202512-000864,331,49,0.14804,fail,incoming,2026-03-19T21:00:00+08:00,质检员10
QI-0001175,SUP-005,MAT-0130,PO-202508-001001,209,28,0.13397,fail,incoming,2026-04-17T02:00:00+08:00,质检员14
QI-0001176,SUP-031,MAT-0158,PO-202510-001139,4835,892,0.18449,fail,process,2025-11-07T13:00:00+08:00,质检员04
QI-0001177,SUP-013,MAT-0188,PO-202605-001045,4154,559,0.13457,fail,incoming,2026-01-22T09:00:00+08:00,质检员13
QI-0001178,SUP-039,MAT-0211,PO-202506-000355,4957,318,0.06415,fail,final,2025-06-21T11:00:00+08:00,质检员01
QI-0001179,SUP-029,MAT-0001,PO-202511-000407,1178,11,0.00934,pass,final,2026-01-21T22:00:00+08:00,质检员10
QI-0001180,SUP-048,MAT-0158,PO-202506-000432,4665,282,0.06045,fail,final,2025-09-07T21:00:00+08:00,质检员17
QI-0001181,SUP-048,MAT-0225,PO-202511-001743,3140,268,0.08535,fail,incoming,2026-06-03T08:00:00+08:00,质检员08
QI-0001182,SUP-009,MAT-0125,PO-202509-000121,2076,206,0.09923,fail,incoming,2025-09-09T05:00:00+08:00,质检员05
QI-0001183,SUP-001,MAT-0089,PO-202512-000347,3990,823,0.20627,fail,process,2026-05-06T06:00:00+08:00,质检员06
QI-0001184,SUP-058,MAT-0054,PO-202601-000668,3690,438,0.1187,fail,incoming,2025-09-15T03:00:00+08:00,质检员17
QI-0001185,SUP-050,MAT-0199,PO-202510-000017,1301,309,0.23751,fail,incoming,2025-11-03T13:00:00+08:00,质检员18
QI-0001186,SUP-035,MAT-0198,PO-202606-000030,2831,309,0.10915,fail,incoming,2026-05-09T16:00:00+08:00,质检员18
QI-0001187,SUP-030,MAT-0156,PO-202509-001249,3281,94,0.02865,pass,process,2026-04-29T10:00:00+08:00,质检员01
QI-0001188,SUP-001,MAT-0033,PO-202604-000962,2572,526,0.20451,fail,final,2025-07-15T03:00:00+08:00,质检员03
QI-0001189,SUP-026,MAT-0115,PO-202601-001609,3852,656,0.1703,fail,process,2026-03-19T17:00:00+08:00,质检员05
QI-0001190,SUP-044,MAT-0068,PO-202604-000482,854,95,0.11124,fail,incoming,2026-03-27T07:00:00+08:00,质检员12
QI-0001191,SUP-040,MAT-0056,PO-202604-001025,811,94,0.11591,fail,incoming,2025-10-12T11:00:00+08:00,质检员14
QI-0001192,SUP-040,MAT-0056,PO-202601-001186,3994,396,0.09915,fail,final,2025-09-14T07:00:00+08:00,质检员02
QI-0001193,SUP-028,MAT-0120,PO-202601-001161,4606,627,0.13613,fail,incoming,2026-01-25T06:00:00+08:00,质检员16
QI-0001194,SUP-056,MAT-0137,PO-202508-000186,349,27,0.07736,fail,process,2025-10-16T16:00:00+08:00,质检员16
QI-0001195,SUP-033,MAT-0056,PO-202510-000708,2566,135,0.05261,fail,incoming,2026-01-15T17:00:00+08:00,质检员13
QI-0001196,SUP-032,MAT-0010,PO-202604-001190,4881,771,0.15796,fail,final,2025-08-15T17:00:00+08:00,质检员10
QI-0001197,SUP-056,MAT-0184,PO-202602-001646,371,22,0.0593,fail,incoming,2025-11-29T04:00:00+08:00,质检员04
QI-0001198,SUP-014,MAT-0176,PO-202510-000556,3457,80,0.02314,pass,process,2026-03-18T23:00:00+08:00,质检员13
QI-0001199,SUP-044,MAT-0205,PO-202606-001689,4356,479,0.10996,fail,final,2026-04-01T22:00:00+08:00,质检员15
QI-0001200,SUP-004,MAT-0189,PO-202512-001237,1569,144,0.09178,fail,incoming,2025-09-02T09:00:00+08:00,质检员02
QI-0001201,SUP-013,MAT-0212,PO-202508-001656,3402,565,0.16608,fail,process,2026-02-01T14:00:00+08:00,质检员12
QI-0001202,SUP-022,MAT-0050,PO-202506-000289,1284,113,0.08801,fail,final,2025-11-24T14:00:00+08:00,质检员18
QI-0001203,SUP-045,MAT-0077,PO-202509-000166,2460,440,0.17886,fail,final,2025-08-13T06:00:00+08:00,质检员15
QI-0001204,SUP-038,MAT-0193,PO-202605-000185,1210,209,0.17273,fail,process,2025-11-09T07:00:00+08:00,质检员07
QI-0001205,SUP-024,MAT-0170,PO-202605-000029,3544,653,0.18426,fail,incoming,2026-04-04T16:00:00+08:00,质检员08
QI-0001206,SUP-007,MAT-0102,PO-202603-000242,4981,516,0.10359,fail,process,2026-03-06T17:00:00+08:00,质检员18
QI-0001207,SUP-018,MAT-0205,PO-202511-000574,476,2,0.0042,pass,incoming,2025-10-17T09:00:00+08:00,质检员12
QI-0001208,SUP-049,MAT-0074,PO-202508-000277,71,0,0.0,pass,final,2025-12-13T22:00:00+08:00,质检员11
QI-0001209,SUP-006,MAT-0102,PO-202508-000531,531,121,0.22787,fail,process,2026-05-13T16:00:00+08:00,质检员11
QI-0001210,SUP-026,MAT-0040,PO-202510-000639,822,134,0.16302,fail,incoming,2026-01-29T02:00:00+08:00,质检员05
QI-0001211,SUP-026,MAT-0133,PO-202507-001220,3702,723,0.1953,fail,process,2025-12-26T15:00:00+08:00,质检员08
QI-0001212,SUP-038,MAT-0224,PO-202603-001601,4204,685,0.16294,fail,process,2025-09-01T09:00:00+08:00,质检员20
QI-0001213,SUP-030,MAT-0002,PO-202602-000366,2931,116,0.03958,fail,process,2026-01-17T17:00:00+08:00,质检员17
QI-0001214,SUP-039,MAT-0211,PO-202508-001799,3184,214,0.06721,fail,process,2025-12-13T14:00:00+08:00,质检员09
QI-0001215,SUP-031,MAT-0100,PO-202605-001344,847,179,0.21133,fail,incoming,2026-02-19T10:00:00+08:00,质检员06
QI-0001216,SUP-055,MAT-0120,PO-202509-000021,2269,143,0.06302,fail,process,2026-05-29T09:00:00+08:00,质检员05
QI-0001217,SUP-045,MAT-0043,PO-202509-000065,1639,252,0.15375,fail,incoming,2026-06-09T12:00:00+08:00,质检员18
QI-0001218,SUP-059,MAT-0084,PO-202508-001767,2667,143,0.05362,fail,incoming,2025-10-15T00:00:00+08:00,质检员09
QI-0001219,SUP-002,MAT-0073,PO-202511-001650,2815,466,0.16554,fail,process,2025-11-25T11:00:00+08:00,质检员01
QI-0001220,SUP-059,MAT-0037,PO-202509-001154,493,21,0.0426,fail,final,2025-08-26T20:00:00+08:00,质检员04
QI-0001221,SUP-032,MAT-0045,PO-202602-001403,2963,453,0.15289,fail,final,2025-08-24T00:00:00+08:00,质检员03
QI-0001222,SUP-013,MAT-0099,PO-202604-001214,849,135,0.15901,fail,process,2026-04-28T02:00:00+08:00,质检员12
QI-0001223,SUP-034,MAT-0206,PO-202507-001596,4614,927,0.20091,fail,incoming,2026-02-27T09:00:00+08:00,质检员19
QI-0001224,SUP-052,MAT-0102,PO-202507-000373,4409,194,0.044,fail,final,2026-06-12T23:00:00+08:00,质检员20
QI-0001225,SUP-013,MAT-0126,PO-202512-000773,2509,469,0.18693,fail,process,2026-01-09T06:00:00+08:00,质检员09
QI-0001226,SUP-047,MAT-0230,PO-202511-000196,837,166,0.19833,fail,final,2025-07-23T06:00:00+08:00,质检员11
QI-0001227,SUP-021,MAT-0143,PO-202509-001226,3545,562,0.15853,fail,incoming,2026-03-08T03:00:00+08:00,质检员07
QI-0001228,SUP-014,MAT-0069,PO-202512-001734,2238,61,0.02726,pass,final,2026-02-10T10:00:00+08:00,质检员08
QI-0001229,SUP-015,MAT-0226,PO-202507-000530,4995,899,0.17998,fail,final,2026-03-19T06:00:00+08:00,质检员09
QI-0001230,SUP-015,MAT-0172,PO-202507-001640,349,58,0.16619,fail,process,2026-04-03T01:00:00+08:00,质检员02
QI-0001231,SUP-055,MAT-0146,PO-202507-000931,2101,168,0.07996,fail,process,2025-08-19T13:00:00+08:00,质检员06
QI-0001232,SUP-021,MAT-0143,PO-202601-000174,262,37,0.14122,fail,process,2025-11-23T15:00:00+08:00,质检员02
QI-0001233,SUP-013,MAT-0176,PO-202602-001137,785,107,0.13631,fail,incoming,2025-10-29T21:00:00+08:00,质检员08
QI-0001234,SUP-024,MAT-0088,PO-202508-000112,3830,745,0.19452,fail,final,2025-12-17T17:00:00+08:00,质检员14
QI-0001235,SUP-005,MAT-0146,PO-202512-001430,1815,260,0.14325,fail,incoming,2025-07-29T22:00:00+08:00,质检员20
QI-0001236,SUP-012,MAT-0057,PO-202509-001353,3425,511,0.1492,fail,final,2026-05-19T20:00:00+08:00,质检员05
QI-0001237,SUP-029,MAT-0232,PO-202601-001763,1428,37,0.02591,pass,process,2026-01-03T19:00:00+08:00,质检员05
QI-0001238,SUP-027,MAT-0034,PO-202507-001474,1765,417,0.23626,fail,final,2026-02-06T04:00:00+08:00,质检员14
QI-0001239,SUP-008,MAT-0023,PO-202510-001122,4001,792,0.19795,fail,incoming,2025-09-14T23:00:00+08:00,质检员01
QI-0001240,SUP-030,MAT-0186,PO-202601-001185,572,21,0.03671,fail,process,2025-12-13T09:00:00+08:00,质检员19
QI-0001241,SUP-022,MAT-0052,PO-202601-001716,3867,386,0.09982,fail,incoming,2025-09-07T06:00:00+08:00,质检员14
QI-0001242,SUP-006,MAT-0097,PO-202511-000896,4783,971,0.20301,fail,final,2026-06-07T08:00:00+08:00,质检员11
QI-0001243,SUP-059,MAT-0214,PO-202510-000523,3379,164,0.04854,fail,incoming,2025-08-11T10:00:00+08:00,质检员19
QI-0001244,SUP-059,MAT-0096,PO-202605-000964,4614,262,0.05678,fail,process,2026-04-18T09:00:00+08:00,质检员14
QI-0001245,SUP-004,MAT-0025,PO-202601-001562,2349,249,0.106,fail,incoming,2025-07-29T02:00:00+08:00,质检员12
QI-0001246,SUP-049,MAT-0127,PO-202601-001562,431,11,0.02552,pass,final,2025-11-19T20:00:00+08:00,质检员05
QI-0001247,SUP-002,MAT-0121,PO-202511-000060,2492,411,0.16493,fail,final,2026-02-22T06:00:00+08:00,质检员16
QI-0001248,SUP-037,MAT-0149,PO-202604-000063,2101,436,0.20752,fail,incoming,2025-12-20T02:00:00+08:00,质检员10
QI-0001249,SUP-011,MAT-0130,PO-202507-000165,439,34,0.07745,fail,incoming,2026-01-05T07:00:00+08:00,质检员17
QI-0001250,SUP-056,MAT-0184,PO-202511-000204,2936,213,0.07255,fail,final,2026-04-07T02:00:00+08:00,质检员01
QI-0001251,SUP-004,MAT-0147,PO-202511-001309,4616,298,0.06456,fail,final,2026-04-13T12:00:00+08:00,质检员06
QI-0001252,SUP-002,MAT-0080,PO-202606-001146,4587,728,0.15871,fail,process,2026-03-23T23:00:00+08:00,质检员02
QI-0001253,SUP-013,MAT-0176,PO-202603-001164,2539,344,0.13549,fail,final,2026-06-14T01:00:00+08:00,质检员05
QI-0001254,SUP-029,MAT-0236,PO-202602-001324,3257,93,0.02855,pass,process,2025-07-17T14:00:00+08:00,质检员17
QI-0001255,SUP-004,MAT-0030,PO-202506-001749,1063,55,0.05174,fail,final,2025-11-03T15:00:00+08:00,质检员11
QI-0001256,SUP-009,MAT-0139,PO-202510-000851,1441,162,0.11242,fail,final,2026-04-13T03:00:00+08:00,质检员18
QI-0001257,SUP-048,MAT-0026,PO-202601-000895,4675,294,0.06289,fail,incoming,2025-07-31T02:00:00+08:00,质检员16
QI-0001258,SUP-058,MAT-0004,PO-202511-000196,1978,197,0.0996,fail,final,2025-10-05T06:00:00+08:00,质检员20
QI-0001259,SUP-044,MAT-0205,PO-202509-001336,3750,424,0.11307,fail,process,2026-06-07T01:00:00+08:00,质检员03
QI-0001260,SUP-045,MAT-0137,PO-202604-000442,3799,694,0.18268,fail,process,2026-06-03T19:00:00+08:00,质检员15
QI-0001261,SUP-020,MAT-0001,PO-202604-001405,4910,770,0.15682,fail,final,2025-12-16T20:00:00+08:00,质检员16
QI-0001262,SUP-020,MAT-0122,PO-202604-000050,3237,394,0.12172,fail,incoming,2026-01-20T01:00:00+08:00,质检员15
QI-0001263,SUP-001,MAT-0188,PO-202511-000712,433,89,0.20554,fail,final,2026-01-15T19:00:00+08:00,质检员07
QI-0001264,SUP-005,MAT-0065,PO-202511-000831,2533,395,0.15594,fail,process,2026-02-18T14:00:00+08:00,质检员18
QI-0001265,SUP-026,MAT-0114,PO-202508-000839,4162,760,0.1826,fail,process,2025-06-17T08:00:00+08:00,质检员12
QI-0001266,SUP-026,MAT-0043,PO-202601-000787,1809,367,0.20287,fail,incoming,2025-08-16T19:00:00+08:00,质检员14
QI-0001267,SUP-023,MAT-0213,PO-202510-000955,1404,115,0.08191,fail,process,2026-04-16T09:00:00+08:00,质检员02
QI-0001268,SUP-006,MAT-0079,PO-202511-000849,4257,908,0.2133,fail,process,2025-06-17T17:00:00+08:00,质检员05
QI-0001269,SUP-004,MAT-0224,PO-202512-000327,4566,395,0.08651,fail,process,2025-11-09T20:00:00+08:00,质检员19
QI-0001270,SUP-002,MAT-0226,PO-202509-001761,1168,177,0.15154,fail,final,2026-01-14T12:00:00+08:00,质检员16
QI-0001271,SUP-024,MAT-0208,PO-202601-000342,2674,556,0.20793,fail,incoming,2025-12-15T03:00:00+08:00,质检员04
QI-0001272,SUP-018,MAT-0180,PO-202604-000460,1284,0,0.0,pass,process,2026-06-04T06:00:00+08:00,质检员15
QI-0001273,SUP-041,MAT-0104,PO-202602-001646,1683,385,0.22876,fail,incoming,2026-04-15T03:00:00+08:00,质检员12
QI-0001274,SUP-034,MAT-0197,PO-202511-000782,1969,393,0.19959,fail,incoming,2025-08-13T06:00:00+08:00,质检员11
QI-0001275,SUP-001,MAT-0034,PO-202604-000138,1209,259,0.21423,fail,process,2025-07-20T18:00:00+08:00,质检员18
QI-0001276,SUP-009,MAT-0057,PO-202511-000672,2966,291,0.09811,fail,final,2026-03-23T07:00:00+08:00,质检员08
QI-0001277,SUP-048,MAT-0001,PO-202508-001767,2981,100,0.03355,fail,incoming,2026-03-04T17:00:00+08:00,质检员11
QI-0001278,SUP-044,MAT-0142,PO-202605-000985,2654,299,0.11266,fail,process,2026-02-22T01:00:00+08:00,质检员10
QI-0001279,SUP-028,MAT-0195,PO-202602-000315,2733,419,0.15331,fail,final,2025-10-03T13:00:00+08:00,质检员19
QI-0001280,SUP-028,MAT-0120,PO-202512-001482,2162,283,0.1309,fail,process,2025-06-15T20:00:00+08:00,质检员15
QI-0001281,SUP-056,MAT-0059,PO-202508-001752,3308,269,0.08132,fail,final,2026-05-27T00:00:00+08:00,质检员04
QI-0001282,SUP-012,MAT-0124,PO-202507-000153,1485,213,0.14343,fail,final,2025-06-30T08:00:00+08:00,质检员03
QI-0001283,SUP-023,MAT-0136,PO-202512-001221,2781,240,0.0863,fail,final,2026-01-26T00:00:00+08:00,质检员12
QI-0001284,SUP-024,MAT-0079,PO-202604-000078,693,135,0.19481,fail,incoming,2025-10-15T20:00:00+08:00,质检员11
QI-0001285,SUP-041,MAT-0205,PO-202507-000086,2793,669,0.23953,fail,incoming,2025-06-19T21:00:00+08:00,质检员05
QI-0001286,SUP-052,MAT-0199,PO-202511-000450,4527,254,0.05611,fail,incoming,2025-11-15T15:00:00+08:00,质检员03
QI-0001287,SUP-019,MAT-0157,PO-202603-000175,1743,185,0.10614,fail,incoming,2025-12-08T01:00:00+08:00,质检员06
QI-0001288,SUP-005,MAT-0127,PO-202510-001376,4629,679,0.14668,fail,process,2026-05-30T17:00:00+08:00,质检员13
QI-0001289,SUP-045,MAT-0043,PO-202601-001463,4155,724,0.17425,fail,final,2026-03-29T08:00:00+08:00,质检员14
QI-0001290,SUP-004,MAT-0122,PO-202511-000060,3040,252,0.08289,fail,incoming,2025-10-13T07:00:00+08:00,质检员04
QI-0001291,SUP-023,MAT-0232,PO-202506-001749,4468,467,0.10452,fail,final,2025-07-26T22:00:00+08:00,质检员02
QI-0001292,SUP-007,MAT-0064,PO-202601-001036,4478,371,0.08285,fail,process,2025-06-28T08:00:00+08:00,质检员01
QI-0001293,SUP-024,MAT-0075,PO-202605-000488,4197,868,0.20681,fail,process,2025-12-09T18:00:00+08:00,质检员17
QI-0001294,SUP-035,MAT-0218,PO-202508-000022,3104,335,0.10793,fail,incoming,2025-10-23T10:00:00+08:00,质检员11
QI-0001295,SUP-008,MAT-0044,PO-202512-001416,2901,607,0.20924,fail,process,2026-03-05T19:00:00+08:00,质检员19
QI-0001296,SUP-014,MAT-0223,PO-202601-001051,768,27,0.03516,fail,final,2026-04-24T11:00:00+08:00,质检员16
QI-0001297,SUP-041,MAT-0140,PO-202510-000731,247,50,0.20243,fail,incoming,2025-11-19T00:00:00+08:00,质检员08
QI-0001298,SUP-003,MAT-0172,PO-202510-001156,3367,79,0.02346,pass,final,2025-07-25T16:00:00+08:00,质检员18
QI-0001299,SUP-007,MAT-0102,PO-202602-000420,204,19,0.09314,fail,process,2025-07-28T22:00:00+08:00,质检员11
QI-0001300,SUP-006,MAT-0181,PO-202509-001017,2442,531,0.21744,fail,incoming,2026-02-08T22:00:00+08:00,质检员20
QI-0001301,SUP-038,MAT-0088,PO-202604-000038,4341,678,0.15619,fail,final,2025-12-25T00:00:00+08:00,质检员18
QI-0001302,SUP-037,MAT-0097,PO-202508-000747,2399,466,0.19425,fail,process,2026-05-26T04:00:00+08:00,质检员16
QI-0001303,SUP-024,MAT-0075,PO-202601-000390,105,23,0.21905,fail,process,2025-12-30T20:00:00+08:00,质检员12
QI-0001304,SUP-020,MAT-0012,PO-202602-000857,350,43,0.12286,fail,incoming,2025-11-10T04:00:00+08:00,质检员04
QI-0001305,SUP-006,MAT-0096,PO-202510-000601,2103,495,0.23538,fail,incoming,2026-05-16T13:00:00+08:00,质检员09
QI-0001306,SUP-015,MAT-0162,PO-202506-001585,2931,456,0.15558,fail,final,2026-03-24T04:00:00+08:00,质检员11
QI-0001307,SUP-052,MAT-0135,PO-202508-001359,4983,173,0.03472,fail,incoming,2025-09-01T16:00:00+08:00,质检员05
QI-0001308,SUP-046,MAT-0147,PO-202606-000722,1955,217,0.111,fail,incoming,2025-06-25T18:00:00+08:00,质检员02
QI-0001309,SUP-016,MAT-0170,PO-202512-000327,855,108,0.12632,fail,final,2025-07-23T12:00:00+08:00,质检员07
QI-0001310,SUP-050,MAT-0063,PO-202507-000141,3692,890,0.24106,fail,incoming,2026-02-07T00:00:00+08:00,质检员15
QI-0001311,SUP-014,MAT-0176,PO-202603-000812,2304,73,0.03168,fail,final,2026-03-03T04:00:00+08:00,质检员18
QI-0001312,SUP-026,MAT-0163,PO-202604-001313,4040,854,0.21139,fail,incoming,2025-07-01T05:00:00+08:00,质检员18
QI-0001313,SUP-020,MAT-0046,PO-202601-001357,3645,562,0.15418,fail,process,2026-04-11T17:00:00+08:00,质检员09
QI-0001314,SUP-009,MAT-0227,PO-202511-000950,3251,336,0.10335,fail,process,2025-12-13T20:00:00+08:00,质检员12
QI-0001315,SUP-031,MAT-0073,PO-202510-001153,3922,737,0.18791,fail,final,2025-11-21T18:00:00+08:00,质检员13
QI-0001316,SUP-005,MAT-0130,PO-202510-000279,1780,248,0.13933,fail,process,2026-04-26T04:00:00+08:00,质检员04
QI-0001317,SUP-004,MAT-0107,PO-202603-001082,2028,154,0.07594,fail,process,2026-06-06T04:00:00+08:00,质检员20
QI-0001318,SUP-017,MAT-0141,PO-202512-001496,1503,56,0.03726,fail,final,2025-12-14T01:00:00+08:00,质检员02
QI-0001319,SUP-030,MAT-0211,PO-202507-000025,810,22,0.02716,pass,incoming,2026-01-10T19:00:00+08:00,质检员05
QI-0001320,SUP-006,MAT-0102,PO-202606-001143,2279,479,0.21018,fail,final,2026-03-31T01:00:00+08:00,质检员05
QI-0001321,SUP-034,MAT-0117,PO-202508-000902,3628,701,0.19322,fail,process,2026-03-10T01:00:00+08:00,质检员10
QI-0001322,SUP-053,MAT-0238,PO-202509-000986,1119,133,0.11886,fail,incoming,2025-10-19T19:00:00+08:00,质检员20
QI-0001323,SUP-030,MAT-0140,PO-202509-001469,3981,92,0.02311,pass,incoming,2026-01-28T14:00:00+08:00,质检员10
QI-0001324,SUP-051,MAT-0062,PO-202605-001709,767,177,0.23077,fail,process,2026-05-02T20:00:00+08:00,质检员11
QI-0001325,SUP-053,MAT-0037,PO-202604-001033,993,127,0.1279,fail,incoming,2026-05-08T12:00:00+08:00,质检员02
QI-0001326,SUP-050,MAT-0185,PO-202604-001730,2006,460,0.22931,fail,final,2025-07-04T01:00:00+08:00,质检员14
QI-0001327,SUP-047,MAT-0189,PO-202511-000738,271,53,0.19557,fail,process,2026-04-05T07:00:00+08:00,质检员04
QI-0001328,SUP-008,MAT-0082,PO-202507-000400,3087,678,0.21963,fail,incoming,2025-08-17T02:00:00+08:00,质检员19
QI-0001329,SUP-030,MAT-0121,PO-202604-000871,4764,106,0.02225,pass,incoming,2026-02-16T15:00:00+08:00,质检员02
QI-0001330,SUP-005,MAT-0160,PO-202509-001400,491,63,0.12831,fail,incoming,2025-10-15T11:00:00+08:00,质检员18
QI-0001331,SUP-004,MAT-0030,PO-202603-000423,4349,355,0.08163,fail,final,2025-09-04T10:00:00+08:00,质检员11
QI-0001332,SUP-055,MAT-0190,PO-202508-000988,4309,225,0.05222,fail,process,2025-09-15T08:00:00+08:00,质检员06
QI-0001333,SUP-026,MAT-0219,PO-202605-001709,2283,497,0.2177,fail,final,2025-06-26T12:00:00+08:00,质检员02
QI-0001334,SUP-051,MAT-0198,PO-202508-000827,2344,516,0.22014,fail,incoming,2025-07-06T06:00:00+08:00,质检员08
QI-0001335,SUP-011,MAT-0045,PO-202512-001789,926,66,0.07127,fail,process,2026-06-13T15:00:00+08:00,质检员09
QI-0001336,SUP-031,MAT-0100,PO-202509-001154,156,34,0.21795,fail,final,2025-08-23T01:00:00+08:00,质检员09
QI-0001337,SUP-033,MAT-0221,PO-202507-000529,4133,258,0.06242,fail,incoming,2026-02-18T08:00:00+08:00,质检员08
QI-0001338,SUP-017,MAT-0175,PO-202605-001515,2684,92,0.03428,fail,incoming,2025-08-14T22:00:00+08:00,质检员03
QI-0001339,SUP-023,MAT-0071,PO-202512-001692,1352,117,0.08654,fail,final,2026-01-06T01:00:00+08:00,质检员10
QI-0001340,SUP-052,MAT-0106,PO-202508-001269,3468,169,0.04873,fail,process,2025-06-20T21:00:00+08:00,质检员01
QI-0001341,SUP-002,MAT-0073,PO-202510-000279,1309,219,0.1673,fail,process,2025-12-30T03:00:00+08:00,质检员15
QI-0001342,SUP-045,MAT-0042,PO-202604-000038,3460,599,0.17312,fail,incoming,2025-10-28T02:00:00+08:00,质检员08
QI-0001343,SUP-041,MAT-0096,PO-202601-001537,1865,434,0.23271,fail,process,2025-09-28T06:00:00+08:00,质检员03
QI-0001344,SUP-058,MAT-0046,PO-202508-001799,2492,397,0.15931,fail,incoming,2025-12-15T15:00:00+08:00,质检员06
QI-0001345,SUP-020,MAT-0201,PO-202606-001737,4934,681,0.13802,fail,incoming,2025-07-12T22:00:00+08:00,质检员05
QI-0001346,SUP-024,MAT-0201,PO-202601-000551,1160,234,0.20172,fail,final,2025-09-09T16:00:00+08:00,质检员18
QI-0001347,SUP-057,MAT-0010,PO-202509-000805,2975,357,0.12,fail,final,2026-01-20T06:00:00+08:00,质检员08
QI-0001348,SUP-019,MAT-0060,PO-202605-000297,1659,206,0.12417,fail,incoming,2026-03-19T14:00:00+08:00,质检员05
QI-0001349,SUP-026,MAT-0140,PO-202512-001257,3775,754,0.19974,fail,process,2026-02-21T21:00:00+08:00,质检员07
QI-0001350,SUP-036,MAT-0235,PO-202510-000639,2693,373,0.13851,fail,final,2025-09-07T13:00:00+08:00,质检员06
QI-0001351,SUP-048,MAT-0171,PO-202606-001066,2853,166,0.05818,fail,final,2025-07-04T07:00:00+08:00,质检员06
QI-0001352,SUP-031,MAT-0004,PO-202508-000788,3041,602,0.19796,fail,final,2026-03-25T23:00:00+08:00,质检员13
QI-0001353,SUP-020,MAT-0001,PO-202601-000998,4732,614,0.12975,fail,final,2025-07-15T04:00:00+08:00,质检员06
QI-0001354,SUP-059,MAT-0021,PO-202602-001276,1913,89,0.04652,fail,process,2025-11-28T19:00:00+08:00,质检员16
QI-0001355,SUP-031,MAT-0100,PO-202601-000390,1255,258,0.20558,fail,incoming,2025-08-27T21:00:00+08:00,质检员17
QI-0001356,SUP-036,MAT-0235,PO-202606-000340,2159,346,0.16026,fail,incoming,2026-05-22T12:00:00+08:00,质检员18
QI-0001357,SUP-001,MAT-0095,PO-202604-001021,569,113,0.19859,fail,final,2025-12-30T05:00:00+08:00,质检员10
QI-0001358,SUP-025,MAT-0168,PO-202510-001626,4441,1062,0.23914,fail,process,2025-11-20T12:00:00+08:00,质检员11
QI-0001359,SUP-018,MAT-0168,PO-202605-001203,2092,0,0.0,pass,process,2025-07-03T18:00:00+08:00,质检员01
QI-0001360,SUP-058,MAT-0004,PO-202605-001081,2619,333,0.12715,fail,incoming,2025-09-30T17:00:00+08:00,质检员02
QI-0001361,SUP-022,MAT-0221,PO-202506-000690,894,84,0.09396,fail,incoming,2026-06-08T20:00:00+08:00,质检员04
QI-0001362,SUP-030,MAT-0211,PO-202606-001647,4380,110,0.02511,pass,process,2025-11-23T07:00:00+08:00,质检员05
QI-0001363,SUP-048,MAT-0060,PO-202512-001436,1000,47,0.047,fail,incoming,2025-11-24T03:00:00+08:00,质检员17
QI-0001364,SUP-014,MAT-0200,PO-202512-001764,4641,93,0.02004,pass,final,2026-05-11T03:00:00+08:00,质检员11
QI-0001365,SUP-003,MAT-0153,PO-202604-001190,3697,256,0.06925,fail,incoming,2026-05-27T08:00:00+08:00,质检员13
QI-0001366,SUP-047,MAT-0093,PO-202512-000900,3251,613,0.18856,fail,incoming,2026-01-17T16:00:00+08:00,质检员06
QI-0001367,SUP-043,MAT-0029,PO-202604-000764,1060,200,0.18868,fail,process,2025-07-03T06:00:00+08:00,质检员05
QI-0001368,SUP-040,MAT-0161,PO-202508-001598,4176,344,0.08238,fail,process,2025-07-01T13:00:00+08:00,质检员13
QI-0001369,SUP-050,MAT-0035,PO-202509-001089,465,117,0.25161,fail,incoming,2025-07-20T22:00:00+08:00,质检员07
QI-0001370,SUP-053,MAT-0008,PO-202604-000264,3384,443,0.13091,fail,process,2025-12-07T10:00:00+08:00,质检员10
QI-0001371,SUP-053,MAT-0092,PO-202508-000667,4378,600,0.13705,fail,final,2026-03-20T10:00:00+08:00,质检员07
QI-0001372,SUP-002,MAT-0083,PO-202604-001112,3451,458,0.13272,fail,process,2025-12-02T03:00:00+08:00,质检员19
QI-0001373,SUP-054,MAT-0219,PO-202509-001786,4320,111,0.02569,pass,final,2026-04-15T13:00:00+08:00,质检员11
QI-0001374,SUP-016,MAT-0106,PO-202506-001708,2046,222,0.1085,fail,process,2026-03-29T11:00:00+08:00,质检员13
QI-0001375,SUP-002,MAT-0238,PO-202511-000933,923,118,0.12784,fail,process,2026-05-31T13:00:00+08:00,质检员18
QI-0001376,SUP-053,MAT-0015,PO-202510-001441,4499,661,0.14692,fail,final,2025-10-20T03:00:00+08:00,质检员11
QI-0001377,SUP-042,MAT-0017,PO-202511-001485,3539,103,0.0291,pass,process,2025-10-05T18:00:00+08:00,质检员14
QI-0001378,SUP-023,MAT-0094,PO-202509-000886,2306,203,0.08803,fail,final,2025-07-18T02:00:00+08:00,质检员20
QI-0001379,SUP-044,MAT-0190,PO-202510-001156,3803,433,0.11386,fail,final,2026-03-14T13:00:00+08:00,质检员06
QI-0001380,SUP-053,MAT-0037,PO-202603-001479,1054,137,0.12998,fail,final,2025-10-08T06:00:00+08:00,质检员18
QI-0001381,SUP-058,MAT-0107,PO-202508-001608,1685,200,0.11869,fail,process,2025-09-17T15:00:00+08:00,质检员14
QI-0001382,SUP-011,MAT-0044,PO-202509-001339,2013,110,0.05464,fail,incoming,2025-12-31T06:00:00+08:00,质检员17
QI-0001383,SUP-015,MAT-0162,PO-202507-000334,1925,360,0.18701,fail,process,2026-02-17T03:00:00+08:00,质检员14
QI-0001384,SUP-020,MAT-0199,PO-202601-001134,4927,608,0.1234,fail,process,2025-12-04T08:00:00+08:00,质检员01
QI-0001385,SUP-030,MAT-0002,PO-202602-000543,3499,39,0.01115,pass,final,2026-04-16T01:00:00+08:00,质检员19
QI-0001386,SUP-054,MAT-0027,PO-202604-001723,4310,124,0.02877,pass,process,2025-07-06T08:00:00+08:00,质检员06
QI-0001387,SUP-027,MAT-0125,PO-202509-001521,2980,675,0.22651,fail,process,2025-08-23T18:00:00+08:00,质检员07
QI-0001388,SUP-031,MAT-0116,PO-202508-001656,2908,658,0.22627,fail,process,2026-01-22T00:00:00+08:00,质检员05
QI-0001389,SUP-018,MAT-0194,PO-202512-000147,194,9,0.04639,fail,final,2025-08-31T06:00:00+08:00,质检员01
QI-0001390,SUP-034,MAT-0147,PO-202508-000809,2119,387,0.18263,fail,final,2025-07-19T16:00:00+08:00,质检员08
QI-0001391,SUP-011,MAT-0045,PO-202603-001198,954,92,0.09644,fail,incoming,2025-10-31T14:00:00+08:00,质检员19
QI-0001392,SUP-059,MAT-0122,PO-202510-001796,1012,30,0.02964,pass,incoming,2026-03-21T05:00:00+08:00,质检员20
QI-0001393,SUP-046,MAT-0037,PO-202604-001062,1088,96,0.08824,fail,incoming,2025-06-16T08:00:00+08:00,质检员07
QI-0001394,SUP-031,MAT-0100,PO-202509-001350,1277,279,0.21848,fail,final,2025-12-06T20:00:00+08:00,质检员01
QI-0001395,SUP-052,MAT-0007,PO-202606-000402,280,15,0.05357,fail,process,2026-02-24T23:00:00+08:00,质检员05
QI-0001396,SUP-026,MAT-0093,PO-202511-000047,4294,836,0.19469,fail,process,2025-08-18T15:00:00+08:00,质检员01
QI-0001397,SUP-024,MAT-0033,PO-202507-001390,4188,824,0.19675,fail,final,2025-10-29T11:00:00+08:00,质检员04
QI-0001398,SUP-043,MAT-0165,PO-202511-000149,2398,386,0.16097,fail,final,2025-09-12T05:00:00+08:00,质检员19
QI-0001399,SUP-013,MAT-0068,PO-202509-001404,1333,223,0.16729,fail,final,2026-05-15T04:00:00+08:00,质检员06
QI-0001400,SUP-046,MAT-0085,PO-202508-001788,1742,138,0.07922,fail,incoming,2026-04-05T14:00:00+08:00,质检员08
QI-0001401,SUP-035,MAT-0018,PO-202602-000211,1957,197,0.10066,fail,incoming,2026-02-04T07:00:00+08:00,质检员10
QI-0001402,SUP-043,MAT-0165,PO-202602-001292,3364,538,0.15993,fail,final,2025-06-20T21:00:00+08:00,质检员20
QI-0001403,SUP-014,MAT-0069,PO-202508-001361,3920,108,0.02755,pass,final,2026-01-28T04:00:00+08:00,质检员13
QI-0001404,SUP-054,MAT-0238,PO-202606-001120,3517,102,0.029,pass,incoming,2025-12-17T18:00:00+08:00,质检员17
QI-0001405,SUP-021,MAT-0109,PO-202511-000961,304,43,0.14145,fail,final,2026-04-20T04:00:00+08:00,质检员03
QI-0001406,SUP-053,MAT-0085,PO-202601-001384,805,106,0.13168,fail,final,2025-11-14T20:00:00+08:00,质检员13
QI-0001407,SUP-001,MAT-0033,PO-202509-000854,3645,770,0.21125,fail,final,2026-05-16T09:00:00+08:00,质检员19
QI-0001408,SUP-053,MAT-0062,PO-202601-000998,1838,269,0.14635,fail,incoming,2026-02-09T22:00:00+08:00,质检员17
QI-0001409,SUP-037,MAT-0158,PO-202604-000970,116,26,0.22414,fail,final,2026-02-13T07:00:00+08:00,质检员14
QI-0001410,SUP-038,MAT-0046,PO-202604-000753,3193,510,0.15972,fail,incoming,2026-02-06T17:00:00+08:00,质检员06
QI-0001411,SUP-059,MAT-0090,PO-202601-000228,4744,169,0.03562,fail,final,2025-11-17T15:00:00+08:00,质检员08
QI-0001412,SUP-024,MAT-0212,PO-202510-000279,1526,346,0.22674,fail,incoming,2025-12-26T20:00:00+08:00,质检员14
QI-0001413,SUP-015,MAT-0072,PO-202603-001287,4932,889,0.18025,fail,incoming,2025-11-22T10:00:00+08:00,质检员02
QI-0001414,SUP-034,MAT-0125,PO-202603-000175,1729,363,0.20995,fail,process,2025-08-21T15:00:00+08:00,质检员10
QI-0001415,SUP-033,MAT-0150,PO-202511-001142,4277,181,0.04232,fail,incoming,2025-06-20T19:00:00+08:00,质检员07
QI-0001416,SUP-010,MAT-0027,PO-202601-000269,1511,249,0.16479,fail,incoming,2026-03-10T09:00:00+08:00,质检员09
QI-0001417,SUP-020,MAT-0046,PO-202512-000414,1281,194,0.15144,fail,final,2025-07-26T01:00:00+08:00,质检员07
QI-0001418,SUP-049,MAT-0181,PO-202602-001611,2733,31,0.01134,pass,process,2025-09-02T02:00:00+08:00,质检员02
QI-0001419,SUP-011,MAT-0022,PO-202508-001197,1280,126,0.09844,fail,final,2026-03-07T14:00:00+08:00,质检员12
QI-0001420,SUP-022,MAT-0112,PO-202606-001456,1265,97,0.07668,fail,process,2025-08-13T05:00:00+08:00,质检员20
QI-0001421,SUP-027,MAT-0029,PO-202605-000677,3503,857,0.24465,fail,incoming,2025-08-02T19:00:00+08:00,质检员12
QI-0001422,SUP-037,MAT-0118,PO-202509-000769,4302,908,0.21106,fail,final,2025-08-12T03:00:00+08:00,质检员02
QI-0001423,SUP-008,MAT-0085,PO-202509-000914,741,153,0.20648,fail,final,2026-02-09T16:00:00+08:00,质检员07
QI-0001424,SUP-020,MAT-0054,PO-202510-001768,3222,372,0.11546,fail,final,2026-02-26T12:00:00+08:00,质检员17
QI-0001425,SUP-029,MAT-0148,PO-202602-000188,1258,22,0.01749,pass,incoming,2026-01-12T20:00:00+08:00,质检员17
QI-0001426,SUP-023,MAT-0031,PO-202603-000717,3340,226,0.06766,fail,incoming,2026-04-11T20:00:00+08:00,质检员11
QI-0001427,SUP-035,MAT-0070,PO-202507-000581,4735,439,0.09271,fail,final,2025-11-07T23:00:00+08:00,质检员17
QI-0001428,SUP-031,MAT-0116,PO-202511-000679,3873,789,0.20372,fail,process,2025-07-27T21:00:00+08:00,质检员03
QI-0001429,SUP-013,MAT-0091,PO-202509-000027,2288,369,0.16128,fail,final,2025-10-11T18:00:00+08:00,质检员17
QI-0001430,SUP-047,MAT-0114,PO-202604-001224,4955,965,0.19475,fail,process,2026-05-13T00:00:00+08:00,质检员03
QI-0001431,SUP-050,MAT-0071,PO-202604-000335,4378,960,0.21928,fail,final,2026-06-11T01:00:00+08:00,质检员20
QI-0001432,SUP-021,MAT-0239,PO-202512-001665,4508,751,0.16659,fail,final,2025-09-07T15:00:00+08:00,质检员17
QI-0001433,SUP-002,MAT-0123,PO-202509-000302,2417,330,0.13653,fail,incoming,2025-11-24T10:00:00+08:00,质检员20
QI-0001434,SUP-021,MAT-0239,PO-202511-001481,3880,678,0.17474,fail,incoming,2026-06-13T03:00:00+08:00,质检员01
QI-0001435,SUP-002,MAT-0073,PO-202604-000416,4162,598,0.14368,fail,process,2026-06-04T09:00:00+08:00,质检员14
QI-0001436,SUP-025,MAT-0090,PO-202603-001477,274,54,0.19708,fail,final,2026-03-29T13:00:00+08:00,质检员17
QI-0001437,SUP-035,MAT-0051,PO-202602-001012,3119,275,0.08817,fail,final,2026-01-20T07:00:00+08:00,质检员19
QI-0001438,SUP-001,MAT-0018,PO-202605-000404,1906,320,0.16789,fail,incoming,2026-05-01T10:00:00+08:00,质检员16
QI-0001439,SUP-024,MAT-0212,PO-202601-000847,3983,834,0.20939,fail,process,2025-07-27T07:00:00+08:00,质检员08
QI-0001440,SUP-028,MAT-0236,PO-202602-000110,2794,429,0.15354,fail,process,2026-02-13T18:00:00+08:00,质检员09
QI-0001441,SUP-026,MAT-0163,PO-202602-001041,4523,879,0.19434,fail,final,2026-04-17T14:00:00+08:00,质检员20
QI-0001442,SUP-051,MAT-0027,PO-202508-001799,4736,1082,0.22846,fail,final,2025-08-18T06:00:00+08:00,质检员10
QI-0001443,SUP-045,MAT-0207,PO-202509-000878,1806,310,0.17165,fail,final,2025-07-27T11:00:00+08:00,质检员17
QI-0001444,SUP-028,MAT-0202,PO-202605-000447,832,91,0.10938,fail,process,2025-08-05T13:00:00+08:00,质检员12
QI-0001445,SUP-030,MAT-0138,PO-202509-001222,1856,0,0.0,pass,final,2025-12-30T22:00:00+08:00,质检员03
QI-0001446,SUP-049,MAT-0181,PO-202511-000282,1526,51,0.03342,fail,final,2026-06-10T11:00:00+08:00,质检员17
QI-0001447,SUP-051,MAT-0099,PO-202512-000190,1942,493,0.25386,fail,final,2025-09-23T03:00:00+08:00,质检员07
QI-0001448,SUP-023,MAT-0212,PO-202508-000180,2743,196,0.07145,fail,final,2025-10-12T04:00:00+08:00,质检员15
QI-0001449,SUP-043,MAT-0125,PO-202511-000585,1248,222,0.17788,fail,process,2025-08-15T15:00:00+08:00,质检员20
QI-0001450,SUP-032,MAT-0142,PO-202510-000898,3620,731,0.20193,fail,final,2025-07-22T13:00:00+08:00,质检员05
QI-0001451,SUP-051,MAT-0200,PO-202508-000667,832,194,0.23317,fail,final,2026-01-25T14:00:00+08:00,质检员05
QI-0001452,SUP-008,MAT-0091,PO-202509-000065,4770,1010,0.21174,fail,process,2025-12-14T14:00:00+08:00,质检员14
QI-0001453,SUP-056,MAT-0165,PO-202510-001616,824,89,0.10801,fail,process,2026-03-24T23:00:00+08:00,质检员20
QI-0001454,SUP-031,MAT-0007,PO-202605-000297,1914,392,0.20481,fail,process,2025-06-27T08:00:00+08:00,质检员05
QI-0001455,SUP-043,MAT-0032,PO-202508-000656,116,20,0.17241,fail,process,2025-07-14T09:00:00+08:00,质检员08
QI-0001456,SUP-045,MAT-0075,PO-202507-000552,222,39,0.17568,fail,incoming,2026-01-19T16:00:00+08:00,质检员14
QI-0001457,SUP-026,MAT-0040,PO-202606-001351,1744,320,0.18349,fail,process,2026-03-23T14:00:00+08:00,质检员06
QI-0001458,SUP-025,MAT-0053,PO-202508-000622,1295,280,0.21622,fail,process,2025-09-04T14:00:00+08:00,质检员02
QI-0001459,SUP-055,MAT-0138,PO-202508-000035,3815,186,0.04875,fail,incoming,2025-08-26T15:00:00+08:00,质检员02
QI-0001460,SUP-011,MAT-0030,PO-202603-001229,944,81,0.08581,fail,process,2025-09-15T04:00:00+08:00,质检员07
QI-0001461,SUP-045,MAT-0075,PO-202605-000977,1605,273,0.17009,fail,incoming,2026-04-29T01:00:00+08:00,质检员04
QI-0001462,SUP-002,MAT-0123,PO-202512-000662,3553,546,0.15367,fail,final,2025-08-27T00:00:00+08:00,质检员06
QI-0001463,SUP-020,MAT-0169,PO-202507-000963,3890,419,0.10771,fail,incoming,2025-10-26T12:00:00+08:00,质检员13
QI-0001464,SUP-053,MAT-0015,PO-202603-000325,4287,423,0.09867,fail,process,2025-09-25T08:00:00+08:00,质检员20
QI-0001465,SUP-014,MAT-0071,PO-202604-000189,2263,34,0.01502,pass,process,2025-12-05T17:00:00+08:00,质检员01
QI-0001466,SUP-025,MAT-0161,PO-202509-000343,253,48,0.18972,fail,final,2025-11-28T19:00:00+08:00,质检员11
QI-0001467,SUP-046,MAT-0032,PO-202507-001746,299,29,0.09699,fail,final,2026-03-02T11:00:00+08:00,质检员07
QI-0001468,SUP-037,MAT-0149,PO-202506-000924,2279,472,0.20711,fail,process,2026-02-24T10:00:00+08:00,质检员14
QI-0001469,SUP-005,MAT-0160,PO-202605-001560,3360,501,0.14911,fail,incoming,2025-11-22T09:00:00+08:00,质检员08
QI-0001470,SUP-011,MAT-0086,PO-202606-001647,4588,362,0.0789,fail,final,2026-03-11T22:00:00+08:00,质检员15
QI-0001471,SUP-008,MAT-0216,PO-202601-000680,119,26,0.21849,fail,process,2025-06-30T13:00:00+08:00,质检员18
QI-0001472,SUP-017,MAT-0220,PO-202604-000372,1156,58,0.05017,fail,process,2026-04-16T21:00:00+08:00,质检员11
QI-0001473,SUP-025,MAT-0168,PO-202604-000944,965,193,0.2,fail,incoming,2025-09-28T04:00:00+08:00,质检员06
QI-0001474,SUP-051,MAT-0106,PO-202509-001080,3406,732,0.21491,fail,process,2025-10-10T12:00:00+08:00,质检员07
QI-0001475,SUP-009,MAT-0022,PO-202605-000965,1441,163,0.11312,fail,final,2025-09-23T06:00:00+08:00,质检员09
QI-0001476,SUP-034,MAT-0197,PO-202512-000773,4969,904,0.18193,fail,process,2025-09-30T04:00:00+08:00,质检员01
QI-0001477,SUP-060,MAT-0238,PO-202510-001189,725,34,0.0469,fail,process,2025-12-08T04:00:00+08:00,质检员15
QI-0001478,SUP-030,MAT-0138,PO-202604-001497,1564,30,0.01918,pass,incoming,2026-02-21T05:00:00+08:00,质检员07
QI-0001479,SUP-017,MAT-0140,PO-202601-000559,1094,64,0.0585,fail,incoming,2026-03-03T21:00:00+08:00,质检员19
QI-0001480,SUP-011,MAT-0074,PO-202507-000889,2736,175,0.06396,fail,incoming,2025-07-12T15:00:00+08:00,质检员17
QI-0001481,SUP-008,MAT-0003,PO-202606-000362,3662,801,0.21873,fail,final,2026-03-05T00:00:00+08:00,质检员13
QI-0001482,SUP-058,MAT-0021,PO-202605-001170,4318,575,0.13316,fail,final,2025-09-05T22:00:00+08:00,质检员12
QI-0001483,SUP-008,MAT-0082,PO-202510-000708,119,24,0.20168,fail,incoming,2026-06-03T13:00:00+08:00,质检员06
QI-0001484,SUP-053,MAT-0062,PO-202601-001034,1961,281,0.14329,fail,process,2025-09-09T18:00:00+08:00,质检员07
QI-0001485,SUP-013,MAT-0223,PO-202511-001462,3082,447,0.14504,fail,final,2025-11-02T10:00:00+08:00,质检员08
QI-0001486,SUP-060,MAT-0057,PO-202605-001461,1152,57,0.04948,fail,process,2026-03-08T09:00:00+08:00,质检员10
QI-0001487,SUP-044,MAT-0051,PO-202601-001498,3974,453,0.11399,fail,incoming,2026-04-02T20:00:00+08:00,质检员11
QI-0001488,SUP-060,MAT-0178,PO-202509-000166,2176,107,0.04917,fail,incoming,2025-07-14T16:00:00+08:00,质检员14
QI-0001489,SUP-015,MAT-0053,PO-202506-001634,2165,391,0.1806,fail,process,2026-02-28T10:00:00+08:00,质检员07
QI-0001490,SUP-022,MAT-0214,PO-202510-001310,1996,177,0.08868,fail,process,2025-08-13T04:00:00+08:00,质检员03
QI-0001491,SUP-004,MAT-0147,PO-202605-000308,387,28,0.07235,fail,process,2026-01-05T08:00:00+08:00,质检员07
QI-0001492,SUP-022,MAT-0141,PO-202510-001511,4765,463,0.09717,fail,final,2026-05-19T06:00:00+08:00,质检员09
QI-0001493,SUP-046,MAT-0109,PO-202511-001542,691,79,0.11433,fail,final,2026-02-16T05:00:00+08:00,质检员20
QI-0001494,SUP-004,MAT-0087,PO-202603-000555,4327,388,0.08967,fail,process,2026-03-16T12:00:00+08:00,质检员07
QI-0001495,SUP-042,MAT-0138,PO-202511-001209,3556,209,0.05877,fail,incoming,2025-06-15T09:00:00+08:00,质检员09
QI-0001496,SUP-045,MAT-0058,PO-202508-001177,195,34,0.17436,fail,incoming,2025-12-19T12:00:00+08:00,质检员19
QI-0001497,SUP-032,MAT-0124,PO-202508-000388,472,80,0.16949,fail,incoming,2026-06-11T14:00:00+08:00,质检员09
QI-0001498,SUP-004,MAT-0030,PO-202512-000375,1017,59,0.05801,fail,incoming,2025-12-21T02:00:00+08:00,质检员17
QI-0001499,SUP-020,MAT-0169,PO-202507-001246,4060,610,0.15025,fail,final,2025-11-21T12:00:00+08:00,质检员18
QI-0001500,SUP-017,MAT-0003,PO-202511-000094,764,14,0.01832,pass,incoming,2025-11-02T10:00:00+08:00,质检员18
QI-0001501,SUP-010,MAT-0049,PO-202603-000880,810,122,0.15062,fail,incoming,2025-11-28T20:00:00+08:00,质检员06
QI-0001502,SUP-015,MAT-0132,PO-202507-000957,111,19,0.17117,fail,process,2026-02-09T06:00:00+08:00,质检员08
QI-0001503,SUP-007,MAT-0076,PO-202603-000564,3305,318,0.09622,fail,process,2026-03-30T20:00:00+08:00,质检员17
QI-0001504,SUP-020,MAT-0012,PO-202606-001026,3586,370,0.10318,fail,process,2026-04-01T00:00:00+08:00,质检员08
QI-0001505,SUP-028,MAT-0055,PO-202506-000736,2292,253,0.11038,fail,final,2025-08-12T17:00:00+08:00,质检员20
QI-0001506,SUP-051,MAT-0224,PO-202511-000196,1176,286,0.2432,fail,final,2025-08-25T06:00:00+08:00,质检员10
QI-0001507,SUP-006,MAT-0047,PO-202602-000069,2138,396,0.18522,fail,incoming,2025-12-19T22:00:00+08:00,质检员17
QI-0001508,SUP-028,MAT-0202,PO-202507-001471,4624,650,0.14057,fail,incoming,2026-02-26T01:00:00+08:00,质检员12
QI-0001509,SUP-001,MAT-0116,PO-202602-001308,1377,252,0.18301,fail,process,2025-10-19T13:00:00+08:00,质检员13
QI-0001510,SUP-034,MAT-0197,PO-202606-000340,4614,927,0.20091,fail,final,2025-11-12T00:00:00+08:00,质检员12
QI-0001511,SUP-031,MAT-0116,PO-202604-000172,2641,598,0.22643,fail,incoming,2026-01-11T16:00:00+08:00,质检员09
QI-0001512,SUP-001,MAT-0034,PO-202603-001686,3646,745,0.20433,fail,final,2025-11-05T08:00:00+08:00,质检员03
QI-0001513,SUP-015,MAT-0226,PO-202509-001350,4269,836,0.19583,fail,incoming,2025-12-26T10:00:00+08:00,质检员09
QI-0001514,SUP-007,MAT-0064,PO-202605-000357,1690,143,0.08462,fail,final,2025-07-31T03:00:00+08:00,质检员10
QI-0001515,SUP-041,MAT-0016,PO-202604-000212,3774,778,0.20615,fail,process,2026-01-04T08:00:00+08:00,质检员12
QI-0001516,SUP-020,MAT-0133,PO-202603-000221,2740,351,0.1281,fail,process,2026-05-07T10:00:00+08:00,质检员17
QI-0001517,SUP-056,MAT-0143,PO-202603-001087,4321,360,0.08331,fail,final,2025-07-20T16:00:00+08:00,质检员04
QI-0001518,SUP-006,MAT-0074,PO-202512-001366,1942,403,0.20752,fail,final,2026-01-21T01:00:00+08:00,质检员06
QI-0001519,SUP-028,MAT-0111,PO-202509-001521,3666,512,0.13966,fail,incoming,2026-01-18T11:00:00+08:00,质检员07
QI-0001520,SUP-040,MAT-0133,PO-202603-001458,4521,511,0.11303,fail,incoming,2026-04-22T08:00:00+08:00,质检员10
QI-0001521,SUP-042,MAT-0169,PO-202507-001643,2742,174,0.06346,fail,incoming,2026-01-25T19:00:00+08:00,质检员11
QI-0001522,SUP-029,MAT-0014,PO-202511-000585,1343,16,0.01191,pass,final,2025-10-09T17:00:00+08:00,质检员20
QI-0001523,SUP-057,MAT-0191,PO-202512-000445,1319,143,0.10842,fail,incoming,2025-07-23T02:00:00+08:00,质检员17
QI-0001524,SUP-014,MAT-0150,PO-202510-000005,3526,83,0.02354,pass,final,2026-02-05T13:00:00+08:00,质检员10
QI-0001525,SUP-015,MAT-0215,PO-202506-001585,180,30,0.16667,fail,incoming,2025-09-30T04:00:00+08:00,质检员08
QI-0001526,SUP-037,MAT-0004,PO-202604-000721,203,43,0.21182,fail,final,2026-03-04T04:00:00+08:00,质检员14
QI-0001527,SUP-038,MAT-0052,PO-202605-000807,2747,478,0.17401,fail,process,2026-05-16T22:00:00+08:00,质检员02
QI-0001528,SUP-041,MAT-0104,PO-202509-001530,3689,949,0.25725,fail,process,2025-09-17T11:00:00+08:00,质检员08
QI-0001529,SUP-051,MAT-0081,PO-202510-001487,1305,292,0.22375,fail,incoming,2026-04-27T18:00:00+08:00,质检员06
QI-0001530,SUP-002,MAT-0226,PO-202604-001569,3126,519,0.16603,fail,incoming,2025-09-03T02:00:00+08:00,质检员04
QI-0001531,SUP-020,MAT-0179,PO-202509-000294,4566,528,0.11564,fail,incoming,2025-09-18T07:00:00+08:00,质检员07
QI-0001532,SUP-058,MAT-0101,PO-202604-000453,4200,486,0.11571,fail,final,2025-08-06T14:00:00+08:00,质检员01
QI-0001533,SUP-057,MAT-0057,PO-202603-000980,739,51,0.06901,fail,process,2025-06-29T01:00:00+08:00,质检员03
QI-0001534,SUP-021,MAT-0115,PO-202605-001621,3820,600,0.15707,fail,final,2026-02-12T05:00:00+08:00,质检员08
QI-0001535,SUP-052,MAT-0007,PO-202605-000404,1027,55,0.05355,fail,incoming,2025-07-01T09:00:00+08:00,质检员12
QI-0001536,SUP-055,MAT-0048,PO-202508-001002,3898,235,0.06029,fail,final,2025-10-28T22:00:00+08:00,质检员20
QI-0001537,SUP-028,MAT-0236,PO-202507-000486,252,35,0.13889,fail,process,2025-11-21T23:00:00+08:00,质检员17
QI-0001538,SUP-029,MAT-0172,PO-202511-000057,3105,0,0.0,pass,process,2025-09-23T01:00:00+08:00,质检员16
QI-0001539,SUP-009,MAT-0227,PO-202605-001540,3138,338,0.10771,fail,incoming,2026-04-06T23:00:00+08:00,质检员06
QI-0001540,SUP-057,MAT-0051,PO-202601-000952,4273,497,0.11631,fail,final,2026-02-02T20:00:00+08:00,质检员03
QI-0001541,SUP-025,MAT-0168,PO-202512-001007,2435,555,0.22793,fail,process,2025-10-15T06:00:00+08:00,质检员13
QI-0001542,SUP-021,MAT-0190,PO-202507-001769,2442,384,0.15725,fail,incoming,2025-12-11T06:00:00+08:00,质检员17
QI-0001543,SUP-031,MAT-0004,PO-202511-001485,2218,430,0.19387,fail,incoming,2025-12-24T00:00:00+08:00,质检员18
QI-0001544,SUP-036,MAT-0040,PO-202604-001071,3706,590,0.1592,fail,process,2025-09-29T08:00:00+08:00,质检员14
QI-0001545,SUP-053,MAT-0024,PO-202506-000725,2113,282,0.13346,fail,final,2025-06-16T10:00:00+08:00,质检员07
QI-0001546,SUP-026,MAT-0195,PO-202512-000115,1123,226,0.20125,fail,incoming,2026-03-26T06:00:00+08:00,质检员01
QI-0001547,SUP-028,MAT-0131,PO-202606-000911,3685,502,0.13623,fail,process,2026-05-31T23:00:00+08:00,质检员17
QI-0001548,SUP-005,MAT-0193,PO-202606-000593,3865,631,0.16326,fail,process,2025-09-05T08:00:00+08:00,质检员13
QI-0001549,SUP-023,MAT-0213,PO-202510-001765,324,24,0.07407,fail,incoming,2026-02-06T02:00:00+08:00,质检员03
QI-0001550,SUP-037,MAT-0097,PO-202512-001518,1978,408,0.20627,fail,process,2025-06-28T22:00:00+08:00,质检员05
QI-0001551,SUP-026,MAT-0132,PO-202604-001775,1310,218,0.16641,fail,process,2025-07-08T09:00:00+08:00,质检员18
QI-0001552,SUP-042,MAT-0052,PO-202604-000335,1570,46,0.0293,pass,incoming,2025-10-03T18:00:00+08:00,质检员01
QI-0001553,SUP-060,MAT-0002,PO-202606-000030,3822,114,0.02983,pass,process,2025-08-08T05:00:00+08:00,质检员19
QI-0001554,SUP-036,MAT-0036,PO-202511-000651,966,140,0.14493,fail,final,2025-12-04T09:00:00+08:00,质检员16
QI-0001555,SUP-002,MAT-0080,PO-202508-000517,1308,198,0.15138,fail,incoming,2026-03-17T18:00:00+08:00,质检员01
QI-0001556,SUP-024,MAT-0209,PO-202508-001039,3423,617,0.18025,fail,process,2026-05-14T15:00:00+08:00,质检员18
QI-0001557,SUP-050,MAT-0202,PO-202512-000170,1016,224,0.22047,fail,process,2026-01-30T03:00:00+08:00,质检员12
QI-0001558,SUP-007,MAT-0187,PO-202509-000986,1404,117,0.08333,fail,final,2025-07-10T19:00:00+08:00,质检员05
QI-0001559,SUP-035,MAT-0032,PO-202511-000487,3690,300,0.0813,fail,process,2026-05-14T04:00:00+08:00,质检员16
QI-0001560,SUP-003,MAT-0009,PO-202512-001740,2530,144,0.05692,fail,final,2026-05-26T13:00:00+08:00,质检员06
QI-0001561,SUP-012,MAT-0006,PO-202507-001571,1957,276,0.14103,fail,incoming,2025-12-21T02:00:00+08:00,质检员18
QI-0001562,SUP-007,MAT-0180,PO-202604-000993,511,50,0.09785,fail,final,2025-10-09T13:00:00+08:00,质检员14
QI-0001563,SUP-006,MAT-0031,PO-202506-000424,2437,525,0.21543,fail,process,2025-10-06T10:00:00+08:00,质检员03
QI-0001564,SUP-033,MAT-0004,PO-202602-001772,2600,216,0.08308,fail,incoming,2025-12-02T23:00:00+08:00,质检员04
QI-0001565,SUP-015,MAT-0189,PO-202604-001579,3292,654,0.19866,fail,incoming,2025-12-11T20:00:00+08:00,质检员18
QI-0001566,SUP-050,MAT-0202,PO-202606-000340,286,65,0.22727,fail,incoming,2026-05-27T02:00:00+08:00,质检员08
QI-0001567,SUP-035,MAT-0117,PO-202603-000275,2875,264,0.09183,fail,process,2026-02-03T18:00:00+08:00,质检员20
QI-0001568,SUP-022,MAT-0127,PO-202606-000030,4632,392,0.08463,fail,incoming,2026-04-26T16:00:00+08:00,质检员19
QI-0001569,SUP-059,MAT-0021,PO-202601-001384,4336,196,0.0452,fail,process,2025-10-18T11:00:00+08:00,质检员16
QI-0001570,SUP-027,MAT-0023,PO-202509-000476,2442,591,0.24201,fail,process,2026-01-22T05:00:00+08:00,质检员06
QI-0001571,SUP-049,MAT-0113,PO-202604-001214,1591,34,0.02137,pass,incoming,2026-04-04T13:00:00+08:00,质检员04
QI-0001572,SUP-021,MAT-0164,PO-202602-000716,1519,222,0.14615,fail,final,2025-11-28T09:00:00+08:00,质检员17
QI-0001573,SUP-001,MAT-0229,PO-202511-000923,3339,694,0.20785,fail,final,2026-03-12T16:00:00+08:00,质检员13
QI-0001574,SUP-025,MAT-0196,PO-202603-000812,1083,227,0.2096,fail,process,2025-08-17T14:00:00+08:00,质检员05
QI-0001575,SUP-017,MAT-0153,PO-202511-001102,2111,49,0.02321,pass,final,2025-09-30T19:00:00+08:00,质检员14
QI-0001576,SUP-057,MAT-0079,PO-202511-000912,3724,275,0.07385,fail,final,2026-01-07T21:00:00+08:00,质检员07
QI-0001577,SUP-049,MAT-0107,PO-202507-001060,3770,27,0.00716,pass,final,2025-06-24T16:00:00+08:00,质检员15
QI-0001578,SUP-056,MAT-0137,PO-202512-001248,719,74,0.10292,fail,incoming,2026-02-24T07:00:00+08:00,质检员06
QI-0001579,SUP-001,MAT-0229,PO-202507-001162,622,116,0.1865,fail,incoming,2026-04-05T14:00:00+08:00,质检员16
QI-0001580,SUP-057,MAT-0051,PO-202606-000855,3224,343,0.10639,fail,process,2026-05-14T05:00:00+08:00,质检员20
QI-0001581,SUP-041,MAT-0182,PO-202507-000495,3844,775,0.20161,fail,incoming,2026-02-20T03:00:00+08:00,质检员09
QI-0001582,SUP-030,MAT-0138,PO-202601-000183,3540,74,0.0209,pass,final,2026-04-04T06:00:00+08:00,质检员12
QI-0001583,SUP-054,MAT-0048,PO-202606-000314,1876,88,0.04691,fail,process,2025-08-02T22:00:00+08:00,质检员12
QI-0001584,SUP-046,MAT-0098,PO-202508-001627,1862,183,0.09828,fail,final,2026-02-05T03:00:00+08:00,质检员11
QI-0001585,SUP-013,MAT-0097,PO-202509-000248,132,19,0.14394,fail,final,2025-06-26T19:00:00+08:00,质检员05
QI-0001586,SUP-041,MAT-0186,PO-202602-001004,3955,932,0.23565,fail,final,2025-08-05T09:00:00+08:00,质检员03
QI-0001587,SUP-021,MAT-0192,PO-202509-000805,2369,333,0.14057,fail,incoming,2026-01-03T22:00:00+08:00,质检员20
QI-0001588,SUP-032,MAT-0142,PO-202602-000106,855,136,0.15906,fail,final,2026-01-18T13:00:00+08:00,质检员17
QI-0001589,SUP-050,MAT-0071,PO-202605-000297,2958,716,0.24206,fail,final,2026-03-07T01:00:00+08:00,质检员17
QI-0001590,SUP-048,MAT-0026,PO-202606-000935,328,13,0.03963,fail,process,2026-03-25T18:00:00+08:00,质检员16
QI-0001591,SUP-037,MAT-0069,PO-202512-000255,4222,932,0.22075,fail,final,2025-07-11T21:00:00+08:00,质检员16
QI-0001592,SUP-037,MAT-0220,PO-202509-001412,4379,945,0.2158,fail,incoming,2026-02-07T18:00:00+08:00,质检员11
QI-0001593,SUP-032,MAT-0045,PO-202510-000591,172,30,0.17442,fail,incoming,2025-07-15T15:00:00+08:00,质检员12
QI-0001594,SUP-001,MAT-0063,PO-202507-001194,1351,250,0.18505,fail,incoming,2026-05-03T03:00:00+08:00,质检员20
QI-0001595,SUP-003,MAT-0153,PO-202508-001272,4212,290,0.06885,fail,process,2026-02-27T16:00:00+08:00,质检员11
QI-0001596,SUP-039,MAT-0016,PO-202605-000966,1871,188,0.10048,fail,incoming,2026-04-30T22:00:00+08:00,质检员20
QI-0001597,SUP-012,MAT-0124,PO-202507-000140,2356,320,0.13582,fail,incoming,2026-03-29T06:00:00+08:00,质检员12
QI-0001598,SUP-022,MAT-0106,PO-202605-000447,2436,281,0.11535,fail,incoming,2025-09-26T06:00:00+08:00,质检员01
QI-0001599,SUP-038,MAT-0136,PO-202509-000058,631,117,0.18542,fail,final,2025-10-17T19:00:00+08:00,质检员20
QI-0001600,SUP-026,MAT-0043,PO-202606-000428,977,162,0.16581,fail,incoming,2026-03-21T11:00:00+08:00,质检员07
QI-0001601,SUP-016,MAT-0127,PO-202509-000659,3332,345,0.10354,fail,incoming,2026-02-01T04:00:00+08:00,质检员07
QI-0001602,SUP-019,MAT-0118,PO-202507-001220,1714,189,0.11027,fail,process,2026-03-05T06:00:00+08:00,质检员02
QI-0001603,SUP-008,MAT-0085,PO-202601-000757,4956,1025,0.20682,fail,final,2026-05-27T07:00:00+08:00,质检员15
QI-0001604,SUP-040,MAT-0161,PO-202509-001154,2572,245,0.09526,fail,final,2025-06-25T08:00:00+08:00,质检员13
QI-0001605,SUP-012,MAT-0123,PO-202507-001427,2482,334,0.13457,fail,process,2025-09-27T16:00:00+08:00,质检员12
QI-0001606,SUP-024,MAT-0209,PO-202511-000613,4743,1048,0.22096,fail,incoming,2025-09-13T04:00:00+08:00,质检员05
QI-0001607,SUP-045,MAT-0001,PO-202508-000829,4459,840,0.18838,fail,process,2026-02-15T01:00:00+08:00,质检员17
QI-0001608,SUP-023,MAT-0071,PO-202602-001399,3386,295,0.08712,fail,incoming,2026-04-22T23:00:00+08:00,质检员01
QI-0001609,SUP-030,MAT-0138,PO-202509-001268,1669,41,0.02457,pass,incoming,2026-02-18T06:00:00+08:00,质检员20
QI-0001610,SUP-046,MAT-0216,PO-202508-000427,2748,319,0.11608,fail,incoming,2026-05-15T21:00:00+08:00,质检员14
QI-0001611,SUP-015,MAT-0167,PO-202601-000928,3625,657,0.18124,fail,incoming,2025-12-25T09:00:00+08:00,质检员02
QI-0001612,SUP-012,MAT-0228,PO-202507-000288,278,42,0.15108,fail,process,2025-09-19T17:00:00+08:00,质检员15
QI-0001613,SUP-032,MAT-0141,PO-202606-000540,4998,684,0.13685,fail,process,2026-01-28T06:00:00+08:00,质检员16
QI-0001614,SUP-055,MAT-0121,PO-202602-000131,2963,237,0.07999,fail,final,2026-06-03T03:00:00+08:00,质检员11
QI-0001615,SUP-026,MAT-0043,PO-202604-000454,1371,232,0.16922,fail,process,2026-02-09T14:00:00+08:00,质检员18
QI-0001616,SUP-038,MAT-0052,PO-202512-001740,2460,428,0.17398,fail,final,2025-08-16T18:00:00+08:00,质检员10
QI-0001617,SUP-010,MAT-0100,PO-202603-000425,1005,154,0.15323,fail,process,2025-07-13T14:00:00+08:00,质检员18
QI-0001618,SUP-015,MAT-0072,PO-202508-000829,275,60,0.21818,fail,final,2026-06-04T07:00:00+08:00,质检员15
QI-0001619,SUP-036,MAT-0117,PO-202508-001128,992,153,0.15423,fail,final,2025-08-10T18:00:00+08:00,质检员14
QI-0001620,SUP-057,MAT-0191,PO-202606-000877,2719,243,0.08937,fail,incoming,2025-09-17T17:00:00+08:00,质检员19
QI-0001621,SUP-051,MAT-0060,PO-202512-001221,2580,580,0.22481,fail,incoming,2026-04-06T06:00:00+08:00,质检员15
QI-0001622,SUP-054,MAT-0057,PO-202511-000158,4827,126,0.0261,pass,incoming,2025-09-07T05:00:00+08:00,质检员06
QI-0001623,SUP-019,MAT-0086,PO-202509-000253,1851,187,0.10103,fail,process,2025-12-18T10:00:00+08:00,质检员19
QI-0001624,SUP-023,MAT-0232,PO-202506-001684,2092,185,0.08843,fail,process,2026-04-27T21:00:00+08:00,质检员10
QI-0001625,SUP-014,MAT-0106,PO-202602-001354,771,28,0.03632,fail,final,2025-10-22T06:00:00+08:00,质检员16
QI-0001626,SUP-029,MAT-0002,PO-202509-001751,2874,58,0.02018,pass,final,2026-06-13T01:00:00+08:00,质检员19
QI-0001627,SUP-033,MAT-0150,PO-202507-000599,891,41,0.04602,fail,incoming,2025-11-27T00:00:00+08:00,质检员05
QI-0001628,SUP-045,MAT-0089,PO-202602-000716,2756,525,0.19049,fail,process,2026-03-21T06:00:00+08:00,质检员10
QI-0001629,SUP-053,MAT-0129,PO-202601-000202,372,60,0.16129,fail,incoming,2025-10-17T23:00:00+08:00,质检员18
QI-0001630,SUP-014,MAT-0223,PO-202510-001377,1519,45,0.02962,pass,process,2025-12-17T14:00:00+08:00,质检员02
QI-0001631,SUP-031,MAT-0100,PO-202605-001628,1971,431,0.21867,fail,incoming,2026-04-13T17:00:00+08:00,质检员08
QI-0001632,SUP-002,MAT-0123,PO-202606-000593,1820,296,0.16264,fail,process,2025-09-02T19:00:00+08:00,质检员13
QI-0001633,SUP-031,MAT-0205,PO-202605-001360,1758,320,0.18203,fail,incoming,2025-07-09T23:00:00+08:00,质检员11
QI-0001634,SUP-029,MAT-0134,PO-202510-001133,235,2,0.00851,pass,final,2025-07-18T19:00:00+08:00,质检员01
QI-0001635,SUP-039,MAT-0230,PO-202508-001027,265,19,0.0717,fail,incoming,2026-02-23T10:00:00+08:00,质检员20
QI-0001636,SUP-036,MAT-0040,PO-202512-001333,2295,394,0.17168,fail,incoming,2026-03-05T16:00:00+08:00,质检员03
QI-0001637,SUP-050,MAT-0199,PO-202508-000156,2985,703,0.23551,fail,incoming,2026-01-03T02:00:00+08:00,质检员16
QI-0001638,SUP-050,MAT-0072,PO-202507-000919,4275,887,0.20749,fail,incoming,2025-12-12T13:00:00+08:00,质检员03
QI-0001639,SUP-039,MAT-0116,PO-202510-000700,2714,297,0.10943,fail,final,2026-03-14T16:00:00+08:00,质检员15
QI-0001640,SUP-027,MAT-0125,PO-202507-001251,2682,632,0.23565,fail,incoming,2025-07-25T02:00:00+08:00,质检员08
QI-0001641,SUP-052,MAT-0135,PO-202512-001633,2818,126,0.04471,fail,final,2026-06-01T07:00:00+08:00,质检员06
QI-0001642,SUP-016,MAT-0047,PO-202602-001748,4528,481,0.10623,fail,incoming,2025-12-29T09:00:00+08:00,质检员12
QI-0001643,SUP-054,MAT-0215,PO-202508-001138,2873,149,0.05186,fail,final,2025-08-19T17:00:00+08:00,质检员09
QI-0001644,SUP-014,MAT-0069,PO-202507-000596,1228,59,0.04805,fail,incoming,2025-06-22T10:00:00+08:00,质检员13
QI-0001645,SUP-051,MAT-0081,PO-202602-001655,1256,292,0.23248,fail,process,2025-07-23T13:00:00+08:00,质检员03
QI-0001646,SUP-038,MAT-0136,PO-202601-000091,2189,393,0.17953,fail,process,2026-03-26T09:00:00+08:00,质检员09
QI-0001647,SUP-039,MAT-0052,PO-202508-000909,2520,149,0.05913,fail,final,2025-12-05T23:00:00+08:00,质检员19
QI-0001648,SUP-021,MAT-0125,PO-202606-000367,3546,591,0.16667,fail,final,2025-09-13T04:00:00+08:00,质检员04
QI-0001649,SUP-037,MAT-0100,PO-202605-001360,1283,268,0.20889,fail,incoming,2026-01-02T12:00:00+08:00,质检员05
QI-0001650,SUP-017,MAT-0141,PO-202601-000748,3371,93,0.02759,pass,process,2025-09-16T03:00:00+08:00,质检员09
QI-0001651,SUP-039,MAT-0070,PO-202604-000264,1513,128,0.0846,fail,final,2026-05-11T16:00:00+08:00,质检员17
QI-0001652,SUP-001,MAT-0240,PO-202509-001109,4693,923,0.19668,fail,incoming,2025-06-20T08:00:00+08:00,质检员07
QI-0001653,SUP-052,MAT-0021,PO-202508-000421,3567,65,0.01822,pass,process,2026-05-21T18:00:00+08:00,质检员13
QI-0001654,SUP-042,MAT-0196,PO-202509-000380,4413,164,0.03716,fail,process,2025-11-26T07:00:00+08:00,质检员06
QI-0001655,SUP-038,MAT-0184,PO-202602-000028,3061,611,0.19961,fail,process,2026-06-07T22:00:00+08:00,质检员09
QI-0001656,SUP-039,MAT-0129,PO-202605-000677,2648,204,0.07704,fail,incoming,2026-04-11T09:00:00+08:00,质检员18
QI-0001657,SUP-051,MAT-0224,PO-202510-000681,937,205,0.21878,fail,incoming,2025-07-01T00:00:00+08:00,质检员06
QI-0001658,SUP-010,MAT-0220,PO-202605-001406,268,39,0.14552,fail,final,2026-01-14T01:00:00+08:00,质检员18
QI-0001659,SUP-003,MAT-0175,PO-202602-000444,1393,75,0.05384,fail,incoming,2025-09-10T18:00:00+08:00,质检员10
QI-0001660,SUP-019,MAT-0077,PO-202606-001304,3017,268,0.08883,fail,incoming,2026-05-04T14:00:00+08:00,质检员08
QI-0001661,SUP-025,MAT-0183,PO-202601-001218,2472,551,0.2229,fail,final,2026-04-22T12:00:00+08:00,质检员19
QI-0001662,SUP-060,MAT-0077,PO-202605-000546,2066,172,0.08325,fail,final,2025-11-19T04:00:00+08:00,质检员14
QI-0001663,SUP-060,MAT-0040,PO-202603-001526,3993,167,0.04182,fail,process,2026-02-05T03:00:00+08:00,质检员18
QI-0001664,SUP-055,MAT-0190,PO-202605-000223,2919,187,0.06406,fail,process,2025-12-03T13:00:00+08:00,质检员07
QI-0001665,SUP-048,MAT-0131,PO-202601-001409,2810,106,0.03772,fail,process,2025-09-08T05:00:00+08:00,质检员17
QI-0001666,SUP-047,MAT-0083,PO-202605-001560,4056,779,0.19206,fail,final,2026-06-13T23:00:00+08:00,质检员04
QI-0001667,SUP-056,MAT-0149,PO-202509-000027,2830,246,0.08693,fail,incoming,2025-07-18T07:00:00+08:00,质检员14
QI-0001668,SUP-008,MAT-0163,PO-202510-001013,1284,262,0.20405,fail,incoming,2026-05-19T18:00:00+08:00,质检员09
QI-0001669,SUP-043,MAT-0056,PO-202604-000187,80,12,0.15,fail,process,2026-03-09T21:00:00+08:00,质检员11
QI-0001670,SUP-060,MAT-0136,PO-202604-001313,1819,68,0.03738,fail,process,2025-12-29T00:00:00+08:00,质检员02
QI-0001671,SUP-003,MAT-0101,PO-202512-000477,1831,147,0.08028,fail,process,2025-11-20T01:00:00+08:00,质检员03
QI-0001672,SUP-034,MAT-0073,PO-202507-001597,4766,1026,0.21527,fail,final,2025-08-30T23:00:00+08:00,质检员15
QI-0001673,SUP-050,MAT-0033,PO-202508-000096,2069,466,0.22523,fail,final,2026-05-30T05:00:00+08:00,质检员05
QI-0001674,SUP-016,MAT-0022,PO-202512-000520,3597,386,0.10731,fail,final,2026-03-07T23:00:00+08:00,质检员13
QI-0001675,SUP-056,MAT-0184,PO-202507-000582,4932,429,0.08698,fail,process,2026-02-18T08:00:00+08:00,质检员12
QI-0001676,SUP-010,MAT-0049,PO-202511-000291,4172,663,0.15892,fail,process,2025-10-03T03:00:00+08:00,质检员11
QI-0001677,SUP-009,MAT-0185,PO-202512-000210,3413,362,0.10607,fail,incoming,2025-09-10T00:00:00+08:00,质检员05
QI-0001678,SUP-037,MAT-0100,PO-202507-000107,1511,294,0.19457,fail,final,2025-08-19T04:00:00+08:00,质检员08
QI-0001679,SUP-055,MAT-0184,PO-202602-001653,1905,119,0.06247,fail,final,2025-06-28T22:00:00+08:00,质检员02
QI-0001680,SUP-005,MAT-0160,PO-202506-001634,633,92,0.14534,fail,final,2026-04-24T18:00:00+08:00,质检员17
QI-0001681,SUP-002,MAT-0121,PO-202605-000422,1500,254,0.16933,fail,process,2026-03-09T19:00:00+08:00,质检员15
QI-0001682,SUP-010,MAT-0018,PO-202605-000161,4089,567,0.13866,fail,process,2025-07-31T17:00:00+08:00,质检员14
QI-0001683,SUP-023,MAT-0071,PO-202511-000057,1049,90,0.0858,fail,process,2026-01-12T23:00:00+08:00,质检员10
QI-0001684,SUP-004,MAT-0087,PO-202604-001700,2178,184,0.08448,fail,process,2026-05-01T07:00:00+08:00,质检员04
QI-0001685,SUP-036,MAT-0027,PO-202603-000868,699,103,0.14735,fail,process,2025-10-07T05:00:00+08:00,质检员12
QI-0001686,SUP-004,MAT-0152,PO-202508-001641,2178,148,0.06795,fail,final,2025-11-07T23:00:00+08:00,质检员07
QI-0001687,SUP-043,MAT-0151,PO-202512-001380,201,30,0.14925,fail,final,2025-10-24T01:00:00+08:00,质检员12
QI-0001688,SUP-058,MAT-0078,PO-202605-000455,342,37,0.10819,fail,incoming,2025-09-04T00:00:00+08:00,质检员07
QI-0001689,SUP-002,MAT-0083,PO-202603-000675,4186,664,0.15862,fail,final,2025-09-25T16:00:00+08:00,质检员19
QI-0001690,SUP-016,MAT-0098,PO-202508-001138,2452,264,0.10767,fail,final,2025-09-14T14:00:00+08:00,质检员19
QI-0001691,SUP-031,MAT-0158,PO-202510-001343,4313,937,0.21725,fail,final,2026-04-03T12:00:00+08:00,质检员08
QI-0001692,SUP-060,MAT-0077,PO-202512-000776,2425,139,0.05732,fail,final,2025-08-26T01:00:00+08:00,质检员09
QI-0001693,SUP-032,MAT-0065,PO-202605-000119,2946,444,0.15071,fail,final,2026-01-28T15:00:00+08:00,质检员08
QI-0001694,SUP-040,MAT-0053,PO-202601-000244,1020,103,0.10098,fail,final,2026-02-16T00:00:00+08:00,质检员01
QI-0001695,SUP-036,MAT-0036,PO-202510-000556,3100,497,0.16032,fail,incoming,2025-08-24T12:00:00+08:00,质检员15
QI-0001696,SUP-059,MAT-0135,PO-202510-000474,4006,166,0.04144,fail,incoming,2025-06-19T22:00:00+08:00,质检员07
QI-0001697,SUP-001,MAT-0240,PO-202508-000096,1012,182,0.17984,fail,final,2026-05-22T21:00:00+08:00,质检员14
QI-0001698,SUP-058,MAT-0164,PO-202507-000963,2644,331,0.12519,fail,final,2025-10-28T20:00:00+08:00,质检员11
QI-0001699,SUP-042,MAT-0218,PO-202603-001736,3660,8,0.00219,pass,incoming,2026-02-27T15:00:00+08:00,质检员07
QI-0001700,SUP-025,MAT-0118,PO-202602-001646,4034,890,0.22062,fail,incoming,2025-07-31T20:00:00+08:00,质检员04
QI-0001701,SUP-046,MAT-0037,PO-202511-001302,2683,283,0.10548,fail,process,2025-06-26T11:00:00+08:00,质检员20
QI-0001702,SUP-026,MAT-0163,PO-202603-000664,3158,562,0.17796,fail,final,2025-09-30T03:00:00+08:00,质检员01
QI-0001703,SUP-038,MAT-0028,PO-202603-000670,3191,569,0.17831,fail,process,2025-08-12T15:00:00+08:00,质检员17
QI-0001704,SUP-002,MAT-0121,PO-202602-000503,4446,792,0.17814,fail,incoming,2025-08-12T14:00:00+08:00,质检员17
QI-0001705,SUP-025,MAT-0044,PO-202603-001229,1753,332,0.18939,fail,final,2025-11-15T23:00:00+08:00,质检员03
QI-0001706,SUP-050,MAT-0129,PO-202507-000486,3468,799,0.23039,fail,final,2025-10-28T19:00:00+08:00,质检员15
QI-0001707,SUP-002,MAT-0080,PO-202512-000227,4073,669,0.16425,fail,incoming,2026-01-21T01:00:00+08:00,质检员04
QI-0001708,SUP-046,MAT-0050,PO-202507-001769,4678,391,0.08358,fail,process,2026-04-04T17:00:00+08:00,质检员01
QI-0001709,SUP-027,MAT-0034,PO-202510-000333,3174,679,0.21393,fail,process,2026-02-03T13:00:00+08:00,质检员03
QI-0001710,SUP-042,MAT-0206,PO-202602-001044,3868,240,0.06205,fail,final,2025-11-29T07:00:00+08:00,质检员13
QI-0001711,SUP-026,MAT-0140,PO-202506-001259,3157,604,0.19132,fail,process,2026-03-04T04:00:00+08:00,质检员13
QI-0001712,SUP-034,MAT-0125,PO-202606-001065,877,185,0.21095,fail,final,2025-11-14T14:00:00+08:00,质检员05
QI-0001713,SUP-002,MAT-0123,PO-202509-000744,1881,273,0.14514,fail,process,2026-02-26T14:00:00+08:00,质检员19
QI-0001714,SUP-060,MAT-0214,PO-202506-001176,152,8,0.05263,fail,incoming,2025-07-03T18:00:00+08:00,质检员02
QI-0001715,SUP-051,MAT-0213,PO-202507-000552,4674,1150,0.24604,fail,process,2026-06-08T23:00:00+08:00,质检员11
QI-0001716,SUP-044,MAT-0205,PO-202605-001464,4972,680,0.13677,fail,final,2025-08-18T02:00:00+08:00,质检员02
QI-0001717,SUP-012,MAT-0123,PO-202512-000806,2424,351,0.1448,fail,final,2025-07-16T23:00:00+08:00,质检员14
QI-0001718,SUP-045,MAT-0210,PO-202512-001633,1767,341,0.19298,fail,incoming,2025-12-14T05:00:00+08:00,质检员15
QI-0001719,SUP-006,MAT-0171,PO-202512-000120,924,183,0.19805,fail,final,2026-04-12T07:00:00+08:00,质检员02
QI-0001720,SUP-035,MAT-0218,PO-202511-001252,2428,217,0.08937,fail,process,2025-09-23T14:00:00+08:00,质检员19
QI-0001721,SUP-028,MAT-0237,PO-202604-001730,1632,239,0.14645,fail,incoming,2025-07-17T03:00:00+08:00,质检员19
QI-0001722,SUP-043,MAT-0151,PO-202508-000156,115,20,0.17391,fail,process,2026-04-15T13:00:00+08:00,质检员05
QI-0001723,SUP-038,MAT-0179,PO-202508-000310,766,135,0.17624,fail,final,2026-03-19T07:00:00+08:00,质检员15
QI-0001724,SUP-017,MAT-0140,PO-202606-001319,103,3,0.02913,pass,process,2025-08-08T18:00:00+08:00,质检员10
QI-0001725,SUP-060,MAT-0104,PO-202507-000153,4469,116,0.02596,pass,final,2025-08-10T12:00:00+08:00,质检员04
QI-0001726,SUP-050,MAT-0111,PO-202511-001783,1349,352,0.26093,fail,final,2025-10-15T14:00:00+08:00,质检员11
QI-0001727,SUP-003,MAT-0213,PO-202604-000623,4495,295,0.06563,fail,final,2026-04-25T16:00:00+08:00,质检员18
QI-0001728,SUP-002,MAT-0121,PO-202508-001663,927,136,0.14671,fail,process,2025-12-20T09:00:00+08:00,质检员18
QI-0001729,SUP-056,MAT-0149,PO-202508-000988,4541,368,0.08104,fail,process,2026-01-31T17:00:00+08:00,质检员06
QI-0001730,SUP-034,MAT-0084,PO-202507-001545,4738,1005,0.21211,fail,process,2025-06-29T10:00:00+08:00,质检员17
QI-0001731,SUP-013,MAT-0028,PO-202601-001498,2032,334,0.16437,fail,final,2026-02-27T07:00:00+08:00,质检员02
QI-0001732,SUP-029,MAT-0102,PO-202509-000914,2877,36,0.01251,pass,incoming,2025-08-31T10:00:00+08:00,质检员08
QI-0001733,SUP-001,MAT-0112,PO-202510-000145,417,78,0.18705,fail,incoming,2025-11-10T17:00:00+08:00,质检员17
QI-0001734,SUP-052,MAT-0021,PO-202510-001566,3173,103,0.03246,fail,incoming,2025-09-13T23:00:00+08:00,质检员17
QI-0001735,SUP-017,MAT-0027,PO-202604-001667,135,4,0.02963,pass,process,2026-05-16T14:00:00+08:00,质检员18
QI-0001736,SUP-020,MAT-0046,PO-202604-000049,4487,540,0.12035,fail,incoming,2026-02-23T23:00:00+08:00,质检员19
QI-0001737,SUP-049,MAT-0222,PO-202510-000323,975,40,0.04103,fail,incoming,2026-03-18T19:00:00+08:00,质检员01
QI-0001738,SUP-014,MAT-0115,PO-202605-000090,895,22,0.02458,pass,incoming,2026-02-24T05:00:00+08:00,质检员11
QI-0001739,SUP-004,MAT-0152,PO-202605-000907,4522,360,0.07961,fail,process,2026-04-22T01:00:00+08:00,质检员02
QI-0001740,SUP-020,MAT-0103,PO-202511-000105,2964,363,0.12247,fail,final,2025-08-25T16:00:00+08:00,质检员08
QI-0001741,SUP-037,MAT-0219,PO-202511-001042,4065,817,0.20098,fail,incoming,2025-10-17T04:00:00+08:00,质检员13
QI-0001742,SUP-014,MAT-0071,PO-202506-001113,2578,55,0.02133,pass,final,2025-08-22T06:00:00+08:00,质检员07
QI-0001743,SUP-028,MAT-0160,PO-202602-001012,2142,288,0.13445,fail,final,2025-07-03T13:00:00+08:00,质检员01
QI-0001744,SUP-023,MAT-0114,PO-202508-000819,640,58,0.09062,fail,process,2025-07-12T15:00:00+08:00,质检员10
QI-0001745,SUP-045,MAT-0024,PO-202605-000995,4984,798,0.16011,fail,final,2026-05-16T19:00:00+08:00,质检员20
QI-0001746,SUP-021,MAT-0193,PO-202509-000605,4404,679,0.15418,fail,process,2025-09-10T21:00:00+08:00,质检员12
QI-0001747,SUP-031,MAT-0100,PO-202510-000504,1397,325,0.23264,fail,final,2025-08-25T05:00:00+08:00,质检员19
QI-0001748,SUP-035,MAT-0083,PO-202605-001424,2177,271,0.12448,fail,final,2025-09-17T00:00:00+08:00,质检员02
QI-0001749,SUP-058,MAT-0084,PO-202606-000614,4603,632,0.1373,fail,incoming,2025-09-20T12:00:00+08:00,质检员06
QI-0001750,SUP-025,MAT-0183,PO-202509-001391,3118,603,0.19339,fail,final,2025-07-05T14:00:00+08:00,质检员16
QI-0001751,SUP-050,MAT-0033,PO-202511-000831,3571,919,0.25735,fail,final,2025-10-28T01:00:00+08:00,质检员13
QI-0001752,SUP-043,MAT-0068,PO-202511-000004,4895,985,0.20123,fail,incoming,2026-04-06T16:00:00+08:00,质检员20
QI-0001753,SUP-030,MAT-0211,PO-202512-000359,4732,0,0.0,pass,final,2025-08-16T17:00:00+08:00,质检员02
QI-0001754,SUP-054,MAT-0215,PO-202601-001357,4474,306,0.0684,fail,final,2025-07-08T07:00:00+08:00,质检员13
QI-0001755,SUP-028,MAT-0109,PO-202603-001477,1368,200,0.1462,fail,final,2026-06-01T01:00:00+08:00,质检员06
QI-0001756,SUP-020,MAT-0179,PO-202602-001068,4756,668,0.14045,fail,process,2025-07-20T21:00:00+08:00,质检员14
QI-0001757,SUP-013,MAT-0097,PO-202602-001748,3757,658,0.17514,fail,process,2025-12-01T10:00:00+08:00,质检员19
QI-0001758,SUP-060,MAT-0117,PO-202508-001522,4973,217,0.04364,fail,final,2025-12-05T02:00:00+08:00,质检员03
QI-0001759,SUP-055,MAT-0184,PO-202511-001499,3070,186,0.06059,fail,final,2025-10-31T01:00:00+08:00,质检员04
QI-0001760,SUP-029,MAT-0073,PO-202508-000310,2838,42,0.0148,pass,final,2026-03-07T02:00:00+08:00,质检员05
QI-0001761,SUP-056,MAT-0059,PO-202507-000107,2874,143,0.04976,fail,process,2026-05-02T07:00:00+08:00,质检员09
QI-0001762,SUP-052,MAT-0102,PO-202601-001519,4599,236,0.05132,fail,incoming,2025-11-28T05:00:00+08:00,质检员17
QI-0001763,SUP-031,MAT-0014,PO-202512-001266,261,59,0.22605,fail,final,2025-10-31T00:00:00+08:00,质检员02
QI-0001764,SUP-032,MAT-0172,PO-202606-001146,1705,257,0.15073,fail,process,2025-10-05T09:00:00+08:00,质检员01
QI-0001765,SUP-031,MAT-0073,PO-202604-001387,1461,326,0.22313,fail,final,2025-11-05T00:00:00+08:00,质检员13
QI-0001766,SUP-052,MAT-0021,PO-202511-000746,1472,94,0.06386,fail,incoming,2025-12-02T02:00:00+08:00,质检员12
QI-0001767,SUP-040,MAT-0056,PO-202508-001507,1295,151,0.1166,fail,final,2026-01-15T04:00:00+08:00,质检员09
QI-0001768,SUP-030,MAT-0138,PO-202602-000775,1714,0,0.0,pass,incoming,2025-06-15T15:00:00+08:00,质检员15
QI-0001769,SUP-007,MAT-0144,PO-202511-000513,1845,161,0.08726,fail,incoming,2026-03-14T13:00:00+08:00,质检员20
QI-0001770,SUP-056,MAT-0017,PO-202601-000093,1446,92,0.06362,fail,final,2026-04-16T15:00:00+08:00,质检员05
QI-0001771,SUP-032,MAT-0010,PO-202507-001054,2991,513,0.17151,fail,process,2025-09-27T10:00:00+08:00,质检员11
QI-0001772,SUP-038,MAT-0028,PO-202604-001395,3424,661,0.19305,fail,final,2025-12-01T12:00:00+08:00,质检员13
QI-0001773,SUP-024,MAT-0155,PO-202601-001422,1406,277,0.19701,fail,process,2025-11-01T05:00:00+08:00,质检员18
QI-0001774,SUP-009,MAT-0125,PO-202604-001707,1915,189,0.09869,fail,incoming,2025-10-16T06:00:00+08:00,质检员03
QI-0001775,SUP-039,MAT-0173,PO-202507-001446,368,23,0.0625,fail,incoming,2025-12-16T19:00:00+08:00,质检员01
QI-0001776,SUP-018,MAT-0194,PO-202507-000373,703,5,0.00711,pass,process,2025-12-27T11:00:00+08:00,质检员09
QI-0001777,SUP-058,MAT-0139,PO-202604-000083,2827,316,0.11178,fail,process,2025-12-28T19:00:00+08:00,质检员10
QI-0001778,SUP-036,MAT-0117,PO-202507-001755,1641,245,0.1493,fail,process,2025-07-04T03:00:00+08:00,质检员02
QI-0001779,SUP-027,MAT-0105,PO-202510-000661,1788,409,0.22875,fail,process,2025-06-20T07:00:00+08:00,质检员14
QI-0001780,SUP-001,MAT-0188,PO-202509-001350,2942,551,0.18729,fail,final,2025-08-30T21:00:00+08:00,质检员01
QI-0001781,SUP-031,MAT-0066,PO-202508-001752,3437,694,0.20192,fail,incoming,2025-09-04T21:00:00+08:00,质检员02
QI-0001782,SUP-019,MAT-0121,PO-202512-000662,1750,239,0.13657,fail,process,2025-07-23T19:00:00+08:00,质检员01
QI-0001783,SUP-023,MAT-0231,PO-202507-000652,4685,463,0.09883,fail,process,2025-09-22T09:00:00+08:00,质检员03
QI-0001784,SUP-058,MAT-0010,PO-202510-001411,1510,154,0.10199,fail,final,2026-01-07T23:00:00+08:00,质检员15
QI-0001785,SUP-030,MAT-0121,PO-202605-001440,1105,42,0.03801,fail,final,2026-05-04T17:00:00+08:00,质检员18
QI-0001786,SUP-017,MAT-0011,PO-202601-000116,1988,60,0.03018,fail,incoming,2026-05-07T03:00:00+08:00,质检员06
QI-0001787,SUP-004,MAT-0002,PO-202601-000938,446,45,0.1009,fail,final,2026-06-03T20:00:00+08:00,质检员02
QI-0001788,SUP-037,MAT-0219,PO-202508-000509,3820,745,0.19503,fail,process,2026-04-26T18:00:00+08:00,质检员12
QI-0001789,SUP-026,MAT-0140,PO-202603-000081,4324,886,0.2049,fail,final,2026-05-08T21:00:00+08:00,质检员20
QI-0001790,SUP-050,MAT-0199,PO-202604-000454,4462,1031,0.23106,fail,incoming,2026-05-16T12:00:00+08:00,质检员20
QI-0001791,SUP-032,MAT-0004,PO-202602-001363,2635,576,0.2186,fail,incoming,2026-01-23T07:00:00+08:00,质检员10
QI-0001792,SUP-006,MAT-0171,PO-202512-000227,1944,374,0.19239,fail,incoming,2025-10-05T09:00:00+08:00,质检员03
QI-0001793,SUP-058,MAT-0130,PO-202604-000062,2028,248,0.12229,fail,final,2025-12-08T12:00:00+08:00,质检员13
QI-0001794,SUP-013,MAT-0227,PO-202601-001217,3694,709,0.19193,fail,incoming,2026-04-20T04:00:00+08:00,质检员20
QI-0001795,SUP-046,MAT-0016,PO-202511-000850,3199,248,0.07752,fail,process,2026-02-12T22:00:00+08:00,质检员16
QI-0001796,SUP-025,MAT-0168,PO-202507-000330,4574,912,0.19939,fail,process,2025-12-29T16:00:00+08:00,质检员14
QI-0001797,SUP-017,MAT-0003,PO-202605-000179,3771,148,0.03925,fail,incoming,2025-12-28T14:00:00+08:00,质检员11
QI-0001798,SUP-010,MAT-0179,PO-202601-001465,3128,380,0.12148,fail,process,2025-11-23T07:00:00+08:00,质检员11
QI-0001799,SUP-032,MAT-0088,PO-202601-001373,1313,235,0.17898,fail,process,2025-10-17T10:00:00+08:00,质检员17
QI-0001800,SUP-050,MAT-0194,PO-202508-000224,1554,352,0.22651,fail,incoming,2026-02-26T01:00:00+08:00,质检员15
QI-0001801,SUP-056,MAT-0165,PO-202508-000180,629,64,0.10175,fail,process,2026-04-04T12:00:00+08:00,质检员06
QI-0001802,SUP-035,MAT-0147,PO-202602-000028,2510,205,0.08167,fail,incoming,2026-02-25T18:00:00+08:00,质检员10
QI-0001803,SUP-030,MAT-0237,PO-202605-000307,844,2,0.00237,pass,incoming,2025-12-24T09:00:00+08:00,质检员10
QI-0001804,SUP-016,MAT-0086,PO-202604-001190,2721,308,0.11319,fail,incoming,2026-06-03T13:00:00+08:00,质检员12
QI-0001805,SUP-008,MAT-0173,PO-202605-001320,3308,694,0.20979,fail,process,2026-05-13T07:00:00+08:00,质检员08
QI-0001806,SUP-013,MAT-0099,PO-202602-001337,4402,760,0.17265,fail,process,2025-08-06T01:00:00+08:00,质检员13
QI-0001807,SUP-020,MAT-0001,PO-202601-000449,1557,266,0.17084,fail,process,2025-08-05T19:00:00+08:00,质检员04
QI-0001808,SUP-013,MAT-0212,PO-202512-001364,3799,558,0.14688,fail,incoming,2026-02-28T12:00:00+08:00,质检员03
QI-0001809,SUP-006,MAT-0110,PO-202509-001312,2721,563,0.20691,fail,final,2025-06-16T02:00:00+08:00,质检员09
QI-0001810,SUP-043,MAT-0032,PO-202508-001318,3061,545,0.17805,fail,incoming,2026-02-22T04:00:00+08:00,质检员18
QI-0001811,SUP-028,MAT-0024,PO-202604-000654,2097,308,0.14688,fail,process,2025-12-01T20:00:00+08:00,质检员02
QI-0001812,SUP-053,MAT-0154,PO-202509-001460,1025,164,0.16,fail,process,2026-05-11T18:00:00+08:00,质检员10
QI-0001813,SUP-015,MAT-0053,PO-202510-000892,4774,886,0.18559,fail,process,2025-07-16T18:00:00+08:00,质检员02
QI-0001814,SUP-009,MAT-0227,PO-202512-000327,2624,277,0.10556,fail,process,2026-01-11T03:00:00+08:00,质检员18
QI-0001815,SUP-051,MAT-0036,PO-202603-001057,1242,256,0.20612,fail,final,2025-12-03T03:00:00+08:00,质检员12
QI-0001816,SUP-003,MAT-0153,PO-202510-000852,823,50,0.06075,fail,incoming,2026-06-15T03:00:00+08:00,质检员05
QI-0001817,SUP-055,MAT-0184,PO-202601-001467,1429,43,0.03009,fail,incoming,2026-05-09T20:00:00+08:00,质检员15
QI-0001818,SUP-029,MAT-0134,PO-202602-001399,4598,149,0.03241,fail,process,2025-10-07T08:00:00+08:00,质检员20
QI-0001819,SUP-059,MAT-0235,PO-202603-001164,3617,225,0.06221,fail,incoming,2026-04-24T02:00:00+08:00,质检员02
QI-0001820,SUP-024,MAT-0047,PO-202507-001769,4976,931,0.1871,fail,process,2026-05-01T02:00:00+08:00,质检员15
QI-0001821,SUP-047,MAT-0030,PO-202604-001423,3467,741,0.21373,fail,incoming,2025-08-10T19:00:00+08:00,质检员04
QI-0001822,SUP-042,MAT-0218,PO-202605-000250,2729,112,0.04104,fail,incoming,2025-07-18T22:00:00+08:00,质检员19
QI-0001823,SUP-046,MAT-0016,PO-202507-001251,1587,108,0.06805,fail,incoming,2026-06-09T03:00:00+08:00,质检员01
QI-0001824,SUP-055,MAT-0192,PO-202604-001190,2117,151,0.07133,fail,final,2025-10-21T03:00:00+08:00,质检员05
QI-0001825,SUP-043,MAT-0073,PO-202605-000404,2302,389,0.16898,fail,process,2025-09-25T04:00:00+08:00,质检员03
QI-0001826,SUP-020,MAT-0054,PO-202509-000065,1614,216,0.13383,fail,process,2026-05-31T14:00:00+08:00,质检员12
QI-0001827,SUP-003,MAT-0155,PO-202507-000470,4283,256,0.05977,fail,final,2025-07-30T15:00:00+08:00,质检员11
QI-0001828,SUP-044,MAT-0031,PO-202511-000746,1888,211,0.11176,fail,process,2026-02-09T16:00:00+08:00,质检员15
QI-0001829,SUP-029,MAT-0073,PO-202509-000598,1407,33,0.02345,pass,final,2026-04-22T03:00:00+08:00,质检员09
QI-0001830,SUP-025,MAT-0020,PO-202506-001753,4250,845,0.19882,fail,final,2025-08-29T21:00:00+08:00,质检员01
QI-0001831,SUP-021,MAT-0109,PO-202511-000923,2038,315,0.15456,fail,final,2026-05-12T02:00:00+08:00,质检员02
QI-0001832,SUP-033,MAT-0163,PO-202508-000810,348,26,0.07471,fail,incoming,2025-10-31T10:00:00+08:00,质检员09
QI-0001833,SUP-016,MAT-0201,PO-202604-000049,2868,364,0.12692,fail,final,2025-07-18T10:00:00+08:00,质检员01
QI-0001834,SUP-017,MAT-0226,PO-202602-000336,3417,152,0.04448,fail,final,2025-08-28T00:00:00+08:00,质检员09
QI-0001835,SUP-053,MAT-0142,PO-202507-001054,2659,370,0.13915,fail,final,2025-09-25T11:00:00+08:00,质检员07
QI-0001836,SUP-009,MAT-0025,PO-202510-001377,2863,264,0.09221,fail,process,2025-07-02T01:00:00+08:00,质检员16
QI-0001837,SUP-032,MAT-0063,PO-202604-000453,1007,159,0.15789,fail,final,2025-11-26T14:00:00+08:00,质检员13
QI-0001838,SUP-030,MAT-0002,PO-202507-000048,899,11,0.01224,pass,incoming,2026-05-02T03:00:00+08:00,质检员11
QI-0001839,SUP-021,MAT-0011,PO-202510-001156,2436,366,0.15025,fail,incoming,2025-12-12T05:00:00+08:00,质检员19
QI-0001840,SUP-053,MAT-0085,PO-202603-000570,2063,242,0.1173,fail,incoming,2025-07-19T12:00:00+08:00,质检员20
QI-0001841,SUP-010,MAT-0049,PO-202509-000986,1245,154,0.12369,fail,final,2025-08-07T04:00:00+08:00,质检员18
QI-0001842,SUP-001,MAT-0204,PO-202604-000212,4336,986,0.2274,fail,incoming,2025-09-18T00:00:00+08:00,质检员03
QI-0001843,SUP-054,MAT-0238,PO-202506-000860,3392,114,0.03361,fail,process,2026-02-01T18:00:00+08:00,质检员08
QI-0001844,SUP-011,MAT-0114,PO-202510-000724,3474,206,0.0593,fail,process,2025-10-30T02:00:00+08:00,质检员01
QI-0001845,SUP-031,MAT-0066,PO-202605-001540,3962,815,0.2057,fail,final,2025-09-14T09:00:00+08:00,质检员04
QI-0001846,SUP-037,MAT-0069,PO-202511-000026,3979,899,0.22594,fail,process,2026-02-02T09:00:00+08:00,质检员17
QI-0001847,SUP-015,MAT-0067,PO-202605-001795,3330,526,0.15796,fail,incoming,2026-04-03T23:00:00+08:00,质检员04
QI-0001848,SUP-025,MAT-0196,PO-202509-000658,2541,513,0.20189,fail,final,2026-01-23T14:00:00+08:00,质检员20
QI-0001849,SUP-006,MAT-0074,PO-202511-000849,2600,554,0.21308,fail,process,2026-01-24T11:00:00+08:00,质检员04
QI-0001850,SUP-001,MAT-0018,PO-202601-001657,3660,761,0.20792,fail,incoming,2026-02-21T05:00:00+08:00,质检员04
QI-0001851,SUP-005,MAT-0153,PO-202603-000629,4214,492,0.11675,fail,incoming,2025-12-08T03:00:00+08:00,质检员11
QI-0001852,SUP-019,MAT-0196,PO-202506-000897,2459,259,0.10533,fail,process,2025-09-23T08:00:00+08:00,质检员02
QI-0001853,SUP-055,MAT-0068,PO-202509-000304,3562,229,0.06429,fail,final,2025-08-02T08:00:00+08:00,质检员16
QI-0001854,SUP-055,MAT-0146,PO-202511-000728,703,36,0.05121,fail,final,2025-08-24T10:00:00+08:00,质检员04
QI-0001855,SUP-014,MAT-0200,PO-202509-001713,3968,190,0.04788,fail,final,2025-07-25T15:00:00+08:00,质检员02
QI-0001856,SUP-060,MAT-0206,PO-202606-001074,2821,74,0.02623,pass,process,2026-05-13T10:00:00+08:00,质检员12
QI-0001857,SUP-025,MAT-0102,PO-202509-001207,2821,547,0.1939,fail,incoming,2025-07-26T01:00:00+08:00,质检员10
QI-0001858,SUP-012,MAT-0072,PO-202508-001581,4379,812,0.18543,fail,incoming,2025-10-08T22:00:00+08:00,质检员08
QI-0001859,SUP-054,MAT-0215,PO-202511-001770,2208,95,0.04303,fail,process,2026-05-12T03:00:00+08:00,质检员02
QI-0001860,SUP-044,MAT-0232,PO-202603-001287,457,52,0.11379,fail,final,2026-02-21T01:00:00+08:00,质检员13
QI-0001861,SUP-049,MAT-0187,PO-202606-000765,1577,10,0.00634,pass,process,2026-05-04T05:00:00+08:00,质检员07
QI-0001862,SUP-004,MAT-0077,PO-202512-000115,616,45,0.07305,fail,process,2025-10-07T02:00:00+08:00,质检员13
QI-0001863,SUP-028,MAT-0155,PO-202601-001050,3819,540,0.1414,fail,incoming,2026-01-29T01:00:00+08:00,质检员14
QI-0001864,SUP-015,MAT-0041,PO-202510-000856,3890,644,0.16555,fail,process,2025-08-12T18:00:00+08:00,质检员13
QI-0001865,SUP-021,MAT-0109,PO-202509-001457,2976,413,0.13878,fail,final,2026-03-04T07:00:00+08:00,质检员03
QI-0001866,SUP-006,MAT-0047,PO-202605-000250,1956,394,0.20143,fail,process,2026-02-16T03:00:00+08:00,质检员16
QI-0001867,SUP-025,MAT-0020,PO-202601-001467,1636,306,0.18704,fail,final,2025-08-13T07:00:00+08:00,质检员05
QI-0001868,SUP-011,MAT-0130,PO-202603-000081,1801,168,0.09328,fail,incoming,2025-08-02T01:00:00+08:00,质检员07
QI-0001869,SUP-011,MAT-0045,PO-202507-000369,247,17,0.06883,fail,final,2025-09-01T14:00:00+08:00,质检员19
QI-0001870,SUP-013,MAT-0069,PO-202510-001016,1066,151,0.14165,fail,incoming,2025-11-26T00:00:00+08:00,质检员14
QI-0001871,SUP-055,MAT-0089,PO-202506-001113,3409,135,0.0396,fail,incoming,2026-05-18T06:00:00+08:00,质检员16
QI-0001872,SUP-058,MAT-0164,PO-202509-000436,2386,250,0.10478,fail,incoming,2025-11-07T06:00:00+08:00,质检员05
QI-0001873,SUP-027,MAT-0049,PO-202511-001108,3894,1000,0.25681,fail,final,2025-11-30T09:00:00+08:00,质检员04
QI-0001874,SUP-024,MAT-0229,PO-202508-001128,2349,470,0.20009,fail,incoming,2026-05-15T19:00:00+08:00,质检员12
QI-0001875,SUP-049,MAT-0170,PO-202509-001530,500,13,0.026,pass,incoming,2025-12-03T23:00:00+08:00,质检员16
QI-0001876,SUP-042,MAT-0025,PO-202508-001318,3049,117,0.03837,fail,incoming,2025-12-31T23:00:00+08:00,质检员08
QI-0001877,SUP-054,MAT-0045,PO-202506-001684,3089,97,0.0314,fail,incoming,2026-04-01T20:00:00+08:00,质检员20
QI-0001878,SUP-031,MAT-0066,PO-202506-001259,3060,630,0.20588,fail,process,2025-06-24T23:00:00+08:00,质检员19
QI-0001879,SUP-057,MAT-0056,PO-202507-001471,3741,269,0.07191,fail,incoming,2025-11-23T03:00:00+08:00,质检员06
QI-0001880,SUP-059,MAT-0122,PO-202602-001543,1908,72,0.03774,fail,incoming,2025-09-15T22:00:00+08:00,质检员03
QI-0001881,SUP-004,MAT-0002,PO-202511-000082,4926,422,0.08567,fail,incoming,2025-11-06T21:00:00+08:00,质检员20
QI-0001882,SUP-052,MAT-0106,PO-202605-000157,4268,208,0.04873,fail,incoming,2026-05-30T23:00:00+08:00,质检员17
QI-0001883,SUP-004,MAT-0224,PO-202512-000143,465,42,0.09032,fail,incoming,2025-12-03T16:00:00+08:00,质检员05
QI-0001884,SUP-006,MAT-0031,PO-202603-000693,4928,1029,0.20881,fail,process,2025-07-16T03:00:00+08:00,质检员10
QI-0001885,SUP-023,MAT-0071,PO-202509-001347,88,4,0.04545,fail,incoming,2026-05-25T08:00:00+08:00,质检员18
QI-0001886,SUP-014,MAT-0069,PO-202605-000488,1974,95,0.04813,fail,process,2025-09-11T12:00:00+08:00,质检员17
QI-0001887,SUP-048,MAT-0216,PO-202511-000822,4763,318,0.06676,fail,incoming,2025-10-07T02:00:00+08:00,质检员10
QI-0001888,SUP-034,MAT-0197,PO-202509-000854,4122,812,0.19699,fail,final,2025-06-27T03:00:00+08:00,质检员04
QI-0001889,SUP-041,MAT-0104,PO-202511-001638,4931,1059,0.21476,fail,process,2026-01-06T17:00:00+08:00,质检员18
QI-0001890,SUP-056,MAT-0165,PO-202606-000630,2097,131,0.06247,fail,process,2025-12-30T12:00:00+08:00,质检员14
QI-0001891,SUP-052,MAT-0196,PO-202603-001612,4897,85,0.01736,pass,final,2025-12-31T04:00:00+08:00,质检员01
QI-0001892,SUP-004,MAT-0107,PO-202512-001008,2969,237,0.07982,fail,final,2025-09-22T23:00:00+08:00,质检员15
QI-0001893,SUP-046,MAT-0150,PO-202605-000907,1935,195,0.10078,fail,final,2025-12-16T12:00:00+08:00,质检员17
QI-0001894,SUP-059,MAT-0037,PO-202510-001768,4771,177,0.0371,fail,final,2025-10-06T22:00:00+08:00,质检员18
QI-0001895,SUP-040,MAT-0186,PO-202602-000396,2063,209,0.10131,fail,incoming,2026-05-10T17:00:00+08:00,质检员13
QI-0001896,SUP-032,MAT-0238,PO-202601-001537,4873,715,0.14673,fail,incoming,2025-08-14T02:00:00+08:00,质检员17
QI-0001897,SUP-003,MAT-0009,PO-202511-000341,2331,142,0.06092,fail,final,2026-05-14T22:00:00+08:00,质检员09
QI-0001898,SUP-022,MAT-0042,PO-202604-000337,392,23,0.05867,fail,incoming,2026-02-18T08:00:00+08:00,质检员15
QI-0001899,SUP-043,MAT-0105,PO-202509-000497,3041,428,0.14074,fail,final,2026-05-14T11:00:00+08:00,质检员04
QI-0001900,SUP-036,MAT-0050,PO-202506-001505,935,123,0.13155,fail,incoming,2026-05-02T12:00:00+08:00,质检员14
QI-0001901,SUP-019,MAT-0119,PO-202507-000508,683,90,0.13177,fail,final,2026-04-09T00:00:00+08:00,质检员12
QI-0001902,SUP-057,MAT-0057,PO-202510-001511,2268,198,0.0873,fail,process,2025-08-26T07:00:00+08:00,质检员10
QI-0001903,SUP-006,MAT-0171,PO-202603-000701,1367,328,0.23994,fail,incoming,2026-01-31T20:00:00+08:00,质检员11
QI-0001904,SUP-033,MAT-0095,PO-202508-000697,2565,156,0.06082,fail,final,2025-11-07T00:00:00+08:00,质检员09
QI-0001905,SUP-047,MAT-0230,PO-202605-000749,1996,390,0.19539,fail,process,2025-10-12T19:00:00+08:00,质检员10
QI-0001906,SUP-057,MAT-0202,PO-202512-001316,726,74,0.10193,fail,final,2025-09-25T06:00:00+08:00,质检员04
QI-0001907,SUP-008,MAT-0228,PO-202511-000341,4691,919,0.19591,fail,incoming,2026-03-09T20:00:00+08:00,质检员08
QI-0001908,SUP-058,MAT-0099,PO-202512-001333,2168,260,0.11993,fail,process,2025-12-31T04:00:00+08:00,质检员07
QI-0001909,SUP-050,MAT-0063,PO-202604-001166,481,121,0.25156,fail,process,2025-09-09T17:00:00+08:00,质检员20
QI-0001910,SUP-052,MAT-0160,PO-202512-001575,4587,213,0.04644,fail,incoming,2025-09-18T12:00:00+08:00,质检员15
QI-0001911,SUP-057,MAT-0120,PO-202604-000871,4054,374,0.09225,fail,final,2026-01-27T00:00:00+08:00,质检员14
QI-0001912,SUP-030,MAT-0227,PO-202507-000888,3733,28,0.0075,pass,process,2025-09-20T17:00:00+08:00,质检员20
QI-0001913,SUP-037,MAT-0162,PO-202507-000369,2834,551,0.19442,fail,process,2025-06-19T22:00:00+08:00,质检员01
QI-0001914,SUP-041,MAT-0140,PO-202508-000411,1898,451,0.23762,fail,final,2025-09-18T11:00:00+08:00,质检员11
QI-0001915,SUP-033,MAT-0035,PO-202507-000631,4454,336,0.07544,fail,process,2025-07-18T14:00:00+08:00,质检员13
QI-0001916,SUP-039,MAT-0179,PO-202601-001610,2299,185,0.08047,fail,final,2025-08-16T23:00:00+08:00,质检员04
QI-0001917,SUP-038,MAT-0224,PO-202602-000211,4747,769,0.162,fail,final,2025-08-17T23:00:00+08:00,质检员01
QI-0001918,SUP-034,MAT-0197,PO-202604-000171,2609,582,0.22307,fail,final,2025-12-18T19:00:00+08:00,质检员14
QI-0001919,SUP-053,MAT-0092,PO-202605-000308,1465,205,0.13993,fail,process,2026-03-17T09:00:00+08:00,质检员14
QI-0001920,SUP-009,MAT-0218,PO-202508-001696,4571,505,0.11048,fail,final,2026-02-03T07:00:00+08:00,质检员15
QI-0001921,SUP-041,MAT-0051,PO-202604-000049,134,32,0.23881,fail,incoming,2026-02-16T17:00:00+08:00,质检员03
QI-0001922,SUP-042,MAT-0039,PO-202510-000856,3944,298,0.07556,fail,final,2025-06-19T20:00:00+08:00,质检员09
QI-0001923,SUP-053,MAT-0142,PO-202602-001354,687,101,0.14702,fail,final,2025-08-21T05:00:00+08:00,质检员14
QI-0001924,SUP-018,MAT-0149,PO-202511-001754,3246,85,0.02619,pass,final,2026-04-28T22:00:00+08:00,质检员05
QI-0001925,SUP-051,MAT-0036,PO-202604-001149,4752,1029,0.21654,fail,incoming,2025-10-04T02:00:00+08:00,质检员05
QI-0001926,SUP-045,MAT-0103,PO-202601-001357,4428,817,0.18451,fail,process,2025-07-20T10:00:00+08:00,质检员14
QI-0001927,SUP-033,MAT-0004,PO-202605-001567,1438,69,0.04798,fail,final,2025-08-23T21:00:00+08:00,质检员01
QI-0001928,SUP-034,MAT-0085,PO-202512-001248,849,183,0.21555,fail,incoming,2026-02-01T11:00:00+08:00,质检员18
QI-0001929,SUP-051,MAT-0198,PO-202508-000535,1855,436,0.23504,fail,final,2025-08-01T21:00:00+08:00,质检员19
QI-0001930,SUP-011,MAT-0174,PO-202604-001667,3174,299,0.0942,fail,final,2025-09-10T21:00:00+08:00,质检员08
QI-0001931,SUP-033,MAT-0056,PO-202506-001296,4614,289,0.06264,fail,final,2026-01-19T20:00:00+08:00,质检员13
QI-0001932,SUP-010,MAT-0018,PO-202606-000402,2675,374,0.13981,fail,incoming,2026-01-31T10:00:00+08:00,质检员07
QI-0001933,SUP-019,MAT-0178,PO-202606-000262,1989,239,0.12016,fail,process,2025-09-18T22:00:00+08:00,质检员20
QI-0001934,SUP-042,MAT-0039,PO-202604-001149,1697,69,0.04066,fail,incoming,2025-08-10T20:00:00+08:00,质检员16
QI-0001935,SUP-043,MAT-0082,PO-202602-001772,3993,635,0.15903,fail,final,2026-02-14T19:00:00+08:00,质检员19
QI-0001936,SUP-040,MAT-0161,PO-202507-000137,4821,454,0.09417,fail,process,2026-04-13T21:00:00+08:00,质检员02
QI-0001937,SUP-029,MAT-0172,PO-202508-000300,1433,43,0.03001,fail,process,2025-10-07T01:00:00+08:00,质检员06
QI-0001938,SUP-042,MAT-0138,PO-202605-001431,4235,151,0.03566,fail,incoming,2026-05-30T15:00:00+08:00,质检员04
QI-0001939,SUP-025,MAT-0128,PO-202605-001628,4384,769,0.17541,fail,final,2025-08-19T07:00:00+08:00,质检员13
QI-0001940,SUP-044,MAT-0070,PO-202601-000938,1480,135,0.09122,fail,incoming,2025-08-01T04:00:00+08:00,质检员06
QI-0001941,SUP-022,MAT-0050,PO-202510-001140,458,30,0.0655,fail,final,2025-08-15T12:00:00+08:00,质检员08
QI-0001942,SUP-053,MAT-0015,PO-202510-000352,1280,196,0.15313,fail,final,2026-02-15T18:00:00+08:00,质检员04
QI-0001943,SUP-047,MAT-0093,PO-202604-000264,1382,315,0.22793,fail,final,2026-03-07T08:00:00+08:00,质检员10
QI-0001944,SUP-004,MAT-0013,PO-202606-001267,3446,323,0.09373,fail,incoming,2025-12-04T23:00:00+08:00,质检员16
QI-0001945,SUP-027,MAT-0121,PO-202601-000228,4365,944,0.21627,fail,final,2025-09-25T04:00:00+08:00,质检员14
QI-0001946,SUP-022,MAT-0128,PO-202604-000603,899,83,0.09232,fail,final,2025-11-08T11:00:00+08:00,质检员04
QI-0001947,SUP-021,MAT-0164,PO-202601-000202,2036,357,0.17534,fail,process,2025-11-11T04:00:00+08:00,质检员05
QI-0001948,SUP-052,MAT-0106,PO-202603-001760,909,43,0.0473,fail,incoming,2025-10-12T11:00:00+08:00,质检员16
QI-0001949,SUP-021,MAT-0192,PO-202602-000015,4721,727,0.15399,fail,final,2025-11-19T07:00:00+08:00,质检员11
QI-0001950,SUP-027,MAT-0020,PO-202601-000887,3273,794,0.24259,fail,incoming,2025-08-10T01:00:00+08:00,质检员06
QI-0001951,SUP-036,MAT-0050,PO-202605-001093,1930,300,0.15544,fail,process,2026-05-15T23:00:00+08:00,质检员14
QI-0001952,SUP-034,MAT-0019,PO-202512-000006,1885,358,0.18992,fail,final,2026-03-24T18:00:00+08:00,质检员07
QI-0001953,SUP-046,MAT-0061,PO-202509-000854,4174,441,0.10565,fail,final,2025-06-24T05:00:00+08:00,质检员01
QI-0001954,SUP-043,MAT-0073,PO-202511-000457,2793,344,0.12317,fail,incoming,2026-03-05T04:00:00+08:00,质检员11
QI-0001955,SUP-041,MAT-0156,PO-202510-001231,3860,904,0.2342,fail,incoming,2026-01-11T04:00:00+08:00,质检员01
QI-0001956,SUP-035,MAT-0147,PO-202601-000281,1172,160,0.13652,fail,incoming,2026-02-03T02:00:00+08:00,质检员14
QI-0001957,SUP-025,MAT-0196,PO-202510-000299,3320,613,0.18464,fail,final,2025-10-14T19:00:00+08:00,质检员14
QI-0001958,SUP-055,MAT-0108,PO-202511-000358,1085,67,0.06175,fail,final,2026-01-31T12:00:00+08:00,质检员12
QI-0001959,SUP-023,MAT-0212,PO-202507-001427,1589,147,0.09251,fail,final,2025-09-05T17:00:00+08:00,质检员08
QI-0001960,SUP-020,MAT-0026,PO-202509-001729,2214,325,0.14679,fail,final,2026-06-08T01:00:00+08:00,质检员09
QI-0001961,SUP-024,MAT-0212,PO-202508-000747,4906,1137,0.23176,fail,final,2025-08-13T23:00:00+08:00,质检员05
QI-0001962,SUP-006,MAT-0005,PO-202603-001548,2077,450,0.21666,fail,incoming,2025-08-28T14:00:00+08:00,质检员09
QI-0001963,SUP-014,MAT-0150,PO-202605-001326,4356,95,0.02181,pass,incoming,2026-06-10T01:00:00+08:00,质检员17
QI-0001964,SUP-033,MAT-0061,PO-202601-001218,1308,50,0.03823,fail,process,2026-02-25T03:00:00+08:00,质检员01
QI-0001965,SUP-041,MAT-0186,PO-202507-001194,3656,838,0.22921,fail,process,2026-03-20T04:00:00+08:00,质检员15
QI-0001966,SUP-051,MAT-0059,PO-202512-000956,2551,617,0.24187,fail,final,2025-11-14T20:00:00+08:00,质检员07
QI-0001967,SUP-056,MAT-0184,PO-202511-000896,3830,298,0.07781,fail,final,2025-08-02T11:00:00+08:00,质检员09
QI-0001968,SUP-059,MAT-0021,PO-202604-001528,3340,178,0.05329,fail,process,2025-07-15T21:00:00+08:00,质检员18
QI-0001969,SUP-051,MAT-0198,PO-202508-001669,265,60,0.22642,fail,final,2025-11-07T17:00:00+08:00,质检员10
QI-0001970,SUP-010,MAT-0027,PO-202506-001113,1867,278,0.1489,fail,final,2025-07-04T19:00:00+08:00,质检员16
QI-0001971,SUP-015,MAT-0167,PO-202511-000068,2107,410,0.19459,fail,process,2026-03-14T02:00:00+08:00,质检员10
QI-0001972,SUP-056,MAT-0026,PO-202605-001744,1610,130,0.08075,fail,process,2026-02-24T06:00:00+08:00,质检员11
QI-0001973,SUP-004,MAT-0220,PO-202509-000343,1078,95,0.08813,fail,process,2026-02-09T11:00:00+08:00,质检员04
QI-0001974,SUP-025,MAT-0111,PO-202512-000806,1321,234,0.17714,fail,final,2026-01-21T21:00:00+08:00,质检员10
QI-0001975,SUP-016,MAT-0148,PO-202511-000915,614,86,0.14007,fail,process,2026-03-06T18:00:00+08:00,质检员20
QI-0001976,SUP-036,MAT-0132,PO-202510-000556,3359,518,0.15421,fail,final,2026-02-15T12:00:00+08:00,质检员02
QI-0001977,SUP-059,MAT-0067,PO-202508-000427,2791,140,0.05016,fail,process,2025-11-16T03:00:00+08:00,质检员12
QI-0001978,SUP-040,MAT-0056,PO-202605-000842,4160,359,0.0863,fail,process,2025-09-29T06:00:00+08:00,质检员07
QI-0001979,SUP-016,MAT-0195,PO-202511-001454,2445,260,0.10634,fail,final,2025-06-17T10:00:00+08:00,质检员01
QI-0001980,SUP-035,MAT-0083,PO-202508-001417,4774,602,0.1261,fail,incoming,2025-09-23T18:00:00+08:00,质检员07
QI-0001981,SUP-050,MAT-0176,PO-202511-000052,2527,596,0.23585,fail,incoming,2025-10-23T07:00:00+08:00,质检员13
QI-0001982,SUP-013,MAT-0028,PO-202605-000179,4853,789,0.16258,fail,final,2026-02-26T03:00:00+08:00,质检员02
QI-0001983,SUP-050,MAT-0215,PO-202506-000355,1395,321,0.23011,fail,process,2025-07-14T01:00:00+08:00,质检员16
QI-0001984,SUP-056,MAT-0210,PO-202508-000862,1182,87,0.0736,fail,incoming,2026-04-11T03:00:00+08:00,质检员14
QI-0001985,SUP-044,MAT-0142,PO-202507-000692,296,26,0.08784,fail,final,2025-12-01T00:00:00+08:00,质检员05
QI-0001986,SUP-033,MAT-0095,PO-202510-000724,4724,365,0.07727,fail,incoming,2026-02-13T12:00:00+08:00,质检员15
QI-0001987,SUP-030,MAT-0018,PO-202511-000789,4580,56,0.01223,pass,final,2025-06-20T22:00:00+08:00,质检员07
QI-0001988,SUP-055,MAT-0013,PO-202508-001735,1341,94,0.0701,fail,final,2025-07-07T17:00:00+08:00,质检员10
QI-0001989,SUP-040,MAT-0056,PO-202602-001602,2215,180,0.08126,fail,incoming,2025-09-24T21:00:00+08:00,质检员06
QI-0001990,SUP-031,MAT-0100,PO-202507-000193,4737,1094,0.23095,fail,incoming,2026-02-13T23:00:00+08:00,质检员18
QI-0001991,SUP-060,MAT-0090,PO-202602-001098,2752,140,0.05087,fail,process,2025-07-23T11:00:00+08:00,质检员07
QI-0001992,SUP-051,MAT-0213,PO-202512-000382,216,49,0.22685,fail,final,2025-11-13T19:00:00+08:00,质检员03
QI-0001993,SUP-040,MAT-0161,PO-202509-001410,3004,316,0.10519,fail,incoming,2025-09-19T10:00:00+08:00,质检员03
QI-0001994,SUP-002,MAT-0226,PO-202510-001355,3579,503,0.14054,fail,final,2026-02-05T18:00:00+08:00,质检员13
QI-0001995,SUP-006,MAT-0006,PO-202605-001795,1163,239,0.2055,fail,process,2025-12-08T12:00:00+08:00,质检员14
QI-0001996,SUP-057,MAT-0194,PO-202510-000352,4237,416,0.09818,fail,process,2026-02-05T19:00:00+08:00,质检员15
QI-0001997,SUP-053,MAT-0015,PO-202602-001618,145,18,0.12414,fail,process,2025-07-19T04:00:00+08:00,质检员11
QI-0001998,SUP-057,MAT-0057,PO-202511-001064,4183,309,0.07387,fail,final,2026-01-04T19:00:00+08:00,质检员12
QI-0001999,SUP-035,MAT-0018,PO-202601-000621,2867,261,0.09104,fail,final,2025-07-07T03:00:00+08:00,质检员02
QI-0002000,SUP-018,MAT-0229,PO-202512-001076,2978,46,0.01545,pass,process,2026-06-12T23:00:00+08:00,质检员18
