sales_order_id,customer_id,customer_level,order_created_at,promised_delivery_at,order_status,currency,order_amount,gross_profit,penalty_cost,sales_region,line_count,updated_at
SO-202509-000001,CUS-0005,A,2025-09-23T15:10:00+08:00,2025-09-26T03:10:00+08:00,at_risk,CNY,99845.22,30742.71,3494.58,青岛,2,2025-10-07T15:10:00+08:00
SO-202602-000002,CUS-0056,B,2026-02-03T07:00:00+08:00,2026-02-06T19:00:00+08:00,delivered,CNY,4522552.7,2037506.5,81405.95,成都,2,2026-03-12T07:00:00+08:00
SO-202506-000003,CUS-0015,C,2025-06-22T11:34:00+08:00,2025-06-27T23:34:00+08:00,shipped,CNY,3088792.96,1099077.2,24710.34,上海,3,2025-06-27T11:34:00+08:00
SO-202507-000004,CUS-0020,B,2025-07-24T10:11:00+08:00,2025-07-26T22:11:00+08:00,shipped,CNY,554108.31,221651.68,9973.95,宁波,4,2025-07-27T10:11:00+08:00
SO-202603-000005,CUS-0096,C,2026-03-11T00:42:00+08:00,2026-03-18T00:42:00+08:00,confirmed,CNY,10762335.7,4307591.13,86098.69,苏州,5,2026-04-14T00:42:00+08:00
SO-202510-000006,CUS-0026,B,2025-10-29T17:39:00+08:00,2025-11-03T17:39:00+08:00,delivered,CNY,1274157.21,441820.66,22934.83,天津,5,2025-12-03T17:39:00+08:00
SO-202604-000007,CUS-0115,C,2026-04-16T10:33:00+08:00,2026-04-23T10:33:00+08:00,delivered,CNY,1728139.81,662279.92,13825.12,东莞,2,2026-05-24T10:33:00+08:00
SO-202606-000008,CUS-0070,A,2026-06-06T23:22:00+08:00,2026-06-08T23:22:00+08:00,confirmed,CNY,367950.44,133137.29,12878.27,苏州,1,2026-06-15T08:00:00+08:00
SO-202508-000009,CUS-0033,B,2025-08-17T11:19:00+08:00,2025-08-20T11:19:00+08:00,shipped,CNY,297762.47,119206.86,5359.72,青岛,2,2025-09-23T11:19:00+08:00
SO-202601-000010,CUS-0044,B,2026-01-14T04:17:00+08:00,2026-01-17T04:17:00+08:00,confirmed,CNY,2424217.79,764102.64,43635.92,宁波,3,2026-02-16T04:17:00+08:00
SO-202512-000011,CUS-0041,B,2025-12-20T14:56:00+08:00,2025-12-23T14:56:00+08:00,at_risk,CNY,881024.01,290672.62,15858.43,成都,3,2026-01-05T14:56:00+08:00
SO-202512-000012,CUS-0082,C,2025-12-05T19:55:00+08:00,2025-12-10T19:55:00+08:00,confirmed,CNY,1314116.17,549576.15,10512.93,武汉,2,2026-01-15T19:55:00+08:00
SO-202509-000013,CUS-0007,B,2025-09-30T17:21:00+08:00,2025-10-04T17:21:00+08:00,delivered,CNY,15549.13,6996.17,279.88,武汉,1,2025-10-20T17:21:00+08:00
SO-202605-000014,CUS-0040,C,2026-05-05T02:18:00+08:00,2026-05-12T02:18:00+08:00,delivered,CNY,140530.92,46594.03,1124.25,合肥,1,2026-05-24T02:18:00+08:00
SO-202511-000015,CUS-0017,C,2025-11-04T11:55:00+08:00,2025-11-09T11:55:00+08:00,delivered,CNY,2622512.47,587368.63,20980.1,青岛,3,2025-12-04T11:55:00+08:00
SO-202511-000016,CUS-0085,B,2025-11-16T17:40:00+08:00,2025-11-21T17:40:00+08:00,at_risk,CNY,10325410.36,3643863.72,185857.39,青岛,5,2025-12-21T17:40:00+08:00
SO-202508-000017,CUS-0020,B,2025-08-31T00:52:00+08:00,2025-09-03T12:52:00+08:00,delivered,CNY,1223054.75,458037.54,22014.99,宁波,3,2025-10-01T00:52:00+08:00
SO-202605-000018,CUS-0048,A,2026-05-06T01:26:00+08:00,2026-05-08T13:26:00+08:00,delivered,CNY,162423.09,58778.66,5684.81,上海,2,2026-06-14T01:26:00+08:00
SO-202511-000019,CUS-0102,A,2025-11-05T00:25:00+08:00,2025-11-07T12:25:00+08:00,shipped,CNY,3787171.31,1640179.15,132551.0,青岛,5,2025-11-16T00:25:00+08:00
SO-202509-000020,CUS-0076,B,2025-09-27T17:30:00+08:00,2025-10-01T05:30:00+08:00,delivered,CNY,1248759.63,446005.12,22477.67,杭州,3,2025-10-25T17:30:00+08:00
SO-202605-000021,CUS-0094,C,2026-05-23T08:58:00+08:00,2026-05-30T08:58:00+08:00,at_risk,CNY,11826650.71,5156109.66,94613.21,宁波,5,2026-06-12T08:58:00+08:00
SO-202512-000022,CUS-0100,B,2025-12-22T17:07:00+08:00,2025-12-25T17:07:00+08:00,shipped,CNY,7428090.89,2829731.99,133705.64,成都,4,2026-02-01T17:07:00+08:00
SO-202602-000023,CUS-0036,B,2026-02-10T06:52:00+08:00,2026-02-13T18:52:00+08:00,delivered,CNY,3741438.11,1390458.06,67345.89,成都,3,2026-02-27T06:52:00+08:00
SO-202604-000024,CUS-0026,B,2026-04-06T05:35:00+08:00,2026-04-08T17:35:00+08:00,confirmed,CNY,3931659.2,1605154.7,70769.87,天津,4,2026-04-11T05:35:00+08:00
SO-202603-000025,CUS-0117,C,2026-03-04T02:47:00+08:00,2026-03-08T14:47:00+08:00,cancelled,CNY,14495032.14,5920452.26,115960.26,苏州,4,2026-03-16T02:47:00+08:00
SO-202509-000026,CUS-0074,C,2025-09-03T04:53:00+08:00,2025-09-10T04:53:00+08:00,at_risk,CNY,6125543.29,2553291.37,49004.35,苏州,2,2025-09-22T04:53:00+08:00
SO-202508-000027,CUS-0034,A,2025-08-05T00:35:00+08:00,2025-08-09T00:35:00+08:00,delivered,CNY,6020024.21,1929343.28,210700.85,天津,4,2025-08-05T00:35:00+08:00
SO-202606-000028,CUS-0076,B,2026-06-05T15:34:00+08:00,2026-06-10T15:34:00+08:00,delivered,CNY,4834563.02,1994736.24,87022.13,杭州,3,2026-06-15T08:00:00+08:00
SO-202601-000029,CUS-0022,B,2026-01-31T18:00:00+08:00,2026-02-04T06:00:00+08:00,delivered,CNY,8116165.5,2790654.03,146090.98,武汉,4,2026-03-16T18:00:00+08:00
SO-202602-000030,CUS-0075,C,2026-02-12T04:13:00+08:00,2026-02-19T04:13:00+08:00,confirmed,CNY,138300.41,58397.18,1106.4,成都,2,2026-03-08T04:13:00+08:00
SO-202605-000031,CUS-0071,C,2026-05-01T04:37:00+08:00,2026-05-05T16:37:00+08:00,confirmed,CNY,8112226.04,2966633.85,64897.81,杭州,5,2026-05-12T04:37:00+08:00
SO-202512-000032,CUS-0050,B,2025-12-19T06:44:00+08:00,2025-12-23T06:44:00+08:00,shipped,CNY,2022966.63,868201.23,36413.4,上海,4,2026-01-30T06:44:00+08:00
SO-202510-000033,CUS-0019,B,2025-10-17T05:36:00+08:00,2025-10-20T05:36:00+08:00,at_risk,CNY,7444437.7,2996269.58,133999.88,合肥,1,2025-11-07T05:36:00+08:00
SO-202511-000034,CUS-0107,B,2025-11-26T16:37:00+08:00,2025-11-29T04:37:00+08:00,confirmed,CNY,4190154.45,2005324.13,75422.78,成都,2,2025-12-26T16:37:00+08:00
SO-202601-000035,CUS-0083,B,2026-01-02T10:25:00+08:00,2026-01-07T10:25:00+08:00,delivered,CNY,1400620.12,356190.48,25211.16,苏州,2,2026-01-19T10:25:00+08:00
SO-202510-000036,CUS-0042,A,2025-10-28T13:37:00+08:00,2025-10-30T01:37:00+08:00,confirmed,CNY,6371941.65,2137179.93,223017.96,东莞,4,2025-11-25T13:37:00+08:00
SO-202602-000037,CUS-0059,C,2026-02-03T18:35:00+08:00,2026-02-09T06:35:00+08:00,delivered,CNY,4614541.6,1173897.48,36916.33,天津,5,2026-03-02T18:35:00+08:00
SO-202605-000038,CUS-0107,B,2026-05-06T04:29:00+08:00,2026-05-11T04:29:00+08:00,delivered,CNY,13251944.52,5600002.93,238535.0,成都,5,2026-05-14T04:29:00+08:00
SO-202606-000039,CUS-0044,B,2026-06-12T15:20:00+08:00,2026-06-16T03:20:00+08:00,delivered,CNY,201128.21,79739.19,3620.31,宁波,1,2026-06-15T08:00:00+08:00
SO-202602-000040,CUS-0114,B,2026-02-11T16:47:00+08:00,2026-02-15T16:47:00+08:00,at_risk,CNY,6330612.9,2723095.22,113951.03,苏州,4,2026-02-25T16:47:00+08:00
SO-202512-000041,CUS-0071,C,2025-12-05T23:05:00+08:00,2025-12-10T11:05:00+08:00,at_risk,CNY,3829127.22,1311616.98,30633.02,杭州,5,2025-12-10T23:05:00+08:00
SO-202606-000042,CUS-0017,C,2026-06-05T04:46:00+08:00,2026-06-12T04:46:00+08:00,confirmed,CNY,5633292.75,2293342.03,45066.34,青岛,4,2026-06-15T08:00:00+08:00
SO-202602-000043,CUS-0047,B,2026-02-11T09:10:00+08:00,2026-02-14T09:10:00+08:00,delivered,CNY,3296254.65,715836.96,59332.58,东莞,2,2026-03-21T09:10:00+08:00
SO-202511-000044,CUS-0054,C,2025-11-12T17:57:00+08:00,2025-11-18T17:57:00+08:00,at_risk,CNY,3173470.6,1176253.5,25387.76,青岛,5,2025-12-01T17:57:00+08:00
SO-202512-000045,CUS-0023,A,2025-12-15T14:33:00+08:00,2025-12-18T02:33:00+08:00,shipped,CNY,3025890.21,1089882.09,105906.16,青岛,3,2026-01-23T14:33:00+08:00
SO-202511-000046,CUS-0100,B,2025-11-03T13:39:00+08:00,2025-11-06T13:39:00+08:00,confirmed,CNY,493386.96,130739.52,8880.97,成都,1,2025-12-15T13:39:00+08:00
SO-202601-000047,CUS-0001,C,2026-01-11T12:48:00+08:00,2026-01-17T12:48:00+08:00,delivered,CNY,7747363.03,3472531.5,61978.9,苏州,5,2026-02-06T12:48:00+08:00
SO-202605-000048,CUS-0032,A,2026-05-27T05:14:00+08:00,2026-05-29T05:14:00+08:00,delivered,CNY,1995823.36,614501.28,69853.82,苏州,5,2026-06-15T08:00:00+08:00
SO-202511-000049,CUS-0107,B,2025-11-26T18:16:00+08:00,2025-11-30T06:16:00+08:00,shipped,CNY,8619600.04,3544447.12,155152.8,成都,5,2025-12-08T18:16:00+08:00
SO-202511-000050,CUS-0027,B,2025-11-21T13:01:00+08:00,2025-11-26T13:01:00+08:00,shipped,CNY,3329392.28,1108459.96,59929.06,合肥,1,2025-12-04T13:01:00+08:00
SO-202509-000051,CUS-0081,B,2025-09-05T10:56:00+08:00,2025-09-09T10:56:00+08:00,delivered,CNY,2625494.62,1013371.67,47258.9,天津,4,2025-09-09T10:56:00+08:00
SO-202605-000052,CUS-0073,C,2026-05-05T03:21:00+08:00,2026-05-09T15:21:00+08:00,cancelled,CNY,1417886.71,518338.75,11343.09,成都,2,2026-05-15T03:21:00+08:00
SO-202604-000053,CUS-0078,B,2026-04-05T23:45:00+08:00,2026-04-09T11:45:00+08:00,delivered,CNY,361187.25,172658.53,6501.37,武汉,2,2026-05-05T23:45:00+08:00
SO-202506-000054,CUS-0080,B,2025-06-24T08:01:00+08:00,2025-06-28T08:01:00+08:00,delivered,CNY,1257115.35,419510.61,22628.08,武汉,2,2025-08-06T08:01:00+08:00
SO-202511-000055,CUS-0068,A,2025-11-11T19:02:00+08:00,2025-11-15T19:02:00+08:00,confirmed,CNY,3609747.18,1427494.62,126341.15,成都,2,2025-11-13T19:02:00+08:00
SO-202510-000056,CUS-0076,B,2025-10-04T10:56:00+08:00,2025-10-08T10:56:00+08:00,confirmed,CNY,5275080.6,2201200.24,94951.45,杭州,4,2025-10-26T10:56:00+08:00
SO-202507-000057,CUS-0095,B,2025-07-06T16:26:00+08:00,2025-07-09T04:26:00+08:00,delivered,CNY,2683977.86,1114393.63,48311.6,苏州,3,2025-07-22T16:26:00+08:00
SO-202510-000058,CUS-0030,B,2025-10-31T15:39:00+08:00,2025-11-04T03:39:00+08:00,delivered,CNY,1325870.86,506572.16,23865.68,上海,2,2025-11-26T15:39:00+08:00
SO-202507-000059,CUS-0079,C,2025-07-04T17:14:00+08:00,2025-07-09T17:14:00+08:00,shipped,CNY,4184748.86,1627510.58,33477.99,东莞,3,2025-08-18T17:14:00+08:00
SO-202511-000060,CUS-0097,B,2025-11-29T00:58:00+08:00,2025-12-04T00:58:00+08:00,delivered,CNY,4748602.79,2088970.59,85474.85,杭州,5,2025-12-03T00:58:00+08:00
SO-202511-000061,CUS-0005,A,2025-11-09T14:04:00+08:00,2025-11-11T02:04:00+08:00,delivered,CNY,8482419.17,3762309.05,296884.67,青岛,5,2025-11-19T14:04:00+08:00
SO-202601-000062,CUS-0082,C,2026-01-08T06:55:00+08:00,2026-01-12T18:55:00+08:00,at_risk,CNY,1963833.41,750631.16,15710.67,武汉,1,2026-01-12T06:55:00+08:00
SO-202509-000063,CUS-0107,B,2025-09-09T22:57:00+08:00,2025-09-12T10:57:00+08:00,delivered,CNY,1363827.68,519188.46,24548.9,成都,3,2025-09-27T22:57:00+08:00
SO-202601-000064,CUS-0003,A,2026-01-25T18:26:00+08:00,2026-01-27T18:26:00+08:00,cancelled,CNY,433094.21,172766.59,15158.3,杭州,2,2026-02-20T18:26:00+08:00
SO-202510-000065,CUS-0030,B,2025-10-26T20:27:00+08:00,2025-10-31T20:27:00+08:00,delivered,CNY,1725010.31,433278.15,31050.19,上海,4,2025-11-03T20:27:00+08:00
SO-202602-000066,CUS-0095,B,2026-02-17T15:04:00+08:00,2026-02-20T15:04:00+08:00,cancelled,CNY,1620049.23,481589.13,29160.89,苏州,3,2026-03-09T15:04:00+08:00
SO-202603-000067,CUS-0062,B,2026-03-13T19:32:00+08:00,2026-03-17T07:32:00+08:00,overdue,CNY,1400694.53,297923.01,25212.5,苏州,1,2026-03-13T19:32:00+08:00
SO-202512-000068,CUS-0070,A,2025-12-14T14:29:00+08:00,2025-12-17T02:29:00+08:00,confirmed,CNY,54431.2,24465.79,1905.09,苏州,1,2026-01-22T14:29:00+08:00
SO-202507-000069,CUS-0030,B,2025-07-29T07:09:00+08:00,2025-08-01T07:09:00+08:00,shipped,CNY,811911.94,237880.86,14614.41,上海,3,2025-09-11T07:09:00+08:00
SO-202509-000070,CUS-0082,C,2025-09-27T13:58:00+08:00,2025-10-03T13:58:00+08:00,confirmed,CNY,1191633.59,327443.71,9533.07,武汉,2,2025-10-11T13:58:00+08:00
SO-202605-000071,CUS-0118,C,2026-05-20T04:22:00+08:00,2026-05-24T16:22:00+08:00,delivered,CNY,3845200.16,1357920.87,30761.6,上海,4,2026-05-28T04:22:00+08:00
SO-202603-000072,CUS-0059,C,2026-03-06T14:01:00+08:00,2026-03-11T02:01:00+08:00,delivered,CNY,3562373.83,984299.52,28498.99,天津,3,2026-04-11T14:01:00+08:00
SO-202512-000073,CUS-0024,B,2025-12-22T04:31:00+08:00,2025-12-24T16:31:00+08:00,delivered,CNY,2617480.7,1156259.36,47114.65,合肥,4,2026-01-08T04:31:00+08:00
SO-202602-000074,CUS-0077,B,2026-02-12T17:22:00+08:00,2026-02-16T05:22:00+08:00,overdue,CNY,1721925.2,583498.78,30994.65,东莞,2,2026-03-22T17:22:00+08:00
SO-202601-000075,CUS-0040,C,2026-01-17T15:00:00+08:00,2026-01-22T15:00:00+08:00,at_risk,CNY,2889502.19,1038572.44,23116.02,合肥,2,2026-01-20T15:00:00+08:00
SO-202509-000076,CUS-0104,C,2025-09-01T06:37:00+08:00,2025-09-07T06:37:00+08:00,delivered,CNY,3577266.66,1595412.47,28618.13,武汉,4,2025-09-05T06:37:00+08:00
SO-202511-000077,CUS-0001,C,2025-11-28T23:45:00+08:00,2025-12-03T11:45:00+08:00,delivered,CNY,877263.7,218818.86,7018.11,苏州,3,2026-01-03T23:45:00+08:00
SO-202506-000078,CUS-0029,B,2025-06-26T21:36:00+08:00,2025-06-29T09:36:00+08:00,shipped,CNY,6785126.51,2211757.77,122132.28,武汉,4,2025-07-27T21:36:00+08:00
SO-202508-000079,CUS-0102,A,2025-08-07T21:20:00+08:00,2025-08-10T21:20:00+08:00,delivered,CNY,426550.88,139449.6,14929.28,青岛,1,2025-08-12T21:20:00+08:00
SO-202508-000080,CUS-0025,B,2025-08-02T19:08:00+08:00,2025-08-07T19:08:00+08:00,at_risk,CNY,154723.78,29564.69,2785.03,东莞,1,2025-09-10T19:08:00+08:00
SO-202509-000081,CUS-0094,C,2025-09-06T12:16:00+08:00,2025-09-12T12:16:00+08:00,delivered,CNY,7749100.0,2770826.11,61992.8,宁波,5,2025-09-23T12:16:00+08:00
SO-202602-000082,CUS-0001,C,2026-02-07T17:37:00+08:00,2026-02-14T17:37:00+08:00,at_risk,CNY,172098.79,54503.6,1376.79,苏州,1,2026-03-05T17:37:00+08:00
SO-202511-000083,CUS-0074,C,2025-11-23T01:50:00+08:00,2025-11-27T13:50:00+08:00,at_risk,CNY,1520539.78,490995.47,12164.32,苏州,3,2025-12-30T01:50:00+08:00
SO-202601-000084,CUS-0062,B,2026-01-02T04:35:00+08:00,2026-01-04T16:35:00+08:00,delivered,CNY,1763610.79,663811.27,31744.99,苏州,3,2026-01-14T04:35:00+08:00
SO-202601-000085,CUS-0001,C,2026-01-26T10:18:00+08:00,2026-02-02T10:18:00+08:00,delivered,CNY,3997020.03,1594455.27,31976.16,苏州,3,2026-03-08T10:18:00+08:00
SO-202509-000086,CUS-0076,B,2025-09-24T11:55:00+08:00,2025-09-27T11:55:00+08:00,shipped,CNY,22612.4,7308.32,407.02,杭州,1,2025-10-12T11:55:00+08:00
SO-202603-000087,CUS-0082,C,2026-03-11T07:50:00+08:00,2026-03-18T07:50:00+08:00,shipped,CNY,269820.45,114408.14,2158.56,武汉,3,2026-03-18T07:50:00+08:00
SO-202507-000088,CUS-0032,A,2025-07-20T00:56:00+08:00,2025-07-22T12:56:00+08:00,delivered,CNY,3491098.84,1025168.53,122188.46,苏州,4,2025-08-26T00:56:00+08:00
SO-202603-000089,CUS-0119,B,2026-03-02T09:09:00+08:00,2026-03-07T09:09:00+08:00,delivered,CNY,2116514.69,486214.01,38097.26,苏州,3,2026-04-15T09:09:00+08:00
SO-202605-000090,CUS-0059,C,2026-05-04T08:03:00+08:00,2026-05-11T08:03:00+08:00,delivered,CNY,6524518.22,2342023.21,52196.15,天津,5,2026-05-15T08:03:00+08:00
SO-202604-000091,CUS-0013,B,2026-04-13T07:39:00+08:00,2026-04-16T19:39:00+08:00,at_risk,CNY,3897263.38,913317.62,70150.74,成都,1,2026-05-05T07:39:00+08:00
SO-202605-000092,CUS-0023,A,2026-05-22T15:59:00+08:00,2026-05-26T15:59:00+08:00,shipped,CNY,3057977.93,1324566.62,107029.23,青岛,2,2026-06-07T15:59:00+08:00
SO-202507-000093,CUS-0010,B,2025-07-06T01:31:00+08:00,2025-07-10T01:31:00+08:00,delivered,CNY,11020470.27,4292517.24,198368.46,合肥,5,2025-07-27T01:31:00+08:00
SO-202605-000094,CUS-0033,B,2026-05-04T22:07:00+08:00,2026-05-07T22:07:00+08:00,cancelled,CNY,1992222.59,571291.79,35860.01,青岛,1,2026-06-03T22:07:00+08:00
SO-202509-000095,CUS-0031,C,2025-09-23T15:35:00+08:00,2025-09-30T15:35:00+08:00,shipped,CNY,295458.02,117735.86,2363.66,青岛,1,2025-10-06T15:35:00+08:00
SO-202603-000096,CUS-0115,C,2026-03-29T21:56:00+08:00,2026-04-03T09:56:00+08:00,overdue,CNY,2363960.46,575669.52,18911.68,东莞,1,2026-05-01T21:56:00+08:00
SO-202508-000097,CUS-0089,B,2025-08-26T07:43:00+08:00,2025-08-29T19:43:00+08:00,shipped,CNY,761628.2,301693.8,13709.31,宁波,1,2025-09-02T07:43:00+08:00
SO-202508-000098,CUS-0053,B,2025-08-18T08:38:00+08:00,2025-08-23T08:38:00+08:00,shipped,CNY,3648149.6,1385355.0,65666.69,成都,5,2025-08-29T08:38:00+08:00
SO-202601-000099,CUS-0032,A,2026-01-23T19:56:00+08:00,2026-01-25T07:56:00+08:00,delivered,CNY,225377.1,97349.61,7888.2,苏州,2,2026-02-08T19:56:00+08:00
SO-202509-000100,CUS-0059,C,2025-09-27T08:17:00+08:00,2025-10-03T08:17:00+08:00,cancelled,CNY,1762536.24,768348.52,14100.29,天津,2,2025-11-07T08:17:00+08:00
SO-202511-000101,CUS-0054,C,2025-11-14T21:21:00+08:00,2025-11-20T21:21:00+08:00,delivered,CNY,204445.05,91630.36,1635.56,青岛,2,2025-11-21T21:21:00+08:00
SO-202508-000102,CUS-0062,B,2025-08-23T12:38:00+08:00,2025-08-26T00:38:00+08:00,delivered,CNY,1223466.13,528220.79,22022.39,苏州,1,2025-10-06T12:38:00+08:00
SO-202510-000103,CUS-0047,B,2025-10-07T01:45:00+08:00,2025-10-09T13:45:00+08:00,confirmed,CNY,5944839.26,2493381.52,107007.11,东莞,5,2025-10-08T01:45:00+08:00
SO-202511-000104,CUS-0016,C,2025-11-08T19:01:00+08:00,2025-11-13T19:01:00+08:00,confirmed,CNY,2562721.29,746918.92,20501.77,杭州,1,2025-12-21T19:01:00+08:00
SO-202508-000105,CUS-0070,A,2025-08-18T13:11:00+08:00,2025-08-21T01:11:00+08:00,delivered,CNY,8568875.09,3815669.01,299910.63,苏州,4,2025-09-13T13:11:00+08:00
SO-202509-000106,CUS-0003,A,2025-09-14T13:19:00+08:00,2025-09-16T13:19:00+08:00,at_risk,CNY,4728871.58,1596157.16,165510.51,杭州,4,2025-09-27T13:19:00+08:00
SO-202606-000107,CUS-0073,C,2026-06-14T01:46:00+08:00,2026-06-19T13:46:00+08:00,at_risk,CNY,1301100.86,455911.32,10408.81,成都,4,2026-06-15T08:00:00+08:00
SO-202604-000108,CUS-0096,C,2026-04-27T18:04:00+08:00,2026-05-04T18:04:00+08:00,confirmed,CNY,2639166.25,838797.53,21113.33,苏州,4,2026-05-31T18:04:00+08:00
SO-202507-000109,CUS-0058,C,2025-07-22T22:32:00+08:00,2025-07-27T10:32:00+08:00,overdue,CNY,2807995.54,1161094.91,22463.96,苏州,3,2025-08-08T22:32:00+08:00
SO-202509-000110,CUS-0101,C,2025-09-05T12:28:00+08:00,2025-09-10T12:28:00+08:00,delivered,CNY,3044364.65,1408762.65,24354.92,武汉,2,2025-10-10T12:28:00+08:00
SO-202602-000111,CUS-0058,C,2026-02-12T02:32:00+08:00,2026-02-17T14:32:00+08:00,delivered,CNY,2932062.12,710536.57,23456.5,苏州,3,2026-02-18T02:32:00+08:00
SO-202602-000112,CUS-0106,A,2026-02-08T07:36:00+08:00,2026-02-09T19:36:00+08:00,shipped,CNY,4731227.39,1678761.92,165592.96,天津,5,2026-03-11T07:36:00+08:00
SO-202510-000113,CUS-0117,C,2025-10-04T02:03:00+08:00,2025-10-11T02:03:00+08:00,at_risk,CNY,3445431.32,1007148.97,27563.45,苏州,4,2025-10-09T02:03:00+08:00
SO-202507-000114,CUS-0051,C,2025-07-28T09:41:00+08:00,2025-08-02T21:41:00+08:00,delivered,CNY,3983131.35,1461671.74,31865.05,武汉,1,2025-08-08T09:41:00+08:00
SO-202602-000115,CUS-0026,B,2026-02-07T19:13:00+08:00,2026-02-11T19:13:00+08:00,overdue,CNY,6635411.21,2280416.91,119437.4,天津,5,2026-03-05T19:13:00+08:00
SO-202506-000116,CUS-0096,C,2025-06-22T21:04:00+08:00,2025-06-27T09:04:00+08:00,confirmed,CNY,772527.76,282494.88,6180.22,苏州,1,2025-07-25T21:04:00+08:00
SO-202507-000117,CUS-0089,B,2025-07-07T14:13:00+08:00,2025-07-10T14:13:00+08:00,confirmed,CNY,2395625.48,911676.25,43121.26,宁波,2,2025-08-09T14:13:00+08:00
SO-202511-000118,CUS-0004,B,2025-11-04T07:30:00+08:00,2025-11-09T07:30:00+08:00,delivered,CNY,806181.96,248998.9,14511.28,杭州,1,2025-11-26T07:30:00+08:00
SO-202602-000119,CUS-0084,C,2026-02-10T16:11:00+08:00,2026-02-16T16:11:00+08:00,shipped,CNY,2833180.14,1066515.2,22665.44,合肥,4,2026-03-21T16:11:00+08:00
SO-202606-000120,CUS-0051,C,2026-06-04T15:26:00+08:00,2026-06-10T15:26:00+08:00,delivered,CNY,114776.97,36433.21,918.22,武汉,1,2026-06-15T08:00:00+08:00
SO-202512-000121,CUS-0084,C,2025-12-23T16:45:00+08:00,2025-12-28T04:45:00+08:00,at_risk,CNY,1663585.76,631112.27,13308.69,合肥,2,2025-12-28T16:45:00+08:00
SO-202605-000122,CUS-0018,B,2026-05-31T10:41:00+08:00,2026-06-03T10:41:00+08:00,delivered,CNY,7910330.68,2760724.33,142385.95,宁波,5,2026-06-09T10:41:00+08:00
SO-202604-000123,CUS-0087,B,2026-04-20T02:54:00+08:00,2026-04-24T02:54:00+08:00,delivered,CNY,7582956.76,2097770.54,136493.22,天津,4,2026-05-11T02:54:00+08:00
SO-202602-000124,CUS-0084,C,2026-02-01T10:33:00+08:00,2026-02-06T10:33:00+08:00,confirmed,CNY,826520.33,252794.23,6612.16,合肥,4,2026-03-14T10:33:00+08:00
SO-202602-000125,CUS-0095,B,2026-02-15T22:38:00+08:00,2026-02-18T22:38:00+08:00,delivered,CNY,3565376.84,1273306.68,64176.78,苏州,3,2026-03-28T22:38:00+08:00
SO-202511-000126,CUS-0110,B,2025-11-11T05:18:00+08:00,2025-11-15T05:18:00+08:00,delivered,CNY,1221423.12,328571.12,21985.62,成都,1,2025-11-28T05:18:00+08:00
SO-202602-000127,CUS-0085,B,2026-02-23T21:12:00+08:00,2026-02-26T09:12:00+08:00,delivered,CNY,5219432.02,2328975.96,93949.78,青岛,4,2026-03-03T21:12:00+08:00
SO-202605-000128,CUS-0013,B,2026-05-10T20:05:00+08:00,2026-05-13T20:05:00+08:00,cancelled,CNY,1340590.62,243561.1,24130.63,成都,2,2026-06-15T08:00:00+08:00
SO-202604-000129,CUS-0048,A,2026-04-28T06:21:00+08:00,2026-04-30T18:21:00+08:00,shipped,CNY,9651952.64,3926037.93,337818.34,上海,4,2026-05-02T06:21:00+08:00
SO-202508-000130,CUS-0056,B,2025-08-11T17:13:00+08:00,2025-08-16T17:13:00+08:00,delivered,CNY,3373544.24,854322.39,60723.8,成都,4,2025-09-02T17:13:00+08:00
SO-202603-000131,CUS-0119,B,2026-03-26T19:18:00+08:00,2026-03-29T19:18:00+08:00,delivered,CNY,32333.06,12307.22,582.0,苏州,1,2026-05-10T19:18:00+08:00
SO-202604-000132,CUS-0043,C,2026-04-18T20:52:00+08:00,2026-04-23T20:52:00+08:00,at_risk,CNY,10468376.16,4981412.19,83747.01,武汉,3,2026-05-01T20:52:00+08:00
SO-202602-000133,CUS-0005,A,2026-02-21T14:16:00+08:00,2026-02-23T02:16:00+08:00,delivered,CNY,497826.71,180682.98,17423.94,青岛,1,2026-03-31T14:16:00+08:00
SO-202603-000134,CUS-0119,B,2026-03-05T16:43:00+08:00,2026-03-09T04:43:00+08:00,shipped,CNY,1946459.77,694343.55,35036.28,苏州,5,2026-03-27T16:43:00+08:00
SO-202601-000135,CUS-0073,C,2026-01-05T21:17:00+08:00,2026-01-11T21:17:00+08:00,delivered,CNY,8813069.56,3138270.05,70504.56,成都,5,2026-02-01T21:17:00+08:00
SO-202509-000136,CUS-0051,C,2025-09-25T21:33:00+08:00,2025-10-01T21:33:00+08:00,delivered,CNY,2530851.18,1045562.86,20246.81,武汉,4,2025-10-13T21:33:00+08:00
SO-202604-000137,CUS-0077,B,2026-04-21T03:45:00+08:00,2026-04-23T15:45:00+08:00,confirmed,CNY,4587206.76,1217715.68,82569.72,东莞,3,2026-04-24T03:45:00+08:00
SO-202511-000138,CUS-0089,B,2025-11-24T21:59:00+08:00,2025-11-29T21:59:00+08:00,cancelled,CNY,606520.88,200327.9,10917.38,宁波,2,2025-12-21T21:59:00+08:00
SO-202506-000139,CUS-0017,C,2025-06-24T03:06:00+08:00,2025-06-29T03:06:00+08:00,delivered,CNY,7253855.25,2900896.23,58030.84,青岛,4,2025-08-04T03:06:00+08:00
SO-202603-000140,CUS-0048,A,2026-03-04T02:52:00+08:00,2026-03-06T14:52:00+08:00,at_risk,CNY,828328.45,382498.43,28991.5,上海,1,2026-03-20T02:52:00+08:00
SO-202507-000141,CUS-0016,C,2025-07-19T05:24:00+08:00,2025-07-26T05:24:00+08:00,delivered,CNY,8349051.36,2557411.2,66792.41,杭州,5,2025-08-28T05:24:00+08:00
SO-202508-000142,CUS-0117,C,2025-08-31T16:15:00+08:00,2025-09-07T16:15:00+08:00,confirmed,CNY,1397123.53,500002.26,11176.99,苏州,3,2025-09-13T16:15:00+08:00
SO-202509-000143,CUS-0021,B,2025-09-18T19:07:00+08:00,2025-09-22T19:07:00+08:00,cancelled,CNY,1975165.16,828983.71,35552.97,成都,5,2025-10-29T19:07:00+08:00
SO-202603-000144,CUS-0062,B,2026-03-19T03:15:00+08:00,2026-03-21T15:15:00+08:00,confirmed,CNY,5704878.98,2496698.84,102687.82,苏州,4,2026-04-27T03:15:00+08:00
SO-202510-000145,CUS-0019,B,2025-10-06T15:48:00+08:00,2025-10-10T03:48:00+08:00,cancelled,CNY,5432414.79,1911955.53,97783.47,合肥,5,2025-11-12T15:48:00+08:00
SO-202508-000146,CUS-0087,B,2025-08-22T13:17:00+08:00,2025-08-25T01:17:00+08:00,overdue,CNY,2087261.15,836911.65,37570.7,天津,4,2025-09-08T13:17:00+08:00
SO-202509-000147,CUS-0042,A,2025-09-06T23:21:00+08:00,2025-09-09T23:21:00+08:00,delivered,CNY,1040336.54,354143.42,36411.78,东莞,1,2025-10-21T23:21:00+08:00
SO-202512-000148,CUS-0065,A,2025-12-09T02:46:00+08:00,2025-12-11T02:46:00+08:00,delivered,CNY,4055957.0,1647590.87,141958.5,宁波,3,2025-12-17T02:46:00+08:00
SO-202511-000149,CUS-0052,C,2025-11-18T22:56:00+08:00,2025-11-23T10:56:00+08:00,delivered,CNY,3062404.71,1074278.82,24499.24,上海,3,2026-01-01T22:56:00+08:00
SO-202601-000150,CUS-0006,C,2026-01-19T05:27:00+08:00,2026-01-26T05:27:00+08:00,cancelled,CNY,1407773.14,317336.04,11262.19,杭州,4,2026-01-22T05:27:00+08:00
SO-202601-000151,CUS-0111,C,2026-01-12T19:56:00+08:00,2026-01-17T07:56:00+08:00,cancelled,CNY,11977395.33,4248169.56,95819.16,上海,5,2026-01-16T19:56:00+08:00
SO-202508-000152,CUS-0014,C,2025-08-16T15:17:00+08:00,2025-08-21T03:17:00+08:00,delivered,CNY,1931636.79,830115.54,15453.09,东莞,4,2025-09-03T15:17:00+08:00
SO-202510-000153,CUS-0024,B,2025-10-16T12:22:00+08:00,2025-10-20T12:22:00+08:00,confirmed,CNY,1212066.41,497151.39,21817.2,合肥,2,2025-11-04T12:22:00+08:00
SO-202510-000154,CUS-0002,B,2025-10-26T12:25:00+08:00,2025-10-30T12:25:00+08:00,delivered,CNY,1481982.56,593477.39,26675.69,杭州,2,2025-11-22T12:25:00+08:00
SO-202605-000155,CUS-0096,C,2026-05-27T08:41:00+08:00,2026-06-01T08:41:00+08:00,shipped,CNY,1005311.48,274250.88,8042.49,苏州,1,2026-06-01T08:41:00+08:00
SO-202508-000156,CUS-0108,B,2025-08-22T11:27:00+08:00,2025-08-24T23:27:00+08:00,delivered,CNY,1187683.31,537713.08,21378.3,上海,2,2025-10-03T11:27:00+08:00
SO-202508-000157,CUS-0036,B,2025-08-12T08:36:00+08:00,2025-08-15T20:36:00+08:00,confirmed,CNY,2286947.71,905522.4,41165.06,成都,4,2025-09-20T08:36:00+08:00
SO-202510-000158,CUS-0082,C,2025-10-08T19:44:00+08:00,2025-10-15T19:44:00+08:00,overdue,CNY,521557.13,209855.08,4172.46,武汉,1,2025-11-04T19:44:00+08:00
SO-202604-000159,CUS-0081,B,2026-04-14T23:36:00+08:00,2026-04-17T23:36:00+08:00,delivered,CNY,8374350.58,3424410.5,150738.31,天津,2,2026-05-08T23:36:00+08:00
SO-202601-000160,CUS-0046,B,2026-01-19T12:19:00+08:00,2026-01-23T12:19:00+08:00,delivered,CNY,1061728.52,433310.94,19111.11,青岛,2,2026-03-03T12:19:00+08:00
SO-202601-000161,CUS-0010,B,2026-01-12T19:23:00+08:00,2026-01-17T19:23:00+08:00,delivered,CNY,7052795.1,3086560.11,126950.31,合肥,5,2026-01-24T19:23:00+08:00
SO-202604-000162,CUS-0105,C,2026-04-05T01:28:00+08:00,2026-04-12T01:28:00+08:00,at_risk,CNY,3669594.84,1428627.54,29356.76,成都,5,2026-05-18T01:28:00+08:00
SO-202512-000163,CUS-0085,B,2025-12-07T23:01:00+08:00,2025-12-11T23:01:00+08:00,shipped,CNY,2918159.6,879059.74,52526.87,青岛,2,2025-12-19T23:01:00+08:00
SO-202510-000164,CUS-0068,A,2025-10-24T18:08:00+08:00,2025-10-28T18:08:00+08:00,delivered,CNY,6785982.14,2102732.35,237509.37,成都,3,2025-12-05T18:08:00+08:00
SO-202512-000165,CUS-0030,B,2025-12-23T14:04:00+08:00,2025-12-28T14:04:00+08:00,delivered,CNY,2550454.06,491240.61,45908.17,上海,3,2025-12-28T14:04:00+08:00
SO-202604-000166,CUS-0052,C,2026-04-04T17:59:00+08:00,2026-04-11T17:59:00+08:00,overdue,CNY,4975097.56,1764622.38,39800.78,上海,4,2026-05-17T17:59:00+08:00
SO-202508-000167,CUS-0048,A,2025-08-11T23:21:00+08:00,2025-08-15T23:21:00+08:00,delivered,CNY,4818748.01,2066252.21,168656.18,上海,5,2025-09-22T23:21:00+08:00
SO-202604-000168,CUS-0119,B,2026-04-16T09:37:00+08:00,2026-04-19T21:37:00+08:00,delivered,CNY,796450.36,301578.58,14336.11,苏州,3,2026-05-06T09:37:00+08:00
SO-202506-000169,CUS-0041,B,2025-06-30T06:01:00+08:00,2025-07-03T18:01:00+08:00,confirmed,CNY,212980.88,92997.08,3833.66,成都,3,2025-07-05T06:01:00+08:00
SO-202601-000170,CUS-0100,B,2026-01-17T12:30:00+08:00,2026-01-20T00:30:00+08:00,shipped,CNY,882161.41,327443.43,15878.91,成都,5,2026-01-26T12:30:00+08:00
SO-202511-000171,CUS-0105,C,2025-11-27T02:27:00+08:00,2025-12-02T02:27:00+08:00,at_risk,CNY,1845266.18,525800.38,14762.13,成都,1,2025-12-02T02:27:00+08:00
SO-202601-000172,CUS-0023,A,2026-01-29T16:08:00+08:00,2026-01-31T16:08:00+08:00,delivered,CNY,78137.29,33239.29,2734.81,青岛,1,2026-03-07T16:08:00+08:00
SO-202601-000173,CUS-0024,B,2026-01-27T19:37:00+08:00,2026-01-30T19:37:00+08:00,confirmed,CNY,1793043.15,815874.11,32274.78,合肥,4,2026-03-13T19:37:00+08:00
SO-202506-000174,CUS-0080,B,2025-06-30T10:38:00+08:00,2025-07-02T22:38:00+08:00,overdue,CNY,2876236.1,981534.23,51772.25,武汉,3,2025-07-15T10:38:00+08:00
SO-202601-000175,CUS-0080,B,2026-01-02T10:07:00+08:00,2026-01-04T22:07:00+08:00,confirmed,CNY,5330297.92,1867432.8,95945.36,武汉,3,2026-02-14T10:07:00+08:00
SO-202506-000176,CUS-0068,A,2025-06-15T18:36:00+08:00,2025-06-18T18:36:00+08:00,cancelled,CNY,2066136.05,816918.25,72314.76,成都,1,2025-07-15T18:36:00+08:00
SO-202506-000177,CUS-0090,B,2025-06-24T14:32:00+08:00,2025-06-28T02:32:00+08:00,shipped,CNY,4735628.03,1754204.7,85241.3,天津,3,2025-07-21T14:32:00+08:00
SO-202601-000178,CUS-0109,C,2026-01-16T22:01:00+08:00,2026-01-22T10:01:00+08:00,delivered,CNY,27901.26,7151.34,223.21,东莞,2,2026-03-02T22:01:00+08:00
SO-202510-000179,CUS-0021,B,2025-10-16T17:09:00+08:00,2025-10-21T17:09:00+08:00,at_risk,CNY,3862874.16,1368887.65,69531.73,成都,3,2025-11-19T17:09:00+08:00
SO-202605-000180,CUS-0063,B,2026-05-05T09:26:00+08:00,2026-05-09T09:26:00+08:00,delivered,CNY,1309804.63,564910.48,23576.48,杭州,1,2026-06-15T08:00:00+08:00
SO-202512-000181,CUS-0011,C,2025-12-22T13:05:00+08:00,2025-12-28T13:05:00+08:00,at_risk,CNY,4995809.31,1398924.7,39966.47,青岛,5,2026-01-05T13:05:00+08:00
SO-202511-000182,CUS-0087,B,2025-11-10T18:17:00+08:00,2025-11-14T06:17:00+08:00,cancelled,CNY,3344055.29,957357.0,60193.0,天津,3,2025-12-06T18:17:00+08:00
SO-202604-000183,CUS-0108,B,2026-04-15T18:09:00+08:00,2026-04-18T06:09:00+08:00,delivered,CNY,50563.36,20237.27,910.14,上海,1,2026-04-15T18:09:00+08:00
SO-202510-000184,CUS-0080,B,2025-10-28T14:44:00+08:00,2025-10-31T14:44:00+08:00,cancelled,CNY,3140478.48,1364556.68,56528.61,武汉,3,2025-12-02T14:44:00+08:00
SO-202510-000185,CUS-0065,A,2025-10-21T08:30:00+08:00,2025-10-23T08:30:00+08:00,delivered,CNY,639263.71,257246.34,22374.23,宁波,1,2025-11-30T08:30:00+08:00
SO-202606-000186,CUS-0079,C,2026-06-07T00:36:00+08:00,2026-06-13T00:36:00+08:00,delivered,CNY,3749775.58,1408706.25,29998.2,东莞,2,2026-06-15T08:00:00+08:00
SO-202511-000187,CUS-0047,B,2025-11-14T11:54:00+08:00,2025-11-18T11:54:00+08:00,delivered,CNY,7973155.47,3378599.16,143516.8,东莞,4,2025-12-19T11:54:00+08:00
SO-202511-000188,CUS-0082,C,2025-11-07T00:17:00+08:00,2025-11-12T12:17:00+08:00,confirmed,CNY,508489.03,148032.09,4067.91,武汉,2,2025-11-22T00:17:00+08:00
SO-202512-000189,CUS-0073,C,2025-12-19T23:27:00+08:00,2025-12-25T23:27:00+08:00,delivered,CNY,268172.03,53731.85,2145.38,成都,4,2026-02-02T23:27:00+08:00
SO-202603-000190,CUS-0001,C,2026-03-14T08:58:00+08:00,2026-03-19T08:58:00+08:00,cancelled,CNY,1006727.84,355502.4,8053.82,苏州,1,2026-03-19T08:58:00+08:00
SO-202508-000191,CUS-0030,B,2025-08-01T15:34:00+08:00,2025-08-05T15:34:00+08:00,confirmed,CNY,5125798.57,1462116.94,92264.37,上海,5,2025-08-04T15:34:00+08:00
SO-202606-000192,CUS-0014,C,2026-06-03T18:39:00+08:00,2026-06-09T18:39:00+08:00,shipped,CNY,4462513.06,1574581.99,35700.1,东莞,2,2026-06-15T08:00:00+08:00
SO-202510-000193,CUS-0105,C,2025-10-21T21:57:00+08:00,2025-10-26T21:57:00+08:00,at_risk,CNY,2202450.35,672395.24,17619.6,成都,4,2025-11-23T21:57:00+08:00
SO-202601-000194,CUS-0015,C,2026-01-15T23:36:00+08:00,2026-01-21T11:36:00+08:00,cancelled,CNY,423428.91,161899.14,3387.43,上海,3,2026-02-27T23:36:00+08:00
SO-202602-000195,CUS-0078,B,2026-02-27T18:04:00+08:00,2026-03-02T06:04:00+08:00,delivered,CNY,14686949.94,5883935.65,264365.1,武汉,5,2026-03-02T18:04:00+08:00
SO-202508-000196,CUS-0041,B,2025-08-30T06:02:00+08:00,2025-09-01T18:02:00+08:00,cancelled,CNY,6022735.35,2238565.93,108409.24,成都,3,2025-09-22T06:02:00+08:00
SO-202605-000197,CUS-0026,B,2026-05-20T17:33:00+08:00,2026-05-23T17:33:00+08:00,delivered,CNY,4799028.53,1710262.24,86382.51,天津,5,2026-06-10T17:33:00+08:00
SO-202507-000198,CUS-0100,B,2025-07-19T21:17:00+08:00,2025-07-22T21:17:00+08:00,shipped,CNY,398297.46,128634.99,7169.35,成都,2,2025-09-02T21:17:00+08:00
SO-202507-000199,CUS-0055,C,2025-07-26T19:56:00+08:00,2025-07-31T19:56:00+08:00,delivered,CNY,3305974.72,1153233.14,26447.8,上海,2,2025-08-08T19:56:00+08:00
SO-202601-000200,CUS-0024,B,2026-01-27T21:25:00+08:00,2026-01-31T09:25:00+08:00,delivered,CNY,8588527.03,3038393.33,154593.49,合肥,5,2026-02-05T21:25:00+08:00
SO-202605-000201,CUS-0045,B,2026-05-03T18:22:00+08:00,2026-05-08T18:22:00+08:00,delivered,CNY,285352.26,107641.65,5136.34,成都,1,2026-05-17T18:22:00+08:00
SO-202512-000202,CUS-0003,A,2025-12-26T21:08:00+08:00,2025-12-29T21:08:00+08:00,at_risk,CNY,1512548.15,531025.75,52939.19,杭州,3,2026-02-05T21:08:00+08:00
SO-202510-000203,CUS-0013,B,2025-10-04T03:20:00+08:00,2025-10-09T03:20:00+08:00,overdue,CNY,13926401.28,6116880.81,250675.22,成都,4,2025-11-16T03:20:00+08:00
SO-202603-000204,CUS-0083,B,2026-03-19T06:12:00+08:00,2026-03-22T06:12:00+08:00,delivered,CNY,536797.56,185229.22,9662.36,苏州,2,2026-04-02T06:12:00+08:00
SO-202603-000205,CUS-0011,C,2026-03-29T14:12:00+08:00,2026-04-03T14:12:00+08:00,overdue,CNY,7807436.75,2518527.88,62459.49,青岛,5,2026-05-03T14:12:00+08:00
SO-202604-000206,CUS-0019,B,2026-04-01T00:44:00+08:00,2026-04-05T00:44:00+08:00,overdue,CNY,1971646.53,728715.38,35489.64,合肥,3,2026-05-04T00:44:00+08:00
SO-202603-000207,CUS-0026,B,2026-03-04T01:43:00+08:00,2026-03-09T01:43:00+08:00,overdue,CNY,2928367.53,850301.94,52710.62,天津,3,2026-04-18T01:43:00+08:00
SO-202605-000208,CUS-0098,C,2026-05-20T16:09:00+08:00,2026-05-25T04:09:00+08:00,confirmed,CNY,1346316.67,485954.63,10770.53,青岛,1,2026-06-08T16:09:00+08:00
SO-202507-000209,CUS-0073,C,2025-07-08T18:50:00+08:00,2025-07-15T18:50:00+08:00,overdue,CNY,6519601.89,2575453.33,52156.82,成都,4,2025-08-16T18:50:00+08:00
SO-202508-000210,CUS-0116,C,2025-08-07T00:56:00+08:00,2025-08-13T00:56:00+08:00,delivered,CNY,4075454.16,1466136.74,32603.63,合肥,4,2025-08-27T00:56:00+08:00
SO-202509-000211,CUS-0061,B,2025-09-18T01:38:00+08:00,2025-09-21T01:38:00+08:00,overdue,CNY,291290.85,81964.29,5243.24,上海,2,2025-10-23T01:38:00+08:00
SO-202508-000212,CUS-0119,B,2025-08-23T14:58:00+08:00,2025-08-26T02:58:00+08:00,at_risk,CNY,46152.85,12370.45,830.75,苏州,1,2025-09-07T14:58:00+08:00
SO-202507-000213,CUS-0057,C,2025-07-26T04:06:00+08:00,2025-08-02T04:06:00+08:00,at_risk,CNY,73447.31,28885.44,587.58,成都,2,2025-08-25T04:06:00+08:00
SO-202509-000214,CUS-0089,B,2025-09-12T21:19:00+08:00,2025-09-16T21:19:00+08:00,overdue,CNY,4856322.88,2063510.36,87413.81,宁波,4,2025-09-17T21:19:00+08:00
SO-202512-000215,CUS-0006,C,2025-12-04T07:49:00+08:00,2025-12-09T07:49:00+08:00,delivered,CNY,901904.31,394731.66,7215.23,杭州,3,2025-12-06T07:49:00+08:00
SO-202511-000216,CUS-0014,C,2025-11-01T20:14:00+08:00,2025-11-07T20:14:00+08:00,delivered,CNY,976877.85,270759.45,7815.02,东莞,1,2025-12-06T20:14:00+08:00
SO-202602-000217,CUS-0109,C,2026-02-28T13:48:00+08:00,2026-03-06T01:48:00+08:00,confirmed,CNY,5357678.46,1958390.26,42861.43,东莞,5,2026-02-28T13:48:00+08:00
SO-202601-000218,CUS-0031,C,2026-01-07T21:45:00+08:00,2026-01-13T09:45:00+08:00,delivered,CNY,8314232.09,3256374.99,66513.86,青岛,4,2026-02-15T21:45:00+08:00
SO-202601-000219,CUS-0113,B,2026-01-29T15:32:00+08:00,2026-02-03T15:32:00+08:00,overdue,CNY,2686107.1,966292.83,48349.93,天津,5,2026-03-11T15:32:00+08:00
SO-202507-000220,CUS-0101,C,2025-07-11T12:42:00+08:00,2025-07-17T12:42:00+08:00,confirmed,CNY,4449704.45,1694096.06,35597.64,武汉,5,2025-08-04T12:42:00+08:00
SO-202605-000221,CUS-0048,A,2026-05-18T05:53:00+08:00,2026-05-22T05:53:00+08:00,shipped,CNY,3707275.16,1313269.2,129754.63,上海,5,2026-06-15T08:00:00+08:00
SO-202506-000222,CUS-0067,B,2025-06-21T12:30:00+08:00,2025-06-25T12:30:00+08:00,confirmed,CNY,2248789.46,900292.29,40478.21,青岛,4,2025-06-28T12:30:00+08:00
SO-202508-000223,CUS-0065,A,2025-08-26T01:38:00+08:00,2025-08-28T13:38:00+08:00,delivered,CNY,956625.6,395382.96,33481.9,宁波,2,2025-09-28T01:38:00+08:00
SO-202510-000224,CUS-0037,C,2025-10-04T06:41:00+08:00,2025-10-09T06:41:00+08:00,confirmed,CNY,635655.51,241071.4,5085.24,杭州,3,2025-10-25T06:41:00+08:00
SO-202605-000225,CUS-0058,C,2026-05-14T00:55:00+08:00,2026-05-18T12:55:00+08:00,delivered,CNY,5253364.46,1777982.56,42026.92,苏州,4,2026-06-15T08:00:00+08:00
SO-202507-000226,CUS-0013,B,2025-07-17T02:29:00+08:00,2025-07-21T02:29:00+08:00,shipped,CNY,6040205.77,2253280.5,108723.7,成都,5,2025-08-05T02:29:00+08:00
SO-202601-000227,CUS-0012,C,2026-01-11T16:52:00+08:00,2026-01-17T04:52:00+08:00,confirmed,CNY,5108413.08,1733785.82,40867.3,宁波,4,2026-02-02T16:52:00+08:00
SO-202511-000228,CUS-0057,C,2025-11-12T09:27:00+08:00,2025-11-17T09:27:00+08:00,confirmed,CNY,2659890.05,904686.01,21279.12,成都,5,2025-11-22T09:27:00+08:00
SO-202604-000229,CUS-0038,C,2026-04-20T07:34:00+08:00,2026-04-25T19:34:00+08:00,overdue,CNY,717732.68,223110.9,5741.86,宁波,3,2026-04-29T07:34:00+08:00
SO-202601-000230,CUS-0105,C,2026-01-21T08:40:00+08:00,2026-01-26T08:40:00+08:00,confirmed,CNY,1791160.14,618125.6,14329.28,成都,4,2026-01-24T08:40:00+08:00
SO-202508-000231,CUS-0110,B,2025-08-24T19:58:00+08:00,2025-08-28T07:58:00+08:00,delivered,CNY,6585714.2,2332454.94,118542.86,成都,4,2025-08-30T19:58:00+08:00
SO-202604-000232,CUS-0115,C,2026-04-28T19:00:00+08:00,2026-05-03T19:00:00+08:00,delivered,CNY,1207969.16,322666.04,9663.75,东莞,1,2026-05-21T19:00:00+08:00
SO-202511-000233,CUS-0075,C,2025-11-01T09:51:00+08:00,2025-11-05T21:51:00+08:00,confirmed,CNY,4119775.21,1132176.35,32958.2,成都,3,2025-11-08T09:51:00+08:00
SO-202512-000234,CUS-0119,B,2025-12-27T04:02:00+08:00,2026-01-01T04:02:00+08:00,shipped,CNY,3832228.6,1757937.23,68980.11,苏州,4,2026-01-16T04:02:00+08:00
SO-202602-000235,CUS-0083,B,2026-02-06T12:05:00+08:00,2026-02-09T00:05:00+08:00,at_risk,CNY,535803.67,201677.18,9644.47,苏州,1,2026-02-08T12:05:00+08:00
SO-202507-000236,CUS-0007,B,2025-07-12T09:51:00+08:00,2025-07-16T09:51:00+08:00,delivered,CNY,12763.26,5945.59,229.74,武汉,1,2025-07-15T09:51:00+08:00
SO-202511-000237,CUS-0025,B,2025-11-12T14:51:00+08:00,2025-11-16T02:51:00+08:00,confirmed,CNY,16154.35,7032.29,290.78,东莞,1,2025-12-06T14:51:00+08:00
SO-202604-000238,CUS-0094,C,2026-04-05T13:57:00+08:00,2026-04-11T13:57:00+08:00,at_risk,CNY,1125083.51,398721.68,9000.67,宁波,1,2026-04-13T13:57:00+08:00
SO-202510-000239,CUS-0007,B,2025-10-24T20:49:00+08:00,2025-10-27T20:49:00+08:00,delivered,CNY,1478536.35,683789.69,26613.65,武汉,2,2025-11-13T20:49:00+08:00
SO-202604-000240,CUS-0030,B,2026-04-04T18:33:00+08:00,2026-04-07T06:33:00+08:00,delivered,CNY,5293061.36,1941890.89,95275.1,上海,4,2026-04-16T18:33:00+08:00
SO-202510-000241,CUS-0119,B,2025-10-23T20:46:00+08:00,2025-10-26T08:46:00+08:00,delivered,CNY,3874476.56,1517702.71,69740.58,苏州,5,2025-11-08T20:46:00+08:00
SO-202506-000242,CUS-0061,B,2025-06-19T10:15:00+08:00,2025-06-24T10:15:00+08:00,delivered,CNY,93503.13,29940.57,1683.06,上海,1,2025-07-12T10:15:00+08:00
SO-202602-000243,CUS-0107,B,2026-02-08T16:25:00+08:00,2026-02-13T16:25:00+08:00,at_risk,CNY,9300399.75,4055759.61,167407.2,成都,5,2026-03-25T16:25:00+08:00
SO-202512-000244,CUS-0025,B,2025-12-08T21:23:00+08:00,2025-12-11T09:23:00+08:00,confirmed,CNY,597243.15,237406.05,10750.38,东莞,1,2025-12-11T21:23:00+08:00
SO-202510-000245,CUS-0051,C,2025-10-20T12:26:00+08:00,2025-10-27T12:26:00+08:00,cancelled,CNY,7782640.8,2092723.49,62261.13,武汉,4,2025-10-23T12:26:00+08:00
SO-202509-000246,CUS-0086,B,2025-09-09T06:33:00+08:00,2025-09-14T06:33:00+08:00,confirmed,CNY,6819098.52,2510825.63,122743.77,青岛,4,2025-09-27T06:33:00+08:00
SO-202602-000247,CUS-0100,B,2026-02-25T09:53:00+08:00,2026-03-01T09:53:00+08:00,delivered,CNY,218067.1,72629.06,3925.21,成都,1,2026-03-02T09:53:00+08:00
SO-202509-000248,CUS-0062,B,2025-09-19T20:32:00+08:00,2025-09-24T20:32:00+08:00,delivered,CNY,1504510.03,642068.07,27081.18,苏州,1,2025-10-04T20:32:00+08:00
SO-202510-000249,CUS-0094,C,2025-10-29T02:22:00+08:00,2025-11-02T14:22:00+08:00,confirmed,CNY,7555621.55,2414960.11,60444.97,宁波,4,2025-11-02T02:22:00+08:00
SO-202602-000250,CUS-0006,C,2026-02-20T17:04:00+08:00,2026-02-26T17:04:00+08:00,at_risk,CNY,3191331.41,1009892.57,25530.65,杭州,5,2026-03-27T17:04:00+08:00
SO-202605-000251,CUS-0021,B,2026-05-15T03:36:00+08:00,2026-05-18T15:36:00+08:00,at_risk,CNY,5115747.45,1703767.98,92083.45,成都,5,2026-06-15T08:00:00+08:00
SO-202606-000252,CUS-0059,C,2026-06-06T12:18:00+08:00,2026-06-12T00:18:00+08:00,delivered,CNY,5902891.02,2158658.98,47223.13,天津,4,2026-06-10T12:18:00+08:00
SO-202512-000253,CUS-0115,C,2025-12-20T21:31:00+08:00,2025-12-25T09:31:00+08:00,delivered,CNY,2949985.19,967230.2,23599.88,东莞,5,2025-12-22T21:31:00+08:00
SO-202604-000254,CUS-0026,B,2026-04-16T14:26:00+08:00,2026-04-21T14:26:00+08:00,confirmed,CNY,508229.25,143757.85,9148.13,天津,3,2026-05-13T14:26:00+08:00
SO-202603-000255,CUS-0108,B,2026-03-20T12:00:00+08:00,2026-03-24T12:00:00+08:00,delivered,CNY,1653787.76,752303.04,29768.18,上海,1,2026-04-30T12:00:00+08:00
SO-202606-000256,CUS-0048,A,2026-06-10T21:49:00+08:00,2026-06-13T09:49:00+08:00,confirmed,CNY,1846916.9,601192.15,64642.09,上海,5,2026-06-15T08:00:00+08:00
SO-202508-000257,CUS-0020,B,2025-08-20T11:43:00+08:00,2025-08-22T23:43:00+08:00,at_risk,CNY,853584.57,207955.38,15364.52,宁波,1,2025-09-09T11:43:00+08:00
SO-202507-000258,CUS-0057,C,2025-07-18T08:39:00+08:00,2025-07-23T20:39:00+08:00,shipped,CNY,3031480.29,1240938.59,24251.84,成都,3,2025-07-24T08:39:00+08:00
SO-202604-000259,CUS-0068,A,2026-04-28T12:24:00+08:00,2026-05-01T00:24:00+08:00,shipped,CNY,2891103.4,446733.18,101188.62,成都,1,2026-05-20T12:24:00+08:00
SO-202510-000260,CUS-0012,C,2025-10-03T11:36:00+08:00,2025-10-09T11:36:00+08:00,overdue,CNY,3820666.67,1107704.33,30565.33,宁波,5,2025-10-09T11:36:00+08:00
SO-202603-000261,CUS-0087,B,2026-03-09T13:46:00+08:00,2026-03-13T01:46:00+08:00,cancelled,CNY,856506.93,230652.32,15417.12,天津,3,2026-04-21T13:46:00+08:00
SO-202506-000262,CUS-0038,C,2025-06-17T08:06:00+08:00,2025-06-22T08:06:00+08:00,confirmed,CNY,8794865.08,3896668.91,70358.92,宁波,5,2025-07-12T08:06:00+08:00
SO-202603-000263,CUS-0117,C,2026-03-23T02:55:00+08:00,2026-03-28T02:55:00+08:00,delivered,CNY,7319767.24,2756166.01,58558.14,苏州,5,2026-04-10T02:55:00+08:00
SO-202507-000264,CUS-0029,B,2025-07-12T08:51:00+08:00,2025-07-15T08:51:00+08:00,cancelled,CNY,1559139.36,536510.36,28064.51,武汉,2,2025-07-30T08:51:00+08:00
SO-202509-000265,CUS-0119,B,2025-09-13T12:36:00+08:00,2025-09-18T12:36:00+08:00,delivered,CNY,3403128.56,1456821.91,61256.31,苏州,4,2025-10-18T12:36:00+08:00
SO-202606-000266,CUS-0046,B,2026-06-12T03:48:00+08:00,2026-06-14T15:48:00+08:00,shipped,CNY,2752302.32,942578.3,49541.44,青岛,4,2026-06-15T08:00:00+08:00
SO-202601-000267,CUS-0031,C,2026-01-26T21:28:00+08:00,2026-01-31T21:28:00+08:00,shipped,CNY,845855.09,240742.64,6766.84,青岛,1,2026-02-07T21:28:00+08:00
SO-202603-000268,CUS-0012,C,2026-03-25T15:21:00+08:00,2026-03-30T03:21:00+08:00,delivered,CNY,3940482.58,1666902.21,31523.86,宁波,3,2026-04-26T15:21:00+08:00
SO-202512-000269,CUS-0038,C,2025-12-17T08:21:00+08:00,2025-12-22T08:21:00+08:00,delivered,CNY,945903.64,352063.21,7567.23,宁波,4,2026-01-21T08:21:00+08:00
SO-202602-000270,CUS-0026,B,2026-02-13T18:28:00+08:00,2026-02-17T06:28:00+08:00,overdue,CNY,5351143.42,1483322.87,96320.58,天津,1,2026-02-16T18:28:00+08:00
SO-202603-000271,CUS-0002,B,2026-03-29T04:01:00+08:00,2026-04-01T16:01:00+08:00,delivered,CNY,3438556.39,1235711.03,61894.01,杭州,4,2026-04-16T04:01:00+08:00
SO-202512-000272,CUS-0106,A,2025-12-12T14:57:00+08:00,2025-12-14T14:57:00+08:00,shipped,CNY,456455.3,103065.34,15975.94,天津,1,2026-01-17T14:57:00+08:00
SO-202603-000273,CUS-0113,B,2026-03-23T10:17:00+08:00,2026-03-26T10:17:00+08:00,cancelled,CNY,1626772.22,798869.26,29281.9,天津,2,2026-04-16T10:17:00+08:00
SO-202509-000274,CUS-0044,B,2025-09-08T06:19:00+08:00,2025-09-11T06:19:00+08:00,delivered,CNY,3460112.48,1049799.09,62282.02,宁波,4,2025-09-23T06:19:00+08:00
SO-202507-000275,CUS-0038,C,2025-07-11T00:19:00+08:00,2025-07-17T00:19:00+08:00,overdue,CNY,847111.65,372405.33,6776.89,宁波,2,2025-08-23T00:19:00+08:00
SO-202506-000276,CUS-0100,B,2025-06-25T17:25:00+08:00,2025-06-29T17:25:00+08:00,delivered,CNY,2036343.73,827894.65,36654.19,成都,3,2025-07-19T17:25:00+08:00
SO-202509-000277,CUS-0063,B,2025-09-26T12:20:00+08:00,2025-09-30T12:20:00+08:00,delivered,CNY,402048.15,144931.56,7236.87,杭州,5,2025-10-12T12:20:00+08:00
SO-202507-000278,CUS-0104,C,2025-07-22T00:40:00+08:00,2025-07-29T00:40:00+08:00,shipped,CNY,1220794.37,435970.04,9766.35,武汉,5,2025-08-23T00:40:00+08:00
SO-202510-000279,CUS-0016,C,2025-10-04T07:17:00+08:00,2025-10-10T07:17:00+08:00,delivered,CNY,50313.14,14607.38,402.51,杭州,1,2025-11-16T07:17:00+08:00
SO-202507-000280,CUS-0061,B,2025-07-23T10:26:00+08:00,2025-07-27T10:26:00+08:00,confirmed,CNY,4007983.36,1852003.32,72143.7,上海,3,2025-08-25T10:26:00+08:00
SO-202604-000281,CUS-0032,A,2026-04-22T00:10:00+08:00,2026-04-26T00:10:00+08:00,shipped,CNY,306152.27,111098.72,10715.33,苏州,2,2026-05-08T00:10:00+08:00
SO-202506-000282,CUS-0065,A,2025-06-28T12:39:00+08:00,2025-07-01T00:39:00+08:00,confirmed,CNY,3750019.44,1471710.64,131250.68,宁波,3,2025-07-02T12:39:00+08:00
SO-202604-000283,CUS-0045,B,2026-04-26T10:07:00+08:00,2026-04-28T22:07:00+08:00,delivered,CNY,339950.32,126316.46,6119.11,成都,2,2026-05-30T10:07:00+08:00
SO-202601-000284,CUS-0030,B,2026-01-09T17:30:00+08:00,2026-01-13T05:30:00+08:00,at_risk,CNY,3562309.12,1498581.94,64121.56,上海,2,2026-02-12T17:30:00+08:00
SO-202605-000285,CUS-0068,A,2026-05-02T04:38:00+08:00,2026-05-06T04:38:00+08:00,at_risk,CNY,8924042.77,2585182.48,312341.5,成都,4,2026-05-20T04:38:00+08:00
SO-202604-000286,CUS-0019,B,2026-04-08T17:51:00+08:00,2026-04-12T05:51:00+08:00,confirmed,CNY,1012981.4,425862.11,18233.67,合肥,2,2026-05-01T17:51:00+08:00
SO-202506-000287,CUS-0025,B,2025-06-25T02:18:00+08:00,2025-06-30T02:18:00+08:00,delivered,CNY,5073760.81,2129842.53,91327.69,东莞,1,2025-08-03T02:18:00+08:00
SO-202508-000288,CUS-0023,A,2025-08-05T06:16:00+08:00,2025-08-07T18:16:00+08:00,delivered,CNY,957967.98,420894.91,33528.88,青岛,3,2025-09-17T06:16:00+08:00
SO-202510-000289,CUS-0037,C,2025-10-02T07:23:00+08:00,2025-10-08T07:23:00+08:00,at_risk,CNY,1141804.2,357567.25,9134.43,杭州,3,2025-10-19T07:23:00+08:00
SO-202603-000290,CUS-0048,A,2026-03-22T11:21:00+08:00,2026-03-24T23:21:00+08:00,shipped,CNY,4812468.97,1828492.54,168436.41,上海,2,2026-03-28T11:21:00+08:00
SO-202512-000291,CUS-0070,A,2025-12-19T20:44:00+08:00,2025-12-21T08:44:00+08:00,delivered,CNY,58692.22,22902.92,2054.23,苏州,1,2026-01-31T20:44:00+08:00
SO-202512-000292,CUS-0052,C,2025-12-13T08:54:00+08:00,2025-12-19T08:54:00+08:00,delivered,CNY,450184.04,129626.8,3601.47,上海,1,2026-01-10T08:54:00+08:00
SO-202509-000293,CUS-0001,C,2025-09-12T02:07:00+08:00,2025-09-16T14:07:00+08:00,confirmed,CNY,8879003.88,2617631.88,71032.03,苏州,5,2025-09-15T02:07:00+08:00
SO-202601-000294,CUS-0050,B,2026-01-14T15:11:00+08:00,2026-01-17T15:11:00+08:00,delivered,CNY,6529498.07,2437352.18,117530.97,上海,5,2026-02-23T15:11:00+08:00
SO-202605-000295,CUS-0020,B,2026-05-07T17:23:00+08:00,2026-05-12T17:23:00+08:00,delivered,CNY,3323038.69,1055569.87,59814.7,宁波,4,2026-05-07T17:23:00+08:00
SO-202506-000296,CUS-0011,C,2025-06-22T18:49:00+08:00,2025-06-27T18:49:00+08:00,confirmed,CNY,4483787.94,1647724.08,35870.3,青岛,4,2025-07-16T18:49:00+08:00
SO-202603-000297,CUS-0027,B,2026-03-12T10:45:00+08:00,2026-03-15T22:45:00+08:00,delivered,CNY,670819.05,273343.33,12074.74,合肥,2,2026-03-21T10:45:00+08:00
SO-202510-000298,CUS-0034,A,2025-10-08T05:39:00+08:00,2025-10-10T17:39:00+08:00,shipped,CNY,2667692.3,930283.3,93369.23,天津,2,2025-11-10T05:39:00+08:00
SO-202605-000299,CUS-0013,B,2026-05-02T10:32:00+08:00,2026-05-05T22:32:00+08:00,shipped,CNY,3402276.12,1186172.64,61240.97,成都,4,2026-05-17T10:32:00+08:00
SO-202605-000300,CUS-0029,B,2026-05-28T04:27:00+08:00,2026-06-02T04:27:00+08:00,delivered,CNY,494807.78,189965.62,8906.54,武汉,1,2026-06-15T08:00:00+08:00
SO-202605-000301,CUS-0023,A,2026-05-01T17:09:00+08:00,2026-05-04T05:09:00+08:00,shipped,CNY,1754427.3,498130.83,61404.96,青岛,2,2026-06-12T17:09:00+08:00
SO-202506-000302,CUS-0075,C,2025-06-22T05:57:00+08:00,2025-06-26T17:57:00+08:00,cancelled,CNY,898542.56,354145.18,7188.34,成都,3,2025-07-17T05:57:00+08:00
SO-202508-000303,CUS-0072,B,2025-08-08T08:56:00+08:00,2025-08-12T08:56:00+08:00,delivered,CNY,3145445.41,1406783.86,56618.02,天津,2,2025-08-16T08:56:00+08:00
SO-202606-000304,CUS-0069,A,2026-06-01T12:57:00+08:00,2026-06-03T12:57:00+08:00,confirmed,CNY,926160.51,257287.75,32415.62,宁波,2,2026-06-15T08:00:00+08:00
SO-202601-000305,CUS-0078,B,2026-01-20T22:48:00+08:00,2026-01-25T22:48:00+08:00,delivered,CNY,374686.77,109561.91,6744.36,武汉,1,2026-01-22T22:48:00+08:00
SO-202507-000306,CUS-0066,A,2025-07-25T21:12:00+08:00,2025-07-27T09:12:00+08:00,cancelled,CNY,6049286.12,2069324.4,211725.01,青岛,4,2025-08-23T21:12:00+08:00
SO-202602-000307,CUS-0030,B,2026-02-11T18:09:00+08:00,2026-02-15T06:09:00+08:00,shipped,CNY,956298.05,338605.07,17213.36,上海,1,2026-02-28T18:09:00+08:00
SO-202605-000308,CUS-0096,C,2026-05-31T04:36:00+08:00,2026-06-05T16:36:00+08:00,delivered,CNY,1436958.66,398402.91,11495.67,苏州,5,2026-06-15T08:00:00+08:00
SO-202511-000309,CUS-0116,C,2025-11-17T21:56:00+08:00,2025-11-23T09:56:00+08:00,confirmed,CNY,3479909.3,1498464.38,27839.27,合肥,5,2025-12-04T21:56:00+08:00
SO-202508-000310,CUS-0089,B,2025-08-16T14:39:00+08:00,2025-08-19T14:39:00+08:00,delivered,CNY,2367539.02,605040.05,42615.7,宁波,2,2025-08-18T14:39:00+08:00
SO-202511-000311,CUS-0016,C,2025-11-02T09:13:00+08:00,2025-11-08T09:13:00+08:00,delivered,CNY,15411740.05,6316602.0,123293.92,杭州,4,2025-12-09T09:13:00+08:00
SO-202511-000312,CUS-0085,B,2025-11-12T23:30:00+08:00,2025-11-16T11:30:00+08:00,cancelled,CNY,4438676.08,1582282.98,79896.17,青岛,1,2025-11-13T23:30:00+08:00
SO-202509-000313,CUS-0116,C,2025-09-25T02:03:00+08:00,2025-10-02T02:03:00+08:00,overdue,CNY,1708874.0,452815.58,13670.99,合肥,1,2025-10-06T02:03:00+08:00
SO-202508-000314,CUS-0107,B,2025-08-18T14:00:00+08:00,2025-08-21T02:00:00+08:00,confirmed,CNY,3306639.44,812149.5,59519.51,成都,4,2025-09-12T14:00:00+08:00
SO-202601-000315,CUS-0051,C,2026-01-03T13:35:00+08:00,2026-01-09T13:35:00+08:00,cancelled,CNY,724820.69,248975.92,5798.57,武汉,5,2026-02-05T13:35:00+08:00
SO-202507-000316,CUS-0044,B,2025-07-13T02:12:00+08:00,2025-07-16T14:12:00+08:00,delivered,CNY,1238989.2,491875.84,22301.81,宁波,2,2025-07-15T02:12:00+08:00
SO-202510-000317,CUS-0062,B,2025-10-10T23:22:00+08:00,2025-10-15T23:22:00+08:00,delivered,CNY,2216042.2,885470.82,39888.76,苏州,4,2025-10-18T23:22:00+08:00
SO-202512-000318,CUS-0045,B,2025-12-06T21:04:00+08:00,2025-12-11T21:04:00+08:00,overdue,CNY,8291423.86,3632044.79,149245.63,成都,5,2026-01-03T21:04:00+08:00
SO-202512-000319,CUS-0041,B,2025-12-29T10:42:00+08:00,2026-01-01T22:42:00+08:00,overdue,CNY,1207541.56,393763.1,21735.75,成都,3,2026-01-17T10:42:00+08:00
SO-202510-000320,CUS-0055,C,2025-10-30T18:08:00+08:00,2025-11-06T18:08:00+08:00,at_risk,CNY,2387017.53,941011.7,19096.14,上海,4,2025-11-19T18:08:00+08:00
SO-202510-000321,CUS-0024,B,2025-10-09T15:01:00+08:00,2025-10-13T15:01:00+08:00,shipped,CNY,3373888.88,1547907.05,60730.0,合肥,4,2025-11-17T15:01:00+08:00
SO-202511-000322,CUS-0116,C,2025-11-16T04:08:00+08:00,2025-11-21T04:08:00+08:00,delivered,CNY,40971.17,17359.87,327.77,合肥,1,2025-11-23T04:08:00+08:00
SO-202512-000323,CUS-0048,A,2025-12-14T04:32:00+08:00,2025-12-18T04:32:00+08:00,at_risk,CNY,10790883.11,3780237.69,377680.91,上海,5,2026-01-15T04:32:00+08:00
SO-202605-000324,CUS-0111,C,2026-05-23T15:31:00+08:00,2026-05-28T03:31:00+08:00,delivered,CNY,3561787.44,1448454.62,28494.3,上海,4,2026-06-03T15:31:00+08:00
SO-202512-000325,CUS-0060,B,2025-12-02T13:50:00+08:00,2025-12-06T01:50:00+08:00,shipped,CNY,38805.0,11006.88,698.49,上海,1,2026-01-11T13:50:00+08:00
SO-202509-000326,CUS-0045,B,2025-09-18T19:13:00+08:00,2025-09-23T19:13:00+08:00,delivered,CNY,857568.96,350804.57,15436.24,成都,3,2025-10-11T19:13:00+08:00
SO-202506-000327,CUS-0056,B,2025-06-28T10:04:00+08:00,2025-07-01T22:04:00+08:00,at_risk,CNY,702221.5,282835.61,12639.99,成都,1,2025-07-11T10:04:00+08:00
SO-202510-000328,CUS-0104,C,2025-10-10T07:52:00+08:00,2025-10-16T07:52:00+08:00,delivered,CNY,3491159.96,1307138.85,27929.28,武汉,4,2025-11-04T07:52:00+08:00
SO-202601-000329,CUS-0021,B,2026-01-03T05:29:00+08:00,2026-01-06T17:29:00+08:00,delivered,CNY,4130303.96,1241325.71,74345.47,成都,3,2026-01-30T05:29:00+08:00
SO-202602-000330,CUS-0039,B,2026-02-28T06:42:00+08:00,2026-03-05T06:42:00+08:00,confirmed,CNY,3651850.21,1665097.38,65733.3,武汉,3,2026-03-11T06:42:00+08:00
SO-202606-000331,CUS-0083,B,2026-06-14T14:33:00+08:00,2026-06-17T02:33:00+08:00,delivered,CNY,4670485.9,1577778.59,84068.75,苏州,2,2026-06-15T08:00:00+08:00
SO-202604-000332,CUS-0099,B,2026-04-30T19:08:00+08:00,2026-05-04T07:08:00+08:00,overdue,CNY,1663896.52,600639.57,29950.14,武汉,4,2026-05-21T19:08:00+08:00
SO-202509-000333,CUS-0075,C,2025-09-14T02:01:00+08:00,2025-09-20T02:01:00+08:00,confirmed,CNY,3414059.58,1597283.84,27312.48,成都,5,2025-10-13T02:01:00+08:00
SO-202512-000334,CUS-0061,B,2025-12-15T01:16:00+08:00,2025-12-19T01:16:00+08:00,delivered,CNY,98087.63,26623.93,1765.58,上海,1,2026-01-23T01:16:00+08:00
SO-202603-000335,CUS-0076,B,2026-03-17T11:30:00+08:00,2026-03-20T23:30:00+08:00,shipped,CNY,111709.26,32102.54,2010.77,杭州,1,2026-03-26T11:30:00+08:00
SO-202604-000336,CUS-0002,B,2026-04-23T09:20:00+08:00,2026-04-27T09:20:00+08:00,at_risk,CNY,917037.94,347320.36,16506.68,杭州,3,2026-05-20T09:20:00+08:00
SO-202507-000337,CUS-0069,A,2025-07-15T10:13:00+08:00,2025-07-16T22:13:00+08:00,delivered,CNY,4217577.97,1571326.5,147615.23,宁波,5,2025-07-21T10:13:00+08:00
SO-202510-000338,CUS-0060,B,2025-10-06T23:08:00+08:00,2025-10-09T11:08:00+08:00,delivered,CNY,343460.87,119089.97,6182.3,上海,3,2025-10-16T23:08:00+08:00
SO-202601-000339,CUS-0040,C,2026-01-20T17:51:00+08:00,2026-01-26T05:51:00+08:00,delivered,CNY,68771.92,27735.43,550.18,合肥,1,2026-02-20T17:51:00+08:00
SO-202506-000340,CUS-0050,B,2025-06-21T00:09:00+08:00,2025-06-25T00:09:00+08:00,confirmed,CNY,1817028.69,756979.74,32706.52,上海,1,2025-07-03T00:09:00+08:00
SO-202509-000341,CUS-0029,B,2025-09-30T16:16:00+08:00,2025-10-04T04:16:00+08:00,confirmed,CNY,3014108.14,869610.64,54253.95,武汉,3,2025-11-12T16:16:00+08:00
SO-202602-000342,CUS-0119,B,2026-02-27T11:12:00+08:00,2026-03-02T11:12:00+08:00,at_risk,CNY,1430898.86,360396.98,25756.18,苏州,1,2026-04-06T11:12:00+08:00
SO-202606-000343,CUS-0080,B,2026-06-02T06:03:00+08:00,2026-06-05T18:03:00+08:00,confirmed,CNY,7447952.27,3281024.43,134063.14,武汉,2,2026-06-06T06:03:00+08:00
SO-202507-000344,CUS-0017,C,2025-07-12T07:09:00+08:00,2025-07-18T07:09:00+08:00,delivered,CNY,5204867.79,1758189.11,41638.94,青岛,5,2025-07-13T07:09:00+08:00
SO-202509-000345,CUS-0048,A,2025-09-14T06:15:00+08:00,2025-09-15T18:15:00+08:00,delivered,CNY,427641.34,197367.34,14967.45,上海,1,2025-09-18T06:15:00+08:00
SO-202603-000346,CUS-0008,A,2026-03-25T22:02:00+08:00,2026-03-28T22:02:00+08:00,at_risk,CNY,3701280.65,1525153.36,129544.82,青岛,5,2026-05-02T22:02:00+08:00
SO-202605-000347,CUS-0042,A,2026-05-05T03:30:00+08:00,2026-05-09T03:30:00+08:00,overdue,CNY,4889611.26,2100787.73,171136.39,东莞,2,2026-05-09T03:30:00+08:00
SO-202507-000348,CUS-0015,C,2025-07-22T07:08:00+08:00,2025-07-26T19:08:00+08:00,confirmed,CNY,67749.27,25616.31,541.99,上海,2,2025-08-10T07:08:00+08:00
SO-202604-000349,CUS-0038,C,2026-04-23T21:57:00+08:00,2026-04-28T21:57:00+08:00,overdue,CNY,1999856.98,635958.22,15998.86,宁波,4,2026-05-17T21:57:00+08:00
SO-202506-000350,CUS-0023,A,2025-06-30T02:12:00+08:00,2025-07-01T14:12:00+08:00,delivered,CNY,985856.96,403614.4,34504.99,青岛,1,2025-07-24T02:12:00+08:00
SO-202605-000351,CUS-0095,B,2026-05-17T11:36:00+08:00,2026-05-19T23:36:00+08:00,shipped,CNY,1751526.01,669782.67,31527.47,苏州,2,2026-06-04T11:36:00+08:00
SO-202605-000352,CUS-0034,A,2026-05-14T17:11:00+08:00,2026-05-16T17:11:00+08:00,confirmed,CNY,10945653.98,4584132.21,383097.89,天津,3,2026-06-01T17:11:00+08:00
SO-202510-000353,CUS-0038,C,2025-10-09T01:47:00+08:00,2025-10-15T01:47:00+08:00,confirmed,CNY,1108546.38,376561.56,8868.37,宁波,2,2025-11-04T01:47:00+08:00
SO-202603-000354,CUS-0005,A,2026-03-24T09:09:00+08:00,2026-03-25T21:09:00+08:00,shipped,CNY,2828719.91,956191.93,99005.2,青岛,5,2026-05-06T09:09:00+08:00
SO-202512-000355,CUS-0065,A,2025-12-22T03:49:00+08:00,2025-12-23T15:49:00+08:00,delivered,CNY,1698949.48,785325.31,59463.23,宁波,2,2026-01-09T03:49:00+08:00
SO-202512-000356,CUS-0081,B,2025-12-30T02:29:00+08:00,2026-01-04T02:29:00+08:00,shipped,CNY,5999818.29,2545198.77,107996.73,天津,3,2026-02-10T02:29:00+08:00
SO-202601-000357,CUS-0046,B,2026-01-10T02:45:00+08:00,2026-01-12T14:45:00+08:00,at_risk,CNY,52497.01,15916.69,944.95,青岛,1,2026-01-25T02:45:00+08:00
SO-202511-000358,CUS-0074,C,2025-11-21T08:04:00+08:00,2025-11-25T20:04:00+08:00,delivered,CNY,6296398.8,1844366.49,50371.19,苏州,3,2025-11-28T08:04:00+08:00
SO-202602-000359,CUS-0117,C,2026-02-06T20:44:00+08:00,2026-02-12T08:44:00+08:00,at_risk,CNY,4104745.08,1400208.61,32837.96,苏州,4,2026-02-20T20:44:00+08:00
SO-202508-000360,CUS-0066,A,2025-08-10T16:55:00+08:00,2025-08-12T04:55:00+08:00,delivered,CNY,1097641.89,488581.29,38417.47,青岛,1,2025-09-02T16:55:00+08:00
SO-202506-000361,CUS-0115,C,2025-06-16T18:17:00+08:00,2025-06-21T06:17:00+08:00,at_risk,CNY,1931224.19,700559.82,15449.79,东莞,3,2025-06-19T18:17:00+08:00
SO-202509-000362,CUS-0037,C,2025-09-11T21:06:00+08:00,2025-09-17T21:06:00+08:00,delivered,CNY,7543269.07,2563434.05,60346.15,杭州,3,2025-10-23T21:06:00+08:00
SO-202507-000363,CUS-0027,B,2025-07-01T20:21:00+08:00,2025-07-05T08:21:00+08:00,confirmed,CNY,9543165.15,3623139.69,171776.97,合肥,5,2025-07-30T20:21:00+08:00
SO-202604-000364,CUS-0058,C,2026-04-05T19:13:00+08:00,2026-04-11T07:13:00+08:00,at_risk,CNY,3677256.53,1303503.65,29418.05,苏州,4,2026-05-09T19:13:00+08:00
SO-202604-000365,CUS-0078,B,2026-04-21T10:13:00+08:00,2026-04-24T22:13:00+08:00,shipped,CNY,5177295.86,2057129.59,93191.33,武汉,3,2026-05-16T10:13:00+08:00
SO-202510-000366,CUS-0022,B,2025-10-20T10:20:00+08:00,2025-10-24T10:20:00+08:00,shipped,CNY,4390351.32,1641253.52,79026.32,武汉,5,2025-10-30T10:20:00+08:00
SO-202509-000367,CUS-0046,B,2025-09-29T03:56:00+08:00,2025-10-02T03:56:00+08:00,at_risk,CNY,889163.31,249959.41,16004.94,青岛,1,2025-10-24T03:56:00+08:00
SO-202508-000368,CUS-0003,A,2025-08-08T14:02:00+08:00,2025-08-10T14:02:00+08:00,shipped,CNY,1982147.92,827965.42,69375.18,杭州,1,2025-08-13T14:02:00+08:00
SO-202506-000369,CUS-0033,B,2025-06-19T22:24:00+08:00,2025-06-22T10:24:00+08:00,delivered,CNY,5683470.34,2273050.68,102302.47,青岛,3,2025-06-27T22:24:00+08:00
SO-202506-000370,CUS-0046,B,2025-06-26T15:24:00+08:00,2025-06-29T15:24:00+08:00,overdue,CNY,1018905.43,323194.36,18340.3,青岛,3,2025-06-26T15:24:00+08:00
SO-202601-000371,CUS-0081,B,2026-01-19T13:18:00+08:00,2026-01-22T01:18:00+08:00,delivered,CNY,2088578.29,895410.01,37594.41,天津,5,2026-02-07T13:18:00+08:00
SO-202604-000372,CUS-0055,C,2026-04-15T01:12:00+08:00,2026-04-22T01:12:00+08:00,shipped,CNY,4017451.55,979343.52,32139.61,上海,5,2026-05-18T01:12:00+08:00
SO-202507-000373,CUS-0073,C,2025-07-26T00:25:00+08:00,2025-07-31T00:25:00+08:00,at_risk,CNY,2732849.43,805551.4,21862.8,成都,5,2025-08-12T00:25:00+08:00
SO-202602-000374,CUS-0108,B,2026-02-10T18:23:00+08:00,2026-02-14T06:23:00+08:00,delivered,CNY,3560300.43,845713.08,64085.41,上海,4,2026-02-25T18:23:00+08:00
SO-202512-000375,CUS-0047,B,2025-12-25T05:57:00+08:00,2025-12-27T17:57:00+08:00,confirmed,CNY,2193616.28,985584.98,39485.09,东莞,1,2026-01-13T05:57:00+08:00
SO-202606-000376,CUS-0070,A,2026-06-10T09:13:00+08:00,2026-06-14T09:13:00+08:00,shipped,CNY,7393814.64,3017305.59,258783.51,苏州,5,2026-06-15T08:00:00+08:00
SO-202602-000377,CUS-0078,B,2026-02-24T09:18:00+08:00,2026-02-27T09:18:00+08:00,shipped,CNY,7344905.4,2450902.43,132208.3,武汉,5,2026-03-09T09:18:00+08:00
SO-202511-000378,CUS-0039,B,2025-11-05T12:12:00+08:00,2025-11-08T00:12:00+08:00,delivered,CNY,3194626.75,1185220.71,57503.28,武汉,1,2025-12-17T12:12:00+08:00
SO-202512-000379,CUS-0057,C,2025-12-09T16:50:00+08:00,2025-12-15T04:50:00+08:00,at_risk,CNY,5078296.65,1662032.21,40626.37,成都,2,2025-12-31T16:50:00+08:00
SO-202604-000380,CUS-0053,B,2026-04-22T12:16:00+08:00,2026-04-25T12:16:00+08:00,delivered,CNY,1906099.54,668298.49,34309.79,成都,4,2026-05-12T12:16:00+08:00
SO-202604-000381,CUS-0019,B,2026-04-12T08:50:00+08:00,2026-04-15T08:50:00+08:00,delivered,CNY,2032948.07,895519.57,36593.07,合肥,4,2026-05-01T08:50:00+08:00
SO-202507-000382,CUS-0118,C,2025-07-31T02:49:00+08:00,2025-08-04T14:49:00+08:00,shipped,CNY,397329.17,162807.77,3178.63,上海,3,2025-08-15T02:49:00+08:00
SO-202510-000383,CUS-0046,B,2025-10-28T08:20:00+08:00,2025-11-01T08:20:00+08:00,delivered,CNY,45053.67,13373.28,810.97,青岛,2,2025-12-07T08:20:00+08:00
SO-202604-000384,CUS-0006,C,2026-04-19T06:36:00+08:00,2026-04-24T18:36:00+08:00,shipped,CNY,1501897.92,603078.79,12015.18,杭州,4,2026-05-13T06:36:00+08:00
SO-202604-000385,CUS-0038,C,2026-04-14T16:13:00+08:00,2026-04-19T16:13:00+08:00,delivered,CNY,4881998.88,1907017.4,39055.99,宁波,3,2026-05-13T16:13:00+08:00
SO-202507-000386,CUS-0098,C,2025-07-24T19:57:00+08:00,2025-07-29T07:57:00+08:00,delivered,CNY,4792007.35,1881038.0,38336.06,青岛,4,2025-08-24T19:57:00+08:00
SO-202601-000387,CUS-0116,C,2026-01-23T09:52:00+08:00,2026-01-30T09:52:00+08:00,delivered,CNY,4962025.09,2197348.81,39696.2,合肥,2,2026-02-24T09:52:00+08:00
SO-202512-000388,CUS-0055,C,2025-12-10T01:31:00+08:00,2025-12-14T13:31:00+08:00,confirmed,CNY,1387379.95,365941.67,11099.04,上海,1,2026-01-02T01:31:00+08:00
SO-202508-000389,CUS-0035,C,2025-08-28T14:25:00+08:00,2025-09-04T14:25:00+08:00,confirmed,CNY,4872499.6,1518873.49,38980.0,武汉,2,2025-10-12T14:25:00+08:00
SO-202604-000390,CUS-0034,A,2026-04-26T10:52:00+08:00,2026-04-30T10:52:00+08:00,delivered,CNY,3269179.1,1372994.37,114421.27,天津,5,2026-04-30T10:52:00+08:00
SO-202512-000391,CUS-0109,C,2025-12-08T09:34:00+08:00,2025-12-13T21:34:00+08:00,shipped,CNY,1071876.27,466970.67,8575.01,东莞,1,2026-01-12T09:34:00+08:00
SO-202606-000392,CUS-0061,B,2026-06-04T05:05:00+08:00,2026-06-07T05:05:00+08:00,confirmed,CNY,4955225.25,2111095.85,89194.05,上海,3,2026-06-15T08:00:00+08:00
SO-202512-000393,CUS-0024,B,2025-12-28T12:31:00+08:00,2025-12-31T00:31:00+08:00,at_risk,CNY,86905.78,27245.98,1564.3,合肥,2,2026-01-15T12:31:00+08:00
SO-202509-000394,CUS-0088,A,2025-09-19T23:15:00+08:00,2025-09-22T11:15:00+08:00,cancelled,CNY,3022666.75,1287700.39,105793.34,武汉,1,2025-10-09T23:15:00+08:00
SO-202602-000395,CUS-0052,C,2026-02-20T03:40:00+08:00,2026-02-26T03:40:00+08:00,shipped,CNY,625970.61,232572.06,5007.76,上海,2,2026-03-25T03:40:00+08:00
SO-202509-000396,CUS-0110,B,2025-09-07T07:54:00+08:00,2025-09-10T07:54:00+08:00,delivered,CNY,2011411.6,776390.54,36205.41,成都,2,2025-10-19T07:54:00+08:00
SO-202603-000397,CUS-0109,C,2026-03-10T02:11:00+08:00,2026-03-14T14:11:00+08:00,delivered,CNY,2678251.72,937627.58,21426.01,东莞,4,2026-03-26T02:11:00+08:00
SO-202511-000398,CUS-0080,B,2025-11-23T09:43:00+08:00,2025-11-25T21:43:00+08:00,shipped,CNY,1163467.53,202416.32,20942.42,武汉,2,2025-12-21T09:43:00+08:00
SO-202508-000399,CUS-0045,B,2025-08-18T06:38:00+08:00,2025-08-20T18:38:00+08:00,delivered,CNY,1425919.34,424785.03,25666.55,成都,2,2025-08-21T06:38:00+08:00
SO-202603-000400,CUS-0083,B,2026-03-13T13:13:00+08:00,2026-03-16T01:13:00+08:00,delivered,CNY,3863015.08,995158.66,69534.27,苏州,4,2026-03-18T13:13:00+08:00
SO-202509-000401,CUS-0060,B,2025-09-09T10:43:00+08:00,2025-09-11T22:43:00+08:00,at_risk,CNY,3963510.36,1369972.45,71343.19,上海,4,2025-09-22T10:43:00+08:00
SO-202509-000402,CUS-0003,A,2025-09-17T22:18:00+08:00,2025-09-20T10:18:00+08:00,delivered,CNY,888352.59,292496.05,31092.34,杭州,3,2025-10-20T22:18:00+08:00
SO-202507-000403,CUS-0059,C,2025-07-07T15:41:00+08:00,2025-07-13T03:41:00+08:00,delivered,CNY,2535282.58,715678.53,20282.26,天津,4,2025-08-20T15:41:00+08:00
SO-202603-000404,CUS-0021,B,2026-03-27T02:04:00+08:00,2026-04-01T02:04:00+08:00,shipped,CNY,1859633.22,898087.56,33473.4,成都,4,2026-05-11T02:04:00+08:00
SO-202603-000405,CUS-0097,B,2026-03-30T23:25:00+08:00,2026-04-03T23:25:00+08:00,confirmed,CNY,6090492.57,2166188.25,109628.87,杭州,1,2026-05-07T23:25:00+08:00
SO-202509-000406,CUS-0047,B,2025-09-17T16:59:00+08:00,2025-09-21T16:59:00+08:00,delivered,CNY,471991.59,155253.79,8495.85,东莞,2,2025-10-14T16:59:00+08:00
SO-202605-000407,CUS-0031,C,2026-05-31T18:57:00+08:00,2026-06-05T06:57:00+08:00,confirmed,CNY,3285013.92,781494.76,26280.11,青岛,5,2026-06-15T08:00:00+08:00
SO-202604-000408,CUS-0024,B,2026-04-01T15:15:00+08:00,2026-04-05T03:15:00+08:00,delivered,CNY,1389706.94,489150.14,25014.72,合肥,1,2026-04-05T15:15:00+08:00
SO-202509-000409,CUS-0030,B,2025-09-14T07:12:00+08:00,2025-09-19T07:12:00+08:00,delivered,CNY,2218918.94,768479.48,39940.54,上海,2,2025-10-25T07:12:00+08:00
SO-202510-000410,CUS-0002,B,2025-10-17T22:38:00+08:00,2025-10-21T22:38:00+08:00,confirmed,CNY,3221543.96,1020565.01,57987.79,杭州,3,2025-11-13T22:38:00+08:00
SO-202601-000411,CUS-0068,A,2026-01-24T06:17:00+08:00,2026-01-26T18:17:00+08:00,delivered,CNY,605292.26,174035.0,21185.23,成都,1,2026-02-12T06:17:00+08:00
SO-202511-000412,CUS-0004,B,2025-11-22T18:18:00+08:00,2025-11-27T18:18:00+08:00,confirmed,CNY,2596829.25,625472.62,46742.93,杭州,3,2026-01-03T18:18:00+08:00
SO-202506-000413,CUS-0001,C,2025-06-21T22:05:00+08:00,2025-06-26T10:05:00+08:00,at_risk,CNY,8191997.59,3114266.63,65535.98,苏州,5,2025-07-29T22:05:00+08:00
SO-202507-000414,CUS-0048,A,2025-07-24T20:57:00+08:00,2025-07-27T20:57:00+08:00,delivered,CNY,4061831.7,1496100.7,142164.11,上海,4,2025-08-13T20:57:00+08:00
SO-202509-000415,CUS-0104,C,2025-09-23T12:56:00+08:00,2025-09-28T00:56:00+08:00,overdue,CNY,4217616.65,2050279.55,33740.93,武汉,2,2025-10-18T12:56:00+08:00
SO-202510-000416,CUS-0089,B,2025-10-09T04:19:00+08:00,2025-10-12T04:19:00+08:00,shipped,CNY,10696396.92,4475137.96,192535.14,宁波,5,2025-11-05T04:19:00+08:00
SO-202604-000417,CUS-0047,B,2026-04-05T08:20:00+08:00,2026-04-08T20:20:00+08:00,delivered,CNY,113701.22,50764.67,2046.62,东莞,1,2026-04-26T08:20:00+08:00
SO-202603-000418,CUS-0084,C,2026-03-05T13:34:00+08:00,2026-03-11T01:34:00+08:00,confirmed,CNY,5784362.38,2339651.87,46274.9,合肥,5,2026-04-10T13:34:00+08:00
SO-202508-000419,CUS-0055,C,2025-08-27T22:05:00+08:00,2025-09-02T10:05:00+08:00,delivered,CNY,2308099.58,1112795.58,18464.8,上海,1,2025-09-16T22:05:00+08:00
SO-202510-000420,CUS-0043,C,2025-10-28T02:34:00+08:00,2025-11-01T14:34:00+08:00,delivered,CNY,1063360.88,364252.52,8506.89,武汉,3,2025-11-27T02:34:00+08:00
SO-202601-000421,CUS-0110,B,2026-01-08T01:29:00+08:00,2026-01-11T13:29:00+08:00,at_risk,CNY,7169094.53,2339384.66,129043.7,成都,4,2026-01-17T01:29:00+08:00
SO-202510-000422,CUS-0099,B,2025-10-08T16:12:00+08:00,2025-10-11T04:12:00+08:00,confirmed,CNY,7226096.83,3310654.57,130069.74,武汉,5,2025-11-09T16:12:00+08:00
SO-202602-000423,CUS-0098,C,2026-02-10T17:18:00+08:00,2026-02-16T05:18:00+08:00,shipped,CNY,3670246.03,1555874.86,29361.97,青岛,2,2026-03-06T17:18:00+08:00
SO-202511-000424,CUS-0038,C,2025-11-23T13:55:00+08:00,2025-11-28T13:55:00+08:00,delivered,CNY,3312294.09,1308956.04,26498.35,宁波,3,2026-01-01T13:55:00+08:00
SO-202604-000425,CUS-0089,B,2026-04-22T10:44:00+08:00,2026-04-25T10:44:00+08:00,delivered,CNY,5965852.69,2617358.75,107385.35,宁波,4,2026-04-29T10:44:00+08:00
SO-202509-000426,CUS-0018,B,2025-09-01T07:13:00+08:00,2025-09-03T19:13:00+08:00,delivered,CNY,483553.01,152361.38,8703.95,宁波,2,2025-09-09T07:13:00+08:00
SO-202602-000427,CUS-0106,A,2026-02-11T09:22:00+08:00,2026-02-15T09:22:00+08:00,at_risk,CNY,3437309.96,1258633.99,120305.85,天津,4,2026-03-06T09:22:00+08:00
SO-202603-000428,CUS-0030,B,2026-03-23T01:54:00+08:00,2026-03-28T01:54:00+08:00,delivered,CNY,2797925.16,1027107.95,50362.65,上海,3,2026-05-01T01:54:00+08:00
SO-202601-000429,CUS-0043,C,2026-01-29T10:11:00+08:00,2026-02-03T10:11:00+08:00,confirmed,CNY,9061757.45,2669933.72,72494.06,武汉,4,2026-03-11T10:11:00+08:00
SO-202509-000430,CUS-0120,B,2025-09-10T02:36:00+08:00,2025-09-15T02:36:00+08:00,cancelled,CNY,3060481.78,1088775.4,55088.67,青岛,2,2025-10-24T02:36:00+08:00
SO-202604-000431,CUS-0047,B,2026-04-26T23:04:00+08:00,2026-04-29T11:04:00+08:00,at_risk,CNY,2656438.2,1031203.97,47815.89,东莞,5,2026-04-28T23:04:00+08:00
SO-202601-000432,CUS-0079,C,2026-01-16T23:25:00+08:00,2026-01-21T23:25:00+08:00,confirmed,CNY,2379326.34,802433.05,19034.61,东莞,4,2026-02-02T23:25:00+08:00
SO-202602-000433,CUS-0072,B,2026-02-09T13:22:00+08:00,2026-02-13T13:22:00+08:00,at_risk,CNY,6283200.28,2444443.66,113097.6,天津,5,2026-02-13T13:22:00+08:00
SO-202606-000434,CUS-0014,C,2026-06-13T12:23:00+08:00,2026-06-18T00:23:00+08:00,delivered,CNY,3794226.03,1087303.02,30353.81,东莞,3,2026-06-15T08:00:00+08:00
SO-202602-000435,CUS-0060,B,2026-02-22T12:32:00+08:00,2026-02-26T00:32:00+08:00,delivered,CNY,3604833.84,1189004.88,64887.01,上海,1,2026-03-31T12:32:00+08:00
SO-202509-000436,CUS-0001,C,2025-09-15T05:26:00+08:00,2025-09-20T05:26:00+08:00,confirmed,CNY,4154860.46,1811390.65,33238.88,苏州,3,2025-10-03T05:26:00+08:00
SO-202506-000437,CUS-0053,B,2025-06-25T08:06:00+08:00,2025-06-28T20:06:00+08:00,delivered,CNY,1624376.81,663690.83,29238.78,成都,2,2025-07-31T08:06:00+08:00
SO-202508-000438,CUS-0061,B,2025-08-29T22:09:00+08:00,2025-09-01T10:09:00+08:00,delivered,CNY,366607.73,123593.53,6598.94,上海,2,2025-09-22T22:09:00+08:00
SO-202511-000439,CUS-0101,C,2025-11-02T15:18:00+08:00,2025-11-07T03:18:00+08:00,at_risk,CNY,8299164.44,3655336.44,66393.32,武汉,1,2025-11-22T15:18:00+08:00
SO-202512-000440,CUS-0077,B,2025-12-19T23:46:00+08:00,2025-12-23T23:46:00+08:00,delivered,CNY,7828623.69,2695436.78,140915.23,东莞,4,2025-12-27T23:46:00+08:00
SO-202601-000441,CUS-0014,C,2026-01-29T21:55:00+08:00,2026-02-05T21:55:00+08:00,delivered,CNY,1595440.79,459415.04,12763.53,东莞,3,2026-02-04T21:55:00+08:00
SO-202508-000442,CUS-0068,A,2025-08-03T01:05:00+08:00,2025-08-05T01:05:00+08:00,confirmed,CNY,4845257.48,2233457.5,169584.01,成都,2,2025-09-09T01:05:00+08:00
SO-202511-000443,CUS-0033,B,2025-11-30T07:20:00+08:00,2025-12-04T07:20:00+08:00,at_risk,CNY,5910017.1,2083668.51,106380.31,青岛,4,2026-01-09T07:20:00+08:00
SO-202605-000444,CUS-0077,B,2026-05-06T20:03:00+08:00,2026-05-09T08:03:00+08:00,at_risk,CNY,3822334.25,1315664.65,68802.02,东莞,5,2026-06-14T20:03:00+08:00
SO-202508-000445,CUS-0021,B,2025-08-21T17:39:00+08:00,2025-08-24T05:39:00+08:00,shipped,CNY,7716847.98,3273031.2,138903.26,成都,5,2025-08-30T17:39:00+08:00
SO-202507-000446,CUS-0001,C,2025-07-16T04:10:00+08:00,2025-07-23T04:10:00+08:00,shipped,CNY,1773190.03,870523.43,14185.52,苏州,1,2025-08-09T04:10:00+08:00
SO-202512-000447,CUS-0097,B,2025-12-13T19:31:00+08:00,2025-12-16T19:31:00+08:00,delivered,CNY,355020.48,147666.78,6390.37,杭州,2,2025-12-24T19:31:00+08:00
SO-202602-000448,CUS-0107,B,2026-02-09T22:08:00+08:00,2026-02-14T22:08:00+08:00,delivered,CNY,3587320.44,1627624.76,64571.77,成都,3,2026-03-09T22:08:00+08:00
SO-202508-000449,CUS-0003,A,2025-08-26T18:25:00+08:00,2025-08-28T06:25:00+08:00,shipped,CNY,2613899.14,800209.76,91486.47,杭州,1,2025-08-31T18:25:00+08:00
SO-202508-000450,CUS-0038,C,2025-08-02T12:05:00+08:00,2025-08-08T00:05:00+08:00,delivered,CNY,76318.05,25269.09,610.54,宁波,1,2025-09-14T12:05:00+08:00
SO-202506-000451,CUS-0064,C,2025-06-17T03:13:00+08:00,2025-06-24T03:13:00+08:00,shipped,CNY,3728856.85,1501286.67,29830.85,东莞,2,2025-07-30T03:13:00+08:00
SO-202512-000452,CUS-0091,A,2025-12-26T04:40:00+08:00,2025-12-29T04:40:00+08:00,delivered,CNY,3297634.99,1437509.8,115417.22,上海,5,2026-01-14T04:40:00+08:00
SO-202604-000453,CUS-0094,C,2026-04-28T14:29:00+08:00,2026-05-04T14:29:00+08:00,confirmed,CNY,1255557.47,519858.73,10044.46,宁波,3,2026-05-01T14:29:00+08:00
SO-202507-000454,CUS-0046,B,2025-07-25T20:46:00+08:00,2025-07-28T20:46:00+08:00,cancelled,CNY,1364369.06,509620.71,24558.64,青岛,5,2025-09-06T20:46:00+08:00
SO-202508-000455,CUS-0103,B,2025-08-06T20:47:00+08:00,2025-08-09T20:47:00+08:00,shipped,CNY,3214469.65,869265.29,57860.45,宁波,2,2025-09-14T20:47:00+08:00
SO-202508-000456,CUS-0055,C,2025-08-16T15:40:00+08:00,2025-08-21T15:40:00+08:00,confirmed,CNY,6337314.81,2324512.32,50698.52,上海,5,2025-09-19T15:40:00+08:00
SO-202604-000457,CUS-0104,C,2026-04-20T06:30:00+08:00,2026-04-25T06:30:00+08:00,delivered,CNY,3346732.94,1301099.64,26773.86,武汉,3,2026-05-13T06:30:00+08:00
SO-202506-000458,CUS-0069,A,2025-06-15T14:41:00+08:00,2025-06-17T14:41:00+08:00,delivered,CNY,9366647.7,3509822.93,327832.67,宁波,5,2025-06-26T14:41:00+08:00
SO-202606-000459,CUS-0014,C,2026-06-04T03:48:00+08:00,2026-06-11T03:48:00+08:00,delivered,CNY,472098.02,165179.32,3776.78,东莞,1,2026-06-15T08:00:00+08:00
SO-202509-000460,CUS-0047,B,2025-09-06T20:19:00+08:00,2025-09-10T08:19:00+08:00,delivered,CNY,1220993.67,301034.95,21977.89,东莞,3,2025-09-26T20:19:00+08:00
SO-202605-000461,CUS-0092,B,2026-05-18T04:56:00+08:00,2026-05-22T04:56:00+08:00,confirmed,CNY,999410.64,296496.8,17989.39,苏州,1,2026-06-07T04:56:00+08:00
SO-202509-000462,CUS-0009,C,2025-09-25T23:24:00+08:00,2025-09-30T11:24:00+08:00,confirmed,CNY,5014594.53,1728910.81,40116.76,东莞,5,2025-09-28T23:24:00+08:00
SO-202509-000463,CUS-0030,B,2025-09-07T00:52:00+08:00,2025-09-09T12:52:00+08:00,delivered,CNY,6101059.13,2651684.95,109819.06,上海,3,2025-09-19T00:52:00+08:00
SO-202512-000464,CUS-0072,B,2025-12-22T19:52:00+08:00,2025-12-27T19:52:00+08:00,delivered,CNY,2961850.85,1251838.92,53313.32,天津,5,2026-01-27T19:52:00+08:00
SO-202507-000465,CUS-0105,C,2025-07-05T04:24:00+08:00,2025-07-09T16:24:00+08:00,delivered,CNY,4541553.55,1569672.61,36332.43,成都,4,2025-07-07T04:24:00+08:00
SO-202512-000466,CUS-0042,A,2025-12-11T01:36:00+08:00,2025-12-12T13:36:00+08:00,cancelled,CNY,370250.18,149861.88,12958.76,东莞,1,2026-01-17T01:36:00+08:00
SO-202509-000467,CUS-0104,C,2025-09-08T06:22:00+08:00,2025-09-12T18:22:00+08:00,shipped,CNY,3230975.68,1264924.49,25847.81,武汉,2,2025-09-14T06:22:00+08:00
SO-202603-000468,CUS-0112,C,2026-03-07T09:11:00+08:00,2026-03-14T09:11:00+08:00,confirmed,CNY,8098593.39,2404124.23,64788.75,宁波,5,2026-03-18T09:11:00+08:00
SO-202512-000469,CUS-0115,C,2025-12-29T06:39:00+08:00,2026-01-05T06:39:00+08:00,confirmed,CNY,758792.91,210450.74,6070.34,东莞,5,2026-02-05T06:39:00+08:00
SO-202603-000470,CUS-0113,B,2026-03-11T13:19:00+08:00,2026-03-16T13:19:00+08:00,shipped,CNY,130946.1,49633.6,2357.03,天津,1,2026-04-07T13:19:00+08:00
SO-202510-000471,CUS-0010,B,2025-10-06T16:04:00+08:00,2025-10-11T16:04:00+08:00,shipped,CNY,1331354.03,572879.31,23964.37,合肥,2,2025-10-10T16:04:00+08:00
SO-202602-000472,CUS-0103,B,2026-02-27T12:20:00+08:00,2026-03-02T12:20:00+08:00,delivered,CNY,2969814.44,1164826.16,53456.66,宁波,3,2026-04-06T12:20:00+08:00
SO-202606-000473,CUS-0082,C,2026-06-06T12:25:00+08:00,2026-06-13T12:25:00+08:00,at_risk,CNY,3200417.72,1379957.42,25603.34,武汉,2,2026-06-15T08:00:00+08:00
SO-202601-000474,CUS-0056,B,2026-01-01T12:44:00+08:00,2026-01-05T00:44:00+08:00,cancelled,CNY,4589797.51,1437385.85,82616.36,成都,4,2026-01-14T12:44:00+08:00
SO-202604-000475,CUS-0108,B,2026-04-18T04:14:00+08:00,2026-04-20T16:14:00+08:00,delivered,CNY,1775536.76,706124.8,31959.66,上海,2,2026-04-26T04:14:00+08:00
SO-202604-000476,CUS-0111,C,2026-04-02T22:58:00+08:00,2026-04-07T22:58:00+08:00,delivered,CNY,1448555.19,524629.59,11588.44,上海,2,2026-04-20T22:58:00+08:00
SO-202603-000477,CUS-0116,C,2026-03-28T05:00:00+08:00,2026-04-02T05:00:00+08:00,delivered,CNY,3564433.14,1288700.08,28515.47,合肥,4,2026-04-23T05:00:00+08:00
SO-202605-000478,CUS-0046,B,2026-05-06T20:20:00+08:00,2026-05-09T08:20:00+08:00,at_risk,CNY,2036683.17,613528.38,36660.3,青岛,4,2026-06-14T20:20:00+08:00
SO-202602-000479,CUS-0097,B,2026-02-07T02:49:00+08:00,2026-02-11T02:49:00+08:00,delivered,CNY,6521961.17,1998347.62,117395.3,杭州,4,2026-02-23T02:49:00+08:00
SO-202511-000480,CUS-0074,C,2025-11-18T23:05:00+08:00,2025-11-23T11:05:00+08:00,at_risk,CNY,5519788.72,1924111.51,44158.31,苏州,5,2025-11-18T23:05:00+08:00
SO-202511-000481,CUS-0081,B,2025-11-16T08:53:00+08:00,2025-11-20T08:53:00+08:00,confirmed,CNY,792455.54,257308.43,14264.2,天津,2,2025-11-26T08:53:00+08:00
SO-202510-000482,CUS-0109,C,2025-10-02T10:43:00+08:00,2025-10-07T10:43:00+08:00,delivered,CNY,7101093.45,2349391.57,56808.75,东莞,3,2025-10-08T10:43:00+08:00
SO-202512-000483,CUS-0096,C,2025-12-26T00:19:00+08:00,2025-12-31T00:19:00+08:00,confirmed,CNY,1663761.16,566407.24,13310.09,苏州,4,2026-01-18T00:19:00+08:00
SO-202511-000484,CUS-0048,A,2025-11-07T05:59:00+08:00,2025-11-11T05:59:00+08:00,shipped,CNY,8502374.6,3719424.25,297583.11,上海,5,2025-11-08T05:59:00+08:00
SO-202512-000485,CUS-0092,B,2025-12-17T21:19:00+08:00,2025-12-20T21:19:00+08:00,shipped,CNY,6057083.93,2646436.26,109027.51,苏州,3,2026-01-18T21:19:00+08:00
SO-202602-000486,CUS-0007,B,2026-02-01T08:41:00+08:00,2026-02-05T08:41:00+08:00,confirmed,CNY,188885.34,84136.33,3399.94,武汉,1,2026-02-10T08:41:00+08:00
SO-202509-000487,CUS-0092,B,2025-09-19T16:12:00+08:00,2025-09-24T16:12:00+08:00,delivered,CNY,5637897.2,2342855.19,101482.15,苏州,4,2025-10-04T16:12:00+08:00
SO-202511-000488,CUS-0047,B,2025-11-17T23:51:00+08:00,2025-11-22T23:51:00+08:00,delivered,CNY,3110055.59,1112994.39,55981.0,东莞,2,2025-12-10T23:51:00+08:00
SO-202601-000489,CUS-0112,C,2026-01-03T18:43:00+08:00,2026-01-10T18:43:00+08:00,shipped,CNY,181098.39,61851.82,1448.79,宁波,3,2026-02-13T18:43:00+08:00
SO-202602-000490,CUS-0045,B,2026-02-07T15:11:00+08:00,2026-02-10T03:11:00+08:00,confirmed,CNY,1106680.12,399367.09,19920.24,成都,3,2026-02-18T15:11:00+08:00
SO-202606-000491,CUS-0016,C,2026-06-10T18:08:00+08:00,2026-06-16T18:08:00+08:00,confirmed,CNY,4843749.29,1311817.33,38749.99,杭州,4,2026-06-13T18:08:00+08:00
SO-202601-000492,CUS-0027,B,2026-01-03T21:36:00+08:00,2026-01-07T21:36:00+08:00,confirmed,CNY,88595.6,20861.55,1594.72,合肥,1,2026-02-01T21:36:00+08:00
SO-202511-000493,CUS-0038,C,2025-11-16T15:01:00+08:00,2025-11-21T03:01:00+08:00,delivered,CNY,1845689.87,816123.52,14765.52,宁波,3,2025-11-21T15:01:00+08:00
SO-202602-000494,CUS-0093,A,2026-02-02T20:59:00+08:00,2026-02-05T08:59:00+08:00,delivered,CNY,1573189.75,670444.14,55061.64,武汉,3,2026-03-03T20:59:00+08:00
SO-202509-000495,CUS-0043,C,2025-09-25T22:31:00+08:00,2025-09-30T10:31:00+08:00,shipped,CNY,2504577.22,672211.14,20036.62,武汉,1,2025-10-22T22:31:00+08:00
SO-202602-000496,CUS-0034,A,2026-02-18T17:14:00+08:00,2026-02-21T17:14:00+08:00,delivered,CNY,3273909.76,1453199.45,114586.84,天津,4,2026-03-09T17:14:00+08:00
SO-202508-000497,CUS-0115,C,2025-08-12T05:29:00+08:00,2025-08-18T05:29:00+08:00,delivered,CNY,9382461.23,3060987.13,75059.69,东莞,4,2025-09-13T05:29:00+08:00
SO-202510-000498,CUS-0100,B,2025-10-18T14:07:00+08:00,2025-10-22T14:07:00+08:00,shipped,CNY,2818344.69,1331484.26,50730.2,成都,3,2025-10-22T14:07:00+08:00
SO-202604-000499,CUS-0061,B,2026-04-06T20:30:00+08:00,2026-04-10T08:30:00+08:00,delivered,CNY,1396135.83,438056.57,25130.44,上海,2,2026-04-13T20:30:00+08:00
SO-202512-000500,CUS-0050,B,2025-12-15T13:43:00+08:00,2025-12-20T13:43:00+08:00,cancelled,CNY,661601.41,240763.57,11908.83,上海,2,2026-01-12T13:43:00+08:00
SO-202605-000501,CUS-0052,C,2026-05-31T13:27:00+08:00,2026-06-06T13:27:00+08:00,confirmed,CNY,3307279.32,1375268.73,26458.23,上海,3,2026-06-15T08:00:00+08:00
SO-202604-000502,CUS-0005,A,2026-04-27T21:02:00+08:00,2026-04-29T09:02:00+08:00,shipped,CNY,5179042.03,1607588.79,181266.47,青岛,4,2026-06-02T21:02:00+08:00
SO-202509-000503,CUS-0079,C,2025-09-18T01:52:00+08:00,2025-09-24T01:52:00+08:00,delivered,CNY,4385672.85,1976801.86,35085.38,东莞,4,2025-10-18T01:52:00+08:00
SO-202510-000504,CUS-0045,B,2025-10-15T14:07:00+08:00,2025-10-18T14:07:00+08:00,delivered,CNY,1741060.52,753956.48,31339.09,成都,5,2025-11-28T14:07:00+08:00
SO-202605-000505,CUS-0027,B,2026-05-04T14:10:00+08:00,2026-05-09T14:10:00+08:00,confirmed,CNY,101794.94,46985.26,1832.31,合肥,1,2026-05-21T14:10:00+08:00
SO-202606-000506,CUS-0024,B,2026-06-14T15:16:00+08:00,2026-06-17T15:16:00+08:00,confirmed,CNY,1539141.03,675314.28,27704.54,合肥,5,2026-06-15T08:00:00+08:00
SO-202602-000507,CUS-0067,B,2026-02-02T22:37:00+08:00,2026-02-05T10:37:00+08:00,delivered,CNY,27066.01,7147.58,487.19,青岛,1,2026-03-17T22:37:00+08:00
SO-202602-000508,CUS-0041,B,2026-02-22T11:26:00+08:00,2026-02-25T23:26:00+08:00,shipped,CNY,5433662.28,1782447.26,97805.92,成都,4,2026-02-22T11:26:00+08:00
SO-202601-000509,CUS-0112,C,2026-01-20T21:57:00+08:00,2026-01-27T21:57:00+08:00,delivered,CNY,628682.11,207886.25,5029.46,宁波,2,2026-02-07T21:57:00+08:00
SO-202509-000510,CUS-0026,B,2025-09-24T03:40:00+08:00,2025-09-29T03:40:00+08:00,cancelled,CNY,4501193.21,1747628.18,81021.48,天津,5,2025-10-19T03:40:00+08:00
SO-202601-000511,CUS-0092,B,2026-01-12T04:55:00+08:00,2026-01-15T04:55:00+08:00,at_risk,CNY,1427722.95,467096.85,25699.01,苏州,1,2026-02-10T04:55:00+08:00
SO-202603-000512,CUS-0025,B,2026-03-21T22:32:00+08:00,2026-03-26T22:32:00+08:00,confirmed,CNY,288644.49,87338.04,5195.6,东莞,2,2026-03-31T22:32:00+08:00
SO-202512-000513,CUS-0080,B,2025-12-13T12:25:00+08:00,2025-12-17T00:25:00+08:00,delivered,CNY,1315107.82,349929.72,23671.94,武汉,3,2026-01-10T12:25:00+08:00
SO-202509-000514,CUS-0107,B,2025-09-16T01:29:00+08:00,2025-09-21T01:29:00+08:00,confirmed,CNY,155305.63,49963.99,2795.5,成都,1,2025-10-17T01:29:00+08:00
SO-202512-000515,CUS-0084,C,2025-12-21T05:51:00+08:00,2025-12-27T05:51:00+08:00,overdue,CNY,5698329.95,2482404.16,45586.64,合肥,3,2026-01-17T05:51:00+08:00
SO-202507-000516,CUS-0017,C,2025-07-26T23:43:00+08:00,2025-07-31T23:43:00+08:00,cancelled,CNY,72923.75,31847.57,583.39,青岛,1,2025-08-03T23:43:00+08:00
SO-202602-000517,CUS-0052,C,2026-02-28T09:51:00+08:00,2026-03-07T09:51:00+08:00,delivered,CNY,2952600.59,1194394.0,23620.8,上海,5,2026-03-23T09:51:00+08:00
SO-202510-000518,CUS-0036,B,2025-10-04T19:59:00+08:00,2025-10-07T19:59:00+08:00,at_risk,CNY,3540004.63,1593973.91,63720.08,成都,2,2025-10-29T19:59:00+08:00
SO-202508-000519,CUS-0081,B,2025-08-08T23:14:00+08:00,2025-08-11T23:14:00+08:00,at_risk,CNY,577.25,168.99,10.39,天津,1,2025-09-10T23:14:00+08:00
SO-202507-000520,CUS-0019,B,2025-07-07T04:12:00+08:00,2025-07-10T04:12:00+08:00,delivered,CNY,1722452.46,726550.77,31004.14,合肥,4,2025-07-20T04:12:00+08:00
SO-202511-000521,CUS-0038,C,2025-11-28T02:03:00+08:00,2025-12-03T14:03:00+08:00,cancelled,CNY,523604.99,212247.32,4188.84,宁波,1,2025-12-05T02:03:00+08:00
SO-202506-000522,CUS-0043,C,2025-06-15T10:11:00+08:00,2025-06-21T10:11:00+08:00,delivered,CNY,2207720.79,775562.83,17661.77,武汉,3,2025-07-26T10:11:00+08:00
SO-202601-000523,CUS-0030,B,2026-01-21T03:15:00+08:00,2026-01-24T03:15:00+08:00,shipped,CNY,3030872.11,1151503.48,54555.7,上海,4,2026-02-13T03:15:00+08:00
SO-202509-000524,CUS-0075,C,2025-09-30T08:48:00+08:00,2025-10-07T08:48:00+08:00,confirmed,CNY,3070762.05,971420.97,24566.1,成都,1,2025-10-12T08:48:00+08:00
SO-202510-000525,CUS-0013,B,2025-10-20T06:53:00+08:00,2025-10-22T18:53:00+08:00,delivered,CNY,4037368.45,891213.49,72672.63,成都,3,2025-11-28T06:53:00+08:00
SO-202510-000526,CUS-0061,B,2025-10-22T13:40:00+08:00,2025-10-25T13:40:00+08:00,at_risk,CNY,3263135.77,1080920.47,58736.44,上海,4,2025-11-15T13:40:00+08:00
SO-202510-000527,CUS-0090,B,2025-10-05T06:48:00+08:00,2025-10-08T06:48:00+08:00,at_risk,CNY,1067578.73,378144.43,19216.42,天津,2,2025-11-13T06:48:00+08:00
SO-202604-000528,CUS-0078,B,2026-04-16T22:55:00+08:00,2026-04-20T10:55:00+08:00,delivered,CNY,2023336.07,809504.45,36420.05,武汉,1,2026-05-31T22:55:00+08:00
SO-202603-000529,CUS-0002,B,2026-03-08T11:10:00+08:00,2026-03-12T11:10:00+08:00,delivered,CNY,5202964.78,1615120.09,93653.37,杭州,5,2026-03-23T11:10:00+08:00
SO-202509-000530,CUS-0068,A,2025-09-15T14:22:00+08:00,2025-09-19T14:22:00+08:00,confirmed,CNY,23491.17,10089.87,822.19,成都,1,2025-10-19T14:22:00+08:00
SO-202507-000531,CUS-0094,C,2025-07-24T22:06:00+08:00,2025-07-31T22:06:00+08:00,confirmed,CNY,52759.18,23103.4,422.07,宁波,1,2025-08-23T22:06:00+08:00
SO-202506-000532,CUS-0025,B,2025-06-27T08:18:00+08:00,2025-07-01T08:18:00+08:00,confirmed,CNY,329997.09,84572.62,5939.95,东莞,1,2025-07-25T08:18:00+08:00
SO-202507-000533,CUS-0113,B,2025-07-22T12:29:00+08:00,2025-07-27T12:29:00+08:00,confirmed,CNY,3538689.94,880969.72,63696.42,天津,5,2025-08-30T12:29:00+08:00
SO-202509-000534,CUS-0061,B,2025-09-30T03:07:00+08:00,2025-10-03T15:07:00+08:00,overdue,CNY,6449315.82,2010681.71,116087.68,上海,5,2025-10-22T03:07:00+08:00
SO-202605-000535,CUS-0015,C,2026-05-30T18:04:00+08:00,2026-06-04T06:04:00+08:00,overdue,CNY,2449344.65,1045099.81,19594.76,上海,3,2026-06-15T08:00:00+08:00
SO-202603-000536,CUS-0091,A,2026-03-13T01:16:00+08:00,2026-03-17T01:16:00+08:00,delivered,CNY,3321300.26,1343578.25,116245.51,上海,5,2026-04-14T01:16:00+08:00
SO-202605-000537,CUS-0026,B,2026-05-19T13:04:00+08:00,2026-05-22T01:04:00+08:00,overdue,CNY,7526873.98,1988662.19,135483.73,天津,4,2026-06-04T13:04:00+08:00
SO-202509-000538,CUS-0088,A,2025-09-06T03:55:00+08:00,2025-09-07T15:55:00+08:00,delivered,CNY,5896527.39,2796811.42,206378.46,武汉,2,2025-10-21T03:55:00+08:00
SO-202511-000539,CUS-0100,B,2025-11-01T23:29:00+08:00,2025-11-05T23:29:00+08:00,delivered,CNY,121975.72,61734.88,2195.56,成都,1,2025-11-18T23:29:00+08:00
SO-202603-000540,CUS-0076,B,2026-03-31T19:58:00+08:00,2026-04-04T19:58:00+08:00,cancelled,CNY,4020611.45,1801302.17,72371.01,杭州,1,2026-05-02T19:58:00+08:00
SO-202605-000541,CUS-0011,C,2026-05-09T05:17:00+08:00,2026-05-16T05:17:00+08:00,delivered,CNY,7245314.5,2391439.08,57962.52,青岛,5,2026-05-30T05:17:00+08:00
SO-202603-000542,CUS-0040,C,2026-03-07T13:21:00+08:00,2026-03-14T13:21:00+08:00,delivered,CNY,3862278.13,1422520.64,30898.23,合肥,2,2026-03-15T13:21:00+08:00
SO-202508-000543,CUS-0018,B,2025-08-25T19:41:00+08:00,2025-08-30T19:41:00+08:00,shipped,CNY,5197532.16,1439279.3,93555.58,宁波,5,2025-09-17T19:41:00+08:00
SO-202510-000544,CUS-0115,C,2025-10-10T04:57:00+08:00,2025-10-15T16:57:00+08:00,delivered,CNY,3086105.36,1333855.31,24688.84,东莞,2,2025-11-07T04:57:00+08:00
SO-202512-000545,CUS-0001,C,2025-12-05T12:35:00+08:00,2025-12-10T00:35:00+08:00,shipped,CNY,1240797.04,453102.09,9926.38,苏州,2,2025-12-14T12:35:00+08:00
SO-202510-000546,CUS-0119,B,2025-10-27T18:53:00+08:00,2025-10-31T06:53:00+08:00,at_risk,CNY,2066137.06,535716.74,37190.47,苏州,2,2025-11-05T18:53:00+08:00
SO-202509-000547,CUS-0049,C,2025-09-11T06:37:00+08:00,2025-09-18T06:37:00+08:00,confirmed,CNY,724975.64,225382.3,5799.81,东莞,4,2025-10-10T06:37:00+08:00
SO-202605-000548,CUS-0035,C,2026-05-16T04:40:00+08:00,2026-05-23T04:40:00+08:00,confirmed,CNY,665675.89,147411.82,5325.41,武汉,3,2026-06-15T08:00:00+08:00
SO-202605-000549,CUS-0104,C,2026-05-19T04:29:00+08:00,2026-05-26T04:29:00+08:00,delivered,CNY,3705773.51,1128765.8,29646.19,武汉,3,2026-05-23T04:29:00+08:00
SO-202512-000550,CUS-0061,B,2025-12-29T22:21:00+08:00,2026-01-02T10:21:00+08:00,shipped,CNY,4104171.17,1649775.99,73875.08,上海,2,2026-02-02T22:21:00+08:00
SO-202512-000551,CUS-0025,B,2025-12-26T08:43:00+08:00,2025-12-29T08:43:00+08:00,confirmed,CNY,8302335.93,3239723.28,149442.05,东莞,5,2026-02-07T08:43:00+08:00
SO-202604-000552,CUS-0091,A,2026-04-24T21:41:00+08:00,2026-04-27T09:41:00+08:00,delivered,CNY,6559849.9,3015627.5,229594.75,上海,4,2026-05-03T21:41:00+08:00
SO-202511-000553,CUS-0080,B,2025-11-23T20:50:00+08:00,2025-11-26T20:50:00+08:00,confirmed,CNY,2225388.4,828027.9,40056.99,武汉,3,2026-01-06T20:50:00+08:00
SO-202605-000554,CUS-0087,B,2026-05-18T02:14:00+08:00,2026-05-21T02:14:00+08:00,confirmed,CNY,2899925.24,901893.55,52198.65,天津,4,2026-06-15T08:00:00+08:00
SO-202507-000555,CUS-0055,C,2025-07-30T03:31:00+08:00,2025-08-05T03:31:00+08:00,shipped,CNY,1194814.1,332217.02,9558.51,上海,2,2025-09-11T03:31:00+08:00
SO-202604-000556,CUS-0022,B,2026-04-27T10:05:00+08:00,2026-05-01T10:05:00+08:00,at_risk,CNY,4153109.64,1371081.77,74755.97,武汉,5,2026-06-06T10:05:00+08:00
SO-202603-000557,CUS-0078,B,2026-03-29T05:53:00+08:00,2026-04-02T05:53:00+08:00,delivered,CNY,1460689.36,665125.71,26292.41,武汉,3,2026-04-23T05:53:00+08:00
SO-202603-000558,CUS-0114,B,2026-03-20T14:54:00+08:00,2026-03-23T02:54:00+08:00,confirmed,CNY,815104.82,361376.82,14671.89,苏州,2,2026-03-26T14:54:00+08:00
SO-202512-000559,CUS-0113,B,2025-12-16T06:53:00+08:00,2025-12-21T06:53:00+08:00,at_risk,CNY,543988.35,196879.54,9791.79,天津,3,2026-01-02T06:53:00+08:00
SO-202507-000560,CUS-0051,C,2025-07-12T22:09:00+08:00,2025-07-18T10:09:00+08:00,cancelled,CNY,1332440.32,428466.9,10659.52,武汉,1,2025-08-13T22:09:00+08:00
SO-202510-000561,CUS-0086,B,2025-10-31T18:02:00+08:00,2025-11-03T18:02:00+08:00,confirmed,CNY,3220339.46,1069302.06,57966.11,青岛,2,2025-12-14T18:02:00+08:00
SO-202605-000562,CUS-0075,C,2026-05-07T02:18:00+08:00,2026-05-13T02:18:00+08:00,delivered,CNY,702728.6,284374.04,5621.83,成都,1,2026-06-15T08:00:00+08:00
SO-202507-000563,CUS-0051,C,2025-07-07T21:28:00+08:00,2025-07-12T09:28:00+08:00,delivered,CNY,723772.97,274406.25,5790.18,武汉,3,2025-07-29T21:28:00+08:00
SO-202602-000564,CUS-0082,C,2026-02-18T18:07:00+08:00,2026-02-23T18:07:00+08:00,confirmed,CNY,673548.26,321771.38,5388.39,武汉,1,2026-03-14T18:07:00+08:00
SO-202512-000565,CUS-0037,C,2025-12-26T12:00:00+08:00,2026-01-02T12:00:00+08:00,delivered,CNY,5163284.5,1907806.0,41306.28,杭州,1,2026-01-14T12:00:00+08:00
SO-202511-000566,CUS-0062,B,2025-11-03T18:19:00+08:00,2025-11-07T18:19:00+08:00,shipped,CNY,1396813.34,627973.94,25142.64,苏州,1,2025-11-28T18:19:00+08:00
SO-202512-000567,CUS-0101,C,2025-12-04T16:19:00+08:00,2025-12-10T16:19:00+08:00,overdue,CNY,143260.01,52896.11,1146.08,武汉,1,2026-01-02T16:19:00+08:00
SO-202604-000568,CUS-0051,C,2026-04-07T18:25:00+08:00,2026-04-13T18:25:00+08:00,shipped,CNY,8961469.97,3240940.91,71691.76,武汉,3,2026-05-15T18:25:00+08:00
SO-202511-000569,CUS-0080,B,2025-11-11T09:29:00+08:00,2025-11-16T09:29:00+08:00,shipped,CNY,6488058.1,1812736.47,116785.05,武汉,4,2025-12-21T09:29:00+08:00
SO-202509-000570,CUS-0011,C,2025-09-05T21:08:00+08:00,2025-09-11T09:08:00+08:00,delivered,CNY,4334036.29,2016696.38,34672.29,青岛,5,2025-09-16T21:08:00+08:00
SO-202602-000571,CUS-0106,A,2026-02-10T22:45:00+08:00,2026-02-12T10:45:00+08:00,cancelled,CNY,6479323.87,2681400.69,226776.34,天津,3,2026-03-20T22:45:00+08:00
SO-202509-000572,CUS-0022,B,2025-09-16T01:09:00+08:00,2025-09-19T01:09:00+08:00,delivered,CNY,199044.46,81692.56,3582.8,武汉,1,2025-09-25T01:09:00+08:00
SO-202511-000573,CUS-0043,C,2025-11-02T04:09:00+08:00,2025-11-08T04:09:00+08:00,delivered,CNY,135421.0,42704.42,1083.37,武汉,1,2025-11-12T04:09:00+08:00
SO-202509-000574,CUS-0084,C,2025-09-18T15:11:00+08:00,2025-09-23T15:11:00+08:00,confirmed,CNY,249279.74,88322.4,1994.24,合肥,2,2025-10-26T15:11:00+08:00
SO-202604-000575,CUS-0047,B,2026-04-10T23:12:00+08:00,2026-04-13T11:12:00+08:00,delivered,CNY,3255592.65,823568.5,58600.67,东莞,3,2026-04-29T23:12:00+08:00
SO-202605-000576,CUS-0117,C,2026-05-15T05:23:00+08:00,2026-05-20T17:23:00+08:00,confirmed,CNY,454334.87,132699.59,3634.68,苏州,1,2026-05-22T05:23:00+08:00
SO-202508-000577,CUS-0115,C,2025-08-02T05:54:00+08:00,2025-08-08T05:54:00+08:00,shipped,CNY,703686.86,239199.18,5629.49,东莞,2,2025-09-16T05:54:00+08:00
SO-202511-000578,CUS-0030,B,2025-11-23T05:21:00+08:00,2025-11-27T05:21:00+08:00,at_risk,CNY,2114032.58,773567.63,38052.59,上海,3,2025-12-12T05:21:00+08:00
SO-202605-000579,CUS-0049,C,2026-05-27T02:17:00+08:00,2026-06-03T02:17:00+08:00,at_risk,CNY,3041138.94,1057227.48,24329.11,东莞,3,2026-06-13T02:17:00+08:00
SO-202601-000580,CUS-0101,C,2026-01-15T16:48:00+08:00,2026-01-21T04:48:00+08:00,delivered,CNY,824710.38,335156.11,6597.68,武汉,2,2026-01-22T16:48:00+08:00
SO-202512-000581,CUS-0065,A,2025-12-25T22:25:00+08:00,2025-12-27T22:25:00+08:00,delivered,CNY,187079.97,60029.19,6547.8,宁波,3,2026-01-31T22:25:00+08:00
SO-202605-000582,CUS-0079,C,2026-05-02T16:54:00+08:00,2026-05-08T04:54:00+08:00,confirmed,CNY,13290.01,4832.68,106.32,东莞,1,2026-05-19T16:54:00+08:00
SO-202602-000583,CUS-0120,B,2026-02-21T20:01:00+08:00,2026-02-26T20:01:00+08:00,delivered,CNY,4127116.36,1342968.98,74288.09,青岛,3,2026-03-25T20:01:00+08:00
SO-202509-000584,CUS-0005,A,2025-09-18T12:27:00+08:00,2025-09-20T00:27:00+08:00,delivered,CNY,4690805.29,1105727.4,164178.19,青岛,4,2025-09-25T12:27:00+08:00
SO-202507-000585,CUS-0015,C,2025-07-04T05:48:00+08:00,2025-07-11T05:48:00+08:00,at_risk,CNY,114116.47,54743.74,912.93,上海,1,2025-07-28T05:48:00+08:00
SO-202603-000586,CUS-0024,B,2026-03-17T04:33:00+08:00,2026-03-20T16:33:00+08:00,shipped,CNY,924863.81,398603.45,16647.55,合肥,4,2026-03-19T04:33:00+08:00
SO-202606-000587,CUS-0014,C,2026-06-07T06:50:00+08:00,2026-06-12T06:50:00+08:00,delivered,CNY,4378834.68,1640473.41,35030.68,东莞,4,2026-06-15T08:00:00+08:00
SO-202604-000588,CUS-0066,A,2026-04-14T21:00:00+08:00,2026-04-16T21:00:00+08:00,at_risk,CNY,1811613.31,705534.02,63406.47,青岛,4,2026-04-19T21:00:00+08:00
SO-202602-000589,CUS-0092,B,2026-02-07T03:25:00+08:00,2026-02-10T03:25:00+08:00,overdue,CNY,1877334.09,805771.8,33792.01,苏州,3,2026-03-09T03:25:00+08:00
SO-202604-000590,CUS-0045,B,2026-04-10T18:16:00+08:00,2026-04-15T18:16:00+08:00,confirmed,CNY,3151969.92,1209534.78,56735.46,成都,4,2026-04-25T18:16:00+08:00
SO-202510-000591,CUS-0089,B,2025-10-14T13:07:00+08:00,2025-10-17T13:07:00+08:00,confirmed,CNY,1747546.47,843315.47,31455.84,宁波,2,2025-11-24T13:07:00+08:00
SO-202511-000592,CUS-0007,B,2025-11-27T21:57:00+08:00,2025-12-02T21:57:00+08:00,shipped,CNY,1281357.8,415423.28,23064.44,武汉,1,2025-12-16T21:57:00+08:00
SO-202508-000593,CUS-0064,C,2025-08-23T10:35:00+08:00,2025-08-29T10:35:00+08:00,delivered,CNY,4720236.25,1572227.48,37761.89,东莞,5,2025-09-25T10:35:00+08:00
SO-202603-000594,CUS-0004,B,2026-03-09T22:25:00+08:00,2026-03-13T10:25:00+08:00,confirmed,CNY,8827552.3,2763040.57,158895.94,杭州,5,2026-03-25T22:25:00+08:00
SO-202512-000595,CUS-0052,C,2025-12-26T07:34:00+08:00,2025-12-30T19:34:00+08:00,confirmed,CNY,2831830.32,954089.86,22654.64,上海,4,2025-12-30T07:34:00+08:00
SO-202506-000596,CUS-0046,B,2025-06-15T15:25:00+08:00,2025-06-19T15:25:00+08:00,shipped,CNY,3748448.59,1635984.1,67472.07,青岛,5,2025-06-16T15:25:00+08:00
SO-202605-000597,CUS-0052,C,2026-05-08T04:08:00+08:00,2026-05-12T16:08:00+08:00,delivered,CNY,4405590.7,1731293.26,35244.73,上海,5,2026-06-15T04:08:00+08:00
SO-202512-000598,CUS-0032,A,2025-12-07T09:30:00+08:00,2025-12-11T09:30:00+08:00,overdue,CNY,758582.46,259780.86,26550.39,苏州,1,2026-01-11T09:30:00+08:00
SO-202601-000599,CUS-0090,B,2026-01-31T21:53:00+08:00,2026-02-03T09:53:00+08:00,confirmed,CNY,192806.89,59899.09,3470.52,天津,1,2026-03-09T21:53:00+08:00
SO-202508-000600,CUS-0069,A,2025-08-06T20:15:00+08:00,2025-08-09T08:15:00+08:00,delivered,CNY,5972791.97,2053614.45,209047.72,宁波,4,2025-08-31T20:15:00+08:00
SO-202510-000601,CUS-0057,C,2025-10-12T20:44:00+08:00,2025-10-19T20:44:00+08:00,delivered,CNY,4069653.09,1627943.99,32557.22,成都,5,2025-11-18T20:44:00+08:00
SO-202603-000602,CUS-0001,C,2026-03-05T10:06:00+08:00,2026-03-10T10:06:00+08:00,delivered,CNY,1299520.87,509852.23,10396.17,苏州,2,2026-04-08T10:06:00+08:00
SO-202604-000603,CUS-0085,B,2026-04-08T21:01:00+08:00,2026-04-11T09:01:00+08:00,confirmed,CNY,271378.85,106341.61,4884.82,青岛,3,2026-05-19T21:01:00+08:00
SO-202510-000604,CUS-0023,A,2025-10-12T02:40:00+08:00,2025-10-16T02:40:00+08:00,shipped,CNY,4228814.5,1535447.03,148008.51,青岛,4,2025-10-16T02:40:00+08:00
SO-202512-000605,CUS-0108,B,2025-12-14T13:36:00+08:00,2025-12-17T13:36:00+08:00,shipped,CNY,111951.69,50110.89,2015.13,上海,1,2026-01-12T13:36:00+08:00
SO-202601-000606,CUS-0061,B,2026-01-19T09:50:00+08:00,2026-01-22T09:50:00+08:00,confirmed,CNY,421027.68,144207.8,7578.5,上海,2,2026-02-20T09:50:00+08:00
SO-202510-000607,CUS-0111,C,2025-10-14T14:58:00+08:00,2025-10-20T14:58:00+08:00,delivered,CNY,1261048.66,296708.92,10088.39,上海,1,2025-11-01T14:58:00+08:00
SO-202511-000608,CUS-0035,C,2025-11-17T11:20:00+08:00,2025-11-22T11:20:00+08:00,confirmed,CNY,1705927.05,660041.25,13647.42,武汉,3,2025-12-31T11:20:00+08:00
SO-202511-000609,CUS-0067,B,2025-11-02T08:53:00+08:00,2025-11-04T20:53:00+08:00,overdue,CNY,5558537.05,1833210.63,100053.67,青岛,3,2025-12-04T08:53:00+08:00
SO-202507-000610,CUS-0014,C,2025-07-08T12:01:00+08:00,2025-07-15T12:01:00+08:00,delivered,CNY,154146.07,69538.51,1233.17,东莞,1,2025-08-08T12:01:00+08:00
SO-202605-000611,CUS-0099,B,2026-05-16T01:34:00+08:00,2026-05-19T13:34:00+08:00,delivered,CNY,2718977.62,937403.94,48941.6,武汉,2,2026-06-01T01:34:00+08:00
SO-202603-000612,CUS-0080,B,2026-03-06T10:55:00+08:00,2026-03-08T22:55:00+08:00,delivered,CNY,47628.16,11111.2,857.31,武汉,1,2026-04-18T10:55:00+08:00
SO-202509-000613,CUS-0067,B,2025-09-28T09:19:00+08:00,2025-10-01T21:19:00+08:00,delivered,CNY,17920272.85,7959885.29,322564.91,青岛,5,2025-10-26T09:19:00+08:00
SO-202512-000614,CUS-0115,C,2025-12-27T08:22:00+08:00,2026-01-01T08:22:00+08:00,delivered,CNY,5531015.49,1695080.03,44248.12,东莞,2,2025-12-30T08:22:00+08:00
SO-202601-000615,CUS-0112,C,2026-01-31T12:15:00+08:00,2026-02-05T12:15:00+08:00,delivered,CNY,3999168.74,1368214.59,31993.35,宁波,5,2026-02-20T12:15:00+08:00
SO-202507-000616,CUS-0041,B,2025-07-28T15:13:00+08:00,2025-08-01T03:13:00+08:00,delivered,CNY,1737611.38,277362.86,31277.0,成都,3,2025-08-22T15:13:00+08:00
SO-202603-000617,CUS-0022,B,2026-03-14T01:00:00+08:00,2026-03-17T01:00:00+08:00,at_risk,CNY,6481509.68,2387825.45,116667.17,武汉,2,2026-04-04T01:00:00+08:00
SO-202603-000618,CUS-0056,B,2026-03-08T06:02:00+08:00,2026-03-11T18:02:00+08:00,confirmed,CNY,1358415.64,476457.26,24451.48,成都,2,2026-03-13T06:02:00+08:00
SO-202510-000619,CUS-0070,A,2025-10-08T07:21:00+08:00,2025-10-11T07:21:00+08:00,confirmed,CNY,4677576.03,1964792.55,163715.16,苏州,4,2025-11-10T07:21:00+08:00
SO-202507-000620,CUS-0040,C,2025-07-20T00:53:00+08:00,2025-07-25T12:53:00+08:00,delivered,CNY,3558079.99,1029043.66,28464.64,合肥,4,2025-08-20T00:53:00+08:00
SO-202602-000621,CUS-0036,B,2026-02-15T13:36:00+08:00,2026-02-19T13:36:00+08:00,cancelled,CNY,3866546.52,1452499.45,69597.84,成都,4,2026-03-12T13:36:00+08:00
SO-202510-000622,CUS-0031,C,2025-10-15T00:58:00+08:00,2025-10-19T12:58:00+08:00,delivered,CNY,87165.92,39705.32,697.33,青岛,1,2025-10-26T00:58:00+08:00
SO-202604-000623,CUS-0014,C,2026-04-21T22:10:00+08:00,2026-04-27T22:10:00+08:00,at_risk,CNY,7859901.04,3595253.62,62879.21,东莞,3,2026-05-30T22:10:00+08:00
SO-202601-000624,CUS-0031,C,2026-01-13T01:37:00+08:00,2026-01-17T13:37:00+08:00,delivered,CNY,12231.44,4231.58,97.85,青岛,1,2026-02-06T01:37:00+08:00
SO-202606-000625,CUS-0031,C,2026-06-13T11:58:00+08:00,2026-06-18T11:58:00+08:00,confirmed,CNY,5553073.2,2145339.73,44424.59,青岛,4,2026-06-15T08:00:00+08:00
SO-202603-000626,CUS-0084,C,2026-03-09T22:51:00+08:00,2026-03-14T22:51:00+08:00,delivered,CNY,4575256.32,1358276.22,36602.05,合肥,1,2026-04-19T22:51:00+08:00
SO-202511-000627,CUS-0103,B,2025-11-10T17:19:00+08:00,2025-11-15T17:19:00+08:00,overdue,CNY,3667380.96,1264737.3,66012.86,宁波,4,2025-12-05T17:19:00+08:00
SO-202605-000628,CUS-0029,B,2026-05-23T02:01:00+08:00,2026-05-26T02:01:00+08:00,at_risk,CNY,31960.17,13269.09,575.28,武汉,1,2026-06-10T02:01:00+08:00
SO-202605-000629,CUS-0054,C,2026-05-21T02:25:00+08:00,2026-05-27T02:25:00+08:00,delivered,CNY,214865.9,100577.96,1718.93,青岛,2,2026-06-09T02:25:00+08:00
SO-202509-000630,CUS-0107,B,2025-09-28T06:18:00+08:00,2025-10-03T06:18:00+08:00,overdue,CNY,250009.93,84963.52,4500.18,成都,2,2025-10-04T06:18:00+08:00
SO-202509-000631,CUS-0012,C,2025-09-03T14:22:00+08:00,2025-09-08T14:22:00+08:00,confirmed,CNY,5692794.35,2703222.15,45542.35,宁波,2,2025-10-03T14:22:00+08:00
SO-202511-000632,CUS-0013,B,2025-11-06T17:12:00+08:00,2025-11-09T05:12:00+08:00,cancelled,CNY,65917.62,18886.3,1186.52,成都,1,2025-11-13T17:12:00+08:00
SO-202602-000633,CUS-0060,B,2026-02-20T20:59:00+08:00,2026-02-23T08:59:00+08:00,at_risk,CNY,2864623.47,976703.97,51563.22,上海,1,2026-03-08T20:59:00+08:00
SO-202510-000634,CUS-0109,C,2025-10-07T14:36:00+08:00,2025-10-13T02:36:00+08:00,at_risk,CNY,3364904.48,1464458.29,26919.24,东莞,3,2025-11-04T14:36:00+08:00
SO-202603-000635,CUS-0018,B,2026-03-16T08:08:00+08:00,2026-03-19T20:08:00+08:00,confirmed,CNY,2015788.25,833946.81,36284.19,宁波,5,2026-04-28T08:08:00+08:00
SO-202603-000636,CUS-0092,B,2026-03-11T13:58:00+08:00,2026-03-15T01:58:00+08:00,overdue,CNY,8158748.78,3673262.68,146857.48,苏州,5,2026-04-07T13:58:00+08:00
SO-202606-000637,CUS-0089,B,2026-06-08T03:36:00+08:00,2026-06-13T03:36:00+08:00,delivered,CNY,1305610.57,348333.01,23500.99,宁波,4,2026-06-13T03:36:00+08:00
SO-202603-000638,CUS-0066,A,2026-03-15T14:32:00+08:00,2026-03-17T02:32:00+08:00,at_risk,CNY,1949742.09,815302.09,68240.97,青岛,3,2026-04-10T14:32:00+08:00
SO-202507-000639,CUS-0088,A,2025-07-21T11:27:00+08:00,2025-07-23T11:27:00+08:00,shipped,CNY,4675240.31,1838610.73,163633.41,武汉,4,2025-08-03T11:27:00+08:00
SO-202510-000640,CUS-0103,B,2025-10-02T12:07:00+08:00,2025-10-05T00:07:00+08:00,delivered,CNY,822039.85,278445.48,14796.72,宁波,1,2025-10-02T12:07:00+08:00
SO-202512-000641,CUS-0036,B,2025-12-16T19:29:00+08:00,2025-12-19T07:29:00+08:00,delivered,CNY,1299076.47,521070.35,23383.38,成都,3,2025-12-23T19:29:00+08:00
SO-202601-000642,CUS-0017,C,2026-01-22T18:00:00+08:00,2026-01-27T06:00:00+08:00,confirmed,CNY,136458.52,59641.12,1091.67,青岛,1,2026-03-07T18:00:00+08:00
SO-202602-000643,CUS-0072,B,2026-02-25T21:33:00+08:00,2026-03-01T09:33:00+08:00,delivered,CNY,3101809.49,1277729.53,55832.57,天津,2,2026-03-20T21:33:00+08:00
SO-202511-000644,CUS-0099,B,2025-11-16T02:02:00+08:00,2025-11-19T14:02:00+08:00,shipped,CNY,5161983.33,1875232.0,92915.7,武汉,4,2025-12-06T02:02:00+08:00
SO-202512-000645,CUS-0017,C,2025-12-24T14:30:00+08:00,2025-12-29T02:30:00+08:00,confirmed,CNY,7897059.32,3281870.25,63176.47,青岛,5,2026-01-05T14:30:00+08:00
SO-202602-000646,CUS-0027,B,2026-02-11T15:31:00+08:00,2026-02-15T15:31:00+08:00,at_risk,CNY,2793349.13,938529.13,50280.28,合肥,3,2026-03-01T15:31:00+08:00
SO-202511-000647,CUS-0097,B,2025-11-26T13:21:00+08:00,2025-11-29T01:21:00+08:00,confirmed,CNY,5861811.87,1528982.52,105512.61,杭州,3,2025-12-30T13:21:00+08:00
SO-202512-000648,CUS-0072,B,2025-12-20T10:10:00+08:00,2025-12-22T22:10:00+08:00,shipped,CNY,4741905.21,1487428.26,85354.29,天津,5,2025-12-20T10:10:00+08:00
SO-202506-000649,CUS-0049,C,2025-06-23T13:42:00+08:00,2025-06-29T01:42:00+08:00,delivered,CNY,2640680.27,687782.11,21125.44,东莞,5,2025-08-01T13:42:00+08:00
SO-202606-000650,CUS-0117,C,2026-06-09T21:09:00+08:00,2026-06-15T09:09:00+08:00,shipped,CNY,337612.66,77168.28,2700.9,苏州,1,2026-06-15T08:00:00+08:00
SO-202506-000651,CUS-0074,C,2025-06-21T21:38:00+08:00,2025-06-27T09:38:00+08:00,delivered,CNY,130446.42,40078.5,1043.57,苏州,1,2025-07-04T21:38:00+08:00
SO-202606-000652,CUS-0072,B,2026-06-04T08:48:00+08:00,2026-06-06T20:48:00+08:00,shipped,CNY,861869.54,335367.05,15513.65,天津,3,2026-06-15T08:00:00+08:00
SO-202508-000653,CUS-0106,A,2025-08-06T07:15:00+08:00,2025-08-08T19:15:00+08:00,confirmed,CNY,1717512.55,587999.9,60112.94,天津,2,2025-09-19T07:15:00+08:00
SO-202506-000654,CUS-0098,C,2025-06-21T14:05:00+08:00,2025-06-27T02:05:00+08:00,delivered,CNY,1802.25,449.25,14.42,青岛,1,2025-07-11T14:05:00+08:00
SO-202507-000655,CUS-0074,C,2025-07-08T12:13:00+08:00,2025-07-15T12:13:00+08:00,delivered,CNY,3849182.6,1182012.5,30793.46,苏州,1,2025-08-07T12:13:00+08:00
SO-202507-000656,CUS-0046,B,2025-07-03T00:22:00+08:00,2025-07-06T12:22:00+08:00,confirmed,CNY,1774379.23,760532.33,31938.83,青岛,3,2025-07-24T00:22:00+08:00
SO-202509-000657,CUS-0095,B,2025-09-03T10:49:00+08:00,2025-09-06T22:49:00+08:00,delivered,CNY,4027523.77,1742250.2,72495.43,苏州,4,2025-10-01T10:49:00+08:00
SO-202509-000658,CUS-0055,C,2025-09-17T02:51:00+08:00,2025-09-21T14:51:00+08:00,delivered,CNY,3621596.31,1115085.01,28972.77,上海,5,2025-10-19T02:51:00+08:00
SO-202601-000659,CUS-0115,C,2026-01-13T23:47:00+08:00,2026-01-18T11:47:00+08:00,shipped,CNY,1228891.34,429738.29,9831.13,东莞,3,2026-01-19T23:47:00+08:00
SO-202508-000660,CUS-0090,B,2025-08-18T20:40:00+08:00,2025-08-21T20:40:00+08:00,shipped,CNY,8496620.16,3106380.04,152939.16,天津,5,2025-08-25T20:40:00+08:00
SO-202509-000661,CUS-0028,B,2025-09-27T00:57:00+08:00,2025-10-01T00:57:00+08:00,delivered,CNY,611106.77,203099.97,10999.92,成都,1,2025-10-11T00:57:00+08:00
SO-202509-000662,CUS-0063,B,2025-09-23T21:16:00+08:00,2025-09-27T09:16:00+08:00,at_risk,CNY,2061795.71,718207.65,37112.32,杭州,3,2025-10-22T21:16:00+08:00
SO-202605-000663,CUS-0018,B,2026-05-14T08:52:00+08:00,2026-05-16T20:52:00+08:00,at_risk,CNY,2289783.75,758532.57,41216.11,宁波,2,2026-06-15T08:00:00+08:00
SO-202511-000664,CUS-0063,B,2025-11-01T12:32:00+08:00,2025-11-05T00:32:00+08:00,delivered,CNY,339250.61,61872.08,6106.51,杭州,1,2025-12-03T12:32:00+08:00
SO-202602-000665,CUS-0044,B,2026-02-14T05:08:00+08:00,2026-02-18T05:08:00+08:00,delivered,CNY,3037792.16,1016253.2,54680.26,宁波,4,2026-02-24T05:08:00+08:00
SO-202602-000666,CUS-0055,C,2026-02-26T18:25:00+08:00,2026-03-03T18:25:00+08:00,shipped,CNY,159949.02,61215.42,1279.59,上海,1,2026-03-28T18:25:00+08:00
SO-202605-000667,CUS-0053,B,2026-05-11T11:09:00+08:00,2026-05-13T23:09:00+08:00,delivered,CNY,5643667.83,2472127.99,101586.02,成都,3,2026-05-26T11:09:00+08:00
SO-202605-000668,CUS-0101,C,2026-05-25T17:31:00+08:00,2026-05-31T05:31:00+08:00,overdue,CNY,7308969.71,2816150.22,58471.76,武汉,4,2026-05-31T17:31:00+08:00
SO-202603-000669,CUS-0078,B,2026-03-04T16:54:00+08:00,2026-03-08T16:54:00+08:00,overdue,CNY,5028622.16,1471817.45,90515.2,武汉,4,2026-03-22T16:54:00+08:00
SO-202512-000670,CUS-0055,C,2025-12-30T23:16:00+08:00,2026-01-05T11:16:00+08:00,delivered,CNY,3694676.27,1695231.39,29557.41,上海,4,2026-01-31T23:16:00+08:00
SO-202507-000671,CUS-0088,A,2025-07-31T11:43:00+08:00,2025-08-03T11:43:00+08:00,delivered,CNY,1136219.86,332628.75,39767.7,武汉,4,2025-09-04T11:43:00+08:00
SO-202603-000672,CUS-0006,C,2026-03-18T04:55:00+08:00,2026-03-24T04:55:00+08:00,delivered,CNY,3847110.12,1286187.14,30776.88,杭州,2,2026-04-29T04:55:00+08:00
SO-202605-000673,CUS-0044,B,2026-05-04T00:25:00+08:00,2026-05-07T00:25:00+08:00,delivered,CNY,41368.29,20523.48,744.63,宁波,1,2026-05-13T00:25:00+08:00
SO-202604-000674,CUS-0042,A,2026-04-05T11:38:00+08:00,2026-04-08T11:38:00+08:00,confirmed,CNY,463358.99,158850.07,16217.56,东莞,2,2026-05-02T11:38:00+08:00
SO-202511-000675,CUS-0035,C,2025-11-23T07:34:00+08:00,2025-11-30T07:34:00+08:00,at_risk,CNY,7518300.99,3035890.37,60146.41,武汉,3,2025-12-05T07:34:00+08:00
SO-202508-000676,CUS-0095,B,2025-08-09T18:18:00+08:00,2025-08-13T18:18:00+08:00,delivered,CNY,2852496.59,1252039.21,51344.94,苏州,5,2025-09-21T18:18:00+08:00
SO-202604-000677,CUS-0029,B,2026-04-08T05:09:00+08:00,2026-04-11T17:09:00+08:00,delivered,CNY,6395073.22,2856886.21,115111.32,武汉,3,2026-05-16T05:09:00+08:00
SO-202508-000678,CUS-0116,C,2025-08-14T05:22:00+08:00,2025-08-18T17:22:00+08:00,delivered,CNY,1366726.5,571560.45,10933.81,合肥,2,2025-09-08T05:22:00+08:00
SO-202604-000679,CUS-0104,C,2026-04-23T05:52:00+08:00,2026-04-28T05:52:00+08:00,cancelled,CNY,750792.45,259673.4,6006.34,武汉,2,2026-04-24T05:52:00+08:00
SO-202508-000680,CUS-0108,B,2025-08-07T13:52:00+08:00,2025-08-12T13:52:00+08:00,cancelled,CNY,937055.51,330570.65,16867.0,上海,1,2025-08-15T13:52:00+08:00
SO-202510-000681,CUS-0018,B,2025-10-18T04:06:00+08:00,2025-10-22T04:06:00+08:00,shipped,CNY,787159.54,291430.72,14168.87,宁波,3,2025-11-24T04:06:00+08:00
SO-202602-000682,CUS-0038,C,2026-02-11T11:39:00+08:00,2026-02-16T11:39:00+08:00,delivered,CNY,3103513.79,1122074.55,24828.11,宁波,3,2026-03-16T11:39:00+08:00
SO-202508-000683,CUS-0076,B,2025-08-20T22:40:00+08:00,2025-08-23T10:40:00+08:00,at_risk,CNY,3376863.2,1328426.26,60783.54,杭州,3,2025-09-27T22:40:00+08:00
SO-202605-000684,CUS-0061,B,2026-05-17T21:11:00+08:00,2026-05-21T09:11:00+08:00,delivered,CNY,1312380.75,393238.15,23622.85,上海,3,2026-06-15T08:00:00+08:00
SO-202512-000685,CUS-0053,B,2025-12-31T13:41:00+08:00,2026-01-05T13:41:00+08:00,delivered,CNY,3444370.08,1445366.89,61998.66,成都,4,2026-02-01T13:41:00+08:00
SO-202606-000686,CUS-0044,B,2026-06-02T15:54:00+08:00,2026-06-05T15:54:00+08:00,delivered,CNY,1485261.95,574745.4,26734.72,宁波,2,2026-06-15T08:00:00+08:00
SO-202507-000687,CUS-0094,C,2025-07-17T19:49:00+08:00,2025-07-23T19:49:00+08:00,delivered,CNY,4011621.4,1490192.01,32092.97,宁波,3,2025-08-18T19:49:00+08:00
SO-202605-000688,CUS-0114,B,2026-05-07T22:42:00+08:00,2026-05-12T22:42:00+08:00,delivered,CNY,266737.45,85739.39,4801.27,苏州,3,2026-05-21T22:42:00+08:00
SO-202601-000689,CUS-0053,B,2026-01-13T16:46:00+08:00,2026-01-18T16:46:00+08:00,delivered,CNY,13281240.7,4136934.18,239062.33,成都,5,2026-02-22T16:46:00+08:00
SO-202601-000690,CUS-0019,B,2026-01-30T21:05:00+08:00,2026-02-02T09:05:00+08:00,confirmed,CNY,287912.11,130507.69,5182.42,合肥,1,2026-02-21T21:05:00+08:00
SO-202601-000691,CUS-0071,C,2026-01-03T11:33:00+08:00,2026-01-07T23:33:00+08:00,overdue,CNY,5480345.47,1956668.7,43842.76,杭州,3,2026-02-05T11:33:00+08:00
SO-202510-000692,CUS-0050,B,2025-10-30T22:43:00+08:00,2025-11-04T22:43:00+08:00,confirmed,CNY,2519073.36,809961.8,45343.32,上海,3,2025-11-13T22:43:00+08:00
SO-202604-000693,CUS-0029,B,2026-04-16T07:10:00+08:00,2026-04-19T19:10:00+08:00,shipped,CNY,4378757.51,1053815.33,78817.64,武汉,2,2026-05-09T07:10:00+08:00
SO-202605-000694,CUS-0072,B,2026-05-02T17:00:00+08:00,2026-05-05T05:00:00+08:00,delivered,CNY,3075611.04,1112850.71,55361.0,天津,4,2026-05-13T17:00:00+08:00
SO-202507-000695,CUS-0041,B,2025-07-29T11:03:00+08:00,2025-08-01T11:03:00+08:00,confirmed,CNY,6061821.44,2752275.0,109112.79,成都,3,2025-08-29T11:03:00+08:00
SO-202605-000696,CUS-0032,A,2026-05-26T19:03:00+08:00,2026-05-30T19:03:00+08:00,shipped,CNY,1209466.52,428344.91,42331.33,苏州,4,2026-06-15T08:00:00+08:00
SO-202511-000697,CUS-0043,C,2025-11-05T21:54:00+08:00,2025-11-10T21:54:00+08:00,confirmed,CNY,5890355.48,2795396.56,47122.84,武汉,2,2025-11-26T21:54:00+08:00
SO-202604-000698,CUS-0115,C,2026-04-08T17:46:00+08:00,2026-04-14T17:46:00+08:00,confirmed,CNY,4173943.81,1457149.36,33391.55,东莞,5,2026-05-03T17:46:00+08:00
SO-202604-000699,CUS-0002,B,2026-04-24T16:35:00+08:00,2026-04-27T16:35:00+08:00,shipped,CNY,4518159.54,1272437.57,81326.87,杭州,5,2026-05-10T16:35:00+08:00
SO-202511-000700,CUS-0073,C,2025-11-04T00:52:00+08:00,2025-11-08T12:52:00+08:00,cancelled,CNY,11350670.71,4200603.54,90805.37,成都,5,2025-12-01T00:52:00+08:00
SO-202604-000701,CUS-0060,B,2026-04-19T22:34:00+08:00,2026-04-22T22:34:00+08:00,overdue,CNY,3436074.85,1661778.18,61849.35,上海,2,2026-05-12T22:34:00+08:00
SO-202511-000702,CUS-0052,C,2025-11-01T10:30:00+08:00,2025-11-05T22:30:00+08:00,confirmed,CNY,2894605.85,1044077.31,23156.85,上海,2,2025-11-30T10:30:00+08:00
SO-202508-000703,CUS-0031,C,2025-08-24T11:23:00+08:00,2025-08-29T23:23:00+08:00,overdue,CNY,1299634.98,474365.79,10397.08,青岛,2,2025-09-22T11:23:00+08:00
SO-202507-000704,CUS-0094,C,2025-07-19T07:25:00+08:00,2025-07-26T07:25:00+08:00,delivered,CNY,8514369.9,3354587.78,68114.96,宁波,4,2025-07-30T07:25:00+08:00
SO-202510-000705,CUS-0081,B,2025-10-07T22:15:00+08:00,2025-10-10T10:15:00+08:00,shipped,CNY,7038531.73,2507927.18,126693.57,天津,3,2025-10-27T22:15:00+08:00
SO-202510-000706,CUS-0027,B,2025-10-12T17:36:00+08:00,2025-10-15T17:36:00+08:00,delivered,CNY,2510449.44,897084.01,45188.09,合肥,5,2025-10-19T17:36:00+08:00
SO-202509-000707,CUS-0060,B,2025-09-06T23:25:00+08:00,2025-09-11T23:25:00+08:00,delivered,CNY,62602.25,16561.05,1126.84,上海,1,2025-09-12T23:25:00+08:00
SO-202605-000708,CUS-0024,B,2026-05-31T01:26:00+08:00,2026-06-03T01:26:00+08:00,confirmed,CNY,163372.75,68557.95,2940.71,合肥,1,2026-06-15T08:00:00+08:00
SO-202511-000709,CUS-0081,B,2025-11-18T02:56:00+08:00,2025-11-20T14:56:00+08:00,delivered,CNY,3324903.93,1182574.79,59848.27,天津,4,2025-11-24T02:56:00+08:00
SO-202506-000710,CUS-0118,C,2025-06-24T15:19:00+08:00,2025-06-29T15:19:00+08:00,delivered,CNY,4286117.86,1718467.36,34288.94,上海,1,2025-07-03T15:19:00+08:00
SO-202602-000711,CUS-0013,B,2026-02-18T14:18:00+08:00,2026-02-21T02:18:00+08:00,at_risk,CNY,4226447.31,1651796.09,76076.05,成都,4,2026-03-06T14:18:00+08:00
SO-202508-000712,CUS-0025,B,2025-08-22T12:09:00+08:00,2025-08-26T12:09:00+08:00,delivered,CNY,1223948.63,505625.46,22031.08,东莞,2,2025-09-07T12:09:00+08:00
SO-202603-000713,CUS-0039,B,2026-03-19T04:47:00+08:00,2026-03-22T04:47:00+08:00,shipped,CNY,6605525.15,2016253.22,118899.45,武汉,5,2026-03-31T04:47:00+08:00
SO-202603-000714,CUS-0096,C,2026-03-03T14:31:00+08:00,2026-03-09T14:31:00+08:00,delivered,CNY,13230135.57,5628571.78,105841.08,苏州,5,2026-04-02T14:31:00+08:00
SO-202506-000715,CUS-0073,C,2025-06-18T19:28:00+08:00,2025-06-25T19:28:00+08:00,delivered,CNY,1772360.74,779169.42,14178.89,成都,2,2025-07-06T19:28:00+08:00
SO-202606-000716,CUS-0018,B,2026-06-15T01:16:00+08:00,2026-06-20T01:16:00+08:00,delivered,CNY,4063404.47,1825377.38,73141.28,宁波,2,2026-06-15T08:00:00+08:00
SO-202605-000717,CUS-0100,B,2026-05-20T16:50:00+08:00,2026-05-23T04:50:00+08:00,delivered,CNY,6009084.85,2446949.26,108163.53,成都,3,2026-06-15T08:00:00+08:00
SO-202606-000718,CUS-0072,B,2026-06-14T23:58:00+08:00,2026-06-19T23:58:00+08:00,delivered,CNY,3528803.24,1384056.92,63518.46,天津,2,2026-06-15T08:00:00+08:00
SO-202603-000719,CUS-0015,C,2026-03-29T06:13:00+08:00,2026-04-04T06:13:00+08:00,confirmed,CNY,4396884.04,1410581.13,35175.07,上海,5,2026-04-05T06:13:00+08:00
SO-202602-000720,CUS-0088,A,2026-02-22T12:15:00+08:00,2026-02-24T00:15:00+08:00,delivered,CNY,588664.64,271196.4,20603.26,武汉,2,2026-03-18T12:15:00+08:00
SO-202603-000721,CUS-0055,C,2026-03-30T00:48:00+08:00,2026-04-04T00:48:00+08:00,at_risk,CNY,12165258.72,5135197.83,97322.07,上海,5,2026-04-29T00:48:00+08:00
SO-202512-000722,CUS-0056,B,2025-12-29T02:35:00+08:00,2026-01-02T02:35:00+08:00,at_risk,CNY,907952.94,253766.24,16343.15,成都,4,2026-01-06T02:35:00+08:00
SO-202507-000723,CUS-0035,C,2025-07-13T19:33:00+08:00,2025-07-18T07:33:00+08:00,at_risk,CNY,2966940.02,1057451.86,23735.52,武汉,4,2025-08-19T19:33:00+08:00
SO-202512-000724,CUS-0031,C,2025-12-30T22:52:00+08:00,2026-01-04T10:52:00+08:00,confirmed,CNY,5531780.63,1915569.59,44254.25,青岛,5,2026-01-07T22:52:00+08:00
SO-202511-000725,CUS-0022,B,2025-11-26T09:29:00+08:00,2025-11-29T21:29:00+08:00,cancelled,CNY,1620696.11,774866.53,29172.53,武汉,2,2025-12-12T09:29:00+08:00
SO-202604-000726,CUS-0095,B,2026-04-11T09:46:00+08:00,2026-04-16T09:46:00+08:00,delivered,CNY,3970190.71,1327195.81,71463.43,苏州,5,2026-05-22T09:46:00+08:00
SO-202507-000727,CUS-0077,B,2025-07-24T18:34:00+08:00,2025-07-27T18:34:00+08:00,confirmed,CNY,1476707.02,601641.35,26580.73,东莞,3,2025-07-31T18:34:00+08:00
SO-202509-000728,CUS-0042,A,2025-09-21T13:21:00+08:00,2025-09-23T13:21:00+08:00,delivered,CNY,382144.0,137255.8,13375.04,东莞,1,2025-10-29T13:21:00+08:00
SO-202509-000729,CUS-0020,B,2025-09-21T00:38:00+08:00,2025-09-26T00:38:00+08:00,delivered,CNY,339399.57,83143.93,6109.19,宁波,1,2025-10-08T00:38:00+08:00
SO-202507-000730,CUS-0106,A,2025-07-27T02:34:00+08:00,2025-07-29T14:34:00+08:00,overdue,CNY,6085596.53,2598832.66,212995.88,天津,5,2025-08-27T02:34:00+08:00
SO-202511-000731,CUS-0073,C,2025-11-19T13:21:00+08:00,2025-11-24T01:21:00+08:00,confirmed,CNY,1592755.39,682027.71,12742.04,成都,2,2025-11-29T13:21:00+08:00
SO-202506-000732,CUS-0011,C,2025-06-23T13:46:00+08:00,2025-06-30T13:46:00+08:00,confirmed,CNY,4950397.7,1616995.61,39603.18,青岛,2,2025-07-06T13:46:00+08:00
SO-202507-000733,CUS-0069,A,2025-07-31T14:00:00+08:00,2025-08-03T14:00:00+08:00,delivered,CNY,2125064.94,893501.93,74377.27,宁波,3,2025-08-30T14:00:00+08:00
SO-202506-000734,CUS-0093,A,2025-06-28T19:29:00+08:00,2025-06-30T19:29:00+08:00,confirmed,CNY,986649.2,431057.28,34532.72,武汉,4,2025-07-06T19:29:00+08:00
SO-202601-000735,CUS-0053,B,2026-01-19T08:43:00+08:00,2026-01-21T20:43:00+08:00,confirmed,CNY,257924.8,105345.34,4642.65,成都,2,2026-01-25T08:43:00+08:00
SO-202602-000736,CUS-0028,B,2026-02-23T02:32:00+08:00,2026-02-25T14:32:00+08:00,delivered,CNY,22122.86,5402.86,398.21,成都,1,2026-03-18T02:32:00+08:00
SO-202509-000737,CUS-0040,C,2025-09-22T06:47:00+08:00,2025-09-27T06:47:00+08:00,at_risk,CNY,1924853.31,567841.93,15398.83,合肥,3,2025-10-07T06:47:00+08:00
SO-202603-000738,CUS-0007,B,2026-03-10T14:48:00+08:00,2026-03-14T14:48:00+08:00,shipped,CNY,1366479.66,648932.06,24596.63,武汉,2,2026-04-03T14:48:00+08:00
SO-202511-000739,CUS-0041,B,2025-11-04T08:12:00+08:00,2025-11-09T08:12:00+08:00,at_risk,CNY,1326415.27,591369.28,23875.47,成都,3,2025-11-26T08:12:00+08:00
SO-202603-000740,CUS-0025,B,2026-03-27T13:08:00+08:00,2026-03-31T01:08:00+08:00,delivered,CNY,493422.92,147002.87,8881.61,东莞,3,2026-04-13T13:08:00+08:00
SO-202512-000741,CUS-0031,C,2025-12-16T02:41:00+08:00,2025-12-22T02:41:00+08:00,confirmed,CNY,2751970.95,1153019.31,22015.77,青岛,4,2025-12-30T02:41:00+08:00
SO-202601-000742,CUS-0109,C,2026-01-14T21:37:00+08:00,2026-01-19T21:37:00+08:00,cancelled,CNY,6589239.31,2859868.12,52713.91,东莞,5,2026-02-07T21:37:00+08:00
SO-202603-000743,CUS-0055,C,2026-03-30T02:53:00+08:00,2026-04-06T02:53:00+08:00,confirmed,CNY,5692.65,2475.87,45.54,上海,1,2026-04-20T02:53:00+08:00
SO-202604-000744,CUS-0026,B,2026-04-18T12:01:00+08:00,2026-04-22T12:01:00+08:00,cancelled,CNY,7077797.32,3111341.79,127400.35,天津,4,2026-05-07T12:01:00+08:00
SO-202507-000745,CUS-0016,C,2025-07-14T08:33:00+08:00,2025-07-19T20:33:00+08:00,overdue,CNY,2963599.26,1357760.98,23708.79,杭州,2,2025-08-13T08:33:00+08:00
SO-202604-000746,CUS-0003,A,2026-04-21T08:32:00+08:00,2026-04-23T20:32:00+08:00,confirmed,CNY,75689.63,10164.83,2649.14,杭州,1,2026-05-24T08:32:00+08:00
SO-202512-000747,CUS-0118,C,2025-12-14T13:04:00+08:00,2025-12-21T13:04:00+08:00,shipped,CNY,1732119.89,525787.73,13856.96,上海,4,2026-01-01T13:04:00+08:00
SO-202603-000748,CUS-0015,C,2026-03-16T00:36:00+08:00,2026-03-23T00:36:00+08:00,at_risk,CNY,248880.7,84135.56,1991.05,上海,1,2026-04-13T00:36:00+08:00
SO-202506-000749,CUS-0098,C,2025-06-17T13:20:00+08:00,2025-06-22T13:20:00+08:00,confirmed,CNY,3823735.02,1687905.04,30589.88,青岛,2,2025-06-17T13:20:00+08:00
SO-202606-000750,CUS-0029,B,2026-06-14T15:37:00+08:00,2026-06-18T03:37:00+08:00,cancelled,CNY,9175193.26,3701330.77,165153.48,武汉,5,2026-06-15T08:00:00+08:00
SO-202507-000751,CUS-0003,A,2025-07-16T04:10:00+08:00,2025-07-17T16:10:00+08:00,shipped,CNY,10137004.03,4637606.13,354795.14,杭州,5,2025-08-20T04:10:00+08:00
SO-202508-000752,CUS-0071,C,2025-08-09T03:17:00+08:00,2025-08-14T15:17:00+08:00,cancelled,CNY,272292.99,115182.51,2178.34,杭州,1,2025-09-12T03:17:00+08:00
SO-202606-000753,CUS-0021,B,2026-06-07T16:26:00+08:00,2026-06-11T16:26:00+08:00,confirmed,CNY,3514123.21,1402116.07,63254.22,成都,5,2026-06-15T08:00:00+08:00
SO-202508-000754,CUS-0072,B,2025-08-15T14:41:00+08:00,2025-08-19T14:41:00+08:00,at_risk,CNY,6474514.19,2475729.53,116541.26,天津,5,2025-09-12T14:41:00+08:00
SO-202606-000755,CUS-0019,B,2026-06-05T11:16:00+08:00,2026-06-07T23:16:00+08:00,delivered,CNY,10091427.26,2628024.45,181645.69,合肥,5,2026-06-15T08:00:00+08:00
SO-202606-000756,CUS-0068,A,2026-06-03T14:32:00+08:00,2026-06-05T14:32:00+08:00,delivered,CNY,2227508.22,906066.58,77962.79,成都,3,2026-06-15T08:00:00+08:00
SO-202509-000757,CUS-0048,A,2025-09-25T11:49:00+08:00,2025-09-29T11:49:00+08:00,at_risk,CNY,6913062.17,2097334.79,241957.18,上海,5,2025-09-26T11:49:00+08:00
SO-202605-000758,CUS-0085,B,2026-05-07T20:34:00+08:00,2026-05-10T08:34:00+08:00,delivered,CNY,4408023.37,1584546.96,79344.42,青岛,5,2026-05-09T20:34:00+08:00
SO-202601-000759,CUS-0075,C,2026-01-28T07:30:00+08:00,2026-02-01T19:30:00+08:00,delivered,CNY,6534179.58,2375419.01,52273.44,成都,4,2026-02-01T07:30:00+08:00
SO-202511-000760,CUS-0063,B,2025-11-19T18:27:00+08:00,2025-11-22T18:27:00+08:00,delivered,CNY,3876615.31,1146127.29,69779.08,杭州,3,2025-12-09T18:27:00+08:00
SO-202510-000761,CUS-0016,C,2025-10-15T07:17:00+08:00,2025-10-21T07:17:00+08:00,delivered,CNY,5498955.22,2597433.68,43991.64,杭州,3,2025-11-28T07:17:00+08:00
SO-202511-000762,CUS-0065,A,2025-11-20T03:00:00+08:00,2025-11-24T03:00:00+08:00,confirmed,CNY,1004488.71,484835.79,35157.1,宁波,2,2025-12-24T03:00:00+08:00
SO-202603-000763,CUS-0064,C,2026-03-30T23:57:00+08:00,2026-04-05T11:57:00+08:00,delivered,CNY,1996074.72,735634.03,15968.6,东莞,4,2026-05-02T23:57:00+08:00
SO-202605-000764,CUS-0031,C,2026-05-13T05:37:00+08:00,2026-05-18T05:37:00+08:00,overdue,CNY,5016095.58,1713792.58,40128.76,青岛,4,2026-05-18T05:37:00+08:00
SO-202605-000765,CUS-0078,B,2026-05-12T13:21:00+08:00,2026-05-17T13:21:00+08:00,shipped,CNY,4691096.53,1640807.42,84439.74,武汉,4,2026-06-15T08:00:00+08:00
SO-202507-000766,CUS-0058,C,2025-07-09T04:15:00+08:00,2025-07-14T04:15:00+08:00,cancelled,CNY,1194614.23,482074.19,9556.91,苏州,1,2025-07-28T04:15:00+08:00
SO-202601-000767,CUS-0006,C,2026-01-26T07:11:00+08:00,2026-02-01T07:11:00+08:00,delivered,CNY,4370079.21,1311765.55,34960.63,杭州,1,2026-02-24T07:11:00+08:00
SO-202604-000768,CUS-0116,C,2026-04-09T11:26:00+08:00,2026-04-14T23:26:00+08:00,at_risk,CNY,3081789.32,1052654.63,24654.31,合肥,2,2026-05-17T11:26:00+08:00
SO-202603-000769,CUS-0110,B,2026-03-25T20:08:00+08:00,2026-03-29T08:08:00+08:00,delivered,CNY,8781743.87,2895890.52,158071.39,成都,5,2026-04-09T20:08:00+08:00
SO-202506-000770,CUS-0005,A,2025-06-16T15:11:00+08:00,2025-06-18T15:11:00+08:00,shipped,CNY,3168973.18,1236352.26,110914.06,青岛,4,2025-07-16T15:11:00+08:00
SO-202512-000771,CUS-0036,B,2025-12-20T00:02:00+08:00,2025-12-23T12:02:00+08:00,delivered,CNY,7254482.23,2361458.09,130580.68,成都,5,2026-01-12T00:02:00+08:00
SO-202512-000772,CUS-0097,B,2025-12-06T00:24:00+08:00,2025-12-11T00:24:00+08:00,shipped,CNY,461047.84,191572.34,8298.86,杭州,1,2026-01-14T00:24:00+08:00
SO-202511-000773,CUS-0061,B,2025-11-08T12:42:00+08:00,2025-11-11T12:42:00+08:00,delivered,CNY,2803942.64,1153765.46,50470.97,上海,5,2025-11-25T12:42:00+08:00
SO-202601-000774,CUS-0072,B,2026-01-31T12:14:00+08:00,2026-02-04T00:14:00+08:00,delivered,CNY,2949870.18,1269583.72,53097.66,天津,5,2026-02-26T12:14:00+08:00
SO-202511-000775,CUS-0004,B,2025-11-05T10:59:00+08:00,2025-11-07T22:59:00+08:00,delivered,CNY,2440372.63,1033317.58,43926.71,杭州,2,2025-11-10T10:59:00+08:00
SO-202603-000776,CUS-0094,C,2026-03-09T02:30:00+08:00,2026-03-14T02:30:00+08:00,confirmed,CNY,7057703.05,2310423.18,56461.62,宁波,5,2026-04-04T02:30:00+08:00
SO-202603-000777,CUS-0056,B,2026-03-21T22:12:00+08:00,2026-03-24T10:12:00+08:00,shipped,CNY,583408.52,263639.62,10501.35,成都,2,2026-04-02T22:12:00+08:00
SO-202604-000778,CUS-0068,A,2026-04-15T01:28:00+08:00,2026-04-17T13:28:00+08:00,delivered,CNY,1566999.62,621020.39,54844.99,成都,2,2026-05-12T01:28:00+08:00
SO-202510-000779,CUS-0028,B,2025-10-23T03:03:00+08:00,2025-10-25T15:03:00+08:00,confirmed,CNY,4488310.75,1671366.76,80789.59,成都,5,2025-12-05T03:03:00+08:00
SO-202510-000780,CUS-0005,A,2025-10-15T03:08:00+08:00,2025-10-17T15:08:00+08:00,shipped,CNY,5095646.42,1571449.64,178347.62,青岛,5,2025-11-24T03:08:00+08:00
SO-202506-000781,CUS-0090,B,2025-06-23T07:19:00+08:00,2025-06-28T07:19:00+08:00,delivered,CNY,9381719.0,4425293.5,168870.94,天津,3,2025-07-14T07:19:00+08:00
SO-202603-000782,CUS-0063,B,2026-03-05T01:31:00+08:00,2026-03-09T01:31:00+08:00,cancelled,CNY,4486279.21,1580608.81,80753.03,杭州,3,2026-04-14T01:31:00+08:00
SO-202603-000783,CUS-0064,C,2026-03-22T16:34:00+08:00,2026-03-27T04:34:00+08:00,confirmed,CNY,193531.46,88404.9,1548.25,东莞,1,2026-04-19T16:34:00+08:00
SO-202511-000784,CUS-0009,C,2025-11-09T04:19:00+08:00,2025-11-14T04:19:00+08:00,delivered,CNY,2740610.98,1113950.32,21924.89,东莞,3,2025-12-02T04:19:00+08:00
SO-202510-000785,CUS-0018,B,2025-10-13T00:03:00+08:00,2025-10-16T00:03:00+08:00,confirmed,CNY,2825320.96,983202.48,50855.78,宁波,2,2025-11-11T00:03:00+08:00
SO-202602-000786,CUS-0086,B,2026-02-20T19:19:00+08:00,2026-02-23T19:19:00+08:00,confirmed,CNY,4915427.9,2084321.14,88477.7,青岛,3,2026-04-01T19:19:00+08:00
SO-202507-000787,CUS-0108,B,2025-07-31T00:56:00+08:00,2025-08-02T12:56:00+08:00,overdue,CNY,3481010.74,1482662.8,62658.19,上海,5,2025-09-13T00:56:00+08:00
SO-202509-000788,CUS-0007,B,2025-09-26T05:06:00+08:00,2025-09-29T17:06:00+08:00,shipped,CNY,1647153.22,650908.85,29648.76,武汉,4,2025-10-08T05:06:00+08:00
SO-202506-000789,CUS-0082,C,2025-06-16T13:53:00+08:00,2025-06-21T13:53:00+08:00,confirmed,CNY,273738.01,101173.89,2189.9,武汉,1,2025-07-26T13:53:00+08:00
SO-202601-000790,CUS-0042,A,2026-01-08T16:01:00+08:00,2026-01-10T16:01:00+08:00,shipped,CNY,313552.27,142099.27,10974.33,东莞,2,2026-01-30T16:01:00+08:00
SO-202603-000791,CUS-0051,C,2026-03-27T11:21:00+08:00,2026-04-01T23:21:00+08:00,shipped,CNY,3632531.74,1348612.56,29060.25,武汉,5,2026-03-31T11:21:00+08:00
SO-202603-000792,CUS-0092,B,2026-03-05T14:22:00+08:00,2026-03-08T02:22:00+08:00,cancelled,CNY,4593570.38,1651890.04,82684.27,苏州,2,2026-04-06T14:22:00+08:00
SO-202507-000793,CUS-0011,C,2025-07-25T19:07:00+08:00,2025-07-30T07:07:00+08:00,delivered,CNY,2791245.12,913182.02,22329.96,青岛,4,2025-08-06T19:07:00+08:00
SO-202506-000794,CUS-0045,B,2025-06-29T04:22:00+08:00,2025-07-02T04:22:00+08:00,delivered,CNY,6641867.68,2149099.52,119553.62,成都,3,2025-07-27T04:22:00+08:00
SO-202508-000795,CUS-0015,C,2025-08-11T02:44:00+08:00,2025-08-16T14:44:00+08:00,delivered,CNY,279508.53,126501.64,2236.07,上海,1,2025-08-28T02:44:00+08:00
SO-202510-000796,CUS-0078,B,2025-10-27T04:50:00+08:00,2025-10-30T04:50:00+08:00,delivered,CNY,1774723.52,483057.55,31945.02,武汉,3,2025-12-11T04:50:00+08:00
SO-202605-000797,CUS-0044,B,2026-05-17T04:51:00+08:00,2026-05-20T16:51:00+08:00,delivered,CNY,2846383.83,1069724.74,51234.91,宁波,4,2026-06-09T04:51:00+08:00
SO-202604-000798,CUS-0005,A,2026-04-16T02:53:00+08:00,2026-04-17T14:53:00+08:00,delivered,CNY,4445.19,1755.09,155.58,青岛,1,2026-04-30T02:53:00+08:00
SO-202508-000799,CUS-0088,A,2025-08-29T07:20:00+08:00,2025-09-01T07:20:00+08:00,delivered,CNY,6037675.43,2165972.78,211318.64,武汉,5,2025-08-30T07:20:00+08:00
SO-202512-000800,CUS-0057,C,2025-12-28T01:58:00+08:00,2026-01-02T13:58:00+08:00,delivered,CNY,5959393.41,2198216.39,47675.15,成都,5,2026-02-08T01:58:00+08:00
SO-202602-000801,CUS-0105,C,2026-02-14T04:01:00+08:00,2026-02-19T16:01:00+08:00,at_risk,CNY,4486806.15,1460090.81,35894.45,成都,4,2026-03-29T04:01:00+08:00
SO-202605-000802,CUS-0094,C,2026-05-28T11:19:00+08:00,2026-06-02T23:19:00+08:00,shipped,CNY,172647.19,73879.84,1381.18,宁波,1,2026-06-15T08:00:00+08:00
SO-202604-000803,CUS-0093,A,2026-04-06T18:56:00+08:00,2026-04-09T06:56:00+08:00,cancelled,CNY,812179.68,369539.79,28426.29,武汉,1,2026-05-18T18:56:00+08:00
SO-202509-000804,CUS-0078,B,2025-09-09T06:54:00+08:00,2025-09-12T18:54:00+08:00,shipped,CNY,1304059.05,336686.99,23473.06,武汉,2,2025-10-02T06:54:00+08:00
SO-202604-000805,CUS-0086,B,2026-04-07T06:39:00+08:00,2026-04-10T18:39:00+08:00,overdue,CNY,3123767.85,1126112.97,56227.82,青岛,1,2026-05-12T06:39:00+08:00
SO-202511-000806,CUS-0098,C,2025-11-07T20:19:00+08:00,2025-11-13T08:19:00+08:00,delivered,CNY,1079200.88,404139.05,8633.61,青岛,3,2025-12-10T20:19:00+08:00
SO-202506-000807,CUS-0012,C,2025-06-25T17:26:00+08:00,2025-07-01T17:26:00+08:00,cancelled,CNY,163623.76,55421.96,1308.99,宁波,1,2025-07-11T17:26:00+08:00
SO-202605-000808,CUS-0096,C,2026-05-11T23:28:00+08:00,2026-05-18T23:28:00+08:00,cancelled,CNY,3395823.18,1218339.12,27166.59,苏州,3,2026-05-20T23:28:00+08:00
SO-202605-000809,CUS-0005,A,2026-05-17T18:06:00+08:00,2026-05-19T18:06:00+08:00,delivered,CNY,9720011.71,4361606.72,340200.41,青岛,5,2026-06-15T08:00:00+08:00
SO-202512-000810,CUS-0090,B,2025-12-14T05:36:00+08:00,2025-12-17T05:36:00+08:00,shipped,CNY,3564266.72,1415552.21,64156.8,天津,2,2026-01-08T05:36:00+08:00
SO-202511-000811,CUS-0072,B,2025-11-29T07:36:00+08:00,2025-12-02T19:36:00+08:00,delivered,CNY,907617.6,330831.84,16337.12,天津,2,2025-12-06T07:36:00+08:00
SO-202507-000812,CUS-0013,B,2025-07-27T08:28:00+08:00,2025-07-30T08:28:00+08:00,confirmed,CNY,1466505.25,449582.8,26397.09,成都,4,2025-08-11T08:28:00+08:00
SO-202512-000813,CUS-0050,B,2025-12-12T23:03:00+08:00,2025-12-16T23:03:00+08:00,shipped,CNY,5902690.62,2064126.42,106248.43,上海,3,2026-01-09T23:03:00+08:00
SO-202606-000814,CUS-0096,C,2026-06-05T17:25:00+08:00,2026-06-10T05:25:00+08:00,delivered,CNY,3993771.95,1755097.03,31950.18,苏州,2,2026-06-15T08:00:00+08:00
SO-202511-000815,CUS-0068,A,2025-11-17T18:58:00+08:00,2025-11-20T18:58:00+08:00,shipped,CNY,5272577.43,2265404.01,184540.21,成都,5,2025-12-20T18:58:00+08:00
SO-202507-000816,CUS-0087,B,2025-07-22T16:58:00+08:00,2025-07-26T16:58:00+08:00,cancelled,CNY,6368633.64,2500875.61,114635.41,天津,2,2025-08-13T16:58:00+08:00
SO-202511-000817,CUS-0100,B,2025-11-19T11:33:00+08:00,2025-11-24T11:33:00+08:00,overdue,CNY,2311296.98,739517.26,41603.35,成都,4,2025-12-15T11:33:00+08:00
SO-202508-000818,CUS-0095,B,2025-08-17T08:30:00+08:00,2025-08-20T20:30:00+08:00,delivered,CNY,3164983.12,833583.78,56969.7,苏州,3,2025-09-24T08:30:00+08:00
SO-202601-000819,CUS-0010,B,2026-01-21T21:47:00+08:00,2026-01-25T21:47:00+08:00,confirmed,CNY,1001088.85,308726.8,18019.6,合肥,3,2026-02-26T21:47:00+08:00
SO-202605-000820,CUS-0085,B,2026-05-13T08:30:00+08:00,2026-05-16T08:30:00+08:00,at_risk,CNY,9479760.71,3352841.8,170635.69,青岛,5,2026-06-10T08:30:00+08:00
SO-202508-000821,CUS-0061,B,2025-08-02T20:28:00+08:00,2025-08-06T20:28:00+08:00,confirmed,CNY,1831155.88,683412.74,32960.81,上海,2,2025-08-14T20:28:00+08:00
SO-202511-000822,CUS-0111,C,2025-11-14T10:46:00+08:00,2025-11-19T22:46:00+08:00,delivered,CNY,4179044.56,1018703.37,33432.36,上海,4,2025-12-28T10:46:00+08:00
SO-202606-000823,CUS-0046,B,2026-06-06T12:58:00+08:00,2026-06-10T00:58:00+08:00,delivered,CNY,937683.3,239878.68,16878.3,青岛,2,2026-06-15T08:00:00+08:00
SO-202601-000824,CUS-0001,C,2026-01-03T06:18:00+08:00,2026-01-10T06:18:00+08:00,at_risk,CNY,3617315.66,1472422.07,28938.53,苏州,4,2026-01-17T06:18:00+08:00
SO-202601-000825,CUS-0010,B,2026-01-25T17:20:00+08:00,2026-01-28T05:20:00+08:00,delivered,CNY,3179472.15,978708.28,57230.5,合肥,2,2026-02-03T17:20:00+08:00
SO-202604-000826,CUS-0005,A,2026-04-28T10:57:00+08:00,2026-04-30T22:57:00+08:00,delivered,CNY,6347378.26,2395712.65,222158.24,青岛,5,2026-05-06T10:57:00+08:00
SO-202507-000827,CUS-0089,B,2025-07-16T08:52:00+08:00,2025-07-20T08:52:00+08:00,delivered,CNY,3900464.26,1278219.51,70208.36,宁波,2,2025-08-07T08:52:00+08:00
SO-202602-000828,CUS-0091,A,2026-02-19T14:37:00+08:00,2026-02-22T02:37:00+08:00,at_risk,CNY,1551939.85,729920.01,54317.89,上海,3,2026-04-01T14:37:00+08:00
SO-202512-000829,CUS-0036,B,2025-12-28T22:58:00+08:00,2026-01-01T22:58:00+08:00,at_risk,CNY,4096997.9,1206842.37,73745.96,成都,3,2026-02-01T22:58:00+08:00
SO-202508-000830,CUS-0054,C,2025-08-09T07:15:00+08:00,2025-08-16T07:15:00+08:00,confirmed,CNY,981002.87,330603.44,7848.02,青岛,3,2025-09-15T07:15:00+08:00
SO-202507-000831,CUS-0048,A,2025-07-31T12:20:00+08:00,2025-08-02T00:20:00+08:00,at_risk,CNY,12349841.64,4838881.35,432244.46,上海,5,2025-09-05T12:20:00+08:00
SO-202603-000832,CUS-0035,C,2026-03-30T03:19:00+08:00,2026-04-06T03:19:00+08:00,confirmed,CNY,3011713.71,1042250.6,24093.71,武汉,4,2026-04-19T03:19:00+08:00
SO-202510-000833,CUS-0106,A,2025-10-16T23:17:00+08:00,2025-10-18T11:17:00+08:00,confirmed,CNY,1574271.95,593527.31,55099.52,天津,1,2025-11-01T23:17:00+08:00
SO-202506-000834,CUS-0118,C,2025-06-29T03:31:00+08:00,2025-07-03T15:31:00+08:00,at_risk,CNY,5932744.83,2320143.27,47461.96,上海,5,2025-08-07T03:31:00+08:00
SO-202603-000835,CUS-0066,A,2026-03-07T09:26:00+08:00,2026-03-09T21:26:00+08:00,delivered,CNY,3280900.23,1229651.73,114831.51,青岛,3,2026-03-31T09:26:00+08:00
SO-202508-000836,CUS-0039,B,2025-08-06T09:11:00+08:00,2025-08-10T09:11:00+08:00,confirmed,CNY,13450889.89,4994831.5,242116.02,武汉,5,2025-08-17T09:11:00+08:00
SO-202510-000837,CUS-0050,B,2025-10-17T23:59:00+08:00,2025-10-21T11:59:00+08:00,confirmed,CNY,127907.95,33813.22,2302.34,上海,1,2025-11-16T23:59:00+08:00
SO-202508-000838,CUS-0033,B,2025-08-01T16:02:00+08:00,2025-08-04T04:02:00+08:00,at_risk,CNY,6834677.36,2732350.56,123024.19,青岛,5,2025-08-29T16:02:00+08:00
SO-202506-000839,CUS-0050,B,2025-06-25T03:54:00+08:00,2025-06-28T03:54:00+08:00,delivered,CNY,2017050.95,802502.65,36306.92,上海,3,2025-07-18T03:54:00+08:00
SO-202601-000840,CUS-0083,B,2026-01-22T17:03:00+08:00,2026-01-27T17:03:00+08:00,confirmed,CNY,9109.69,3268.69,163.97,苏州,1,2026-02-09T17:03:00+08:00
SO-202512-000841,CUS-0007,B,2025-12-01T20:45:00+08:00,2025-12-04T20:45:00+08:00,delivered,CNY,652298.28,185464.48,11741.37,武汉,4,2026-01-06T20:45:00+08:00
SO-202512-000842,CUS-0062,B,2025-12-30T13:00:00+08:00,2026-01-02T01:00:00+08:00,confirmed,CNY,15417296.63,5152612.65,277511.34,苏州,3,2025-12-30T13:00:00+08:00
SO-202509-000843,CUS-0052,C,2025-09-30T05:43:00+08:00,2025-10-07T05:43:00+08:00,confirmed,CNY,1176743.85,321790.89,9413.95,上海,3,2025-11-03T05:43:00+08:00
SO-202507-000844,CUS-0086,B,2025-07-05T22:41:00+08:00,2025-07-09T10:41:00+08:00,delivered,CNY,3817601.21,1615949.84,68716.82,青岛,3,2025-07-15T22:41:00+08:00
SO-202605-000845,CUS-0047,B,2026-05-12T20:47:00+08:00,2026-05-15T20:47:00+08:00,delivered,CNY,1563834.95,600847.02,28149.03,东莞,2,2026-06-02T20:47:00+08:00
SO-202602-000846,CUS-0016,C,2026-02-25T19:22:00+08:00,2026-03-02T19:22:00+08:00,confirmed,CNY,4066272.43,1681007.77,32530.18,杭州,3,2026-04-01T19:22:00+08:00
SO-202512-000847,CUS-0076,B,2025-12-24T03:53:00+08:00,2025-12-28T03:53:00+08:00,at_risk,CNY,6652845.01,2338178.3,119751.21,杭州,5,2026-01-21T03:53:00+08:00
SO-202511-000848,CUS-0116,C,2025-11-06T09:33:00+08:00,2025-11-12T09:33:00+08:00,delivered,CNY,2616097.39,808863.66,20928.78,合肥,5,2025-12-04T09:33:00+08:00
SO-202603-000849,CUS-0014,C,2026-03-21T10:28:00+08:00,2026-03-27T10:28:00+08:00,delivered,CNY,3516936.11,969713.14,28135.49,东莞,4,2026-04-22T10:28:00+08:00
SO-202601-000850,CUS-0018,B,2026-01-22T21:45:00+08:00,2026-01-25T21:45:00+08:00,confirmed,CNY,1434179.93,376582.45,25815.24,宁波,3,2026-01-26T21:45:00+08:00
SO-202506-000851,CUS-0019,B,2025-06-16T02:49:00+08:00,2025-06-20T02:49:00+08:00,at_risk,CNY,4472000.13,1792844.08,80496.0,合肥,5,2025-07-09T02:49:00+08:00
SO-202507-000852,CUS-0095,B,2025-07-25T17:50:00+08:00,2025-07-28T05:50:00+08:00,delivered,CNY,13264550.67,4336566.45,238761.91,苏州,5,2025-08-08T17:50:00+08:00
SO-202605-000853,CUS-0024,B,2026-05-09T12:17:00+08:00,2026-05-12T00:17:00+08:00,confirmed,CNY,651824.92,249852.84,11732.85,合肥,2,2026-06-15T08:00:00+08:00
SO-202603-000854,CUS-0106,A,2026-03-21T02:24:00+08:00,2026-03-23T14:24:00+08:00,shipped,CNY,10123464.78,3924880.8,354321.27,天津,5,2026-04-11T02:24:00+08:00
SO-202507-000855,CUS-0078,B,2025-07-07T19:27:00+08:00,2025-07-10T07:27:00+08:00,confirmed,CNY,1096846.19,302329.67,19743.23,武汉,3,2025-07-08T19:27:00+08:00
SO-202604-000856,CUS-0077,B,2026-04-03T06:41:00+08:00,2026-04-08T06:41:00+08:00,delivered,CNY,4499576.54,1769519.34,80992.38,东莞,3,2026-04-23T06:41:00+08:00
SO-202601-000857,CUS-0060,B,2026-01-19T08:58:00+08:00,2026-01-22T08:58:00+08:00,at_risk,CNY,2941911.0,1050859.14,52954.4,上海,4,2026-02-06T08:58:00+08:00
SO-202512-000858,CUS-0057,C,2025-12-01T03:23:00+08:00,2025-12-06T15:23:00+08:00,delivered,CNY,8672097.54,3208571.56,69376.78,成都,5,2025-12-10T03:23:00+08:00
SO-202601-000859,CUS-0013,B,2026-01-03T17:09:00+08:00,2026-01-08T17:09:00+08:00,shipped,CNY,2054890.98,781099.15,36988.04,成都,2,2026-01-25T17:09:00+08:00
SO-202601-000860,CUS-0021,B,2026-01-07T16:59:00+08:00,2026-01-11T04:59:00+08:00,delivered,CNY,6298571.69,2563815.84,113374.29,成都,5,2026-01-24T16:59:00+08:00
SO-202510-000861,CUS-0014,C,2025-10-31T12:42:00+08:00,2025-11-06T12:42:00+08:00,delivered,CNY,876627.13,358237.24,7013.02,东莞,2,2025-11-20T12:42:00+08:00
SO-202510-000862,CUS-0100,B,2025-10-05T14:16:00+08:00,2025-10-08T14:16:00+08:00,delivered,CNY,831167.69,382345.16,14961.02,成都,2,2025-10-07T14:16:00+08:00
SO-202512-000863,CUS-0068,A,2025-12-01T16:51:00+08:00,2025-12-03T16:51:00+08:00,overdue,CNY,8163643.96,3147085.76,285727.54,成都,4,2025-12-14T16:51:00+08:00
SO-202602-000864,CUS-0116,C,2026-02-15T01:23:00+08:00,2026-02-19T13:23:00+08:00,at_risk,CNY,2251529.96,943965.87,18012.24,合肥,2,2026-03-18T01:23:00+08:00
SO-202601-000865,CUS-0092,B,2026-01-16T08:13:00+08:00,2026-01-19T20:13:00+08:00,cancelled,CNY,3707207.87,1273073.35,66729.74,苏州,2,2026-01-19T08:13:00+08:00
SO-202510-000866,CUS-0092,B,2025-10-30T23:12:00+08:00,2025-11-02T11:12:00+08:00,delivered,CNY,4719000.07,1959436.27,84942.0,苏州,5,2025-11-17T23:12:00+08:00
SO-202509-000867,CUS-0101,C,2025-09-28T11:59:00+08:00,2025-10-02T23:59:00+08:00,at_risk,CNY,11476120.47,3655344.24,91808.96,武汉,5,2025-10-16T11:59:00+08:00
SO-202512-000868,CUS-0099,B,2025-12-15T04:03:00+08:00,2025-12-17T16:03:00+08:00,cancelled,CNY,511615.51,208750.78,9209.08,武汉,3,2025-12-16T04:03:00+08:00
SO-202602-000869,CUS-0096,C,2026-02-04T14:25:00+08:00,2026-02-10T02:25:00+08:00,confirmed,CNY,5711626.18,2074995.35,45693.01,苏州,5,2026-02-22T14:25:00+08:00
SO-202511-000870,CUS-0064,C,2025-11-06T19:34:00+08:00,2025-11-11T19:34:00+08:00,overdue,CNY,6480279.12,2390383.32,51842.23,东莞,5,2025-12-08T19:34:00+08:00
SO-202507-000871,CUS-0088,A,2025-07-21T01:43:00+08:00,2025-07-24T01:43:00+08:00,delivered,CNY,5277423.08,2196109.64,184709.81,武汉,2,2025-08-16T01:43:00+08:00
SO-202511-000872,CUS-0091,A,2025-11-06T12:55:00+08:00,2025-11-08T12:55:00+08:00,confirmed,CNY,4100682.62,1561926.69,143523.89,上海,5,2025-11-30T12:55:00+08:00
SO-202606-000873,CUS-0059,C,2026-06-03T20:45:00+08:00,2026-06-09T20:45:00+08:00,delivered,CNY,359250.98,140377.06,2874.01,天津,2,2026-06-15T08:00:00+08:00
SO-202603-000874,CUS-0030,B,2026-03-16T04:15:00+08:00,2026-03-19T16:15:00+08:00,confirmed,CNY,422179.46,165086.91,7599.23,上海,1,2026-04-23T04:15:00+08:00
SO-202511-000875,CUS-0113,B,2025-11-03T23:22:00+08:00,2025-11-08T23:22:00+08:00,delivered,CNY,8990221.23,3530782.02,161823.98,天津,4,2025-11-07T23:22:00+08:00
SO-202509-000876,CUS-0019,B,2025-09-11T08:51:00+08:00,2025-09-15T08:51:00+08:00,delivered,CNY,2147676.16,846416.95,38658.17,合肥,2,2025-10-25T08:51:00+08:00
SO-202606-000877,CUS-0072,B,2026-06-02T19:05:00+08:00,2026-06-07T19:05:00+08:00,shipped,CNY,2657233.15,1081722.46,47830.2,天津,1,2026-06-15T08:00:00+08:00
SO-202512-000878,CUS-0066,A,2025-12-09T10:28:00+08:00,2025-12-10T22:28:00+08:00,delivered,CNY,4259981.6,1409412.32,149099.36,青岛,1,2025-12-17T10:28:00+08:00
SO-202605-000879,CUS-0049,C,2026-05-29T13:57:00+08:00,2026-06-03T13:57:00+08:00,shipped,CNY,4558434.11,1615102.35,36467.47,东莞,3,2026-06-15T08:00:00+08:00
SO-202508-000880,CUS-0014,C,2025-08-17T10:39:00+08:00,2025-08-23T10:39:00+08:00,shipped,CNY,805873.78,281888.18,6446.99,东莞,2,2025-08-20T10:39:00+08:00
SO-202510-000881,CUS-0113,B,2025-10-26T23:33:00+08:00,2025-10-30T11:33:00+08:00,confirmed,CNY,1077856.86,303465.23,19401.42,天津,4,2025-11-04T23:33:00+08:00
SO-202602-000882,CUS-0051,C,2026-02-27T02:47:00+08:00,2026-03-05T02:47:00+08:00,shipped,CNY,2331556.0,739329.73,18652.45,武汉,3,2026-03-21T02:47:00+08:00
SO-202603-000883,CUS-0036,B,2026-03-08T12:25:00+08:00,2026-03-12T00:25:00+08:00,delivered,CNY,1569565.06,330547.86,28252.17,成都,2,2026-04-17T12:25:00+08:00
SO-202601-000884,CUS-0117,C,2026-01-23T20:03:00+08:00,2026-01-28T08:03:00+08:00,at_risk,CNY,9287398.63,3500047.23,74299.19,苏州,5,2026-01-24T20:03:00+08:00
SO-202601-000885,CUS-0095,B,2026-01-30T17:28:00+08:00,2026-02-03T17:28:00+08:00,delivered,CNY,6619280.88,2486713.92,119147.06,苏州,4,2026-02-04T17:28:00+08:00
SO-202602-000886,CUS-0032,A,2026-02-17T13:42:00+08:00,2026-02-21T13:42:00+08:00,at_risk,CNY,5877035.43,2122583.14,205696.24,苏州,4,2026-02-24T13:42:00+08:00
SO-202511-000887,CUS-0078,B,2025-11-13T06:38:00+08:00,2025-11-15T18:38:00+08:00,delivered,CNY,1612988.49,351759.24,29033.79,武汉,2,2025-12-06T06:38:00+08:00
SO-202509-000888,CUS-0033,B,2025-09-19T13:14:00+08:00,2025-09-22T01:14:00+08:00,shipped,CNY,1940203.6,834675.98,34923.66,青岛,3,2025-10-04T13:14:00+08:00
SO-202603-000889,CUS-0009,C,2026-03-27T22:41:00+08:00,2026-04-01T10:41:00+08:00,delivered,CNY,3795220.56,1769992.62,30361.76,东莞,5,2026-04-05T22:41:00+08:00
SO-202507-000890,CUS-0046,B,2025-07-29T18:13:00+08:00,2025-08-02T18:13:00+08:00,at_risk,CNY,4962856.09,2183391.13,89331.41,青岛,1,2025-08-28T18:13:00+08:00
SO-202604-000891,CUS-0119,B,2026-04-17T04:25:00+08:00,2026-04-20T16:25:00+08:00,at_risk,CNY,4384644.99,2048782.46,78923.61,苏州,4,2026-05-13T04:25:00+08:00
SO-202602-000892,CUS-0078,B,2026-02-28T02:16:00+08:00,2026-03-05T02:16:00+08:00,delivered,CNY,344742.03,142628.63,6205.36,武汉,2,2026-03-24T02:16:00+08:00
SO-202509-000893,CUS-0039,B,2025-09-29T20:46:00+08:00,2025-10-04T20:46:00+08:00,at_risk,CNY,743799.72,285852.64,13388.39,武汉,3,2025-10-27T20:46:00+08:00
SO-202512-000894,CUS-0005,A,2025-12-23T20:32:00+08:00,2025-12-25T08:32:00+08:00,delivered,CNY,5220651.81,1916048.38,182722.81,青岛,4,2026-01-04T20:32:00+08:00
SO-202606-000895,CUS-0013,B,2026-06-03T01:19:00+08:00,2026-06-06T13:19:00+08:00,delivered,CNY,2020543.58,594019.77,36369.78,成都,3,2026-06-15T08:00:00+08:00
SO-202512-000896,CUS-0023,A,2025-12-19T01:09:00+08:00,2025-12-21T13:09:00+08:00,delivered,CNY,713067.98,299968.52,24957.38,青岛,3,2026-01-29T01:09:00+08:00
SO-202508-000897,CUS-0037,C,2025-08-10T03:41:00+08:00,2025-08-14T15:41:00+08:00,delivered,CNY,428708.48,112056.24,3429.67,杭州,2,2025-08-19T03:41:00+08:00
SO-202511-000898,CUS-0030,B,2025-11-04T08:25:00+08:00,2025-11-07T20:25:00+08:00,delivered,CNY,1075363.0,478828.09,19356.53,上海,2,2025-12-01T08:25:00+08:00
SO-202603-000899,CUS-0014,C,2026-03-18T13:40:00+08:00,2026-03-25T13:40:00+08:00,shipped,CNY,4380720.81,1650195.45,35045.77,东莞,2,2026-05-02T13:40:00+08:00
SO-202511-000900,CUS-0053,B,2025-11-20T14:29:00+08:00,2025-11-23T02:29:00+08:00,confirmed,CNY,7207182.27,2367433.55,129729.28,成都,4,2025-11-27T14:29:00+08:00
SO-202510-000901,CUS-0075,C,2025-10-05T00:52:00+08:00,2025-10-10T12:52:00+08:00,confirmed,CNY,7216744.94,1987821.47,57733.96,成都,4,2025-10-24T00:52:00+08:00
SO-202605-000902,CUS-0106,A,2026-05-12T03:07:00+08:00,2026-05-13T15:07:00+08:00,confirmed,CNY,4559087.87,1426128.09,159568.08,天津,2,2026-06-15T08:00:00+08:00
SO-202605-000903,CUS-0118,C,2026-05-04T03:15:00+08:00,2026-05-09T15:15:00+08:00,shipped,CNY,3295815.95,1294841.01,26366.53,上海,5,2026-05-10T03:15:00+08:00
SO-202507-000904,CUS-0024,B,2025-07-23T10:36:00+08:00,2025-07-25T22:36:00+08:00,shipped,CNY,6040686.93,2118184.23,108732.36,合肥,4,2025-08-13T10:36:00+08:00
SO-202604-000905,CUS-0021,B,2026-04-29T09:12:00+08:00,2026-05-04T09:12:00+08:00,cancelled,CNY,185022.86,68468.4,3330.41,成都,2,2026-05-26T09:12:00+08:00
SO-202507-000906,CUS-0066,A,2025-07-30T03:32:00+08:00,2025-08-03T03:32:00+08:00,delivered,CNY,5399044.87,1897160.62,188966.57,青岛,4,2025-08-11T03:32:00+08:00
SO-202507-000907,CUS-0056,B,2025-07-15T04:30:00+08:00,2025-07-18T04:30:00+08:00,confirmed,CNY,9928543.88,3142690.86,178713.79,成都,3,2025-07-22T04:30:00+08:00
SO-202603-000908,CUS-0087,B,2026-03-20T07:51:00+08:00,2026-03-25T07:51:00+08:00,delivered,CNY,6233640.63,2559567.04,112205.53,天津,3,2026-04-13T07:51:00+08:00
SO-202605-000909,CUS-0054,C,2026-05-19T09:08:00+08:00,2026-05-25T09:08:00+08:00,shipped,CNY,2803294.93,1109914.95,22426.36,青岛,2,2026-06-15T08:00:00+08:00
SO-202511-000910,CUS-0083,B,2025-11-13T02:07:00+08:00,2025-11-16T02:07:00+08:00,delivered,CNY,2135218.89,467717.49,38433.94,苏州,1,2025-12-25T02:07:00+08:00
SO-202507-000911,CUS-0042,A,2025-07-10T23:14:00+08:00,2025-07-12T11:14:00+08:00,cancelled,CNY,2635966.68,514783.36,92258.83,东莞,2,2025-08-01T23:14:00+08:00
SO-202508-000912,CUS-0070,A,2025-08-14T09:17:00+08:00,2025-08-17T09:17:00+08:00,confirmed,CNY,2996459.76,993361.64,104876.09,苏州,4,2025-09-06T09:17:00+08:00
SO-202506-000913,CUS-0066,A,2025-06-16T10:40:00+08:00,2025-06-18T10:40:00+08:00,confirmed,CNY,3389148.4,746423.82,118620.19,青岛,2,2025-07-29T10:40:00+08:00
SO-202511-000914,CUS-0001,C,2025-11-25T04:45:00+08:00,2025-12-01T04:45:00+08:00,delivered,CNY,7350198.95,3227767.92,58801.59,苏州,4,2025-12-16T04:45:00+08:00
SO-202511-000915,CUS-0092,B,2025-11-18T08:48:00+08:00,2025-11-23T08:48:00+08:00,overdue,CNY,2154584.26,1011729.04,38782.52,苏州,1,2025-12-11T08:48:00+08:00
SO-202605-000916,CUS-0070,A,2026-05-18T07:53:00+08:00,2026-05-20T19:53:00+08:00,confirmed,CNY,1816830.8,683326.31,63589.08,苏州,5,2026-05-31T07:53:00+08:00
SO-202507-000917,CUS-0104,C,2025-07-10T09:09:00+08:00,2025-07-15T21:09:00+08:00,shipped,CNY,3934683.29,1766074.88,31477.47,武汉,1,2025-07-20T09:09:00+08:00
SO-202506-000918,CUS-0069,A,2025-06-21T15:51:00+08:00,2025-06-23T15:51:00+08:00,confirmed,CNY,1127659.05,168635.33,39468.07,宁波,1,2025-07-21T15:51:00+08:00
SO-202510-000919,CUS-0105,C,2025-10-17T20:07:00+08:00,2025-10-23T20:07:00+08:00,delivered,CNY,4242511.97,1499466.09,33940.1,成都,4,2025-11-20T20:07:00+08:00
SO-202507-000920,CUS-0117,C,2025-07-05T01:06:00+08:00,2025-07-10T13:06:00+08:00,delivered,CNY,1734654.38,493848.86,13877.24,苏州,4,2025-07-25T01:06:00+08:00
SO-202509-000921,CUS-0062,B,2025-09-18T06:40:00+08:00,2025-09-21T18:40:00+08:00,confirmed,CNY,2986839.16,813990.04,53763.1,苏州,1,2025-10-12T06:40:00+08:00
SO-202603-000922,CUS-0089,B,2026-03-22T15:05:00+08:00,2026-03-26T15:05:00+08:00,delivered,CNY,1609011.45,680220.93,28962.21,宁波,3,2026-04-29T15:05:00+08:00
SO-202509-000923,CUS-0063,B,2025-09-13T13:25:00+08:00,2025-09-16T01:25:00+08:00,delivered,CNY,6134525.22,2210184.24,110421.45,杭州,4,2025-09-26T13:25:00+08:00
SO-202601-000924,CUS-0111,C,2026-01-08T17:48:00+08:00,2026-01-14T17:48:00+08:00,delivered,CNY,5123264.52,2185911.85,40986.12,上海,5,2026-02-14T17:48:00+08:00
SO-202604-000925,CUS-0001,C,2026-04-11T22:03:00+08:00,2026-04-18T22:03:00+08:00,delivered,CNY,6308284.49,2089027.61,50466.28,苏州,4,2026-05-02T22:03:00+08:00
SO-202512-000926,CUS-0081,B,2025-12-31T10:53:00+08:00,2026-01-05T10:53:00+08:00,delivered,CNY,2099478.41,687549.36,37790.61,天津,1,2026-02-09T10:53:00+08:00
SO-202602-000927,CUS-0032,A,2026-02-21T08:32:00+08:00,2026-02-23T08:32:00+08:00,shipped,CNY,2837949.37,977664.26,99328.23,苏州,3,2026-03-23T08:32:00+08:00
SO-202510-000928,CUS-0055,C,2025-10-16T09:36:00+08:00,2025-10-21T21:36:00+08:00,delivered,CNY,8050111.34,2299450.34,64400.89,上海,2,2025-11-03T09:36:00+08:00
SO-202510-000929,CUS-0001,C,2025-10-07T11:12:00+08:00,2025-10-14T11:12:00+08:00,delivered,CNY,2670929.13,1123379.85,21367.43,苏州,2,2025-10-07T11:12:00+08:00
SO-202509-000930,CUS-0069,A,2025-09-28T10:26:00+08:00,2025-09-30T10:26:00+08:00,overdue,CNY,7399290.34,2483223.67,258975.16,宁波,5,2025-10-05T10:26:00+08:00
SO-202512-000931,CUS-0068,A,2025-12-20T16:28:00+08:00,2025-12-24T16:28:00+08:00,shipped,CNY,6145773.7,2769326.06,215102.08,成都,3,2026-01-21T16:28:00+08:00
SO-202601-000932,CUS-0072,B,2026-01-21T19:56:00+08:00,2026-01-24T07:56:00+08:00,shipped,CNY,2915034.73,995449.0,52470.63,天津,3,2026-02-10T19:56:00+08:00
SO-202506-000933,CUS-0010,B,2025-06-27T09:03:00+08:00,2025-06-30T21:03:00+08:00,delivered,CNY,4082516.29,1376844.13,73485.29,合肥,2,2025-07-20T09:03:00+08:00
SO-202602-000934,CUS-0009,C,2026-02-17T04:03:00+08:00,2026-02-24T04:03:00+08:00,delivered,CNY,6137741.17,2442682.7,49101.93,东莞,3,2026-02-25T04:03:00+08:00
SO-202511-000935,CUS-0110,B,2025-11-20T06:17:00+08:00,2025-11-25T06:17:00+08:00,delivered,CNY,1754297.11,382347.25,31577.35,成都,5,2025-12-25T06:17:00+08:00
SO-202601-000936,CUS-0082,C,2026-01-19T11:27:00+08:00,2026-01-23T23:27:00+08:00,shipped,CNY,2034335.06,635928.81,16274.68,武汉,1,2026-02-12T11:27:00+08:00
SO-202603-000937,CUS-0052,C,2026-03-27T22:10:00+08:00,2026-04-03T22:10:00+08:00,confirmed,CNY,2042197.57,811112.51,16337.58,上海,2,2026-05-10T22:10:00+08:00
SO-202509-000938,CUS-0053,B,2025-09-26T01:17:00+08:00,2025-10-01T01:17:00+08:00,delivered,CNY,1161144.62,502035.43,20900.6,成都,3,2025-10-08T01:17:00+08:00
SO-202511-000939,CUS-0065,A,2025-11-27T02:34:00+08:00,2025-11-29T02:34:00+08:00,delivered,CNY,5553091.95,2069853.27,194358.22,宁波,5,2025-12-19T02:34:00+08:00
SO-202512-000940,CUS-0055,C,2025-12-23T12:03:00+08:00,2025-12-29T12:03:00+08:00,shipped,CNY,2848932.93,1082466.34,22791.46,上海,5,2026-01-03T12:03:00+08:00
SO-202509-000941,CUS-0005,A,2025-09-05T20:58:00+08:00,2025-09-09T20:58:00+08:00,delivered,CNY,2079605.88,570491.0,72786.21,青岛,1,2025-09-07T20:58:00+08:00
SO-202605-000942,CUS-0101,C,2026-05-25T21:57:00+08:00,2026-06-01T21:57:00+08:00,delivered,CNY,1601815.66,727002.6,12814.53,武汉,4,2026-06-15T08:00:00+08:00
SO-202606-000943,CUS-0048,A,2026-06-05T22:43:00+08:00,2026-06-08T22:43:00+08:00,cancelled,CNY,175809.25,58077.09,6153.32,上海,1,2026-06-15T08:00:00+08:00
SO-202602-000944,CUS-0033,B,2026-02-10T17:48:00+08:00,2026-02-13T05:48:00+08:00,confirmed,CNY,3770453.42,1079250.12,67868.16,青岛,2,2026-02-28T17:48:00+08:00
SO-202606-000945,CUS-0002,B,2026-06-08T06:18:00+08:00,2026-06-13T06:18:00+08:00,confirmed,CNY,5042405.36,2124907.67,90763.3,杭州,5,2026-06-15T08:00:00+08:00
SO-202604-000946,CUS-0061,B,2026-04-08T06:32:00+08:00,2026-04-13T06:32:00+08:00,delivered,CNY,549329.71,180160.95,9887.93,上海,2,2026-05-12T06:32:00+08:00
SO-202602-000947,CUS-0103,B,2026-02-02T08:33:00+08:00,2026-02-05T08:33:00+08:00,delivered,CNY,394575.48,167450.08,7102.36,宁波,1,2026-02-13T08:33:00+08:00
SO-202603-000948,CUS-0049,C,2026-03-15T03:27:00+08:00,2026-03-19T15:27:00+08:00,confirmed,CNY,3329906.73,1132631.15,26639.25,东莞,4,2026-04-08T03:27:00+08:00
SO-202512-000949,CUS-0040,C,2025-12-06T01:43:00+08:00,2025-12-13T01:43:00+08:00,overdue,CNY,4933688.74,1798786.04,39469.51,合肥,4,2026-01-14T01:43:00+08:00
SO-202602-000950,CUS-0011,C,2026-02-14T12:17:00+08:00,2026-02-20T00:17:00+08:00,delivered,CNY,3483912.09,1534594.13,27871.3,青岛,4,2026-03-01T12:17:00+08:00
SO-202602-000951,CUS-0048,A,2026-02-22T21:37:00+08:00,2026-02-24T09:37:00+08:00,delivered,CNY,3966024.25,1054386.08,138810.85,上海,4,2026-03-08T21:37:00+08:00
SO-202512-000952,CUS-0092,B,2025-12-15T00:54:00+08:00,2025-12-18T12:54:00+08:00,delivered,CNY,7457785.8,2008362.25,134240.14,苏州,5,2025-12-30T00:54:00+08:00
SO-202507-000953,CUS-0055,C,2025-07-07T20:59:00+08:00,2025-07-13T08:59:00+08:00,delivered,CNY,11131806.92,4473162.84,89054.46,上海,5,2025-07-18T20:59:00+08:00
SO-202512-000954,CUS-0074,C,2025-12-28T10:05:00+08:00,2026-01-01T22:05:00+08:00,cancelled,CNY,1533423.05,566054.06,12267.38,苏州,4,2026-01-13T10:05:00+08:00
SO-202508-000955,CUS-0019,B,2025-08-03T13:59:00+08:00,2025-08-07T01:59:00+08:00,delivered,CNY,4819875.56,1427554.34,86757.76,合肥,3,2025-08-31T13:59:00+08:00
SO-202602-000956,CUS-0031,C,2026-02-12T02:33:00+08:00,2026-02-17T14:33:00+08:00,delivered,CNY,61792.11,16353.86,494.34,青岛,1,2026-03-07T02:33:00+08:00
SO-202508-000957,CUS-0059,C,2025-08-14T10:47:00+08:00,2025-08-18T22:47:00+08:00,delivered,CNY,2518348.5,1102875.11,20146.79,天津,3,2025-08-23T10:47:00+08:00
SO-202508-000958,CUS-0001,C,2025-08-26T16:56:00+08:00,2025-09-01T16:56:00+08:00,shipped,CNY,2474944.37,984056.56,19799.55,苏州,4,2025-08-28T16:56:00+08:00
SO-202605-000959,CUS-0110,B,2026-05-27T19:09:00+08:00,2026-06-01T19:09:00+08:00,shipped,CNY,2894790.38,1029421.94,52106.23,成都,2,2026-05-30T19:09:00+08:00
SO-202605-000960,CUS-0096,C,2026-05-26T04:37:00+08:00,2026-05-31T04:37:00+08:00,confirmed,CNY,10638883.33,3845091.08,85111.07,苏州,5,2026-05-27T04:37:00+08:00
SO-202506-000961,CUS-0079,C,2025-06-18T02:41:00+08:00,2025-06-23T02:41:00+08:00,shipped,CNY,3705970.02,1496513.91,29647.76,东莞,4,2025-07-12T02:41:00+08:00
SO-202511-000962,CUS-0068,A,2025-11-19T22:55:00+08:00,2025-11-21T10:55:00+08:00,delivered,CNY,4434553.92,1332527.87,155209.39,成都,4,2025-11-20T22:55:00+08:00
SO-202509-000963,CUS-0081,B,2025-09-04T18:56:00+08:00,2025-09-07T18:56:00+08:00,delivered,CNY,8397576.38,3458708.62,151156.37,天津,4,2025-10-12T18:56:00+08:00
SO-202604-000964,CUS-0083,B,2026-04-19T02:40:00+08:00,2026-04-23T02:40:00+08:00,at_risk,CNY,2359993.39,762810.29,42479.88,苏州,5,2026-05-28T02:40:00+08:00
SO-202508-000965,CUS-0113,B,2025-08-01T08:15:00+08:00,2025-08-05T08:15:00+08:00,delivered,CNY,2468875.18,814621.73,44439.75,天津,3,2025-08-22T08:15:00+08:00
SO-202507-000966,CUS-0078,B,2025-07-28T21:20:00+08:00,2025-07-31T21:20:00+08:00,confirmed,CNY,82417.28,18326.42,1483.51,武汉,1,2025-07-30T21:20:00+08:00
SO-202604-000967,CUS-0040,C,2026-04-19T13:05:00+08:00,2026-04-25T13:05:00+08:00,delivered,CNY,1958281.59,654961.6,15666.25,合肥,2,2026-05-02T13:05:00+08:00
SO-202604-000968,CUS-0080,B,2026-04-15T01:46:00+08:00,2026-04-20T01:46:00+08:00,confirmed,CNY,111684.51,36541.23,2010.32,武汉,1,2026-04-20T01:46:00+08:00
SO-202605-000969,CUS-0117,C,2026-05-07T05:31:00+08:00,2026-05-12T17:31:00+08:00,delivered,CNY,3252962.74,988655.14,26023.7,苏州,2,2026-05-07T05:31:00+08:00
SO-202510-000970,CUS-0075,C,2025-10-07T21:03:00+08:00,2025-10-14T21:03:00+08:00,at_risk,CNY,2979144.94,1128044.37,23833.16,成都,4,2025-10-12T21:03:00+08:00
SO-202602-000971,CUS-0022,B,2026-02-01T16:38:00+08:00,2026-02-06T16:38:00+08:00,confirmed,CNY,2651432.27,1168373.64,47725.78,武汉,3,2026-02-05T16:38:00+08:00
SO-202511-000972,CUS-0017,C,2025-11-26T02:24:00+08:00,2025-12-02T02:24:00+08:00,overdue,CNY,743302.43,202865.47,5946.42,青岛,1,2025-11-27T02:24:00+08:00
SO-202512-000973,CUS-0078,B,2025-12-13T04:28:00+08:00,2025-12-16T16:28:00+08:00,confirmed,CNY,7359100.16,2091182.73,132463.8,武汉,5,2025-12-16T04:28:00+08:00
SO-202604-000974,CUS-0048,A,2026-04-27T20:07:00+08:00,2026-04-30T20:07:00+08:00,overdue,CNY,228059.24,89439.99,7982.07,上海,1,2026-05-14T20:07:00+08:00
SO-202509-000975,CUS-0037,C,2025-09-24T17:53:00+08:00,2025-09-29T17:53:00+08:00,confirmed,CNY,1235187.96,544046.38,9881.5,杭州,1,2025-09-28T17:53:00+08:00
SO-202602-000976,CUS-0016,C,2026-02-10T07:49:00+08:00,2026-02-16T07:49:00+08:00,delivered,CNY,4428695.07,1302064.81,35429.56,杭州,4,2026-03-21T07:49:00+08:00
SO-202508-000977,CUS-0098,C,2025-08-23T02:23:00+08:00,2025-08-28T02:23:00+08:00,confirmed,CNY,972077.85,260449.24,7776.62,青岛,3,2025-08-30T02:23:00+08:00
SO-202603-000978,CUS-0003,A,2026-03-17T22:36:00+08:00,2026-03-19T22:36:00+08:00,confirmed,CNY,729542.85,240469.72,25534.0,杭州,1,2026-04-24T22:36:00+08:00
SO-202509-000979,CUS-0088,A,2025-09-25T10:43:00+08:00,2025-09-29T10:43:00+08:00,delivered,CNY,1338598.78,473825.89,46850.96,武汉,3,2025-11-03T10:43:00+08:00
SO-202604-000980,CUS-0034,A,2026-04-25T05:14:00+08:00,2026-04-29T05:14:00+08:00,delivered,CNY,7492231.84,2414946.16,262228.11,天津,5,2026-05-04T05:14:00+08:00
SO-202601-000981,CUS-0117,C,2026-01-15T12:39:00+08:00,2026-01-21T00:39:00+08:00,confirmed,CNY,8048862.21,2899733.23,64390.9,苏州,5,2026-01-27T12:39:00+08:00
SO-202512-000982,CUS-0089,B,2025-12-29T09:55:00+08:00,2026-01-02T09:55:00+08:00,delivered,CNY,1241473.75,520249.75,22346.53,宁波,1,2026-01-31T09:55:00+08:00
SO-202508-000983,CUS-0114,B,2025-08-24T01:16:00+08:00,2025-08-26T13:16:00+08:00,confirmed,CNY,8293336.88,3327234.03,149280.06,苏州,4,2025-09-05T01:16:00+08:00
SO-202511-000984,CUS-0076,B,2025-11-17T21:07:00+08:00,2025-11-21T09:07:00+08:00,delivered,CNY,3646448.39,1276363.79,65636.07,杭州,5,2025-12-05T21:07:00+08:00
SO-202509-000985,CUS-0110,B,2025-09-14T11:30:00+08:00,2025-09-16T23:30:00+08:00,delivered,CNY,1854379.9,696160.48,33378.84,成都,3,2025-09-22T11:30:00+08:00
SO-202510-000986,CUS-0047,B,2025-10-09T10:38:00+08:00,2025-10-12T10:38:00+08:00,delivered,CNY,1922801.96,532439.44,34610.44,东莞,2,2025-11-11T10:38:00+08:00
SO-202508-000987,CUS-0038,C,2025-08-10T06:39:00+08:00,2025-08-15T06:39:00+08:00,delivered,CNY,1256216.98,544573.45,10049.74,宁波,4,2025-08-31T06:39:00+08:00
SO-202508-000988,CUS-0097,B,2025-08-20T10:30:00+08:00,2025-08-25T10:30:00+08:00,delivered,CNY,6819041.86,2307111.55,122742.75,杭州,4,2025-08-22T10:30:00+08:00
SO-202512-000989,CUS-0091,A,2025-12-18T18:38:00+08:00,2025-12-22T18:38:00+08:00,delivered,CNY,610713.27,298199.11,21374.96,上海,1,2026-01-22T18:38:00+08:00
SO-202605-000990,CUS-0090,B,2026-05-17T18:56:00+08:00,2026-05-22T18:56:00+08:00,shipped,CNY,3522564.6,1751719.16,63406.16,天津,1,2026-06-15T08:00:00+08:00
SO-202511-000991,CUS-0043,C,2025-11-25T12:23:00+08:00,2025-12-01T00:23:00+08:00,shipped,CNY,2360710.08,994268.08,18885.68,武汉,1,2025-11-29T12:23:00+08:00
SO-202512-000992,CUS-0118,C,2025-12-15T04:52:00+08:00,2025-12-20T04:52:00+08:00,shipped,CNY,1726841.79,740526.39,13814.73,上海,2,2025-12-29T04:52:00+08:00
SO-202509-000993,CUS-0068,A,2025-09-22T15:50:00+08:00,2025-09-26T15:50:00+08:00,delivered,CNY,899683.8,328247.42,31488.93,成都,1,2025-10-12T15:50:00+08:00
SO-202510-000994,CUS-0088,A,2025-10-16T13:33:00+08:00,2025-10-18T13:33:00+08:00,delivered,CNY,3176998.17,1291800.9,111194.94,武汉,3,2025-11-12T13:33:00+08:00
SO-202605-000995,CUS-0049,C,2026-05-10T14:11:00+08:00,2026-05-16T02:11:00+08:00,delivered,CNY,348849.82,90014.43,2790.8,东莞,2,2026-05-10T14:11:00+08:00
SO-202604-000996,CUS-0043,C,2026-04-27T13:22:00+08:00,2026-05-03T01:22:00+08:00,overdue,CNY,1803766.05,735496.15,14430.13,武汉,1,2026-05-09T13:22:00+08:00
SO-202512-000997,CUS-0025,B,2025-12-05T17:15:00+08:00,2025-12-08T05:15:00+08:00,delivered,CNY,1189382.25,486935.44,21408.88,东莞,3,2026-01-07T17:15:00+08:00
SO-202508-000998,CUS-0011,C,2025-08-18T21:16:00+08:00,2025-08-23T21:16:00+08:00,shipped,CNY,1039288.86,402572.22,8314.31,青岛,1,2025-09-20T21:16:00+08:00
SO-202510-000999,CUS-0106,A,2025-10-17T23:36:00+08:00,2025-10-20T11:36:00+08:00,confirmed,CNY,85660.11,38438.34,2998.1,天津,2,2025-10-18T23:36:00+08:00
SO-202602-001000,CUS-0019,B,2026-02-19T12:50:00+08:00,2026-02-23T00:50:00+08:00,delivered,CNY,6920904.39,2928447.67,124576.28,合肥,4,2026-02-27T12:50:00+08:00
SO-202510-001001,CUS-0043,C,2025-10-12T00:35:00+08:00,2025-10-17T12:35:00+08:00,confirmed,CNY,1298155.95,485859.71,10385.25,武汉,3,2025-11-18T00:35:00+08:00
SO-202512-001002,CUS-0075,C,2025-12-15T00:47:00+08:00,2025-12-21T00:47:00+08:00,delivered,CNY,1481264.53,600871.92,11850.12,成都,3,2025-12-19T00:47:00+08:00
SO-202509-001003,CUS-0019,B,2025-09-27T16:14:00+08:00,2025-10-02T16:14:00+08:00,at_risk,CNY,5743989.33,2450037.61,103391.81,合肥,4,2025-11-04T16:14:00+08:00
SO-202508-001004,CUS-0015,C,2025-08-06T08:51:00+08:00,2025-08-10T20:51:00+08:00,delivered,CNY,1510936.51,426281.51,12087.49,上海,1,2025-09-08T08:51:00+08:00
SO-202509-001005,CUS-0059,C,2025-09-28T12:46:00+08:00,2025-10-05T12:46:00+08:00,shipped,CNY,8301518.86,3903028.74,66412.15,天津,1,2025-10-30T12:46:00+08:00
SO-202603-001006,CUS-0105,C,2026-03-05T13:15:00+08:00,2026-03-11T01:15:00+08:00,delivered,CNY,5772893.01,2591809.33,46183.14,成都,4,2026-03-08T13:15:00+08:00
SO-202605-001007,CUS-0105,C,2026-05-21T10:30:00+08:00,2026-05-25T22:30:00+08:00,shipped,CNY,8144214.23,3366490.03,65153.71,成都,5,2026-06-15T08:00:00+08:00
SO-202605-001008,CUS-0120,B,2026-05-24T19:07:00+08:00,2026-05-28T07:07:00+08:00,delivered,CNY,9566035.07,3584880.65,172188.63,青岛,4,2026-05-28T19:07:00+08:00
SO-202510-001009,CUS-0027,B,2025-10-15T07:33:00+08:00,2025-10-17T19:33:00+08:00,at_risk,CNY,95313.62,38823.83,1715.65,合肥,2,2025-11-29T07:33:00+08:00
SO-202604-001010,CUS-0071,C,2026-04-27T04:20:00+08:00,2026-05-03T04:20:00+08:00,at_risk,CNY,2405941.57,1148771.75,19247.53,杭州,3,2026-06-01T04:20:00+08:00
SO-202508-001011,CUS-0102,A,2025-08-18T01:27:00+08:00,2025-08-20T01:27:00+08:00,confirmed,CNY,8054806.16,2298927.27,281918.22,青岛,5,2025-08-30T01:27:00+08:00
SO-202603-001012,CUS-0096,C,2026-03-10T03:59:00+08:00,2026-03-15T03:59:00+08:00,cancelled,CNY,1615635.76,645940.56,12925.09,苏州,2,2026-04-12T03:59:00+08:00
SO-202507-001013,CUS-0067,B,2025-07-25T00:59:00+08:00,2025-07-30T00:59:00+08:00,delivered,CNY,1324403.82,542676.05,23839.27,青岛,3,2025-08-07T00:59:00+08:00
SO-202604-001014,CUS-0107,B,2026-04-20T03:56:00+08:00,2026-04-23T15:56:00+08:00,confirmed,CNY,3648272.31,1160060.48,65668.9,成都,4,2026-04-25T03:56:00+08:00
SO-202604-001015,CUS-0068,A,2026-04-02T21:48:00+08:00,2026-04-04T21:48:00+08:00,delivered,CNY,3746012.64,1444292.4,131110.44,成都,2,2026-04-08T21:48:00+08:00
SO-202508-001016,CUS-0092,B,2025-08-17T11:57:00+08:00,2025-08-19T23:57:00+08:00,confirmed,CNY,11053605.19,4812183.57,198964.89,苏州,5,2025-08-22T11:57:00+08:00
SO-202508-001017,CUS-0117,C,2025-08-11T12:22:00+08:00,2025-08-17T00:22:00+08:00,confirmed,CNY,2164390.66,812700.37,17315.13,苏州,3,2025-09-15T12:22:00+08:00
SO-202507-001018,CUS-0098,C,2025-07-05T04:22:00+08:00,2025-07-10T16:22:00+08:00,delivered,CNY,3018281.29,756969.5,24146.25,青岛,3,2025-07-13T04:22:00+08:00
SO-202605-001019,CUS-0097,B,2026-05-17T09:24:00+08:00,2026-05-22T09:24:00+08:00,delivered,CNY,2088877.2,902981.79,37599.79,杭州,3,2026-06-11T09:24:00+08:00
SO-202602-001020,CUS-0013,B,2026-02-26T18:40:00+08:00,2026-03-02T06:40:00+08:00,delivered,CNY,4404084.21,1561498.73,79273.52,成都,5,2026-04-02T18:40:00+08:00
SO-202603-001021,CUS-0029,B,2026-03-14T07:31:00+08:00,2026-03-19T07:31:00+08:00,at_risk,CNY,1322196.34,503623.11,23799.53,武汉,4,2026-03-30T07:31:00+08:00
SO-202605-001022,CUS-0107,B,2026-05-20T14:11:00+08:00,2026-05-25T14:11:00+08:00,delivered,CNY,691410.08,265083.2,12445.38,成都,1,2026-06-12T14:11:00+08:00
SO-202605-001023,CUS-0034,A,2026-05-01T03:45:00+08:00,2026-05-03T15:45:00+08:00,shipped,CNY,2620535.17,1024257.15,91718.73,天津,4,2026-05-07T03:45:00+08:00
SO-202508-001024,CUS-0041,B,2025-08-23T03:04:00+08:00,2025-08-26T03:04:00+08:00,delivered,CNY,3094817.16,1397465.4,55706.71,成都,3,2025-08-29T03:04:00+08:00
SO-202602-001025,CUS-0081,B,2026-02-22T21:43:00+08:00,2026-02-25T09:43:00+08:00,delivered,CNY,609832.76,184070.84,10976.99,天津,1,2026-03-06T21:43:00+08:00
SO-202508-001026,CUS-0057,C,2025-08-24T18:37:00+08:00,2025-08-30T18:37:00+08:00,overdue,CNY,3005242.87,1370511.96,24041.94,成都,2,2025-10-01T18:37:00+08:00
SO-202605-001027,CUS-0041,B,2026-05-23T11:47:00+08:00,2026-05-25T23:47:00+08:00,delivered,CNY,29641.17,13179.05,533.54,成都,1,2026-05-24T11:47:00+08:00
SO-202604-001028,CUS-0025,B,2026-04-07T21:20:00+08:00,2026-04-10T09:20:00+08:00,delivered,CNY,7043188.07,3389349.12,126777.39,东莞,5,2026-05-21T21:20:00+08:00
SO-202511-001029,CUS-0008,A,2025-11-10T04:57:00+08:00,2025-11-13T04:57:00+08:00,shipped,CNY,2699920.3,1166866.57,94497.21,青岛,2,2025-12-23T04:57:00+08:00
SO-202511-001030,CUS-0037,C,2025-11-02T12:15:00+08:00,2025-11-07T12:15:00+08:00,delivered,CNY,10763953.29,4629860.92,86111.63,杭州,3,2025-11-16T12:15:00+08:00
SO-202606-001031,CUS-0076,B,2026-06-02T01:29:00+08:00,2026-06-07T01:29:00+08:00,delivered,CNY,2225669.25,860215.72,40062.05,杭州,3,2026-06-05T01:29:00+08:00
SO-202606-001032,CUS-0092,B,2026-06-01T09:44:00+08:00,2026-06-04T21:44:00+08:00,at_risk,CNY,5587009.87,2038512.19,100566.18,苏州,3,2026-06-15T08:00:00+08:00
SO-202605-001033,CUS-0076,B,2026-05-01T11:59:00+08:00,2026-05-03T23:59:00+08:00,delivered,CNY,3539862.93,825950.65,63717.53,杭州,3,2026-05-23T11:59:00+08:00
SO-202601-001034,CUS-0005,A,2026-01-05T13:15:00+08:00,2026-01-08T01:15:00+08:00,overdue,CNY,1381368.59,404257.55,48347.9,青岛,1,2026-01-11T13:15:00+08:00
SO-202605-001035,CUS-0113,B,2026-05-30T16:46:00+08:00,2026-06-04T16:46:00+08:00,delivered,CNY,8949317.29,2982569.81,161087.71,天津,5,2026-06-12T16:46:00+08:00
SO-202511-001036,CUS-0021,B,2025-11-08T08:23:00+08:00,2025-11-10T20:23:00+08:00,shipped,CNY,6600015.08,2559621.42,118800.27,成都,5,2025-12-08T08:23:00+08:00
SO-202511-001037,CUS-0018,B,2025-11-11T14:20:00+08:00,2025-11-15T02:20:00+08:00,delivered,CNY,5573413.72,2072676.6,100321.45,宁波,4,2025-12-16T14:20:00+08:00
SO-202606-001038,CUS-0120,B,2026-06-07T08:08:00+08:00,2026-06-11T08:08:00+08:00,delivered,CNY,1070159.78,423829.57,19262.88,青岛,4,2026-06-15T08:00:00+08:00
SO-202508-001039,CUS-0052,C,2025-08-08T00:30:00+08:00,2025-08-13T00:30:00+08:00,delivered,CNY,6382840.11,2449188.49,51062.72,上海,3,2025-08-29T00:30:00+08:00
SO-202508-001040,CUS-0017,C,2025-08-19T02:25:00+08:00,2025-08-23T14:25:00+08:00,confirmed,CNY,40373.8,17778.16,322.99,青岛,1,2025-09-25T02:25:00+08:00
SO-202606-001041,CUS-0031,C,2026-06-09T15:59:00+08:00,2026-06-15T15:59:00+08:00,at_risk,CNY,28651.17,12300.97,229.21,青岛,1,2026-06-15T08:00:00+08:00
SO-202512-001042,CUS-0011,C,2025-12-27T13:53:00+08:00,2026-01-02T13:53:00+08:00,overdue,CNY,50022.17,20176.89,400.18,青岛,1,2026-01-03T13:53:00+08:00
SO-202508-001043,CUS-0062,B,2025-08-15T00:37:00+08:00,2025-08-17T12:37:00+08:00,delivered,CNY,1541954.15,739544.09,27755.17,苏州,3,2025-09-24T00:37:00+08:00
SO-202506-001044,CUS-0082,C,2025-06-27T18:12:00+08:00,2025-07-03T06:12:00+08:00,delivered,CNY,5297807.64,1798428.12,42382.46,武汉,3,2025-07-13T18:12:00+08:00
SO-202604-001045,CUS-0085,B,2026-04-04T01:00:00+08:00,2026-04-09T01:00:00+08:00,delivered,CNY,5527840.31,2441322.83,99501.13,青岛,2,2026-04-14T01:00:00+08:00
SO-202601-001046,CUS-0052,C,2026-01-30T22:00:00+08:00,2026-02-04T22:00:00+08:00,delivered,CNY,327571.13,136904.93,2620.57,上海,2,2026-02-02T22:00:00+08:00
SO-202507-001047,CUS-0027,B,2025-07-26T02:07:00+08:00,2025-07-30T02:07:00+08:00,at_risk,CNY,306874.0,94632.88,5523.73,合肥,1,2025-08-29T02:07:00+08:00
SO-202601-001048,CUS-0110,B,2026-01-26T12:42:00+08:00,2026-01-31T12:42:00+08:00,delivered,CNY,7410720.2,3113710.55,133392.96,成都,3,2026-02-27T12:42:00+08:00
SO-202604-001049,CUS-0013,B,2026-04-08T08:57:00+08:00,2026-04-11T20:57:00+08:00,shipped,CNY,874632.81,298307.66,15743.39,成都,2,2026-05-23T08:57:00+08:00
SO-202508-001050,CUS-0025,B,2025-08-17T09:08:00+08:00,2025-08-22T09:08:00+08:00,confirmed,CNY,4419454.26,1878539.61,79550.18,东莞,3,2025-09-17T09:08:00+08:00
SO-202512-001051,CUS-0063,B,2025-12-20T14:31:00+08:00,2025-12-24T14:31:00+08:00,delivered,CNY,9406535.63,3450180.83,169317.64,杭州,4,2026-01-07T14:31:00+08:00
SO-202604-001052,CUS-0037,C,2026-04-11T16:49:00+08:00,2026-04-16T04:49:00+08:00,cancelled,CNY,2256325.12,582737.82,18050.6,杭州,2,2026-05-26T16:49:00+08:00
SO-202602-001053,CUS-0058,C,2026-02-01T22:12:00+08:00,2026-02-07T10:12:00+08:00,delivered,CNY,5727476.98,2630404.62,45819.82,苏州,3,2026-03-17T22:12:00+08:00
SO-202604-001054,CUS-0087,B,2026-04-14T06:40:00+08:00,2026-04-19T06:40:00+08:00,at_risk,CNY,4745050.33,1879090.43,85410.91,天津,4,2026-04-15T06:40:00+08:00
SO-202602-001055,CUS-0014,C,2026-02-19T12:01:00+08:00,2026-02-25T12:01:00+08:00,delivered,CNY,6645296.52,2308056.24,53162.37,东莞,5,2026-03-07T12:01:00+08:00
SO-202509-001056,CUS-0085,B,2025-09-20T18:28:00+08:00,2025-09-23T06:28:00+08:00,confirmed,CNY,6349120.93,2417281.93,114284.18,青岛,4,2025-10-18T18:28:00+08:00
SO-202604-001057,CUS-0080,B,2026-04-25T08:45:00+08:00,2026-04-28T20:45:00+08:00,cancelled,CNY,774908.36,197760.11,13948.35,武汉,2,2026-05-21T08:45:00+08:00
SO-202511-001058,CUS-0016,C,2025-11-07T22:51:00+08:00,2025-11-13T10:51:00+08:00,delivered,CNY,2603835.4,942987.51,20830.68,杭州,4,2025-11-21T22:51:00+08:00
SO-202510-001059,CUS-0068,A,2025-10-05T08:18:00+08:00,2025-10-07T20:18:00+08:00,confirmed,CNY,6333954.08,3069790.84,221688.39,成都,2,2025-10-26T08:18:00+08:00
SO-202604-001060,CUS-0063,B,2026-04-26T00:34:00+08:00,2026-04-29T12:34:00+08:00,confirmed,CNY,3126602.95,1408960.05,56278.85,杭州,3,2026-05-16T00:34:00+08:00
SO-202510-001061,CUS-0021,B,2025-10-20T05:38:00+08:00,2025-10-23T17:38:00+08:00,shipped,CNY,4029215.89,1579006.61,72525.89,成都,5,2025-11-29T05:38:00+08:00
SO-202602-001062,CUS-0015,C,2026-02-05T01:00:00+08:00,2026-02-11T01:00:00+08:00,confirmed,CNY,1550668.23,669508.87,12405.35,上海,2,2026-02-23T01:00:00+08:00
SO-202508-001063,CUS-0109,C,2025-08-23T18:52:00+08:00,2025-08-28T18:52:00+08:00,delivered,CNY,2617207.76,1005614.54,20937.66,东莞,2,2025-09-27T18:52:00+08:00
SO-202604-001064,CUS-0045,B,2026-04-26T13:35:00+08:00,2026-04-30T01:35:00+08:00,at_risk,CNY,175273.79,43158.55,3154.93,成都,2,2026-05-28T13:35:00+08:00
SO-202602-001065,CUS-0019,B,2026-02-25T01:29:00+08:00,2026-03-02T01:29:00+08:00,delivered,CNY,4803935.53,2117469.57,86470.84,合肥,2,2026-02-27T01:29:00+08:00
SO-202603-001066,CUS-0083,B,2026-03-08T20:33:00+08:00,2026-03-12T20:33:00+08:00,delivered,CNY,8932421.57,2368198.03,160783.59,苏州,5,2026-03-29T20:33:00+08:00
SO-202601-001067,CUS-0093,A,2026-01-21T09:46:00+08:00,2026-01-24T09:46:00+08:00,at_risk,CNY,108665.78,26115.18,3803.3,武汉,2,2026-03-02T09:46:00+08:00
SO-202510-001068,CUS-0085,B,2025-10-19T05:38:00+08:00,2025-10-22T05:38:00+08:00,delivered,CNY,554126.85,136000.26,9974.28,青岛,1,2025-12-03T05:38:00+08:00
SO-202512-001069,CUS-0016,C,2025-12-03T20:19:00+08:00,2025-12-08T20:19:00+08:00,delivered,CNY,1126462.54,353035.13,9011.7,杭州,5,2026-01-06T20:19:00+08:00
SO-202508-001070,CUS-0037,C,2025-08-25T01:00:00+08:00,2025-08-31T01:00:00+08:00,confirmed,CNY,84393.61,33556.81,675.15,杭州,1,2025-10-03T01:00:00+08:00
SO-202601-001071,CUS-0078,B,2026-01-28T02:30:00+08:00,2026-01-30T14:30:00+08:00,cancelled,CNY,2377879.25,1081580.32,42801.83,武汉,4,2026-03-10T02:30:00+08:00
SO-202508-001072,CUS-0032,A,2025-08-10T08:51:00+08:00,2025-08-13T08:51:00+08:00,confirmed,CNY,5403834.25,2396914.26,189134.2,苏州,4,2025-08-25T08:51:00+08:00
SO-202602-001073,CUS-0078,B,2026-02-21T23:52:00+08:00,2026-02-25T23:52:00+08:00,confirmed,CNY,6112958.55,2549987.46,110033.25,武汉,5,2026-03-14T23:52:00+08:00
SO-202511-001074,CUS-0016,C,2025-11-04T15:21:00+08:00,2025-11-09T15:21:00+08:00,confirmed,CNY,1397462.52,300123.52,11179.7,杭州,2,2025-11-25T15:21:00+08:00
SO-202511-001075,CUS-0069,A,2025-11-14T05:26:00+08:00,2025-11-15T17:26:00+08:00,confirmed,CNY,4578395.46,2110428.52,160243.84,宁波,4,2025-12-14T05:26:00+08:00
SO-202603-001076,CUS-0092,B,2026-03-01T00:44:00+08:00,2026-03-04T00:44:00+08:00,shipped,CNY,4903576.77,1666253.43,88264.38,苏州,5,2026-03-23T00:44:00+08:00
SO-202511-001077,CUS-0065,A,2025-11-16T19:54:00+08:00,2025-11-19T07:54:00+08:00,shipped,CNY,8611654.98,3219797.04,301407.92,宁波,3,2025-12-27T19:54:00+08:00
SO-202511-001078,CUS-0061,B,2025-11-20T08:57:00+08:00,2025-11-22T20:57:00+08:00,delivered,CNY,651620.77,269325.77,11729.17,上海,3,2025-12-10T08:57:00+08:00
SO-202512-001079,CUS-0042,A,2025-12-11T16:48:00+08:00,2025-12-13T16:48:00+08:00,shipped,CNY,248611.7,97709.44,8701.41,东莞,2,2026-01-07T16:48:00+08:00
SO-202604-001080,CUS-0059,C,2026-04-03T10:24:00+08:00,2026-04-09T10:24:00+08:00,delivered,CNY,7200024.55,2527359.97,57600.2,天津,5,2026-04-15T10:24:00+08:00
SO-202603-001081,CUS-0093,A,2026-03-26T13:59:00+08:00,2026-03-29T13:59:00+08:00,delivered,CNY,895865.4,216284.4,31355.29,武汉,1,2026-04-10T13:59:00+08:00
SO-202604-001082,CUS-0104,C,2026-04-30T00:03:00+08:00,2026-05-06T00:03:00+08:00,delivered,CNY,902042.39,418999.86,7216.34,武汉,2,2026-05-25T00:03:00+08:00
SO-202508-001083,CUS-0033,B,2025-08-01T01:22:00+08:00,2025-08-04T01:22:00+08:00,at_risk,CNY,3602231.81,1075771.77,64840.17,青岛,2,2025-08-01T01:22:00+08:00
SO-202601-001084,CUS-0004,B,2026-01-06T06:49:00+08:00,2026-01-09T06:49:00+08:00,shipped,CNY,4120864.27,1638111.14,74175.56,杭州,3,2026-01-31T06:49:00+08:00
SO-202508-001085,CUS-0046,B,2025-08-30T20:22:00+08:00,2025-09-03T20:22:00+08:00,shipped,CNY,4502062.58,1867000.84,81037.13,青岛,4,2025-09-03T20:22:00+08:00
SO-202511-001086,CUS-0061,B,2025-11-23T04:08:00+08:00,2025-11-26T04:08:00+08:00,delivered,CNY,994239.14,398172.62,17896.3,上海,2,2025-12-02T04:08:00+08:00
SO-202507-001087,CUS-0045,B,2025-07-01T03:55:00+08:00,2025-07-06T03:55:00+08:00,shipped,CNY,3857087.64,1446573.9,69427.58,成都,4,2025-07-31T03:55:00+08:00
SO-202601-001088,CUS-0092,B,2026-01-12T06:55:00+08:00,2026-01-15T18:55:00+08:00,delivered,CNY,56251.55,14800.83,1012.53,苏州,1,2026-01-21T06:55:00+08:00
SO-202606-001089,CUS-0119,B,2026-06-03T09:41:00+08:00,2026-06-05T21:41:00+08:00,shipped,CNY,3567450.26,1324008.8,64214.1,苏州,3,2026-06-08T09:41:00+08:00
SO-202604-001090,CUS-0059,C,2026-04-18T06:59:00+08:00,2026-04-23T06:59:00+08:00,confirmed,CNY,727505.33,179045.53,5820.04,天津,2,2026-05-16T06:59:00+08:00
SO-202511-001091,CUS-0008,A,2025-11-14T16:09:00+08:00,2025-11-18T16:09:00+08:00,confirmed,CNY,6598807.63,2840165.23,230958.27,青岛,4,2025-12-10T16:09:00+08:00
SO-202507-001092,CUS-0009,C,2025-07-31T04:36:00+08:00,2025-08-07T04:36:00+08:00,delivered,CNY,2386104.84,655116.68,19088.84,东莞,4,2025-09-04T04:36:00+08:00
SO-202603-001093,CUS-0076,B,2026-03-23T06:57:00+08:00,2026-03-25T18:57:00+08:00,delivered,CNY,9044567.55,3419455.65,162802.22,杭州,3,2026-04-17T06:57:00+08:00
SO-202603-001094,CUS-0092,B,2026-03-30T11:49:00+08:00,2026-04-04T11:49:00+08:00,delivered,CNY,10816566.2,4666487.96,194698.19,苏州,5,2026-04-15T11:49:00+08:00
SO-202601-001095,CUS-0022,B,2026-01-06T04:01:00+08:00,2026-01-10T04:01:00+08:00,delivered,CNY,445318.25,198937.23,8015.73,武汉,2,2026-01-06T04:01:00+08:00
SO-202606-001096,CUS-0017,C,2026-06-15T00:41:00+08:00,2026-06-19T12:41:00+08:00,confirmed,CNY,4533164.44,1607294.6,36265.32,青岛,5,2026-06-15T08:00:00+08:00
SO-202510-001097,CUS-0041,B,2025-10-31T20:33:00+08:00,2025-11-04T20:33:00+08:00,shipped,CNY,3214789.25,1314343.01,57866.21,成都,5,2025-11-18T20:33:00+08:00
SO-202602-001098,CUS-0114,B,2026-02-13T20:17:00+08:00,2026-02-16T08:17:00+08:00,shipped,CNY,124572.79,41741.09,2242.31,苏州,2,2026-02-24T20:17:00+08:00
SO-202508-001099,CUS-0011,C,2025-08-08T12:08:00+08:00,2025-08-14T00:08:00+08:00,at_risk,CNY,10668561.8,4439352.98,85348.49,青岛,5,2025-09-15T12:08:00+08:00
SO-202605-001100,CUS-0005,A,2026-05-20T20:44:00+08:00,2026-05-23T20:44:00+08:00,shipped,CNY,1500357.4,513966.89,52512.51,青岛,2,2026-06-15T08:00:00+08:00
SO-202604-001101,CUS-0059,C,2026-04-01T17:21:00+08:00,2026-04-08T17:21:00+08:00,delivered,CNY,6250012.59,2682294.24,50000.1,天津,5,2026-05-13T17:21:00+08:00
SO-202604-001102,CUS-0034,A,2026-04-01T19:32:00+08:00,2026-04-04T07:32:00+08:00,delivered,CNY,3070112.19,943340.52,107453.93,天津,4,2026-04-25T19:32:00+08:00
SO-202510-001103,CUS-0015,C,2025-10-10T18:20:00+08:00,2025-10-17T18:20:00+08:00,at_risk,CNY,5896017.51,2167098.07,47168.14,上海,1,2025-11-21T18:20:00+08:00
SO-202606-001104,CUS-0105,C,2026-06-12T16:47:00+08:00,2026-06-19T16:47:00+08:00,confirmed,CNY,13132408.15,4857693.87,105059.27,成都,4,2026-06-15T08:00:00+08:00
SO-202606-001105,CUS-0051,C,2026-06-02T14:02:00+08:00,2026-06-09T14:02:00+08:00,shipped,CNY,15057241.46,6558094.74,120457.93,武汉,5,2026-06-15T08:00:00+08:00
SO-202511-001106,CUS-0028,B,2025-11-14T09:00:00+08:00,2025-11-19T09:00:00+08:00,cancelled,CNY,6149483.42,1966932.1,110690.7,成都,5,2025-12-01T09:00:00+08:00
SO-202602-001107,CUS-0053,B,2026-02-01T00:47:00+08:00,2026-02-04T12:47:00+08:00,delivered,CNY,5324524.67,1688170.52,95841.44,成都,3,2026-03-07T00:47:00+08:00
SO-202601-001108,CUS-0105,C,2026-01-11T18:47:00+08:00,2026-01-16T06:47:00+08:00,confirmed,CNY,5223352.48,1910678.03,41786.82,成都,4,2026-02-05T18:47:00+08:00
SO-202603-001109,CUS-0002,B,2026-03-10T05:41:00+08:00,2026-03-13T05:41:00+08:00,delivered,CNY,8353056.48,3419961.73,150355.02,杭州,4,2026-04-11T05:41:00+08:00
SO-202512-001110,CUS-0120,B,2025-12-14T21:37:00+08:00,2025-12-17T09:37:00+08:00,delivered,CNY,5195218.6,2068046.57,93513.93,青岛,5,2026-01-07T21:37:00+08:00
SO-202510-001111,CUS-0070,A,2025-10-01T15:06:00+08:00,2025-10-05T15:06:00+08:00,delivered,CNY,5717221.98,2798722.09,200102.77,苏州,2,2025-11-02T15:06:00+08:00
SO-202506-001112,CUS-0008,A,2025-06-20T23:16:00+08:00,2025-06-24T23:16:00+08:00,cancelled,CNY,3836387.15,1816161.55,134273.55,青岛,1,2025-07-19T23:16:00+08:00
SO-202510-001113,CUS-0079,C,2025-10-10T12:43:00+08:00,2025-10-16T00:43:00+08:00,shipped,CNY,4977114.2,2131430.12,39816.91,东莞,4,2025-11-14T12:43:00+08:00
SO-202603-001114,CUS-0019,B,2026-03-20T04:05:00+08:00,2026-03-23T04:05:00+08:00,delivered,CNY,1082555.13,471373.38,19485.99,合肥,3,2026-04-16T04:05:00+08:00
SO-202508-001115,CUS-0115,C,2025-08-25T11:50:00+08:00,2025-08-30T23:50:00+08:00,overdue,CNY,4117077.7,1132722.1,32936.62,东莞,3,2025-09-02T11:50:00+08:00
SO-202506-001116,CUS-0014,C,2025-06-28T21:32:00+08:00,2025-07-03T21:32:00+08:00,delivered,CNY,2054392.8,864454.46,16435.14,东莞,4,2025-07-28T21:32:00+08:00
SO-202606-001117,CUS-0085,B,2026-06-14T15:54:00+08:00,2026-06-17T15:54:00+08:00,delivered,CNY,678174.54,176724.92,12207.14,青岛,4,2026-06-15T08:00:00+08:00
SO-202604-001118,CUS-0101,C,2026-04-03T07:36:00+08:00,2026-04-09T07:36:00+08:00,shipped,CNY,317309.05,88582.39,2538.47,武汉,2,2026-04-18T07:36:00+08:00
SO-202601-001119,CUS-0075,C,2026-01-01T12:43:00+08:00,2026-01-08T12:43:00+08:00,at_risk,CNY,2317846.33,511793.69,18542.77,成都,3,2026-01-02T12:43:00+08:00
SO-202509-001120,CUS-0023,A,2025-09-18T12:19:00+08:00,2025-09-21T12:19:00+08:00,delivered,CNY,1657804.22,386363.22,58023.15,青岛,1,2025-09-24T12:19:00+08:00
SO-202507-001121,CUS-0015,C,2025-07-14T15:43:00+08:00,2025-07-20T15:43:00+08:00,shipped,CNY,676500.12,254109.72,5412.0,上海,2,2025-08-09T15:43:00+08:00
SO-202603-001122,CUS-0104,C,2026-03-31T21:45:00+08:00,2026-04-06T21:45:00+08:00,delivered,CNY,4638014.73,2184454.47,37104.12,武汉,5,2026-03-31T21:45:00+08:00
SO-202603-001123,CUS-0012,C,2026-03-31T09:00:00+08:00,2026-04-04T21:00:00+08:00,confirmed,CNY,4102469.35,1692453.81,32819.75,宁波,4,2026-05-11T09:00:00+08:00
SO-202603-001124,CUS-0058,C,2026-03-16T17:11:00+08:00,2026-03-21T17:11:00+08:00,shipped,CNY,2964599.85,1048438.2,23716.8,苏州,1,2026-04-02T17:11:00+08:00
SO-202602-001125,CUS-0111,C,2026-02-01T21:43:00+08:00,2026-02-08T21:43:00+08:00,confirmed,CNY,980876.81,345761.28,7847.01,上海,2,2026-02-02T21:43:00+08:00
SO-202510-001126,CUS-0001,C,2025-10-24T12:15:00+08:00,2025-10-30T00:15:00+08:00,delivered,CNY,7782813.46,2740000.35,62262.51,苏州,5,2025-12-01T12:15:00+08:00
SO-202601-001127,CUS-0060,B,2026-01-04T09:11:00+08:00,2026-01-07T09:11:00+08:00,shipped,CNY,2992013.35,1338781.15,53856.24,上海,4,2026-01-18T09:11:00+08:00
SO-202605-001128,CUS-0028,B,2026-05-24T03:07:00+08:00,2026-05-28T03:07:00+08:00,confirmed,CNY,3420959.51,1211914.81,61577.27,成都,3,2026-05-31T03:07:00+08:00
SO-202602-001129,CUS-0075,C,2026-02-15T06:15:00+08:00,2026-02-21T06:15:00+08:00,at_risk,CNY,3536574.72,1418295.42,28292.6,成都,3,2026-03-19T06:15:00+08:00
SO-202506-001130,CUS-0059,C,2025-06-22T08:03:00+08:00,2025-06-29T08:03:00+08:00,delivered,CNY,2478433.04,941757.07,19827.46,天津,4,2025-07-12T08:03:00+08:00
SO-202507-001131,CUS-0075,C,2025-07-21T08:41:00+08:00,2025-07-27T08:41:00+08:00,shipped,CNY,951879.71,358537.87,7615.04,成都,1,2025-08-08T08:41:00+08:00
SO-202603-001132,CUS-0029,B,2026-03-16T20:13:00+08:00,2026-03-19T08:13:00+08:00,delivered,CNY,21254.51,8795.63,382.58,武汉,1,2026-04-15T20:13:00+08:00
SO-202511-001133,CUS-0016,C,2025-11-24T06:31:00+08:00,2025-12-01T06:31:00+08:00,delivered,CNY,7146502.32,3331895.89,57172.02,杭州,3,2026-01-03T06:31:00+08:00
SO-202604-001134,CUS-0048,A,2026-04-12T07:57:00+08:00,2026-04-14T07:57:00+08:00,confirmed,CNY,3644166.06,1292362.22,127545.81,上海,5,2026-05-13T07:57:00+08:00
SO-202510-001135,CUS-0001,C,2025-10-17T20:50:00+08:00,2025-10-23T08:50:00+08:00,at_risk,CNY,1139488.55,471069.8,9115.91,苏州,5,2025-11-04T20:50:00+08:00
SO-202601-001136,CUS-0080,B,2026-01-19T03:23:00+08:00,2026-01-23T03:23:00+08:00,confirmed,CNY,126706.02,53504.97,2280.71,武汉,1,2026-03-03T03:23:00+08:00
SO-202606-001137,CUS-0005,A,2026-06-02T17:39:00+08:00,2026-06-05T17:39:00+08:00,cancelled,CNY,2315059.29,892748.97,81027.08,青岛,4,2026-06-15T08:00:00+08:00
SO-202602-001138,CUS-0057,C,2026-02-07T01:58:00+08:00,2026-02-13T01:58:00+08:00,delivered,CNY,69504.83,18045.73,556.04,成都,1,2026-03-20T01:58:00+08:00
SO-202512-001139,CUS-0092,B,2025-12-11T21:51:00+08:00,2025-12-15T21:51:00+08:00,delivered,CNY,5003597.95,2287146.37,90064.76,苏州,2,2026-01-06T21:51:00+08:00
SO-202601-001140,CUS-0024,B,2026-01-22T11:26:00+08:00,2026-01-27T11:26:00+08:00,confirmed,CNY,3514741.98,1471183.81,63265.36,合肥,3,2026-02-26T11:26:00+08:00
SO-202512-001141,CUS-0112,C,2025-12-07T18:21:00+08:00,2025-12-13T06:21:00+08:00,confirmed,CNY,1485897.96,682671.36,11887.18,宁波,1,2025-12-29T18:21:00+08:00
SO-202512-001142,CUS-0083,B,2025-12-05T13:47:00+08:00,2025-12-09T13:47:00+08:00,delivered,CNY,4434234.47,1602882.71,79816.22,苏州,3,2025-12-17T13:47:00+08:00
SO-202605-001143,CUS-0067,B,2026-05-12T08:21:00+08:00,2026-05-17T08:21:00+08:00,confirmed,CNY,272072.85,93159.54,4897.31,青岛,2,2026-06-15T08:00:00+08:00
SO-202606-001144,CUS-0001,C,2026-06-05T01:49:00+08:00,2026-06-10T13:49:00+08:00,delivered,CNY,2256176.01,893993.29,18049.41,苏州,1,2026-06-15T08:00:00+08:00
SO-202605-001145,CUS-0104,C,2026-05-12T17:18:00+08:00,2026-05-19T17:18:00+08:00,at_risk,CNY,6837831.36,2523489.96,54702.65,武汉,5,2026-06-09T17:18:00+08:00
SO-202511-001146,CUS-0067,B,2025-11-09T12:53:00+08:00,2025-11-12T00:53:00+08:00,delivered,CNY,2821479.29,609102.25,50786.63,青岛,4,2025-12-14T12:53:00+08:00
SO-202506-001147,CUS-0068,A,2025-06-24T20:13:00+08:00,2025-06-26T08:13:00+08:00,delivered,CNY,1635986.05,676420.28,57259.51,成都,4,2025-08-08T20:13:00+08:00
SO-202601-001148,CUS-0054,C,2026-01-05T07:07:00+08:00,2026-01-09T19:07:00+08:00,delivered,CNY,4765958.57,1550599.2,38127.67,青岛,5,2026-02-10T07:07:00+08:00
SO-202508-001149,CUS-0009,C,2025-08-24T15:39:00+08:00,2025-08-30T15:39:00+08:00,overdue,CNY,5431106.28,1958839.14,43448.85,东莞,5,2025-10-08T15:39:00+08:00
SO-202605-001150,CUS-0074,C,2026-05-24T20:15:00+08:00,2026-05-30T08:15:00+08:00,delivered,CNY,4403587.46,1759320.31,35228.7,苏州,4,2026-05-29T20:15:00+08:00
SO-202604-001151,CUS-0108,B,2026-04-16T22:19:00+08:00,2026-04-20T10:19:00+08:00,shipped,CNY,339855.98,114459.27,6117.41,上海,2,2026-04-18T22:19:00+08:00
SO-202507-001152,CUS-0074,C,2025-07-28T19:21:00+08:00,2025-08-02T19:21:00+08:00,shipped,CNY,3060994.99,1202073.79,24487.96,苏州,5,2025-08-26T19:21:00+08:00
SO-202508-001153,CUS-0111,C,2025-08-30T19:36:00+08:00,2025-09-04T19:36:00+08:00,confirmed,CNY,2279436.71,980405.61,18235.49,上海,2,2025-10-04T19:36:00+08:00
SO-202604-001154,CUS-0078,B,2026-04-04T15:26:00+08:00,2026-04-08T15:26:00+08:00,delivered,CNY,388310.95,65042.75,6989.6,武汉,1,2026-04-07T15:26:00+08:00
SO-202512-001155,CUS-0043,C,2025-12-03T10:13:00+08:00,2025-12-08T10:13:00+08:00,overdue,CNY,2203102.34,835983.5,17624.82,武汉,3,2025-12-21T10:13:00+08:00
SO-202601-001156,CUS-0043,C,2026-01-06T08:08:00+08:00,2026-01-11T20:08:00+08:00,overdue,CNY,3832328.31,1479393.55,30658.63,武汉,3,2026-01-09T08:08:00+08:00
SO-202601-001157,CUS-0065,A,2026-01-27T16:46:00+08:00,2026-01-30T04:46:00+08:00,delivered,CNY,7160190.53,2800827.1,250606.67,宁波,5,2026-02-06T16:46:00+08:00
SO-202604-001158,CUS-0101,C,2026-04-11T11:57:00+08:00,2026-04-16T11:57:00+08:00,at_risk,CNY,51528.95,18172.67,412.23,武汉,1,2026-05-18T11:57:00+08:00
SO-202512-001159,CUS-0034,A,2025-12-27T06:05:00+08:00,2025-12-29T18:05:00+08:00,shipped,CNY,4088232.39,1604713.86,143088.13,天津,1,2026-01-07T06:05:00+08:00
SO-202509-001160,CUS-0005,A,2025-09-18T06:34:00+08:00,2025-09-22T06:34:00+08:00,delivered,CNY,1829991.51,469035.5,64049.7,青岛,4,2025-10-25T06:34:00+08:00
SO-202507-001161,CUS-0019,B,2025-07-21T09:23:00+08:00,2025-07-25T09:23:00+08:00,delivered,CNY,5764432.53,1779674.71,103759.79,合肥,5,2025-08-23T09:23:00+08:00
SO-202601-001162,CUS-0058,C,2026-01-07T06:32:00+08:00,2026-01-12T18:32:00+08:00,shipped,CNY,10701075.48,4571950.91,85608.6,苏州,5,2026-02-17T06:32:00+08:00
SO-202510-001163,CUS-0028,B,2025-10-18T23:24:00+08:00,2025-10-23T23:24:00+08:00,confirmed,CNY,4729251.91,1649737.09,85126.53,成都,5,2025-11-12T23:24:00+08:00
SO-202603-001164,CUS-0008,A,2026-03-14T03:23:00+08:00,2026-03-16T03:23:00+08:00,overdue,CNY,3557785.16,1244739.34,124522.48,青岛,3,2026-03-26T03:23:00+08:00
SO-202509-001165,CUS-0036,B,2025-09-19T02:46:00+08:00,2025-09-22T02:46:00+08:00,delivered,CNY,3584581.03,1299946.02,64522.46,成都,5,2025-10-23T02:46:00+08:00
SO-202603-001166,CUS-0104,C,2026-03-13T01:25:00+08:00,2026-03-18T13:25:00+08:00,delivered,CNY,14065.75,6274.31,112.53,武汉,1,2026-03-26T01:25:00+08:00
SO-202509-001167,CUS-0062,B,2025-09-24T06:46:00+08:00,2025-09-28T06:46:00+08:00,delivered,CNY,45134.84,19217.63,812.43,苏州,1,2025-11-08T06:46:00+08:00
SO-202509-001168,CUS-0113,B,2025-09-25T20:57:00+08:00,2025-09-28T08:57:00+08:00,delivered,CNY,2781310.7,1159454.66,50063.59,天津,1,2025-10-05T20:57:00+08:00
SO-202511-001169,CUS-0097,B,2025-11-08T07:40:00+08:00,2025-11-11T07:40:00+08:00,confirmed,CNY,3752117.13,1481865.28,67538.11,杭州,5,2025-11-09T07:40:00+08:00
SO-202603-001170,CUS-0115,C,2026-03-25T22:59:00+08:00,2026-03-30T22:59:00+08:00,delivered,CNY,7371606.53,3004018.45,58972.85,东莞,5,2026-04-25T22:59:00+08:00
SO-202601-001171,CUS-0036,B,2026-01-07T12:45:00+08:00,2026-01-11T12:45:00+08:00,shipped,CNY,270936.54,82315.74,4876.86,成都,1,2026-01-21T12:45:00+08:00
SO-202603-001172,CUS-0073,C,2026-03-05T20:58:00+08:00,2026-03-10T08:58:00+08:00,overdue,CNY,4307539.86,1683334.61,34460.32,成都,5,2026-03-20T20:58:00+08:00
SO-202511-001173,CUS-0033,B,2025-11-16T20:06:00+08:00,2025-11-19T20:06:00+08:00,confirmed,CNY,9424960.74,2563471.27,169649.29,青岛,5,2025-12-19T20:06:00+08:00
SO-202604-001174,CUS-0048,A,2026-04-03T14:55:00+08:00,2026-04-06T02:55:00+08:00,delivered,CNY,5186420.71,2023111.28,181524.72,上海,5,2026-05-18T14:55:00+08:00
SO-202603-001175,CUS-0111,C,2026-03-17T22:49:00+08:00,2026-03-22T10:49:00+08:00,shipped,CNY,4746944.23,1418506.62,37975.55,上海,4,2026-03-22T22:49:00+08:00
SO-202508-001176,CUS-0105,C,2025-08-05T08:04:00+08:00,2025-08-11T08:04:00+08:00,delivered,CNY,6046289.76,2051467.2,48370.32,成都,5,2025-08-16T08:04:00+08:00
SO-202606-001177,CUS-0068,A,2026-06-07T15:54:00+08:00,2026-06-10T15:54:00+08:00,at_risk,CNY,1813756.57,649880.08,63481.48,成都,3,2026-06-15T08:00:00+08:00
SO-202603-001178,CUS-0099,B,2026-03-13T23:59:00+08:00,2026-03-16T11:59:00+08:00,at_risk,CNY,7938952.98,2844075.76,142901.15,武汉,4,2026-03-19T23:59:00+08:00
SO-202602-001179,CUS-0014,C,2026-02-03T20:05:00+08:00,2026-02-08T08:05:00+08:00,delivered,CNY,1311373.35,534510.99,10490.99,东莞,3,2026-02-15T20:05:00+08:00
SO-202510-001180,CUS-0058,C,2025-10-14T10:53:00+08:00,2025-10-18T22:53:00+08:00,delivered,CNY,2904575.0,1037914.03,23236.6,苏州,3,2025-11-26T10:53:00+08:00
SO-202606-001181,CUS-0069,A,2026-06-10T23:07:00+08:00,2026-06-13T23:07:00+08:00,confirmed,CNY,1014754.74,439365.09,35516.42,宁波,1,2026-06-15T08:00:00+08:00
SO-202603-001182,CUS-0004,B,2026-03-24T10:32:00+08:00,2026-03-27T10:32:00+08:00,delivered,CNY,72411.74,11155.28,1303.41,杭州,1,2026-03-24T10:32:00+08:00
SO-202509-001183,CUS-0052,C,2025-09-15T01:02:00+08:00,2025-09-22T01:02:00+08:00,confirmed,CNY,5587523.7,2523284.64,44700.19,上海,4,2025-10-09T01:02:00+08:00
SO-202508-001184,CUS-0059,C,2025-08-18T17:53:00+08:00,2025-08-24T05:53:00+08:00,at_risk,CNY,3926372.37,1456629.57,31410.98,天津,3,2025-09-16T17:53:00+08:00
SO-202604-001185,CUS-0073,C,2026-04-28T10:02:00+08:00,2026-05-05T10:02:00+08:00,confirmed,CNY,5070199.55,1588007.2,40561.6,成都,5,2026-05-28T10:02:00+08:00
SO-202511-001186,CUS-0004,B,2025-11-05T00:00:00+08:00,2025-11-09T00:00:00+08:00,shipped,CNY,4311150.57,1437131.75,77600.71,杭州,5,2025-11-16T00:00:00+08:00
SO-202603-001187,CUS-0026,B,2026-03-21T10:49:00+08:00,2026-03-25T10:49:00+08:00,delivered,CNY,1560278.51,593205.95,28085.01,天津,3,2026-04-25T10:49:00+08:00
SO-202605-001188,CUS-0070,A,2026-05-08T13:14:00+08:00,2026-05-10T13:14:00+08:00,cancelled,CNY,971069.93,282481.23,33987.45,苏州,4,2026-05-17T13:14:00+08:00
SO-202603-001189,CUS-0050,B,2026-03-19T03:37:00+08:00,2026-03-23T03:37:00+08:00,at_risk,CNY,2680614.93,1274564.96,48251.07,上海,3,2026-04-13T03:37:00+08:00
SO-202601-001190,CUS-0074,C,2026-01-29T19:41:00+08:00,2026-02-03T19:41:00+08:00,delivered,CNY,6010363.25,2700360.06,48082.91,苏州,4,2026-02-09T19:41:00+08:00
SO-202507-001191,CUS-0109,C,2025-07-22T01:03:00+08:00,2025-07-29T01:03:00+08:00,delivered,CNY,3860666.9,1477954.33,30885.34,东莞,3,2025-08-22T01:03:00+08:00
SO-202511-001192,CUS-0098,C,2025-11-02T03:56:00+08:00,2025-11-07T03:56:00+08:00,cancelled,CNY,2062890.52,931781.12,16503.12,青岛,3,2025-11-15T03:56:00+08:00
SO-202601-001193,CUS-0082,C,2026-01-28T06:11:00+08:00,2026-02-04T06:11:00+08:00,confirmed,CNY,5815422.11,2522655.93,46523.38,武汉,2,2026-02-06T06:11:00+08:00
SO-202511-001194,CUS-0104,C,2025-11-02T23:36:00+08:00,2025-11-08T23:36:00+08:00,confirmed,CNY,443811.36,166432.78,3550.49,武汉,2,2025-11-02T23:36:00+08:00
SO-202603-001195,CUS-0105,C,2026-03-07T08:46:00+08:00,2026-03-12T08:46:00+08:00,cancelled,CNY,143503.97,41233.37,1148.03,成都,1,2026-04-16T08:46:00+08:00
SO-202506-001196,CUS-0044,B,2025-06-17T13:20:00+08:00,2025-06-21T13:20:00+08:00,overdue,CNY,8468.66,3540.02,152.44,宁波,1,2025-07-27T13:20:00+08:00
SO-202606-001197,CUS-0087,B,2026-06-04T16:12:00+08:00,2026-06-08T16:12:00+08:00,delivered,CNY,7113649.85,2653047.35,128045.7,天津,3,2026-06-05T16:12:00+08:00
SO-202512-001198,CUS-0033,B,2025-12-09T12:43:00+08:00,2025-12-13T12:43:00+08:00,delivered,CNY,1674935.46,650386.15,30148.84,青岛,3,2025-12-21T12:43:00+08:00
SO-202603-001199,CUS-0004,B,2026-03-02T18:33:00+08:00,2026-03-05T18:33:00+08:00,shipped,CNY,6566985.14,2701445.48,118205.73,杭州,5,2026-03-13T18:33:00+08:00
SO-202508-001200,CUS-0034,A,2025-08-01T04:39:00+08:00,2025-08-03T16:39:00+08:00,shipped,CNY,8970.73,2330.65,313.98,天津,1,2025-09-05T04:39:00+08:00
SO-202604-001201,CUS-0079,C,2026-04-22T00:15:00+08:00,2026-04-26T12:15:00+08:00,shipped,CNY,721753.55,182197.3,5774.03,东莞,3,2026-05-23T00:15:00+08:00
SO-202508-001202,CUS-0093,A,2025-08-29T13:06:00+08:00,2025-08-31T01:06:00+08:00,confirmed,CNY,191030.68,81258.82,6686.07,武汉,1,2025-10-11T13:06:00+08:00
SO-202605-001203,CUS-0089,B,2026-05-30T10:44:00+08:00,2026-06-03T10:44:00+08:00,delivered,CNY,1731664.77,591624.83,31169.97,宁波,3,2026-06-15T08:00:00+08:00
SO-202604-001204,CUS-0080,B,2026-04-30T05:36:00+08:00,2026-05-02T17:36:00+08:00,delivered,CNY,15216082.63,6944227.11,273889.49,武汉,5,2026-06-12T05:36:00+08:00
SO-202508-001205,CUS-0101,C,2025-08-20T19:06:00+08:00,2025-08-26T19:06:00+08:00,shipped,CNY,4885490.96,2181335.23,39083.93,武汉,4,2025-09-12T19:06:00+08:00
SO-202511-001206,CUS-0088,A,2025-11-01T18:04:00+08:00,2025-11-05T18:04:00+08:00,cancelled,CNY,3266202.98,1165124.38,114317.1,武汉,2,2025-12-05T18:04:00+08:00
SO-202605-001207,CUS-0099,B,2026-05-21T15:28:00+08:00,2026-05-24T03:28:00+08:00,at_risk,CNY,3617211.41,1659396.77,65109.81,武汉,3,2026-06-02T15:28:00+08:00
SO-202508-001208,CUS-0072,B,2025-08-20T10:08:00+08:00,2025-08-22T22:08:00+08:00,confirmed,CNY,1945473.25,544334.15,35018.52,天津,2,2025-09-14T10:08:00+08:00
SO-202511-001209,CUS-0012,C,2025-11-04T08:51:00+08:00,2025-11-11T08:51:00+08:00,delivered,CNY,4218168.84,1350541.89,33745.35,宁波,5,2025-12-03T08:51:00+08:00
SO-202605-001210,CUS-0015,C,2026-05-03T01:28:00+08:00,2026-05-07T13:28:00+08:00,delivered,CNY,1879350.99,843174.34,15034.81,上海,2,2026-05-30T01:28:00+08:00
SO-202510-001211,CUS-0062,B,2025-10-13T11:21:00+08:00,2025-10-16T11:21:00+08:00,delivered,CNY,3515445.91,1104184.49,63278.03,苏州,4,2025-10-15T11:21:00+08:00
SO-202509-001212,CUS-0063,B,2025-09-05T08:53:00+08:00,2025-09-09T08:53:00+08:00,delivered,CNY,4987410.6,2005434.5,89773.39,杭州,5,2025-10-19T08:53:00+08:00
SO-202508-001213,CUS-0022,B,2025-08-06T05:08:00+08:00,2025-08-09T17:08:00+08:00,delivered,CNY,6243654.21,2620518.69,112385.78,武汉,3,2025-09-03T05:08:00+08:00
SO-202510-001214,CUS-0120,B,2025-10-22T07:51:00+08:00,2025-10-26T07:51:00+08:00,delivered,CNY,1438530.71,326498.66,25893.55,青岛,2,2025-11-09T07:51:00+08:00
SO-202509-001215,CUS-0047,B,2025-09-20T05:09:00+08:00,2025-09-25T05:09:00+08:00,delivered,CNY,10491020.06,4656460.17,188838.36,东莞,4,2025-10-11T05:09:00+08:00
SO-202512-001216,CUS-0102,A,2025-12-08T04:51:00+08:00,2025-12-09T16:51:00+08:00,confirmed,CNY,297504.05,75794.1,10412.64,青岛,2,2025-12-09T04:51:00+08:00
SO-202603-001217,CUS-0020,B,2026-03-08T07:45:00+08:00,2026-03-12T07:45:00+08:00,at_risk,CNY,3467591.57,1378713.06,62416.65,宁波,1,2026-03-28T07:45:00+08:00
SO-202508-001218,CUS-0107,B,2025-08-07T13:57:00+08:00,2025-08-12T13:57:00+08:00,shipped,CNY,9066500.93,4086981.26,163197.02,成都,5,2025-08-31T13:57:00+08:00
SO-202511-001219,CUS-0115,C,2025-11-02T04:40:00+08:00,2025-11-07T04:40:00+08:00,delivered,CNY,2741321.57,588648.71,21930.57,东莞,1,2025-11-11T04:40:00+08:00
SO-202508-001220,CUS-0113,B,2025-08-30T03:17:00+08:00,2025-09-02T03:17:00+08:00,confirmed,CNY,3364008.93,1270894.5,60552.16,天津,4,2025-09-15T03:17:00+08:00
SO-202512-001221,CUS-0103,B,2025-12-24T01:36:00+08:00,2025-12-27T01:36:00+08:00,delivered,CNY,7140494.89,2462451.96,128528.91,宁波,5,2026-02-05T01:36:00+08:00
SO-202602-001222,CUS-0058,C,2026-02-12T03:29:00+08:00,2026-02-19T03:29:00+08:00,overdue,CNY,2691571.79,962255.95,21532.57,苏州,3,2026-03-29T03:29:00+08:00
SO-202604-001223,CUS-0103,B,2026-04-03T03:39:00+08:00,2026-04-06T15:39:00+08:00,delivered,CNY,2623123.6,1230302.59,47216.22,宁波,5,2026-04-22T03:39:00+08:00
SO-202602-001224,CUS-0035,C,2026-02-01T22:11:00+08:00,2026-02-06T22:11:00+08:00,cancelled,CNY,6887960.12,2894588.88,55103.68,武汉,5,2026-02-22T22:11:00+08:00
SO-202509-001225,CUS-0026,B,2025-09-01T15:37:00+08:00,2025-09-05T15:37:00+08:00,confirmed,CNY,3596870.21,1548897.0,64743.66,天津,1,2025-09-30T15:37:00+08:00
SO-202603-001226,CUS-0070,A,2026-03-24T21:28:00+08:00,2026-03-26T21:28:00+08:00,confirmed,CNY,413002.67,109724.31,14455.09,苏州,2,2026-04-22T21:28:00+08:00
SO-202601-001227,CUS-0040,C,2026-01-19T14:59:00+08:00,2026-01-24T02:59:00+08:00,cancelled,CNY,1493255.21,479427.08,11946.04,合肥,5,2026-02-25T14:59:00+08:00
SO-202604-001228,CUS-0040,C,2026-04-02T02:51:00+08:00,2026-04-07T02:51:00+08:00,delivered,CNY,1563156.16,592980.59,12505.25,合肥,1,2026-04-29T02:51:00+08:00
SO-202606-001229,CUS-0015,C,2026-06-05T05:56:00+08:00,2026-06-10T17:56:00+08:00,delivered,CNY,4503002.42,1888093.62,36024.02,上海,5,2026-06-15T08:00:00+08:00
SO-202601-001230,CUS-0045,B,2026-01-10T07:09:00+08:00,2026-01-13T19:09:00+08:00,delivered,CNY,2824799.61,1174798.11,50846.39,成都,1,2026-02-03T07:09:00+08:00
SO-202511-001231,CUS-0017,C,2025-11-01T15:57:00+08:00,2025-11-06T03:57:00+08:00,shipped,CNY,7219973.79,2486751.57,57759.79,青岛,4,2025-11-12T15:57:00+08:00
SO-202511-001232,CUS-0048,A,2025-11-29T06:14:00+08:00,2025-12-03T06:14:00+08:00,delivered,CNY,2970846.32,1225504.88,103979.62,上海,3,2025-12-14T06:14:00+08:00
SO-202601-001233,CUS-0089,B,2026-01-09T07:29:00+08:00,2026-01-12T19:29:00+08:00,overdue,CNY,149024.61,38235.3,2682.44,宁波,2,2026-01-23T07:29:00+08:00
SO-202602-001234,CUS-0007,B,2026-02-01T16:39:00+08:00,2026-02-06T16:39:00+08:00,shipped,CNY,2112442.86,826442.76,38023.97,武汉,1,2026-02-07T16:39:00+08:00
SO-202512-001235,CUS-0092,B,2025-12-28T13:24:00+08:00,2025-12-31T13:24:00+08:00,delivered,CNY,72480.82,22787.82,1304.65,苏州,1,2026-02-05T13:24:00+08:00
SO-202508-001236,CUS-0072,B,2025-08-16T10:25:00+08:00,2025-08-20T10:25:00+08:00,shipped,CNY,954491.59,439090.84,17180.85,天津,1,2025-09-24T10:25:00+08:00
SO-202603-001237,CUS-0113,B,2026-03-12T08:10:00+08:00,2026-03-17T08:10:00+08:00,cancelled,CNY,2368669.34,835247.15,42636.05,天津,3,2026-03-30T08:10:00+08:00
SO-202601-001238,CUS-0031,C,2026-01-13T13:25:00+08:00,2026-01-19T13:25:00+08:00,overdue,CNY,46488.3,8942.55,371.91,青岛,1,2026-01-23T13:25:00+08:00
SO-202604-001239,CUS-0050,B,2026-04-28T18:12:00+08:00,2026-05-03T18:12:00+08:00,confirmed,CNY,257323.4,96948.12,4631.82,上海,2,2026-05-19T18:12:00+08:00
SO-202605-001240,CUS-0054,C,2026-05-06T11:57:00+08:00,2026-05-11T23:57:00+08:00,shipped,CNY,1246543.14,504974.18,9972.35,青岛,1,2026-05-31T11:57:00+08:00
SO-202508-001241,CUS-0048,A,2025-08-10T07:27:00+08:00,2025-08-11T19:27:00+08:00,delivered,CNY,5950407.61,2254137.62,208264.27,上海,4,2025-09-15T07:27:00+08:00
SO-202507-001242,CUS-0105,C,2025-07-29T11:30:00+08:00,2025-08-03T11:30:00+08:00,shipped,CNY,5288727.25,1648981.58,42309.82,成都,5,2025-09-10T11:30:00+08:00
SO-202603-001243,CUS-0075,C,2026-03-24T11:05:00+08:00,2026-03-31T11:05:00+08:00,delivered,CNY,11241852.17,4136657.68,89934.82,成都,5,2026-03-27T11:05:00+08:00
SO-202601-001244,CUS-0062,B,2026-01-25T08:41:00+08:00,2026-01-27T20:41:00+08:00,cancelled,CNY,5915479.6,2308775.05,106478.63,苏州,4,2026-02-25T08:41:00+08:00
SO-202511-001245,CUS-0048,A,2025-11-10T06:24:00+08:00,2025-11-12T18:24:00+08:00,shipped,CNY,759374.04,211917.64,26578.09,上海,1,2025-12-10T06:24:00+08:00
SO-202507-001246,CUS-0057,C,2025-07-06T20:56:00+08:00,2025-07-12T08:56:00+08:00,cancelled,CNY,4661436.12,1662086.43,37291.49,成都,2,2025-08-04T20:56:00+08:00
SO-202603-001247,CUS-0014,C,2026-03-27T01:52:00+08:00,2026-04-03T01:52:00+08:00,cancelled,CNY,590315.55,170175.05,4722.52,东莞,4,2026-04-09T01:52:00+08:00
SO-202508-001248,CUS-0024,B,2025-08-19T14:54:00+08:00,2025-08-23T14:54:00+08:00,shipped,CNY,3458863.68,966400.3,62259.55,合肥,1,2025-10-01T14:54:00+08:00
SO-202511-001249,CUS-0009,C,2025-11-08T02:12:00+08:00,2025-11-13T02:12:00+08:00,delivered,CNY,1889108.18,557195.71,15112.87,东莞,3,2025-11-15T02:12:00+08:00
SO-202511-001250,CUS-0102,A,2025-11-02T02:19:00+08:00,2025-11-06T02:19:00+08:00,delivered,CNY,3523526.74,1441657.72,123323.44,青岛,2,2025-11-23T02:19:00+08:00
SO-202512-001251,CUS-0050,B,2025-12-18T03:37:00+08:00,2025-12-21T15:37:00+08:00,confirmed,CNY,8178322.83,3041332.56,147209.81,上海,4,2025-12-29T03:37:00+08:00
SO-202508-001252,CUS-0113,B,2025-08-01T14:32:00+08:00,2025-08-05T14:32:00+08:00,at_risk,CNY,420610.23,161542.79,7570.98,天津,2,2025-08-15T14:32:00+08:00
SO-202605-001253,CUS-0002,B,2026-05-01T10:50:00+08:00,2026-05-04T10:50:00+08:00,confirmed,CNY,13436368.42,6144213.02,241854.63,杭州,5,2026-05-22T10:50:00+08:00
SO-202511-001254,CUS-0052,C,2025-11-09T06:23:00+08:00,2025-11-13T18:23:00+08:00,delivered,CNY,3989050.76,1173439.35,31912.41,上海,4,2025-12-21T06:23:00+08:00
SO-202506-001255,CUS-0016,C,2025-06-27T04:21:00+08:00,2025-07-02T16:21:00+08:00,delivered,CNY,4004993.52,1237729.06,32039.95,杭州,5,2025-08-10T04:21:00+08:00
SO-202604-001256,CUS-0038,C,2026-04-01T10:24:00+08:00,2026-04-08T10:24:00+08:00,delivered,CNY,5888746.33,2220286.35,47109.97,宁波,5,2026-04-11T10:24:00+08:00
SO-202506-001257,CUS-0031,C,2025-06-17T06:19:00+08:00,2025-06-21T18:19:00+08:00,confirmed,CNY,2808632.73,717144.83,22469.06,青岛,1,2025-06-20T06:19:00+08:00
SO-202601-001258,CUS-0069,A,2026-01-12T13:49:00+08:00,2026-01-14T01:49:00+08:00,overdue,CNY,7325160.32,3088815.67,256380.61,宁波,4,2026-01-26T13:49:00+08:00
SO-202510-001259,CUS-0035,C,2025-10-13T08:24:00+08:00,2025-10-18T08:24:00+08:00,shipped,CNY,10590773.16,2849103.13,84726.19,武汉,5,2025-11-16T08:24:00+08:00
SO-202603-001260,CUS-0044,B,2026-03-14T11:17:00+08:00,2026-03-16T23:17:00+08:00,delivered,CNY,6205669.75,2336036.1,111702.06,宁波,4,2026-04-23T11:17:00+08:00
SO-202511-001261,CUS-0118,C,2025-11-16T14:43:00+08:00,2025-11-21T14:43:00+08:00,confirmed,CNY,4718928.09,1520587.72,37751.42,上海,5,2025-11-18T14:43:00+08:00
SO-202606-001262,CUS-0015,C,2026-06-07T02:34:00+08:00,2026-06-12T02:34:00+08:00,overdue,CNY,1352000.47,457681.63,10816.0,上海,5,2026-06-15T08:00:00+08:00
SO-202602-001263,CUS-0020,B,2026-02-21T13:30:00+08:00,2026-02-24T13:30:00+08:00,shipped,CNY,755069.96,358297.75,13591.26,宁波,2,2026-04-04T13:30:00+08:00
SO-202604-001264,CUS-0119,B,2026-04-03T22:18:00+08:00,2026-04-08T22:18:00+08:00,delivered,CNY,6082766.35,2292199.13,109489.79,苏州,5,2026-04-19T22:18:00+08:00
SO-202510-001265,CUS-0001,C,2025-10-02T05:36:00+08:00,2025-10-07T17:36:00+08:00,shipped,CNY,262157.8,91558.83,2097.26,苏州,2,2025-11-16T05:36:00+08:00
SO-202508-001266,CUS-0070,A,2025-08-27T22:41:00+08:00,2025-08-29T22:41:00+08:00,shipped,CNY,2223240.92,829295.14,77813.43,苏州,4,2025-10-10T22:41:00+08:00
SO-202511-001267,CUS-0045,B,2025-11-24T08:00:00+08:00,2025-11-29T08:00:00+08:00,shipped,CNY,1405677.35,283306.79,25302.19,成都,1,2026-01-07T08:00:00+08:00
SO-202511-001268,CUS-0043,C,2025-11-13T15:41:00+08:00,2025-11-18T03:41:00+08:00,delivered,CNY,2980199.48,1096281.95,23841.6,武汉,5,2025-11-20T15:41:00+08:00
SO-202604-001269,CUS-0085,B,2026-04-14T23:19:00+08:00,2026-04-18T23:19:00+08:00,delivered,CNY,7728874.89,2063124.44,139119.75,青岛,5,2026-05-23T23:19:00+08:00
SO-202512-001270,CUS-0016,C,2025-12-06T07:17:00+08:00,2025-12-11T19:17:00+08:00,delivered,CNY,8903632.95,3839042.79,71229.06,杭州,5,2025-12-30T07:17:00+08:00
SO-202506-001271,CUS-0113,B,2025-06-22T00:38:00+08:00,2025-06-25T12:38:00+08:00,delivered,CNY,6050787.15,2493541.11,108914.17,天津,3,2025-07-19T00:38:00+08:00
SO-202511-001272,CUS-0062,B,2025-11-11T05:45:00+08:00,2025-11-16T05:45:00+08:00,confirmed,CNY,3221538.18,1328751.42,57987.69,苏州,3,2025-11-20T05:45:00+08:00
SO-202602-001273,CUS-0026,B,2026-02-19T21:15:00+08:00,2026-02-22T09:15:00+08:00,delivered,CNY,2969330.14,1023912.99,53447.94,天津,2,2026-02-21T21:15:00+08:00
SO-202603-001274,CUS-0029,B,2026-03-09T10:58:00+08:00,2026-03-12T10:58:00+08:00,confirmed,CNY,3860719.61,1355333.92,69492.95,武汉,3,2026-04-09T10:58:00+08:00
SO-202509-001275,CUS-0096,C,2025-09-23T07:39:00+08:00,2025-09-28T19:39:00+08:00,confirmed,CNY,1607791.04,627348.45,12862.33,苏州,4,2025-10-02T07:39:00+08:00
SO-202603-001276,CUS-0088,A,2026-03-21T06:23:00+08:00,2026-03-25T06:23:00+08:00,delivered,CNY,3256575.24,1004878.35,113980.13,武汉,4,2026-05-05T06:23:00+08:00
SO-202605-001277,CUS-0069,A,2026-05-04T05:58:00+08:00,2026-05-06T17:58:00+08:00,confirmed,CNY,5081248.99,2206738.63,177843.71,宁波,3,2026-06-04T05:58:00+08:00
SO-202601-001278,CUS-0049,C,2026-01-27T15:46:00+08:00,2026-02-02T03:46:00+08:00,delivered,CNY,7783292.19,2673114.0,62266.34,东莞,5,2026-01-30T15:46:00+08:00
SO-202510-001279,CUS-0067,B,2025-10-14T23:32:00+08:00,2025-10-19T23:32:00+08:00,delivered,CNY,3250339.58,1253499.85,58506.11,青岛,2,2025-11-22T23:32:00+08:00
SO-202604-001280,CUS-0073,C,2026-04-19T00:28:00+08:00,2026-04-26T00:28:00+08:00,delivered,CNY,125034.59,33858.83,1000.28,成都,1,2026-05-03T00:28:00+08:00
SO-202509-001281,CUS-0068,A,2025-09-29T16:11:00+08:00,2025-10-01T04:11:00+08:00,shipped,CNY,6776824.39,2430520.56,237188.85,成都,5,2025-10-06T16:11:00+08:00
SO-202601-001282,CUS-0119,B,2026-01-09T05:49:00+08:00,2026-01-12T17:49:00+08:00,delivered,CNY,3466003.46,1471102.09,62388.06,苏州,5,2026-02-10T05:49:00+08:00
SO-202509-001283,CUS-0104,C,2025-09-05T00:49:00+08:00,2025-09-12T00:49:00+08:00,delivered,CNY,211555.82,79671.76,1692.45,武汉,3,2025-10-16T00:49:00+08:00
SO-202602-001284,CUS-0094,C,2026-02-06T01:45:00+08:00,2026-02-10T13:45:00+08:00,shipped,CNY,1562398.04,616499.16,12499.18,宁波,2,2026-02-08T01:45:00+08:00
SO-202509-001285,CUS-0050,B,2025-09-19T22:47:00+08:00,2025-09-24T22:47:00+08:00,delivered,CNY,1698225.99,470802.63,30568.07,上海,1,2025-10-02T22:47:00+08:00
SO-202604-001286,CUS-0095,B,2026-04-08T15:31:00+08:00,2026-04-12T03:31:00+08:00,delivered,CNY,2162647.76,975721.18,38927.66,苏州,1,2026-04-18T15:31:00+08:00
SO-202508-001287,CUS-0114,B,2025-08-06T00:26:00+08:00,2025-08-09T12:26:00+08:00,shipped,CNY,1905602.86,578638.79,34300.85,苏州,3,2025-08-29T00:26:00+08:00
SO-202507-001288,CUS-0034,A,2025-07-08T14:00:00+08:00,2025-07-11T02:00:00+08:00,delivered,CNY,2207628.94,1019604.08,77267.01,天津,2,2025-07-24T14:00:00+08:00
SO-202510-001289,CUS-0025,B,2025-10-07T07:31:00+08:00,2025-10-10T19:31:00+08:00,confirmed,CNY,494346.85,177462.01,8898.24,东莞,3,2025-11-11T07:31:00+08:00
SO-202509-001290,CUS-0116,C,2025-09-19T07:38:00+08:00,2025-09-26T07:38:00+08:00,confirmed,CNY,5823296.52,2391327.29,46586.37,合肥,5,2025-10-02T07:38:00+08:00
SO-202508-001291,CUS-0056,B,2025-08-22T01:37:00+08:00,2025-08-25T01:37:00+08:00,delivered,CNY,4487915.01,1507365.13,80782.47,成都,3,2025-09-30T01:37:00+08:00
SO-202507-001292,CUS-0108,B,2025-07-08T06:58:00+08:00,2025-07-10T18:58:00+08:00,delivered,CNY,5027786.38,2089464.9,90500.15,上海,3,2025-07-27T06:58:00+08:00
SO-202604-001293,CUS-0035,C,2026-04-14T08:25:00+08:00,2026-04-20T08:25:00+08:00,confirmed,CNY,126127.12,54125.41,1009.02,武汉,1,2026-05-20T08:25:00+08:00
SO-202601-001294,CUS-0008,A,2026-01-13T17:27:00+08:00,2026-01-17T17:27:00+08:00,shipped,CNY,2065030.79,742681.21,72276.08,青岛,4,2026-02-17T17:27:00+08:00
SO-202511-001295,CUS-0109,C,2025-11-14T20:23:00+08:00,2025-11-21T20:23:00+08:00,confirmed,CNY,2457987.26,998271.77,19663.9,东莞,1,2025-11-29T20:23:00+08:00
SO-202509-001296,CUS-0026,B,2025-09-10T01:44:00+08:00,2025-09-13T13:44:00+08:00,at_risk,CNY,1757692.08,485875.44,31638.46,天津,1,2025-10-10T01:44:00+08:00
SO-202510-001297,CUS-0059,C,2025-10-21T06:51:00+08:00,2025-10-26T06:51:00+08:00,shipped,CNY,2448425.83,824563.51,19587.41,天津,5,2025-11-05T06:51:00+08:00
SO-202507-001298,CUS-0010,B,2025-07-07T08:56:00+08:00,2025-07-11T08:56:00+08:00,delivered,CNY,2611623.22,923142.8,47009.22,合肥,5,2025-07-29T08:56:00+08:00
SO-202604-001299,CUS-0078,B,2026-04-23T21:22:00+08:00,2026-04-28T21:22:00+08:00,at_risk,CNY,703657.32,247733.24,12665.83,武汉,4,2026-05-17T21:22:00+08:00
SO-202604-001300,CUS-0048,A,2026-04-29T19:41:00+08:00,2026-05-02T07:41:00+08:00,delivered,CNY,1783456.05,737369.4,62420.96,上海,5,2026-06-11T19:41:00+08:00
SO-202512-001301,CUS-0114,B,2025-12-07T00:40:00+08:00,2025-12-10T12:40:00+08:00,at_risk,CNY,2487808.39,1159228.03,44780.55,苏州,5,2026-01-05T00:40:00+08:00
SO-202512-001302,CUS-0101,C,2025-12-27T00:45:00+08:00,2026-01-01T00:45:00+08:00,overdue,CNY,3526622.62,1185966.57,28212.98,武汉,4,2026-01-16T00:45:00+08:00
SO-202508-001303,CUS-0053,B,2025-08-16T16:47:00+08:00,2025-08-21T16:47:00+08:00,shipped,CNY,307758.35,105008.15,5539.65,成都,1,2025-08-31T16:47:00+08:00
SO-202604-001304,CUS-0061,B,2026-04-20T15:48:00+08:00,2026-04-25T15:48:00+08:00,at_risk,CNY,208602.75,65490.99,3754.85,上海,1,2026-04-20T15:48:00+08:00
SO-202604-001305,CUS-0106,A,2026-04-01T03:42:00+08:00,2026-04-03T03:42:00+08:00,shipped,CNY,4259218.13,1318796.2,149072.63,天津,4,2026-04-08T03:42:00+08:00
SO-202506-001306,CUS-0082,C,2025-06-23T17:36:00+08:00,2025-06-29T05:36:00+08:00,shipped,CNY,694942.06,195199.18,5559.54,武汉,3,2025-07-27T17:36:00+08:00
SO-202511-001307,CUS-0099,B,2025-11-22T06:16:00+08:00,2025-11-24T18:16:00+08:00,shipped,CNY,82146.69,26383.82,1478.64,武汉,1,2025-12-24T06:16:00+08:00
SO-202603-001308,CUS-0033,B,2026-03-06T03:43:00+08:00,2026-03-09T15:43:00+08:00,cancelled,CNY,4211337.71,1294059.4,75804.08,青岛,4,2026-03-28T03:43:00+08:00
SO-202602-001309,CUS-0019,B,2026-02-09T07:30:00+08:00,2026-02-14T07:30:00+08:00,delivered,CNY,2590981.75,884510.45,46637.67,合肥,4,2026-03-08T07:30:00+08:00
SO-202512-001310,CUS-0063,B,2025-12-07T22:31:00+08:00,2025-12-10T22:31:00+08:00,at_risk,CNY,1980479.28,608167.43,35648.63,杭州,4,2026-01-20T22:31:00+08:00
SO-202512-001311,CUS-0083,B,2025-12-15T08:11:00+08:00,2025-12-19T08:11:00+08:00,delivered,CNY,4921921.81,2101619.09,88594.59,苏州,4,2026-01-15T08:11:00+08:00
SO-202508-001312,CUS-0019,B,2025-08-30T04:50:00+08:00,2025-09-01T16:50:00+08:00,confirmed,CNY,3851398.69,1610097.01,69325.18,合肥,3,2025-10-03T04:50:00+08:00
SO-202512-001313,CUS-0064,C,2025-12-11T07:43:00+08:00,2025-12-17T07:43:00+08:00,confirmed,CNY,650774.04,242192.26,5206.19,东莞,2,2026-01-16T07:43:00+08:00
SO-202507-001314,CUS-0111,C,2025-07-31T05:17:00+08:00,2025-08-06T05:17:00+08:00,delivered,CNY,3988357.1,1529322.94,31906.86,上海,5,2025-08-03T05:17:00+08:00
SO-202510-001315,CUS-0117,C,2025-10-27T15:12:00+08:00,2025-11-02T15:12:00+08:00,shipped,CNY,142060.18,31931.21,1136.48,苏州,2,2025-11-06T15:12:00+08:00
SO-202512-001316,CUS-0089,B,2025-12-18T11:04:00+08:00,2025-12-20T23:04:00+08:00,shipped,CNY,2307875.77,1086678.71,41541.76,宁波,2,2026-01-28T11:04:00+08:00
SO-202601-001317,CUS-0071,C,2026-01-22T19:09:00+08:00,2026-01-28T07:09:00+08:00,delivered,CNY,1234415.96,341455.56,9875.33,杭州,5,2026-03-06T19:09:00+08:00
SO-202602-001318,CUS-0094,C,2026-02-11T14:24:00+08:00,2026-02-17T02:24:00+08:00,delivered,CNY,7741886.08,2458327.58,61935.09,宁波,5,2026-03-07T14:24:00+08:00
SO-202507-001319,CUS-0027,B,2025-07-15T15:52:00+08:00,2025-07-18T15:52:00+08:00,at_risk,CNY,10896912.68,4051713.92,196144.43,合肥,5,2025-08-13T15:52:00+08:00
SO-202510-001320,CUS-0084,C,2025-10-22T16:31:00+08:00,2025-10-27T04:31:00+08:00,confirmed,CNY,516774.11,214396.03,4134.19,合肥,2,2025-11-29T16:31:00+08:00
SO-202506-001321,CUS-0008,A,2025-06-19T10:46:00+08:00,2025-06-21T22:46:00+08:00,delivered,CNY,3774639.01,1352883.28,132112.37,青岛,3,2025-07-26T10:46:00+08:00
SO-202603-001322,CUS-0036,B,2026-03-03T16:21:00+08:00,2026-03-06T16:21:00+08:00,confirmed,CNY,780289.79,240659.51,14045.22,成都,1,2026-04-12T16:21:00+08:00
SO-202509-001323,CUS-0068,A,2025-09-26T03:28:00+08:00,2025-09-27T15:28:00+08:00,delivered,CNY,150847.91,44851.11,5279.68,成都,1,2025-11-07T03:28:00+08:00
SO-202604-001324,CUS-0074,C,2026-04-07T07:22:00+08:00,2026-04-14T07:22:00+08:00,delivered,CNY,10750911.13,4163622.71,86007.29,苏州,5,2026-04-26T07:22:00+08:00
SO-202507-001325,CUS-0054,C,2025-07-22T03:40:00+08:00,2025-07-29T03:40:00+08:00,delivered,CNY,555820.59,196341.41,4446.56,青岛,2,2025-08-26T03:40:00+08:00
SO-202510-001326,CUS-0095,B,2025-10-22T14:41:00+08:00,2025-10-25T02:41:00+08:00,delivered,CNY,1296735.29,564889.24,23341.24,苏州,2,2025-10-22T14:41:00+08:00
SO-202512-001327,CUS-0081,B,2025-12-29T17:19:00+08:00,2026-01-03T17:19:00+08:00,at_risk,CNY,9738528.98,4062497.63,175293.52,天津,5,2026-02-09T17:19:00+08:00
SO-202506-001328,CUS-0026,B,2025-06-28T23:02:00+08:00,2025-07-02T23:02:00+08:00,delivered,CNY,418947.64,82109.78,7541.06,天津,2,2025-07-17T23:02:00+08:00
SO-202510-001329,CUS-0062,B,2025-10-11T23:43:00+08:00,2025-10-16T23:43:00+08:00,delivered,CNY,6302687.47,2149854.58,113448.37,苏州,5,2025-10-11T23:43:00+08:00
SO-202512-001330,CUS-0008,A,2025-12-29T06:51:00+08:00,2026-01-02T06:51:00+08:00,shipped,CNY,4657178.79,1772530.88,163001.26,青岛,3,2026-01-08T06:51:00+08:00
SO-202511-001331,CUS-0115,C,2025-11-09T17:09:00+08:00,2025-11-15T17:09:00+08:00,delivered,CNY,10884068.82,4015607.83,87072.55,东莞,4,2025-11-09T17:09:00+08:00
SO-202507-001332,CUS-0118,C,2025-07-10T10:18:00+08:00,2025-07-14T22:18:00+08:00,shipped,CNY,5518590.61,1749886.41,44148.72,上海,5,2025-08-03T10:18:00+08:00
SO-202602-001333,CUS-0077,B,2026-02-26T23:30:00+08:00,2026-03-01T11:30:00+08:00,shipped,CNY,1086238.1,386051.25,19552.29,东莞,3,2026-03-01T23:30:00+08:00
SO-202510-001334,CUS-0020,B,2025-10-01T03:08:00+08:00,2025-10-05T03:08:00+08:00,cancelled,CNY,12801249.74,5131339.21,230422.5,宁波,4,2025-11-07T03:08:00+08:00
SO-202602-001335,CUS-0025,B,2026-02-07T11:13:00+08:00,2026-02-10T23:13:00+08:00,confirmed,CNY,8437291.48,3626333.85,151871.25,东莞,3,2026-02-11T11:13:00+08:00
SO-202602-001336,CUS-0017,C,2026-02-25T14:00:00+08:00,2026-03-03T02:00:00+08:00,delivered,CNY,1383463.51,682963.36,11067.71,青岛,1,2026-03-20T14:00:00+08:00
SO-202507-001337,CUS-0022,B,2025-07-09T14:55:00+08:00,2025-07-13T14:55:00+08:00,confirmed,CNY,7108137.33,2713953.98,127946.47,武汉,5,2025-07-09T14:55:00+08:00
SO-202604-001338,CUS-0083,B,2026-04-04T11:26:00+08:00,2026-04-09T11:26:00+08:00,cancelled,CNY,2842528.68,879756.98,51165.52,苏州,3,2026-05-15T11:26:00+08:00
SO-202510-001339,CUS-0004,B,2025-10-15T23:07:00+08:00,2025-10-19T23:07:00+08:00,delivered,CNY,142800.65,58638.05,2570.41,杭州,2,2025-11-04T23:07:00+08:00
SO-202511-001340,CUS-0049,C,2025-11-15T21:05:00+08:00,2025-11-22T21:05:00+08:00,delivered,CNY,5036233.44,1515721.17,40289.87,东莞,5,2025-11-29T21:05:00+08:00
SO-202511-001341,CUS-0054,C,2025-11-11T23:48:00+08:00,2025-11-18T23:48:00+08:00,delivered,CNY,4226567.52,2001293.82,33812.54,青岛,2,2025-11-19T23:48:00+08:00
SO-202606-001342,CUS-0061,B,2026-06-04T09:54:00+08:00,2026-06-09T09:54:00+08:00,confirmed,CNY,2165935.18,788369.87,38986.83,上海,4,2026-06-15T08:00:00+08:00
SO-202604-001343,CUS-0029,B,2026-04-19T02:20:00+08:00,2026-04-24T02:20:00+08:00,shipped,CNY,5789894.51,1743631.3,104218.1,武汉,5,2026-05-31T02:20:00+08:00
SO-202605-001344,CUS-0080,B,2026-05-27T12:26:00+08:00,2026-05-31T00:26:00+08:00,at_risk,CNY,4291220.49,1981092.54,77241.97,武汉,2,2026-06-15T08:00:00+08:00
SO-202509-001345,CUS-0100,B,2025-09-23T19:39:00+08:00,2025-09-26T07:39:00+08:00,delivered,CNY,4018827.12,1629270.82,72338.89,成都,3,2025-10-11T19:39:00+08:00
SO-202602-001346,CUS-0077,B,2026-02-04T18:26:00+08:00,2026-02-08T18:26:00+08:00,confirmed,CNY,10679065.73,3711045.23,192223.18,东莞,4,2026-02-14T18:26:00+08:00
SO-202506-001347,CUS-0058,C,2025-06-17T16:23:00+08:00,2025-06-23T04:23:00+08:00,shipped,CNY,395926.63,163456.66,3167.41,苏州,1,2025-07-06T16:23:00+08:00
SO-202510-001348,CUS-0051,C,2025-10-03T21:03:00+08:00,2025-10-09T21:03:00+08:00,confirmed,CNY,428959.74,151305.16,3431.68,武汉,3,2025-10-11T21:03:00+08:00
SO-202512-001349,CUS-0098,C,2025-12-02T22:23:00+08:00,2025-12-07T10:23:00+08:00,shipped,CNY,9883216.63,3361096.02,79065.73,青岛,5,2026-01-16T22:23:00+08:00
SO-202606-001350,CUS-0071,C,2026-06-02T11:07:00+08:00,2026-06-06T23:07:00+08:00,delivered,CNY,3249135.08,1289782.02,25993.08,杭州,5,2026-06-15T08:00:00+08:00
SO-202506-001351,CUS-0040,C,2025-06-23T16:15:00+08:00,2025-06-28T04:15:00+08:00,delivered,CNY,2574091.1,803943.09,20592.73,合肥,4,2025-07-16T16:15:00+08:00
SO-202604-001352,CUS-0027,B,2026-04-29T20:28:00+08:00,2026-05-04T20:28:00+08:00,cancelled,CNY,299980.11,119741.67,5399.64,合肥,1,2026-05-03T20:28:00+08:00
SO-202605-001353,CUS-0055,C,2026-05-16T12:18:00+08:00,2026-05-21T12:18:00+08:00,shipped,CNY,1478775.56,453857.9,11830.2,上海,1,2026-05-27T12:18:00+08:00
SO-202507-001354,CUS-0109,C,2025-07-19T02:23:00+08:00,2025-07-24T14:23:00+08:00,at_risk,CNY,9433388.55,3945306.59,75467.11,东莞,2,2025-08-23T02:23:00+08:00
SO-202507-001355,CUS-0095,B,2025-07-04T04:11:00+08:00,2025-07-07T04:11:00+08:00,shipped,CNY,5474935.2,1757496.78,98548.83,苏州,4,2025-07-11T04:11:00+08:00
SO-202602-001356,CUS-0105,C,2026-02-19T01:02:00+08:00,2026-02-24T01:02:00+08:00,delivered,CNY,4210227.06,1535343.67,33681.82,成都,4,2026-03-16T01:02:00+08:00
SO-202602-001357,CUS-0100,B,2026-02-18T19:10:00+08:00,2026-02-22T07:10:00+08:00,confirmed,CNY,2856363.88,1253546.94,51414.55,成都,5,2026-02-23T19:10:00+08:00
SO-202511-001358,CUS-0104,C,2025-11-10T18:40:00+08:00,2025-11-15T06:40:00+08:00,delivered,CNY,3980616.96,1026580.34,31844.94,武汉,4,2025-11-13T18:40:00+08:00
SO-202510-001359,CUS-0004,B,2025-10-06T07:19:00+08:00,2025-10-08T19:19:00+08:00,delivered,CNY,3982182.61,1179671.8,71679.29,杭州,5,2025-11-17T07:19:00+08:00
SO-202604-001360,CUS-0059,C,2026-04-26T11:37:00+08:00,2026-04-30T23:37:00+08:00,at_risk,CNY,3338933.9,1021396.7,26711.47,天津,2,2026-05-18T11:37:00+08:00
SO-202507-001361,CUS-0038,C,2025-07-15T23:01:00+08:00,2025-07-21T23:01:00+08:00,confirmed,CNY,5340335.9,1620656.68,42722.69,宁波,2,2025-07-18T23:01:00+08:00
SO-202605-001362,CUS-0007,B,2026-05-01T06:36:00+08:00,2026-05-04T06:36:00+08:00,delivered,CNY,1998735.88,555045.56,35977.25,武汉,2,2026-05-13T06:36:00+08:00
SO-202603-001363,CUS-0057,C,2026-03-30T00:32:00+08:00,2026-04-04T12:32:00+08:00,delivered,CNY,3756742.53,1328983.36,30053.94,成都,4,2026-04-10T00:32:00+08:00
SO-202512-001364,CUS-0064,C,2025-12-15T23:51:00+08:00,2025-12-20T11:51:00+08:00,at_risk,CNY,4997012.71,2186316.75,39976.1,东莞,4,2026-01-07T23:51:00+08:00
SO-202603-001365,CUS-0112,C,2026-03-06T14:09:00+08:00,2026-03-11T02:09:00+08:00,delivered,CNY,903811.07,364450.97,7230.49,宁波,2,2026-03-09T14:09:00+08:00
SO-202512-001366,CUS-0040,C,2025-12-08T13:12:00+08:00,2025-12-14T13:12:00+08:00,delivered,CNY,2723982.9,823757.42,21791.86,合肥,4,2025-12-15T13:12:00+08:00
SO-202601-001367,CUS-0050,B,2026-01-02T03:09:00+08:00,2026-01-05T15:09:00+08:00,confirmed,CNY,1084506.15,257718.76,19521.11,上海,1,2026-01-29T03:09:00+08:00
SO-202605-001368,CUS-0116,C,2026-05-23T18:13:00+08:00,2026-05-29T06:13:00+08:00,at_risk,CNY,7346938.32,3073857.96,58775.51,合肥,2,2026-05-27T18:13:00+08:00
SO-202508-001369,CUS-0099,B,2025-08-20T02:03:00+08:00,2025-08-23T02:03:00+08:00,cancelled,CNY,1819201.66,764185.3,32745.63,武汉,1,2025-09-14T02:03:00+08:00
SO-202508-001370,CUS-0078,B,2025-08-18T11:31:00+08:00,2025-08-21T11:31:00+08:00,delivered,CNY,1085163.56,484924.06,19532.94,武汉,1,2025-09-05T11:31:00+08:00
SO-202602-001371,CUS-0035,C,2026-02-27T21:48:00+08:00,2026-03-05T21:48:00+08:00,delivered,CNY,4227566.61,1895964.34,33820.53,武汉,3,2026-04-13T21:48:00+08:00
SO-202511-001372,CUS-0041,B,2025-11-24T05:06:00+08:00,2025-11-28T05:06:00+08:00,overdue,CNY,4606064.26,1778753.22,82909.16,成都,5,2025-12-02T05:06:00+08:00
SO-202603-001373,CUS-0020,B,2026-03-29T21:04:00+08:00,2026-04-02T21:04:00+08:00,delivered,CNY,5692508.2,1627211.84,102465.15,宁波,3,2026-04-25T21:04:00+08:00
SO-202601-001374,CUS-0056,B,2026-01-09T14:38:00+08:00,2026-01-13T14:38:00+08:00,at_risk,CNY,7337624.85,2371209.08,132077.25,成都,4,2026-02-20T14:38:00+08:00
SO-202601-001375,CUS-0042,A,2026-01-15T19:13:00+08:00,2026-01-18T19:13:00+08:00,confirmed,CNY,2002534.59,554522.65,70088.71,东莞,4,2026-01-20T19:13:00+08:00
SO-202512-001376,CUS-0098,C,2025-12-14T13:53:00+08:00,2025-12-21T13:53:00+08:00,overdue,CNY,5520952.25,2318329.59,44167.62,青岛,5,2025-12-16T13:53:00+08:00
SO-202605-001377,CUS-0062,B,2026-05-13T06:18:00+08:00,2026-05-17T06:18:00+08:00,at_risk,CNY,3095594.44,1312225.77,55720.7,苏州,5,2026-06-15T08:00:00+08:00
SO-202605-001378,CUS-0080,B,2026-05-05T16:19:00+08:00,2026-05-09T04:19:00+08:00,delivered,CNY,4213914.39,1210592.21,75850.46,武汉,4,2026-05-20T16:19:00+08:00
SO-202509-001379,CUS-0060,B,2025-09-29T09:44:00+08:00,2025-10-04T09:44:00+08:00,confirmed,CNY,3740095.32,1631354.81,67321.72,上海,5,2025-10-13T09:44:00+08:00
SO-202602-001380,CUS-0024,B,2026-02-01T18:59:00+08:00,2026-02-04T18:59:00+08:00,shipped,CNY,5059347.21,1804774.78,91068.25,合肥,3,2026-02-03T18:59:00+08:00
SO-202510-001381,CUS-0074,C,2025-10-17T09:36:00+08:00,2025-10-22T21:36:00+08:00,delivered,CNY,3243914.31,1445995.14,25951.31,苏州,5,2025-11-06T09:36:00+08:00
SO-202601-001382,CUS-0101,C,2026-01-11T07:57:00+08:00,2026-01-17T07:57:00+08:00,delivered,CNY,6030161.56,2204401.97,48241.29,武汉,3,2026-02-08T07:57:00+08:00
SO-202604-001383,CUS-0068,A,2026-04-14T01:44:00+08:00,2026-04-15T13:44:00+08:00,delivered,CNY,858522.76,142956.66,30048.3,成都,1,2026-05-08T01:44:00+08:00
SO-202605-001384,CUS-0053,B,2026-05-15T10:04:00+08:00,2026-05-19T10:04:00+08:00,confirmed,CNY,2161419.09,898018.23,38905.54,成都,3,2026-06-01T10:04:00+08:00
SO-202605-001385,CUS-0027,B,2026-05-17T15:24:00+08:00,2026-05-21T15:24:00+08:00,delivered,CNY,1011262.86,472660.92,18202.73,合肥,1,2026-06-15T08:00:00+08:00
SO-202508-001386,CUS-0058,C,2025-08-29T09:47:00+08:00,2025-09-02T21:47:00+08:00,delivered,CNY,1436478.74,551003.99,11491.83,苏州,4,2025-09-06T09:47:00+08:00
SO-202510-001387,CUS-0011,C,2025-10-08T16:19:00+08:00,2025-10-13T04:19:00+08:00,delivered,CNY,3563653.41,1257527.64,28509.23,青岛,4,2025-10-17T16:19:00+08:00
SO-202511-001388,CUS-0058,C,2025-11-25T16:57:00+08:00,2025-11-30T16:57:00+08:00,delivered,CNY,1286263.19,464854.43,10290.11,苏州,1,2025-12-31T16:57:00+08:00
SO-202605-001389,CUS-0066,A,2026-05-17T10:19:00+08:00,2026-05-19T10:19:00+08:00,delivered,CNY,3745210.58,1385478.36,131082.37,青岛,5,2026-05-27T10:19:00+08:00
SO-202604-001390,CUS-0057,C,2026-04-28T05:15:00+08:00,2026-05-02T17:15:00+08:00,cancelled,CNY,854188.5,209279.9,6833.51,成都,2,2026-06-04T05:15:00+08:00
SO-202510-001391,CUS-0065,A,2025-10-17T21:22:00+08:00,2025-10-21T21:22:00+08:00,at_risk,CNY,2489463.35,1110950.88,87131.22,宁波,4,2025-11-18T21:22:00+08:00
SO-202604-001392,CUS-0071,C,2026-04-18T11:39:00+08:00,2026-04-23T23:39:00+08:00,delivered,CNY,517833.25,179078.21,4142.67,杭州,1,2026-05-19T11:39:00+08:00
SO-202509-001393,CUS-0009,C,2025-09-02T03:02:00+08:00,2025-09-09T03:02:00+08:00,delivered,CNY,2594684.79,1039271.43,20757.48,东莞,2,2025-09-24T03:02:00+08:00
SO-202507-001394,CUS-0094,C,2025-07-04T18:48:00+08:00,2025-07-11T18:48:00+08:00,delivered,CNY,351110.44,121576.44,2808.88,宁波,1,2025-07-19T18:48:00+08:00
SO-202506-001395,CUS-0096,C,2025-06-24T03:48:00+08:00,2025-07-01T03:48:00+08:00,cancelled,CNY,164668.45,69781.05,1317.35,苏州,2,2025-07-18T03:48:00+08:00
SO-202512-001396,CUS-0046,B,2025-12-19T16:15:00+08:00,2025-12-23T04:15:00+08:00,confirmed,CNY,8553930.84,2698289.52,153970.76,青岛,3,2025-12-20T16:15:00+08:00
SO-202507-001397,CUS-0011,C,2025-07-04T03:27:00+08:00,2025-07-08T15:27:00+08:00,confirmed,CNY,12074822.65,4161106.91,96598.58,青岛,5,2025-08-15T03:27:00+08:00
SO-202509-001398,CUS-0056,B,2025-09-21T00:47:00+08:00,2025-09-23T12:47:00+08:00,delivered,CNY,1197035.29,354693.79,21546.64,成都,1,2025-10-31T00:47:00+08:00
SO-202602-001399,CUS-0025,B,2026-02-17T05:24:00+08:00,2026-02-20T17:24:00+08:00,shipped,CNY,511226.71,202201.72,9202.08,东莞,3,2026-04-03T05:24:00+08:00
SO-202510-001400,CUS-0024,B,2025-10-31T20:38:00+08:00,2025-11-05T20:38:00+08:00,confirmed,CNY,991375.84,288427.48,17844.77,合肥,2,2025-11-02T20:38:00+08:00
SO-202506-001401,CUS-0030,B,2025-06-28T19:59:00+08:00,2025-07-01T07:59:00+08:00,confirmed,CNY,1877061.05,749073.48,33787.1,上海,5,2025-07-08T19:59:00+08:00
SO-202604-001402,CUS-0086,B,2026-04-03T08:09:00+08:00,2026-04-06T08:09:00+08:00,delivered,CNY,1408278.86,395838.24,25349.02,青岛,2,2026-04-10T08:09:00+08:00
SO-202604-001403,CUS-0100,B,2026-04-24T15:48:00+08:00,2026-04-27T15:48:00+08:00,overdue,CNY,950533.28,459899.2,17109.6,成都,2,2026-05-18T15:48:00+08:00
SO-202510-001404,CUS-0022,B,2025-10-25T16:13:00+08:00,2025-10-29T16:13:00+08:00,shipped,CNY,3239196.88,1055714.54,58305.54,武汉,5,2025-11-10T16:13:00+08:00
SO-202603-001405,CUS-0112,C,2026-03-16T08:57:00+08:00,2026-03-21T08:57:00+08:00,confirmed,CNY,197539.32,76998.42,1580.31,宁波,1,2026-03-29T08:57:00+08:00
SO-202507-001406,CUS-0049,C,2025-07-25T01:30:00+08:00,2025-08-01T01:30:00+08:00,delivered,CNY,5294315.29,1639496.23,42354.52,东莞,4,2025-08-07T01:30:00+08:00
SO-202512-001407,CUS-0007,B,2025-12-14T04:04:00+08:00,2025-12-19T04:04:00+08:00,delivered,CNY,669303.93,254421.13,12047.47,武汉,3,2025-12-19T04:04:00+08:00
SO-202506-001408,CUS-0005,A,2025-06-20T02:07:00+08:00,2025-06-22T14:07:00+08:00,cancelled,CNY,2155431.25,735606.09,75440.09,青岛,4,2025-06-28T02:07:00+08:00
SO-202510-001409,CUS-0099,B,2025-10-20T02:06:00+08:00,2025-10-25T02:06:00+08:00,confirmed,CNY,2160094.1,773068.05,38881.69,武汉,4,2025-11-03T02:06:00+08:00
SO-202602-001410,CUS-0054,C,2026-02-27T13:01:00+08:00,2026-03-06T13:01:00+08:00,confirmed,CNY,2003305.61,707147.36,16026.44,青岛,4,2026-04-13T13:01:00+08:00
SO-202601-001411,CUS-0092,B,2026-01-29T00:35:00+08:00,2026-02-02T00:35:00+08:00,delivered,CNY,252149.27,106283.27,4538.69,苏州,1,2026-03-03T00:35:00+08:00
SO-202605-001412,CUS-0039,B,2026-05-25T16:35:00+08:00,2026-05-29T04:35:00+08:00,shipped,CNY,1077548.86,357325.84,19395.88,武汉,3,2026-05-29T16:35:00+08:00
SO-202506-001413,CUS-0037,C,2025-06-29T10:26:00+08:00,2025-07-04T22:26:00+08:00,delivered,CNY,912110.25,376462.44,7296.88,杭州,1,2025-07-02T10:26:00+08:00
SO-202606-001414,CUS-0085,B,2026-06-11T07:57:00+08:00,2026-06-14T07:57:00+08:00,at_risk,CNY,711587.09,128911.57,12808.57,青岛,1,2026-06-15T08:00:00+08:00
SO-202506-001415,CUS-0073,C,2025-06-29T17:59:00+08:00,2025-07-04T17:59:00+08:00,delivered,CNY,829438.4,261807.0,6635.51,成都,1,2025-07-20T17:59:00+08:00
SO-202604-001416,CUS-0098,C,2026-04-03T13:02:00+08:00,2026-04-08T01:02:00+08:00,confirmed,CNY,213524.25,106977.93,1708.19,青岛,1,2026-05-13T13:02:00+08:00
SO-202507-001417,CUS-0051,C,2025-07-16T12:09:00+08:00,2025-07-21T00:09:00+08:00,delivered,CNY,6740398.71,1921696.24,53923.19,武汉,4,2025-08-05T12:09:00+08:00
SO-202508-001418,CUS-0010,B,2025-08-18T23:11:00+08:00,2025-08-22T23:11:00+08:00,delivered,CNY,7418684.0,2750803.81,133536.31,合肥,5,2025-09-19T23:11:00+08:00
SO-202506-001419,CUS-0035,C,2025-06-23T03:21:00+08:00,2025-06-29T03:21:00+08:00,delivered,CNY,2340589.4,763210.22,18724.72,武汉,4,2025-07-14T03:21:00+08:00
SO-202509-001420,CUS-0117,C,2025-09-05T07:45:00+08:00,2025-09-10T19:45:00+08:00,confirmed,CNY,1304912.18,484748.66,10439.3,苏州,3,2025-10-13T07:45:00+08:00
SO-202604-001421,CUS-0061,B,2026-04-13T01:07:00+08:00,2026-04-16T13:07:00+08:00,shipped,CNY,1674970.94,664893.14,30149.48,上海,2,2026-05-22T01:07:00+08:00
SO-202605-001422,CUS-0116,C,2026-05-23T23:32:00+08:00,2026-05-28T11:32:00+08:00,delivered,CNY,5421305.93,1914837.69,43370.45,合肥,2,2026-05-25T23:32:00+08:00
SO-202510-001423,CUS-0047,B,2025-10-15T14:33:00+08:00,2025-10-20T14:33:00+08:00,at_risk,CNY,2793441.07,894011.17,50281.94,东莞,2,2025-11-18T14:33:00+08:00
SO-202508-001424,CUS-0042,A,2025-08-10T08:34:00+08:00,2025-08-14T08:34:00+08:00,confirmed,CNY,2647379.59,1060995.47,92658.29,东莞,2,2025-08-17T08:34:00+08:00
SO-202606-001425,CUS-0014,C,2026-06-01T03:34:00+08:00,2026-06-07T03:34:00+08:00,delivered,CNY,2594400.64,686676.51,20755.21,东莞,2,2026-06-15T08:00:00+08:00
SO-202602-001426,CUS-0003,A,2026-02-13T13:47:00+08:00,2026-02-16T13:47:00+08:00,confirmed,CNY,7529916.22,2614317.4,263547.07,杭州,5,2026-03-06T13:47:00+08:00
SO-202605-001427,CUS-0051,C,2026-05-12T04:11:00+08:00,2026-05-19T04:11:00+08:00,shipped,CNY,7324442.9,2786495.62,58595.54,武汉,4,2026-06-04T04:11:00+08:00
SO-202510-001428,CUS-0088,A,2025-10-26T15:22:00+08:00,2025-10-28T03:22:00+08:00,confirmed,CNY,2332464.85,844994.24,81636.27,武汉,5,2025-11-24T15:22:00+08:00
SO-202604-001429,CUS-0006,C,2026-04-02T02:37:00+08:00,2026-04-07T14:37:00+08:00,cancelled,CNY,2385956.01,889072.82,19087.65,杭州,3,2026-05-05T02:37:00+08:00
SO-202605-001430,CUS-0087,B,2026-05-08T20:27:00+08:00,2026-05-12T08:27:00+08:00,shipped,CNY,3083572.0,991062.98,55504.3,天津,4,2026-06-15T08:00:00+08:00
SO-202508-001431,CUS-0045,B,2025-08-31T17:53:00+08:00,2025-09-04T05:53:00+08:00,confirmed,CNY,4694022.17,1773586.2,84492.4,成都,2,2025-10-03T17:53:00+08:00
SO-202510-001432,CUS-0014,C,2025-10-06T15:57:00+08:00,2025-10-12T15:57:00+08:00,confirmed,CNY,2239710.95,975230.03,17917.69,东莞,2,2025-11-17T15:57:00+08:00
SO-202603-001433,CUS-0052,C,2026-03-31T22:42:00+08:00,2026-04-06T22:42:00+08:00,shipped,CNY,779042.68,322357.25,6232.34,上海,3,2026-04-30T22:42:00+08:00
SO-202601-001434,CUS-0017,C,2026-01-05T21:26:00+08:00,2026-01-10T21:26:00+08:00,delivered,CNY,1075666.04,325460.28,8605.33,青岛,2,2026-02-12T21:26:00+08:00
SO-202603-001435,CUS-0035,C,2026-03-20T10:28:00+08:00,2026-03-24T22:28:00+08:00,confirmed,CNY,1012429.71,301480.44,8099.44,武汉,2,2026-03-21T10:28:00+08:00
SO-202603-001436,CUS-0096,C,2026-03-09T20:16:00+08:00,2026-03-16T20:16:00+08:00,at_risk,CNY,1494554.26,454264.58,11956.43,苏州,3,2026-03-25T20:16:00+08:00
SO-202604-001437,CUS-0059,C,2026-04-26T00:00:00+08:00,2026-05-01T12:00:00+08:00,delivered,CNY,1630825.4,575366.86,13046.6,天津,3,2026-04-30T00:00:00+08:00
SO-202508-001438,CUS-0087,B,2025-08-10T14:58:00+08:00,2025-08-13T02:58:00+08:00,delivered,CNY,34198.18,9839.74,615.57,天津,3,2025-09-16T14:58:00+08:00
SO-202512-001439,CUS-0080,B,2025-12-15T13:33:00+08:00,2025-12-19T13:33:00+08:00,delivered,CNY,726435.25,229693.75,13075.83,武汉,2,2025-12-23T13:33:00+08:00
SO-202511-001440,CUS-0010,B,2025-11-26T14:29:00+08:00,2025-12-01T14:29:00+08:00,shipped,CNY,4864083.76,2209092.23,87553.51,合肥,3,2025-12-18T14:29:00+08:00
SO-202604-001441,CUS-0047,B,2026-04-19T06:08:00+08:00,2026-04-21T18:08:00+08:00,cancelled,CNY,5639784.33,2389024.88,101516.12,东莞,3,2026-05-19T06:08:00+08:00
SO-202602-001442,CUS-0088,A,2026-02-16T10:29:00+08:00,2026-02-20T10:29:00+08:00,delivered,CNY,4582209.31,1740859.54,160377.33,武汉,4,2026-02-23T10:29:00+08:00
SO-202509-001443,CUS-0096,C,2025-09-02T19:45:00+08:00,2025-09-08T07:45:00+08:00,confirmed,CNY,748179.72,277583.34,5985.44,苏州,3,2025-09-12T19:45:00+08:00
SO-202510-001444,CUS-0085,B,2025-10-30T15:41:00+08:00,2025-11-02T15:41:00+08:00,delivered,CNY,3687200.39,1216113.54,66369.61,青岛,5,2025-11-06T15:41:00+08:00
SO-202510-001445,CUS-0047,B,2025-10-02T20:22:00+08:00,2025-10-05T20:22:00+08:00,delivered,CNY,4855997.79,2254938.99,87407.96,东莞,4,2025-10-12T20:22:00+08:00
SO-202602-001446,CUS-0113,B,2026-02-26T05:41:00+08:00,2026-02-28T17:41:00+08:00,delivered,CNY,6011687.89,2811766.41,108210.38,天津,1,2026-03-04T05:41:00+08:00
SO-202512-001447,CUS-0089,B,2025-12-12T17:48:00+08:00,2025-12-17T17:48:00+08:00,at_risk,CNY,1845797.61,584737.18,33224.36,宁波,4,2026-01-21T17:48:00+08:00
SO-202507-001448,CUS-0029,B,2025-07-23T00:34:00+08:00,2025-07-25T12:34:00+08:00,delivered,CNY,3714322.51,1366086.55,66857.81,武汉,1,2025-08-04T00:34:00+08:00
SO-202602-001449,CUS-0061,B,2026-02-22T18:11:00+08:00,2026-02-25T06:11:00+08:00,at_risk,CNY,3219504.49,1415203.45,57951.08,上海,3,2026-02-23T18:11:00+08:00
SO-202512-001450,CUS-0087,B,2025-12-28T17:45:00+08:00,2025-12-31T05:45:00+08:00,shipped,CNY,3812188.83,1328349.81,68619.4,天津,3,2026-01-17T17:45:00+08:00
SO-202511-001451,CUS-0105,C,2025-11-27T06:06:00+08:00,2025-12-01T18:06:00+08:00,delivered,CNY,507911.23,210682.54,4063.29,成都,2,2025-12-20T06:06:00+08:00
SO-202509-001452,CUS-0042,A,2025-09-03T09:21:00+08:00,2025-09-04T21:21:00+08:00,delivered,CNY,6174509.92,2165928.08,216107.85,东莞,4,2025-10-17T09:21:00+08:00
SO-202604-001453,CUS-0001,C,2026-04-12T05:07:00+08:00,2026-04-17T17:07:00+08:00,delivered,CNY,2736508.22,816866.74,21892.07,苏州,5,2026-04-27T05:07:00+08:00
SO-202605-001454,CUS-0109,C,2026-05-23T06:43:00+08:00,2026-05-28T06:43:00+08:00,delivered,CNY,1153168.81,356445.24,9225.35,东莞,3,2026-06-15T08:00:00+08:00
SO-202603-001455,CUS-0067,B,2026-03-14T22:07:00+08:00,2026-03-17T22:07:00+08:00,delivered,CNY,5651082.17,2062969.69,101719.48,青岛,4,2026-04-04T22:07:00+08:00
SO-202604-001456,CUS-0006,C,2026-04-26T09:25:00+08:00,2026-05-03T09:25:00+08:00,shipped,CNY,5461007.4,1894592.66,43688.06,杭州,4,2026-05-13T09:25:00+08:00
SO-202511-001457,CUS-0034,A,2025-11-29T06:20:00+08:00,2025-12-01T06:20:00+08:00,shipped,CNY,1923615.47,724013.76,67326.54,天津,3,2025-12-10T06:20:00+08:00
SO-202509-001458,CUS-0071,C,2025-09-21T05:35:00+08:00,2025-09-26T17:35:00+08:00,shipped,CNY,3923056.68,1736345.15,31384.45,杭州,5,2025-10-27T05:35:00+08:00
SO-202512-001459,CUS-0108,B,2025-12-12T09:41:00+08:00,2025-12-16T09:41:00+08:00,confirmed,CNY,6061272.97,2615401.5,109102.91,上海,2,2025-12-19T09:41:00+08:00
SO-202506-001460,CUS-0070,A,2025-06-15T08:42:00+08:00,2025-06-18T08:42:00+08:00,overdue,CNY,1906086.62,791402.66,66713.03,苏州,1,2025-06-20T08:42:00+08:00
SO-202508-001461,CUS-0052,C,2025-08-24T17:10:00+08:00,2025-08-31T17:10:00+08:00,delivered,CNY,5617820.32,2514534.1,44942.56,上海,5,2025-08-24T17:10:00+08:00
SO-202603-001462,CUS-0011,C,2026-03-21T04:38:00+08:00,2026-03-26T16:38:00+08:00,overdue,CNY,60003.86,16032.46,480.03,青岛,1,2026-04-25T04:38:00+08:00
SO-202603-001463,CUS-0115,C,2026-03-08T18:55:00+08:00,2026-03-15T18:55:00+08:00,delivered,CNY,2440767.79,676177.48,19526.14,东莞,4,2026-04-14T18:55:00+08:00
SO-202511-001464,CUS-0042,A,2025-11-13T18:08:00+08:00,2025-11-16T06:08:00+08:00,confirmed,CNY,6728377.19,2616792.42,235493.2,东莞,2,2025-12-23T18:08:00+08:00
SO-202509-001465,CUS-0084,C,2025-09-05T04:19:00+08:00,2025-09-10T16:19:00+08:00,shipped,CNY,2836038.47,689935.87,22688.31,合肥,1,2025-10-18T04:19:00+08:00
SO-202512-001466,CUS-0004,B,2025-12-27T08:17:00+08:00,2025-12-31T08:17:00+08:00,delivered,CNY,130897.97,53353.16,2356.16,杭州,1,2025-12-27T08:17:00+08:00
SO-202604-001467,CUS-0040,C,2026-04-28T15:12:00+08:00,2026-05-05T15:12:00+08:00,confirmed,CNY,6485740.18,1861387.44,51885.92,合肥,4,2026-05-15T15:12:00+08:00
SO-202602-001468,CUS-0100,B,2026-02-12T17:52:00+08:00,2026-02-16T17:52:00+08:00,delivered,CNY,5002911.38,1624779.61,90052.4,成都,5,2026-03-17T17:52:00+08:00
SO-202604-001469,CUS-0055,C,2026-04-04T23:29:00+08:00,2026-04-09T23:29:00+08:00,confirmed,CNY,3451405.61,1289983.82,27611.24,上海,3,2026-05-01T23:29:00+08:00
SO-202601-001470,CUS-0101,C,2026-01-04T14:01:00+08:00,2026-01-11T14:01:00+08:00,delivered,CNY,4740420.71,2037905.01,37923.37,武汉,4,2026-01-05T14:01:00+08:00
SO-202512-001471,CUS-0083,B,2025-12-17T17:59:00+08:00,2025-12-20T05:59:00+08:00,cancelled,CNY,7198851.58,2906430.47,129579.33,苏州,2,2026-01-12T17:59:00+08:00
SO-202601-001472,CUS-0091,A,2026-01-27T10:01:00+08:00,2026-01-29T22:01:00+08:00,delivered,CNY,469847.93,128884.04,16444.68,上海,2,2026-03-13T10:01:00+08:00
SO-202509-001473,CUS-0084,C,2025-09-14T01:52:00+08:00,2025-09-20T01:52:00+08:00,delivered,CNY,2573970.06,766378.14,20591.76,合肥,2,2025-09-30T01:52:00+08:00
SO-202603-001474,CUS-0003,A,2026-03-26T01:11:00+08:00,2026-03-27T13:11:00+08:00,shipped,CNY,17358.75,4234.5,607.56,杭州,1,2026-05-09T01:11:00+08:00
SO-202508-001475,CUS-0064,C,2025-08-18T02:08:00+08:00,2025-08-22T14:08:00+08:00,shipped,CNY,10326869.53,3499967.3,82614.96,东莞,5,2025-09-03T02:08:00+08:00
SO-202511-001476,CUS-0069,A,2025-11-02T05:08:00+08:00,2025-11-06T05:08:00+08:00,overdue,CNY,703949.41,334397.26,24638.23,宁波,4,2025-12-06T05:08:00+08:00
SO-202603-001477,CUS-0112,C,2026-03-29T02:59:00+08:00,2026-04-03T02:59:00+08:00,delivered,CNY,469929.46,210081.79,3759.44,宁波,1,2026-04-04T02:59:00+08:00
SO-202511-001478,CUS-0082,C,2025-11-11T17:14:00+08:00,2025-11-16T05:14:00+08:00,confirmed,CNY,1493599.19,485983.89,11948.79,武汉,1,2025-12-11T17:14:00+08:00
SO-202509-001479,CUS-0004,B,2025-09-28T04:20:00+08:00,2025-10-01T16:20:00+08:00,delivered,CNY,7736675.76,2874427.61,139260.16,杭州,5,2025-10-22T04:20:00+08:00
SO-202512-001480,CUS-0061,B,2025-12-16T12:47:00+08:00,2025-12-19T00:47:00+08:00,shipped,CNY,1499299.98,630018.06,26987.4,上海,3,2025-12-29T12:47:00+08:00
SO-202601-001481,CUS-0018,B,2026-01-10T21:47:00+08:00,2026-01-14T21:47:00+08:00,confirmed,CNY,1312412.52,389550.82,23623.43,宁波,2,2026-02-11T21:47:00+08:00
SO-202605-001482,CUS-0050,B,2026-05-15T02:15:00+08:00,2026-05-17T14:15:00+08:00,delivered,CNY,1407911.89,476369.97,25342.41,上海,2,2026-06-15T08:00:00+08:00
SO-202508-001483,CUS-0039,B,2025-08-06T14:49:00+08:00,2025-08-09T02:49:00+08:00,shipped,CNY,535315.26,199859.03,9635.67,武汉,3,2025-08-08T14:49:00+08:00
SO-202605-001484,CUS-0087,B,2026-05-13T07:30:00+08:00,2026-05-15T19:30:00+08:00,delivered,CNY,3821329.74,1181711.97,68783.94,天津,4,2026-06-05T07:30:00+08:00
SO-202507-001485,CUS-0008,A,2025-07-17T09:43:00+08:00,2025-07-19T09:43:00+08:00,delivered,CNY,2225597.83,654514.96,77895.92,青岛,5,2025-08-27T09:43:00+08:00
SO-202604-001486,CUS-0035,C,2026-04-19T06:12:00+08:00,2026-04-26T06:12:00+08:00,shipped,CNY,403106.32,171774.86,3224.85,武汉,2,2026-04-30T06:12:00+08:00
SO-202604-001487,CUS-0061,B,2026-04-15T21:43:00+08:00,2026-04-19T09:43:00+08:00,delivered,CNY,3637049.44,1291760.41,65466.89,上海,3,2026-05-22T21:43:00+08:00
SO-202507-001488,CUS-0021,B,2025-07-21T16:49:00+08:00,2025-07-24T04:49:00+08:00,delivered,CNY,339872.59,136841.05,6117.71,成都,1,2025-08-07T16:49:00+08:00
SO-202604-001489,CUS-0019,B,2026-04-01T17:37:00+08:00,2026-04-04T05:37:00+08:00,delivered,CNY,31454.76,15597.66,566.19,合肥,1,2026-04-03T17:37:00+08:00
SO-202601-001490,CUS-0062,B,2026-01-10T04:03:00+08:00,2026-01-12T16:03:00+08:00,delivered,CNY,4574334.92,1585913.95,82338.03,苏州,5,2026-02-16T04:03:00+08:00
SO-202507-001491,CUS-0072,B,2025-07-29T12:33:00+08:00,2025-08-02T12:33:00+08:00,at_risk,CNY,1047029.57,391370.4,18846.53,天津,2,2025-08-08T12:33:00+08:00
SO-202605-001492,CUS-0059,C,2026-05-01T17:24:00+08:00,2026-05-06T05:24:00+08:00,confirmed,CNY,163303.4,63266.91,1306.43,天津,2,2026-05-13T17:24:00+08:00
SO-202512-001493,CUS-0007,B,2025-12-03T02:11:00+08:00,2025-12-05T14:11:00+08:00,delivered,CNY,3797880.83,1354104.0,68361.85,武汉,3,2025-12-18T02:11:00+08:00
SO-202512-001494,CUS-0106,A,2025-12-16T05:10:00+08:00,2025-12-17T17:10:00+08:00,shipped,CNY,5688958.51,2453665.1,199113.55,天津,4,2025-12-23T05:10:00+08:00
SO-202512-001495,CUS-0076,B,2025-12-02T16:12:00+08:00,2025-12-07T16:12:00+08:00,delivered,CNY,298313.63,124746.9,5369.65,杭州,2,2026-01-01T16:12:00+08:00
SO-202511-001496,CUS-0082,C,2025-11-06T03:28:00+08:00,2025-11-13T03:28:00+08:00,cancelled,CNY,9786400.85,4181045.02,78291.21,武汉,3,2025-11-12T03:28:00+08:00
SO-202603-001497,CUS-0043,C,2026-03-26T15:44:00+08:00,2026-04-01T15:44:00+08:00,shipped,CNY,97449.38,28362.18,779.6,武汉,1,2026-03-28T15:44:00+08:00
SO-202506-001498,CUS-0119,B,2025-06-30T07:46:00+08:00,2025-07-03T07:46:00+08:00,shipped,CNY,2524613.14,904809.3,45443.04,苏州,3,2025-07-13T07:46:00+08:00
SO-202508-001499,CUS-0061,B,2025-08-26T04:57:00+08:00,2025-08-29T16:57:00+08:00,delivered,CNY,4945566.14,1825117.6,89020.19,上海,4,2025-10-01T04:57:00+08:00
SO-202509-001500,CUS-0048,A,2025-09-29T02:31:00+08:00,2025-09-30T14:31:00+08:00,delivered,CNY,2311332.82,763540.02,80896.65,上海,1,2025-10-06T02:31:00+08:00
SO-202511-001501,CUS-0120,B,2025-11-14T16:59:00+08:00,2025-11-18T04:59:00+08:00,delivered,CNY,1712851.26,657828.3,30831.32,青岛,2,2025-12-28T16:59:00+08:00
SO-202605-001502,CUS-0109,C,2026-05-01T05:18:00+08:00,2026-05-07T05:18:00+08:00,shipped,CNY,2350198.14,931009.35,18801.59,东莞,2,2026-05-14T05:18:00+08:00
SO-202507-001503,CUS-0048,A,2025-07-12T05:52:00+08:00,2025-07-14T17:52:00+08:00,delivered,CNY,4857926.72,2059378.92,170027.44,上海,3,2025-07-13T05:52:00+08:00
SO-202512-001504,CUS-0106,A,2025-12-30T01:18:00+08:00,2026-01-03T01:18:00+08:00,confirmed,CNY,934577.21,323155.76,32710.2,天津,4,2026-01-28T01:18:00+08:00
SO-202602-001505,CUS-0050,B,2026-02-24T16:29:00+08:00,2026-02-28T16:29:00+08:00,confirmed,CNY,8448565.92,3253542.91,152074.19,上海,4,2026-03-05T16:29:00+08:00
SO-202604-001506,CUS-0091,A,2026-04-19T09:33:00+08:00,2026-04-21T21:33:00+08:00,delivered,CNY,19403.76,8179.26,679.13,上海,1,2026-05-10T09:33:00+08:00
SO-202605-001507,CUS-0028,B,2026-05-12T22:21:00+08:00,2026-05-17T22:21:00+08:00,delivered,CNY,4474032.13,2022581.79,80532.58,成都,3,2026-06-14T22:21:00+08:00
SO-202603-001508,CUS-0101,C,2026-03-11T06:11:00+08:00,2026-03-16T06:11:00+08:00,cancelled,CNY,3377032.13,736673.74,27016.26,武汉,2,2026-04-23T06:11:00+08:00
SO-202601-001509,CUS-0044,B,2026-01-26T12:22:00+08:00,2026-01-29T00:22:00+08:00,delivered,CNY,665649.43,199296.7,11981.69,宁波,2,2026-03-04T12:22:00+08:00
SO-202606-001510,CUS-0043,C,2026-06-11T11:02:00+08:00,2026-06-17T11:02:00+08:00,shipped,CNY,1458767.45,415932.77,11670.14,武汉,3,2026-06-15T08:00:00+08:00
SO-202508-001511,CUS-0015,C,2025-08-27T18:37:00+08:00,2025-09-02T06:37:00+08:00,delivered,CNY,6195511.39,2056304.56,49564.09,上海,4,2025-09-09T18:37:00+08:00
SO-202509-001512,CUS-0102,A,2025-09-06T07:55:00+08:00,2025-09-09T07:55:00+08:00,delivered,CNY,4276000.23,1565093.59,149660.01,青岛,5,2025-09-09T07:55:00+08:00
SO-202605-001513,CUS-0099,B,2026-05-02T00:37:00+08:00,2026-05-07T00:37:00+08:00,delivered,CNY,1736767.14,639061.79,31261.81,武汉,5,2026-06-13T00:37:00+08:00
SO-202510-001514,CUS-0030,B,2025-10-19T02:34:00+08:00,2025-10-24T02:34:00+08:00,cancelled,CNY,5060220.28,2377228.26,91083.97,上海,4,2025-10-20T02:34:00+08:00
SO-202605-001515,CUS-0079,C,2026-05-01T14:13:00+08:00,2026-05-07T14:13:00+08:00,confirmed,CNY,835141.52,401253.38,6681.13,东莞,1,2026-05-30T14:13:00+08:00
SO-202506-001516,CUS-0010,B,2025-06-21T14:58:00+08:00,2025-06-25T02:58:00+08:00,confirmed,CNY,1436390.15,437854.48,25855.02,合肥,4,2025-07-06T14:58:00+08:00
SO-202512-001517,CUS-0023,A,2025-12-25T02:33:00+08:00,2025-12-29T02:33:00+08:00,delivered,CNY,857819.84,287719.82,30023.69,青岛,2,2026-02-05T02:33:00+08:00
SO-202508-001518,CUS-0098,C,2025-08-24T17:18:00+08:00,2025-08-31T17:18:00+08:00,confirmed,CNY,3389764.86,1587251.98,27118.12,青岛,2,2025-08-31T17:18:00+08:00
SO-202509-001519,CUS-0029,B,2025-09-08T12:33:00+08:00,2025-09-12T12:33:00+08:00,delivered,CNY,3418460.38,1580148.24,61532.29,武汉,3,2025-09-22T12:33:00+08:00
SO-202511-001520,CUS-0049,C,2025-11-07T05:56:00+08:00,2025-11-12T17:56:00+08:00,shipped,CNY,201353.61,47387.33,1610.83,东莞,1,2025-11-16T05:56:00+08:00
SO-202605-001521,CUS-0037,C,2026-05-06T18:06:00+08:00,2026-05-11T06:06:00+08:00,shipped,CNY,7194524.94,2623570.07,57556.2,杭州,4,2026-06-15T08:00:00+08:00
SO-202606-001522,CUS-0048,A,2026-06-02T02:53:00+08:00,2026-06-04T14:53:00+08:00,shipped,CNY,5711797.19,2599760.83,199912.9,上海,4,2026-06-05T02:53:00+08:00
SO-202605-001523,CUS-0040,C,2026-05-17T11:48:00+08:00,2026-05-22T23:48:00+08:00,cancelled,CNY,6556923.0,2485546.0,52455.38,合肥,4,2026-06-15T08:00:00+08:00
SO-202601-001524,CUS-0042,A,2026-01-04T08:12:00+08:00,2026-01-06T08:12:00+08:00,delivered,CNY,5812175.59,2358339.08,203426.15,东莞,5,2026-01-24T08:12:00+08:00
SO-202601-001525,CUS-0048,A,2026-01-21T04:13:00+08:00,2026-01-22T16:13:00+08:00,delivered,CNY,2513495.35,998428.11,87972.34,上海,3,2026-02-03T04:13:00+08:00
SO-202512-001526,CUS-0116,C,2025-12-16T08:27:00+08:00,2025-12-22T08:27:00+08:00,at_risk,CNY,1726039.5,273943.38,13808.32,合肥,1,2026-01-09T08:27:00+08:00
SO-202508-001527,CUS-0015,C,2025-08-14T15:30:00+08:00,2025-08-20T15:30:00+08:00,delivered,CNY,2637160.31,786129.26,21097.28,上海,3,2025-09-20T15:30:00+08:00
SO-202601-001528,CUS-0019,B,2026-01-26T01:47:00+08:00,2026-01-30T01:47:00+08:00,delivered,CNY,3118396.92,1095149.18,56131.14,合肥,5,2026-02-27T01:47:00+08:00
SO-202602-001529,CUS-0094,C,2026-02-03T06:51:00+08:00,2026-02-08T06:51:00+08:00,at_risk,CNY,17003.81,4616.93,136.03,宁波,1,2026-02-06T06:51:00+08:00
SO-202606-001530,CUS-0074,C,2026-06-10T17:37:00+08:00,2026-06-15T05:37:00+08:00,at_risk,CNY,33434.36,15391.61,267.47,苏州,1,2026-06-15T08:00:00+08:00
SO-202508-001531,CUS-0083,B,2025-08-23T15:06:00+08:00,2025-08-28T15:06:00+08:00,overdue,CNY,6307227.31,2378053.52,113530.09,苏州,5,2025-08-23T15:06:00+08:00
SO-202508-001532,CUS-0111,C,2025-08-15T13:04:00+08:00,2025-08-20T13:04:00+08:00,overdue,CNY,15578674.92,6852107.64,124629.4,上海,5,2025-09-15T13:04:00+08:00
SO-202604-001533,CUS-0082,C,2026-04-10T11:15:00+08:00,2026-04-15T23:15:00+08:00,delivered,CNY,3776062.86,1685855.89,30208.5,武汉,1,2026-05-15T11:15:00+08:00
SO-202507-001534,CUS-0094,C,2025-07-08T09:44:00+08:00,2025-07-12T21:44:00+08:00,overdue,CNY,232995.6,107504.96,1863.96,宁波,2,2025-07-30T09:44:00+08:00
SO-202508-001535,CUS-0082,C,2025-08-19T05:31:00+08:00,2025-08-24T05:31:00+08:00,cancelled,CNY,2865427.34,1176160.08,22923.42,武汉,2,2025-08-30T05:31:00+08:00
SO-202512-001536,CUS-0117,C,2025-12-05T17:21:00+08:00,2025-12-10T05:21:00+08:00,delivered,CNY,2963766.26,1251533.72,23710.13,苏州,3,2025-12-28T17:21:00+08:00
SO-202603-001537,CUS-0006,C,2026-03-03T15:15:00+08:00,2026-03-10T15:15:00+08:00,delivered,CNY,32535.78,13986.51,260.29,杭州,1,2026-04-06T15:15:00+08:00
SO-202606-001538,CUS-0070,A,2026-06-13T12:22:00+08:00,2026-06-17T12:22:00+08:00,delivered,CNY,4607103.19,1810269.75,161248.61,苏州,4,2026-06-15T08:00:00+08:00
SO-202510-001539,CUS-0009,C,2025-10-21T23:31:00+08:00,2025-10-28T23:31:00+08:00,confirmed,CNY,1987201.6,798531.5,15897.61,东莞,3,2025-11-24T23:31:00+08:00
SO-202506-001540,CUS-0109,C,2025-06-24T05:03:00+08:00,2025-06-28T17:03:00+08:00,delivered,CNY,949193.92,348784.04,7593.55,东莞,3,2025-07-19T05:03:00+08:00
SO-202602-001541,CUS-0035,C,2026-02-09T01:55:00+08:00,2026-02-15T01:55:00+08:00,delivered,CNY,2521200.46,753439.16,20169.6,武汉,3,2026-02-25T01:55:00+08:00
SO-202512-001542,CUS-0101,C,2025-12-09T01:05:00+08:00,2025-12-13T13:05:00+08:00,delivered,CNY,2051260.67,678805.99,16410.09,武汉,2,2025-12-18T01:05:00+08:00
SO-202605-001543,CUS-0085,B,2026-05-28T22:03:00+08:00,2026-06-01T10:03:00+08:00,delivered,CNY,6710760.04,3060509.16,120793.68,青岛,5,2026-06-15T08:00:00+08:00
SO-202511-001544,CUS-0055,C,2025-11-11T08:44:00+08:00,2025-11-18T08:44:00+08:00,delivered,CNY,319126.64,139303.58,2553.01,上海,1,2025-12-10T08:44:00+08:00
SO-202605-001545,CUS-0042,A,2026-05-15T01:56:00+08:00,2026-05-19T01:56:00+08:00,delivered,CNY,1292322.72,403745.71,45231.3,东莞,2,2026-05-20T01:56:00+08:00
SO-202509-001546,CUS-0097,B,2025-09-14T09:12:00+08:00,2025-09-18T09:12:00+08:00,delivered,CNY,978784.73,442650.68,17618.13,杭州,4,2025-09-18T09:12:00+08:00
SO-202512-001547,CUS-0013,B,2025-12-21T16:39:00+08:00,2025-12-24T04:39:00+08:00,delivered,CNY,82589.1,33343.98,1486.6,成都,1,2026-01-15T16:39:00+08:00
SO-202605-001548,CUS-0109,C,2026-05-13T00:44:00+08:00,2026-05-17T12:44:00+08:00,delivered,CNY,1350304.9,472831.9,10802.44,东莞,2,2026-05-26T00:44:00+08:00
SO-202604-001549,CUS-0054,C,2026-04-29T01:04:00+08:00,2026-05-04T01:04:00+08:00,delivered,CNY,3062901.64,911688.98,24503.21,青岛,4,2026-05-24T01:04:00+08:00
SO-202603-001550,CUS-0062,B,2026-03-23T00:28:00+08:00,2026-03-26T00:28:00+08:00,at_risk,CNY,4691523.57,1797221.19,84447.42,苏州,4,2026-03-24T00:28:00+08:00
SO-202601-001551,CUS-0045,B,2026-01-20T23:34:00+08:00,2026-01-24T11:34:00+08:00,delivered,CNY,4641344.29,1627939.81,83544.2,成都,2,2026-01-24T23:34:00+08:00
SO-202602-001552,CUS-0097,B,2026-02-04T14:35:00+08:00,2026-02-08T14:35:00+08:00,overdue,CNY,2364232.3,730750.5,42556.18,杭州,3,2026-03-18T14:35:00+08:00
SO-202509-001553,CUS-0087,B,2025-09-28T23:50:00+08:00,2025-10-01T23:50:00+08:00,shipped,CNY,991007.51,319336.72,17838.14,天津,1,2025-10-02T23:50:00+08:00
SO-202605-001554,CUS-0049,C,2026-05-30T12:56:00+08:00,2026-06-04T12:56:00+08:00,shipped,CNY,2608703.14,534384.81,20869.63,东莞,2,2026-06-15T08:00:00+08:00
SO-202511-001555,CUS-0099,B,2025-11-10T00:32:00+08:00,2025-11-12T12:32:00+08:00,overdue,CNY,544877.15,226473.98,9807.79,武汉,1,2025-12-22T00:32:00+08:00
SO-202507-001556,CUS-0109,C,2025-07-10T17:14:00+08:00,2025-07-16T05:14:00+08:00,confirmed,CNY,2876630.7,1087376.98,23013.05,东莞,2,2025-07-14T17:14:00+08:00
SO-202506-001557,CUS-0039,B,2025-06-28T00:15:00+08:00,2025-07-01T12:15:00+08:00,at_risk,CNY,2273892.42,1062780.51,40930.06,武汉,3,2025-08-06T00:15:00+08:00
SO-202604-001558,CUS-0063,B,2026-04-11T09:23:00+08:00,2026-04-14T09:23:00+08:00,confirmed,CNY,1756254.61,625677.61,31612.58,杭州,2,2026-04-26T09:23:00+08:00
SO-202601-001559,CUS-0110,B,2026-01-04T04:18:00+08:00,2026-01-07T16:18:00+08:00,delivered,CNY,1175251.58,227132.98,21154.53,成都,3,2026-01-24T04:18:00+08:00
SO-202511-001560,CUS-0109,C,2025-11-08T00:44:00+08:00,2025-11-15T00:44:00+08:00,at_risk,CNY,221484.47,96148.16,1771.88,东莞,1,2025-11-18T00:44:00+08:00
SO-202509-001561,CUS-0106,A,2025-09-15T23:12:00+08:00,2025-09-17T23:12:00+08:00,cancelled,CNY,1375218.33,665564.15,48132.64,天津,1,2025-10-12T23:12:00+08:00
SO-202601-001562,CUS-0014,C,2026-01-17T04:53:00+08:00,2026-01-22T04:53:00+08:00,shipped,CNY,4604370.93,1628731.55,36834.97,东莞,3,2026-02-19T04:53:00+08:00
SO-202605-001563,CUS-0083,B,2026-05-23T04:21:00+08:00,2026-05-25T16:21:00+08:00,delivered,CNY,3152204.74,995203.44,56739.69,苏州,3,2026-06-15T08:00:00+08:00
SO-202509-001564,CUS-0111,C,2025-09-18T15:06:00+08:00,2025-09-23T03:06:00+08:00,shipped,CNY,4775967.28,1892335.22,38207.74,上海,5,2025-10-09T15:06:00+08:00
SO-202511-001565,CUS-0008,A,2025-11-24T15:33:00+08:00,2025-11-27T03:33:00+08:00,confirmed,CNY,9351997.62,2512125.42,327319.92,青岛,3,2025-12-16T15:33:00+08:00
SO-202511-001566,CUS-0077,B,2025-11-20T22:28:00+08:00,2025-11-23T22:28:00+08:00,delivered,CNY,10869.81,3612.56,195.66,东莞,1,2025-12-04T22:28:00+08:00
SO-202510-001567,CUS-0020,B,2025-10-12T06:54:00+08:00,2025-10-15T06:54:00+08:00,delivered,CNY,2371597.36,906017.51,42688.75,宁波,3,2025-11-24T06:54:00+08:00
SO-202509-001568,CUS-0073,C,2025-09-17T23:46:00+08:00,2025-09-22T11:46:00+08:00,shipped,CNY,2197619.67,1015781.36,17580.96,成都,4,2025-10-10T23:46:00+08:00
SO-202603-001569,CUS-0116,C,2026-03-16T06:45:00+08:00,2026-03-22T06:45:00+08:00,delivered,CNY,8351806.17,2795990.91,66814.45,合肥,5,2026-03-27T06:45:00+08:00
SO-202601-001570,CUS-0045,B,2026-01-10T20:53:00+08:00,2026-01-14T20:53:00+08:00,cancelled,CNY,548124.13,181227.84,9866.23,成都,2,2026-01-29T20:53:00+08:00
SO-202506-001571,CUS-0107,B,2025-06-30T13:36:00+08:00,2025-07-04T13:36:00+08:00,confirmed,CNY,1045444.24,415636.24,18818.0,成都,3,2025-07-21T13:36:00+08:00
SO-202603-001572,CUS-0098,C,2026-03-10T11:44:00+08:00,2026-03-15T23:44:00+08:00,delivered,CNY,4572939.4,1344977.49,36583.52,青岛,3,2026-04-09T11:44:00+08:00
SO-202507-001573,CUS-0003,A,2025-07-24T05:11:00+08:00,2025-07-26T17:11:00+08:00,delivered,CNY,3896946.34,1515393.64,136393.12,杭州,4,2025-08-01T05:11:00+08:00
SO-202601-001574,CUS-0098,C,2026-01-04T19:06:00+08:00,2026-01-09T07:06:00+08:00,delivered,CNY,2034531.52,622971.37,16276.25,青岛,4,2026-02-02T19:06:00+08:00
SO-202506-001575,CUS-0058,C,2025-06-20T14:08:00+08:00,2025-06-25T14:08:00+08:00,cancelled,CNY,1610134.12,334164.7,12881.07,苏州,1,2025-08-04T14:08:00+08:00
SO-202512-001576,CUS-0085,B,2025-12-12T06:44:00+08:00,2025-12-16T06:44:00+08:00,delivered,CNY,2157444.52,854145.43,38834.0,青岛,3,2025-12-31T06:44:00+08:00
SO-202512-001577,CUS-0086,B,2025-12-21T12:53:00+08:00,2025-12-25T00:53:00+08:00,confirmed,CNY,3035883.09,531189.79,54645.9,青岛,3,2026-01-26T12:53:00+08:00
SO-202509-001578,CUS-0105,C,2025-09-05T00:22:00+08:00,2025-09-09T12:22:00+08:00,confirmed,CNY,3322554.3,1435147.26,26580.43,成都,3,2025-09-15T00:22:00+08:00
SO-202604-001579,CUS-0070,A,2026-04-16T11:35:00+08:00,2026-04-20T11:35:00+08:00,confirmed,CNY,4417483.85,1624620.99,154611.93,苏州,4,2026-05-16T11:35:00+08:00
SO-202602-001580,CUS-0018,B,2026-02-21T13:19:00+08:00,2026-02-24T13:19:00+08:00,shipped,CNY,8262772.55,3397032.35,148729.91,宁波,3,2026-04-01T13:19:00+08:00
SO-202507-001581,CUS-0030,B,2025-07-11T03:11:00+08:00,2025-07-14T03:11:00+08:00,shipped,CNY,6658440.42,2280534.94,119851.93,上海,3,2025-07-14T03:11:00+08:00
SO-202601-001582,CUS-0022,B,2026-01-30T21:37:00+08:00,2026-02-04T21:37:00+08:00,delivered,CNY,4896544.59,2022818.96,88137.8,武汉,4,2026-02-17T21:37:00+08:00
SO-202511-001583,CUS-0019,B,2025-11-21T09:19:00+08:00,2025-11-26T09:19:00+08:00,shipped,CNY,4077700.09,1408476.47,73398.6,合肥,1,2025-12-01T09:19:00+08:00
SO-202511-001584,CUS-0006,C,2025-11-03T08:08:00+08:00,2025-11-08T08:08:00+08:00,delivered,CNY,3426622.01,1214825.3,27412.98,杭州,5,2025-12-01T08:08:00+08:00
SO-202604-001585,CUS-0063,B,2026-04-20T14:48:00+08:00,2026-04-24T02:48:00+08:00,confirmed,CNY,426261.18,106729.88,7672.7,杭州,1,2026-05-30T14:48:00+08:00
SO-202506-001586,CUS-0030,B,2025-06-17T14:46:00+08:00,2025-06-22T14:46:00+08:00,confirmed,CNY,4487865.24,1903963.36,80781.57,上海,1,2025-06-19T14:46:00+08:00
SO-202601-001587,CUS-0082,C,2026-01-20T07:55:00+08:00,2026-01-24T19:55:00+08:00,delivered,CNY,721452.31,210471.63,5771.62,武汉,2,2026-03-04T07:55:00+08:00
SO-202605-001588,CUS-0005,A,2026-05-06T03:11:00+08:00,2026-05-08T03:11:00+08:00,delivered,CNY,2493053.49,1095503.02,87256.87,青岛,3,2026-06-05T03:11:00+08:00
SO-202601-001589,CUS-0078,B,2026-01-04T18:40:00+08:00,2026-01-08T06:40:00+08:00,delivered,CNY,701852.22,239970.49,12633.34,武汉,2,2026-01-20T18:40:00+08:00
SO-202605-001590,CUS-0076,B,2026-05-11T23:59:00+08:00,2026-05-14T23:59:00+08:00,delivered,CNY,455000.38,200487.29,8190.01,杭州,1,2026-06-15T08:00:00+08:00
SO-202508-001591,CUS-0092,B,2025-08-07T13:31:00+08:00,2025-08-10T13:31:00+08:00,shipped,CNY,13184827.19,4952564.36,237326.89,苏州,5,2025-09-03T13:31:00+08:00
SO-202602-001592,CUS-0077,B,2026-02-14T12:40:00+08:00,2026-02-19T12:40:00+08:00,at_risk,CNY,2247793.69,794288.01,40460.29,东莞,2,2026-02-24T12:40:00+08:00
SO-202606-001593,CUS-0098,C,2026-06-15T06:46:00+08:00,2026-06-21T06:46:00+08:00,at_risk,CNY,3135755.33,1166519.69,25086.04,青岛,5,2026-06-15T08:00:00+08:00
SO-202512-001594,CUS-0036,B,2025-12-28T01:57:00+08:00,2026-01-01T01:57:00+08:00,confirmed,CNY,956207.0,289741.8,17211.73,成都,1,2026-02-01T01:57:00+08:00
SO-202605-001595,CUS-0098,C,2026-05-08T07:20:00+08:00,2026-05-13T19:20:00+08:00,at_risk,CNY,659271.82,292680.7,5274.17,青岛,1,2026-06-15T07:20:00+08:00
SO-202511-001596,CUS-0119,B,2025-11-10T10:49:00+08:00,2025-11-12T22:49:00+08:00,delivered,CNY,1675156.36,499331.66,30152.81,苏州,3,2025-11-25T10:49:00+08:00
SO-202606-001597,CUS-0011,C,2026-06-11T16:34:00+08:00,2026-06-16T16:34:00+08:00,delivered,CNY,1469156.77,487915.69,11753.25,青岛,2,2026-06-15T08:00:00+08:00
SO-202510-001598,CUS-0036,B,2025-10-02T10:57:00+08:00,2025-10-04T22:57:00+08:00,delivered,CNY,5666118.64,2330171.63,101990.14,成都,5,2025-10-04T10:57:00+08:00
SO-202512-001599,CUS-0061,B,2025-12-09T11:49:00+08:00,2025-12-11T23:49:00+08:00,delivered,CNY,647840.04,236381.94,11661.12,上海,1,2026-01-04T11:49:00+08:00
SO-202512-001600,CUS-0014,C,2025-12-08T12:20:00+08:00,2025-12-15T12:20:00+08:00,confirmed,CNY,4604973.13,1627926.47,36839.79,东莞,5,2026-01-19T12:20:00+08:00
SO-202606-001601,CUS-0053,B,2026-06-07T23:38:00+08:00,2026-06-10T23:38:00+08:00,delivered,CNY,7043048.53,1946611.59,126774.87,成都,5,2026-06-10T23:38:00+08:00
SO-202510-001602,CUS-0015,C,2025-10-26T03:15:00+08:00,2025-10-31T15:15:00+08:00,confirmed,CNY,8992971.61,3699197.5,71943.77,上海,4,2025-12-01T03:15:00+08:00
SO-202601-001603,CUS-0074,C,2026-01-18T14:56:00+08:00,2026-01-23T14:56:00+08:00,confirmed,CNY,397963.87,118662.82,3183.71,苏州,2,2026-02-08T14:56:00+08:00
SO-202606-001604,CUS-0119,B,2026-06-11T14:14:00+08:00,2026-06-14T14:14:00+08:00,at_risk,CNY,7481927.41,3072592.45,134674.69,苏州,4,2026-06-15T08:00:00+08:00
SO-202601-001605,CUS-0088,A,2026-01-27T17:15:00+08:00,2026-01-29T05:15:00+08:00,overdue,CNY,588106.51,123931.59,20583.73,武汉,3,2026-02-16T17:15:00+08:00
SO-202602-001606,CUS-0073,C,2026-02-10T15:41:00+08:00,2026-02-15T03:41:00+08:00,at_risk,CNY,4776427.79,2048181.9,38211.42,成都,5,2026-02-15T15:41:00+08:00
SO-202512-001607,CUS-0093,A,2025-12-26T16:16:00+08:00,2025-12-29T16:16:00+08:00,confirmed,CNY,555153.32,253756.46,19430.37,武汉,1,2026-01-08T16:16:00+08:00
SO-202512-001608,CUS-0085,B,2025-12-20T00:30:00+08:00,2025-12-23T12:30:00+08:00,delivered,CNY,1289080.04,404373.53,23203.44,青岛,3,2025-12-27T00:30:00+08:00
SO-202602-001609,CUS-0102,A,2026-02-26T02:26:00+08:00,2026-02-28T02:26:00+08:00,delivered,CNY,3004217.97,720332.27,105147.63,青岛,4,2026-03-23T02:26:00+08:00
SO-202605-001610,CUS-0087,B,2026-05-09T03:42:00+08:00,2026-05-12T15:42:00+08:00,delivered,CNY,4346993.6,1711793.34,78245.88,天津,5,2026-05-29T03:42:00+08:00
SO-202602-001611,CUS-0011,C,2026-02-04T11:37:00+08:00,2026-02-08T23:37:00+08:00,shipped,CNY,7316809.3,3071284.78,58534.47,青岛,2,2026-02-25T11:37:00+08:00
SO-202511-001612,CUS-0096,C,2025-11-20T15:39:00+08:00,2025-11-27T15:39:00+08:00,delivered,CNY,2590857.98,832371.44,20726.86,苏州,5,2026-01-04T15:39:00+08:00
SO-202601-001613,CUS-0072,B,2026-01-10T04:14:00+08:00,2026-01-15T04:14:00+08:00,confirmed,CNY,5809921.94,2557662.44,104578.59,天津,3,2026-02-14T04:14:00+08:00
SO-202506-001614,CUS-0046,B,2025-06-26T04:52:00+08:00,2025-06-28T16:52:00+08:00,delivered,CNY,7023250.73,2907445.38,126418.51,青岛,2,2025-07-07T04:52:00+08:00
SO-202605-001615,CUS-0033,B,2026-05-02T09:08:00+08:00,2026-05-05T21:08:00+08:00,shipped,CNY,538074.69,123755.91,9685.34,青岛,2,2026-05-21T09:08:00+08:00
SO-202603-001616,CUS-0028,B,2026-03-08T09:17:00+08:00,2026-03-13T09:17:00+08:00,delivered,CNY,4471566.9,1419563.96,80488.2,成都,5,2026-04-04T09:17:00+08:00
SO-202506-001617,CUS-0033,B,2025-06-25T00:04:00+08:00,2025-06-30T00:04:00+08:00,delivered,CNY,1612549.59,566646.83,29025.89,青岛,2,2025-07-14T00:04:00+08:00
SO-202605-001618,CUS-0119,B,2026-05-04T12:16:00+08:00,2026-05-07T00:16:00+08:00,delivered,CNY,7392006.52,2358924.22,133056.12,苏州,4,2026-05-06T12:16:00+08:00
SO-202507-001619,CUS-0062,B,2025-07-24T15:59:00+08:00,2025-07-29T15:59:00+08:00,shipped,CNY,1002320.59,476079.87,18041.77,苏州,1,2025-09-04T15:59:00+08:00
SO-202507-001620,CUS-0107,B,2025-07-27T10:50:00+08:00,2025-07-30T22:50:00+08:00,delivered,CNY,3078936.96,1317481.62,55420.87,成都,2,2025-08-22T10:50:00+08:00
SO-202508-001621,CUS-0045,B,2025-08-26T11:32:00+08:00,2025-08-31T11:32:00+08:00,shipped,CNY,741364.82,298461.89,13344.57,成都,4,2025-09-23T11:32:00+08:00
SO-202606-001622,CUS-0086,B,2026-06-14T12:22:00+08:00,2026-06-18T00:22:00+08:00,delivered,CNY,88242.53,44557.97,1588.37,青岛,1,2026-06-15T08:00:00+08:00
SO-202603-001623,CUS-0119,B,2026-03-11T16:00:00+08:00,2026-03-16T16:00:00+08:00,delivered,CNY,7763481.22,2715815.19,139742.66,苏州,4,2026-03-23T16:00:00+08:00
SO-202510-001624,CUS-0058,C,2025-10-05T04:53:00+08:00,2025-10-10T04:53:00+08:00,delivered,CNY,4043164.75,1317551.34,32345.32,苏州,5,2025-10-14T04:53:00+08:00
SO-202606-001625,CUS-0094,C,2026-06-10T21:58:00+08:00,2026-06-17T21:58:00+08:00,confirmed,CNY,6532030.46,2331210.13,52256.24,宁波,5,2026-06-15T08:00:00+08:00
SO-202511-001626,CUS-0065,A,2025-11-05T02:30:00+08:00,2025-11-09T02:30:00+08:00,delivered,CNY,5907060.89,2533971.89,206747.13,宁波,1,2025-11-15T02:30:00+08:00
SO-202509-001627,CUS-0103,B,2025-09-18T17:16:00+08:00,2025-09-22T17:16:00+08:00,at_risk,CNY,809850.85,349887.16,14577.32,宁波,2,2025-10-21T17:16:00+08:00
SO-202606-001628,CUS-0017,C,2026-06-12T14:40:00+08:00,2026-06-19T14:40:00+08:00,delivered,CNY,1617485.6,473296.88,12939.88,青岛,3,2026-06-15T08:00:00+08:00
SO-202511-001629,CUS-0005,A,2025-11-16T09:09:00+08:00,2025-11-20T09:09:00+08:00,cancelled,CNY,1099380.7,287560.93,38478.32,青岛,3,2025-11-27T09:09:00+08:00
SO-202509-001630,CUS-0058,C,2025-09-20T17:40:00+08:00,2025-09-26T17:40:00+08:00,at_risk,CNY,157681.21,61013.29,1261.45,苏州,1,2025-10-12T17:40:00+08:00
SO-202508-001631,CUS-0002,B,2025-08-28T06:40:00+08:00,2025-09-02T06:40:00+08:00,overdue,CNY,2944168.91,1443567.39,52995.04,杭州,2,2025-10-07T06:40:00+08:00
SO-202603-001632,CUS-0026,B,2026-03-22T09:58:00+08:00,2026-03-26T09:58:00+08:00,at_risk,CNY,2066071.75,601572.67,37189.29,天津,2,2026-03-28T09:58:00+08:00
SO-202509-001633,CUS-0076,B,2025-09-17T09:20:00+08:00,2025-09-20T21:20:00+08:00,at_risk,CNY,10210921.94,3393425.17,183796.59,杭州,5,2025-10-15T09:20:00+08:00
SO-202604-001634,CUS-0042,A,2026-04-29T07:28:00+08:00,2026-05-01T07:28:00+08:00,confirmed,CNY,8306993.76,3410453.52,290744.78,东莞,5,2026-05-27T07:28:00+08:00
SO-202512-001635,CUS-0114,B,2025-12-11T04:12:00+08:00,2025-12-15T04:12:00+08:00,delivered,CNY,6476512.41,2511405.75,116577.22,苏州,3,2026-01-24T04:12:00+08:00
SO-202507-001636,CUS-0086,B,2025-07-13T05:02:00+08:00,2025-07-16T05:02:00+08:00,delivered,CNY,3377655.07,1113035.77,60797.79,青岛,5,2025-07-29T05:02:00+08:00
SO-202507-001637,CUS-0117,C,2025-07-05T20:04:00+08:00,2025-07-10T08:04:00+08:00,confirmed,CNY,23778.02,7572.6,190.22,苏州,1,2025-08-05T20:04:00+08:00
SO-202509-001638,CUS-0002,B,2025-09-19T23:40:00+08:00,2025-09-23T11:40:00+08:00,shipped,CNY,9784235.8,3556443.08,176116.24,杭州,4,2025-09-25T23:40:00+08:00
SO-202511-001639,CUS-0095,B,2025-11-13T00:36:00+08:00,2025-11-16T12:36:00+08:00,confirmed,CNY,39273.21,17466.81,706.92,苏州,1,2025-11-15T00:36:00+08:00
SO-202511-001640,CUS-0081,B,2025-11-02T03:01:00+08:00,2025-11-05T15:01:00+08:00,overdue,CNY,4829636.81,1692076.57,86933.46,天津,4,2025-11-28T03:01:00+08:00
SO-202511-001641,CUS-0058,C,2025-11-22T23:29:00+08:00,2025-11-27T11:29:00+08:00,cancelled,CNY,7010003.23,2237217.63,56080.03,苏州,5,2025-12-13T23:29:00+08:00
SO-202508-001642,CUS-0047,B,2025-08-13T05:25:00+08:00,2025-08-15T17:25:00+08:00,delivered,CNY,379692.34,120598.14,6834.46,东莞,2,2025-08-20T05:25:00+08:00
SO-202509-001643,CUS-0085,B,2025-09-30T16:08:00+08:00,2025-10-04T04:08:00+08:00,cancelled,CNY,342753.42,71851.36,6169.56,青岛,1,2025-10-18T16:08:00+08:00
SO-202603-001644,CUS-0033,B,2026-03-02T17:44:00+08:00,2026-03-06T17:44:00+08:00,delivered,CNY,4961490.35,2202913.53,89306.83,青岛,4,2026-03-15T17:44:00+08:00
SO-202605-001645,CUS-0093,A,2026-05-31T02:36:00+08:00,2026-06-02T02:36:00+08:00,at_risk,CNY,2651688.97,854950.89,92809.11,武汉,1,2026-06-04T02:36:00+08:00
SO-202511-001646,CUS-0022,B,2025-11-13T04:20:00+08:00,2025-11-16T16:20:00+08:00,confirmed,CNY,2366371.52,792655.37,42594.69,武汉,5,2025-12-25T04:20:00+08:00
SO-202605-001647,CUS-0102,A,2026-05-11T06:51:00+08:00,2026-05-13T18:51:00+08:00,confirmed,CNY,1558280.82,665491.76,54539.83,青岛,2,2026-06-02T06:51:00+08:00
SO-202603-001648,CUS-0066,A,2026-03-05T08:00:00+08:00,2026-03-07T20:00:00+08:00,confirmed,CNY,3274516.86,849813.75,114608.09,青岛,3,2026-03-18T08:00:00+08:00
SO-202605-001649,CUS-0088,A,2026-05-21T12:59:00+08:00,2026-05-24T12:59:00+08:00,delivered,CNY,4512242.13,1641362.86,157928.47,武汉,4,2026-06-15T08:00:00+08:00
SO-202506-001650,CUS-0105,C,2025-06-18T10:16:00+08:00,2025-06-25T10:16:00+08:00,at_risk,CNY,10698471.43,3093915.15,85587.77,成都,3,2025-07-18T10:16:00+08:00
SO-202605-001651,CUS-0041,B,2026-05-05T02:11:00+08:00,2026-05-07T14:11:00+08:00,delivered,CNY,93531.86,32205.58,1683.57,成都,1,2026-06-07T02:11:00+08:00
SO-202510-001652,CUS-0058,C,2025-10-24T08:11:00+08:00,2025-10-29T08:11:00+08:00,delivered,CNY,6239013.69,2167128.37,49912.11,苏州,2,2025-11-12T08:11:00+08:00
SO-202601-001653,CUS-0025,B,2026-01-08T11:47:00+08:00,2026-01-11T23:47:00+08:00,at_risk,CNY,9996282.86,4034720.96,179933.09,东莞,5,2026-01-31T11:47:00+08:00
SO-202511-001654,CUS-0062,B,2025-11-16T12:30:00+08:00,2025-11-21T12:30:00+08:00,shipped,CNY,3504474.81,1387064.33,63080.55,苏州,3,2025-12-07T12:30:00+08:00
SO-202512-001655,CUS-0038,C,2025-12-03T21:55:00+08:00,2025-12-10T21:55:00+08:00,at_risk,CNY,13698802.22,4962950.36,109590.42,宁波,5,2026-01-09T21:55:00+08:00
SO-202602-001656,CUS-0089,B,2026-02-14T06:37:00+08:00,2026-02-17T18:37:00+08:00,overdue,CNY,36202.88,14977.01,651.65,宁波,1,2026-03-05T06:37:00+08:00
SO-202604-001657,CUS-0080,B,2026-04-23T05:23:00+08:00,2026-04-26T05:23:00+08:00,delivered,CNY,5038095.49,2040012.09,90685.72,武汉,3,2026-05-30T05:23:00+08:00
SO-202604-001658,CUS-0071,C,2026-04-08T13:03:00+08:00,2026-04-15T13:03:00+08:00,shipped,CNY,7243071.4,2748191.78,57944.57,杭州,5,2026-05-16T13:03:00+08:00
SO-202510-001659,CUS-0025,B,2025-10-14T01:02:00+08:00,2025-10-19T01:02:00+08:00,at_risk,CNY,4541170.76,1959159.22,81741.07,东莞,2,2025-10-21T01:02:00+08:00
SO-202507-001660,CUS-0054,C,2025-07-14T21:23:00+08:00,2025-07-19T09:23:00+08:00,at_risk,CNY,2702084.47,989759.06,21616.68,青岛,5,2025-07-20T21:23:00+08:00
SO-202605-001661,CUS-0083,B,2026-05-30T16:18:00+08:00,2026-06-02T16:18:00+08:00,shipped,CNY,1116163.22,329183.52,20090.94,苏州,2,2026-06-07T16:18:00+08:00
SO-202512-001662,CUS-0093,A,2025-12-10T09:09:00+08:00,2025-12-11T21:09:00+08:00,at_risk,CNY,4860625.67,2038025.68,170121.9,武汉,2,2025-12-19T09:09:00+08:00
SO-202603-001663,CUS-0095,B,2026-03-10T11:29:00+08:00,2026-03-14T11:29:00+08:00,cancelled,CNY,1569821.18,396551.89,28256.78,苏州,2,2026-04-07T11:29:00+08:00
SO-202604-001664,CUS-0049,C,2026-04-25T14:28:00+08:00,2026-05-02T14:28:00+08:00,delivered,CNY,1175954.61,445031.55,9407.64,东莞,2,2026-05-18T14:28:00+08:00
SO-202602-001665,CUS-0059,C,2026-02-17T05:52:00+08:00,2026-02-22T05:52:00+08:00,shipped,CNY,4927390.19,1655582.94,39419.12,天津,3,2026-04-03T05:52:00+08:00
SO-202601-001666,CUS-0089,B,2026-01-02T13:05:00+08:00,2026-01-06T01:05:00+08:00,at_risk,CNY,5253681.45,1946101.27,94566.27,宁波,4,2026-02-05T13:05:00+08:00
SO-202605-001667,CUS-0099,B,2026-05-27T11:01:00+08:00,2026-05-29T23:01:00+08:00,confirmed,CNY,6269530.99,2510811.3,112851.56,武汉,5,2026-06-15T08:00:00+08:00
SO-202512-001668,CUS-0040,C,2025-12-26T21:57:00+08:00,2025-12-31T09:57:00+08:00,delivered,CNY,10561124.75,4366921.3,84489.0,合肥,5,2026-01-17T21:57:00+08:00
SO-202507-001669,CUS-0056,B,2025-07-20T15:23:00+08:00,2025-07-25T15:23:00+08:00,delivered,CNY,67817.07,17321.17,1220.71,成都,1,2025-08-08T15:23:00+08:00
SO-202512-001670,CUS-0056,B,2025-12-07T03:55:00+08:00,2025-12-09T15:55:00+08:00,shipped,CNY,261425.66,91070.87,4705.66,成都,1,2025-12-31T03:55:00+08:00
SO-202507-001671,CUS-0056,B,2025-07-13T14:16:00+08:00,2025-07-16T14:16:00+08:00,cancelled,CNY,12810105.04,5263175.24,230581.89,成都,5,2025-07-28T14:16:00+08:00
SO-202510-001672,CUS-0031,C,2025-10-16T13:44:00+08:00,2025-10-21T13:44:00+08:00,overdue,CNY,56286.51,9907.31,450.29,青岛,1,2025-10-29T13:44:00+08:00
SO-202507-001673,CUS-0098,C,2025-07-09T13:54:00+08:00,2025-07-15T13:54:00+08:00,confirmed,CNY,5174654.9,1987308.24,41397.24,青岛,3,2025-07-25T13:54:00+08:00
SO-202509-001674,CUS-0109,C,2025-09-17T11:10:00+08:00,2025-09-24T11:10:00+08:00,shipped,CNY,1278444.41,510975.99,10227.56,东莞,2,2025-09-26T11:10:00+08:00
SO-202602-001675,CUS-0023,A,2026-02-08T20:31:00+08:00,2026-02-10T20:31:00+08:00,delivered,CNY,1775386.7,648473.5,62138.53,青岛,2,2026-03-23T20:31:00+08:00
SO-202602-001676,CUS-0104,C,2026-02-07T01:44:00+08:00,2026-02-12T13:44:00+08:00,shipped,CNY,2453466.09,944722.94,19627.73,武汉,3,2026-02-07T01:44:00+08:00
SO-202603-001677,CUS-0042,A,2026-03-04T17:11:00+08:00,2026-03-07T05:11:00+08:00,at_risk,CNY,219022.4,104849.52,7665.78,东莞,1,2026-03-28T17:11:00+08:00
SO-202602-001678,CUS-0071,C,2026-02-23T09:25:00+08:00,2026-02-28T09:25:00+08:00,confirmed,CNY,2192185.14,720036.99,17537.48,杭州,1,2026-04-06T09:25:00+08:00
SO-202602-001679,CUS-0009,C,2026-02-19T16:11:00+08:00,2026-02-24T04:11:00+08:00,overdue,CNY,800550.3,220907.42,6404.4,东莞,1,2026-03-09T16:11:00+08:00
SO-202512-001680,CUS-0015,C,2025-12-09T18:23:00+08:00,2025-12-16T18:23:00+08:00,at_risk,CNY,11225010.03,4365210.57,89800.08,上海,3,2025-12-28T18:23:00+08:00
SO-202510-001681,CUS-0038,C,2025-10-20T05:47:00+08:00,2025-10-25T17:47:00+08:00,shipped,CNY,2524027.49,1004005.88,20192.22,宁波,3,2025-11-16T05:47:00+08:00
SO-202508-001682,CUS-0069,A,2025-08-06T03:11:00+08:00,2025-08-07T15:11:00+08:00,shipped,CNY,5230745.73,1499379.36,183076.1,宁波,2,2025-08-27T03:11:00+08:00
SO-202601-001683,CUS-0116,C,2026-01-04T21:41:00+08:00,2026-01-09T21:41:00+08:00,at_risk,CNY,4654991.8,2188377.21,37239.93,合肥,4,2026-01-22T21:41:00+08:00
SO-202510-001684,CUS-0071,C,2025-10-22T07:25:00+08:00,2025-10-29T07:25:00+08:00,delivered,CNY,2478591.97,1007082.91,19828.74,杭州,3,2025-10-26T07:25:00+08:00
SO-202512-001685,CUS-0022,B,2025-12-30T19:56:00+08:00,2026-01-02T19:56:00+08:00,delivered,CNY,5917889.33,2771668.59,106522.01,武汉,3,2026-01-31T19:56:00+08:00
SO-202508-001686,CUS-0034,A,2025-08-14T14:09:00+08:00,2025-08-16T14:09:00+08:00,confirmed,CNY,459855.74,158502.46,16094.95,天津,2,2025-09-28T14:09:00+08:00
SO-202601-001687,CUS-0059,C,2026-01-14T14:44:00+08:00,2026-01-20T14:44:00+08:00,delivered,CNY,3307825.7,1280136.51,26462.61,天津,3,2026-01-14T14:44:00+08:00
SO-202510-001688,CUS-0016,C,2025-10-05T14:49:00+08:00,2025-10-11T02:49:00+08:00,shipped,CNY,830425.63,333547.55,6643.41,杭州,2,2025-10-23T14:49:00+08:00
SO-202512-001689,CUS-0013,B,2025-12-21T17:55:00+08:00,2025-12-25T05:55:00+08:00,shipped,CNY,1928729.87,807416.29,34717.14,成都,1,2026-01-08T17:55:00+08:00
SO-202605-001690,CUS-0092,B,2026-05-25T14:50:00+08:00,2026-05-29T02:50:00+08:00,confirmed,CNY,10675424.08,3949490.3,192157.63,苏州,5,2026-06-15T08:00:00+08:00
SO-202601-001691,CUS-0076,B,2026-01-29T05:48:00+08:00,2026-02-01T17:48:00+08:00,at_risk,CNY,4824105.14,1942556.09,86833.89,杭州,5,2026-01-29T05:48:00+08:00
SO-202606-001692,CUS-0052,C,2026-06-02T13:32:00+08:00,2026-06-08T13:32:00+08:00,at_risk,CNY,4284528.08,1760963.1,34276.22,上海,5,2026-06-12T13:32:00+08:00
SO-202512-001693,CUS-0026,B,2025-12-09T23:27:00+08:00,2025-12-13T11:27:00+08:00,delivered,CNY,2234273.83,537957.25,40216.93,天津,1,2026-01-10T23:27:00+08:00
SO-202507-001694,CUS-0021,B,2025-07-25T20:46:00+08:00,2025-07-30T20:46:00+08:00,delivered,CNY,5317139.68,2120551.54,95708.51,成都,5,2025-08-09T20:46:00+08:00
SO-202601-001695,CUS-0091,A,2026-01-12T23:52:00+08:00,2026-01-16T23:52:00+08:00,delivered,CNY,7862908.7,2375923.54,275201.8,上海,5,2026-01-20T23:52:00+08:00
SO-202605-001696,CUS-0058,C,2026-05-11T15:16:00+08:00,2026-05-17T03:16:00+08:00,shipped,CNY,2535803.31,847621.93,20286.43,苏州,4,2026-06-03T15:16:00+08:00
SO-202606-001697,CUS-0033,B,2026-06-13T21:47:00+08:00,2026-06-18T21:47:00+08:00,shipped,CNY,1407925.54,540243.5,25342.66,青岛,2,2026-06-15T08:00:00+08:00
SO-202601-001698,CUS-0005,A,2026-01-24T09:15:00+08:00,2026-01-26T21:15:00+08:00,confirmed,CNY,1689070.62,694953.68,59117.47,青岛,3,2026-02-25T09:15:00+08:00
SO-202601-001699,CUS-0022,B,2026-01-28T14:10:00+08:00,2026-01-31T14:10:00+08:00,at_risk,CNY,3486.34,1198.34,62.75,武汉,1,2026-02-20T14:10:00+08:00
SO-202507-001700,CUS-0050,B,2025-07-09T12:25:00+08:00,2025-07-13T12:25:00+08:00,delivered,CNY,125652.74,54673.68,2261.75,上海,1,2025-07-30T12:25:00+08:00
SO-202512-001701,CUS-0003,A,2025-12-17T04:34:00+08:00,2025-12-19T16:34:00+08:00,at_risk,CNY,3031269.57,1369751.92,106094.43,杭州,3,2026-01-20T04:34:00+08:00
SO-202601-001702,CUS-0087,B,2026-01-21T14:38:00+08:00,2026-01-24T02:38:00+08:00,confirmed,CNY,1606205.85,615440.61,28911.71,天津,3,2026-02-04T14:38:00+08:00
SO-202507-001703,CUS-0061,B,2025-07-09T22:13:00+08:00,2025-07-12T22:13:00+08:00,confirmed,CNY,2397135.63,548561.25,43148.44,上海,3,2025-07-23T22:13:00+08:00
SO-202509-001704,CUS-0054,C,2025-09-10T06:41:00+08:00,2025-09-16T06:41:00+08:00,delivered,CNY,225720.49,102122.37,1805.76,青岛,1,2025-09-28T06:41:00+08:00
SO-202507-001705,CUS-0008,A,2025-07-18T19:04:00+08:00,2025-07-20T19:04:00+08:00,delivered,CNY,41031.89,7482.77,1436.12,青岛,1,2025-08-10T19:04:00+08:00
SO-202509-001706,CUS-0036,B,2025-09-10T18:11:00+08:00,2025-09-14T06:11:00+08:00,overdue,CNY,4609303.03,1864707.55,82967.45,成都,5,2025-09-14T18:11:00+08:00
SO-202506-001707,CUS-0024,B,2025-06-26T11:45:00+08:00,2025-06-29T23:45:00+08:00,delivered,CNY,3425636.98,1276057.79,61661.47,合肥,5,2025-08-09T11:45:00+08:00
SO-202506-001708,CUS-0042,A,2025-06-24T08:44:00+08:00,2025-06-26T08:44:00+08:00,delivered,CNY,626143.15,208253.59,21915.01,东莞,2,2025-07-15T08:44:00+08:00
SO-202508-001709,CUS-0037,C,2025-08-22T00:26:00+08:00,2025-08-27T12:26:00+08:00,cancelled,CNY,2931308.58,951178.92,23450.47,杭州,4,2025-08-29T00:26:00+08:00
SO-202604-001710,CUS-0108,B,2026-04-03T05:01:00+08:00,2026-04-05T17:01:00+08:00,delivered,CNY,3500358.16,1130352.73,63006.45,上海,4,2026-04-21T05:01:00+08:00
SO-202510-001711,CUS-0087,B,2025-10-16T03:28:00+08:00,2025-10-20T03:28:00+08:00,at_risk,CNY,2318482.75,1067951.94,41732.69,天津,2,2025-11-03T03:28:00+08:00
SO-202605-001712,CUS-0086,B,2026-05-15T11:26:00+08:00,2026-05-20T11:26:00+08:00,delivered,CNY,1522921.63,594010.92,27412.59,青岛,1,2026-05-28T11:26:00+08:00
SO-202510-001713,CUS-0110,B,2025-10-02T07:11:00+08:00,2025-10-07T07:11:00+08:00,delivered,CNY,10345.09,4466.88,186.21,成都,1,2025-11-15T07:11:00+08:00
SO-202601-001714,CUS-0100,B,2026-01-28T16:31:00+08:00,2026-01-31T04:31:00+08:00,delivered,CNY,4793421.67,1607000.84,86281.59,成都,5,2026-03-13T16:31:00+08:00
SO-202601-001715,CUS-0093,A,2026-01-22T07:06:00+08:00,2026-01-24T19:06:00+08:00,delivered,CNY,4719584.22,1547840.21,165185.45,武汉,5,2026-02-19T07:06:00+08:00
SO-202602-001716,CUS-0012,C,2026-02-16T02:55:00+08:00,2026-02-21T14:55:00+08:00,cancelled,CNY,1458022.51,615105.14,11664.18,宁波,4,2026-02-26T02:55:00+08:00
SO-202602-001717,CUS-0080,B,2026-02-09T19:23:00+08:00,2026-02-13T07:23:00+08:00,delivered,CNY,5313060.36,2078897.43,95635.09,武汉,3,2026-03-22T19:23:00+08:00
SO-202602-001718,CUS-0024,B,2026-02-14T15:08:00+08:00,2026-02-18T03:08:00+08:00,delivered,CNY,4442718.81,1773804.53,79968.94,合肥,5,2026-02-19T15:08:00+08:00
SO-202606-001719,CUS-0008,A,2026-06-03T00:05:00+08:00,2026-06-05T12:05:00+08:00,shipped,CNY,1362768.67,485033.45,47696.9,青岛,3,2026-06-06T00:05:00+08:00
SO-202604-001720,CUS-0013,B,2026-04-16T16:43:00+08:00,2026-04-19T04:43:00+08:00,confirmed,CNY,6079400.25,2213370.4,109429.2,成都,4,2026-04-21T16:43:00+08:00
SO-202603-001721,CUS-0005,A,2026-03-20T10:57:00+08:00,2026-03-24T10:57:00+08:00,shipped,CNY,13862.08,3449.88,485.17,青岛,1,2026-04-21T10:57:00+08:00
SO-202511-001722,CUS-0028,B,2025-11-27T10:15:00+08:00,2025-12-01T10:15:00+08:00,at_risk,CNY,1113742.01,383610.98,20047.36,成都,5,2025-12-02T10:15:00+08:00
SO-202507-001723,CUS-0042,A,2025-07-24T19:52:00+08:00,2025-07-26T07:52:00+08:00,cancelled,CNY,2265619.5,853985.12,79296.68,东莞,4,2025-07-25T19:52:00+08:00
SO-202603-001724,CUS-0041,B,2026-03-01T21:45:00+08:00,2026-03-04T09:45:00+08:00,confirmed,CNY,2168983.69,924836.14,39041.71,成都,5,2026-03-30T21:45:00+08:00
SO-202603-001725,CUS-0006,C,2026-03-13T16:10:00+08:00,2026-03-19T16:10:00+08:00,overdue,CNY,620764.16,269277.31,4966.11,杭州,1,2026-03-17T16:10:00+08:00
SO-202604-001726,CUS-0107,B,2026-04-18T17:26:00+08:00,2026-04-22T05:26:00+08:00,shipped,CNY,8881836.12,3739389.06,159873.05,成都,5,2026-04-29T17:26:00+08:00
SO-202606-001727,CUS-0040,C,2026-06-05T05:06:00+08:00,2026-06-09T17:06:00+08:00,confirmed,CNY,3134530.78,1149909.03,25076.25,合肥,4,2026-06-08T05:06:00+08:00
SO-202512-001728,CUS-0088,A,2025-12-11T19:40:00+08:00,2025-12-14T19:40:00+08:00,shipped,CNY,1351338.11,533828.51,47296.83,武汉,2,2025-12-19T19:40:00+08:00
SO-202512-001729,CUS-0044,B,2025-12-12T10:22:00+08:00,2025-12-16T10:22:00+08:00,confirmed,CNY,3085538.99,1311931.16,55539.7,宁波,3,2025-12-31T10:22:00+08:00
SO-202511-001730,CUS-0086,B,2025-11-13T02:29:00+08:00,2025-11-15T14:29:00+08:00,confirmed,CNY,9805718.96,3656554.0,176502.94,青岛,5,2025-11-22T02:29:00+08:00
SO-202507-001731,CUS-0072,B,2025-07-20T18:39:00+08:00,2025-07-23T18:39:00+08:00,delivered,CNY,3492418.67,811111.62,62863.54,天津,3,2025-07-31T18:39:00+08:00
SO-202605-001732,CUS-0107,B,2026-05-19T19:51:00+08:00,2026-05-24T19:51:00+08:00,confirmed,CNY,3461743.31,1300733.19,62311.38,成都,5,2026-06-14T19:51:00+08:00
SO-202510-001733,CUS-0104,C,2025-10-30T16:58:00+08:00,2025-11-05T04:58:00+08:00,at_risk,CNY,3677887.13,1131183.99,29423.1,武汉,3,2025-11-16T16:58:00+08:00
SO-202601-001734,CUS-0015,C,2026-01-06T13:34:00+08:00,2026-01-12T01:34:00+08:00,confirmed,CNY,6659736.06,2163863.53,53277.89,上海,5,2026-02-16T13:34:00+08:00
SO-202512-001735,CUS-0020,B,2025-12-24T23:33:00+08:00,2025-12-28T11:33:00+08:00,confirmed,CNY,3446119.14,1052022.97,62030.14,宁波,4,2025-12-31T23:33:00+08:00
SO-202604-001736,CUS-0020,B,2026-04-20T12:50:00+08:00,2026-04-24T12:50:00+08:00,confirmed,CNY,695105.33,174643.22,12511.9,宁波,2,2026-05-11T12:50:00+08:00
SO-202508-001737,CUS-0007,B,2025-08-14T09:31:00+08:00,2025-08-19T09:31:00+08:00,cancelled,CNY,4505870.78,1864552.6,81105.67,武汉,4,2025-08-30T09:31:00+08:00
SO-202605-001738,CUS-0115,C,2026-05-22T14:45:00+08:00,2026-05-28T14:45:00+08:00,confirmed,CNY,394671.26,143776.18,3157.37,东莞,3,2026-06-15T08:00:00+08:00
SO-202507-001739,CUS-0078,B,2025-07-18T09:27:00+08:00,2025-07-22T09:27:00+08:00,at_risk,CNY,2319296.24,917164.99,41747.33,武汉,4,2025-08-10T09:27:00+08:00
SO-202603-001740,CUS-0071,C,2026-03-22T09:25:00+08:00,2026-03-28T09:25:00+08:00,at_risk,CNY,2049460.61,910926.75,16395.68,杭州,1,2026-04-30T09:25:00+08:00
SO-202508-001741,CUS-0074,C,2025-08-31T04:42:00+08:00,2025-09-07T04:42:00+08:00,at_risk,CNY,816622.67,279151.35,6532.98,苏州,1,2025-10-12T04:42:00+08:00
SO-202507-001742,CUS-0106,A,2025-07-18T05:41:00+08:00,2025-07-22T05:41:00+08:00,at_risk,CNY,155843.95,72392.57,5454.54,天津,1,2025-08-03T05:41:00+08:00
SO-202603-001743,CUS-0067,B,2026-03-08T16:03:00+08:00,2026-03-13T16:03:00+08:00,delivered,CNY,678752.71,316666.05,12217.55,青岛,1,2026-03-31T16:03:00+08:00
SO-202603-001744,CUS-0041,B,2026-03-28T07:48:00+08:00,2026-03-31T07:48:00+08:00,shipped,CNY,7084637.2,2960886.68,127523.47,成都,4,2026-04-06T07:48:00+08:00
SO-202507-001745,CUS-0055,C,2025-07-26T18:53:00+08:00,2025-07-31T18:53:00+08:00,delivered,CNY,2203180.5,712104.66,17625.44,上海,3,2025-08-13T18:53:00+08:00
SO-202604-001746,CUS-0032,A,2026-04-21T17:10:00+08:00,2026-04-24T17:10:00+08:00,confirmed,CNY,1699661.01,561274.69,59488.14,苏州,2,2026-04-28T17:10:00+08:00
SO-202510-001747,CUS-0089,B,2025-10-22T17:56:00+08:00,2025-10-26T05:56:00+08:00,confirmed,CNY,2994635.61,1091796.21,53903.44,宁波,4,2025-11-28T17:56:00+08:00
SO-202510-001748,CUS-0015,C,2025-10-15T12:10:00+08:00,2025-10-20T00:10:00+08:00,delivered,CNY,6764365.92,2806413.57,54114.93,上海,4,2025-11-10T12:10:00+08:00
SO-202508-001749,CUS-0044,B,2025-08-17T21:02:00+08:00,2025-08-21T09:02:00+08:00,overdue,CNY,2361829.77,926792.58,42512.94,宁波,2,2025-09-06T21:02:00+08:00
SO-202601-001750,CUS-0049,C,2026-01-11T17:03:00+08:00,2026-01-18T17:03:00+08:00,shipped,CNY,2592212.17,987794.33,20737.7,东莞,2,2026-02-20T17:03:00+08:00
SO-202511-001751,CUS-0101,C,2025-11-01T04:37:00+08:00,2025-11-06T16:37:00+08:00,delivered,CNY,6722870.6,2520876.1,53782.96,武汉,5,2025-11-09T04:37:00+08:00
SO-202601-001752,CUS-0003,A,2026-01-03T01:33:00+08:00,2026-01-07T01:33:00+08:00,delivered,CNY,5581616.09,2023232.55,195356.56,杭州,5,2026-01-22T01:33:00+08:00
SO-202508-001753,CUS-0041,B,2025-08-27T07:06:00+08:00,2025-08-30T07:06:00+08:00,delivered,CNY,1093596.55,365934.65,19684.74,成都,4,2025-10-03T07:06:00+08:00
SO-202603-001754,CUS-0030,B,2026-03-11T09:13:00+08:00,2026-03-14T09:13:00+08:00,at_risk,CNY,3665625.78,1642501.3,65981.26,上海,2,2026-04-08T09:13:00+08:00
SO-202509-001755,CUS-0007,B,2025-09-12T19:27:00+08:00,2025-09-17T19:27:00+08:00,at_risk,CNY,4512593.92,1396283.14,81226.69,武汉,5,2025-10-22T19:27:00+08:00
SO-202604-001756,CUS-0023,A,2026-04-15T01:58:00+08:00,2026-04-19T01:58:00+08:00,delivered,CNY,7512699.67,2529794.28,262944.49,青岛,3,2026-05-01T01:58:00+08:00
SO-202510-001757,CUS-0070,A,2025-10-01T01:44:00+08:00,2025-10-03T13:44:00+08:00,delivered,CNY,5111677.36,2087887.87,178908.71,苏州,5,2025-11-12T01:44:00+08:00
SO-202509-001758,CUS-0023,A,2025-09-06T20:46:00+08:00,2025-09-08T20:46:00+08:00,delivered,CNY,1408764.61,460320.09,49306.76,青岛,2,2025-10-06T20:46:00+08:00
SO-202509-001759,CUS-0083,B,2025-09-17T02:47:00+08:00,2025-09-19T14:47:00+08:00,delivered,CNY,2872672.58,880386.47,51708.11,苏州,3,2025-10-30T02:47:00+08:00
SO-202511-001760,CUS-0074,C,2025-11-13T06:01:00+08:00,2025-11-18T06:01:00+08:00,cancelled,CNY,3714870.54,1410928.53,29718.96,苏州,4,2025-11-15T06:01:00+08:00
SO-202512-001761,CUS-0043,C,2025-12-27T17:43:00+08:00,2026-01-02T17:43:00+08:00,overdue,CNY,2933256.7,1051708.56,23466.05,武汉,5,2026-01-16T17:43:00+08:00
SO-202605-001762,CUS-0091,A,2026-05-07T00:08:00+08:00,2026-05-09T00:08:00+08:00,confirmed,CNY,2640348.28,1223808.66,92412.19,上海,2,2026-06-15T08:00:00+08:00
SO-202510-001763,CUS-0068,A,2025-10-06T03:59:00+08:00,2025-10-08T15:59:00+08:00,cancelled,CNY,4665049.93,1582265.08,163276.75,成都,5,2025-11-20T03:59:00+08:00
SO-202511-001764,CUS-0108,B,2025-11-17T03:30:00+08:00,2025-11-19T15:30:00+08:00,delivered,CNY,59053.01,13072.74,1062.95,上海,1,2025-12-23T03:30:00+08:00
SO-202603-001765,CUS-0116,C,2026-03-23T01:59:00+08:00,2026-03-27T13:59:00+08:00,delivered,CNY,2097983.6,751813.6,16783.87,合肥,4,2026-03-30T01:59:00+08:00
SO-202605-001766,CUS-0066,A,2026-05-10T16:15:00+08:00,2026-05-14T16:15:00+08:00,at_risk,CNY,2540996.71,942018.55,88934.89,青岛,4,2026-06-15T08:00:00+08:00
SO-202509-001767,CUS-0021,B,2025-09-10T12:44:00+08:00,2025-09-13T00:44:00+08:00,delivered,CNY,3723988.77,1599258.01,67031.8,成都,3,2025-09-24T12:44:00+08:00
SO-202605-001768,CUS-0046,B,2026-05-10T09:50:00+08:00,2026-05-15T09:50:00+08:00,confirmed,CNY,1036347.86,353443.23,18654.26,青岛,4,2026-06-03T09:50:00+08:00
SO-202510-001769,CUS-0087,B,2025-10-17T12:32:00+08:00,2025-10-20T12:32:00+08:00,overdue,CNY,1444273.7,664427.75,25996.93,天津,2,2025-10-28T12:32:00+08:00
SO-202604-001770,CUS-0093,A,2026-04-03T04:56:00+08:00,2026-04-04T16:56:00+08:00,delivered,CNY,3183292.39,1007210.82,111415.23,武汉,3,2026-04-17T04:56:00+08:00
SO-202511-001771,CUS-0046,B,2025-11-30T12:36:00+08:00,2025-12-05T12:36:00+08:00,delivered,CNY,1619826.02,660588.98,29156.87,青岛,3,2025-12-15T12:36:00+08:00
SO-202511-001772,CUS-0098,C,2025-11-01T01:45:00+08:00,2025-11-05T13:45:00+08:00,shipped,CNY,443287.3,196954.96,3546.3,青岛,1,2025-11-03T01:45:00+08:00
SO-202509-001773,CUS-0103,B,2025-09-29T13:48:00+08:00,2025-10-04T13:48:00+08:00,at_risk,CNY,7203992.58,1888909.07,129671.87,宁波,2,2025-11-12T13:48:00+08:00
SO-202603-001774,CUS-0049,C,2026-03-21T09:19:00+08:00,2026-03-27T09:19:00+08:00,delivered,CNY,4513616.47,1555350.13,36108.93,东莞,5,2026-04-18T09:19:00+08:00
SO-202602-001775,CUS-0117,C,2026-02-08T08:18:00+08:00,2026-02-13T08:18:00+08:00,shipped,CNY,7873727.88,2860470.71,62989.82,苏州,3,2026-03-21T08:18:00+08:00
SO-202605-001776,CUS-0037,C,2026-05-06T09:07:00+08:00,2026-05-11T21:07:00+08:00,delivered,CNY,2014971.88,542330.64,16119.78,杭州,1,2026-06-15T08:00:00+08:00
SO-202606-001777,CUS-0013,B,2026-06-12T10:02:00+08:00,2026-06-17T10:02:00+08:00,delivered,CNY,1623986.72,413399.96,29231.76,成都,2,2026-06-15T08:00:00+08:00
SO-202606-001778,CUS-0021,B,2026-06-11T20:15:00+08:00,2026-06-15T08:15:00+08:00,shipped,CNY,3453473.78,1403976.2,62162.53,成都,4,2026-06-12T20:15:00+08:00
SO-202605-001779,CUS-0039,B,2026-05-17T17:16:00+08:00,2026-05-20T05:16:00+08:00,delivered,CNY,2468422.81,811971.09,44431.61,武汉,1,2026-06-15T08:00:00+08:00
SO-202509-001780,CUS-0014,C,2025-09-12T02:03:00+08:00,2025-09-16T14:03:00+08:00,shipped,CNY,3646158.06,1517530.57,29169.26,东莞,3,2025-10-03T02:03:00+08:00
SO-202602-001781,CUS-0108,B,2026-02-12T05:40:00+08:00,2026-02-14T17:40:00+08:00,delivered,CNY,740887.86,201401.33,13335.98,上海,3,2026-03-24T05:40:00+08:00
SO-202508-001782,CUS-0103,B,2025-08-17T07:58:00+08:00,2025-08-20T07:58:00+08:00,at_risk,CNY,10409989.83,4212104.6,187379.82,宁波,5,2025-09-30T07:58:00+08:00
SO-202602-001783,CUS-0028,B,2026-02-24T17:35:00+08:00,2026-02-28T17:35:00+08:00,delivered,CNY,6196680.17,2415402.96,111540.24,成都,5,2026-03-04T17:35:00+08:00
SO-202508-001784,CUS-0053,B,2025-08-14T15:48:00+08:00,2025-08-17T03:48:00+08:00,delivered,CNY,2207120.28,979090.98,39728.16,成都,2,2025-09-20T15:48:00+08:00
SO-202512-001785,CUS-0103,B,2025-12-21T03:01:00+08:00,2025-12-25T03:01:00+08:00,shipped,CNY,16580890.27,7829323.64,298456.02,宁波,5,2025-12-22T03:01:00+08:00
SO-202512-001786,CUS-0082,C,2025-12-16T10:11:00+08:00,2025-12-21T10:11:00+08:00,delivered,CNY,3666472.41,1408737.56,29331.78,武汉,1,2026-01-07T10:11:00+08:00
SO-202506-001787,CUS-0059,C,2025-06-16T21:02:00+08:00,2025-06-23T21:02:00+08:00,delivered,CNY,948523.73,269990.99,7588.19,天津,2,2025-06-22T21:02:00+08:00
SO-202605-001788,CUS-0029,B,2026-05-10T10:47:00+08:00,2026-05-12T22:47:00+08:00,delivered,CNY,5041958.41,2261015.8,90755.25,武汉,3,2026-05-19T10:47:00+08:00
SO-202511-001789,CUS-0065,A,2025-11-24T13:54:00+08:00,2025-11-26T01:54:00+08:00,cancelled,CNY,592900.8,226744.02,20751.53,宁波,3,2025-12-27T13:54:00+08:00
SO-202606-001790,CUS-0082,C,2026-06-02T17:13:00+08:00,2026-06-07T05:13:00+08:00,delivered,CNY,2648475.96,951453.4,21187.81,武汉,4,2026-06-15T08:00:00+08:00
SO-202510-001791,CUS-0033,B,2025-10-28T21:26:00+08:00,2025-11-01T21:26:00+08:00,delivered,CNY,1010618.81,436912.97,18191.14,青岛,1,2025-11-13T21:26:00+08:00
SO-202602-001792,CUS-0107,B,2026-02-28T02:25:00+08:00,2026-03-04T02:25:00+08:00,shipped,CNY,277361.86,94888.14,4992.51,成都,1,2026-03-11T02:25:00+08:00
SO-202604-001793,CUS-0034,A,2026-04-09T21:28:00+08:00,2026-04-13T21:28:00+08:00,cancelled,CNY,1690654.76,621118.8,59172.92,天津,1,2026-04-26T21:28:00+08:00
SO-202510-001794,CUS-0092,B,2025-10-03T00:39:00+08:00,2025-10-05T12:39:00+08:00,confirmed,CNY,4203034.33,1476474.99,75654.62,苏州,5,2025-10-30T00:39:00+08:00
SO-202507-001795,CUS-0032,A,2025-07-03T10:41:00+08:00,2025-07-06T10:41:00+08:00,overdue,CNY,10325805.22,3540905.96,361403.18,苏州,4,2025-07-28T10:41:00+08:00
SO-202509-001796,CUS-0048,A,2025-09-28T01:01:00+08:00,2025-09-29T13:01:00+08:00,at_risk,CNY,579917.28,205016.62,20297.1,上海,3,2025-10-02T01:01:00+08:00
SO-202509-001797,CUS-0106,A,2025-09-27T07:54:00+08:00,2025-09-28T19:54:00+08:00,shipped,CNY,861725.9,241839.1,30160.41,天津,1,2025-10-23T07:54:00+08:00
SO-202602-001798,CUS-0118,C,2026-02-28T17:34:00+08:00,2026-03-05T17:34:00+08:00,delivered,CNY,2926084.9,857534.15,23408.68,上海,4,2026-03-03T17:34:00+08:00
SO-202602-001799,CUS-0075,C,2026-02-24T00:20:00+08:00,2026-03-02T00:20:00+08:00,delivered,CNY,4914337.15,2149081.18,39314.7,成都,4,2026-03-08T00:20:00+08:00
SO-202510-001800,CUS-0045,B,2025-10-18T03:33:00+08:00,2025-10-22T03:33:00+08:00,at_risk,CNY,916005.88,345332.39,16488.11,成都,5,2025-10-28T03:33:00+08:00
SO-202510-001801,CUS-0107,B,2025-10-10T16:14:00+08:00,2025-10-13T04:14:00+08:00,at_risk,CNY,5466399.86,1926162.16,98395.2,成都,5,2025-10-18T16:14:00+08:00
SO-202606-001802,CUS-0033,B,2026-06-11T08:35:00+08:00,2026-06-16T08:35:00+08:00,delivered,CNY,4373822.64,1653026.86,78728.81,青岛,4,2026-06-15T08:00:00+08:00
SO-202604-001803,CUS-0013,B,2026-04-27T14:31:00+08:00,2026-05-01T02:31:00+08:00,shipped,CNY,5445670.7,1619085.8,98022.07,成都,1,2026-05-28T14:31:00+08:00
SO-202508-001804,CUS-0056,B,2025-08-10T17:51:00+08:00,2025-08-15T17:51:00+08:00,at_risk,CNY,8132979.93,3523889.11,146393.64,成都,3,2025-08-19T17:51:00+08:00
SO-202601-001805,CUS-0120,B,2026-01-31T08:05:00+08:00,2026-02-05T08:05:00+08:00,shipped,CNY,9447277.6,4068138.35,170051.0,青岛,5,2026-02-05T08:05:00+08:00
SO-202602-001806,CUS-0076,B,2026-02-12T09:28:00+08:00,2026-02-16T09:28:00+08:00,delivered,CNY,455526.41,190481.66,8199.48,杭州,1,2026-03-06T09:28:00+08:00
SO-202601-001807,CUS-0111,C,2026-01-11T08:59:00+08:00,2026-01-15T20:59:00+08:00,delivered,CNY,1812393.43,680321.23,14499.15,上海,2,2026-01-15T08:59:00+08:00
SO-202602-001808,CUS-0060,B,2026-02-13T10:47:00+08:00,2026-02-15T22:47:00+08:00,delivered,CNY,2098300.6,755222.34,37769.41,上海,2,2026-02-28T10:47:00+08:00
SO-202508-001809,CUS-0078,B,2025-08-27T07:55:00+08:00,2025-08-29T19:55:00+08:00,cancelled,CNY,136636.71,41155.17,2459.46,武汉,4,2025-09-13T07:55:00+08:00
SO-202507-001810,CUS-0040,C,2025-07-28T11:32:00+08:00,2025-08-02T23:32:00+08:00,shipped,CNY,2546963.98,886835.04,20375.71,合肥,4,2025-08-03T11:32:00+08:00
SO-202602-001811,CUS-0061,B,2026-02-03T03:37:00+08:00,2026-02-06T03:37:00+08:00,delivered,CNY,1194378.66,333069.31,21498.82,上海,2,2026-02-24T03:37:00+08:00
SO-202509-001812,CUS-0001,C,2025-09-15T05:19:00+08:00,2025-09-19T17:19:00+08:00,confirmed,CNY,7013201.43,2609812.42,56105.61,苏州,5,2025-10-11T05:19:00+08:00
SO-202507-001813,CUS-0080,B,2025-07-13T00:05:00+08:00,2025-07-17T00:05:00+08:00,delivered,CNY,3184127.26,1265056.08,57314.29,武汉,3,2025-08-23T00:05:00+08:00
SO-202602-001814,CUS-0034,A,2026-02-12T14:41:00+08:00,2026-02-16T14:41:00+08:00,shipped,CNY,1249308.85,517969.89,43725.81,天津,4,2026-03-13T14:41:00+08:00
SO-202606-001815,CUS-0060,B,2026-06-04T11:40:00+08:00,2026-06-08T11:40:00+08:00,confirmed,CNY,3747479.11,1068690.47,67454.62,上海,5,2026-06-15T08:00:00+08:00
SO-202509-001816,CUS-0109,C,2025-09-28T02:17:00+08:00,2025-10-03T02:17:00+08:00,delivered,CNY,148469.45,63759.85,1187.76,东莞,2,2025-10-14T02:17:00+08:00
SO-202604-001817,CUS-0068,A,2026-04-02T19:29:00+08:00,2026-04-05T19:29:00+08:00,at_risk,CNY,5897585.34,2663275.34,206415.49,成都,5,2026-05-06T19:29:00+08:00
SO-202512-001818,CUS-0113,B,2025-12-25T08:53:00+08:00,2025-12-28T20:53:00+08:00,delivered,CNY,5762514.89,2244654.09,103725.27,天津,2,2025-12-31T08:53:00+08:00
SO-202602-001819,CUS-0066,A,2026-02-15T03:00:00+08:00,2026-02-19T03:00:00+08:00,confirmed,CNY,1237928.2,436274.26,43327.49,青岛,5,2026-03-24T03:00:00+08:00
SO-202507-001820,CUS-0059,C,2025-07-27T07:41:00+08:00,2025-07-31T19:41:00+08:00,delivered,CNY,7131685.09,3294121.03,57053.48,天津,2,2025-08-12T07:41:00+08:00
SO-202603-001821,CUS-0015,C,2026-03-04T21:55:00+08:00,2026-03-09T21:55:00+08:00,confirmed,CNY,605611.39,129356.06,4844.89,上海,2,2026-03-05T21:55:00+08:00
SO-202605-001822,CUS-0053,B,2026-05-04T09:01:00+08:00,2026-05-09T09:01:00+08:00,delivered,CNY,4673305.42,1526109.34,84119.5,成都,4,2026-05-28T09:01:00+08:00
SO-202602-001823,CUS-0029,B,2026-02-02T06:19:00+08:00,2026-02-07T06:19:00+08:00,confirmed,CNY,4864455.63,1396310.97,87560.2,武汉,5,2026-02-09T06:19:00+08:00
SO-202604-001824,CUS-0067,B,2026-04-02T19:03:00+08:00,2026-04-05T19:03:00+08:00,delivered,CNY,1922215.37,645570.63,34599.88,青岛,3,2026-04-14T19:03:00+08:00
SO-202508-001825,CUS-0008,A,2025-08-31T06:37:00+08:00,2025-09-02T18:37:00+08:00,at_risk,CNY,3435070.86,1192284.4,120227.48,青岛,2,2025-09-10T06:37:00+08:00
SO-202605-001826,CUS-0063,B,2026-05-16T06:01:00+08:00,2026-05-20T06:01:00+08:00,delivered,CNY,3747158.22,1518870.48,67448.85,杭州,1,2026-05-28T06:01:00+08:00
SO-202510-001827,CUS-0086,B,2025-10-12T18:37:00+08:00,2025-10-17T18:37:00+08:00,at_risk,CNY,489217.5,170092.17,8805.92,青岛,1,2025-11-02T18:37:00+08:00
SO-202511-001828,CUS-0040,C,2025-11-06T07:03:00+08:00,2025-11-13T07:03:00+08:00,shipped,CNY,9788034.47,4348847.72,78304.28,合肥,5,2025-11-23T07:03:00+08:00
SO-202510-001829,CUS-0104,C,2025-10-18T08:23:00+08:00,2025-10-22T20:23:00+08:00,overdue,CNY,909044.2,271704.53,7272.35,武汉,5,2025-12-01T08:23:00+08:00
SO-202506-001830,CUS-0007,B,2025-06-26T19:33:00+08:00,2025-07-01T19:33:00+08:00,overdue,CNY,1406781.74,443118.66,25322.07,武汉,5,2025-07-19T19:33:00+08:00
SO-202511-001831,CUS-0023,A,2025-11-18T15:09:00+08:00,2025-11-21T15:09:00+08:00,shipped,CNY,1362906.97,586334.03,47701.74,青岛,1,2025-12-17T15:09:00+08:00
SO-202604-001832,CUS-0022,B,2026-04-18T07:21:00+08:00,2026-04-21T19:21:00+08:00,confirmed,CNY,4678708.28,1413405.87,84216.75,武汉,2,2026-04-20T07:21:00+08:00
SO-202509-001833,CUS-0113,B,2025-09-11T14:56:00+08:00,2025-09-15T02:56:00+08:00,shipped,CNY,2486267.79,1014886.34,44752.82,天津,2,2025-10-14T14:56:00+08:00
SO-202602-001834,CUS-0101,C,2026-02-14T21:04:00+08:00,2026-02-19T09:04:00+08:00,delivered,CNY,6210688.08,2061400.2,49685.5,武汉,4,2026-02-19T21:04:00+08:00
SO-202511-001835,CUS-0120,B,2025-11-25T12:34:00+08:00,2025-11-28T12:34:00+08:00,shipped,CNY,29153.28,12037.92,524.76,青岛,1,2025-12-29T12:34:00+08:00
SO-202512-001836,CUS-0064,C,2025-12-05T13:01:00+08:00,2025-12-12T13:01:00+08:00,delivered,CNY,312980.98,130750.07,2503.85,东莞,3,2025-12-21T13:01:00+08:00
SO-202510-001837,CUS-0118,C,2025-10-11T16:58:00+08:00,2025-10-18T16:58:00+08:00,shipped,CNY,1810114.06,742125.08,14480.91,上海,5,2025-10-31T16:58:00+08:00
SO-202605-001838,CUS-0108,B,2026-05-12T19:41:00+08:00,2026-05-16T07:41:00+08:00,confirmed,CNY,557055.57,199212.37,10027.0,上海,1,2026-05-12T19:41:00+08:00
SO-202507-001839,CUS-0086,B,2025-07-10T11:14:00+08:00,2025-07-13T11:14:00+08:00,confirmed,CNY,3197377.5,1195328.73,57552.8,青岛,4,2025-08-23T11:14:00+08:00
SO-202602-001840,CUS-0064,C,2026-02-10T00:29:00+08:00,2026-02-15T00:29:00+08:00,delivered,CNY,1797895.43,667374.5,14383.16,东莞,3,2026-02-25T00:29:00+08:00
SO-202605-001841,CUS-0042,A,2026-05-21T08:20:00+08:00,2026-05-22T20:20:00+08:00,delivered,CNY,2015141.64,575799.78,70529.96,东莞,1,2026-06-02T08:20:00+08:00
SO-202603-001842,CUS-0057,C,2026-03-11T12:26:00+08:00,2026-03-17T12:26:00+08:00,confirmed,CNY,4340983.94,1749977.31,34727.87,成都,3,2026-04-18T12:26:00+08:00
SO-202506-001843,CUS-0095,B,2025-06-24T20:24:00+08:00,2025-06-28T08:24:00+08:00,delivered,CNY,3892654.47,1665466.91,70067.78,苏州,5,2025-07-24T20:24:00+08:00
SO-202601-001844,CUS-0100,B,2026-01-06T03:29:00+08:00,2026-01-08T15:29:00+08:00,delivered,CNY,286583.79,126387.75,5158.51,成都,1,2026-01-10T03:29:00+08:00
SO-202508-001845,CUS-0081,B,2025-08-09T23:07:00+08:00,2025-08-13T23:07:00+08:00,shipped,CNY,2208921.31,775599.01,39760.58,天津,4,2025-08-14T23:07:00+08:00
SO-202506-001846,CUS-0115,C,2025-06-27T04:31:00+08:00,2025-07-02T04:31:00+08:00,shipped,CNY,421315.52,166839.92,3370.52,东莞,1,2025-07-21T04:31:00+08:00
SO-202605-001847,CUS-0101,C,2026-05-25T01:21:00+08:00,2026-06-01T01:21:00+08:00,at_risk,CNY,15438.32,3784.48,123.51,武汉,1,2026-06-15T08:00:00+08:00
SO-202506-001848,CUS-0085,B,2025-06-29T09:45:00+08:00,2025-07-04T09:45:00+08:00,delivered,CNY,543805.64,198573.08,9788.5,青岛,2,2025-07-16T09:45:00+08:00
SO-202512-001849,CUS-0036,B,2025-12-18T21:33:00+08:00,2025-12-22T09:33:00+08:00,delivered,CNY,2587968.98,921291.48,46583.44,成都,4,2025-12-27T21:33:00+08:00
SO-202512-001850,CUS-0061,B,2025-12-17T20:21:00+08:00,2025-12-20T20:21:00+08:00,confirmed,CNY,6137623.82,1967909.42,110477.23,上海,5,2026-01-10T20:21:00+08:00
SO-202512-001851,CUS-0017,C,2025-12-26T17:07:00+08:00,2025-12-31T05:07:00+08:00,confirmed,CNY,4761683.95,1828527.69,38093.47,青岛,4,2026-01-10T17:07:00+08:00
SO-202509-001852,CUS-0079,C,2025-09-01T21:09:00+08:00,2025-09-07T09:09:00+08:00,shipped,CNY,2916775.16,691003.88,23334.2,东莞,4,2025-09-25T21:09:00+08:00
SO-202512-001853,CUS-0016,C,2025-12-27T12:42:00+08:00,2026-01-02T12:42:00+08:00,confirmed,CNY,1003533.33,335952.74,8028.27,杭州,2,2026-01-12T12:42:00+08:00
SO-202508-001854,CUS-0088,A,2025-08-20T04:30:00+08:00,2025-08-21T16:30:00+08:00,confirmed,CNY,1475535.53,570334.9,51643.74,武汉,4,2025-09-20T04:30:00+08:00
SO-202510-001855,CUS-0039,B,2025-10-28T18:54:00+08:00,2025-10-31T18:54:00+08:00,delivered,CNY,14909.9,6279.62,268.38,武汉,1,2025-12-08T18:54:00+08:00
SO-202605-001856,CUS-0052,C,2026-05-06T23:38:00+08:00,2026-05-11T11:38:00+08:00,delivered,CNY,364869.14,105553.04,2918.95,上海,2,2026-05-19T23:38:00+08:00
SO-202507-001857,CUS-0097,B,2025-07-04T07:33:00+08:00,2025-07-07T19:33:00+08:00,delivered,CNY,4680249.51,1713085.08,84244.49,杭州,2,2025-07-11T07:33:00+08:00
SO-202602-001858,CUS-0054,C,2026-02-13T09:25:00+08:00,2026-02-18T21:25:00+08:00,delivered,CNY,2928992.55,1161406.29,23431.94,青岛,3,2026-02-21T09:25:00+08:00
SO-202507-001859,CUS-0098,C,2025-07-18T21:30:00+08:00,2025-07-25T21:30:00+08:00,delivered,CNY,5522226.09,2059556.51,44177.81,青岛,5,2025-08-28T21:30:00+08:00
SO-202509-001860,CUS-0034,A,2025-09-07T15:46:00+08:00,2025-09-10T03:46:00+08:00,shipped,CNY,4024979.77,1295278.96,140874.29,天津,4,2025-09-10T15:46:00+08:00
SO-202510-001861,CUS-0001,C,2025-10-04T10:35:00+08:00,2025-10-11T10:35:00+08:00,at_risk,CNY,4698.38,2310.22,37.59,苏州,1,2025-10-09T10:35:00+08:00
SO-202601-001862,CUS-0079,C,2026-01-02T09:06:00+08:00,2026-01-07T21:06:00+08:00,delivered,CNY,9885228.08,2868390.82,79081.82,东莞,5,2026-01-09T09:06:00+08:00
SO-202506-001863,CUS-0078,B,2025-06-29T15:27:00+08:00,2025-07-02T15:27:00+08:00,delivered,CNY,6734264.68,2551672.02,121216.76,武汉,4,2025-08-02T15:27:00+08:00
SO-202602-001864,CUS-0084,C,2026-02-18T10:06:00+08:00,2026-02-24T10:06:00+08:00,delivered,CNY,5952734.11,2838370.91,47621.87,合肥,4,2026-03-17T10:06:00+08:00
SO-202506-001865,CUS-0038,C,2025-06-17T06:42:00+08:00,2025-06-21T18:42:00+08:00,shipped,CNY,3366548.6,1272084.49,26932.39,宁波,3,2025-07-27T06:42:00+08:00
SO-202509-001866,CUS-0065,A,2025-09-22T15:41:00+08:00,2025-09-24T15:41:00+08:00,confirmed,CNY,2827315.62,661666.3,98956.05,宁波,3,2025-09-26T15:41:00+08:00
SO-202511-001867,CUS-0050,B,2025-11-29T22:08:00+08:00,2025-12-03T22:08:00+08:00,delivered,CNY,1854051.24,760567.16,33372.92,上海,2,2025-12-27T22:08:00+08:00
SO-202507-001868,CUS-0059,C,2025-07-02T01:21:00+08:00,2025-07-07T01:21:00+08:00,confirmed,CNY,25940.01,10229.89,207.52,天津,1,2025-07-25T01:21:00+08:00
SO-202601-001869,CUS-0086,B,2026-01-02T01:42:00+08:00,2026-01-06T01:42:00+08:00,delivered,CNY,448520.21,166251.21,8073.36,青岛,1,2026-01-14T01:42:00+08:00
SO-202603-001870,CUS-0015,C,2026-03-08T16:22:00+08:00,2026-03-14T16:22:00+08:00,shipped,CNY,1852913.02,434071.62,14823.3,上海,4,2026-04-15T16:22:00+08:00
SO-202605-001871,CUS-0064,C,2026-05-26T14:52:00+08:00,2026-05-31T02:52:00+08:00,shipped,CNY,746459.85,249675.45,5971.68,东莞,2,2026-05-27T14:52:00+08:00
SO-202603-001872,CUS-0018,B,2026-03-14T06:40:00+08:00,2026-03-18T06:40:00+08:00,delivered,CNY,7735142.7,3171847.3,139232.57,宁波,4,2026-03-18T06:40:00+08:00
SO-202512-001873,CUS-0031,C,2025-12-21T01:52:00+08:00,2025-12-25T13:52:00+08:00,at_risk,CNY,2711556.76,1046674.0,21692.45,青岛,4,2026-01-14T01:52:00+08:00
SO-202603-001874,CUS-0099,B,2026-03-18T23:19:00+08:00,2026-03-21T11:19:00+08:00,delivered,CNY,2680632.86,1018658.7,48251.39,武汉,5,2026-04-02T23:19:00+08:00
SO-202602-001875,CUS-0060,B,2026-02-20T16:15:00+08:00,2026-02-24T04:15:00+08:00,confirmed,CNY,3356561.9,644124.62,60418.11,上海,4,2026-03-10T16:15:00+08:00
SO-202512-001876,CUS-0094,C,2025-12-18T17:17:00+08:00,2025-12-24T05:17:00+08:00,delivered,CNY,1710214.64,625622.06,13681.72,宁波,5,2026-01-17T17:17:00+08:00
SO-202605-001877,CUS-0109,C,2026-05-01T17:22:00+08:00,2026-05-06T17:22:00+08:00,delivered,CNY,5706546.08,2254824.18,45652.37,东莞,2,2026-05-31T17:22:00+08:00
SO-202508-001878,CUS-0055,C,2025-08-28T12:59:00+08:00,2025-09-02T00:59:00+08:00,at_risk,CNY,10944826.27,4834720.44,87558.61,上海,3,2025-09-25T12:59:00+08:00
SO-202509-001879,CUS-0054,C,2025-09-19T03:00:00+08:00,2025-09-24T15:00:00+08:00,delivered,CNY,6989994.85,2869531.4,55919.96,青岛,5,2025-10-11T03:00:00+08:00
SO-202508-001880,CUS-0106,A,2025-08-08T06:51:00+08:00,2025-08-09T18:51:00+08:00,confirmed,CNY,258449.66,89038.17,9045.74,天津,3,2025-08-25T06:51:00+08:00
SO-202506-001881,CUS-0091,A,2025-06-22T10:48:00+08:00,2025-06-24T22:48:00+08:00,delivered,CNY,4897290.0,1560497.28,171405.15,上海,4,2025-07-23T10:48:00+08:00
SO-202603-001882,CUS-0047,B,2026-03-26T16:22:00+08:00,2026-03-29T16:22:00+08:00,confirmed,CNY,11885193.44,4743400.66,213933.48,东莞,5,2026-04-05T16:22:00+08:00
SO-202507-001883,CUS-0119,B,2025-07-21T08:40:00+08:00,2025-07-26T08:40:00+08:00,delivered,CNY,8019685.73,3081487.84,144354.34,苏州,5,2025-08-28T08:40:00+08:00
SO-202605-001884,CUS-0112,C,2026-05-08T18:56:00+08:00,2026-05-14T18:56:00+08:00,overdue,CNY,1407187.88,601196.68,11257.5,宁波,4,2026-05-21T18:56:00+08:00
SO-202508-001885,CUS-0003,A,2025-08-07T03:37:00+08:00,2025-08-11T03:37:00+08:00,shipped,CNY,3490264.67,1118436.34,122159.26,杭州,5,2025-09-16T03:37:00+08:00
SO-202603-001886,CUS-0046,B,2026-03-04T14:15:00+08:00,2026-03-08T02:15:00+08:00,confirmed,CNY,8553727.79,3152199.36,153967.1,青岛,4,2026-04-18T14:15:00+08:00
SO-202602-001887,CUS-0068,A,2026-02-16T10:07:00+08:00,2026-02-18T22:07:00+08:00,confirmed,CNY,530222.17,149859.35,18557.78,成都,2,2026-03-23T10:07:00+08:00
SO-202601-001888,CUS-0059,C,2026-01-26T04:57:00+08:00,2026-02-01T04:57:00+08:00,delivered,CNY,342495.11,88075.28,2739.96,天津,1,2026-02-24T04:57:00+08:00
SO-202601-001889,CUS-0107,B,2026-01-30T12:18:00+08:00,2026-02-02T12:18:00+08:00,delivered,CNY,1242827.31,500106.41,22370.89,成都,3,2026-03-15T12:18:00+08:00
SO-202604-001890,CUS-0068,A,2026-04-12T20:36:00+08:00,2026-04-16T20:36:00+08:00,delivered,CNY,1814717.53,610713.61,63515.11,成都,4,2026-05-26T20:36:00+08:00
SO-202601-001891,CUS-0075,C,2026-01-31T03:21:00+08:00,2026-02-05T15:21:00+08:00,overdue,CNY,706363.46,317683.0,5650.91,成都,2,2026-02-02T03:21:00+08:00
SO-202601-001892,CUS-0088,A,2026-01-16T20:02:00+08:00,2026-01-18T08:02:00+08:00,confirmed,CNY,9090085.75,3218015.87,318153.0,武汉,5,2026-02-01T20:02:00+08:00
SO-202603-001893,CUS-0018,B,2026-03-18T02:36:00+08:00,2026-03-22T02:36:00+08:00,confirmed,CNY,7245662.91,2938865.97,130421.93,宁波,4,2026-04-08T02:36:00+08:00
SO-202601-001894,CUS-0064,C,2026-01-14T04:12:00+08:00,2026-01-19T04:12:00+08:00,delivered,CNY,1004295.25,336625.1,8034.36,东莞,2,2026-01-26T04:12:00+08:00
SO-202511-001895,CUS-0030,B,2025-11-08T03:15:00+08:00,2025-11-10T15:15:00+08:00,delivered,CNY,1925806.7,566198.96,34664.52,上海,1,2025-11-21T03:15:00+08:00
SO-202509-001896,CUS-0042,A,2025-09-05T19:51:00+08:00,2025-09-09T19:51:00+08:00,at_risk,CNY,2482765.3,845947.1,86896.79,东莞,2,2025-10-07T19:51:00+08:00
SO-202605-001897,CUS-0074,C,2026-05-01T08:25:00+08:00,2026-05-06T08:25:00+08:00,shipped,CNY,8563085.7,3949342.55,68504.69,苏州,4,2026-05-12T08:25:00+08:00
SO-202603-001898,CUS-0074,C,2026-03-27T14:05:00+08:00,2026-04-01T02:05:00+08:00,overdue,CNY,2403825.31,1116007.54,19230.6,苏州,2,2026-04-13T14:05:00+08:00
SO-202603-001899,CUS-0019,B,2026-03-16T14:37:00+08:00,2026-03-19T14:37:00+08:00,delivered,CNY,955629.18,292832.61,17201.33,合肥,2,2026-03-24T14:37:00+08:00
SO-202510-001900,CUS-0117,C,2025-10-09T16:52:00+08:00,2025-10-15T04:52:00+08:00,overdue,CNY,5124638.98,2026912.98,40997.11,苏州,5,2025-11-09T16:52:00+08:00
SO-202606-001901,CUS-0051,C,2026-06-06T08:54:00+08:00,2026-06-11T20:54:00+08:00,confirmed,CNY,723951.11,347937.83,5791.61,武汉,2,2026-06-15T08:00:00+08:00
SO-202512-001902,CUS-0030,B,2025-12-16T13:29:00+08:00,2025-12-20T01:29:00+08:00,delivered,CNY,5322014.69,2139566.42,95796.26,上海,4,2026-01-01T13:29:00+08:00
SO-202604-001903,CUS-0014,C,2026-04-11T01:35:00+08:00,2026-04-16T13:35:00+08:00,shipped,CNY,1753065.62,444444.02,14024.52,东莞,1,2026-05-17T01:35:00+08:00
SO-202508-001904,CUS-0046,B,2025-08-04T01:43:00+08:00,2025-08-06T13:43:00+08:00,delivered,CNY,11100224.02,4443332.53,199804.03,青岛,5,2025-08-25T01:43:00+08:00
SO-202507-001905,CUS-0031,C,2025-07-19T10:18:00+08:00,2025-07-23T22:18:00+08:00,cancelled,CNY,6371071.74,2777995.71,50968.57,青岛,2,2025-08-28T10:18:00+08:00
SO-202601-001906,CUS-0005,A,2026-01-24T10:45:00+08:00,2026-01-27T10:45:00+08:00,at_risk,CNY,139457.39,55343.91,4881.01,青岛,1,2026-01-28T10:45:00+08:00
SO-202511-001907,CUS-0013,B,2025-11-21T00:07:00+08:00,2025-11-24T12:07:00+08:00,at_risk,CNY,9533809.75,3848437.23,171608.58,成都,5,2025-12-23T00:07:00+08:00
SO-202507-001908,CUS-0018,B,2025-07-08T14:24:00+08:00,2025-07-11T02:24:00+08:00,shipped,CNY,2642152.62,759100.3,47558.75,宁波,5,2025-07-28T14:24:00+08:00
SO-202510-001909,CUS-0019,B,2025-10-05T00:11:00+08:00,2025-10-07T12:11:00+08:00,delivered,CNY,5825439.95,2040811.37,104857.92,合肥,2,2025-10-08T00:11:00+08:00
SO-202601-001910,CUS-0062,B,2026-01-03T21:19:00+08:00,2026-01-06T09:19:00+08:00,confirmed,CNY,2720234.92,713445.04,48964.23,苏州,1,2026-01-28T21:19:00+08:00
SO-202512-001911,CUS-0034,A,2025-12-08T16:58:00+08:00,2025-12-10T16:58:00+08:00,delivered,CNY,4176416.91,1259327.91,146174.59,天津,3,2025-12-15T16:58:00+08:00
SO-202509-001912,CUS-0104,C,2025-09-12T11:26:00+08:00,2025-09-19T11:26:00+08:00,delivered,CNY,904796.74,384154.65,7238.37,武汉,3,2025-10-19T11:26:00+08:00
SO-202601-001913,CUS-0043,C,2026-01-13T17:14:00+08:00,2026-01-19T17:14:00+08:00,delivered,CNY,3214076.49,595789.51,25712.61,武汉,2,2026-01-29T17:14:00+08:00
SO-202508-001914,CUS-0119,B,2025-08-03T22:09:00+08:00,2025-08-07T10:09:00+08:00,at_risk,CNY,6886316.02,2769795.46,123953.69,苏州,5,2025-08-06T22:09:00+08:00
SO-202605-001915,CUS-0078,B,2026-05-31T10:37:00+08:00,2026-06-02T22:37:00+08:00,shipped,CNY,770934.32,247615.55,13876.82,武汉,2,2026-06-15T08:00:00+08:00
SO-202605-001916,CUS-0060,B,2026-05-11T17:27:00+08:00,2026-05-15T05:27:00+08:00,delivered,CNY,1216057.92,392721.77,21889.04,上海,4,2026-06-15T08:00:00+08:00
SO-202512-001917,CUS-0090,B,2025-12-15T12:22:00+08:00,2025-12-19T12:22:00+08:00,shipped,CNY,426465.92,152716.72,7676.39,天津,2,2026-01-20T12:22:00+08:00
SO-202511-001918,CUS-0030,B,2025-11-04T10:30:00+08:00,2025-11-06T22:30:00+08:00,delivered,CNY,986316.01,258047.65,17753.69,上海,1,2025-12-05T10:30:00+08:00
SO-202507-001919,CUS-0072,B,2025-07-19T02:23:00+08:00,2025-07-21T14:23:00+08:00,cancelled,CNY,536289.12,152011.25,9653.2,天津,2,2025-08-30T02:23:00+08:00
SO-202509-001920,CUS-0080,B,2025-09-22T14:21:00+08:00,2025-09-25T02:21:00+08:00,confirmed,CNY,1900408.96,696086.59,34207.36,武汉,4,2025-10-10T14:21:00+08:00
SO-202508-001921,CUS-0101,C,2025-08-21T06:26:00+08:00,2025-08-27T06:26:00+08:00,confirmed,CNY,1151660.65,269403.08,9213.29,武汉,1,2025-08-24T06:26:00+08:00
SO-202508-001922,CUS-0079,C,2025-08-17T16:20:00+08:00,2025-08-23T04:20:00+08:00,delivered,CNY,45923.05,17492.77,367.38,东莞,1,2025-08-23T16:20:00+08:00
SO-202605-001923,CUS-0096,C,2026-05-26T01:12:00+08:00,2026-05-31T01:12:00+08:00,delivered,CNY,274925.38,98408.18,2199.4,苏州,1,2026-06-06T01:12:00+08:00
SO-202509-001924,CUS-0045,B,2025-09-03T09:24:00+08:00,2025-09-07T09:24:00+08:00,shipped,CNY,536781.52,179648.32,9662.07,成都,1,2025-09-16T09:24:00+08:00
SO-202605-001925,CUS-0094,C,2026-05-07T00:42:00+08:00,2026-05-12T00:42:00+08:00,delivered,CNY,5674097.32,2449594.6,45392.78,宁波,5,2026-06-06T00:42:00+08:00
SO-202602-001926,CUS-0004,B,2026-02-05T02:39:00+08:00,2026-02-09T02:39:00+08:00,delivered,CNY,1940181.52,554961.02,34923.27,杭州,2,2026-03-11T02:39:00+08:00
SO-202506-001927,CUS-0099,B,2025-06-19T20:49:00+08:00,2025-06-24T20:49:00+08:00,confirmed,CNY,4807661.83,1947559.29,86537.91,武汉,3,2025-07-30T20:49:00+08:00
SO-202601-001928,CUS-0001,C,2026-01-26T21:17:00+08:00,2026-02-01T09:17:00+08:00,delivered,CNY,634341.73,251394.71,5074.73,苏州,1,2026-03-12T21:17:00+08:00
SO-202606-001929,CUS-0103,B,2026-06-13T09:08:00+08:00,2026-06-16T09:08:00+08:00,shipped,CNY,4341834.24,1645606.51,78153.02,宁波,5,2026-06-15T08:00:00+08:00
SO-202509-001930,CUS-0083,B,2025-09-23T13:41:00+08:00,2025-09-26T13:41:00+08:00,delivered,CNY,4159114.83,1576928.22,74864.07,苏州,3,2025-10-21T13:41:00+08:00
SO-202507-001931,CUS-0008,A,2025-07-08T11:12:00+08:00,2025-07-10T23:12:00+08:00,delivered,CNY,5139473.17,2261824.97,179881.56,青岛,2,2025-08-14T11:12:00+08:00
SO-202603-001932,CUS-0088,A,2026-03-17T10:15:00+08:00,2026-03-21T10:15:00+08:00,confirmed,CNY,5594954.7,2564715.19,195823.41,武汉,3,2026-04-22T10:15:00+08:00
SO-202605-001933,CUS-0073,C,2026-05-04T03:41:00+08:00,2026-05-09T15:41:00+08:00,delivered,CNY,2812516.16,1083722.03,22500.13,成都,2,2026-05-12T03:41:00+08:00
SO-202602-001934,CUS-0015,C,2026-02-01T04:44:00+08:00,2026-02-06T04:44:00+08:00,shipped,CNY,7989437.88,2271638.92,63915.5,上海,4,2026-02-24T04:44:00+08:00
SO-202506-001935,CUS-0092,B,2025-06-17T03:51:00+08:00,2025-06-21T03:51:00+08:00,confirmed,CNY,172724.56,72125.58,3109.04,苏州,1,2025-06-27T03:51:00+08:00
SO-202601-001936,CUS-0059,C,2026-01-31T07:59:00+08:00,2026-02-05T07:59:00+08:00,at_risk,CNY,9914.82,4251.82,79.32,天津,1,2026-02-28T07:59:00+08:00
SO-202512-001937,CUS-0083,B,2025-12-08T11:52:00+08:00,2025-12-11T11:52:00+08:00,delivered,CNY,1066442.88,316965.75,19195.97,苏州,1,2026-01-03T11:52:00+08:00
SO-202602-001938,CUS-0114,B,2026-02-07T06:57:00+08:00,2026-02-12T06:57:00+08:00,at_risk,CNY,1515793.09,372669.3,27284.28,苏州,2,2026-03-21T06:57:00+08:00
SO-202601-001939,CUS-0118,C,2026-01-11T15:56:00+08:00,2026-01-16T03:56:00+08:00,shipped,CNY,2254454.43,802087.15,18035.64,上海,5,2026-02-14T15:56:00+08:00
SO-202511-001940,CUS-0098,C,2025-11-24T21:44:00+08:00,2025-11-30T09:44:00+08:00,overdue,CNY,210351.5,50827.17,1682.81,青岛,1,2025-12-24T21:44:00+08:00
SO-202512-001941,CUS-0013,B,2025-12-23T23:27:00+08:00,2025-12-26T23:27:00+08:00,delivered,CNY,3544807.01,1485902.29,63806.53,成都,3,2026-01-28T23:27:00+08:00
SO-202512-001942,CUS-0025,B,2025-12-14T10:22:00+08:00,2025-12-17T22:22:00+08:00,delivered,CNY,4731941.04,1873634.88,85174.94,东莞,4,2026-01-28T10:22:00+08:00
SO-202508-001943,CUS-0079,C,2025-08-13T01:52:00+08:00,2025-08-18T01:52:00+08:00,shipped,CNY,623110.2,166070.45,4984.88,东莞,2,2025-09-17T01:52:00+08:00
SO-202508-001944,CUS-0094,C,2025-08-23T20:19:00+08:00,2025-08-29T20:19:00+08:00,confirmed,CNY,1140778.89,404375.41,9126.23,宁波,1,2025-09-23T20:19:00+08:00
SO-202510-001945,CUS-0037,C,2025-10-16T04:05:00+08:00,2025-10-23T04:05:00+08:00,confirmed,CNY,175766.64,54499.18,1406.13,杭州,1,2025-11-21T04:05:00+08:00
SO-202512-001946,CUS-0039,B,2025-12-02T03:30:00+08:00,2025-12-05T03:30:00+08:00,delivered,CNY,2229079.34,947634.14,40123.43,武汉,1,2026-01-04T03:30:00+08:00
SO-202512-001947,CUS-0066,A,2025-12-06T13:14:00+08:00,2025-12-08T13:14:00+08:00,delivered,CNY,7337379.88,3002969.93,256808.3,青岛,5,2025-12-27T13:14:00+08:00
SO-202605-001948,CUS-0028,B,2026-05-25T12:49:00+08:00,2026-05-28T12:49:00+08:00,cancelled,CNY,6361902.97,2550061.74,114514.25,成都,5,2026-06-15T08:00:00+08:00
SO-202510-001949,CUS-0119,B,2025-10-01T05:23:00+08:00,2025-10-04T05:23:00+08:00,confirmed,CNY,3638380.8,1443303.04,65490.85,苏州,1,2025-10-27T05:23:00+08:00
SO-202509-001950,CUS-0017,C,2025-09-02T20:03:00+08:00,2025-09-07T20:03:00+08:00,confirmed,CNY,4887712.54,2143868.57,39101.7,青岛,5,2025-09-19T20:03:00+08:00
SO-202604-001951,CUS-0052,C,2026-04-11T16:18:00+08:00,2026-04-18T16:18:00+08:00,delivered,CNY,2770254.33,1238636.49,22162.03,上海,4,2026-04-26T16:18:00+08:00
SO-202506-001952,CUS-0056,B,2025-06-18T19:19:00+08:00,2025-06-23T19:19:00+08:00,delivered,CNY,6645833.44,1931161.55,119625.0,成都,4,2025-07-17T19:19:00+08:00
SO-202602-001953,CUS-0062,B,2026-02-25T08:25:00+08:00,2026-02-27T20:25:00+08:00,delivered,CNY,4145298.92,1645527.83,74615.38,苏州,4,2026-03-21T08:25:00+08:00
SO-202604-001954,CUS-0046,B,2026-04-03T04:03:00+08:00,2026-04-08T04:03:00+08:00,delivered,CNY,6124089.39,2632578.71,110233.61,青岛,1,2026-04-11T04:03:00+08:00
SO-202508-001955,CUS-0046,B,2025-08-07T17:24:00+08:00,2025-08-10T17:24:00+08:00,shipped,CNY,7298705.32,2568925.5,131376.7,青岛,4,2025-08-17T17:24:00+08:00
SO-202603-001956,CUS-0108,B,2026-03-26T08:55:00+08:00,2026-03-31T08:55:00+08:00,confirmed,CNY,62455.55,23840.71,1124.2,上海,1,2026-05-08T08:55:00+08:00
SO-202602-001957,CUS-0008,A,2026-02-03T05:46:00+08:00,2026-02-05T17:46:00+08:00,at_risk,CNY,3033602.35,962708.07,106176.08,青岛,1,2026-02-27T05:46:00+08:00
SO-202601-001958,CUS-0113,B,2026-01-11T09:38:00+08:00,2026-01-15T09:38:00+08:00,delivered,CNY,6389066.54,2161540.97,115003.2,天津,5,2026-02-25T09:38:00+08:00
SO-202604-001959,CUS-0061,B,2026-04-08T19:10:00+08:00,2026-04-12T07:10:00+08:00,delivered,CNY,4499780.38,1542674.17,80996.05,上海,4,2026-05-05T19:10:00+08:00
SO-202509-001960,CUS-0094,C,2025-09-05T20:26:00+08:00,2025-09-12T20:26:00+08:00,delivered,CNY,1900040.53,660215.62,15200.32,宁波,2,2025-09-18T20:26:00+08:00
SO-202603-001961,CUS-0041,B,2026-03-12T17:58:00+08:00,2026-03-17T17:58:00+08:00,delivered,CNY,3427406.87,1355200.09,61693.32,成都,2,2026-04-25T17:58:00+08:00
SO-202601-001962,CUS-0078,B,2026-01-06T17:43:00+08:00,2026-01-09T05:43:00+08:00,at_risk,CNY,3728393.58,1673803.99,67111.08,武汉,4,2026-01-15T17:43:00+08:00
SO-202602-001963,CUS-0097,B,2026-02-02T16:17:00+08:00,2026-02-07T16:17:00+08:00,overdue,CNY,239589.4,94525.0,4312.61,杭州,1,2026-03-11T16:17:00+08:00
SO-202512-001964,CUS-0054,C,2025-12-06T01:42:00+08:00,2025-12-11T01:42:00+08:00,confirmed,CNY,8368963.72,2702244.68,66951.71,青岛,5,2026-01-10T01:42:00+08:00
SO-202602-001965,CUS-0038,C,2026-02-13T17:20:00+08:00,2026-02-19T17:20:00+08:00,shipped,CNY,3673103.17,1391175.48,29384.83,宁波,2,2026-03-30T17:20:00+08:00
SO-202511-001966,CUS-0042,A,2025-11-11T09:33:00+08:00,2025-11-13T21:33:00+08:00,at_risk,CNY,6738797.32,1991321.32,235857.91,东莞,4,2025-12-08T09:33:00+08:00
SO-202511-001967,CUS-0063,B,2025-11-22T16:23:00+08:00,2025-11-25T04:23:00+08:00,confirmed,CNY,9688940.47,3269852.1,174400.93,杭州,4,2026-01-06T16:23:00+08:00
SO-202601-001968,CUS-0111,C,2026-01-02T07:08:00+08:00,2026-01-08T07:08:00+08:00,delivered,CNY,6194792.64,2824404.17,49558.34,上海,3,2026-01-11T07:08:00+08:00
SO-202510-001969,CUS-0010,B,2025-10-03T04:30:00+08:00,2025-10-05T16:30:00+08:00,delivered,CNY,5333957.58,1797538.25,96011.24,合肥,2,2025-10-24T04:30:00+08:00
SO-202512-001970,CUS-0045,B,2025-12-29T08:48:00+08:00,2026-01-03T08:48:00+08:00,at_risk,CNY,3764324.61,1547531.82,67757.84,成都,4,2026-01-13T08:48:00+08:00
SO-202604-001971,CUS-0012,C,2026-04-18T06:33:00+08:00,2026-04-24T06:33:00+08:00,delivered,CNY,1546932.94,626097.33,12375.46,宁波,3,2026-05-12T06:33:00+08:00
SO-202602-001972,CUS-0087,B,2026-02-28T02:31:00+08:00,2026-03-04T02:31:00+08:00,confirmed,CNY,4977207.38,2230620.76,89589.73,天津,4,2026-03-16T02:31:00+08:00
SO-202605-001973,CUS-0017,C,2026-05-30T19:29:00+08:00,2026-06-04T07:29:00+08:00,shipped,CNY,461361.67,180919.09,3690.89,青岛,2,2026-06-11T19:29:00+08:00
SO-202601-001974,CUS-0091,A,2026-01-29T21:07:00+08:00,2026-02-01T09:07:00+08:00,shipped,CNY,3238311.08,1325904.75,113340.89,上海,5,2026-02-21T21:07:00+08:00
SO-202603-001975,CUS-0001,C,2026-03-18T04:48:00+08:00,2026-03-23T04:48:00+08:00,confirmed,CNY,10311091.83,4429471.63,82488.73,苏州,4,2026-03-18T04:48:00+08:00
SO-202512-001976,CUS-0026,B,2025-12-04T19:20:00+08:00,2025-12-07T07:20:00+08:00,confirmed,CNY,9494644.44,4530114.14,170903.6,天津,3,2025-12-14T19:20:00+08:00
SO-202508-001977,CUS-0030,B,2025-08-05T00:48:00+08:00,2025-08-10T00:48:00+08:00,at_risk,CNY,3138570.4,1370112.2,56494.27,上海,3,2025-08-10T00:48:00+08:00
SO-202507-001978,CUS-0112,C,2025-07-09T14:37:00+08:00,2025-07-16T14:37:00+08:00,confirmed,CNY,2887343.63,1022668.61,23098.75,宁波,2,2025-07-17T14:37:00+08:00
SO-202508-001979,CUS-0029,B,2025-08-17T23:38:00+08:00,2025-08-21T23:38:00+08:00,shipped,CNY,5374130.84,2282263.26,96734.36,武汉,5,2025-08-26T23:38:00+08:00
SO-202601-001980,CUS-0034,A,2026-01-22T07:01:00+08:00,2026-01-23T19:01:00+08:00,delivered,CNY,2450401.81,833101.07,85764.06,天津,4,2026-02-02T07:01:00+08:00
SO-202603-001981,CUS-0109,C,2026-03-15T12:06:00+08:00,2026-03-21T12:06:00+08:00,delivered,CNY,6717140.74,2404321.94,53737.13,东莞,2,2026-03-30T12:06:00+08:00
SO-202511-001982,CUS-0105,C,2025-11-02T19:52:00+08:00,2025-11-09T19:52:00+08:00,delivered,CNY,873357.62,392420.31,6986.86,成都,1,2025-12-09T19:52:00+08:00
SO-202601-001983,CUS-0046,B,2026-01-21T16:38:00+08:00,2026-01-25T04:38:00+08:00,overdue,CNY,1830387.82,644449.27,32946.98,青岛,2,2026-01-22T16:38:00+08:00
SO-202603-001984,CUS-0007,B,2026-03-05T12:33:00+08:00,2026-03-08T12:33:00+08:00,shipped,CNY,2790095.18,1226473.34,50221.71,武汉,1,2026-04-02T12:33:00+08:00
SO-202511-001985,CUS-0009,C,2025-11-04T04:39:00+08:00,2025-11-08T16:39:00+08:00,delivered,CNY,4265658.05,1618487.23,34125.26,东莞,1,2025-11-13T04:39:00+08:00
SO-202507-001986,CUS-0097,B,2025-07-19T22:38:00+08:00,2025-07-22T22:38:00+08:00,delivered,CNY,3390190.72,1331521.75,61023.43,杭州,2,2025-08-21T22:38:00+08:00
SO-202605-001987,CUS-0019,B,2026-05-09T02:15:00+08:00,2026-05-13T02:15:00+08:00,delivered,CNY,3894572.04,1525234.45,70102.3,合肥,5,2026-05-19T02:15:00+08:00
SO-202603-001988,CUS-0017,C,2026-03-12T18:19:00+08:00,2026-03-18T06:19:00+08:00,confirmed,CNY,6341371.6,2693193.17,50730.97,青岛,3,2026-03-28T18:19:00+08:00
SO-202604-001989,CUS-0011,C,2026-04-04T20:52:00+08:00,2026-04-10T08:52:00+08:00,shipped,CNY,1615572.7,647276.37,12924.58,青岛,3,2026-04-28T20:52:00+08:00
SO-202512-001990,CUS-0011,C,2025-12-04T23:32:00+08:00,2025-12-09T23:32:00+08:00,confirmed,CNY,459003.73,167216.85,3672.03,青岛,1,2026-01-11T23:32:00+08:00
SO-202603-001991,CUS-0014,C,2026-03-02T10:40:00+08:00,2026-03-06T22:40:00+08:00,shipped,CNY,8012334.0,2661472.7,64098.67,东莞,4,2026-03-19T10:40:00+08:00
SO-202507-001992,CUS-0008,A,2025-07-26T02:39:00+08:00,2025-07-30T02:39:00+08:00,confirmed,CNY,5044327.36,1976524.05,176551.46,青岛,4,2025-08-19T02:39:00+08:00
SO-202512-001993,CUS-0006,C,2025-12-14T04:51:00+08:00,2025-12-19T16:51:00+08:00,delivered,CNY,4224114.61,1224183.69,33792.92,杭州,4,2026-01-17T04:51:00+08:00
SO-202509-001994,CUS-0014,C,2025-09-29T15:45:00+08:00,2025-10-04T15:45:00+08:00,confirmed,CNY,309498.56,137769.74,2475.99,东莞,1,2025-11-05T15:45:00+08:00
SO-202512-001995,CUS-0029,B,2025-12-06T02:11:00+08:00,2025-12-09T14:11:00+08:00,delivered,CNY,178162.31,75725.3,3206.92,武汉,2,2026-01-03T02:11:00+08:00
SO-202602-001996,CUS-0025,B,2026-02-11T02:04:00+08:00,2026-02-14T02:04:00+08:00,overdue,CNY,2034634.7,936270.84,36623.42,东莞,3,2026-03-06T02:04:00+08:00
SO-202510-001997,CUS-0049,C,2025-10-14T02:51:00+08:00,2025-10-19T14:51:00+08:00,confirmed,CNY,2933602.44,1191050.28,23468.82,东莞,1,2025-10-15T02:51:00+08:00
SO-202606-001998,CUS-0111,C,2026-06-02T17:02:00+08:00,2026-06-07T05:02:00+08:00,delivered,CNY,9869537.73,3642159.32,78956.3,上海,5,2026-06-15T08:00:00+08:00
SO-202511-001999,CUS-0025,B,2025-11-27T09:10:00+08:00,2025-11-30T09:10:00+08:00,shipped,CNY,1181574.89,509382.39,21268.35,东莞,1,2025-12-27T09:10:00+08:00
SO-202601-002000,CUS-0026,B,2026-01-23T11:41:00+08:00,2026-01-25T23:41:00+08:00,at_risk,CNY,8233516.86,3693790.86,148203.3,天津,5,2026-01-27T11:41:00+08:00
SO-202507-002001,CUS-0012,C,2025-07-15T21:45:00+08:00,2025-07-21T09:45:00+08:00,cancelled,CNY,5987793.89,1730908.9,47902.35,宁波,3,2025-08-01T21:45:00+08:00
SO-202601-002002,CUS-0100,B,2026-01-22T09:12:00+08:00,2026-01-25T09:12:00+08:00,confirmed,CNY,1009172.87,343448.99,18165.11,成都,3,2026-02-12T09:12:00+08:00
SO-202511-002003,CUS-0084,C,2025-11-03T22:04:00+08:00,2025-11-08T10:04:00+08:00,confirmed,CNY,1417990.51,564957.51,11343.92,合肥,2,2025-11-20T22:04:00+08:00
SO-202604-002004,CUS-0054,C,2026-04-20T16:39:00+08:00,2026-04-26T16:39:00+08:00,shipped,CNY,4447235.55,1628508.39,35577.88,青岛,4,2026-05-27T16:39:00+08:00
SO-202605-002005,CUS-0025,B,2026-05-31T02:36:00+08:00,2026-06-03T02:36:00+08:00,delivered,CNY,6561076.02,2440509.6,118099.37,东莞,1,2026-06-15T08:00:00+08:00
SO-202510-002006,CUS-0101,C,2025-10-31T02:29:00+08:00,2025-11-06T02:29:00+08:00,delivered,CNY,273015.5,102995.9,2184.12,武汉,1,2025-12-07T02:29:00+08:00
SO-202506-002007,CUS-0115,C,2025-06-23T21:42:00+08:00,2025-06-30T21:42:00+08:00,at_risk,CNY,2527570.98,691387.24,20220.57,东莞,3,2025-06-25T21:42:00+08:00
SO-202606-002008,CUS-0065,A,2026-06-01T07:08:00+08:00,2026-06-04T07:08:00+08:00,cancelled,CNY,878116.52,273102.77,30734.08,宁波,2,2026-06-15T08:00:00+08:00
SO-202512-002009,CUS-0079,C,2025-12-03T05:23:00+08:00,2025-12-10T05:23:00+08:00,overdue,CNY,5312265.5,2241494.7,42498.12,东莞,5,2025-12-23T05:23:00+08:00
SO-202602-002010,CUS-0033,B,2026-02-04T00:57:00+08:00,2026-02-09T00:57:00+08:00,at_risk,CNY,2286602.87,673689.43,41158.85,青岛,4,2026-02-16T00:57:00+08:00
SO-202605-002011,CUS-0043,C,2026-05-26T10:11:00+08:00,2026-05-31T10:11:00+08:00,shipped,CNY,14785406.92,6099836.59,118283.26,武汉,5,2026-06-15T08:00:00+08:00
SO-202512-002012,CUS-0050,B,2025-12-12T13:17:00+08:00,2025-12-17T13:17:00+08:00,delivered,CNY,1281474.91,471370.76,23066.55,上海,3,2025-12-29T13:17:00+08:00
SO-202509-002013,CUS-0016,C,2025-09-11T19:03:00+08:00,2025-09-16T19:03:00+08:00,shipped,CNY,4407191.11,1961935.93,35257.53,杭州,4,2025-10-18T19:03:00+08:00
SO-202604-002014,CUS-0100,B,2026-04-07T18:14:00+08:00,2026-04-11T18:14:00+08:00,confirmed,CNY,15178743.2,6918410.53,273217.38,成都,5,2026-04-16T18:14:00+08:00
SO-202602-002015,CUS-0105,C,2026-02-23T23:45:00+08:00,2026-02-28T11:45:00+08:00,shipped,CNY,451266.88,93842.04,3610.14,成都,1,2026-03-11T23:45:00+08:00
SO-202512-002016,CUS-0019,B,2025-12-27T22:08:00+08:00,2026-01-01T22:08:00+08:00,confirmed,CNY,5443640.89,1925560.35,97985.54,合肥,5,2026-02-01T22:08:00+08:00
SO-202512-002017,CUS-0101,C,2025-12-03T16:21:00+08:00,2025-12-09T04:21:00+08:00,delivered,CNY,2283302.9,634823.06,18266.42,武汉,3,2026-01-08T16:21:00+08:00
SO-202605-002018,CUS-0007,B,2026-05-04T01:03:00+08:00,2026-05-07T13:03:00+08:00,overdue,CNY,3211485.48,1211286.58,57806.74,武汉,3,2026-06-08T01:03:00+08:00
SO-202511-002019,CUS-0016,C,2025-11-23T06:26:00+08:00,2025-11-28T06:26:00+08:00,confirmed,CNY,1237463.45,489407.4,9899.71,杭州,4,2026-01-06T06:26:00+08:00
SO-202606-002020,CUS-0032,A,2026-06-11T07:16:00+08:00,2026-06-12T19:16:00+08:00,delivered,CNY,2593513.18,952939.52,90772.96,苏州,3,2026-06-13T07:16:00+08:00
SO-202604-002021,CUS-0051,C,2026-04-03T15:11:00+08:00,2026-04-08T03:11:00+08:00,shipped,CNY,2123052.87,662560.29,16984.42,武汉,2,2026-05-12T15:11:00+08:00
SO-202602-002022,CUS-0097,B,2026-02-03T18:10:00+08:00,2026-02-07T06:10:00+08:00,shipped,CNY,4357046.91,1744948.87,78426.84,杭州,4,2026-02-26T18:10:00+08:00
SO-202507-002023,CUS-0022,B,2025-07-12T01:56:00+08:00,2025-07-14T13:56:00+08:00,delivered,CNY,4076365.04,1655130.27,73374.57,武汉,3,2025-07-28T01:56:00+08:00
SO-202605-002024,CUS-0033,B,2026-05-18T13:03:00+08:00,2026-05-21T01:03:00+08:00,shipped,CNY,1351785.47,421794.06,24332.14,青岛,3,2026-06-15T08:00:00+08:00
SO-202604-002025,CUS-0060,B,2026-04-08T16:39:00+08:00,2026-04-13T16:39:00+08:00,at_risk,CNY,4575024.15,1543335.91,82350.43,上海,5,2026-05-10T16:39:00+08:00
SO-202507-002026,CUS-0072,B,2025-07-22T07:25:00+08:00,2025-07-26T07:25:00+08:00,shipped,CNY,2799082.56,1069282.73,50383.49,天津,4,2025-08-31T07:25:00+08:00
SO-202604-002027,CUS-0117,C,2026-04-20T12:37:00+08:00,2026-04-27T12:37:00+08:00,at_risk,CNY,3158871.49,555464.17,25270.97,苏州,1,2026-05-30T12:37:00+08:00
SO-202606-002028,CUS-0030,B,2026-06-10T14:08:00+08:00,2026-06-14T02:08:00+08:00,delivered,CNY,1864024.71,719688.31,33552.44,上海,3,2026-06-12T14:08:00+08:00
SO-202507-002029,CUS-0008,A,2025-07-19T05:38:00+08:00,2025-07-23T05:38:00+08:00,confirmed,CNY,161460.26,59588.5,5651.11,青岛,2,2025-07-31T05:38:00+08:00
SO-202507-002030,CUS-0035,C,2025-07-23T01:18:00+08:00,2025-07-28T13:18:00+08:00,at_risk,CNY,11422570.13,4008637.31,91380.56,武汉,5,2025-08-12T01:18:00+08:00
SO-202601-002031,CUS-0013,B,2026-01-08T11:52:00+08:00,2026-01-11T11:52:00+08:00,shipped,CNY,859343.48,198088.81,15468.18,成都,2,2026-01-30T11:52:00+08:00
SO-202604-002032,CUS-0008,A,2026-04-10T04:32:00+08:00,2026-04-14T04:32:00+08:00,at_risk,CNY,3598548.52,1516660.25,125949.2,青岛,5,2026-05-06T04:32:00+08:00
SO-202507-002033,CUS-0107,B,2025-07-16T09:13:00+08:00,2025-07-19T09:13:00+08:00,shipped,CNY,61760.95,27976.66,1111.7,成都,2,2025-07-17T09:13:00+08:00
SO-202506-002034,CUS-0062,B,2025-06-22T10:21:00+08:00,2025-06-25T22:21:00+08:00,confirmed,CNY,5180349.63,1952956.29,93246.29,苏州,4,2025-07-03T10:21:00+08:00
SO-202606-002035,CUS-0039,B,2026-06-02T12:16:00+08:00,2026-06-05T00:16:00+08:00,shipped,CNY,9260526.72,3602378.2,166689.48,武汉,5,2026-06-15T08:00:00+08:00
SO-202509-002036,CUS-0058,C,2025-09-28T21:55:00+08:00,2025-10-03T09:55:00+08:00,at_risk,CNY,2675637.87,1101689.77,21405.1,苏州,5,2025-10-10T21:55:00+08:00
SO-202605-002037,CUS-0092,B,2026-05-23T11:39:00+08:00,2026-05-26T11:39:00+08:00,delivered,CNY,1967813.02,899585.29,35420.63,苏州,1,2026-06-15T08:00:00+08:00
SO-202604-002038,CUS-0010,B,2026-04-28T20:17:00+08:00,2026-05-01T08:17:00+08:00,delivered,CNY,2211165.74,739376.16,39800.98,合肥,4,2026-06-03T20:17:00+08:00
SO-202601-002039,CUS-0050,B,2026-01-10T19:07:00+08:00,2026-01-15T19:07:00+08:00,delivered,CNY,5801784.91,1908996.35,104432.13,上海,5,2026-02-22T19:07:00+08:00
SO-202606-002040,CUS-0110,B,2026-06-10T04:26:00+08:00,2026-06-13T16:26:00+08:00,delivered,CNY,841226.1,227544.12,15142.07,成都,2,2026-06-11T04:26:00+08:00
SO-202511-002041,CUS-0026,B,2025-11-30T18:45:00+08:00,2025-12-03T18:45:00+08:00,confirmed,CNY,1409203.74,568943.25,25365.67,天津,3,2025-12-31T18:45:00+08:00
SO-202606-002042,CUS-0108,B,2026-06-07T15:41:00+08:00,2026-06-11T15:41:00+08:00,confirmed,CNY,305028.58,117493.36,5490.51,上海,2,2026-06-15T08:00:00+08:00
SO-202510-002043,CUS-0015,C,2025-10-06T20:51:00+08:00,2025-10-13T20:51:00+08:00,shipped,CNY,12199713.48,4076618.98,97597.71,上海,5,2025-10-30T20:51:00+08:00
SO-202512-002044,CUS-0108,B,2025-12-03T05:22:00+08:00,2025-12-08T05:22:00+08:00,at_risk,CNY,3572911.95,1433192.46,64312.42,上海,5,2026-01-12T05:22:00+08:00
SO-202507-002045,CUS-0079,C,2025-07-27T00:48:00+08:00,2025-08-02T00:48:00+08:00,delivered,CNY,7853665.9,2030103.73,62829.33,东莞,5,2025-08-11T00:48:00+08:00
SO-202509-002046,CUS-0042,A,2025-09-01T16:08:00+08:00,2025-09-03T16:08:00+08:00,delivered,CNY,4403653.28,1237013.23,154127.86,东莞,2,2025-09-18T16:08:00+08:00
SO-202509-002047,CUS-0037,C,2025-09-23T15:10:00+08:00,2025-09-28T15:10:00+08:00,shipped,CNY,3284123.92,1482008.27,26272.99,杭州,5,2025-10-04T15:10:00+08:00
SO-202507-002048,CUS-0046,B,2025-07-22T09:14:00+08:00,2025-07-24T21:14:00+08:00,confirmed,CNY,5890978.03,2613177.73,106037.6,青岛,2,2025-08-11T09:14:00+08:00
SO-202509-002049,CUS-0085,B,2025-09-28T12:44:00+08:00,2025-10-02T00:44:00+08:00,cancelled,CNY,800335.32,292071.12,14406.04,青岛,1,2025-10-08T12:44:00+08:00
SO-202512-002050,CUS-0026,B,2025-12-19T19:57:00+08:00,2025-12-24T19:57:00+08:00,delivered,CNY,5307498.82,2126068.79,95534.98,天津,2,2025-12-22T19:57:00+08:00
SO-202511-002051,CUS-0057,C,2025-11-23T20:59:00+08:00,2025-11-29T20:59:00+08:00,shipped,CNY,4155932.49,1400654.34,33247.46,成都,3,2025-12-20T20:59:00+08:00
SO-202603-002052,CUS-0101,C,2026-03-31T22:47:00+08:00,2026-04-07T22:47:00+08:00,confirmed,CNY,125178.32,38020.02,1001.43,武汉,1,2026-04-28T22:47:00+08:00
SO-202509-002053,CUS-0022,B,2025-09-20T07:31:00+08:00,2025-09-22T19:31:00+08:00,shipped,CNY,12334474.32,5063073.41,222020.54,武汉,5,2025-10-05T07:31:00+08:00
SO-202511-002054,CUS-0022,B,2025-11-05T06:28:00+08:00,2025-11-09T06:28:00+08:00,delivered,CNY,1315523.16,333076.65,23679.42,武汉,2,2025-12-03T06:28:00+08:00
SO-202508-002055,CUS-0012,C,2025-08-06T03:13:00+08:00,2025-08-11T15:13:00+08:00,cancelled,CNY,4691455.36,1585242.44,37531.64,宁波,5,2025-09-03T03:13:00+08:00
SO-202509-002056,CUS-0022,B,2025-09-14T11:28:00+08:00,2025-09-17T11:28:00+08:00,at_risk,CNY,1307017.25,434100.66,23526.31,武汉,1,2025-10-13T11:28:00+08:00
SO-202509-002057,CUS-0025,B,2025-09-23T23:10:00+08:00,2025-09-27T11:10:00+08:00,delivered,CNY,1988477.02,803698.3,35792.59,东莞,2,2025-11-06T23:10:00+08:00
SO-202603-002058,CUS-0104,C,2026-03-28T02:42:00+08:00,2026-04-01T14:42:00+08:00,at_risk,CNY,3830341.25,1339375.11,30642.73,武汉,3,2026-04-28T02:42:00+08:00
SO-202605-002059,CUS-0097,B,2026-05-05T02:07:00+08:00,2026-05-08T02:07:00+08:00,at_risk,CNY,5804655.72,1993413.42,104483.8,杭州,4,2026-05-21T02:07:00+08:00
SO-202512-002060,CUS-0115,C,2025-12-27T05:29:00+08:00,2026-01-02T05:29:00+08:00,delivered,CNY,526478.69,137125.64,4211.83,东莞,2,2026-01-09T05:29:00+08:00
SO-202510-002061,CUS-0022,B,2025-10-20T00:47:00+08:00,2025-10-24T00:47:00+08:00,delivered,CNY,1908232.14,806531.61,34348.18,武汉,1,2025-11-21T00:47:00+08:00
SO-202509-002062,CUS-0113,B,2025-09-03T20:16:00+08:00,2025-09-06T20:16:00+08:00,shipped,CNY,2283528.77,1095043.0,41103.52,天津,3,2025-10-12T20:16:00+08:00
SO-202509-002063,CUS-0103,B,2025-09-08T12:12:00+08:00,2025-09-11T00:12:00+08:00,delivered,CNY,697525.72,277682.15,12555.46,宁波,2,2025-09-15T12:12:00+08:00
SO-202508-002064,CUS-0036,B,2025-08-28T14:23:00+08:00,2025-09-01T14:23:00+08:00,delivered,CNY,9484551.54,3584869.53,170721.93,成都,5,2025-09-05T14:23:00+08:00
SO-202508-002065,CUS-0044,B,2025-08-10T22:45:00+08:00,2025-08-15T22:45:00+08:00,delivered,CNY,1256813.16,365636.21,22622.64,宁波,2,2025-08-10T22:45:00+08:00
SO-202509-002066,CUS-0094,C,2025-09-29T16:30:00+08:00,2025-10-05T04:30:00+08:00,at_risk,CNY,2641131.84,887760.25,21129.05,宁波,3,2025-10-19T16:30:00+08:00
SO-202510-002067,CUS-0091,A,2025-10-22T05:58:00+08:00,2025-10-24T17:58:00+08:00,at_risk,CNY,556456.81,179832.21,19475.99,上海,1,2025-11-18T05:58:00+08:00
SO-202507-002068,CUS-0068,A,2025-07-06T00:17:00+08:00,2025-07-09T00:17:00+08:00,at_risk,CNY,2835683.79,915698.84,99248.93,成都,5,2025-08-20T00:17:00+08:00
SO-202510-002069,CUS-0095,B,2025-10-29T13:45:00+08:00,2025-11-03T13:45:00+08:00,delivered,CNY,2691611.24,882051.17,48449.0,苏州,4,2025-12-10T13:45:00+08:00
SO-202601-002070,CUS-0079,C,2026-01-29T17:29:00+08:00,2026-02-04T05:29:00+08:00,shipped,CNY,2899103.82,1048597.59,23192.83,东莞,5,2026-01-31T17:29:00+08:00
SO-202604-002071,CUS-0109,C,2026-04-24T05:34:00+08:00,2026-05-01T05:34:00+08:00,shipped,CNY,2518445.83,1120719.26,20147.57,东莞,5,2026-05-28T05:34:00+08:00
SO-202605-002072,CUS-0001,C,2026-05-06T08:22:00+08:00,2026-05-10T20:22:00+08:00,at_risk,CNY,2946890.18,1188391.08,23575.12,苏州,4,2026-06-04T08:22:00+08:00
SO-202508-002073,CUS-0071,C,2025-08-17T16:29:00+08:00,2025-08-23T16:29:00+08:00,delivered,CNY,1290056.95,609691.9,10320.46,杭州,1,2025-08-28T16:29:00+08:00
SO-202511-002074,CUS-0026,B,2025-11-22T07:39:00+08:00,2025-11-26T07:39:00+08:00,shipped,CNY,3696052.59,1375405.62,66528.95,天津,1,2025-12-12T07:39:00+08:00
SO-202507-002075,CUS-0054,C,2025-07-22T21:03:00+08:00,2025-07-29T21:03:00+08:00,delivered,CNY,2564006.59,912534.2,20512.05,青岛,5,2025-07-23T21:03:00+08:00
SO-202604-002076,CUS-0095,B,2026-04-13T16:29:00+08:00,2026-04-16T04:29:00+08:00,delivered,CNY,3989355.61,1386119.62,71808.4,苏州,5,2026-04-27T16:29:00+08:00
SO-202506-002077,CUS-0095,B,2025-06-21T12:31:00+08:00,2025-06-26T12:31:00+08:00,delivered,CNY,2300281.85,1008776.04,41405.07,苏州,1,2025-07-29T12:31:00+08:00
SO-202603-002078,CUS-0110,B,2026-03-22T06:05:00+08:00,2026-03-25T06:05:00+08:00,delivered,CNY,11025605.59,4274509.56,198460.9,成都,5,2026-04-14T06:05:00+08:00
SO-202509-002079,CUS-0054,C,2025-09-24T22:52:00+08:00,2025-10-01T22:52:00+08:00,delivered,CNY,3093552.59,1234437.99,24748.42,青岛,5,2025-10-19T22:52:00+08:00
SO-202511-002080,CUS-0028,B,2025-11-02T15:39:00+08:00,2025-11-06T03:39:00+08:00,confirmed,CNY,176934.83,72525.43,3184.83,成都,2,2025-12-16T15:39:00+08:00
SO-202509-002081,CUS-0001,C,2025-09-14T17:01:00+08:00,2025-09-21T17:01:00+08:00,shipped,CNY,4938493.08,1520668.69,39507.94,苏州,4,2025-10-18T17:01:00+08:00
SO-202604-002082,CUS-0118,C,2026-04-26T23:45:00+08:00,2026-05-01T23:45:00+08:00,delivered,CNY,5247857.33,2282650.99,41982.86,上海,5,2026-05-23T23:45:00+08:00
SO-202510-002083,CUS-0039,B,2025-10-03T01:48:00+08:00,2025-10-06T13:48:00+08:00,overdue,CNY,8864911.62,3999771.56,159568.41,武汉,5,2025-10-22T01:48:00+08:00
SO-202606-002084,CUS-0012,C,2026-06-04T22:37:00+08:00,2026-06-10T22:37:00+08:00,shipped,CNY,1946842.38,818806.16,15574.74,宁波,3,2026-06-15T08:00:00+08:00
SO-202603-002085,CUS-0092,B,2026-03-09T12:03:00+08:00,2026-03-12T12:03:00+08:00,confirmed,CNY,28845.33,10766.77,519.22,苏州,1,2026-04-17T12:03:00+08:00
SO-202512-002086,CUS-0093,A,2025-12-12T16:04:00+08:00,2025-12-15T16:04:00+08:00,delivered,CNY,2386280.44,732180.73,83519.82,武汉,3,2026-01-11T16:04:00+08:00
SO-202510-002087,CUS-0005,A,2025-10-20T19:59:00+08:00,2025-10-23T07:59:00+08:00,delivered,CNY,696296.2,205984.36,24370.37,青岛,3,2025-11-27T19:59:00+08:00
SO-202511-002088,CUS-0002,B,2025-11-16T04:24:00+08:00,2025-11-19T04:24:00+08:00,shipped,CNY,2115021.84,491848.19,38070.39,杭州,3,2025-11-19T04:24:00+08:00
SO-202606-002089,CUS-0020,B,2026-06-01T23:18:00+08:00,2026-06-06T23:18:00+08:00,shipped,CNY,10592854.02,4561258.27,190671.37,宁波,5,2026-06-07T23:18:00+08:00
SO-202603-002090,CUS-0028,B,2026-03-20T12:07:00+08:00,2026-03-24T12:07:00+08:00,confirmed,CNY,346616.98,84461.5,6239.11,成都,2,2026-03-31T12:07:00+08:00
SO-202603-002091,CUS-0065,A,2026-03-20T04:22:00+08:00,2026-03-23T04:22:00+08:00,shipped,CNY,639460.79,270556.54,22381.13,宁波,1,2026-03-25T04:22:00+08:00
SO-202602-002092,CUS-0070,A,2026-02-22T17:26:00+08:00,2026-02-24T05:26:00+08:00,confirmed,CNY,4310332.39,1829367.2,150861.63,苏州,5,2026-03-01T17:26:00+08:00
SO-202606-002093,CUS-0089,B,2026-06-07T00:10:00+08:00,2026-06-10T12:10:00+08:00,delivered,CNY,10977838.88,4387277.4,197601.1,宁波,4,2026-06-15T08:00:00+08:00
SO-202606-002094,CUS-0105,C,2026-06-12T11:45:00+08:00,2026-06-16T23:45:00+08:00,overdue,CNY,2064762.1,436102.08,16518.1,成都,3,2026-06-15T08:00:00+08:00
SO-202512-002095,CUS-0076,B,2025-12-15T01:03:00+08:00,2025-12-20T01:03:00+08:00,shipped,CNY,1771943.99,719351.2,31894.99,杭州,4,2025-12-23T01:03:00+08:00
SO-202604-002096,CUS-0118,C,2026-04-15T21:46:00+08:00,2026-04-20T21:46:00+08:00,delivered,CNY,8785961.73,2741314.75,70287.69,上海,4,2026-05-27T21:46:00+08:00
SO-202604-002097,CUS-0057,C,2026-04-24T20:56:00+08:00,2026-04-29T20:56:00+08:00,confirmed,CNY,2515474.78,1137681.33,20123.8,成都,4,2026-05-28T20:56:00+08:00
SO-202508-002098,CUS-0090,B,2025-08-02T00:21:00+08:00,2025-08-04T12:21:00+08:00,delivered,CNY,422831.0,162187.76,7610.96,天津,1,2025-08-26T00:21:00+08:00
SO-202601-002099,CUS-0106,A,2026-01-02T21:33:00+08:00,2026-01-04T09:33:00+08:00,delivered,CNY,3051010.31,991137.22,106785.36,天津,5,2026-01-02T21:33:00+08:00
SO-202601-002100,CUS-0093,A,2026-01-31T18:33:00+08:00,2026-02-02T18:33:00+08:00,delivered,CNY,9063489.01,3845646.54,317222.12,武汉,5,2026-02-24T18:33:00+08:00
SO-202507-002101,CUS-0021,B,2025-07-19T18:05:00+08:00,2025-07-24T18:05:00+08:00,delivered,CNY,1685044.32,535302.09,30330.8,成都,1,2025-07-29T18:05:00+08:00
SO-202511-002102,CUS-0063,B,2025-11-27T15:47:00+08:00,2025-11-30T15:47:00+08:00,delivered,CNY,5806389.47,2215484.9,104515.01,杭州,4,2026-01-06T15:47:00+08:00
SO-202509-002103,CUS-0034,A,2025-09-30T10:25:00+08:00,2025-10-04T10:25:00+08:00,delivered,CNY,112148.19,26742.24,3925.19,天津,1,2025-10-16T10:25:00+08:00
SO-202606-002104,CUS-0075,C,2026-06-07T15:57:00+08:00,2026-06-12T03:57:00+08:00,shipped,CNY,3049408.82,1329354.64,24395.27,成都,4,2026-06-07T15:57:00+08:00
SO-202507-002105,CUS-0053,B,2025-07-04T04:58:00+08:00,2025-07-09T04:58:00+08:00,delivered,CNY,9585621.07,4089171.37,172541.18,成都,3,2025-08-06T04:58:00+08:00
SO-202511-002106,CUS-0027,B,2025-11-04T11:03:00+08:00,2025-11-07T11:03:00+08:00,cancelled,CNY,5556228.79,2594044.39,100012.12,合肥,2,2025-12-11T11:03:00+08:00
SO-202601-002107,CUS-0056,B,2026-01-20T00:00:00+08:00,2026-01-23T12:00:00+08:00,shipped,CNY,9736709.16,4344800.91,175260.76,成都,5,2026-01-20T00:00:00+08:00
SO-202603-002108,CUS-0116,C,2026-03-26T03:30:00+08:00,2026-03-31T15:30:00+08:00,delivered,CNY,10946381.58,4690260.79,87571.05,合肥,5,2026-04-01T03:30:00+08:00
SO-202507-002109,CUS-0092,B,2025-07-12T23:04:00+08:00,2025-07-16T11:04:00+08:00,cancelled,CNY,4690361.84,1823805.92,84426.51,苏州,4,2025-08-02T23:04:00+08:00
SO-202512-002110,CUS-0101,C,2025-12-07T03:16:00+08:00,2025-12-13T03:16:00+08:00,delivered,CNY,3855675.24,1357881.53,30845.4,武汉,4,2026-01-21T03:16:00+08:00
SO-202509-002111,CUS-0094,C,2025-09-09T03:22:00+08:00,2025-09-13T15:22:00+08:00,confirmed,CNY,2463100.05,823549.55,19704.8,宁波,4,2025-10-21T03:22:00+08:00
SO-202509-002112,CUS-0058,C,2025-09-09T10:26:00+08:00,2025-09-16T10:26:00+08:00,shipped,CNY,1783673.07,442464.4,14269.38,苏州,3,2025-10-08T10:26:00+08:00
SO-202602-002113,CUS-0089,B,2026-02-24T17:54:00+08:00,2026-02-27T05:54:00+08:00,delivered,CNY,9232453.45,2984426.22,166184.16,宁波,4,2026-04-06T17:54:00+08:00
SO-202605-002114,CUS-0054,C,2026-05-07T09:51:00+08:00,2026-05-12T09:51:00+08:00,delivered,CNY,6465928.63,2664454.21,51727.43,青岛,4,2026-06-15T08:00:00+08:00
SO-202506-002115,CUS-0116,C,2025-06-19T16:54:00+08:00,2025-06-24T04:54:00+08:00,delivered,CNY,4065825.47,1280364.6,32526.6,合肥,4,2025-06-23T16:54:00+08:00
SO-202508-002116,CUS-0102,A,2025-08-30T10:36:00+08:00,2025-09-01T22:36:00+08:00,confirmed,CNY,2202918.84,546066.26,77102.16,青岛,5,2025-09-18T10:36:00+08:00
SO-202511-002117,CUS-0023,A,2025-11-21T03:06:00+08:00,2025-11-22T15:06:00+08:00,shipped,CNY,2339575.28,795804.14,81885.13,青岛,3,2025-12-17T03:06:00+08:00
SO-202510-002118,CUS-0026,B,2025-10-22T03:02:00+08:00,2025-10-25T15:02:00+08:00,shipped,CNY,6471.83,2117.27,116.49,天津,1,2025-11-17T03:02:00+08:00
SO-202511-002119,CUS-0108,B,2025-11-02T18:24:00+08:00,2025-11-06T18:24:00+08:00,delivered,CNY,3199330.46,767427.69,57587.95,上海,4,2025-12-06T18:24:00+08:00
SO-202605-002120,CUS-0059,C,2026-05-07T00:34:00+08:00,2026-05-13T00:34:00+08:00,shipped,CNY,274503.13,76866.13,2196.03,天津,1,2026-05-25T00:34:00+08:00
SO-202506-002121,CUS-0033,B,2025-06-17T12:08:00+08:00,2025-06-22T12:08:00+08:00,at_risk,CNY,2533493.83,972407.53,45602.89,青岛,1,2025-07-29T12:08:00+08:00
SO-202602-002122,CUS-0024,B,2026-02-23T13:17:00+08:00,2026-02-27T01:17:00+08:00,at_risk,CNY,992960.24,265479.73,17873.28,合肥,1,2026-04-02T13:17:00+08:00
SO-202602-002123,CUS-0093,A,2026-02-27T22:40:00+08:00,2026-03-02T10:40:00+08:00,cancelled,CNY,36983.35,15154.82,1294.42,武汉,2,2026-04-01T22:40:00+08:00
SO-202510-002124,CUS-0087,B,2025-10-26T17:21:00+08:00,2025-10-29T05:21:00+08:00,overdue,CNY,2465330.82,918778.96,44375.95,天津,3,2025-11-22T17:21:00+08:00
SO-202512-002125,CUS-0070,A,2025-12-18T02:31:00+08:00,2025-12-22T02:31:00+08:00,shipped,CNY,5605566.57,2191914.09,196194.83,苏州,5,2026-01-13T02:31:00+08:00
SO-202508-002126,CUS-0038,C,2025-08-10T16:35:00+08:00,2025-08-15T16:35:00+08:00,delivered,CNY,1115924.46,351259.32,8927.4,宁波,2,2025-08-29T16:35:00+08:00
SO-202507-002127,CUS-0111,C,2025-07-24T19:13:00+08:00,2025-07-29T19:13:00+08:00,shipped,CNY,4387777.52,1397185.67,35102.22,上海,5,2025-08-16T19:13:00+08:00
SO-202605-002128,CUS-0030,B,2026-05-26T13:40:00+08:00,2026-05-31T13:40:00+08:00,delivered,CNY,4444822.79,1892448.03,80006.81,上海,2,2026-06-08T13:40:00+08:00
SO-202509-002129,CUS-0094,C,2025-09-27T05:32:00+08:00,2025-10-02T05:32:00+08:00,delivered,CNY,6066024.89,2499380.61,48528.2,宁波,4,2025-11-05T05:32:00+08:00
SO-202508-002130,CUS-0045,B,2025-08-14T02:43:00+08:00,2025-08-16T14:43:00+08:00,confirmed,CNY,1843607.11,621116.67,33184.93,成都,4,2025-09-08T02:43:00+08:00
SO-202506-002131,CUS-0075,C,2025-06-28T15:01:00+08:00,2025-07-03T15:01:00+08:00,confirmed,CNY,4778272.17,2275785.44,38226.18,成都,3,2025-07-20T15:01:00+08:00
SO-202603-002132,CUS-0020,B,2026-03-06T20:53:00+08:00,2026-03-10T20:53:00+08:00,at_risk,CNY,8304687.23,2800468.74,149484.37,宁波,4,2026-03-29T20:53:00+08:00
SO-202511-002133,CUS-0096,C,2025-11-30T04:03:00+08:00,2025-12-05T16:03:00+08:00,delivered,CNY,1529683.06,518817.93,12237.46,苏州,3,2026-01-01T04:03:00+08:00
SO-202507-002134,CUS-0110,B,2025-07-04T18:07:00+08:00,2025-07-07T18:07:00+08:00,delivered,CNY,5719753.6,2747963.87,102955.56,成都,2,2025-08-02T18:07:00+08:00
SO-202506-002135,CUS-0033,B,2025-06-30T10:06:00+08:00,2025-07-05T10:06:00+08:00,shipped,CNY,5330161.85,2122176.41,95942.91,青岛,4,2025-07-02T10:06:00+08:00
SO-202509-002136,CUS-0028,B,2025-09-16T02:09:00+08:00,2025-09-18T14:09:00+08:00,cancelled,CNY,2746442.38,844599.76,49435.96,成都,3,2025-10-26T02:09:00+08:00
SO-202511-002137,CUS-0060,B,2025-11-11T10:22:00+08:00,2025-11-13T22:22:00+08:00,delivered,CNY,1572079.73,568303.46,28297.44,上海,1,2025-12-16T10:22:00+08:00
SO-202509-002138,CUS-0034,A,2025-09-08T23:38:00+08:00,2025-09-12T23:38:00+08:00,shipped,CNY,3752012.59,898891.13,131320.44,天津,3,2025-10-02T23:38:00+08:00
SO-202506-002139,CUS-0059,C,2025-06-26T23:28:00+08:00,2025-07-03T23:28:00+08:00,shipped,CNY,6539834.63,2125065.24,52318.68,天津,4,2025-07-08T23:28:00+08:00
SO-202510-002140,CUS-0026,B,2025-10-21T18:29:00+08:00,2025-10-26T18:29:00+08:00,at_risk,CNY,2479603.1,1065355.75,44632.86,天津,5,2025-10-28T18:29:00+08:00
SO-202507-002141,CUS-0083,B,2025-07-10T08:43:00+08:00,2025-07-15T08:43:00+08:00,shipped,CNY,7385677.41,2959651.42,132942.19,苏州,2,2025-07-12T08:43:00+08:00
SO-202506-002142,CUS-0027,B,2025-06-20T19:49:00+08:00,2025-06-24T07:49:00+08:00,confirmed,CNY,5097839.19,1872906.2,91761.11,合肥,4,2025-07-16T19:49:00+08:00
SO-202507-002143,CUS-0023,A,2025-07-25T01:08:00+08:00,2025-07-27T13:08:00+08:00,confirmed,CNY,3827337.47,1716037.97,133956.81,青岛,2,2025-07-31T01:08:00+08:00
SO-202601-002144,CUS-0067,B,2026-01-17T22:34:00+08:00,2026-01-20T22:34:00+08:00,delivered,CNY,1368040.46,617784.35,24624.73,青岛,2,2026-02-27T22:34:00+08:00
SO-202606-002145,CUS-0093,A,2026-06-01T20:53:00+08:00,2026-06-04T20:53:00+08:00,delivered,CNY,4374197.17,1441910.99,153096.9,武汉,4,2026-06-15T08:00:00+08:00
SO-202508-002146,CUS-0017,C,2025-08-17T19:27:00+08:00,2025-08-22T19:27:00+08:00,delivered,CNY,3516122.23,1483754.5,28128.98,青岛,4,2025-09-14T19:27:00+08:00
SO-202509-002147,CUS-0052,C,2025-09-14T16:05:00+08:00,2025-09-20T16:05:00+08:00,confirmed,CNY,3506679.37,1391205.64,28053.43,上海,5,2025-10-05T16:05:00+08:00
SO-202508-002148,CUS-0071,C,2025-08-10T11:08:00+08:00,2025-08-15T11:08:00+08:00,delivered,CNY,548011.72,204115.24,4384.09,杭州,3,2025-08-24T11:08:00+08:00
SO-202508-002149,CUS-0098,C,2025-08-02T10:10:00+08:00,2025-08-06T22:10:00+08:00,at_risk,CNY,3616346.55,1649323.15,28930.77,青岛,3,2025-08-24T10:10:00+08:00
SO-202604-002150,CUS-0065,A,2026-04-30T23:43:00+08:00,2026-05-03T23:43:00+08:00,at_risk,CNY,3074276.78,1170393.78,107599.69,宁波,3,2026-05-17T23:43:00+08:00
SO-202512-002151,CUS-0061,B,2025-12-26T01:50:00+08:00,2025-12-30T01:50:00+08:00,overdue,CNY,8409697.2,3058376.6,151374.55,上海,3,2026-01-30T01:50:00+08:00
SO-202604-002152,CUS-0106,A,2026-04-03T19:31:00+08:00,2026-04-05T19:31:00+08:00,confirmed,CNY,789137.18,237674.8,27619.8,天津,3,2026-04-11T19:31:00+08:00
SO-202512-002153,CUS-0093,A,2025-12-17T09:31:00+08:00,2025-12-20T09:31:00+08:00,cancelled,CNY,1229501.53,513433.87,43032.55,武汉,4,2026-01-10T09:31:00+08:00
SO-202601-002154,CUS-0084,C,2026-01-27T02:59:00+08:00,2026-02-01T02:59:00+08:00,confirmed,CNY,4684543.47,2006135.1,37476.35,合肥,4,2026-03-04T02:59:00+08:00
SO-202508-002155,CUS-0040,C,2025-08-16T04:51:00+08:00,2025-08-21T04:51:00+08:00,delivered,CNY,1413509.34,609195.58,11308.07,合肥,2,2025-09-19T04:51:00+08:00
SO-202509-002156,CUS-0053,B,2025-09-10T04:33:00+08:00,2025-09-15T04:33:00+08:00,overdue,CNY,1060248.13,408990.07,19084.47,成都,3,2025-10-25T04:33:00+08:00
SO-202507-002157,CUS-0114,B,2025-07-26T09:57:00+08:00,2025-07-29T09:57:00+08:00,shipped,CNY,6107936.65,1652414.9,109942.86,苏州,4,2025-08-29T09:57:00+08:00
SO-202510-002158,CUS-0082,C,2025-10-24T15:41:00+08:00,2025-10-29T15:41:00+08:00,delivered,CNY,26371.23,10238.83,210.97,武汉,1,2025-10-27T15:41:00+08:00
SO-202512-002159,CUS-0008,A,2025-12-24T22:13:00+08:00,2025-12-26T22:13:00+08:00,confirmed,CNY,10110748.84,4210229.59,353876.21,青岛,5,2026-01-26T22:13:00+08:00
SO-202512-002160,CUS-0072,B,2025-12-11T11:43:00+08:00,2025-12-13T23:43:00+08:00,delivered,CNY,4225707.89,1559093.62,76062.74,天津,5,2025-12-14T11:43:00+08:00
SO-202603-002161,CUS-0004,B,2026-03-17T11:51:00+08:00,2026-03-20T11:51:00+08:00,confirmed,CNY,1670251.84,513049.92,30064.53,杭州,4,2026-04-01T11:51:00+08:00
SO-202605-002162,CUS-0045,B,2026-05-18T13:36:00+08:00,2026-05-21T01:36:00+08:00,delivered,CNY,540126.82,271845.37,9722.28,成都,1,2026-05-22T13:36:00+08:00
SO-202601-002163,CUS-0068,A,2026-01-17T06:11:00+08:00,2026-01-18T18:11:00+08:00,confirmed,CNY,2359462.29,843754.8,82581.18,成都,5,2026-01-22T06:11:00+08:00
SO-202506-002164,CUS-0084,C,2025-06-20T17:21:00+08:00,2025-06-26T05:21:00+08:00,confirmed,CNY,1187353.14,271625.99,9498.83,合肥,3,2025-07-30T17:21:00+08:00
SO-202512-002165,CUS-0084,C,2025-12-17T23:30:00+08:00,2025-12-22T11:30:00+08:00,delivered,CNY,1217783.57,384424.21,9742.27,合肥,1,2025-12-24T23:30:00+08:00
SO-202507-002166,CUS-0001,C,2025-07-24T04:41:00+08:00,2025-07-29T16:41:00+08:00,delivered,CNY,2852847.97,1099789.93,22822.78,苏州,3,2025-08-24T04:41:00+08:00
SO-202601-002167,CUS-0008,A,2026-01-24T01:34:00+08:00,2026-01-26T13:34:00+08:00,confirmed,CNY,2786118.49,1002995.55,97514.15,青岛,5,2026-03-03T01:34:00+08:00
SO-202511-002168,CUS-0010,B,2025-11-14T02:32:00+08:00,2025-11-19T02:32:00+08:00,delivered,CNY,339869.27,99231.29,6117.65,合肥,2,2025-12-12T02:32:00+08:00
SO-202601-002169,CUS-0073,C,2026-01-23T23:37:00+08:00,2026-01-30T23:37:00+08:00,confirmed,CNY,897111.41,259280.67,7176.89,成都,1,2026-01-26T23:37:00+08:00
SO-202509-002170,CUS-0119,B,2025-09-28T15:35:00+08:00,2025-10-02T03:35:00+08:00,delivered,CNY,5378467.7,2219898.25,96812.42,苏州,5,2025-10-14T15:35:00+08:00
SO-202603-002171,CUS-0060,B,2026-03-03T02:07:00+08:00,2026-03-08T02:07:00+08:00,delivered,CNY,712586.1,186438.91,12826.55,上海,2,2026-03-15T02:07:00+08:00
SO-202605-002172,CUS-0026,B,2026-05-12T22:43:00+08:00,2026-05-15T10:43:00+08:00,delivered,CNY,1127742.55,376958.67,20299.37,天津,4,2026-05-23T22:43:00+08:00
SO-202511-002173,CUS-0117,C,2025-11-06T00:22:00+08:00,2025-11-13T00:22:00+08:00,delivered,CNY,1051436.19,423118.41,8411.49,苏州,3,2025-11-21T00:22:00+08:00
SO-202601-002174,CUS-0005,A,2026-01-18T16:58:00+08:00,2026-01-20T16:58:00+08:00,delivered,CNY,3982943.37,1137079.38,139403.02,青岛,5,2026-02-14T16:58:00+08:00
SO-202605-002175,CUS-0082,C,2026-05-10T18:37:00+08:00,2026-05-15T06:37:00+08:00,delivered,CNY,4144104.37,1540030.43,33152.83,武汉,5,2026-05-16T18:37:00+08:00
SO-202603-002176,CUS-0072,B,2026-03-03T19:16:00+08:00,2026-03-08T19:16:00+08:00,shipped,CNY,7191837.89,2945822.29,129453.08,天津,3,2026-03-25T19:16:00+08:00
SO-202602-002177,CUS-0097,B,2026-02-05T21:12:00+08:00,2026-02-08T21:12:00+08:00,shipped,CNY,10093780.7,3708476.54,181688.05,杭州,4,2026-02-09T21:12:00+08:00
SO-202601-002178,CUS-0044,B,2026-01-08T15:44:00+08:00,2026-01-11T03:44:00+08:00,delivered,CNY,3706068.75,1731779.0,66709.24,宁波,5,2026-01-31T15:44:00+08:00
SO-202603-002179,CUS-0098,C,2026-03-03T02:04:00+08:00,2026-03-09T02:04:00+08:00,at_risk,CNY,2806839.94,1138498.79,22454.72,青岛,4,2026-03-22T02:04:00+08:00
SO-202509-002180,CUS-0056,B,2025-09-03T18:09:00+08:00,2025-09-06T18:09:00+08:00,shipped,CNY,5032067.72,1565243.09,90577.22,成都,4,2025-09-23T18:09:00+08:00
SO-202512-002181,CUS-0008,A,2025-12-03T22:16:00+08:00,2025-12-07T22:16:00+08:00,at_risk,CNY,3775775.87,1648296.58,132152.16,青岛,3,2025-12-16T22:16:00+08:00
SO-202603-002182,CUS-0031,C,2026-03-15T04:45:00+08:00,2026-03-20T04:45:00+08:00,confirmed,CNY,4581457.14,1512472.01,36651.66,青岛,4,2026-03-20T04:45:00+08:00
SO-202512-002183,CUS-0058,C,2025-12-26T22:28:00+08:00,2025-12-31T22:28:00+08:00,confirmed,CNY,8313242.47,2040340.82,66505.94,苏州,5,2026-02-07T22:28:00+08:00
SO-202601-002184,CUS-0007,B,2026-01-14T14:22:00+08:00,2026-01-17T14:22:00+08:00,overdue,CNY,229520.52,71750.25,4131.37,武汉,1,2026-01-30T14:22:00+08:00
SO-202602-002185,CUS-0075,C,2026-02-24T11:13:00+08:00,2026-03-01T23:13:00+08:00,delivered,CNY,8448959.19,3212082.37,67591.67,成都,5,2026-03-31T11:13:00+08:00
SO-202604-002186,CUS-0105,C,2026-04-18T04:42:00+08:00,2026-04-23T04:42:00+08:00,delivered,CNY,2084832.83,934568.24,16678.66,成都,3,2026-04-18T04:42:00+08:00
SO-202509-002187,CUS-0032,A,2025-09-21T08:59:00+08:00,2025-09-24T08:59:00+08:00,shipped,CNY,5518207.94,1234647.78,193137.28,苏州,3,2025-10-07T08:59:00+08:00
SO-202506-002188,CUS-0068,A,2025-06-27T00:33:00+08:00,2025-06-29T12:33:00+08:00,shipped,CNY,4481916.58,1839485.49,156867.08,成都,3,2025-08-09T00:33:00+08:00
SO-202602-002189,CUS-0110,B,2026-02-24T19:50:00+08:00,2026-02-27T19:50:00+08:00,confirmed,CNY,7784250.86,2805853.71,140116.52,成都,2,2026-04-06T19:50:00+08:00
SO-202601-002190,CUS-0017,C,2026-01-30T21:41:00+08:00,2026-02-06T21:41:00+08:00,shipped,CNY,2342092.98,881796.91,18736.74,青岛,5,2026-02-15T21:41:00+08:00
SO-202509-002191,CUS-0051,C,2025-09-15T22:48:00+08:00,2025-09-22T22:48:00+08:00,overdue,CNY,2509444.95,880207.13,20075.56,武汉,5,2025-10-22T22:48:00+08:00
SO-202511-002192,CUS-0045,B,2025-11-29T09:11:00+08:00,2025-12-04T09:11:00+08:00,delivered,CNY,8751057.21,3933853.46,157519.03,成都,4,2025-12-15T09:11:00+08:00
SO-202601-002193,CUS-0034,A,2026-01-24T20:33:00+08:00,2026-01-26T20:33:00+08:00,delivered,CNY,1501310.15,466721.99,52545.86,天津,1,2026-02-22T20:33:00+08:00
SO-202511-002194,CUS-0093,A,2025-11-14T08:22:00+08:00,2025-11-16T08:22:00+08:00,confirmed,CNY,788648.09,333541.38,27602.68,武汉,4,2025-12-21T08:22:00+08:00
SO-202508-002195,CUS-0041,B,2025-08-31T04:45:00+08:00,2025-09-03T04:45:00+08:00,delivered,CNY,7525637.81,3136760.48,135461.48,成都,3,2025-10-02T04:45:00+08:00
SO-202603-002196,CUS-0074,C,2026-03-31T12:32:00+08:00,2026-04-07T12:32:00+08:00,at_risk,CNY,6571012.26,2572236.68,52568.1,苏州,2,2026-05-08T12:32:00+08:00
SO-202604-002197,CUS-0099,B,2026-04-01T07:59:00+08:00,2026-04-04T19:59:00+08:00,cancelled,CNY,6585291.96,2378434.37,118535.26,武汉,4,2026-05-16T07:59:00+08:00
SO-202507-002198,CUS-0059,C,2025-07-09T02:57:00+08:00,2025-07-16T02:57:00+08:00,delivered,CNY,1768838.92,598676.89,14150.71,天津,3,2025-07-09T02:57:00+08:00
SO-202506-002199,CUS-0037,C,2025-06-16T07:16:00+08:00,2025-06-21T19:16:00+08:00,at_risk,CNY,1524100.0,534844.28,12192.8,杭州,2,2025-06-20T07:16:00+08:00
SO-202602-002200,CUS-0021,B,2026-02-19T05:16:00+08:00,2026-02-23T05:16:00+08:00,shipped,CNY,1207622.99,550752.22,21737.21,成都,2,2026-03-29T05:16:00+08:00
SO-202510-002201,CUS-0052,C,2025-10-09T10:29:00+08:00,2025-10-14T10:29:00+08:00,at_risk,CNY,6156670.52,2351106.14,49253.36,上海,5,2025-10-10T10:29:00+08:00
SO-202507-002202,CUS-0106,A,2025-07-19T05:48:00+08:00,2025-07-21T17:48:00+08:00,delivered,CNY,3780896.02,1153214.12,132331.36,天津,4,2025-08-29T05:48:00+08:00
SO-202603-002203,CUS-0026,B,2026-03-25T16:37:00+08:00,2026-03-30T16:37:00+08:00,delivered,CNY,7155596.55,3264702.27,128800.74,天津,5,2026-05-04T16:37:00+08:00
SO-202509-002204,CUS-0002,B,2025-09-21T11:32:00+08:00,2025-09-25T11:32:00+08:00,delivered,CNY,1693614.79,750684.59,30485.07,杭州,3,2025-09-27T11:32:00+08:00
SO-202601-002205,CUS-0117,C,2026-01-07T00:17:00+08:00,2026-01-12T00:17:00+08:00,shipped,CNY,66599.57,25411.5,532.8,苏州,2,2026-02-02T00:17:00+08:00
SO-202509-002206,CUS-0092,B,2025-09-25T18:08:00+08:00,2025-09-28T06:08:00+08:00,at_risk,CNY,1582761.31,626350.89,28489.7,苏州,3,2025-10-14T18:08:00+08:00
SO-202508-002207,CUS-0041,B,2025-08-08T05:20:00+08:00,2025-08-10T17:20:00+08:00,delivered,CNY,1858995.75,722435.59,33461.92,成都,2,2025-09-17T05:20:00+08:00
SO-202509-002208,CUS-0118,C,2025-09-12T05:56:00+08:00,2025-09-19T05:56:00+08:00,shipped,CNY,3217596.95,804970.8,25740.78,上海,1,2025-10-10T05:56:00+08:00
SO-202603-002209,CUS-0036,B,2026-03-22T04:48:00+08:00,2026-03-27T04:48:00+08:00,delivered,CNY,6238523.36,2551029.28,112293.42,成都,5,2026-04-05T04:48:00+08:00
SO-202603-002210,CUS-0027,B,2026-03-20T19:36:00+08:00,2026-03-25T19:36:00+08:00,delivered,CNY,426139.77,205125.6,7670.52,合肥,1,2026-03-31T19:36:00+08:00
SO-202603-002211,CUS-0090,B,2026-03-28T09:53:00+08:00,2026-04-01T09:53:00+08:00,at_risk,CNY,543609.6,195836.08,9784.97,天津,2,2026-04-19T09:53:00+08:00
SO-202605-002212,CUS-0084,C,2026-05-28T22:25:00+08:00,2026-06-02T22:25:00+08:00,overdue,CNY,4681409.29,1948079.84,37451.27,合肥,3,2026-06-15T08:00:00+08:00
SO-202512-002213,CUS-0120,B,2025-12-01T18:02:00+08:00,2025-12-06T18:02:00+08:00,at_risk,CNY,91619.5,40368.22,1649.15,青岛,1,2026-01-04T18:02:00+08:00
SO-202605-002214,CUS-0008,A,2026-05-30T12:36:00+08:00,2026-06-02T12:36:00+08:00,delivered,CNY,90150.86,34283.52,3155.28,青岛,2,2026-06-15T08:00:00+08:00
SO-202509-002215,CUS-0061,B,2025-09-02T10:50:00+08:00,2025-09-07T10:50:00+08:00,delivered,CNY,8570025.32,3936810.38,154260.46,上海,4,2025-10-03T10:50:00+08:00
SO-202506-002216,CUS-0113,B,2025-06-20T21:50:00+08:00,2025-06-23T21:50:00+08:00,shipped,CNY,972283.82,335089.8,17501.11,天津,4,2025-07-18T21:50:00+08:00
SO-202604-002217,CUS-0057,C,2026-04-23T12:03:00+08:00,2026-04-28T12:03:00+08:00,shipped,CNY,8874722.99,2828401.27,70997.78,成都,5,2026-04-24T12:03:00+08:00
SO-202604-002218,CUS-0060,B,2026-04-02T09:03:00+08:00,2026-04-07T09:03:00+08:00,overdue,CNY,889848.8,407206.47,16017.28,上海,4,2026-04-07T09:03:00+08:00
SO-202606-002219,CUS-0025,B,2026-06-05T11:30:00+08:00,2026-06-10T11:30:00+08:00,shipped,CNY,6345701.25,2240239.31,114222.62,东莞,3,2026-06-15T08:00:00+08:00
SO-202601-002220,CUS-0074,C,2026-01-28T11:26:00+08:00,2026-02-03T11:26:00+08:00,confirmed,CNY,3671207.38,1212679.52,29369.66,苏州,5,2026-02-26T11:26:00+08:00
SO-202509-002221,CUS-0110,B,2025-09-19T16:42:00+08:00,2025-09-23T04:42:00+08:00,delivered,CNY,125479.33,53263.78,2258.63,成都,1,2025-09-24T16:42:00+08:00
SO-202511-002222,CUS-0084,C,2025-11-07T18:09:00+08:00,2025-11-13T06:09:00+08:00,confirmed,CNY,2710878.95,937919.86,21687.03,合肥,4,2025-11-19T18:09:00+08:00
SO-202507-002223,CUS-0089,B,2025-07-14T18:47:00+08:00,2025-07-19T18:47:00+08:00,confirmed,CNY,7391601.62,2881354.07,133048.83,宁波,2,2025-08-17T18:47:00+08:00
SO-202510-002224,CUS-0051,C,2025-10-02T14:31:00+08:00,2025-10-08T14:31:00+08:00,shipped,CNY,4368534.68,1537101.02,34948.28,武汉,4,2025-10-29T14:31:00+08:00
SO-202602-002225,CUS-0104,C,2026-02-28T02:36:00+08:00,2026-03-05T02:36:00+08:00,cancelled,CNY,15224504.86,5098435.18,121796.04,武汉,5,2026-03-03T02:36:00+08:00
SO-202603-002226,CUS-0036,B,2026-03-03T05:15:00+08:00,2026-03-07T05:15:00+08:00,delivered,CNY,72598.37,30357.63,1306.77,成都,2,2026-03-31T05:15:00+08:00
SO-202601-002227,CUS-0053,B,2026-01-06T23:44:00+08:00,2026-01-09T23:44:00+08:00,shipped,CNY,3029694.67,1031741.06,54534.5,成都,5,2026-01-31T23:44:00+08:00
SO-202605-002228,CUS-0064,C,2026-05-10T13:24:00+08:00,2026-05-15T13:24:00+08:00,delivered,CNY,1730634.88,492261.96,13845.08,东莞,2,2026-05-31T13:24:00+08:00
SO-202601-002229,CUS-0023,A,2026-01-31T21:04:00+08:00,2026-02-03T09:04:00+08:00,delivered,CNY,1436854.41,514578.33,50289.9,青岛,1,2026-02-28T21:04:00+08:00
SO-202602-002230,CUS-0045,B,2026-02-23T23:54:00+08:00,2026-02-28T23:54:00+08:00,at_risk,CNY,4085925.33,1696844.24,73546.66,成都,2,2026-02-25T23:54:00+08:00
SO-202508-002231,CUS-0013,B,2025-08-01T06:18:00+08:00,2025-08-04T06:18:00+08:00,delivered,CNY,2730823.77,897029.33,49154.83,成都,2,2025-08-28T06:18:00+08:00
SO-202507-002232,CUS-0106,A,2025-07-26T19:31:00+08:00,2025-07-30T19:31:00+08:00,overdue,CNY,1836891.09,535947.93,64291.19,天津,4,2025-07-27T19:31:00+08:00
SO-202507-002233,CUS-0018,B,2025-07-18T08:59:00+08:00,2025-07-21T20:59:00+08:00,shipped,CNY,353351.62,126133.94,6360.33,宁波,1,2025-08-25T08:59:00+08:00
SO-202511-002234,CUS-0047,B,2025-11-06T16:10:00+08:00,2025-11-11T16:10:00+08:00,at_risk,CNY,4603882.48,2166202.42,82869.88,东莞,5,2025-11-20T16:10:00+08:00
SO-202602-002235,CUS-0071,C,2026-02-25T00:12:00+08:00,2026-03-02T00:12:00+08:00,delivered,CNY,125038.63,35490.01,1000.31,杭州,1,2026-03-09T00:12:00+08:00
SO-202510-002236,CUS-0058,C,2025-10-10T20:52:00+08:00,2025-10-16T08:52:00+08:00,confirmed,CNY,2919007.47,1138922.65,23352.06,苏州,3,2025-10-15T20:52:00+08:00
SO-202508-002237,CUS-0009,C,2025-08-18T10:18:00+08:00,2025-08-22T22:18:00+08:00,delivered,CNY,233320.18,89862.82,1866.56,东莞,1,2025-09-21T10:18:00+08:00
SO-202507-002238,CUS-0102,A,2025-07-25T03:06:00+08:00,2025-07-28T03:06:00+08:00,confirmed,CNY,2674550.03,928547.03,93609.25,青岛,1,2025-08-11T03:06:00+08:00
SO-202508-002239,CUS-0108,B,2025-08-28T04:00:00+08:00,2025-08-31T16:00:00+08:00,confirmed,CNY,1970843.47,532003.12,35475.18,上海,3,2025-09-02T04:00:00+08:00
SO-202605-002240,CUS-0020,B,2026-05-20T18:20:00+08:00,2026-05-23T06:20:00+08:00,overdue,CNY,3644460.78,1180080.36,65600.29,宁波,4,2026-05-22T18:20:00+08:00
SO-202605-002241,CUS-0074,C,2026-05-31T14:28:00+08:00,2026-06-05T14:28:00+08:00,delivered,CNY,6056228.25,1612165.71,48449.83,苏州,3,2026-06-14T14:28:00+08:00
SO-202510-002242,CUS-0014,C,2025-10-01T20:51:00+08:00,2025-10-07T20:51:00+08:00,confirmed,CNY,2372068.51,713480.47,18976.55,东莞,1,2025-10-18T20:51:00+08:00
SO-202507-002243,CUS-0017,C,2025-07-04T15:14:00+08:00,2025-07-11T15:14:00+08:00,delivered,CNY,4570903.22,1866373.89,36567.23,青岛,4,2025-07-18T15:14:00+08:00
SO-202603-002244,CUS-0047,B,2026-03-09T09:05:00+08:00,2026-03-14T09:05:00+08:00,confirmed,CNY,2739339.67,837376.93,49308.11,东莞,4,2026-03-29T09:05:00+08:00
SO-202512-002245,CUS-0101,C,2025-12-12T18:13:00+08:00,2025-12-19T18:13:00+08:00,delivered,CNY,1077164.79,334852.96,8617.32,武汉,3,2026-01-04T18:13:00+08:00
SO-202510-002246,CUS-0066,A,2025-10-20T06:47:00+08:00,2025-10-24T06:47:00+08:00,shipped,CNY,7776180.97,3067379.42,272166.33,青岛,5,2025-11-03T06:47:00+08:00
SO-202511-002247,CUS-0066,A,2025-11-06T11:15:00+08:00,2025-11-09T11:15:00+08:00,confirmed,CNY,3516359.87,1486975.4,123072.6,青岛,4,2025-11-16T11:15:00+08:00
SO-202512-002248,CUS-0060,B,2025-12-24T04:41:00+08:00,2025-12-29T04:41:00+08:00,delivered,CNY,152058.69,65269.17,2737.06,上海,1,2025-12-29T04:41:00+08:00
SO-202509-002249,CUS-0117,C,2025-09-01T07:36:00+08:00,2025-09-06T07:36:00+08:00,overdue,CNY,3692961.95,1311917.67,29543.7,苏州,3,2025-10-09T07:36:00+08:00
SO-202512-002250,CUS-0052,C,2025-12-21T19:25:00+08:00,2025-12-26T19:25:00+08:00,delivered,CNY,5610.62,2127.44,44.88,上海,1,2026-01-04T19:25:00+08:00
SO-202512-002251,CUS-0070,A,2025-12-06T22:28:00+08:00,2025-12-08T10:28:00+08:00,delivered,CNY,11806196.4,5157990.84,413216.87,苏州,4,2026-01-09T22:28:00+08:00
SO-202511-002252,CUS-0046,B,2025-11-18T10:27:00+08:00,2025-11-23T10:27:00+08:00,delivered,CNY,10320761.29,4473492.28,185773.7,青岛,5,2025-12-25T10:27:00+08:00
SO-202604-002253,CUS-0025,B,2026-04-04T18:35:00+08:00,2026-04-08T18:35:00+08:00,confirmed,CNY,4220175.11,1858290.1,75963.15,东莞,1,2026-04-21T18:35:00+08:00
SO-202510-002254,CUS-0002,B,2025-10-30T22:19:00+08:00,2025-11-03T22:19:00+08:00,shipped,CNY,2689370.67,1065866.59,48408.67,杭州,4,2025-12-11T22:19:00+08:00
SO-202605-002255,CUS-0113,B,2026-05-31T05:32:00+08:00,2026-06-04T05:32:00+08:00,overdue,CNY,2091432.89,839686.76,37645.79,天津,4,2026-06-15T08:00:00+08:00
SO-202602-002256,CUS-0112,C,2026-02-07T20:34:00+08:00,2026-02-13T08:34:00+08:00,delivered,CNY,3707326.31,1606075.11,29658.61,宁波,3,2026-03-19T20:34:00+08:00
SO-202602-002257,CUS-0031,C,2026-02-10T23:43:00+08:00,2026-02-16T11:43:00+08:00,delivered,CNY,4458237.76,1811803.74,35665.9,青岛,4,2026-02-24T23:43:00+08:00
SO-202511-002258,CUS-0051,C,2025-11-19T15:42:00+08:00,2025-11-26T15:42:00+08:00,delivered,CNY,7662017.34,3434743.4,61296.14,武汉,5,2025-12-23T15:42:00+08:00
SO-202603-002259,CUS-0102,A,2026-03-29T14:54:00+08:00,2026-03-31T02:54:00+08:00,shipped,CNY,2743558.39,955320.11,96024.54,青岛,3,2026-04-22T14:54:00+08:00
SO-202511-002260,CUS-0085,B,2025-11-23T07:18:00+08:00,2025-11-26T07:18:00+08:00,confirmed,CNY,8113767.52,2778580.65,146047.82,青岛,5,2025-12-24T07:18:00+08:00
SO-202601-002261,CUS-0073,C,2026-01-10T08:10:00+08:00,2026-01-15T08:10:00+08:00,delivered,CNY,8655085.6,3642374.01,69240.68,成都,5,2026-01-31T08:10:00+08:00
SO-202601-002262,CUS-0050,B,2026-01-14T17:02:00+08:00,2026-01-18T05:02:00+08:00,delivered,CNY,50075.14,18266.68,901.35,上海,2,2026-02-23T17:02:00+08:00
SO-202605-002263,CUS-0077,B,2026-05-28T03:40:00+08:00,2026-05-31T15:40:00+08:00,delivered,CNY,1510733.75,581654.69,27193.21,东莞,2,2026-06-15T08:00:00+08:00
SO-202507-002264,CUS-0035,C,2025-07-24T08:01:00+08:00,2025-07-29T08:01:00+08:00,shipped,CNY,169617.49,57864.17,1356.94,武汉,1,2025-08-14T08:01:00+08:00
SO-202604-002265,CUS-0064,C,2026-04-04T08:34:00+08:00,2026-04-08T20:34:00+08:00,overdue,CNY,3669851.64,1414169.75,29358.81,东莞,4,2026-04-23T08:34:00+08:00
SO-202512-002266,CUS-0120,B,2025-12-25T10:11:00+08:00,2025-12-28T10:11:00+08:00,delivered,CNY,3278262.27,1434606.39,59008.72,青岛,2,2026-01-17T10:11:00+08:00
SO-202511-002267,CUS-0037,C,2025-11-19T13:35:00+08:00,2025-11-25T13:35:00+08:00,confirmed,CNY,2306137.58,740711.92,18449.1,杭州,3,2025-12-28T13:35:00+08:00
SO-202509-002268,CUS-0090,B,2025-09-27T14:18:00+08:00,2025-10-01T14:18:00+08:00,delivered,CNY,1097945.8,379523.34,19763.02,天津,2,2025-10-16T14:18:00+08:00
SO-202507-002269,CUS-0007,B,2025-07-19T09:59:00+08:00,2025-07-24T09:59:00+08:00,shipped,CNY,5286774.1,2132351.81,95161.93,武汉,4,2025-08-26T09:59:00+08:00
SO-202508-002270,CUS-0052,C,2025-08-21T16:06:00+08:00,2025-08-27T16:06:00+08:00,delivered,CNY,853435.85,375428.05,6827.49,上海,1,2025-08-21T16:06:00+08:00
SO-202507-002271,CUS-0104,C,2025-07-17T13:09:00+08:00,2025-07-22T13:09:00+08:00,delivered,CNY,5513243.84,1934248.26,44105.95,武汉,4,2025-08-29T13:09:00+08:00
SO-202511-002272,CUS-0013,B,2025-11-12T18:16:00+08:00,2025-11-15T06:16:00+08:00,shipped,CNY,1711665.45,713730.54,30809.98,成都,2,2025-12-03T18:16:00+08:00
SO-202512-002273,CUS-0082,C,2025-12-09T13:38:00+08:00,2025-12-16T13:38:00+08:00,confirmed,CNY,5635749.22,1826896.21,45085.99,武汉,3,2026-01-01T13:38:00+08:00
SO-202605-002274,CUS-0047,B,2026-05-01T11:02:00+08:00,2026-05-04T23:02:00+08:00,delivered,CNY,2850802.95,990632.35,51314.45,东莞,5,2026-05-10T11:02:00+08:00
SO-202512-002275,CUS-0024,B,2025-12-07T00:29:00+08:00,2025-12-12T00:29:00+08:00,confirmed,CNY,7914795.56,3451875.5,142466.32,合肥,2,2026-01-16T00:29:00+08:00
SO-202509-002276,CUS-0029,B,2025-09-16T13:32:00+08:00,2025-09-20T01:32:00+08:00,shipped,CNY,2651786.03,1038023.75,47732.15,武汉,5,2025-10-20T13:32:00+08:00
SO-202604-002277,CUS-0002,B,2026-04-01T08:23:00+08:00,2026-04-04T08:23:00+08:00,shipped,CNY,519928.8,221985.46,9358.72,杭州,4,2026-05-03T08:23:00+08:00
SO-202602-002278,CUS-0071,C,2026-02-18T00:21:00+08:00,2026-02-23T12:21:00+08:00,overdue,CNY,3931463.83,1460446.33,31451.71,杭州,5,2026-03-02T00:21:00+08:00
SO-202511-002279,CUS-0025,B,2025-11-28T02:11:00+08:00,2025-12-03T02:11:00+08:00,delivered,CNY,3501134.45,1629285.61,63020.42,东莞,5,2025-12-03T02:11:00+08:00
SO-202602-002280,CUS-0063,B,2026-02-01T22:08:00+08:00,2026-02-05T22:08:00+08:00,overdue,CNY,4560867.66,1577970.49,82095.62,杭州,3,2026-03-05T22:08:00+08:00
SO-202601-002281,CUS-0072,B,2026-01-23T18:05:00+08:00,2026-01-26T18:05:00+08:00,confirmed,CNY,961121.67,360407.72,17300.19,天津,2,2026-02-16T18:05:00+08:00
SO-202604-002282,CUS-0043,C,2026-04-08T09:58:00+08:00,2026-04-15T09:58:00+08:00,at_risk,CNY,2324227.24,667439.04,18593.82,武汉,5,2026-05-07T09:58:00+08:00
SO-202605-002283,CUS-0066,A,2026-05-01T06:34:00+08:00,2026-05-02T18:34:00+08:00,confirmed,CNY,2902127.15,941207.01,101574.45,青岛,2,2026-05-29T06:34:00+08:00
SO-202508-002284,CUS-0112,C,2025-08-15T13:51:00+08:00,2025-08-21T01:51:00+08:00,delivered,CNY,3053932.94,1383098.12,24431.46,宁波,1,2025-09-21T13:51:00+08:00
SO-202604-002285,CUS-0078,B,2026-04-07T09:53:00+08:00,2026-04-09T21:53:00+08:00,confirmed,CNY,8985152.36,3463129.73,161732.74,武汉,5,2026-04-07T09:53:00+08:00
SO-202602-002286,CUS-0059,C,2026-02-06T17:06:00+08:00,2026-02-13T17:06:00+08:00,delivered,CNY,3873775.1,1087916.76,30990.2,天津,4,2026-03-22T17:06:00+08:00
SO-202506-002287,CUS-0117,C,2025-06-25T01:32:00+08:00,2025-06-29T13:32:00+08:00,overdue,CNY,9890254.13,3778051.04,79122.03,苏州,4,2025-06-30T01:32:00+08:00
SO-202509-002288,CUS-0011,C,2025-09-20T15:04:00+08:00,2025-09-27T15:04:00+08:00,delivered,CNY,139154.34,48149.39,1113.23,青岛,1,2025-10-26T15:04:00+08:00
SO-202509-002289,CUS-0120,B,2025-09-14T23:35:00+08:00,2025-09-18T23:35:00+08:00,confirmed,CNY,2989332.11,1339217.99,53807.98,青岛,4,2025-09-15T23:35:00+08:00
SO-202509-002290,CUS-0019,B,2025-09-21T02:21:00+08:00,2025-09-24T02:21:00+08:00,confirmed,CNY,2589325.61,1112912.63,46607.86,合肥,3,2025-09-22T02:21:00+08:00
SO-202512-002291,CUS-0075,C,2025-12-20T16:51:00+08:00,2025-12-27T16:51:00+08:00,delivered,CNY,5017212.49,2002304.94,40137.7,成都,4,2025-12-22T16:51:00+08:00
SO-202507-002292,CUS-0042,A,2025-07-25T02:10:00+08:00,2025-07-28T02:10:00+08:00,confirmed,CNY,447014.67,112608.27,15645.51,东莞,1,2025-08-05T02:10:00+08:00
SO-202511-002293,CUS-0081,B,2025-11-14T06:32:00+08:00,2025-11-16T18:32:00+08:00,at_risk,CNY,884933.57,230107.97,15928.8,天津,1,2025-12-26T06:32:00+08:00
SO-202601-002294,CUS-0098,C,2026-01-05T15:52:00+08:00,2026-01-11T03:52:00+08:00,delivered,CNY,5015812.38,2378641.68,40126.5,青岛,3,2026-01-12T15:52:00+08:00
SO-202605-002295,CUS-0094,C,2026-05-25T04:11:00+08:00,2026-05-31T04:11:00+08:00,shipped,CNY,285559.22,66538.6,2284.47,宁波,1,2026-05-29T04:11:00+08:00
SO-202604-002296,CUS-0101,C,2026-04-13T04:12:00+08:00,2026-04-19T04:12:00+08:00,delivered,CNY,6323007.7,3002305.89,50584.06,武汉,2,2026-05-11T04:12:00+08:00
SO-202507-002297,CUS-0051,C,2025-07-20T08:54:00+08:00,2025-07-25T08:54:00+08:00,delivered,CNY,3921113.81,1144165.93,31368.91,武汉,5,2025-08-19T08:54:00+08:00
SO-202604-002298,CUS-0052,C,2026-04-02T13:20:00+08:00,2026-04-09T13:20:00+08:00,at_risk,CNY,1105425.24,314424.72,8843.4,上海,2,2026-04-13T13:20:00+08:00
SO-202606-002299,CUS-0012,C,2026-06-10T12:11:00+08:00,2026-06-16T12:11:00+08:00,confirmed,CNY,3865649.49,1574153.36,30925.2,宁波,2,2026-06-15T08:00:00+08:00
SO-202602-002300,CUS-0099,B,2026-02-06T07:06:00+08:00,2026-02-11T07:06:00+08:00,delivered,CNY,1483884.69,372015.7,26709.92,武汉,2,2026-03-07T07:06:00+08:00
SO-202601-002301,CUS-0006,C,2026-01-04T03:07:00+08:00,2026-01-11T03:07:00+08:00,confirmed,CNY,12311066.07,4597487.58,98488.53,杭州,5,2026-02-17T03:07:00+08:00
SO-202601-002302,CUS-0037,C,2026-01-25T08:46:00+08:00,2026-01-29T20:46:00+08:00,shipped,CNY,1351865.82,569032.86,10814.93,杭州,1,2026-03-04T08:46:00+08:00
SO-202601-002303,CUS-0072,B,2026-01-20T16:39:00+08:00,2026-01-24T04:39:00+08:00,delivered,CNY,1998738.93,668751.36,35977.3,天津,2,2026-02-05T16:39:00+08:00
SO-202510-002304,CUS-0015,C,2025-10-31T10:32:00+08:00,2025-11-04T22:32:00+08:00,delivered,CNY,6332111.86,2521571.23,50656.89,上海,5,2025-11-17T10:32:00+08:00
SO-202512-002305,CUS-0008,A,2025-12-03T15:15:00+08:00,2025-12-06T15:15:00+08:00,delivered,CNY,5243649.17,2124548.0,183527.72,青岛,1,2026-01-09T15:15:00+08:00
SO-202604-002306,CUS-0107,B,2026-04-01T01:51:00+08:00,2026-04-03T13:51:00+08:00,delivered,CNY,2297633.42,873911.21,41357.4,成都,3,2026-04-13T01:51:00+08:00
SO-202508-002307,CUS-0081,B,2025-08-08T18:01:00+08:00,2025-08-12T18:01:00+08:00,overdue,CNY,931223.49,199365.07,16762.02,天津,1,2025-09-11T18:01:00+08:00
SO-202507-002308,CUS-0077,B,2025-07-22T21:03:00+08:00,2025-07-26T09:03:00+08:00,delivered,CNY,5222209.64,2238577.48,93999.77,东莞,3,2025-08-07T21:03:00+08:00
SO-202601-002309,CUS-0095,B,2026-01-16T21:05:00+08:00,2026-01-21T21:05:00+08:00,delivered,CNY,2039514.7,849914.55,36711.26,苏州,4,2026-01-20T21:05:00+08:00
SO-202512-002310,CUS-0001,C,2025-12-17T04:43:00+08:00,2025-12-22T04:43:00+08:00,confirmed,CNY,13255307.27,5256471.39,106042.46,苏州,5,2025-12-22T04:43:00+08:00
SO-202605-002311,CUS-0102,A,2026-05-30T12:25:00+08:00,2026-06-02T12:25:00+08:00,at_risk,CNY,5523276.6,1804999.35,193314.68,青岛,3,2026-06-15T08:00:00+08:00
SO-202507-002312,CUS-0102,A,2025-07-17T16:18:00+08:00,2025-07-19T16:18:00+08:00,at_risk,CNY,1344236.33,488803.21,47048.27,青岛,1,2025-08-24T16:18:00+08:00
SO-202508-002313,CUS-0103,B,2025-08-02T22:03:00+08:00,2025-08-05T10:03:00+08:00,delivered,CNY,10715.81,4011.27,192.88,宁波,1,2025-09-11T22:03:00+08:00
SO-202602-002314,CUS-0008,A,2026-02-09T06:18:00+08:00,2026-02-11T06:18:00+08:00,confirmed,CNY,3378690.06,1211709.76,118254.15,青岛,5,2026-03-26T06:18:00+08:00
SO-202605-002315,CUS-0088,A,2026-05-19T22:27:00+08:00,2026-05-23T22:27:00+08:00,delivered,CNY,2794885.12,1315887.4,97820.98,武汉,2,2026-05-27T22:27:00+08:00
SO-202601-002316,CUS-0103,B,2026-01-19T11:10:00+08:00,2026-01-23T11:10:00+08:00,delivered,CNY,3953590.49,1324137.25,71164.63,宁波,5,2026-03-04T11:10:00+08:00
SO-202510-002317,CUS-0109,C,2025-10-22T15:49:00+08:00,2025-10-27T15:49:00+08:00,delivered,CNY,6375738.0,1225226.39,51005.9,东莞,5,2025-11-14T15:49:00+08:00
SO-202511-002318,CUS-0025,B,2025-11-10T05:24:00+08:00,2025-11-14T05:24:00+08:00,delivered,CNY,1225724.81,545000.33,22063.05,东莞,3,2025-11-13T05:24:00+08:00
SO-202509-002319,CUS-0058,C,2025-09-26T17:12:00+08:00,2025-10-01T05:12:00+08:00,confirmed,CNY,82521.97,31372.53,660.18,苏州,1,2025-11-09T17:12:00+08:00
SO-202512-002320,CUS-0038,C,2025-12-13T13:39:00+08:00,2025-12-19T01:39:00+08:00,delivered,CNY,3840609.58,1785289.12,30724.88,宁波,2,2025-12-25T13:39:00+08:00
SO-202506-002321,CUS-0061,B,2025-06-23T03:23:00+08:00,2025-06-27T03:23:00+08:00,delivered,CNY,882434.42,339813.77,15883.82,上海,1,2025-07-14T03:23:00+08:00
SO-202507-002322,CUS-0116,C,2025-07-13T10:03:00+08:00,2025-07-17T22:03:00+08:00,at_risk,CNY,394820.24,167875.82,3158.56,合肥,3,2025-07-15T10:03:00+08:00
SO-202605-002323,CUS-0031,C,2026-05-08T16:24:00+08:00,2026-05-14T16:24:00+08:00,delivered,CNY,19035.16,9411.28,152.28,青岛,1,2026-05-25T16:24:00+08:00
SO-202511-002324,CUS-0006,C,2025-11-25T20:55:00+08:00,2025-11-30T20:55:00+08:00,shipped,CNY,4629783.14,1579897.98,37038.27,杭州,2,2025-12-28T20:55:00+08:00
SO-202604-002325,CUS-0081,B,2026-04-18T08:45:00+08:00,2026-04-20T20:45:00+08:00,confirmed,CNY,535868.44,183187.19,9645.63,天津,2,2026-05-18T08:45:00+08:00
SO-202605-002326,CUS-0003,A,2026-05-22T17:51:00+08:00,2026-05-24T17:51:00+08:00,overdue,CNY,519446.31,206517.17,18180.62,杭州,2,2026-06-15T08:00:00+08:00
SO-202605-002327,CUS-0004,B,2026-05-15T21:49:00+08:00,2026-05-20T21:49:00+08:00,at_risk,CNY,3465605.54,1434447.54,62380.9,杭州,4,2026-06-15T08:00:00+08:00
SO-202604-002328,CUS-0030,B,2026-04-16T04:32:00+08:00,2026-04-21T04:32:00+08:00,shipped,CNY,2419386.5,952141.75,43548.96,上海,4,2026-05-13T04:32:00+08:00
SO-202605-002329,CUS-0073,C,2026-05-19T22:15:00+08:00,2026-05-24T10:15:00+08:00,delivered,CNY,3415668.18,1184316.63,27325.35,成都,2,2026-06-15T08:00:00+08:00
SO-202509-002330,CUS-0120,B,2025-09-06T23:48:00+08:00,2025-09-11T23:48:00+08:00,shipped,CNY,971475.79,419870.1,17486.56,青岛,5,2025-09-20T23:48:00+08:00
SO-202506-002331,CUS-0093,A,2025-06-19T15:20:00+08:00,2025-06-23T15:20:00+08:00,confirmed,CNY,2918880.08,1155548.79,102160.8,武汉,1,2025-07-23T15:20:00+08:00
SO-202606-002332,CUS-0037,C,2026-06-12T06:58:00+08:00,2026-06-18T06:58:00+08:00,delivered,CNY,242355.04,90386.32,1938.84,杭州,2,2026-06-15T08:00:00+08:00
SO-202604-002333,CUS-0020,B,2026-04-15T18:23:00+08:00,2026-04-19T06:23:00+08:00,at_risk,CNY,10118560.5,4026835.06,182134.09,宁波,5,2026-04-21T18:23:00+08:00
SO-202604-002334,CUS-0103,B,2026-04-14T02:03:00+08:00,2026-04-18T02:03:00+08:00,delivered,CNY,1397152.88,577097.84,25148.75,宁波,1,2026-04-21T02:03:00+08:00
SO-202603-002335,CUS-0077,B,2026-03-16T22:10:00+08:00,2026-03-19T10:10:00+08:00,delivered,CNY,4969440.35,1470559.23,89449.93,东莞,4,2026-04-12T22:10:00+08:00
SO-202512-002336,CUS-0097,B,2025-12-29T17:15:00+08:00,2026-01-01T17:15:00+08:00,delivered,CNY,2457181.8,761636.89,44229.27,杭州,4,2026-01-23T17:15:00+08:00
SO-202507-002337,CUS-0028,B,2025-07-23T20:09:00+08:00,2025-07-28T20:09:00+08:00,delivered,CNY,558065.85,241775.51,10045.19,成都,1,2025-08-06T20:09:00+08:00
SO-202605-002338,CUS-0082,C,2026-05-28T09:56:00+08:00,2026-06-02T09:56:00+08:00,shipped,CNY,80296.42,24919.67,642.37,武汉,1,2026-06-15T08:00:00+08:00
SO-202510-002339,CUS-0048,A,2025-10-04T18:08:00+08:00,2025-10-06T18:08:00+08:00,at_risk,CNY,5042937.19,2026354.99,176502.8,上海,2,2025-11-18T18:08:00+08:00
SO-202507-002340,CUS-0036,B,2025-07-27T08:45:00+08:00,2025-07-29T20:45:00+08:00,confirmed,CNY,2621258.87,1132524.45,47182.66,成都,4,2025-07-29T08:45:00+08:00
SO-202603-002341,CUS-0029,B,2026-03-08T16:24:00+08:00,2026-03-13T16:24:00+08:00,delivered,CNY,37979.63,16325.41,683.63,武汉,1,2026-03-27T16:24:00+08:00
SO-202510-002342,CUS-0070,A,2025-10-24T15:46:00+08:00,2025-10-28T15:46:00+08:00,delivered,CNY,2833689.31,1165031.31,99179.13,苏州,5,2025-11-06T15:46:00+08:00
SO-202507-002343,CUS-0072,B,2025-07-08T02:06:00+08:00,2025-07-12T02:06:00+08:00,overdue,CNY,4748283.26,1822776.33,85469.1,天津,5,2025-07-27T02:06:00+08:00
SO-202603-002344,CUS-0092,B,2026-03-10T11:13:00+08:00,2026-03-13T11:13:00+08:00,delivered,CNY,1439865.44,512633.54,25917.58,苏州,3,2026-04-11T11:13:00+08:00
SO-202510-002345,CUS-0071,C,2025-10-02T18:56:00+08:00,2025-10-08T06:56:00+08:00,delivered,CNY,3458139.91,1515203.5,27665.12,杭州,3,2025-10-05T18:56:00+08:00
SO-202512-002346,CUS-0111,C,2025-12-17T12:06:00+08:00,2025-12-22T00:06:00+08:00,cancelled,CNY,3807852.24,972142.51,30462.82,上海,4,2025-12-24T12:06:00+08:00
SO-202601-002347,CUS-0081,B,2026-01-06T11:58:00+08:00,2026-01-09T23:58:00+08:00,cancelled,CNY,27286.57,7258.93,491.16,天津,1,2026-02-08T11:58:00+08:00
SO-202511-002348,CUS-0005,A,2025-11-05T05:43:00+08:00,2025-11-07T17:43:00+08:00,confirmed,CNY,1839788.57,530955.63,64392.6,青岛,4,2025-11-21T05:43:00+08:00
SO-202602-002349,CUS-0058,C,2026-02-04T16:42:00+08:00,2026-02-09T16:42:00+08:00,at_risk,CNY,7203705.14,2200069.91,57629.64,苏州,3,2026-03-19T16:42:00+08:00
SO-202602-002350,CUS-0004,B,2026-02-08T05:37:00+08:00,2026-02-11T05:37:00+08:00,delivered,CNY,5785516.92,1885435.04,104139.3,杭州,4,2026-03-14T05:37:00+08:00
SO-202602-002351,CUS-0003,A,2026-02-18T20:21:00+08:00,2026-02-21T08:21:00+08:00,at_risk,CNY,954148.55,301486.55,33395.2,杭州,1,2026-02-19T20:21:00+08:00
SO-202507-002352,CUS-0060,B,2025-07-21T14:31:00+08:00,2025-07-25T02:31:00+08:00,confirmed,CNY,5916810.38,1442477.78,106502.59,上海,3,2025-08-15T14:31:00+08:00
SO-202604-002353,CUS-0057,C,2026-04-05T23:38:00+08:00,2026-04-10T11:38:00+08:00,delivered,CNY,2653373.25,1108800.45,21226.99,成都,2,2026-04-11T23:38:00+08:00
SO-202604-002354,CUS-0026,B,2026-04-12T20:47:00+08:00,2026-04-15T20:47:00+08:00,at_risk,CNY,5100031.07,1483715.77,91800.56,天津,5,2026-04-29T20:47:00+08:00
SO-202511-002355,CUS-0086,B,2025-11-19T02:20:00+08:00,2025-11-23T02:20:00+08:00,at_risk,CNY,4190930.92,1617454.71,75436.76,青岛,4,2025-12-08T02:20:00+08:00
SO-202512-002356,CUS-0020,B,2025-12-29T06:18:00+08:00,2026-01-01T06:18:00+08:00,delivered,CNY,1875317.5,499687.69,33755.72,宁波,3,2026-01-06T06:18:00+08:00
SO-202603-002357,CUS-0034,A,2026-03-05T10:00:00+08:00,2026-03-08T10:00:00+08:00,confirmed,CNY,4107476.17,1312839.99,143761.67,天津,4,2026-04-08T10:00:00+08:00
SO-202604-002358,CUS-0002,B,2026-04-02T07:32:00+08:00,2026-04-05T07:32:00+08:00,delivered,CNY,4136496.42,1435131.33,74456.94,杭州,5,2026-04-10T07:32:00+08:00
SO-202604-002359,CUS-0044,B,2026-04-04T17:38:00+08:00,2026-04-09T17:38:00+08:00,confirmed,CNY,82344.29,37051.49,1482.2,宁波,1,2026-05-19T17:38:00+08:00
SO-202507-002360,CUS-0037,C,2025-07-16T08:52:00+08:00,2025-07-20T20:52:00+08:00,shipped,CNY,39227.84,10092.64,313.82,杭州,1,2025-07-24T08:52:00+08:00
SO-202509-002361,CUS-0092,B,2025-09-29T18:40:00+08:00,2025-10-02T06:40:00+08:00,confirmed,CNY,3115079.77,1280045.35,56071.44,苏州,5,2025-11-13T18:40:00+08:00
SO-202512-002362,CUS-0106,A,2025-12-17T21:54:00+08:00,2025-12-20T09:54:00+08:00,delivered,CNY,851349.38,347608.59,29797.23,天津,3,2025-12-31T21:54:00+08:00
SO-202508-002363,CUS-0052,C,2025-08-23T21:50:00+08:00,2025-08-29T21:50:00+08:00,shipped,CNY,7435653.93,2927059.8,59485.23,上海,5,2025-10-07T21:50:00+08:00
SO-202507-002364,CUS-0003,A,2025-07-26T17:07:00+08:00,2025-07-30T17:07:00+08:00,delivered,CNY,3340139.21,943735.38,116904.87,杭州,4,2025-08-23T17:07:00+08:00
SO-202601-002365,CUS-0013,B,2026-01-16T16:42:00+08:00,2026-01-20T16:42:00+08:00,delivered,CNY,3863677.98,1619016.62,69546.2,成都,4,2026-02-20T16:42:00+08:00
SO-202509-002366,CUS-0068,A,2025-09-01T10:45:00+08:00,2025-09-05T10:45:00+08:00,overdue,CNY,1374742.22,513747.46,48115.98,成都,3,2025-09-27T10:45:00+08:00
SO-202506-002367,CUS-0064,C,2025-06-19T17:52:00+08:00,2025-06-26T17:52:00+08:00,delivered,CNY,2144214.18,709209.63,17153.71,东莞,3,2025-06-28T17:52:00+08:00
SO-202508-002368,CUS-0020,B,2025-08-01T03:13:00+08:00,2025-08-04T03:13:00+08:00,at_risk,CNY,4976315.76,1876278.37,89573.68,宁波,3,2025-09-04T03:13:00+08:00
SO-202507-002369,CUS-0117,C,2025-07-05T01:29:00+08:00,2025-07-10T01:29:00+08:00,delivered,CNY,836664.89,356228.01,6693.32,苏州,5,2025-07-18T01:29:00+08:00
SO-202507-002370,CUS-0119,B,2025-07-23T06:43:00+08:00,2025-07-27T06:43:00+08:00,delivered,CNY,29024.94,9583.14,522.45,苏州,1,2025-08-24T06:43:00+08:00
SO-202508-002371,CUS-0025,B,2025-08-02T19:27:00+08:00,2025-08-06T19:27:00+08:00,shipped,CNY,8867683.32,2606500.06,159618.3,东莞,5,2025-08-12T19:27:00+08:00
SO-202606-002372,CUS-0079,C,2026-06-08T12:37:00+08:00,2026-06-15T12:37:00+08:00,overdue,CNY,3005466.33,1094342.6,24043.73,东莞,4,2026-06-15T08:00:00+08:00
SO-202511-002373,CUS-0097,B,2025-11-12T06:14:00+08:00,2025-11-15T06:14:00+08:00,confirmed,CNY,3483882.81,1266549.32,62709.89,杭州,3,2025-11-19T06:14:00+08:00
SO-202606-002374,CUS-0020,B,2026-06-14T14:47:00+08:00,2026-06-18T14:47:00+08:00,confirmed,CNY,23472.69,10571.55,422.51,宁波,1,2026-06-15T08:00:00+08:00
SO-202510-002375,CUS-0096,C,2025-10-03T02:07:00+08:00,2025-10-09T02:07:00+08:00,delivered,CNY,710967.4,153272.46,5687.74,苏州,2,2025-10-06T02:07:00+08:00
SO-202602-002376,CUS-0069,A,2026-02-21T13:29:00+08:00,2026-02-24T01:29:00+08:00,delivered,CNY,2273155.02,956061.01,79560.43,宁波,4,2026-02-25T13:29:00+08:00
SO-202507-002377,CUS-0001,C,2025-07-09T09:53:00+08:00,2025-07-13T21:53:00+08:00,delivered,CNY,1297242.03,413921.75,10377.94,苏州,3,2025-07-14T09:53:00+08:00
SO-202507-002378,CUS-0048,A,2025-07-24T11:04:00+08:00,2025-07-27T11:04:00+08:00,delivered,CNY,4244346.88,1865767.74,148552.14,上海,3,2025-07-30T11:04:00+08:00
SO-202508-002379,CUS-0011,C,2025-08-09T15:16:00+08:00,2025-08-15T03:16:00+08:00,delivered,CNY,1793456.52,675859.61,14347.65,青岛,5,2025-08-25T15:16:00+08:00
SO-202603-002380,CUS-0018,B,2026-03-08T19:09:00+08:00,2026-03-11T19:09:00+08:00,confirmed,CNY,8911929.86,3432643.9,160414.74,宁波,5,2026-03-10T19:09:00+08:00
SO-202605-002381,CUS-0057,C,2026-05-06T04:12:00+08:00,2026-05-10T16:12:00+08:00,at_risk,CNY,21027.44,8512.72,168.22,成都,1,2026-06-09T04:12:00+08:00
SO-202606-002382,CUS-0114,B,2026-06-13T21:19:00+08:00,2026-06-17T09:19:00+08:00,delivered,CNY,2541833.99,1050521.68,45753.01,苏州,5,2026-06-15T08:00:00+08:00
SO-202506-002383,CUS-0082,C,2025-06-25T17:30:00+08:00,2025-07-01T05:30:00+08:00,at_risk,CNY,8967190.07,3440587.42,71737.52,武汉,5,2025-07-13T17:30:00+08:00
SO-202512-002384,CUS-0048,A,2025-12-29T08:14:00+08:00,2025-12-31T08:14:00+08:00,shipped,CNY,3548532.03,1336541.18,124198.62,上海,3,2026-01-10T08:14:00+08:00
SO-202601-002385,CUS-0111,C,2026-01-26T01:30:00+08:00,2026-02-02T01:30:00+08:00,at_risk,CNY,3648415.02,1113867.43,29187.32,上海,5,2026-03-01T01:30:00+08:00
SO-202601-002386,CUS-0053,B,2026-01-15T03:03:00+08:00,2026-01-18T15:03:00+08:00,shipped,CNY,243179.05,109269.45,4377.22,成都,1,2026-01-30T03:03:00+08:00
SO-202604-002387,CUS-0106,A,2026-04-16T05:13:00+08:00,2026-04-18T05:13:00+08:00,shipped,CNY,6761018.72,2821389.19,236635.66,天津,5,2026-05-18T05:13:00+08:00
SO-202603-002388,CUS-0055,C,2026-03-13T12:42:00+08:00,2026-03-19T12:42:00+08:00,overdue,CNY,7904030.99,2995377.06,63232.25,上海,5,2026-04-02T12:42:00+08:00
SO-202605-002389,CUS-0055,C,2026-05-16T22:25:00+08:00,2026-05-22T10:25:00+08:00,confirmed,CNY,5430301.9,2301894.77,43442.42,上海,5,2026-06-15T08:00:00+08:00
SO-202511-002390,CUS-0068,A,2025-11-17T01:32:00+08:00,2025-11-19T01:32:00+08:00,delivered,CNY,1144869.75,268774.27,40070.44,成都,2,2025-12-15T01:32:00+08:00
SO-202601-002391,CUS-0017,C,2026-01-27T18:38:00+08:00,2026-02-02T18:38:00+08:00,delivered,CNY,13671457.47,5705699.38,109371.66,青岛,5,2026-02-07T18:38:00+08:00
SO-202512-002392,CUS-0115,C,2025-12-31T09:40:00+08:00,2026-01-06T09:40:00+08:00,shipped,CNY,1845839.4,826901.61,14766.72,东莞,3,2026-02-06T09:40:00+08:00
SO-202506-002393,CUS-0052,C,2025-06-22T23:33:00+08:00,2025-06-28T23:33:00+08:00,delivered,CNY,15617476.28,5506917.36,124939.81,上海,5,2025-06-26T23:33:00+08:00
SO-202507-002394,CUS-0028,B,2025-07-19T22:12:00+08:00,2025-07-22T10:12:00+08:00,delivered,CNY,6249112.59,2614973.23,112484.03,成都,2,2025-07-25T22:12:00+08:00
SO-202605-002395,CUS-0033,B,2026-05-14T13:09:00+08:00,2026-05-18T13:09:00+08:00,shipped,CNY,1774549.12,554936.18,31941.88,青岛,2,2026-06-15T08:00:00+08:00
SO-202508-002396,CUS-0046,B,2025-08-06T01:43:00+08:00,2025-08-09T13:43:00+08:00,confirmed,CNY,3149391.78,804658.75,56689.05,青岛,3,2025-09-10T01:43:00+08:00
SO-202512-002397,CUS-0064,C,2025-12-06T22:46:00+08:00,2025-12-12T22:46:00+08:00,confirmed,CNY,721556.1,252556.88,5772.45,东莞,4,2025-12-25T22:46:00+08:00
SO-202604-002398,CUS-0035,C,2026-04-23T06:36:00+08:00,2026-04-28T18:36:00+08:00,delivered,CNY,7086120.53,2697916.84,56688.96,武汉,4,2026-05-31T06:36:00+08:00
SO-202508-002399,CUS-0015,C,2025-08-12T13:42:00+08:00,2025-08-19T13:42:00+08:00,overdue,CNY,1045803.71,270342.81,8366.43,上海,5,2025-09-03T13:42:00+08:00
SO-202508-002400,CUS-0049,C,2025-08-13T03:10:00+08:00,2025-08-17T15:10:00+08:00,delivered,CNY,778905.35,213828.18,6231.24,东莞,1,2025-08-24T03:10:00+08:00
SO-202510-002401,CUS-0004,B,2025-10-18T01:12:00+08:00,2025-10-21T13:12:00+08:00,confirmed,CNY,151008.66,64865.89,2718.16,杭州,1,2025-10-29T01:12:00+08:00
SO-202509-002402,CUS-0022,B,2025-09-18T14:41:00+08:00,2025-09-23T14:41:00+08:00,at_risk,CNY,4650861.55,1640620.44,83715.51,武汉,5,2025-10-06T14:41:00+08:00
SO-202512-002403,CUS-0036,B,2025-12-13T11:57:00+08:00,2025-12-16T23:57:00+08:00,cancelled,CNY,4500510.01,1803384.01,81009.18,成都,1,2026-01-11T11:57:00+08:00
SO-202602-002404,CUS-0036,B,2026-02-14T15:18:00+08:00,2026-02-17T03:18:00+08:00,delivered,CNY,2187198.42,693830.5,39369.57,成都,2,2026-02-27T15:18:00+08:00
SO-202606-002405,CUS-0101,C,2026-06-01T16:57:00+08:00,2026-06-08T16:57:00+08:00,delivered,CNY,1308627.69,482061.0,10469.02,武汉,1,2026-06-03T16:57:00+08:00
SO-202602-002406,CUS-0063,B,2026-02-22T01:38:00+08:00,2026-02-24T13:38:00+08:00,delivered,CNY,2469015.12,972072.13,44442.27,杭州,5,2026-02-22T01:38:00+08:00
SO-202603-002407,CUS-0022,B,2026-03-08T13:03:00+08:00,2026-03-12T13:03:00+08:00,confirmed,CNY,4466862.03,1222503.8,80403.52,武汉,5,2026-04-21T13:03:00+08:00
SO-202510-002408,CUS-0022,B,2025-10-11T10:09:00+08:00,2025-10-14T10:09:00+08:00,overdue,CNY,183987.74,34295.36,3311.78,武汉,2,2025-11-21T10:09:00+08:00
SO-202601-002409,CUS-0056,B,2026-01-26T19:57:00+08:00,2026-01-31T19:57:00+08:00,delivered,CNY,843016.46,268595.42,15174.3,成都,1,2026-02-07T19:57:00+08:00
SO-202602-002410,CUS-0072,B,2026-02-11T21:24:00+08:00,2026-02-15T09:24:00+08:00,confirmed,CNY,3295814.74,1559749.79,59324.67,天津,1,2026-03-16T21:24:00+08:00
SO-202508-002411,CUS-0028,B,2025-08-26T11:42:00+08:00,2025-08-28T23:42:00+08:00,shipped,CNY,6303361.28,2299204.88,113460.5,成都,2,2025-09-09T11:42:00+08:00
SO-202508-002412,CUS-0111,C,2025-08-20T17:49:00+08:00,2025-08-27T17:49:00+08:00,confirmed,CNY,6309009.55,2771471.17,50472.08,上海,3,2025-09-16T17:49:00+08:00
SO-202507-002413,CUS-0072,B,2025-07-10T14:15:00+08:00,2025-07-15T14:15:00+08:00,delivered,CNY,3156193.56,1161475.47,56811.48,天津,5,2025-08-12T14:15:00+08:00
SO-202509-002414,CUS-0047,B,2025-09-18T15:22:00+08:00,2025-09-22T03:22:00+08:00,confirmed,CNY,6318012.21,3017496.57,113724.22,东莞,2,2025-09-27T15:22:00+08:00
SO-202601-002415,CUS-0074,C,2026-01-08T22:46:00+08:00,2026-01-14T10:46:00+08:00,delivered,CNY,6173943.22,2354911.24,49391.55,苏州,3,2026-01-21T22:46:00+08:00
SO-202601-002416,CUS-0048,A,2026-01-16T22:44:00+08:00,2026-01-20T22:44:00+08:00,delivered,CNY,7259502.58,3316840.47,254082.59,上海,3,2026-01-17T22:44:00+08:00
SO-202508-002417,CUS-0101,C,2025-08-10T08:51:00+08:00,2025-08-17T08:51:00+08:00,shipped,CNY,5061953.21,1833992.57,40495.63,武汉,5,2025-08-27T08:51:00+08:00
SO-202508-002418,CUS-0060,B,2025-08-13T03:41:00+08:00,2025-08-18T03:41:00+08:00,delivered,CNY,376239.94,168344.74,6772.32,上海,2,2025-09-14T03:41:00+08:00
SO-202602-002419,CUS-0120,B,2026-02-05T23:49:00+08:00,2026-02-09T23:49:00+08:00,delivered,CNY,1937649.5,798870.81,34877.69,青岛,1,2026-03-19T23:49:00+08:00
SO-202511-002420,CUS-0080,B,2025-11-20T21:35:00+08:00,2025-11-23T21:35:00+08:00,delivered,CNY,3999154.63,984461.28,71984.78,武汉,4,2025-12-13T21:35:00+08:00
SO-202511-002421,CUS-0054,C,2025-11-08T21:28:00+08:00,2025-11-13T09:28:00+08:00,confirmed,CNY,8533241.32,3580489.94,68265.93,青岛,4,2025-11-26T21:28:00+08:00
SO-202509-002422,CUS-0020,B,2025-09-19T22:34:00+08:00,2025-09-24T22:34:00+08:00,at_risk,CNY,19410.19,5372.82,349.38,宁波,1,2025-10-01T22:34:00+08:00
SO-202606-002423,CUS-0034,A,2026-06-15T02:03:00+08:00,2026-06-18T02:03:00+08:00,delivered,CNY,1086235.5,404611.46,38018.24,天津,5,2026-06-15T08:00:00+08:00
SO-202510-002424,CUS-0036,B,2025-10-16T12:13:00+08:00,2025-10-20T12:13:00+08:00,delivered,CNY,533101.25,274355.07,9595.82,成都,1,2025-11-28T12:13:00+08:00
SO-202603-002425,CUS-0035,C,2026-03-26T05:31:00+08:00,2026-03-30T17:31:00+08:00,confirmed,CNY,3442798.07,898240.02,27542.38,武汉,5,2026-04-10T05:31:00+08:00
SO-202508-002426,CUS-0035,C,2025-08-30T11:21:00+08:00,2025-09-05T11:21:00+08:00,cancelled,CNY,3571062.39,1061383.75,28568.5,武汉,5,2025-10-05T11:21:00+08:00
SO-202602-002427,CUS-0092,B,2026-02-07T09:51:00+08:00,2026-02-10T21:51:00+08:00,delivered,CNY,3670795.74,1533655.13,66074.32,苏州,2,2026-02-15T09:51:00+08:00
SO-202508-002428,CUS-0051,C,2025-08-24T05:48:00+08:00,2025-08-31T05:48:00+08:00,delivered,CNY,1892780.6,733199.8,15142.24,武汉,2,2025-09-01T05:48:00+08:00
SO-202509-002429,CUS-0056,B,2025-09-19T08:41:00+08:00,2025-09-23T08:41:00+08:00,delivered,CNY,1144986.41,544920.43,20609.76,成都,2,2025-09-19T08:41:00+08:00
SO-202509-002430,CUS-0013,B,2025-09-24T00:02:00+08:00,2025-09-27T12:02:00+08:00,shipped,CNY,6250521.14,2060216.06,112509.38,成都,3,2025-10-13T00:02:00+08:00
SO-202604-002431,CUS-0008,A,2026-04-29T20:26:00+08:00,2026-05-02T08:26:00+08:00,overdue,CNY,1474473.63,647072.16,51606.58,青岛,2,2026-04-30T20:26:00+08:00
SO-202511-002432,CUS-0003,A,2025-11-10T20:01:00+08:00,2025-11-14T20:01:00+08:00,confirmed,CNY,5615741.95,1902057.79,196550.97,杭州,5,2025-12-02T20:01:00+08:00
SO-202605-002433,CUS-0036,B,2026-05-22T10:18:00+08:00,2026-05-27T10:18:00+08:00,shipped,CNY,209945.71,63114.97,3779.02,成都,2,2026-06-15T08:00:00+08:00
SO-202601-002434,CUS-0092,B,2026-01-03T13:20:00+08:00,2026-01-07T01:20:00+08:00,at_risk,CNY,4854379.73,1526113.13,87378.84,苏州,3,2026-01-30T13:20:00+08:00
SO-202510-002435,CUS-0029,B,2025-10-19T05:26:00+08:00,2025-10-21T17:26:00+08:00,shipped,CNY,70078.34,19460.48,1261.41,武汉,1,2025-11-21T05:26:00+08:00
SO-202601-002436,CUS-0028,B,2026-01-24T04:51:00+08:00,2026-01-27T16:51:00+08:00,delivered,CNY,625430.54,217018.68,11257.75,成都,2,2026-02-14T04:51:00+08:00
SO-202509-002437,CUS-0034,A,2025-09-29T09:38:00+08:00,2025-10-02T09:38:00+08:00,confirmed,CNY,1116289.14,416133.9,39070.12,天津,4,2025-11-09T09:38:00+08:00
SO-202507-002438,CUS-0096,C,2025-07-10T16:59:00+08:00,2025-07-15T16:59:00+08:00,delivered,CNY,393191.38,99986.56,3145.53,苏州,3,2025-08-19T16:59:00+08:00
SO-202510-002439,CUS-0022,B,2025-10-25T01:16:00+08:00,2025-10-30T01:16:00+08:00,delivered,CNY,6971981.92,2751053.35,125495.67,武汉,2,2025-11-20T01:16:00+08:00
SO-202602-002440,CUS-0065,A,2026-02-23T03:12:00+08:00,2026-02-24T15:12:00+08:00,delivered,CNY,2984472.16,1284479.01,104456.53,宁波,3,2026-03-23T03:12:00+08:00
SO-202603-002441,CUS-0092,B,2026-03-03T11:20:00+08:00,2026-03-08T11:20:00+08:00,shipped,CNY,6221922.87,2686678.28,111994.61,苏州,5,2026-04-04T11:20:00+08:00
SO-202509-002442,CUS-0107,B,2025-09-10T17:24:00+08:00,2025-09-13T05:24:00+08:00,shipped,CNY,3092901.38,1393810.93,55672.22,成都,4,2025-10-13T17:24:00+08:00
SO-202508-002443,CUS-0080,B,2025-08-17T08:29:00+08:00,2025-08-20T20:29:00+08:00,confirmed,CNY,11684191.8,4577265.19,210315.45,武汉,5,2025-09-15T08:29:00+08:00
SO-202605-002444,CUS-0095,B,2026-05-02T20:26:00+08:00,2026-05-06T08:26:00+08:00,delivered,CNY,3415577.29,1491930.09,61480.39,苏州,2,2026-05-23T20:26:00+08:00
SO-202512-002445,CUS-0109,C,2025-12-13T02:53:00+08:00,2025-12-19T02:53:00+08:00,delivered,CNY,5189380.28,2383414.56,41515.04,东莞,3,2026-01-03T02:53:00+08:00
SO-202512-002446,CUS-0071,C,2025-12-17T22:37:00+08:00,2025-12-22T10:37:00+08:00,overdue,CNY,347457.13,127818.81,2779.66,杭州,3,2026-01-16T22:37:00+08:00
SO-202507-002447,CUS-0059,C,2025-07-14T23:37:00+08:00,2025-07-19T11:37:00+08:00,shipped,CNY,979153.38,349206.58,7833.23,天津,2,2025-07-20T23:37:00+08:00
SO-202509-002448,CUS-0067,B,2025-09-13T03:36:00+08:00,2025-09-16T15:36:00+08:00,delivered,CNY,382542.78,134263.42,6885.77,青岛,1,2025-10-21T03:36:00+08:00
SO-202508-002449,CUS-0098,C,2025-08-30T11:10:00+08:00,2025-09-06T11:10:00+08:00,delivered,CNY,6512996.84,2329742.61,52103.97,青岛,5,2025-10-05T11:10:00+08:00
SO-202604-002450,CUS-0033,B,2026-04-12T12:20:00+08:00,2026-04-16T12:20:00+08:00,at_risk,CNY,6517385.93,2791547.54,117312.95,青岛,5,2026-04-29T12:20:00+08:00
SO-202511-002451,CUS-0095,B,2025-11-13T10:24:00+08:00,2025-11-18T10:24:00+08:00,delivered,CNY,6238478.82,2572434.15,112292.62,苏州,5,2025-12-03T10:24:00+08:00
SO-202604-002452,CUS-0081,B,2026-04-26T19:27:00+08:00,2026-05-01T19:27:00+08:00,confirmed,CNY,902497.95,379318.12,16244.96,天津,2,2026-06-07T19:27:00+08:00
SO-202507-002453,CUS-0049,C,2025-07-16T15:50:00+08:00,2025-07-21T15:50:00+08:00,delivered,CNY,2712820.15,1216761.11,21702.56,东莞,1,2025-08-16T15:50:00+08:00
SO-202508-002454,CUS-0092,B,2025-08-17T17:11:00+08:00,2025-08-20T17:11:00+08:00,delivered,CNY,661082.7,247915.26,11899.49,苏州,3,2025-09-29T17:11:00+08:00
SO-202512-002455,CUS-0085,B,2025-12-02T18:24:00+08:00,2025-12-06T18:24:00+08:00,shipped,CNY,2304428.64,595413.98,41479.72,青岛,4,2025-12-10T18:24:00+08:00
SO-202506-002456,CUS-0088,A,2025-06-18T01:32:00+08:00,2025-06-20T13:32:00+08:00,delivered,CNY,10730219.7,3286640.43,375557.69,武汉,5,2025-06-19T01:32:00+08:00
SO-202601-002457,CUS-0013,B,2026-01-15T22:07:00+08:00,2026-01-19T10:07:00+08:00,delivered,CNY,4720083.54,1749968.64,84961.5,成都,4,2026-02-25T22:07:00+08:00
SO-202601-002458,CUS-0095,B,2026-01-18T12:49:00+08:00,2026-01-21T00:49:00+08:00,shipped,CNY,3253654.24,1349457.65,58565.78,苏州,2,2026-01-29T12:49:00+08:00
SO-202603-002459,CUS-0061,B,2026-03-09T02:33:00+08:00,2026-03-14T02:33:00+08:00,delivered,CNY,880644.7,368888.61,15851.6,上海,4,2026-03-24T02:33:00+08:00
SO-202603-002460,CUS-0075,C,2026-03-04T20:14:00+08:00,2026-03-11T20:14:00+08:00,at_risk,CNY,1477852.34,751736.98,11822.82,成都,2,2026-03-06T20:14:00+08:00
SO-202508-002461,CUS-0107,B,2025-08-26T07:12:00+08:00,2025-08-28T19:12:00+08:00,confirmed,CNY,6107321.1,1987517.64,109931.78,成都,4,2025-10-05T07:12:00+08:00
SO-202508-002462,CUS-0048,A,2025-08-21T10:04:00+08:00,2025-08-23T10:04:00+08:00,shipped,CNY,5404947.82,2115979.49,189173.17,上海,4,2025-09-27T10:04:00+08:00
SO-202605-002463,CUS-0022,B,2026-05-06T12:04:00+08:00,2026-05-10T00:04:00+08:00,shipped,CNY,2969795.93,706108.53,53456.33,武汉,4,2026-05-18T12:04:00+08:00
SO-202602-002464,CUS-0103,B,2026-02-27T01:58:00+08:00,2026-03-02T13:58:00+08:00,at_risk,CNY,3641518.25,1268538.9,65547.33,宁波,4,2026-04-05T01:58:00+08:00
SO-202603-002465,CUS-0104,C,2026-03-19T13:08:00+08:00,2026-03-26T13:08:00+08:00,delivered,CNY,5992878.61,2307692.25,47943.03,武汉,5,2026-03-20T13:08:00+08:00
SO-202508-002466,CUS-0072,B,2025-08-07T07:40:00+08:00,2025-08-12T07:40:00+08:00,shipped,CNY,3111923.23,986186.52,56014.62,天津,4,2025-08-13T07:40:00+08:00
SO-202603-002467,CUS-0094,C,2026-03-26T10:42:00+08:00,2026-04-01T10:42:00+08:00,delivered,CNY,2879869.35,1038914.64,23038.95,宁波,2,2026-04-13T10:42:00+08:00
SO-202510-002468,CUS-0017,C,2025-10-24T16:27:00+08:00,2025-10-29T04:27:00+08:00,confirmed,CNY,3465842.19,897536.12,27726.74,青岛,5,2025-12-01T16:27:00+08:00
SO-202603-002469,CUS-0026,B,2026-03-09T10:25:00+08:00,2026-03-14T10:25:00+08:00,delivered,CNY,11703577.2,4463218.39,210664.39,天津,5,2026-03-22T10:25:00+08:00
SO-202509-002470,CUS-0028,B,2025-09-08T18:28:00+08:00,2025-09-12T18:28:00+08:00,at_risk,CNY,4784004.37,1398383.83,86112.08,成都,2,2025-09-17T18:28:00+08:00
SO-202603-002471,CUS-0006,C,2026-03-21T07:42:00+08:00,2026-03-26T07:42:00+08:00,confirmed,CNY,2128390.49,764296.11,17027.12,杭州,4,2026-04-11T07:42:00+08:00
SO-202506-002472,CUS-0108,B,2025-06-28T19:13:00+08:00,2025-07-02T19:13:00+08:00,delivered,CNY,2981542.85,1443099.81,53667.77,上海,4,2025-07-08T19:13:00+08:00
SO-202606-002473,CUS-0021,B,2026-06-02T21:45:00+08:00,2026-06-07T21:45:00+08:00,delivered,CNY,3427256.15,1272920.93,61690.61,成都,3,2026-06-15T08:00:00+08:00
SO-202511-002474,CUS-0066,A,2025-11-24T00:54:00+08:00,2025-11-26T12:54:00+08:00,shipped,CNY,6115186.98,2771991.19,214031.54,青岛,1,2025-12-07T00:54:00+08:00
SO-202606-002475,CUS-0095,B,2026-06-13T02:52:00+08:00,2026-06-16T14:52:00+08:00,at_risk,CNY,9823.12,3659.92,176.82,苏州,1,2026-06-15T08:00:00+08:00
SO-202512-002476,CUS-0042,A,2025-12-01T08:02:00+08:00,2025-12-02T20:02:00+08:00,delivered,CNY,3120244.35,1117297.43,109208.55,东莞,5,2025-12-01T08:02:00+08:00
SO-202603-002477,CUS-0082,C,2026-03-24T13:23:00+08:00,2026-03-31T13:23:00+08:00,at_risk,CNY,5483955.42,1935750.28,43871.64,武汉,4,2026-04-04T13:23:00+08:00
SO-202605-002478,CUS-0016,C,2026-05-02T11:04:00+08:00,2026-05-08T11:04:00+08:00,delivered,CNY,2367801.08,676307.42,18942.41,杭州,3,2026-05-06T11:04:00+08:00
SO-202603-002479,CUS-0116,C,2026-03-08T20:42:00+08:00,2026-03-14T08:42:00+08:00,at_risk,CNY,5553429.49,1817006.58,44427.44,合肥,4,2026-03-13T20:42:00+08:00
SO-202512-002480,CUS-0053,B,2025-12-21T06:07:00+08:00,2025-12-26T06:07:00+08:00,delivered,CNY,487771.01,212672.29,8779.88,成都,2,2026-01-26T06:07:00+08:00
SO-202508-002481,CUS-0077,B,2025-08-03T11:58:00+08:00,2025-08-06T11:58:00+08:00,at_risk,CNY,10787720.88,3663266.8,194178.98,东莞,4,2025-08-25T11:58:00+08:00
SO-202603-002482,CUS-0055,C,2026-03-28T11:50:00+08:00,2026-04-01T23:50:00+08:00,at_risk,CNY,1806049.68,713914.28,14448.4,上海,1,2026-05-11T11:50:00+08:00
SO-202511-002483,CUS-0035,C,2025-11-21T22:15:00+08:00,2025-11-27T22:15:00+08:00,delivered,CNY,2147521.61,1001168.96,17180.17,武汉,4,2025-12-20T22:15:00+08:00
SO-202601-002484,CUS-0119,B,2026-01-18T05:12:00+08:00,2026-01-22T05:12:00+08:00,delivered,CNY,4291157.61,1882411.51,77240.84,苏州,3,2026-01-28T05:12:00+08:00
SO-202605-002485,CUS-0011,C,2026-05-19T08:01:00+08:00,2026-05-24T20:01:00+08:00,overdue,CNY,190570.66,73657.54,1524.57,青岛,2,2026-06-15T08:00:00+08:00
SO-202601-002486,CUS-0115,C,2026-01-03T11:42:00+08:00,2026-01-10T11:42:00+08:00,confirmed,CNY,6818504.7,2344165.71,54548.04,东莞,3,2026-02-12T11:42:00+08:00
SO-202507-002487,CUS-0062,B,2025-07-11T15:48:00+08:00,2025-07-14T03:48:00+08:00,cancelled,CNY,1504350.58,573783.16,27078.31,苏州,3,2025-08-12T15:48:00+08:00
SO-202509-002488,CUS-0002,B,2025-09-14T22:47:00+08:00,2025-09-18T22:47:00+08:00,confirmed,CNY,5365329.63,1732269.92,96575.93,杭州,4,2025-10-02T22:47:00+08:00
SO-202601-002489,CUS-0062,B,2026-01-26T08:17:00+08:00,2026-01-30T08:17:00+08:00,overdue,CNY,1495126.78,517810.28,26912.28,苏州,1,2026-03-04T08:17:00+08:00
SO-202512-002490,CUS-0095,B,2025-12-28T04:15:00+08:00,2026-01-01T04:15:00+08:00,confirmed,CNY,3440035.02,1565474.14,61920.63,苏州,5,2026-02-05T04:15:00+08:00
SO-202604-002491,CUS-0034,A,2026-04-12T18:42:00+08:00,2026-04-16T18:42:00+08:00,delivered,CNY,969515.5,350306.48,33933.04,天津,2,2026-04-24T18:42:00+08:00
SO-202512-002492,CUS-0105,C,2025-12-30T06:14:00+08:00,2026-01-04T06:14:00+08:00,delivered,CNY,9732351.17,4102922.79,77858.81,成都,5,2026-01-24T06:14:00+08:00
SO-202510-002493,CUS-0084,C,2025-10-02T08:43:00+08:00,2025-10-07T20:43:00+08:00,shipped,CNY,12484515.7,5736648.54,99876.13,合肥,3,2025-10-20T08:43:00+08:00
SO-202506-002494,CUS-0026,B,2025-06-16T01:07:00+08:00,2025-06-20T01:07:00+08:00,delivered,CNY,3981968.99,1811919.04,71675.44,天津,5,2025-06-19T01:07:00+08:00
SO-202604-002495,CUS-0080,B,2026-04-20T20:12:00+08:00,2026-04-24T08:12:00+08:00,at_risk,CNY,5813970.5,2364063.11,104651.47,武汉,5,2026-04-21T20:12:00+08:00
SO-202605-002496,CUS-0116,C,2026-05-27T01:10:00+08:00,2026-06-03T01:10:00+08:00,shipped,CNY,27341.84,13956.71,218.73,合肥,1,2026-06-15T08:00:00+08:00
SO-202512-002497,CUS-0037,C,2025-12-24T15:41:00+08:00,2025-12-29T15:41:00+08:00,delivered,CNY,6361394.25,2477272.36,50891.15,杭州,5,2026-01-24T15:41:00+08:00
SO-202601-002498,CUS-0007,B,2026-01-06T15:09:00+08:00,2026-01-11T15:09:00+08:00,at_risk,CNY,8351217.12,2584942.14,150321.91,武汉,5,2026-02-10T15:09:00+08:00
SO-202510-002499,CUS-0038,C,2025-10-21T22:49:00+08:00,2025-10-26T22:49:00+08:00,at_risk,CNY,5599068.53,1854750.93,44792.55,宁波,3,2025-11-19T22:49:00+08:00
SO-202606-002500,CUS-0047,B,2026-06-01T08:07:00+08:00,2026-06-05T08:07:00+08:00,delivered,CNY,48193.55,18556.91,867.48,东莞,1,2026-06-15T08:00:00+08:00
SO-202605-002501,CUS-0105,C,2026-05-26T17:04:00+08:00,2026-06-02T17:04:00+08:00,shipped,CNY,5717693.34,2440744.87,45741.55,成都,4,2026-06-15T08:00:00+08:00
SO-202603-002502,CUS-0085,B,2026-03-09T20:13:00+08:00,2026-03-14T20:13:00+08:00,delivered,CNY,1237350.68,383345.32,22272.31,青岛,2,2026-03-21T20:13:00+08:00
SO-202512-002503,CUS-0094,C,2025-12-10T23:59:00+08:00,2025-12-17T23:59:00+08:00,delivered,CNY,668204.92,237546.16,5345.64,宁波,3,2026-01-04T23:59:00+08:00
SO-202507-002504,CUS-0101,C,2025-07-04T03:04:00+08:00,2025-07-08T15:04:00+08:00,delivered,CNY,8871618.9,3694225.3,70972.95,武汉,4,2025-07-18T03:04:00+08:00
SO-202510-002505,CUS-0087,B,2025-10-01T14:28:00+08:00,2025-10-06T14:28:00+08:00,at_risk,CNY,1593060.95,547434.59,28675.1,天津,2,2025-11-11T14:28:00+08:00
SO-202506-002506,CUS-0059,C,2025-06-23T12:48:00+08:00,2025-06-30T12:48:00+08:00,delivered,CNY,1063615.02,496936.5,8508.92,天津,5,2025-07-31T12:48:00+08:00
SO-202605-002507,CUS-0023,A,2026-05-13T16:39:00+08:00,2026-05-16T04:39:00+08:00,shipped,CNY,5196940.0,1712585.9,181892.9,青岛,5,2026-05-15T16:39:00+08:00
SO-202601-002508,CUS-0027,B,2026-01-12T12:33:00+08:00,2026-01-16T12:33:00+08:00,delivered,CNY,661523.34,311329.0,11907.42,合肥,2,2026-02-09T12:33:00+08:00
SO-202509-002509,CUS-0114,B,2025-09-11T03:42:00+08:00,2025-09-13T15:42:00+08:00,at_risk,CNY,2223128.88,787694.92,40016.32,苏州,4,2025-09-25T03:42:00+08:00
SO-202605-002510,CUS-0092,B,2026-05-17T12:26:00+08:00,2026-05-22T12:26:00+08:00,delivered,CNY,209733.7,75536.78,3775.21,苏州,1,2026-05-29T12:26:00+08:00
SO-202509-002511,CUS-0067,B,2025-09-28T02:59:00+08:00,2025-10-03T02:59:00+08:00,confirmed,CNY,7768491.77,3056958.95,139832.85,青岛,5,2025-10-05T02:59:00+08:00
SO-202510-002512,CUS-0096,C,2025-10-05T17:50:00+08:00,2025-10-11T17:50:00+08:00,delivered,CNY,7677088.68,3165742.37,61416.71,苏州,4,2025-11-18T17:50:00+08:00
SO-202509-002513,CUS-0084,C,2025-09-26T17:07:00+08:00,2025-10-02T17:07:00+08:00,delivered,CNY,4806904.36,1793614.84,38455.23,合肥,4,2025-10-29T17:07:00+08:00
SO-202509-002514,CUS-0036,B,2025-09-16T06:48:00+08:00,2025-09-18T18:48:00+08:00,at_risk,CNY,79238.71,21023.53,1426.3,成都,2,2025-09-25T06:48:00+08:00
SO-202603-002515,CUS-0095,B,2026-03-31T01:48:00+08:00,2026-04-04T01:48:00+08:00,delivered,CNY,2043524.19,766239.31,36783.44,苏州,2,2026-04-14T01:48:00+08:00
SO-202509-002516,CUS-0023,A,2025-09-17T07:03:00+08:00,2025-09-21T07:03:00+08:00,delivered,CNY,1847141.98,846386.46,64649.97,青岛,1,2025-10-24T07:03:00+08:00
SO-202605-002517,CUS-0092,B,2026-05-26T04:09:00+08:00,2026-05-29T16:09:00+08:00,confirmed,CNY,13669003.05,5446168.98,246042.05,苏州,5,2026-06-15T08:00:00+08:00
SO-202510-002518,CUS-0047,B,2025-10-09T18:22:00+08:00,2025-10-13T06:22:00+08:00,delivered,CNY,1399982.93,546166.06,25199.69,东莞,4,2025-10-14T18:22:00+08:00
SO-202507-002519,CUS-0013,B,2025-07-25T02:11:00+08:00,2025-07-29T02:11:00+08:00,delivered,CNY,80215.17,18967.17,1443.87,成都,1,2025-09-06T02:11:00+08:00
SO-202509-002520,CUS-0028,B,2025-09-13T13:21:00+08:00,2025-09-18T13:21:00+08:00,delivered,CNY,1129437.01,383048.47,20329.87,成都,2,2025-09-18T13:21:00+08:00
SO-202606-002521,CUS-0052,C,2026-06-02T07:59:00+08:00,2026-06-08T07:59:00+08:00,shipped,CNY,7175988.3,2775149.33,57407.91,上海,5,2026-06-06T07:59:00+08:00
SO-202512-002522,CUS-0015,C,2025-12-25T23:26:00+08:00,2025-12-30T23:26:00+08:00,delivered,CNY,2099118.46,640954.7,16792.95,上海,4,2026-01-30T23:26:00+08:00
SO-202510-002523,CUS-0100,B,2025-10-08T04:47:00+08:00,2025-10-12T04:47:00+08:00,confirmed,CNY,1920123.84,940185.56,34562.23,成都,2,2025-10-16T04:47:00+08:00
SO-202510-002524,CUS-0109,C,2025-10-29T07:07:00+08:00,2025-11-05T07:07:00+08:00,delivered,CNY,2446052.32,956834.38,19568.42,东莞,2,2025-11-26T07:07:00+08:00
SO-202510-002525,CUS-0119,B,2025-10-03T05:17:00+08:00,2025-10-06T17:17:00+08:00,shipped,CNY,10967.3,3554.54,197.41,苏州,1,2025-10-03T05:17:00+08:00
SO-202508-002526,CUS-0008,A,2025-08-15T23:09:00+08:00,2025-08-18T11:09:00+08:00,shipped,CNY,2345963.71,732209.29,82108.73,青岛,3,2025-09-19T23:09:00+08:00
SO-202606-002527,CUS-0083,B,2026-06-05T17:41:00+08:00,2026-06-08T17:41:00+08:00,delivered,CNY,734923.32,196012.0,13228.62,苏州,1,2026-06-09T17:41:00+08:00
SO-202601-002528,CUS-0065,A,2026-01-21T22:13:00+08:00,2026-01-24T10:13:00+08:00,delivered,CNY,279884.01,115521.15,9795.94,宁波,1,2026-01-26T22:13:00+08:00
SO-202512-002529,CUS-0005,A,2025-12-04T15:46:00+08:00,2025-12-07T03:46:00+08:00,confirmed,CNY,7002638.86,2787458.11,245092.36,青岛,4,2025-12-16T15:46:00+08:00
SO-202602-002530,CUS-0087,B,2026-02-19T05:26:00+08:00,2026-02-22T05:26:00+08:00,confirmed,CNY,3731154.57,1600562.91,67160.78,天津,5,2026-03-17T05:26:00+08:00
SO-202601-002531,CUS-0081,B,2026-01-12T12:47:00+08:00,2026-01-15T12:47:00+08:00,delivered,CNY,1641939.46,764936.13,29554.91,天津,1,2026-02-11T12:47:00+08:00
SO-202508-002532,CUS-0057,C,2025-08-30T23:16:00+08:00,2025-09-05T23:16:00+08:00,delivered,CNY,200966.92,73086.7,1607.74,成都,3,2025-09-06T23:16:00+08:00
SO-202510-002533,CUS-0050,B,2025-10-30T06:31:00+08:00,2025-11-04T06:31:00+08:00,delivered,CNY,1231456.31,616069.49,22166.21,上海,2,2025-11-06T06:31:00+08:00
SO-202605-002534,CUS-0001,C,2026-05-02T02:09:00+08:00,2026-05-07T14:09:00+08:00,cancelled,CNY,4521360.78,1489205.08,36170.89,苏州,4,2026-06-06T02:09:00+08:00
SO-202509-002535,CUS-0048,A,2025-09-19T07:02:00+08:00,2025-09-20T19:02:00+08:00,delivered,CNY,1312118.29,450762.94,45924.14,上海,1,2025-11-02T07:02:00+08:00
SO-202603-002536,CUS-0042,A,2026-03-04T00:03:00+08:00,2026-03-06T00:03:00+08:00,delivered,CNY,2651594.49,1223197.45,92805.81,东莞,3,2026-04-18T00:03:00+08:00
SO-202602-002537,CUS-0055,C,2026-02-28T04:00:00+08:00,2026-03-04T16:00:00+08:00,at_risk,CNY,992005.4,314312.4,7936.04,上海,2,2026-04-04T04:00:00+08:00
SO-202605-002538,CUS-0075,C,2026-05-22T20:16:00+08:00,2026-05-27T08:16:00+08:00,confirmed,CNY,2275020.83,915650.66,18200.17,成都,5,2026-06-08T20:16:00+08:00
SO-202509-002539,CUS-0071,C,2025-09-05T00:22:00+08:00,2025-09-12T00:22:00+08:00,shipped,CNY,6472817.71,2606470.3,51782.54,杭州,4,2025-10-06T00:22:00+08:00
SO-202605-002540,CUS-0106,A,2026-05-10T00:13:00+08:00,2026-05-11T12:13:00+08:00,shipped,CNY,9479482.29,4182056.47,331781.88,天津,3,2026-05-23T00:13:00+08:00
SO-202511-002541,CUS-0102,A,2025-11-25T16:50:00+08:00,2025-11-28T04:50:00+08:00,at_risk,CNY,2753432.42,1049974.82,96370.13,青岛,3,2025-12-25T16:50:00+08:00
SO-202604-002542,CUS-0064,C,2026-04-09T18:37:00+08:00,2026-04-14T06:37:00+08:00,shipped,CNY,3840803.81,1820218.8,30726.43,东莞,4,2026-04-26T18:37:00+08:00
SO-202512-002543,CUS-0022,B,2025-12-21T08:44:00+08:00,2025-12-23T20:44:00+08:00,confirmed,CNY,2404609.86,1107188.54,43282.98,武汉,5,2026-02-02T08:44:00+08:00
SO-202508-002544,CUS-0054,C,2025-08-17T11:53:00+08:00,2025-08-22T23:53:00+08:00,at_risk,CNY,2912143.09,671004.23,23297.14,青岛,2,2025-09-07T11:53:00+08:00
SO-202605-002545,CUS-0012,C,2026-05-20T15:36:00+08:00,2026-05-25T03:36:00+08:00,delivered,CNY,6849916.35,2715540.86,54799.33,宁波,5,2026-06-15T08:00:00+08:00
SO-202511-002546,CUS-0052,C,2025-11-25T16:01:00+08:00,2025-11-30T16:01:00+08:00,at_risk,CNY,10000090.83,3719919.28,80000.73,上海,5,2025-11-30T16:01:00+08:00
SO-202602-002547,CUS-0053,B,2026-02-16T16:34:00+08:00,2026-02-21T16:34:00+08:00,shipped,CNY,1353069.12,476043.05,24355.24,成都,5,2026-03-06T16:34:00+08:00
SO-202603-002548,CUS-0115,C,2026-03-21T07:05:00+08:00,2026-03-26T07:05:00+08:00,overdue,CNY,2166600.73,998369.53,17332.81,东莞,2,2026-03-31T07:05:00+08:00
SO-202602-002549,CUS-0043,C,2026-02-12T01:01:00+08:00,2026-02-17T01:01:00+08:00,shipped,CNY,922964.07,384673.02,7383.71,武汉,1,2026-03-14T01:01:00+08:00
SO-202602-002550,CUS-0120,B,2026-02-27T05:39:00+08:00,2026-03-02T05:39:00+08:00,delivered,CNY,1279752.22,356899.2,23035.54,青岛,4,2026-03-03T05:39:00+08:00
SO-202604-002551,CUS-0077,B,2026-04-03T04:17:00+08:00,2026-04-05T16:17:00+08:00,delivered,CNY,653756.2,214247.71,11767.61,东莞,2,2026-04-22T04:17:00+08:00
SO-202602-002552,CUS-0054,C,2026-02-17T16:54:00+08:00,2026-02-22T16:54:00+08:00,delivered,CNY,5554734.75,2097019.25,44437.88,青岛,3,2026-03-01T16:54:00+08:00
SO-202601-002553,CUS-0080,B,2026-01-05T16:22:00+08:00,2026-01-08T16:22:00+08:00,delivered,CNY,11683691.26,4172613.51,210306.44,武汉,4,2026-02-15T16:22:00+08:00
SO-202507-002554,CUS-0112,C,2025-07-02T17:45:00+08:00,2025-07-08T05:45:00+08:00,at_risk,CNY,4074131.44,1695604.45,32593.05,宁波,3,2025-07-12T17:45:00+08:00
SO-202507-002555,CUS-0032,A,2025-07-16T20:59:00+08:00,2025-07-20T20:59:00+08:00,shipped,CNY,11973312.78,4788783.31,419065.95,苏州,5,2025-08-10T20:59:00+08:00
SO-202512-002556,CUS-0042,A,2025-12-24T07:37:00+08:00,2025-12-28T07:37:00+08:00,confirmed,CNY,9023571.63,3814785.72,315825.01,东莞,5,2025-12-27T07:37:00+08:00
SO-202604-002557,CUS-0016,C,2026-04-06T19:30:00+08:00,2026-04-12T07:30:00+08:00,overdue,CNY,1027913.84,259956.32,8223.31,杭州,1,2026-04-30T19:30:00+08:00
SO-202601-002558,CUS-0051,C,2026-01-15T12:10:00+08:00,2026-01-20T12:10:00+08:00,delivered,CNY,873300.95,360645.19,6986.41,武汉,5,2026-01-24T12:10:00+08:00
SO-202601-002559,CUS-0013,B,2026-01-02T17:42:00+08:00,2026-01-05T05:42:00+08:00,confirmed,CNY,3595030.38,1031622.75,64710.55,成都,4,2026-01-04T17:42:00+08:00
SO-202506-002560,CUS-0012,C,2025-06-17T02:17:00+08:00,2025-06-22T14:17:00+08:00,at_risk,CNY,2398500.24,1124020.68,19188.0,宁波,2,2025-06-20T02:17:00+08:00
SO-202510-002561,CUS-0084,C,2025-10-22T19:11:00+08:00,2025-10-27T19:11:00+08:00,delivered,CNY,5806485.6,1948954.99,46451.88,合肥,3,2025-10-25T19:11:00+08:00
SO-202605-002562,CUS-0115,C,2026-05-27T08:31:00+08:00,2026-06-01T08:31:00+08:00,delivered,CNY,7048449.88,2515751.0,56387.6,东莞,3,2026-06-15T08:00:00+08:00
SO-202510-002563,CUS-0078,B,2025-10-16T23:31:00+08:00,2025-10-20T11:31:00+08:00,cancelled,CNY,3009335.3,1174992.22,54168.04,武汉,3,2025-11-24T23:31:00+08:00
SO-202603-002564,CUS-0106,A,2026-03-10T08:51:00+08:00,2026-03-13T08:51:00+08:00,delivered,CNY,1433763.65,643734.85,50181.73,天津,1,2026-04-19T08:51:00+08:00
SO-202512-002565,CUS-0009,C,2025-12-01T20:41:00+08:00,2025-12-06T20:41:00+08:00,at_risk,CNY,1884945.29,536646.73,15079.56,东莞,1,2025-12-16T20:41:00+08:00
SO-202511-002566,CUS-0098,C,2025-11-06T16:03:00+08:00,2025-11-12T04:03:00+08:00,shipped,CNY,3814447.05,1229143.79,30515.58,青岛,5,2025-11-21T16:03:00+08:00
SO-202506-002567,CUS-0058,C,2025-06-24T20:25:00+08:00,2025-06-30T20:25:00+08:00,confirmed,CNY,29240.58,9282.9,233.92,苏州,1,2025-07-15T20:25:00+08:00
SO-202601-002568,CUS-0076,B,2026-01-08T14:19:00+08:00,2026-01-13T14:19:00+08:00,cancelled,CNY,901909.06,417552.95,16234.36,杭州,1,2026-01-15T14:19:00+08:00
SO-202605-002569,CUS-0035,C,2026-05-22T12:03:00+08:00,2026-05-28T12:03:00+08:00,at_risk,CNY,4313873.79,1690814.55,34510.99,武汉,5,2026-06-08T12:03:00+08:00
SO-202605-002570,CUS-0067,B,2026-05-19T07:34:00+08:00,2026-05-21T19:34:00+08:00,delivered,CNY,6498088.43,2669375.68,116965.59,青岛,4,2026-05-30T07:34:00+08:00
SO-202512-002571,CUS-0028,B,2025-12-26T05:34:00+08:00,2025-12-31T05:34:00+08:00,delivered,CNY,1043328.97,399714.41,18779.92,成都,1,2025-12-29T05:34:00+08:00
SO-202604-002572,CUS-0042,A,2026-04-11T13:30:00+08:00,2026-04-13T01:30:00+08:00,at_risk,CNY,12002490.72,4412342.7,420087.18,东莞,5,2026-05-15T13:30:00+08:00
SO-202511-002573,CUS-0077,B,2025-11-21T17:18:00+08:00,2025-11-24T17:18:00+08:00,at_risk,CNY,3422968.43,1222597.88,61613.43,东莞,4,2025-12-03T17:18:00+08:00
SO-202602-002574,CUS-0021,B,2026-02-01T02:33:00+08:00,2026-02-04T14:33:00+08:00,delivered,CNY,33887.92,14071.18,609.98,成都,1,2026-03-17T02:33:00+08:00
SO-202605-002575,CUS-0002,B,2026-05-02T16:31:00+08:00,2026-05-05T16:31:00+08:00,at_risk,CNY,6825298.64,2770576.12,122855.38,杭州,4,2026-05-30T16:31:00+08:00
SO-202508-002576,CUS-0033,B,2025-08-09T13:18:00+08:00,2025-08-14T13:18:00+08:00,delivered,CNY,7283492.98,3172683.35,131102.87,青岛,5,2025-09-16T13:18:00+08:00
SO-202605-002577,CUS-0032,A,2026-05-13T20:03:00+08:00,2026-05-17T20:03:00+08:00,at_risk,CNY,2598969.98,971609.21,90963.95,苏州,5,2026-05-28T20:03:00+08:00
SO-202601-002578,CUS-0116,C,2026-01-02T06:29:00+08:00,2026-01-07T06:29:00+08:00,delivered,CNY,1953653.13,728807.66,15629.23,合肥,5,2026-02-03T06:29:00+08:00
SO-202605-002579,CUS-0083,B,2026-05-22T05:54:00+08:00,2026-05-27T05:54:00+08:00,delivered,CNY,110036.54,45573.18,1980.66,苏州,1,2026-06-15T08:00:00+08:00
SO-202511-002580,CUS-0063,B,2025-11-19T11:24:00+08:00,2025-11-23T11:24:00+08:00,shipped,CNY,948431.21,356739.01,17071.76,杭州,2,2025-12-03T11:24:00+08:00
SO-202510-002581,CUS-0095,B,2025-10-20T02:32:00+08:00,2025-10-23T02:32:00+08:00,confirmed,CNY,24447.36,4858.56,440.05,苏州,1,2025-11-25T02:32:00+08:00
SO-202604-002582,CUS-0020,B,2026-04-17T03:51:00+08:00,2026-04-21T03:51:00+08:00,cancelled,CNY,1674833.5,434437.31,30147.0,宁波,2,2026-05-07T03:51:00+08:00
SO-202605-002583,CUS-0024,B,2026-05-30T06:12:00+08:00,2026-06-02T18:12:00+08:00,shipped,CNY,8316425.25,3683050.96,149695.65,合肥,2,2026-06-08T06:12:00+08:00
SO-202605-002584,CUS-0051,C,2026-05-29T15:14:00+08:00,2026-06-05T15:14:00+08:00,delivered,CNY,5150063.8,2194773.16,41200.51,武汉,4,2026-06-15T08:00:00+08:00
SO-202511-002585,CUS-0020,B,2025-11-17T20:07:00+08:00,2025-11-22T20:07:00+08:00,delivered,CNY,12115045.24,4921031.56,218070.81,宁波,5,2025-12-16T20:07:00+08:00
SO-202601-002586,CUS-0002,B,2026-01-11T00:25:00+08:00,2026-01-14T12:25:00+08:00,shipped,CNY,903365.66,293496.46,16260.58,杭州,2,2026-01-28T00:25:00+08:00
SO-202508-002587,CUS-0023,A,2025-08-24T00:50:00+08:00,2025-08-27T00:50:00+08:00,delivered,CNY,1617560.86,350924.48,56614.63,青岛,2,2025-09-12T00:50:00+08:00
SO-202604-002588,CUS-0052,C,2026-04-13T02:38:00+08:00,2026-04-20T02:38:00+08:00,confirmed,CNY,6888057.83,2221171.85,55104.46,上海,5,2026-05-04T02:38:00+08:00
SO-202604-002589,CUS-0086,B,2026-04-18T14:07:00+08:00,2026-04-23T14:07:00+08:00,delivered,CNY,4664336.13,1571800.14,83958.05,青岛,4,2026-05-24T14:07:00+08:00
SO-202511-002590,CUS-0060,B,2025-11-11T00:54:00+08:00,2025-11-14T12:54:00+08:00,shipped,CNY,11322102.02,4578918.7,203797.84,上海,5,2025-12-10T00:54:00+08:00
SO-202601-002591,CUS-0065,A,2026-01-12T05:14:00+08:00,2026-01-15T05:14:00+08:00,shipped,CNY,1423579.13,604364.27,49825.27,宁波,1,2026-01-23T05:14:00+08:00
SO-202510-002592,CUS-0057,C,2025-10-31T04:07:00+08:00,2025-11-05T04:07:00+08:00,delivered,CNY,2648387.21,899292.1,21187.1,成都,4,2025-11-28T04:07:00+08:00
SO-202508-002593,CUS-0117,C,2025-08-26T05:34:00+08:00,2025-08-31T05:34:00+08:00,confirmed,CNY,971665.25,362869.05,7773.32,苏州,2,2025-09-03T05:34:00+08:00
SO-202509-002594,CUS-0035,C,2025-09-26T10:02:00+08:00,2025-10-01T10:02:00+08:00,delivered,CNY,4504999.81,1343982.81,36040.0,武汉,3,2025-10-28T10:02:00+08:00
SO-202605-002595,CUS-0105,C,2026-05-13T16:43:00+08:00,2026-05-20T16:43:00+08:00,overdue,CNY,2020443.71,849536.51,16163.55,成都,1,2026-06-02T16:43:00+08:00
SO-202506-002596,CUS-0017,C,2025-06-29T20:59:00+08:00,2025-07-04T08:59:00+08:00,at_risk,CNY,7331980.24,2273564.01,58655.84,青岛,5,2025-07-28T20:59:00+08:00
SO-202601-002597,CUS-0038,C,2026-01-03T23:44:00+08:00,2026-01-09T23:44:00+08:00,confirmed,CNY,3363262.15,1132955.91,26906.1,宁波,3,2026-01-27T23:44:00+08:00
SO-202509-002598,CUS-0019,B,2025-09-29T21:00:00+08:00,2025-10-02T09:00:00+08:00,cancelled,CNY,8577345.13,3345066.75,154392.21,合肥,5,2025-10-20T21:00:00+08:00
SO-202512-002599,CUS-0009,C,2025-12-03T16:55:00+08:00,2025-12-09T16:55:00+08:00,delivered,CNY,4176246.78,1362069.04,33409.97,东莞,4,2025-12-12T16:55:00+08:00
SO-202510-002600,CUS-0091,A,2025-10-16T14:48:00+08:00,2025-10-19T02:48:00+08:00,delivered,CNY,6798902.39,2584530.88,237961.58,上海,5,2025-11-15T14:48:00+08:00
SO-202603-002601,CUS-0096,C,2026-03-04T04:28:00+08:00,2026-03-08T16:28:00+08:00,confirmed,CNY,3043084.86,1007958.08,24344.68,苏州,5,2026-04-06T04:28:00+08:00
SO-202603-002602,CUS-0031,C,2026-03-27T14:21:00+08:00,2026-04-01T14:21:00+08:00,delivered,CNY,6018295.89,2153481.44,48146.37,青岛,4,2026-05-03T14:21:00+08:00
SO-202510-002603,CUS-0101,C,2025-10-24T11:44:00+08:00,2025-10-28T23:44:00+08:00,confirmed,CNY,8571825.46,4258810.0,68574.6,武汉,3,2025-12-05T11:44:00+08:00
SO-202511-002604,CUS-0094,C,2025-11-26T11:51:00+08:00,2025-12-01T11:51:00+08:00,delivered,CNY,4885136.99,2205500.43,39081.1,宁波,4,2025-12-05T11:51:00+08:00
SO-202604-002605,CUS-0101,C,2026-04-19T06:48:00+08:00,2026-04-26T06:48:00+08:00,confirmed,CNY,1226350.78,538015.17,9810.81,武汉,1,2026-05-26T06:48:00+08:00
SO-202508-002606,CUS-0095,B,2025-08-02T09:29:00+08:00,2025-08-05T09:29:00+08:00,delivered,CNY,7022136.56,3166061.41,126398.46,苏州,5,2025-09-09T09:29:00+08:00
SO-202604-002607,CUS-0048,A,2026-04-28T00:28:00+08:00,2026-04-30T12:28:00+08:00,delivered,CNY,536664.13,227066.03,18783.24,上海,3,2026-06-08T00:28:00+08:00
SO-202510-002608,CUS-0039,B,2025-10-28T09:46:00+08:00,2025-10-31T21:46:00+08:00,confirmed,CNY,2194209.0,725935.51,39495.76,武汉,2,2025-11-22T09:46:00+08:00
SO-202602-002609,CUS-0027,B,2026-02-06T08:48:00+08:00,2026-02-09T08:48:00+08:00,shipped,CNY,6766371.1,3029222.7,121794.68,合肥,2,2026-03-13T08:48:00+08:00
SO-202506-002610,CUS-0003,A,2025-06-16T07:17:00+08:00,2025-06-19T07:17:00+08:00,confirmed,CNY,6120312.33,2307329.53,214210.93,杭州,3,2025-07-13T07:17:00+08:00
SO-202511-002611,CUS-0116,C,2025-11-19T09:53:00+08:00,2025-11-23T21:53:00+08:00,delivered,CNY,2160144.68,911390.33,17281.16,合肥,4,2025-12-14T09:53:00+08:00
SO-202507-002612,CUS-0114,B,2025-07-10T09:21:00+08:00,2025-07-13T21:21:00+08:00,shipped,CNY,659522.54,145043.48,11871.41,苏州,2,2025-08-06T09:21:00+08:00
SO-202507-002613,CUS-0045,B,2025-07-26T16:11:00+08:00,2025-07-29T16:11:00+08:00,shipped,CNY,2617728.85,1052759.7,47119.12,成都,5,2025-08-28T16:11:00+08:00
SO-202605-002614,CUS-0104,C,2026-05-21T21:44:00+08:00,2026-05-26T09:44:00+08:00,confirmed,CNY,2223962.56,612027.69,17791.7,武汉,2,2026-06-15T08:00:00+08:00
SO-202507-002615,CUS-0062,B,2025-07-01T05:45:00+08:00,2025-07-06T05:45:00+08:00,shipped,CNY,2676593.72,901568.5,48178.69,苏州,4,2025-07-15T05:45:00+08:00
SO-202506-002616,CUS-0099,B,2025-06-21T03:21:00+08:00,2025-06-24T03:21:00+08:00,shipped,CNY,626336.78,173084.54,11274.06,武汉,1,2025-07-29T03:21:00+08:00
SO-202506-002617,CUS-0011,C,2025-06-24T23:05:00+08:00,2025-06-29T23:05:00+08:00,delivered,CNY,50158.28,14745.38,401.27,青岛,2,2025-07-14T23:05:00+08:00
SO-202506-002618,CUS-0023,A,2025-06-21T13:48:00+08:00,2025-06-24T01:48:00+08:00,shipped,CNY,674863.08,304121.94,23620.21,青岛,1,2025-07-21T13:48:00+08:00
SO-202602-002619,CUS-0007,B,2026-02-15T04:10:00+08:00,2026-02-18T16:10:00+08:00,shipped,CNY,325498.05,123214.87,5858.96,武汉,2,2026-03-16T04:10:00+08:00
SO-202508-002620,CUS-0048,A,2025-08-02T15:48:00+08:00,2025-08-05T03:48:00+08:00,confirmed,CNY,848389.39,411858.19,29693.63,上海,1,2025-09-02T15:48:00+08:00
SO-202512-002621,CUS-0022,B,2025-12-23T17:35:00+08:00,2025-12-27T17:35:00+08:00,delivered,CNY,5804375.43,2378808.0,104478.76,武汉,4,2025-12-23T17:35:00+08:00
SO-202508-002622,CUS-0019,B,2025-08-22T02:44:00+08:00,2025-08-27T02:44:00+08:00,cancelled,CNY,36139.53,13773.28,650.51,合肥,1,2025-09-07T02:44:00+08:00
SO-202605-002623,CUS-0061,B,2026-05-12T06:26:00+08:00,2026-05-17T06:26:00+08:00,at_risk,CNY,141870.37,61073.57,2553.67,上海,1,2026-05-29T06:26:00+08:00
SO-202603-002624,CUS-0001,C,2026-03-26T14:57:00+08:00,2026-04-01T02:57:00+08:00,shipped,CNY,20651.18,5455.04,165.21,苏州,1,2026-05-10T14:57:00+08:00
SO-202507-002625,CUS-0049,C,2025-07-23T02:21:00+08:00,2025-07-27T14:21:00+08:00,confirmed,CNY,2430685.19,817188.04,19445.48,东莞,2,2025-08-15T02:21:00+08:00
SO-202604-002626,CUS-0047,B,2026-04-16T07:22:00+08:00,2026-04-19T19:22:00+08:00,overdue,CNY,2667938.56,1106596.11,48022.89,东莞,2,2026-05-15T07:22:00+08:00
SO-202602-002627,CUS-0117,C,2026-02-17T15:00:00+08:00,2026-02-22T03:00:00+08:00,confirmed,CNY,2600798.29,981147.77,20806.39,苏州,3,2026-03-31T15:00:00+08:00
SO-202603-002628,CUS-0026,B,2026-03-16T13:03:00+08:00,2026-03-19T01:03:00+08:00,at_risk,CNY,6108547.72,2529927.84,109953.86,天津,3,2026-03-17T13:03:00+08:00
SO-202506-002629,CUS-0103,B,2025-06-24T22:16:00+08:00,2025-06-28T10:16:00+08:00,confirmed,CNY,826316.37,218016.58,14873.69,宁波,2,2025-07-14T22:16:00+08:00
SO-202509-002630,CUS-0061,B,2025-09-24T10:19:00+08:00,2025-09-27T22:19:00+08:00,delivered,CNY,8736702.07,3228680.69,157260.64,上海,4,2025-10-12T10:19:00+08:00
SO-202507-002631,CUS-0013,B,2025-07-25T18:57:00+08:00,2025-07-29T18:57:00+08:00,at_risk,CNY,1319777.64,529027.68,23756.0,成都,2,2025-07-27T18:57:00+08:00
SO-202506-002632,CUS-0113,B,2025-06-20T13:13:00+08:00,2025-06-24T13:13:00+08:00,delivered,CNY,2759753.81,739740.15,49675.57,天津,4,2025-07-06T13:13:00+08:00
SO-202604-002633,CUS-0010,B,2026-04-15T21:32:00+08:00,2026-04-20T21:32:00+08:00,delivered,CNY,8579187.03,3189836.38,154425.37,合肥,4,2026-05-27T21:32:00+08:00
SO-202507-002634,CUS-0075,C,2025-07-27T10:32:00+08:00,2025-08-03T10:32:00+08:00,confirmed,CNY,81586.27,13912.9,652.69,成都,1,2025-07-29T10:32:00+08:00
SO-202605-002635,CUS-0023,A,2026-05-31T23:42:00+08:00,2026-06-02T23:42:00+08:00,delivered,CNY,28819.19,10185.6,1008.67,青岛,1,2026-06-15T08:00:00+08:00
SO-202509-002636,CUS-0023,A,2025-09-03T22:36:00+08:00,2025-09-06T22:36:00+08:00,cancelled,CNY,360171.25,155205.37,12605.99,青岛,1,2025-09-29T22:36:00+08:00
SO-202509-002637,CUS-0035,C,2025-09-17T17:01:00+08:00,2025-09-23T17:01:00+08:00,confirmed,CNY,3514298.93,836322.89,28114.39,武汉,3,2025-10-14T17:01:00+08:00
SO-202605-002638,CUS-0036,B,2026-05-13T16:18:00+08:00,2026-05-17T04:18:00+08:00,confirmed,CNY,7877539.21,3231784.02,141795.71,成都,3,2026-06-01T16:18:00+08:00
SO-202604-002639,CUS-0110,B,2026-04-24T21:19:00+08:00,2026-04-29T21:19:00+08:00,delivered,CNY,3860829.77,1549981.74,69494.94,成都,2,2026-06-03T21:19:00+08:00
SO-202603-002640,CUS-0119,B,2026-03-15T18:53:00+08:00,2026-03-18T06:53:00+08:00,confirmed,CNY,5155271.25,2301321.87,92794.88,苏州,2,2026-04-29T18:53:00+08:00
SO-202605-002641,CUS-0011,C,2026-05-05T20:01:00+08:00,2026-05-10T08:01:00+08:00,shipped,CNY,711392.39,342269.69,5691.14,青岛,1,2026-06-13T20:01:00+08:00
SO-202509-002642,CUS-0043,C,2025-09-01T03:33:00+08:00,2025-09-06T03:33:00+08:00,delivered,CNY,14290479.57,5790329.04,114323.84,武汉,5,2025-09-05T03:33:00+08:00
SO-202508-002643,CUS-0092,B,2025-08-12T19:06:00+08:00,2025-08-17T19:06:00+08:00,delivered,CNY,2155830.62,569199.44,38804.95,苏州,4,2025-08-16T19:06:00+08:00
SO-202602-002644,CUS-0051,C,2026-02-10T02:54:00+08:00,2026-02-15T02:54:00+08:00,shipped,CNY,3144382.98,1071665.24,25155.06,武汉,4,2026-02-14T02:54:00+08:00
SO-202601-002645,CUS-0002,B,2026-01-11T12:57:00+08:00,2026-01-14T00:57:00+08:00,confirmed,CNY,3844585.15,1312252.8,69202.53,杭州,3,2026-02-08T12:57:00+08:00
SO-202602-002646,CUS-0069,A,2026-02-05T11:44:00+08:00,2026-02-06T23:44:00+08:00,at_risk,CNY,434221.6,166493.34,15197.76,宁波,1,2026-03-17T11:44:00+08:00
SO-202507-002647,CUS-0089,B,2025-07-01T00:26:00+08:00,2025-07-04T12:26:00+08:00,shipped,CNY,6474733.58,2734945.99,116545.2,宁波,5,2025-07-01T00:26:00+08:00
SO-202508-002648,CUS-0076,B,2025-08-30T02:19:00+08:00,2025-09-01T14:19:00+08:00,delivered,CNY,666946.52,318785.03,12005.04,杭州,2,2025-10-05T02:19:00+08:00
SO-202509-002649,CUS-0070,A,2025-09-12T10:52:00+08:00,2025-09-14T10:52:00+08:00,delivered,CNY,10722442.41,4224413.44,375285.48,苏州,5,2025-10-04T10:52:00+08:00
SO-202512-002650,CUS-0025,B,2025-12-13T23:38:00+08:00,2025-12-16T23:38:00+08:00,confirmed,CNY,33110.94,9713.25,596.0,东莞,2,2025-12-31T23:38:00+08:00
SO-202509-002651,CUS-0104,C,2025-09-02T23:00:00+08:00,2025-09-09T23:00:00+08:00,at_risk,CNY,3895733.48,1238644.76,31165.87,武汉,2,2025-09-24T23:00:00+08:00
SO-202511-002652,CUS-0012,C,2025-11-25T01:49:00+08:00,2025-11-30T13:49:00+08:00,confirmed,CNY,6783730.61,2030309.7,54269.84,宁波,5,2025-12-25T01:49:00+08:00
SO-202511-002653,CUS-0061,B,2025-11-10T14:07:00+08:00,2025-11-15T14:07:00+08:00,confirmed,CNY,3553871.05,1148336.78,63969.68,上海,2,2025-12-04T14:07:00+08:00
SO-202507-002654,CUS-0043,C,2025-07-14T10:52:00+08:00,2025-07-19T10:52:00+08:00,confirmed,CNY,3345310.83,1345224.91,26762.49,武汉,1,2025-07-21T10:52:00+08:00
SO-202512-002655,CUS-0024,B,2025-12-17T10:10:00+08:00,2025-12-19T22:10:00+08:00,at_risk,CNY,1293505.48,396444.28,23283.1,合肥,2,2026-01-12T10:10:00+08:00
SO-202506-002656,CUS-0091,A,2025-06-22T13:54:00+08:00,2025-06-25T01:54:00+08:00,shipped,CNY,5899896.05,1953968.91,206496.36,上海,4,2025-07-23T13:54:00+08:00
SO-202603-002657,CUS-0031,C,2026-03-28T21:45:00+08:00,2026-04-03T21:45:00+08:00,shipped,CNY,6189403.83,2168302.46,49515.23,青岛,2,2026-04-21T21:45:00+08:00
SO-202510-002658,CUS-0055,C,2025-10-25T05:29:00+08:00,2025-10-29T17:29:00+08:00,delivered,CNY,5202195.01,1539940.16,41617.56,上海,5,2025-11-14T05:29:00+08:00
SO-202605-002659,CUS-0044,B,2026-05-19T13:02:00+08:00,2026-05-22T13:02:00+08:00,confirmed,CNY,2801929.19,1044496.55,50434.73,宁波,3,2026-05-26T13:02:00+08:00
SO-202604-002660,CUS-0096,C,2026-04-23T22:39:00+08:00,2026-04-29T10:39:00+08:00,at_risk,CNY,12165793.17,5252378.31,97326.35,苏州,4,2026-06-03T22:39:00+08:00
SO-202603-002661,CUS-0107,B,2026-03-31T06:07:00+08:00,2026-04-02T18:07:00+08:00,confirmed,CNY,2861942.68,1155604.24,51514.97,成都,3,2026-04-28T06:07:00+08:00
SO-202508-002662,CUS-0033,B,2025-08-31T15:26:00+08:00,2025-09-04T03:26:00+08:00,delivered,CNY,8833424.17,2734656.3,159001.64,青岛,5,2025-09-28T15:26:00+08:00
SO-202506-002663,CUS-0033,B,2025-06-19T21:33:00+08:00,2025-06-22T21:33:00+08:00,confirmed,CNY,376696.58,178309.76,6780.54,青岛,1,2025-07-17T21:33:00+08:00
SO-202605-002664,CUS-0080,B,2026-05-30T01:52:00+08:00,2026-06-02T01:52:00+08:00,at_risk,CNY,48856.26,11542.98,879.41,武汉,1,2026-06-15T08:00:00+08:00
SO-202604-002665,CUS-0074,C,2026-04-07T21:11:00+08:00,2026-04-13T09:11:00+08:00,delivered,CNY,302606.16,111395.78,2420.85,苏州,4,2026-04-18T21:11:00+08:00
SO-202510-002666,CUS-0052,C,2025-10-06T23:26:00+08:00,2025-10-12T23:26:00+08:00,delivered,CNY,8922144.26,3290352.99,71377.15,上海,3,2025-11-04T23:26:00+08:00
SO-202602-002667,CUS-0016,C,2026-02-28T07:14:00+08:00,2026-03-04T19:14:00+08:00,cancelled,CNY,5435000.49,2287461.99,43480.0,杭州,1,2026-03-20T07:14:00+08:00
SO-202601-002668,CUS-0076,B,2026-01-26T00:20:00+08:00,2026-01-31T00:20:00+08:00,delivered,CNY,6233811.9,2588995.58,112208.61,杭州,3,2026-02-04T00:20:00+08:00
SO-202509-002669,CUS-0101,C,2025-09-29T19:46:00+08:00,2025-10-04T07:46:00+08:00,delivered,CNY,5291496.53,1947813.32,42331.97,武汉,5,2025-10-31T19:46:00+08:00
SO-202512-002670,CUS-0035,C,2025-12-27T05:51:00+08:00,2026-01-01T05:51:00+08:00,confirmed,CNY,4178663.68,1607897.33,33429.31,武汉,5,2026-01-01T05:51:00+08:00
SO-202507-002671,CUS-0003,A,2025-07-04T04:09:00+08:00,2025-07-05T16:09:00+08:00,confirmed,CNY,8721165.09,3582149.05,305240.78,杭州,2,2025-08-10T04:09:00+08:00
SO-202605-002672,CUS-0054,C,2026-05-05T18:16:00+08:00,2026-05-12T18:16:00+08:00,confirmed,CNY,7008705.68,3380171.27,56069.65,青岛,4,2026-06-07T18:16:00+08:00
SO-202601-002673,CUS-0059,C,2026-01-25T01:50:00+08:00,2026-01-29T13:50:00+08:00,delivered,CNY,3594414.99,1309489.77,28755.32,天津,4,2026-01-30T01:50:00+08:00
SO-202509-002674,CUS-0074,C,2025-09-18T07:23:00+08:00,2025-09-24T07:23:00+08:00,confirmed,CNY,986798.59,345883.03,7894.39,苏州,3,2025-10-13T07:23:00+08:00
SO-202601-002675,CUS-0012,C,2026-01-11T04:26:00+08:00,2026-01-16T16:26:00+08:00,shipped,CNY,661877.91,211991.66,5295.02,宁波,2,2026-01-28T04:26:00+08:00
SO-202606-002676,CUS-0052,C,2026-06-15T02:43:00+08:00,2026-06-20T14:43:00+08:00,shipped,CNY,5738395.44,2198963.11,45907.16,上海,5,2026-06-15T08:00:00+08:00
SO-202605-002677,CUS-0023,A,2026-05-20T00:19:00+08:00,2026-05-23T00:19:00+08:00,shipped,CNY,1130711.3,291496.24,39574.9,青岛,2,2026-06-15T08:00:00+08:00
SO-202603-002678,CUS-0095,B,2026-03-05T22:58:00+08:00,2026-03-08T10:58:00+08:00,cancelled,CNY,502205.99,218365.67,9039.71,苏州,1,2026-03-18T22:58:00+08:00
SO-202605-002679,CUS-0035,C,2026-05-05T18:31:00+08:00,2026-05-10T18:31:00+08:00,delivered,CNY,71206.69,29188.11,569.65,武汉,4,2026-05-15T18:31:00+08:00
SO-202606-002680,CUS-0051,C,2026-06-06T00:50:00+08:00,2026-06-12T00:50:00+08:00,delivered,CNY,5056811.63,1772502.9,40454.49,武汉,5,2026-06-15T08:00:00+08:00
SO-202510-002681,CUS-0079,C,2025-10-14T13:49:00+08:00,2025-10-19T01:49:00+08:00,confirmed,CNY,3525786.85,1040808.01,28206.29,东莞,3,2025-11-19T13:49:00+08:00
SO-202512-002682,CUS-0057,C,2025-12-27T18:44:00+08:00,2026-01-03T18:44:00+08:00,confirmed,CNY,2650590.66,1186247.83,21204.73,成都,2,2026-02-02T18:44:00+08:00
SO-202507-002683,CUS-0072,B,2025-07-19T21:37:00+08:00,2025-07-23T21:37:00+08:00,delivered,CNY,3049491.64,1176959.28,54890.85,天津,5,2025-08-06T21:37:00+08:00
SO-202510-002684,CUS-0019,B,2025-10-20T19:33:00+08:00,2025-10-24T19:33:00+08:00,delivered,CNY,3845525.33,1436956.95,69219.46,合肥,4,2025-11-15T19:33:00+08:00
SO-202508-002685,CUS-0107,B,2025-08-19T08:14:00+08:00,2025-08-23T08:14:00+08:00,delivered,CNY,2537387.73,703836.59,45672.98,成都,2,2025-09-24T08:14:00+08:00
SO-202510-002686,CUS-0079,C,2025-10-21T18:12:00+08:00,2025-10-26T06:12:00+08:00,cancelled,CNY,770383.16,316377.68,6163.07,东莞,4,2025-11-17T18:12:00+08:00
SO-202603-002687,CUS-0068,A,2026-03-12T17:42:00+08:00,2026-03-15T05:42:00+08:00,overdue,CNY,1670323.74,566714.58,58461.33,成都,4,2026-04-12T17:42:00+08:00
SO-202602-002688,CUS-0103,B,2026-02-25T20:40:00+08:00,2026-03-01T20:40:00+08:00,delivered,CNY,1942041.59,663721.46,34956.75,宁波,4,2026-04-07T20:40:00+08:00
SO-202511-002689,CUS-0068,A,2025-11-23T14:24:00+08:00,2025-11-27T14:24:00+08:00,delivered,CNY,5271389.51,1472773.98,184498.63,成都,5,2025-12-11T14:24:00+08:00
SO-202601-002690,CUS-0107,B,2026-01-18T14:36:00+08:00,2026-01-22T14:36:00+08:00,delivered,CNY,591504.45,231345.6,10647.08,成都,1,2026-01-22T14:36:00+08:00
SO-202512-002691,CUS-0009,C,2025-12-15T22:14:00+08:00,2025-12-21T22:14:00+08:00,delivered,CNY,4337921.89,1661551.24,34703.38,东莞,4,2025-12-27T22:14:00+08:00
SO-202603-002692,CUS-0072,B,2026-03-12T22:39:00+08:00,2026-03-15T10:39:00+08:00,delivered,CNY,82881.89,24564.67,1491.87,天津,1,2026-04-14T22:39:00+08:00
SO-202507-002693,CUS-0106,A,2025-07-08T12:52:00+08:00,2025-07-10T00:52:00+08:00,delivered,CNY,4744637.47,1969459.82,166062.31,天津,4,2025-08-20T12:52:00+08:00
SO-202507-002694,CUS-0007,B,2025-07-05T07:45:00+08:00,2025-07-10T07:45:00+08:00,shipped,CNY,6447946.79,2139281.65,116063.04,武汉,5,2025-07-28T07:45:00+08:00
SO-202604-002695,CUS-0102,A,2026-04-08T04:17:00+08:00,2026-04-12T04:17:00+08:00,confirmed,CNY,9638870.24,3909046.35,337360.46,青岛,4,2026-05-16T04:17:00+08:00
SO-202601-002696,CUS-0023,A,2026-01-29T11:43:00+08:00,2026-02-02T11:43:00+08:00,cancelled,CNY,5287746.74,1524870.76,185071.14,青岛,3,2026-03-06T11:43:00+08:00
SO-202601-002697,CUS-0119,B,2026-01-20T21:28:00+08:00,2026-01-24T09:28:00+08:00,delivered,CNY,464212.64,131435.72,8355.83,苏州,2,2026-01-27T21:28:00+08:00
SO-202605-002698,CUS-0072,B,2026-05-10T20:26:00+08:00,2026-05-13T08:26:00+08:00,delivered,CNY,1187198.35,341942.95,21369.57,天津,1,2026-05-20T20:26:00+08:00
SO-202603-002699,CUS-0016,C,2026-03-26T21:29:00+08:00,2026-04-01T21:29:00+08:00,at_risk,CNY,3799420.1,1680185.05,30395.36,杭州,2,2026-04-30T21:29:00+08:00
SO-202604-002700,CUS-0071,C,2026-04-24T07:25:00+08:00,2026-04-30T07:25:00+08:00,shipped,CNY,6023762.8,1878215.84,48190.1,杭州,5,2026-05-23T07:25:00+08:00
SO-202601-002701,CUS-0075,C,2026-01-02T05:52:00+08:00,2026-01-07T05:52:00+08:00,delivered,CNY,4837737.57,2122831.14,38701.9,成都,2,2026-02-11T05:52:00+08:00
SO-202511-002702,CUS-0083,B,2025-11-08T20:43:00+08:00,2025-11-12T20:43:00+08:00,shipped,CNY,2693439.47,934114.0,48481.91,苏州,4,2025-12-13T20:43:00+08:00
SO-202510-002703,CUS-0056,B,2025-10-09T10:14:00+08:00,2025-10-13T10:14:00+08:00,delivered,CNY,702284.39,201155.75,12641.12,成都,1,2025-11-22T10:14:00+08:00
SO-202506-002704,CUS-0090,B,2025-06-18T07:07:00+08:00,2025-06-22T07:07:00+08:00,shipped,CNY,2426768.31,864503.14,43681.83,天津,5,2025-07-16T07:07:00+08:00
SO-202602-002705,CUS-0025,B,2026-02-07T02:45:00+08:00,2026-02-10T14:45:00+08:00,delivered,CNY,205011.63,65784.51,3690.21,东莞,2,2026-02-14T02:45:00+08:00
SO-202605-002706,CUS-0087,B,2026-05-06T21:16:00+08:00,2026-05-10T09:16:00+08:00,confirmed,CNY,2909762.42,1278672.99,52375.72,天津,3,2026-06-11T21:16:00+08:00
SO-202510-002707,CUS-0009,C,2025-10-07T01:10:00+08:00,2025-10-12T13:10:00+08:00,confirmed,CNY,1014471.73,291657.23,8115.77,东莞,3,2025-10-18T01:10:00+08:00
SO-202604-002708,CUS-0064,C,2026-04-16T07:49:00+08:00,2026-04-21T07:49:00+08:00,at_risk,CNY,26309.51,10424.45,210.48,东莞,1,2026-05-03T07:49:00+08:00
SO-202603-002709,CUS-0115,C,2026-03-20T13:09:00+08:00,2026-03-26T01:09:00+08:00,delivered,CNY,248717.22,118015.11,1989.74,东莞,3,2026-04-14T13:09:00+08:00
SO-202508-002710,CUS-0017,C,2025-08-03T10:47:00+08:00,2025-08-09T10:47:00+08:00,shipped,CNY,507491.16,225479.11,4059.93,青岛,3,2025-09-15T10:47:00+08:00
SO-202506-002711,CUS-0077,B,2025-06-15T19:44:00+08:00,2025-06-18T19:44:00+08:00,delivered,CNY,1872545.22,792096.9,33705.81,东莞,2,2025-06-28T19:44:00+08:00
SO-202604-002712,CUS-0090,B,2026-04-18T11:00:00+08:00,2026-04-23T11:00:00+08:00,delivered,CNY,436171.06,143219.16,7851.08,天津,3,2026-05-10T11:00:00+08:00
SO-202510-002713,CUS-0019,B,2025-10-07T04:20:00+08:00,2025-10-09T16:20:00+08:00,delivered,CNY,3171307.54,1325131.6,57083.54,合肥,4,2025-10-12T04:20:00+08:00
SO-202507-002714,CUS-0084,C,2025-07-02T20:03:00+08:00,2025-07-07T08:03:00+08:00,delivered,CNY,826772.37,327523.03,6614.18,合肥,3,2025-07-23T20:03:00+08:00
SO-202508-002715,CUS-0009,C,2025-08-27T21:36:00+08:00,2025-09-02T09:36:00+08:00,delivered,CNY,9213678.92,3579826.62,73709.43,东莞,5,2025-09-16T21:36:00+08:00
SO-202509-002716,CUS-0066,A,2025-09-19T08:35:00+08:00,2025-09-21T08:35:00+08:00,delivered,CNY,618865.99,270572.17,21660.31,青岛,2,2025-10-21T08:35:00+08:00
SO-202509-002717,CUS-0065,A,2025-09-18T16:57:00+08:00,2025-09-21T04:57:00+08:00,confirmed,CNY,4263773.16,1916105.31,149232.06,宁波,3,2025-10-14T16:57:00+08:00
SO-202603-002718,CUS-0056,B,2026-03-05T19:29:00+08:00,2026-03-09T19:29:00+08:00,delivered,CNY,987800.47,278989.79,17780.41,成都,2,2026-04-17T19:29:00+08:00
SO-202602-002719,CUS-0118,C,2026-02-14T13:20:00+08:00,2026-02-21T13:20:00+08:00,at_risk,CNY,2079556.67,684386.52,16636.45,上海,4,2026-02-15T13:20:00+08:00
SO-202512-002720,CUS-0026,B,2025-12-13T12:03:00+08:00,2025-12-16T00:03:00+08:00,confirmed,CNY,1639231.44,392448.38,29506.17,天津,2,2025-12-22T12:03:00+08:00
SO-202507-002721,CUS-0083,B,2025-07-23T13:35:00+08:00,2025-07-28T13:35:00+08:00,cancelled,CNY,5496325.57,1833397.78,98933.86,苏州,5,2025-07-29T13:35:00+08:00
SO-202602-002722,CUS-0052,C,2026-02-23T21:31:00+08:00,2026-03-01T21:31:00+08:00,delivered,CNY,1994874.23,602999.99,15958.99,上海,3,2026-03-25T21:31:00+08:00
SO-202510-002723,CUS-0104,C,2025-10-26T21:57:00+08:00,2025-11-01T09:57:00+08:00,delivered,CNY,590877.9,203946.17,4727.02,武汉,3,2025-11-07T21:57:00+08:00
SO-202603-002724,CUS-0074,C,2026-03-17T06:36:00+08:00,2026-03-24T06:36:00+08:00,delivered,CNY,3052399.71,1290835.92,24419.2,苏州,3,2026-04-02T06:36:00+08:00
SO-202507-002725,CUS-0064,C,2025-07-07T22:55:00+08:00,2025-07-13T10:55:00+08:00,delivered,CNY,6057230.85,2234434.35,48457.85,东莞,2,2025-07-09T22:55:00+08:00
SO-202511-002726,CUS-0108,B,2025-11-02T18:38:00+08:00,2025-11-06T18:38:00+08:00,at_risk,CNY,204023.26,70370.12,3672.42,上海,1,2025-11-17T18:38:00+08:00
SO-202512-002727,CUS-0046,B,2025-12-01T01:22:00+08:00,2025-12-04T13:22:00+08:00,shipped,CNY,3626997.47,1073353.49,65285.95,青岛,2,2025-12-10T01:22:00+08:00
SO-202512-002728,CUS-0110,B,2025-12-22T15:42:00+08:00,2025-12-26T03:42:00+08:00,delivered,CNY,22749.38,3544.16,409.49,成都,1,2025-12-26T15:42:00+08:00
SO-202510-002729,CUS-0070,A,2025-10-10T13:15:00+08:00,2025-10-13T13:15:00+08:00,delivered,CNY,4337479.81,1261462.83,151811.79,苏州,4,2025-10-13T13:15:00+08:00
SO-202506-002730,CUS-0112,C,2025-06-25T15:45:00+08:00,2025-06-30T15:45:00+08:00,confirmed,CNY,1442202.4,567025.86,11537.62,宁波,3,2025-07-12T15:45:00+08:00
SO-202602-002731,CUS-0053,B,2026-02-10T10:50:00+08:00,2026-02-13T10:50:00+08:00,delivered,CNY,4218853.91,1282853.2,75939.37,成都,3,2026-02-26T10:50:00+08:00
SO-202512-002732,CUS-0018,B,2025-12-20T08:28:00+08:00,2025-12-23T08:28:00+08:00,delivered,CNY,1465551.69,436017.87,26379.93,宁波,3,2026-01-06T08:28:00+08:00
SO-202512-002733,CUS-0087,B,2025-12-25T20:10:00+08:00,2025-12-30T20:10:00+08:00,delivered,CNY,466870.79,96770.27,8403.67,天津,1,2025-12-25T20:10:00+08:00
SO-202602-002734,CUS-0082,C,2026-02-12T10:46:00+08:00,2026-02-17T22:46:00+08:00,confirmed,CNY,3959458.81,1199608.69,31675.67,武汉,2,2026-03-10T10:46:00+08:00
SO-202604-002735,CUS-0034,A,2026-04-28T14:40:00+08:00,2026-05-02T14:40:00+08:00,delivered,CNY,9902738.97,3295269.8,346595.86,天津,5,2026-06-05T14:40:00+08:00
SO-202606-002736,CUS-0065,A,2026-06-03T05:52:00+08:00,2026-06-07T05:52:00+08:00,delivered,CNY,10910286.49,4794226.13,381860.03,宁波,4,2026-06-11T05:52:00+08:00
SO-202606-002737,CUS-0106,A,2026-06-07T21:21:00+08:00,2026-06-10T09:21:00+08:00,shipped,CNY,2243777.64,846916.03,78532.22,天津,5,2026-06-15T08:00:00+08:00
SO-202507-002738,CUS-0119,B,2025-07-08T13:47:00+08:00,2025-07-12T01:47:00+08:00,delivered,CNY,3178981.26,1239893.82,57221.66,苏州,2,2025-07-30T13:47:00+08:00
SO-202506-002739,CUS-0073,C,2025-06-27T02:45:00+08:00,2025-07-01T14:45:00+08:00,cancelled,CNY,6057769.19,2643241.57,48462.15,成都,4,2025-07-28T02:45:00+08:00
SO-202512-002740,CUS-0009,C,2025-12-11T20:42:00+08:00,2025-12-16T08:42:00+08:00,confirmed,CNY,717035.65,302644.58,5736.29,东莞,3,2026-01-23T20:42:00+08:00
SO-202512-002741,CUS-0005,A,2025-12-03T01:52:00+08:00,2025-12-05T13:52:00+08:00,confirmed,CNY,140916.8,38852.03,4932.09,青岛,1,2025-12-30T01:52:00+08:00
SO-202604-002742,CUS-0020,B,2026-04-26T09:22:00+08:00,2026-04-28T21:22:00+08:00,overdue,CNY,14562265.52,5284804.68,262120.78,宁波,5,2026-05-18T09:22:00+08:00
SO-202604-002743,CUS-0094,C,2026-04-18T13:58:00+08:00,2026-04-23T01:58:00+08:00,at_risk,CNY,1431635.85,456045.95,11453.09,宁波,3,2026-05-07T13:58:00+08:00
SO-202602-002744,CUS-0031,C,2026-02-23T15:43:00+08:00,2026-02-28T15:43:00+08:00,at_risk,CNY,8325600.67,3546347.57,66604.81,青岛,5,2026-03-29T15:43:00+08:00
SO-202601-002745,CUS-0043,C,2026-01-28T19:41:00+08:00,2026-02-03T07:41:00+08:00,confirmed,CNY,5078340.04,1902874.62,40626.72,武汉,5,2026-02-01T19:41:00+08:00
SO-202511-002746,CUS-0095,B,2025-11-23T01:15:00+08:00,2025-11-25T13:15:00+08:00,confirmed,CNY,10734900.51,3787778.25,193228.21,苏州,4,2025-11-25T01:15:00+08:00
SO-202507-002747,CUS-0065,A,2025-07-21T09:06:00+08:00,2025-07-25T09:06:00+08:00,delivered,CNY,1011744.97,282370.74,35411.07,宁波,3,2025-08-06T09:06:00+08:00
SO-202603-002748,CUS-0117,C,2026-03-18T04:37:00+08:00,2026-03-25T04:37:00+08:00,delivered,CNY,4987374.82,2278676.38,39899.0,苏州,1,2026-03-25T04:37:00+08:00
SO-202510-002749,CUS-0062,B,2025-10-22T22:26:00+08:00,2025-10-26T22:26:00+08:00,delivered,CNY,7444602.73,3215310.89,134002.85,苏州,4,2025-11-22T22:26:00+08:00
SO-202603-002750,CUS-0085,B,2026-03-15T00:31:00+08:00,2026-03-19T00:31:00+08:00,confirmed,CNY,106231.38,32436.18,1912.16,青岛,1,2026-03-31T00:31:00+08:00
SO-202601-002751,CUS-0072,B,2026-01-27T02:42:00+08:00,2026-01-31T02:42:00+08:00,confirmed,CNY,588800.23,208717.57,10598.4,天津,2,2026-02-10T02:42:00+08:00
SO-202603-002752,CUS-0071,C,2026-03-17T03:10:00+08:00,2026-03-21T15:10:00+08:00,delivered,CNY,4361397.43,1634324.6,34891.18,杭州,5,2026-04-14T03:10:00+08:00
SO-202605-002753,CUS-0058,C,2026-05-15T11:09:00+08:00,2026-05-21T11:09:00+08:00,confirmed,CNY,2282025.06,723940.33,18256.2,苏州,3,2026-06-03T11:09:00+08:00
SO-202601-002754,CUS-0048,A,2026-01-26T23:35:00+08:00,2026-01-28T11:35:00+08:00,cancelled,CNY,3762570.05,1512351.17,131689.95,上海,1,2026-03-04T23:35:00+08:00
SO-202512-002755,CUS-0095,B,2025-12-03T00:27:00+08:00,2025-12-05T12:27:00+08:00,cancelled,CNY,6313822.93,2433395.29,113648.81,苏州,5,2025-12-19T00:27:00+08:00
SO-202509-002756,CUS-0022,B,2025-09-27T02:10:00+08:00,2025-09-29T14:10:00+08:00,shipped,CNY,3195877.22,1215240.98,57525.79,武汉,2,2025-10-15T02:10:00+08:00
SO-202512-002757,CUS-0088,A,2025-12-27T19:40:00+08:00,2025-12-30T19:40:00+08:00,delivered,CNY,133.18,33.17,4.66,武汉,1,2026-02-08T19:40:00+08:00
SO-202605-002758,CUS-0069,A,2026-05-26T17:07:00+08:00,2026-05-28T17:07:00+08:00,delivered,CNY,8005251.2,3467711.27,280183.79,宁波,3,2026-06-07T17:07:00+08:00
SO-202605-002759,CUS-0056,B,2026-05-08T00:59:00+08:00,2026-05-12T00:59:00+08:00,shipped,CNY,474663.5,213131.33,8543.94,成都,1,2026-06-15T08:00:00+08:00
SO-202604-002760,CUS-0009,C,2026-04-03T09:01:00+08:00,2026-04-10T09:01:00+08:00,delivered,CNY,336379.92,129919.74,2691.04,东莞,1,2026-04-13T09:01:00+08:00
SO-202509-002761,CUS-0088,A,2025-09-21T04:08:00+08:00,2025-09-22T16:08:00+08:00,delivered,CNY,794993.47,323161.9,27824.77,武汉,2,2025-09-28T04:08:00+08:00
SO-202511-002762,CUS-0017,C,2025-11-29T04:44:00+08:00,2025-12-04T04:44:00+08:00,shipped,CNY,1451968.82,418033.76,11615.75,青岛,4,2025-12-18T04:44:00+08:00
SO-202508-002763,CUS-0100,B,2025-08-15T06:30:00+08:00,2025-08-18T18:30:00+08:00,shipped,CNY,4369216.64,1586741.79,78645.9,成都,4,2025-08-17T06:30:00+08:00
SO-202606-002764,CUS-0053,B,2026-06-07T09:29:00+08:00,2026-06-09T21:29:00+08:00,at_risk,CNY,1219770.8,460061.0,21955.87,成都,2,2026-06-15T08:00:00+08:00
SO-202603-002765,CUS-0063,B,2026-03-31T06:30:00+08:00,2026-04-02T18:30:00+08:00,at_risk,CNY,2740179.07,1014419.11,49323.22,杭州,2,2026-04-11T06:30:00+08:00
SO-202508-002766,CUS-0044,B,2025-08-06T21:44:00+08:00,2025-08-11T21:44:00+08:00,shipped,CNY,6413459.48,2433390.38,115442.27,宁波,5,2025-08-10T21:44:00+08:00
SO-202507-002767,CUS-0078,B,2025-07-05T05:07:00+08:00,2025-07-09T05:07:00+08:00,delivered,CNY,2473773.98,762474.78,44527.93,武汉,5,2025-07-06T05:07:00+08:00
SO-202507-002768,CUS-0072,B,2025-07-17T04:49:00+08:00,2025-07-20T16:49:00+08:00,confirmed,CNY,1239994.32,339963.78,22319.9,天津,2,2025-07-20T04:49:00+08:00
SO-202605-002769,CUS-0096,C,2026-05-27T07:04:00+08:00,2026-06-02T07:04:00+08:00,delivered,CNY,3386902.33,1303814.49,27095.22,苏州,4,2026-06-15T08:00:00+08:00
SO-202602-002770,CUS-0022,B,2026-02-12T13:27:00+08:00,2026-02-15T01:27:00+08:00,overdue,CNY,11293494.45,4814082.74,203282.9,武汉,4,2026-03-22T13:27:00+08:00
SO-202605-002771,CUS-0036,B,2026-05-20T04:48:00+08:00,2026-05-23T04:48:00+08:00,delivered,CNY,5605698.12,2325825.67,100902.57,成都,4,2026-06-03T04:48:00+08:00
SO-202601-002772,CUS-0076,B,2026-01-13T02:47:00+08:00,2026-01-15T14:47:00+08:00,delivered,CNY,1442272.66,635624.83,25960.91,杭州,2,2026-01-18T02:47:00+08:00
SO-202605-002773,CUS-0098,C,2026-05-09T23:12:00+08:00,2026-05-14T11:12:00+08:00,cancelled,CNY,1578493.89,726323.89,12627.95,青岛,1,2026-05-23T23:12:00+08:00
SO-202606-002774,CUS-0118,C,2026-06-12T07:13:00+08:00,2026-06-19T07:13:00+08:00,delivered,CNY,2793307.1,1076675.04,22346.46,上海,4,2026-06-15T08:00:00+08:00
SO-202506-002775,CUS-0048,A,2025-06-26T14:26:00+08:00,2025-06-28T02:26:00+08:00,delivered,CNY,1081944.55,491499.86,37868.06,上海,2,2025-07-31T14:26:00+08:00
SO-202603-002776,CUS-0010,B,2026-03-26T11:23:00+08:00,2026-03-31T11:23:00+08:00,delivered,CNY,3811254.01,1399481.1,68602.57,合肥,3,2026-04-28T11:23:00+08:00
SO-202510-002777,CUS-0104,C,2025-10-21T04:01:00+08:00,2025-10-28T04:01:00+08:00,delivered,CNY,515670.71,173285.02,4125.37,武汉,1,2025-12-03T04:01:00+08:00
SO-202512-002778,CUS-0115,C,2025-12-03T05:43:00+08:00,2025-12-07T17:43:00+08:00,at_risk,CNY,366186.14,158347.89,2929.49,东莞,2,2026-01-01T05:43:00+08:00
SO-202603-002779,CUS-0040,C,2026-03-02T06:20:00+08:00,2026-03-08T06:20:00+08:00,shipped,CNY,4253759.92,1216034.19,34030.08,合肥,5,2026-04-04T06:20:00+08:00
SO-202605-002780,CUS-0014,C,2026-05-28T19:36:00+08:00,2026-06-02T07:36:00+08:00,delivered,CNY,3142787.95,1286620.45,25142.3,东莞,1,2026-06-15T08:00:00+08:00
SO-202509-002781,CUS-0103,B,2025-09-27T19:58:00+08:00,2025-09-30T19:58:00+08:00,at_risk,CNY,1104125.43,481880.28,19874.26,宁波,2,2025-10-23T19:58:00+08:00
SO-202601-002782,CUS-0103,B,2026-01-28T01:18:00+08:00,2026-02-01T01:18:00+08:00,confirmed,CNY,3349771.72,1067267.72,60295.89,宁波,5,2026-03-05T01:18:00+08:00
SO-202511-002783,CUS-0097,B,2025-11-02T15:17:00+08:00,2025-11-06T15:17:00+08:00,confirmed,CNY,2289761.76,889205.16,41215.71,杭州,3,2025-11-14T15:17:00+08:00
SO-202601-002784,CUS-0072,B,2026-01-20T04:19:00+08:00,2026-01-22T16:19:00+08:00,confirmed,CNY,3319030.06,913731.12,59742.54,天津,3,2026-02-01T04:19:00+08:00
SO-202602-002785,CUS-0013,B,2026-02-26T23:01:00+08:00,2026-03-02T11:01:00+08:00,confirmed,CNY,4085395.01,1266861.78,73537.11,成都,5,2026-02-28T23:01:00+08:00
SO-202603-002786,CUS-0082,C,2026-03-08T23:52:00+08:00,2026-03-13T23:52:00+08:00,cancelled,CNY,7822435.73,3094582.76,62579.49,武汉,4,2026-03-26T23:52:00+08:00
SO-202512-002787,CUS-0026,B,2025-12-27T03:49:00+08:00,2025-12-30T15:49:00+08:00,at_risk,CNY,9606758.41,3770346.13,172921.65,天津,5,2025-12-31T03:49:00+08:00
SO-202602-002788,CUS-0063,B,2026-02-21T00:45:00+08:00,2026-02-24T12:45:00+08:00,shipped,CNY,5257545.4,1996008.07,94635.82,杭州,3,2026-02-24T00:45:00+08:00
SO-202511-002789,CUS-0042,A,2025-11-01T11:54:00+08:00,2025-11-05T11:54:00+08:00,confirmed,CNY,953650.49,380260.02,33377.77,东莞,2,2025-12-07T11:54:00+08:00
SO-202511-002790,CUS-0032,A,2025-11-02T23:03:00+08:00,2025-11-04T11:03:00+08:00,shipped,CNY,2428476.79,1148126.29,84996.69,苏州,1,2025-11-08T23:03:00+08:00
SO-202604-002791,CUS-0097,B,2026-04-26T11:15:00+08:00,2026-04-28T23:15:00+08:00,delivered,CNY,1132702.61,250829.51,20388.65,杭州,2,2026-05-21T11:15:00+08:00
SO-202605-002792,CUS-0110,B,2026-05-11T13:50:00+08:00,2026-05-14T13:50:00+08:00,at_risk,CNY,9256475.24,3735253.28,166616.55,成都,5,2026-06-15T08:00:00+08:00
SO-202603-002793,CUS-0029,B,2026-03-01T08:40:00+08:00,2026-03-04T20:40:00+08:00,delivered,CNY,5626808.98,2376682.1,101282.56,武汉,4,2026-03-28T08:40:00+08:00
SO-202508-002794,CUS-0080,B,2025-08-26T09:07:00+08:00,2025-08-31T09:07:00+08:00,delivered,CNY,1324694.83,514890.8,23844.51,武汉,3,2025-08-26T09:07:00+08:00
SO-202606-002795,CUS-0046,B,2026-06-03T20:30:00+08:00,2026-06-06T20:30:00+08:00,cancelled,CNY,2359956.26,1058283.14,42479.21,青岛,2,2026-06-15T08:00:00+08:00
SO-202510-002796,CUS-0062,B,2025-10-08T12:28:00+08:00,2025-10-12T00:28:00+08:00,delivered,CNY,2003299.03,736252.93,36059.38,苏州,2,2025-11-15T12:28:00+08:00
SO-202604-002797,CUS-0096,C,2026-04-09T06:45:00+08:00,2026-04-14T06:45:00+08:00,delivered,CNY,8729994.11,2975382.62,69839.95,苏州,4,2026-04-28T06:45:00+08:00
SO-202507-002798,CUS-0089,B,2025-07-16T17:01:00+08:00,2025-07-20T17:01:00+08:00,at_risk,CNY,586516.34,197682.99,10557.29,宁波,5,2025-08-02T17:01:00+08:00
SO-202606-002799,CUS-0119,B,2026-06-14T01:33:00+08:00,2026-06-17T13:33:00+08:00,delivered,CNY,3701577.45,1344966.98,66628.39,苏州,5,2026-06-15T08:00:00+08:00
SO-202511-002800,CUS-0005,A,2025-11-01T08:11:00+08:00,2025-11-05T08:11:00+08:00,delivered,CNY,8696492.89,2860964.39,304377.25,青岛,5,2025-11-25T08:11:00+08:00
SO-202606-002801,CUS-0008,A,2026-06-06T15:24:00+08:00,2026-06-08T15:24:00+08:00,confirmed,CNY,543191.96,243314.15,19011.72,青岛,2,2026-06-15T08:00:00+08:00
SO-202602-002802,CUS-0056,B,2026-02-28T12:31:00+08:00,2026-03-03T00:31:00+08:00,delivered,CNY,1224490.87,445639.12,22040.84,成都,3,2026-03-13T12:31:00+08:00
SO-202603-002803,CUS-0045,B,2026-03-09T08:23:00+08:00,2026-03-13T08:23:00+08:00,delivered,CNY,4902230.27,1880390.61,88240.14,成都,2,2026-04-18T08:23:00+08:00
SO-202605-002804,CUS-0072,B,2026-05-03T02:04:00+08:00,2026-05-08T02:04:00+08:00,shipped,CNY,23243.07,7260.67,418.38,天津,1,2026-05-24T02:04:00+08:00
SO-202508-002805,CUS-0046,B,2025-08-28T12:26:00+08:00,2025-09-02T12:26:00+08:00,confirmed,CNY,6573529.07,2624514.43,118323.52,青岛,5,2025-09-13T12:26:00+08:00
SO-202510-002806,CUS-0055,C,2025-10-11T02:08:00+08:00,2025-10-16T14:08:00+08:00,delivered,CNY,412115.07,145310.38,3296.92,上海,2,2025-11-16T02:08:00+08:00
SO-202509-002807,CUS-0106,A,2025-09-19T09:08:00+08:00,2025-09-21T09:08:00+08:00,shipped,CNY,516108.91,100725.14,18063.81,天津,1,2025-10-15T09:08:00+08:00
SO-202603-002808,CUS-0020,B,2026-03-14T23:39:00+08:00,2026-03-18T23:39:00+08:00,cancelled,CNY,1077190.77,469464.27,19389.43,宁波,1,2026-04-16T23:39:00+08:00
SO-202511-002809,CUS-0062,B,2025-11-27T05:13:00+08:00,2025-12-01T05:13:00+08:00,at_risk,CNY,1747324.36,457421.34,31451.84,苏州,1,2025-11-28T05:13:00+08:00
SO-202512-002810,CUS-0102,A,2025-12-21T01:04:00+08:00,2025-12-25T01:04:00+08:00,delivered,CNY,8129241.57,2628364.02,284523.46,青岛,3,2026-01-19T01:04:00+08:00
SO-202604-002811,CUS-0037,C,2026-04-20T20:55:00+08:00,2026-04-25T20:55:00+08:00,overdue,CNY,219938.12,57127.12,1759.5,杭州,1,2026-05-03T20:55:00+08:00
SO-202606-002812,CUS-0033,B,2026-06-07T10:52:00+08:00,2026-06-09T22:52:00+08:00,overdue,CNY,1150875.08,407275.58,20715.75,青岛,1,2026-06-15T08:00:00+08:00
SO-202510-002813,CUS-0081,B,2025-10-26T04:24:00+08:00,2025-10-28T16:24:00+08:00,shipped,CNY,569521.18,147477.72,10251.38,天津,2,2025-11-23T04:24:00+08:00
SO-202511-002814,CUS-0001,C,2025-11-23T22:14:00+08:00,2025-11-29T22:14:00+08:00,at_risk,CNY,2372848.32,841171.41,18982.79,苏州,2,2025-12-03T22:14:00+08:00
SO-202509-002815,CUS-0099,B,2025-09-19T03:50:00+08:00,2025-09-22T15:50:00+08:00,overdue,CNY,5109276.89,1318488.83,91966.98,武汉,2,2025-11-02T03:50:00+08:00
SO-202602-002816,CUS-0027,B,2026-02-26T21:29:00+08:00,2026-03-02T09:29:00+08:00,delivered,CNY,3242817.98,1298952.4,58370.72,合肥,3,2026-04-12T21:29:00+08:00
SO-202509-002817,CUS-0092,B,2025-09-18T06:48:00+08:00,2025-09-23T06:48:00+08:00,delivered,CNY,673939.61,274097.12,12130.91,苏州,4,2025-10-15T06:48:00+08:00
SO-202512-002818,CUS-0027,B,2025-12-04T18:57:00+08:00,2025-12-08T18:57:00+08:00,confirmed,CNY,4190850.5,1657056.32,75435.31,合肥,2,2025-12-05T18:57:00+08:00
SO-202605-002819,CUS-0064,C,2026-05-19T07:38:00+08:00,2026-05-24T07:38:00+08:00,confirmed,CNY,766423.37,278822.39,6131.39,东莞,3,2026-05-26T07:38:00+08:00
SO-202601-002820,CUS-0109,C,2026-01-21T09:47:00+08:00,2026-01-25T21:47:00+08:00,shipped,CNY,1119447.97,220561.25,8955.58,东莞,3,2026-01-28T09:47:00+08:00
SO-202603-002821,CUS-0057,C,2026-03-02T02:21:00+08:00,2026-03-09T02:21:00+08:00,delivered,CNY,11692498.17,5278052.47,93539.99,成都,5,2026-03-03T02:21:00+08:00
SO-202601-002822,CUS-0109,C,2026-01-20T20:57:00+08:00,2026-01-26T20:57:00+08:00,delivered,CNY,1462082.08,482471.02,11696.66,东莞,2,2026-02-07T20:57:00+08:00
SO-202605-002823,CUS-0016,C,2026-05-06T19:59:00+08:00,2026-05-12T07:59:00+08:00,delivered,CNY,3896287.48,1384250.86,31170.3,杭州,3,2026-06-15T08:00:00+08:00
SO-202602-002824,CUS-0105,C,2026-02-28T16:21:00+08:00,2026-03-05T16:21:00+08:00,shipped,CNY,52566.44,22665.8,420.53,成都,1,2026-03-07T16:21:00+08:00
SO-202606-002825,CUS-0061,B,2026-06-08T02:04:00+08:00,2026-06-12T02:04:00+08:00,shipped,CNY,11124051.37,4410932.43,200232.92,上海,4,2026-06-14T02:04:00+08:00
SO-202604-002826,CUS-0018,B,2026-04-11T09:11:00+08:00,2026-04-16T09:11:00+08:00,cancelled,CNY,37230.79,14745.21,670.15,宁波,1,2026-04-18T09:11:00+08:00
SO-202602-002827,CUS-0077,B,2026-02-23T07:15:00+08:00,2026-02-26T07:15:00+08:00,delivered,CNY,414993.47,152558.79,7469.88,东莞,2,2026-04-06T07:15:00+08:00
SO-202603-002828,CUS-0047,B,2026-03-31T19:44:00+08:00,2026-04-03T07:44:00+08:00,confirmed,CNY,3089667.91,1105419.14,55614.02,东莞,4,2026-05-02T19:44:00+08:00
SO-202510-002829,CUS-0052,C,2025-10-28T03:14:00+08:00,2025-11-03T03:14:00+08:00,at_risk,CNY,1322594.73,518660.35,10580.76,上海,2,2025-11-24T03:14:00+08:00
SO-202604-002830,CUS-0011,C,2026-04-17T02:31:00+08:00,2026-04-22T14:31:00+08:00,shipped,CNY,4756559.82,1745935.74,38052.48,青岛,3,2026-04-27T02:31:00+08:00
SO-202511-002831,CUS-0096,C,2025-11-02T15:53:00+08:00,2025-11-09T15:53:00+08:00,delivered,CNY,1823810.87,838918.46,14590.49,苏州,3,2025-11-26T15:53:00+08:00
SO-202508-002832,CUS-0078,B,2025-08-12T17:15:00+08:00,2025-08-15T05:15:00+08:00,delivered,CNY,2727647.22,1275368.02,49097.65,武汉,2,2025-08-18T17:15:00+08:00
SO-202507-002833,CUS-0114,B,2025-07-18T06:30:00+08:00,2025-07-23T06:30:00+08:00,delivered,CNY,2912872.73,564811.37,52431.71,苏州,2,2025-07-26T06:30:00+08:00
SO-202509-002834,CUS-0019,B,2025-09-25T13:11:00+08:00,2025-09-30T13:11:00+08:00,delivered,CNY,2391084.47,849642.59,43039.52,合肥,5,2025-10-18T13:11:00+08:00
SO-202605-002835,CUS-0066,A,2026-05-22T12:08:00+08:00,2026-05-24T00:08:00+08:00,delivered,CNY,1881727.82,802377.64,65860.47,青岛,4,2026-06-15T08:00:00+08:00
SO-202509-002836,CUS-0015,C,2025-09-19T19:59:00+08:00,2025-09-24T07:59:00+08:00,delivered,CNY,1022674.3,423682.73,8181.39,上海,5,2025-10-24T19:59:00+08:00
SO-202601-002837,CUS-0096,C,2026-01-25T05:04:00+08:00,2026-01-30T17:04:00+08:00,confirmed,CNY,712384.9,242689.06,5699.08,苏州,1,2026-02-10T05:04:00+08:00
SO-202511-002838,CUS-0070,A,2025-11-27T10:41:00+08:00,2025-12-01T10:41:00+08:00,delivered,CNY,1749406.38,695079.05,61229.22,苏州,4,2026-01-11T10:41:00+08:00
SO-202606-002839,CUS-0091,A,2026-06-03T11:37:00+08:00,2026-06-05T23:37:00+08:00,overdue,CNY,1494802.78,510458.58,52318.1,上海,1,2026-06-15T08:00:00+08:00
SO-202512-002840,CUS-0061,B,2025-12-26T13:29:00+08:00,2025-12-31T13:29:00+08:00,delivered,CNY,3434040.84,1208700.36,61812.74,上海,4,2026-01-20T13:29:00+08:00
SO-202605-002841,CUS-0065,A,2026-05-15T09:12:00+08:00,2026-05-16T21:12:00+08:00,confirmed,CNY,222524.07,89050.74,7788.34,宁波,1,2026-06-09T09:12:00+08:00
SO-202606-002842,CUS-0111,C,2026-06-01T08:20:00+08:00,2026-06-06T20:20:00+08:00,cancelled,CNY,950410.04,259911.67,7603.28,上海,5,2026-06-15T08:00:00+08:00
SO-202507-002843,CUS-0028,B,2025-07-13T07:00:00+08:00,2025-07-17T07:00:00+08:00,delivered,CNY,1924589.36,563345.73,34642.61,成都,3,2025-08-26T07:00:00+08:00
SO-202508-002844,CUS-0014,C,2025-08-07T10:46:00+08:00,2025-08-12T10:46:00+08:00,confirmed,CNY,5286170.42,1931071.61,42289.36,东莞,3,2025-08-11T10:46:00+08:00
SO-202601-002845,CUS-0093,A,2026-01-14T16:27:00+08:00,2026-01-16T16:27:00+08:00,confirmed,CNY,4785338.18,1636597.82,167486.84,武汉,5,2026-02-19T16:27:00+08:00
SO-202601-002846,CUS-0046,B,2026-01-08T07:56:00+08:00,2026-01-12T07:56:00+08:00,cancelled,CNY,916046.75,275739.15,16488.84,青岛,2,2026-01-12T07:56:00+08:00
SO-202604-002847,CUS-0106,A,2026-04-13T04:53:00+08:00,2026-04-17T04:53:00+08:00,overdue,CNY,3684089.18,1372541.95,128943.12,天津,3,2026-05-23T04:53:00+08:00
SO-202605-002848,CUS-0086,B,2026-05-06T03:51:00+08:00,2026-05-11T03:51:00+08:00,delivered,CNY,1672088.35,690202.46,30097.59,青岛,5,2026-06-12T03:51:00+08:00
SO-202604-002849,CUS-0098,C,2026-04-15T01:52:00+08:00,2026-04-19T13:52:00+08:00,delivered,CNY,2558670.38,1099629.85,20469.36,青岛,4,2026-04-17T01:52:00+08:00
SO-202508-002850,CUS-0015,C,2025-08-16T14:22:00+08:00,2025-08-21T02:22:00+08:00,overdue,CNY,3370065.62,934227.51,26960.52,上海,3,2025-09-16T14:22:00+08:00
SO-202510-002851,CUS-0092,B,2025-10-08T17:46:00+08:00,2025-10-12T17:46:00+08:00,confirmed,CNY,6158392.38,2378750.89,110851.06,苏州,5,2025-11-12T17:46:00+08:00
SO-202507-002852,CUS-0072,B,2025-07-29T19:59:00+08:00,2025-08-03T19:59:00+08:00,shipped,CNY,2775823.4,1099595.14,49964.82,天津,5,2025-08-01T19:59:00+08:00
SO-202507-002853,CUS-0033,B,2025-07-17T01:49:00+08:00,2025-07-22T01:49:00+08:00,delivered,CNY,2407256.15,994602.26,43330.61,青岛,3,2025-07-18T01:49:00+08:00
SO-202604-002854,CUS-0076,B,2026-04-09T22:05:00+08:00,2026-04-12T10:05:00+08:00,delivered,CNY,5465402.86,2316159.7,98377.25,杭州,4,2026-05-14T22:05:00+08:00
SO-202603-002855,CUS-0045,B,2026-03-01T20:00:00+08:00,2026-03-04T20:00:00+08:00,shipped,CNY,1909093.72,704936.24,34363.69,成都,2,2026-04-05T20:00:00+08:00
SO-202511-002856,CUS-0095,B,2025-11-26T22:16:00+08:00,2025-11-30T10:16:00+08:00,delivered,CNY,3077808.27,926980.55,55400.55,苏州,5,2026-01-03T22:16:00+08:00
SO-202508-002857,CUS-0069,A,2025-08-23T13:11:00+08:00,2025-08-26T13:11:00+08:00,shipped,CNY,5947849.39,2508261.83,208174.73,宁波,3,2025-10-04T13:11:00+08:00
SO-202604-002858,CUS-0021,B,2026-04-18T09:34:00+08:00,2026-04-20T21:34:00+08:00,confirmed,CNY,25936.44,11876.8,466.86,成都,1,2026-05-25T09:34:00+08:00
SO-202604-002859,CUS-0065,A,2026-04-12T07:41:00+08:00,2026-04-16T07:41:00+08:00,confirmed,CNY,416250.68,162495.04,14568.77,宁波,2,2026-05-08T07:41:00+08:00
SO-202511-002860,CUS-0041,B,2025-11-29T12:49:00+08:00,2025-12-02T12:49:00+08:00,delivered,CNY,7222559.31,2363831.32,130006.07,成都,5,2026-01-09T12:49:00+08:00
SO-202602-002861,CUS-0032,A,2026-02-21T16:40:00+08:00,2026-02-23T04:40:00+08:00,confirmed,CNY,185718.17,45035.21,6500.14,苏州,1,2026-04-03T16:40:00+08:00
SO-202602-002862,CUS-0115,C,2026-02-01T18:31:00+08:00,2026-02-06T06:31:00+08:00,delivered,CNY,2898327.98,1169163.41,23186.62,东莞,3,2026-02-02T18:31:00+08:00
SO-202606-002863,CUS-0093,A,2026-06-02T20:26:00+08:00,2026-06-04T20:26:00+08:00,delivered,CNY,2929710.5,1155690.84,102539.87,武汉,2,2026-06-15T08:00:00+08:00
SO-202511-002864,CUS-0070,A,2025-11-03T18:17:00+08:00,2025-11-07T18:17:00+08:00,delivered,CNY,7731258.47,2847003.57,270594.05,苏州,4,2025-12-10T18:17:00+08:00
SO-202604-002865,CUS-0075,C,2026-04-14T00:19:00+08:00,2026-04-20T00:19:00+08:00,overdue,CNY,2787728.27,1195383.63,22301.83,成都,5,2026-04-14T00:19:00+08:00
SO-202511-002866,CUS-0093,A,2025-11-23T04:40:00+08:00,2025-11-26T04:40:00+08:00,shipped,CNY,1270858.42,491333.94,44480.04,武汉,1,2025-12-15T04:40:00+08:00
SO-202606-002867,CUS-0073,C,2026-06-13T03:53:00+08:00,2026-06-17T15:53:00+08:00,at_risk,CNY,2263475.75,653227.55,18107.81,成都,1,2026-06-15T08:00:00+08:00
SO-202605-002868,CUS-0003,A,2026-05-12T23:02:00+08:00,2026-05-15T11:02:00+08:00,confirmed,CNY,6867569.28,3268983.81,240364.92,杭州,4,2026-06-15T08:00:00+08:00
SO-202511-002869,CUS-0065,A,2025-11-05T00:45:00+08:00,2025-11-07T12:45:00+08:00,delivered,CNY,2045363.45,885948.65,71587.72,宁波,2,2025-12-01T00:45:00+08:00
SO-202605-002870,CUS-0109,C,2026-05-20T07:09:00+08:00,2026-05-26T07:09:00+08:00,at_risk,CNY,5743376.82,2326523.98,45947.01,东莞,1,2026-06-15T08:00:00+08:00
SO-202510-002871,CUS-0030,B,2025-10-30T05:01:00+08:00,2025-11-02T17:01:00+08:00,delivered,CNY,1360772.07,329143.91,24493.9,上海,3,2025-12-08T05:01:00+08:00
SO-202603-002872,CUS-0095,B,2026-03-09T05:24:00+08:00,2026-03-11T17:24:00+08:00,delivered,CNY,3999679.73,1861953.52,71994.24,苏州,3,2026-04-23T05:24:00+08:00
SO-202507-002873,CUS-0023,A,2025-07-18T18:26:00+08:00,2025-07-20T06:26:00+08:00,delivered,CNY,3357484.69,1113323.97,117511.96,青岛,4,2025-08-19T18:26:00+08:00
SO-202601-002874,CUS-0080,B,2026-01-24T14:17:00+08:00,2026-01-28T02:17:00+08:00,shipped,CNY,2896779.16,1014072.68,52142.02,武汉,5,2026-02-24T14:17:00+08:00
SO-202512-002875,CUS-0018,B,2025-12-14T17:03:00+08:00,2025-12-17T17:03:00+08:00,delivered,CNY,9865725.06,3797164.93,177583.05,宁波,4,2025-12-18T17:03:00+08:00
SO-202508-002876,CUS-0071,C,2025-08-25T14:04:00+08:00,2025-09-01T14:04:00+08:00,shipped,CNY,5960445.58,2672973.59,47683.56,杭州,3,2025-09-09T14:04:00+08:00
SO-202603-002877,CUS-0119,B,2026-03-29T13:59:00+08:00,2026-04-01T13:59:00+08:00,confirmed,CNY,1487289.1,367454.46,26771.2,苏州,1,2026-04-11T13:59:00+08:00
SO-202511-002878,CUS-0048,A,2025-11-18T23:10:00+08:00,2025-11-21T11:10:00+08:00,confirmed,CNY,5749816.2,2193174.91,201243.57,上海,4,2025-12-07T23:10:00+08:00
SO-202606-002879,CUS-0007,B,2026-06-13T07:34:00+08:00,2026-06-16T19:34:00+08:00,delivered,CNY,10432963.72,3773748.03,187793.35,武汉,5,2026-06-15T08:00:00+08:00
SO-202606-002880,CUS-0050,B,2026-06-02T01:13:00+08:00,2026-06-05T13:13:00+08:00,delivered,CNY,6165329.93,2356904.83,110975.94,上海,4,2026-06-15T08:00:00+08:00
SO-202510-002881,CUS-0056,B,2025-10-26T19:16:00+08:00,2025-10-29T19:16:00+08:00,shipped,CNY,2698366.17,1067221.83,48570.59,成都,1,2025-11-22T19:16:00+08:00
SO-202601-002882,CUS-0045,B,2026-01-08T04:21:00+08:00,2026-01-11T04:21:00+08:00,cancelled,CNY,2719729.26,1228434.08,48955.13,成都,2,2026-01-19T04:21:00+08:00
SO-202511-002883,CUS-0116,C,2025-11-23T12:27:00+08:00,2025-11-28T00:27:00+08:00,confirmed,CNY,8649920.05,2824742.36,69199.36,合肥,5,2025-12-08T12:27:00+08:00
SO-202605-002884,CUS-0029,B,2026-05-30T11:51:00+08:00,2026-06-01T23:51:00+08:00,at_risk,CNY,10039053.7,3272887.37,180702.97,武汉,3,2026-06-02T11:51:00+08:00
SO-202511-002885,CUS-0037,C,2025-11-08T15:39:00+08:00,2025-11-14T15:39:00+08:00,shipped,CNY,3193641.51,1118743.11,25549.13,杭州,4,2025-12-16T15:39:00+08:00
SO-202606-002886,CUS-0100,B,2026-06-12T03:52:00+08:00,2026-06-14T15:52:00+08:00,shipped,CNY,6504747.45,2107499.61,117085.45,成都,5,2026-06-15T08:00:00+08:00
SO-202603-002887,CUS-0009,C,2026-03-25T07:32:00+08:00,2026-03-29T19:32:00+08:00,shipped,CNY,6516196.92,2609843.0,52129.58,东莞,3,2026-04-26T07:32:00+08:00
SO-202606-002888,CUS-0098,C,2026-06-03T05:12:00+08:00,2026-06-09T05:12:00+08:00,overdue,CNY,161687.9,68533.73,1293.5,青岛,2,2026-06-05T05:12:00+08:00
SO-202603-002889,CUS-0107,B,2026-03-22T17:43:00+08:00,2026-03-27T17:43:00+08:00,delivered,CNY,233289.01,92345.31,4199.2,成都,2,2026-04-15T17:43:00+08:00
SO-202601-002890,CUS-0112,C,2026-01-25T11:12:00+08:00,2026-02-01T11:12:00+08:00,shipped,CNY,838412.62,409619.5,6707.3,宁波,1,2026-01-28T11:12:00+08:00
SO-202509-002891,CUS-0081,B,2025-09-10T22:22:00+08:00,2025-09-15T22:22:00+08:00,overdue,CNY,5635230.26,2738052.8,101434.14,天津,3,2025-10-24T22:22:00+08:00
SO-202509-002892,CUS-0064,C,2025-09-10T04:30:00+08:00,2025-09-14T16:30:00+08:00,delivered,CNY,13242799.01,4426689.18,105942.39,东莞,5,2025-09-15T04:30:00+08:00
SO-202604-002893,CUS-0038,C,2026-04-20T00:19:00+08:00,2026-04-25T00:19:00+08:00,delivered,CNY,3672247.52,941408.92,29377.98,宁波,5,2026-05-05T00:19:00+08:00
SO-202512-002894,CUS-0039,B,2025-12-06T01:31:00+08:00,2025-12-10T01:31:00+08:00,delivered,CNY,1863000.01,735156.35,33534.0,武汉,3,2025-12-13T01:31:00+08:00
SO-202604-002895,CUS-0061,B,2026-04-26T17:54:00+08:00,2026-04-30T05:54:00+08:00,delivered,CNY,2499053.31,820031.47,44982.96,上海,5,2026-06-05T17:54:00+08:00
SO-202602-002896,CUS-0002,B,2026-02-17T07:13:00+08:00,2026-02-22T07:13:00+08:00,delivered,CNY,1218254.8,389305.86,21928.59,杭州,1,2026-02-26T07:13:00+08:00
SO-202603-002897,CUS-0074,C,2026-03-22T14:15:00+08:00,2026-03-28T02:15:00+08:00,delivered,CNY,32739.86,4675.36,261.92,苏州,1,2026-03-29T14:15:00+08:00
SO-202606-002898,CUS-0026,B,2026-06-04T09:17:00+08:00,2026-06-08T09:17:00+08:00,confirmed,CNY,6010935.55,1940659.75,108196.84,天津,5,2026-06-15T08:00:00+08:00
SO-202510-002899,CUS-0110,B,2025-10-19T04:15:00+08:00,2025-10-24T04:15:00+08:00,shipped,CNY,6205658.96,2443977.38,111701.86,成都,4,2025-11-03T04:15:00+08:00
SO-202603-002900,CUS-0011,C,2026-03-03T06:48:00+08:00,2026-03-09T06:48:00+08:00,delivered,CNY,7112845.87,3198824.45,56902.77,青岛,5,2026-03-08T06:48:00+08:00
SO-202507-002901,CUS-0049,C,2025-07-15T12:15:00+08:00,2025-07-22T12:15:00+08:00,delivered,CNY,3019192.98,1305994.84,24153.54,东莞,4,2025-08-17T12:15:00+08:00
SO-202512-002902,CUS-0051,C,2025-12-16T17:30:00+08:00,2025-12-23T17:30:00+08:00,shipped,CNY,5153493.32,2056949.93,41227.95,武汉,4,2025-12-16T17:30:00+08:00
SO-202509-002903,CUS-0066,A,2025-09-05T15:51:00+08:00,2025-09-09T15:51:00+08:00,shipped,CNY,3973670.69,1282181.33,139078.47,青岛,4,2025-10-02T15:51:00+08:00
SO-202510-002904,CUS-0089,B,2025-10-15T04:27:00+08:00,2025-10-17T16:27:00+08:00,shipped,CNY,2778966.99,1006251.21,50021.41,宁波,3,2025-11-27T04:27:00+08:00
SO-202603-002905,CUS-0042,A,2026-03-25T18:25:00+08:00,2026-03-27T06:25:00+08:00,cancelled,CNY,6687155.93,2857986.38,234050.46,东莞,3,2026-04-16T18:25:00+08:00
SO-202507-002906,CUS-0098,C,2025-07-13T21:19:00+08:00,2025-07-20T21:19:00+08:00,delivered,CNY,4958832.71,1790836.34,39670.66,青岛,2,2025-07-30T21:19:00+08:00
SO-202603-002907,CUS-0054,C,2026-03-23T08:39:00+08:00,2026-03-27T20:39:00+08:00,delivered,CNY,10141285.44,4599617.11,81130.28,青岛,3,2026-03-31T08:39:00+08:00
SO-202605-002908,CUS-0032,A,2026-05-22T05:34:00+08:00,2026-05-26T05:34:00+08:00,delivered,CNY,5438025.4,2121392.86,190330.89,苏州,4,2026-06-15T08:00:00+08:00
SO-202601-002909,CUS-0031,C,2026-01-17T08:15:00+08:00,2026-01-23T08:15:00+08:00,shipped,CNY,4964941.69,2283719.07,39719.53,青岛,2,2026-01-23T08:15:00+08:00
SO-202509-002910,CUS-0016,C,2025-09-01T16:40:00+08:00,2025-09-08T16:40:00+08:00,at_risk,CNY,4548215.46,2198655.94,36385.72,杭州,2,2025-09-10T16:40:00+08:00
SO-202509-002911,CUS-0024,B,2025-09-18T09:54:00+08:00,2025-09-20T21:54:00+08:00,delivered,CNY,946382.28,262460.67,17034.88,合肥,3,2025-09-29T09:54:00+08:00
SO-202602-002912,CUS-0054,C,2026-02-08T18:00:00+08:00,2026-02-13T06:00:00+08:00,at_risk,CNY,7732599.42,2448736.5,61860.8,青岛,3,2026-03-25T18:00:00+08:00
SO-202605-002913,CUS-0084,C,2026-05-04T13:34:00+08:00,2026-05-10T13:34:00+08:00,at_risk,CNY,5439927.21,1856796.3,43519.42,合肥,5,2026-05-08T13:34:00+08:00
SO-202604-002914,CUS-0038,C,2026-04-07T23:32:00+08:00,2026-04-14T23:32:00+08:00,delivered,CNY,2209364.94,633539.31,17674.92,宁波,5,2026-05-06T23:32:00+08:00
SO-202512-002915,CUS-0091,A,2025-12-18T10:56:00+08:00,2025-12-20T22:56:00+08:00,shipped,CNY,2322199.22,822224.86,81276.97,上海,4,2025-12-21T10:56:00+08:00
SO-202511-002916,CUS-0011,C,2025-11-14T22:28:00+08:00,2025-11-21T22:28:00+08:00,at_risk,CNY,2140227.45,725047.49,17121.82,青岛,4,2025-11-14T22:28:00+08:00
SO-202509-002917,CUS-0090,B,2025-09-27T05:40:00+08:00,2025-10-02T05:40:00+08:00,overdue,CNY,6041902.81,2573292.68,108754.25,天津,2,2025-10-01T05:40:00+08:00
SO-202509-002918,CUS-0003,A,2025-09-17T15:00:00+08:00,2025-09-20T15:00:00+08:00,delivered,CNY,1675064.04,585890.71,58627.24,杭州,4,2025-10-11T15:00:00+08:00
SO-202605-002919,CUS-0070,A,2026-05-14T04:16:00+08:00,2026-05-16T16:16:00+08:00,shipped,CNY,543259.95,179833.03,19014.1,苏州,3,2026-06-02T04:16:00+08:00
SO-202603-002920,CUS-0109,C,2026-03-29T19:29:00+08:00,2026-04-03T19:29:00+08:00,delivered,CNY,546082.05,206965.39,4368.66,东莞,4,2026-04-25T19:29:00+08:00
SO-202603-002921,CUS-0052,C,2026-03-27T08:06:00+08:00,2026-04-01T20:06:00+08:00,at_risk,CNY,1499529.14,723303.97,11996.23,上海,1,2026-04-01T08:06:00+08:00
SO-202512-002922,CUS-0088,A,2025-12-31T00:51:00+08:00,2026-01-04T00:51:00+08:00,at_risk,CNY,1596394.77,592149.43,55873.82,武汉,1,2026-01-20T00:51:00+08:00
SO-202509-002923,CUS-0071,C,2025-09-01T00:31:00+08:00,2025-09-05T12:31:00+08:00,delivered,CNY,435953.44,159892.49,3487.63,杭州,3,2025-10-02T00:31:00+08:00
SO-202601-002924,CUS-0097,B,2026-01-20T12:05:00+08:00,2026-01-24T00:05:00+08:00,at_risk,CNY,2532649.87,712857.56,45587.7,杭州,3,2026-02-22T12:05:00+08:00
SO-202606-002925,CUS-0075,C,2026-06-02T00:29:00+08:00,2026-06-06T12:29:00+08:00,delivered,CNY,7956413.19,2931640.93,63651.31,成都,5,2026-06-15T08:00:00+08:00
SO-202601-002926,CUS-0031,C,2026-01-07T11:34:00+08:00,2026-01-12T23:34:00+08:00,delivered,CNY,6849107.26,3188849.89,54792.86,青岛,5,2026-02-20T11:34:00+08:00
SO-202506-002927,CUS-0049,C,2025-06-20T19:48:00+08:00,2025-06-25T07:48:00+08:00,shipped,CNY,6008481.06,2076417.36,48067.85,东莞,5,2025-07-01T19:48:00+08:00
SO-202603-002928,CUS-0038,C,2026-03-12T08:38:00+08:00,2026-03-17T08:38:00+08:00,shipped,CNY,852074.09,212295.71,6816.59,宁波,2,2026-03-18T08:38:00+08:00
SO-202508-002929,CUS-0119,B,2025-08-21T02:37:00+08:00,2025-08-24T02:37:00+08:00,delivered,CNY,2078910.8,641818.02,37420.39,苏州,2,2025-09-23T02:37:00+08:00
SO-202605-002930,CUS-0106,A,2026-05-31T06:12:00+08:00,2026-06-01T18:12:00+08:00,delivered,CNY,6348098.05,2563035.59,222183.43,天津,4,2026-06-03T06:12:00+08:00
SO-202508-002931,CUS-0003,A,2025-08-25T09:25:00+08:00,2025-08-28T09:25:00+08:00,cancelled,CNY,10963520.99,4401116.76,383723.23,杭州,4,2025-09-28T09:25:00+08:00
SO-202510-002932,CUS-0034,A,2025-10-30T03:22:00+08:00,2025-10-31T15:22:00+08:00,delivered,CNY,2449871.39,963574.8,85745.5,天津,4,2025-11-07T03:22:00+08:00
SO-202604-002933,CUS-0050,B,2026-04-24T19:27:00+08:00,2026-04-28T07:27:00+08:00,shipped,CNY,3216554.4,1061087.22,57897.98,上海,2,2026-06-01T19:27:00+08:00
SO-202604-002934,CUS-0029,B,2026-04-12T12:20:00+08:00,2026-04-16T00:20:00+08:00,delivered,CNY,5663898.98,2144671.29,101950.18,武汉,3,2026-04-29T12:20:00+08:00
SO-202605-002935,CUS-0061,B,2026-05-23T04:35:00+08:00,2026-05-26T04:35:00+08:00,overdue,CNY,3713024.34,1374921.96,66834.44,上海,1,2026-06-12T04:35:00+08:00
SO-202603-002936,CUS-0109,C,2026-03-16T05:14:00+08:00,2026-03-21T05:14:00+08:00,delivered,CNY,7800103.38,3050332.44,62400.83,东莞,4,2026-03-16T05:14:00+08:00
SO-202606-002937,CUS-0055,C,2026-06-14T16:45:00+08:00,2026-06-19T16:45:00+08:00,cancelled,CNY,6126987.79,1821667.61,49015.9,上海,4,2026-06-15T08:00:00+08:00
SO-202511-002938,CUS-0111,C,2025-11-12T04:18:00+08:00,2025-11-18T04:18:00+08:00,delivered,CNY,1737830.49,789488.46,13902.64,上海,3,2025-12-02T04:18:00+08:00
SO-202512-002939,CUS-0106,A,2025-12-10T19:49:00+08:00,2025-12-13T19:49:00+08:00,at_risk,CNY,6552965.9,2875305.01,229353.81,天津,4,2026-01-07T19:49:00+08:00
SO-202603-002940,CUS-0095,B,2026-03-25T15:49:00+08:00,2026-03-29T15:49:00+08:00,shipped,CNY,4416025.86,1867619.87,79488.47,苏州,3,2026-04-15T15:49:00+08:00
SO-202509-002941,CUS-0072,B,2025-09-10T17:26:00+08:00,2025-09-14T05:26:00+08:00,confirmed,CNY,118423.92,58429.38,2131.63,天津,1,2025-10-11T17:26:00+08:00
SO-202605-002942,CUS-0029,B,2026-05-06T07:18:00+08:00,2026-05-09T07:18:00+08:00,delivered,CNY,1087412.4,368878.24,19573.42,武汉,2,2026-06-15T08:00:00+08:00
SO-202603-002943,CUS-0062,B,2026-03-17T03:02:00+08:00,2026-03-22T03:02:00+08:00,cancelled,CNY,1882761.09,753362.69,33889.7,苏州,2,2026-04-06T03:02:00+08:00
SO-202508-002944,CUS-0061,B,2025-08-22T02:12:00+08:00,2025-08-26T02:12:00+08:00,confirmed,CNY,988292.74,406457.56,17789.27,上海,2,2025-08-30T02:12:00+08:00
SO-202602-002945,CUS-0081,B,2026-02-16T06:17:00+08:00,2026-02-19T06:17:00+08:00,delivered,CNY,228324.96,84886.6,4109.85,天津,3,2026-03-06T06:17:00+08:00
SO-202601-002946,CUS-0079,C,2026-01-24T14:22:00+08:00,2026-01-29T14:22:00+08:00,confirmed,CNY,1192472.68,556723.95,9539.78,东莞,1,2026-02-15T14:22:00+08:00
SO-202604-002947,CUS-0015,C,2026-04-17T05:58:00+08:00,2026-04-22T05:58:00+08:00,delivered,CNY,711022.3,243004.36,5688.18,上海,2,2026-05-27T05:58:00+08:00
SO-202511-002948,CUS-0103,B,2025-11-23T11:20:00+08:00,2025-11-28T11:20:00+08:00,at_risk,CNY,3706899.42,1535008.56,66724.19,宁波,5,2025-11-23T11:20:00+08:00
SO-202510-002949,CUS-0112,C,2025-10-17T02:04:00+08:00,2025-10-22T02:04:00+08:00,delivered,CNY,1759771.57,735995.13,14078.17,宁波,4,2025-10-30T02:04:00+08:00
SO-202511-002950,CUS-0077,B,2025-11-26T06:29:00+08:00,2025-11-30T06:29:00+08:00,at_risk,CNY,2444651.56,927851.2,44003.73,东莞,3,2025-12-31T06:29:00+08:00
SO-202602-002951,CUS-0046,B,2026-02-05T17:35:00+08:00,2026-02-09T17:35:00+08:00,delivered,CNY,2180759.44,866583.99,39253.67,青岛,2,2026-03-22T17:35:00+08:00
SO-202508-002952,CUS-0053,B,2025-08-16T13:02:00+08:00,2025-08-20T13:02:00+08:00,shipped,CNY,5094020.77,1714318.4,91692.37,成都,4,2025-09-10T13:02:00+08:00
SO-202601-002953,CUS-0037,C,2026-01-18T18:48:00+08:00,2026-01-24T18:48:00+08:00,cancelled,CNY,2663643.28,948014.28,21309.15,杭州,5,2026-02-08T18:48:00+08:00
SO-202506-002954,CUS-0086,B,2025-06-18T18:42:00+08:00,2025-06-22T06:42:00+08:00,delivered,CNY,331257.89,66818.55,5962.64,青岛,1,2025-07-14T18:42:00+08:00
SO-202601-002955,CUS-0019,B,2026-01-08T13:32:00+08:00,2026-01-11T13:32:00+08:00,confirmed,CNY,1195019.68,476052.88,21510.35,合肥,2,2026-01-24T13:32:00+08:00
SO-202604-002956,CUS-0089,B,2026-04-25T17:49:00+08:00,2026-04-29T05:49:00+08:00,shipped,CNY,2174919.24,575994.32,39148.55,宁波,1,2026-06-07T17:49:00+08:00
SO-202603-002957,CUS-0083,B,2026-03-05T18:59:00+08:00,2026-03-10T18:59:00+08:00,confirmed,CNY,4525323.79,1712186.19,81455.83,苏州,2,2026-03-17T18:59:00+08:00
SO-202508-002958,CUS-0072,B,2025-08-24T03:38:00+08:00,2025-08-29T03:38:00+08:00,delivered,CNY,248572.69,59852.97,4474.31,天津,1,2025-09-13T03:38:00+08:00
SO-202507-002959,CUS-0079,C,2025-07-20T06:46:00+08:00,2025-07-25T06:46:00+08:00,delivered,CNY,5890146.81,1987632.13,47121.17,东莞,4,2025-08-16T06:46:00+08:00
SO-202604-002960,CUS-0083,B,2026-04-05T22:19:00+08:00,2026-04-08T10:19:00+08:00,confirmed,CNY,3544085.28,1219789.64,63793.54,苏州,4,2026-05-14T22:19:00+08:00
SO-202605-002961,CUS-0030,B,2026-05-06T04:15:00+08:00,2026-05-09T04:15:00+08:00,shipped,CNY,2058788.2,527725.39,37058.19,上海,2,2026-05-09T04:15:00+08:00
SO-202510-002962,CUS-0096,C,2025-10-16T04:56:00+08:00,2025-10-23T04:56:00+08:00,delivered,CNY,3946241.32,1177095.88,31569.93,苏州,5,2025-11-13T04:56:00+08:00
SO-202604-002963,CUS-0015,C,2026-04-22T23:57:00+08:00,2026-04-28T11:57:00+08:00,delivered,CNY,4140733.31,1686232.9,33125.87,上海,5,2026-05-05T23:57:00+08:00
SO-202603-002964,CUS-0029,B,2026-03-31T18:30:00+08:00,2026-04-03T18:30:00+08:00,delivered,CNY,78090.79,15295.26,1405.63,武汉,2,2026-05-11T18:30:00+08:00
SO-202511-002965,CUS-0103,B,2025-11-07T03:41:00+08:00,2025-11-12T03:41:00+08:00,delivered,CNY,1568167.96,701672.07,28227.02,宁波,3,2025-12-08T03:41:00+08:00
SO-202511-002966,CUS-0008,A,2025-11-10T06:55:00+08:00,2025-11-12T18:55:00+08:00,delivered,CNY,777861.72,356249.32,27225.16,青岛,1,2025-12-07T06:55:00+08:00
SO-202603-002967,CUS-0068,A,2026-03-29T20:35:00+08:00,2026-03-31T20:35:00+08:00,shipped,CNY,2526146.84,908292.67,88415.14,成都,2,2026-05-05T20:35:00+08:00
SO-202605-002968,CUS-0112,C,2026-05-27T22:22:00+08:00,2026-06-03T22:22:00+08:00,overdue,CNY,49871.13,10247.93,398.97,宁波,2,2026-06-05T22:22:00+08:00
SO-202507-002969,CUS-0102,A,2025-07-29T03:16:00+08:00,2025-08-01T03:16:00+08:00,delivered,CNY,87696.56,26640.24,3069.38,青岛,1,2025-09-09T03:16:00+08:00
SO-202511-002970,CUS-0027,B,2025-11-16T09:03:00+08:00,2025-11-18T21:03:00+08:00,delivered,CNY,1682036.52,644477.44,30276.66,合肥,2,2025-12-27T09:03:00+08:00
SO-202510-002971,CUS-0089,B,2025-10-25T15:07:00+08:00,2025-10-30T15:07:00+08:00,delivered,CNY,1070333.84,422159.72,19266.01,宁波,2,2025-11-29T15:07:00+08:00
SO-202601-002972,CUS-0033,B,2026-01-07T12:11:00+08:00,2026-01-10T00:11:00+08:00,confirmed,CNY,798091.15,355990.32,14365.64,青岛,3,2026-01-29T12:11:00+08:00
SO-202605-002973,CUS-0073,C,2026-05-29T06:35:00+08:00,2026-06-04T06:35:00+08:00,shipped,CNY,647227.39,317990.98,5177.82,成都,1,2026-06-15T08:00:00+08:00
SO-202511-002974,CUS-0112,C,2025-11-15T10:40:00+08:00,2025-11-22T10:40:00+08:00,shipped,CNY,5869317.29,1692179.46,46954.54,宁波,5,2025-12-22T10:40:00+08:00
SO-202605-002975,CUS-0063,B,2026-05-02T04:14:00+08:00,2026-05-05T04:14:00+08:00,shipped,CNY,5246829.79,2155373.09,94442.94,杭州,4,2026-05-03T04:14:00+08:00
SO-202605-002976,CUS-0057,C,2026-05-10T10:44:00+08:00,2026-05-14T22:44:00+08:00,shipped,CNY,6779253.19,2941004.88,54234.03,成都,4,2026-06-15T08:00:00+08:00
SO-202509-002977,CUS-0018,B,2025-09-30T17:41:00+08:00,2025-10-03T05:41:00+08:00,shipped,CNY,1954400.56,446901.04,35179.21,宁波,2,2025-11-03T17:41:00+08:00
SO-202511-002978,CUS-0078,B,2025-11-15T09:08:00+08:00,2025-11-18T09:08:00+08:00,confirmed,CNY,5283495.59,1620676.85,95102.92,武汉,2,2025-12-01T09:08:00+08:00
SO-202512-002979,CUS-0118,C,2025-12-01T17:22:00+08:00,2025-12-07T05:22:00+08:00,shipped,CNY,1500430.16,497169.44,12003.44,上海,2,2025-12-26T17:22:00+08:00
SO-202509-002980,CUS-0103,B,2025-09-06T06:11:00+08:00,2025-09-09T06:11:00+08:00,shipped,CNY,4079628.31,1567211.89,73433.31,宁波,4,2025-10-07T06:11:00+08:00
SO-202509-002981,CUS-0085,B,2025-09-14T14:30:00+08:00,2025-09-18T02:30:00+08:00,delivered,CNY,1578449.46,593522.51,28412.09,青岛,1,2025-10-07T14:30:00+08:00
SO-202605-002982,CUS-0074,C,2026-05-14T13:58:00+08:00,2026-05-19T13:58:00+08:00,delivered,CNY,6697412.96,2872151.35,53579.3,苏州,4,2026-06-05T13:58:00+08:00
SO-202604-002983,CUS-0031,C,2026-04-19T18:23:00+08:00,2026-04-25T06:23:00+08:00,at_risk,CNY,512306.87,194448.87,4098.45,青岛,1,2026-05-26T18:23:00+08:00
SO-202512-002984,CUS-0013,B,2025-12-04T23:26:00+08:00,2025-12-07T11:26:00+08:00,delivered,CNY,1991161.26,790319.76,35840.9,成都,4,2025-12-27T23:26:00+08:00
SO-202606-002985,CUS-0011,C,2026-06-10T10:04:00+08:00,2026-06-14T22:04:00+08:00,shipped,CNY,977064.71,409433.57,7816.52,青岛,1,2026-06-12T10:04:00+08:00
SO-202510-002986,CUS-0040,C,2025-10-23T23:24:00+08:00,2025-10-29T23:24:00+08:00,confirmed,CNY,2216019.49,802499.55,17728.16,合肥,4,2025-11-23T23:24:00+08:00
SO-202512-002987,CUS-0034,A,2025-12-10T18:38:00+08:00,2025-12-13T18:38:00+08:00,at_risk,CNY,3394397.59,1088448.89,118803.92,天津,3,2025-12-13T18:38:00+08:00
SO-202506-002988,CUS-0044,B,2025-06-19T03:18:00+08:00,2025-06-23T03:18:00+08:00,delivered,CNY,1798404.17,676150.3,32371.28,宁波,4,2025-06-23T03:18:00+08:00
SO-202510-002989,CUS-0087,B,2025-10-16T17:57:00+08:00,2025-10-20T17:57:00+08:00,shipped,CNY,1203551.39,513749.11,21663.93,天津,4,2025-11-28T17:57:00+08:00
SO-202605-002990,CUS-0024,B,2026-05-08T11:12:00+08:00,2026-05-12T11:12:00+08:00,cancelled,CNY,1751166.21,668882.01,31520.99,合肥,4,2026-05-19T11:12:00+08:00
SO-202509-002991,CUS-0060,B,2025-09-15T04:44:00+08:00,2025-09-19T04:44:00+08:00,confirmed,CNY,7151404.56,2574368.32,128725.28,上海,3,2025-10-28T04:44:00+08:00
SO-202603-002992,CUS-0028,B,2026-03-11T16:13:00+08:00,2026-03-14T16:13:00+08:00,overdue,CNY,662807.01,258034.93,11930.53,成都,2,2026-03-26T16:13:00+08:00
SO-202508-002993,CUS-0092,B,2025-08-01T17:54:00+08:00,2025-08-04T05:54:00+08:00,at_risk,CNY,2163775.08,520699.24,38947.95,苏州,1,2025-09-13T17:54:00+08:00
SO-202507-002994,CUS-0013,B,2025-07-13T03:22:00+08:00,2025-07-15T15:22:00+08:00,shipped,CNY,598466.83,182369.77,10772.4,成都,2,2025-08-22T03:22:00+08:00
SO-202509-002995,CUS-0044,B,2025-09-16T15:45:00+08:00,2025-09-21T15:45:00+08:00,confirmed,CNY,1748664.28,656435.9,31475.96,宁波,2,2025-10-13T15:45:00+08:00
SO-202512-002996,CUS-0045,B,2025-12-21T23:04:00+08:00,2025-12-24T11:04:00+08:00,delivered,CNY,3301558.27,1433143.98,59428.05,成都,3,2026-01-12T23:04:00+08:00
SO-202508-002997,CUS-0105,C,2025-08-27T19:48:00+08:00,2025-09-02T19:48:00+08:00,delivered,CNY,8277756.84,2138928.97,66222.05,成都,5,2025-10-11T19:48:00+08:00
SO-202512-002998,CUS-0112,C,2025-12-21T00:22:00+08:00,2025-12-26T00:22:00+08:00,shipped,CNY,3604088.15,1273641.8,28832.71,宁波,4,2026-01-05T00:22:00+08:00
SO-202508-002999,CUS-0111,C,2025-08-18T08:29:00+08:00,2025-08-23T20:29:00+08:00,delivered,CNY,8907423.92,4088815.47,71259.39,上海,4,2025-08-28T08:29:00+08:00
SO-202511-003000,CUS-0032,A,2025-11-25T20:45:00+08:00,2025-11-27T08:45:00+08:00,cancelled,CNY,4594600.56,1788319.76,160811.02,苏州,3,2025-12-16T20:45:00+08:00
SO-202509-003001,CUS-0026,B,2025-09-19T02:02:00+08:00,2025-09-24T02:02:00+08:00,confirmed,CNY,5312648.99,1805769.89,95627.68,天津,3,2025-10-24T02:02:00+08:00
SO-202510-003002,CUS-0098,C,2025-10-23T03:05:00+08:00,2025-10-30T03:05:00+08:00,confirmed,CNY,2122193.35,868825.92,16977.55,青岛,3,2025-11-07T03:05:00+08:00
SO-202601-003003,CUS-0038,C,2026-01-10T00:42:00+08:00,2026-01-14T12:42:00+08:00,at_risk,CNY,1601623.1,537202.72,12812.98,宁波,3,2026-02-15T00:42:00+08:00
SO-202603-003004,CUS-0043,C,2026-03-06T03:36:00+08:00,2026-03-13T03:36:00+08:00,confirmed,CNY,4054526.78,1669075.64,32436.21,武汉,2,2026-03-30T03:36:00+08:00
SO-202512-003005,CUS-0096,C,2025-12-12T11:30:00+08:00,2025-12-16T23:30:00+08:00,shipped,CNY,10021467.37,4758229.72,80171.74,苏州,5,2025-12-28T11:30:00+08:00
SO-202603-003006,CUS-0090,B,2026-03-12T04:40:00+08:00,2026-03-15T16:40:00+08:00,delivered,CNY,5865034.35,2340655.42,105570.62,天津,4,2026-04-13T04:40:00+08:00
SO-202509-003007,CUS-0085,B,2025-09-30T19:41:00+08:00,2025-10-04T07:41:00+08:00,cancelled,CNY,3120707.36,857317.1,56172.73,青岛,4,2025-10-17T19:41:00+08:00
SO-202507-003008,CUS-0013,B,2025-07-20T13:27:00+08:00,2025-07-23T13:27:00+08:00,delivered,CNY,1564273.67,741805.82,28156.93,成都,1,2025-07-24T13:27:00+08:00
SO-202510-003009,CUS-0112,C,2025-10-27T12:09:00+08:00,2025-11-01T12:09:00+08:00,cancelled,CNY,1975066.54,827723.64,15800.53,宁波,1,2025-11-20T12:09:00+08:00
SO-202605-003010,CUS-0002,B,2026-05-31T04:46:00+08:00,2026-06-04T04:46:00+08:00,confirmed,CNY,79261.34,32800.54,1426.7,杭州,1,2026-06-15T08:00:00+08:00
SO-202602-003011,CUS-0106,A,2026-02-16T16:06:00+08:00,2026-02-19T16:06:00+08:00,delivered,CNY,266224.8,107380.8,9317.87,天津,1,2026-02-18T16:06:00+08:00
SO-202508-003012,CUS-0108,B,2025-08-29T19:24:00+08:00,2025-09-01T19:24:00+08:00,confirmed,CNY,3130894.27,856553.87,56356.1,上海,2,2025-09-15T19:24:00+08:00
SO-202506-003013,CUS-0026,B,2025-06-30T05:08:00+08:00,2025-07-04T05:08:00+08:00,delivered,CNY,1448059.74,585952.41,26065.08,天津,1,2025-07-19T05:08:00+08:00
SO-202509-003014,CUS-0114,B,2025-09-22T22:02:00+08:00,2025-09-27T22:02:00+08:00,confirmed,CNY,8119678.07,2615285.87,146154.21,苏州,4,2025-10-16T22:02:00+08:00
SO-202511-003015,CUS-0046,B,2025-11-14T05:05:00+08:00,2025-11-17T17:05:00+08:00,cancelled,CNY,2629581.82,1140302.48,47332.47,青岛,3,2025-12-09T05:05:00+08:00
SO-202603-003016,CUS-0098,C,2026-03-09T10:47:00+08:00,2026-03-15T10:47:00+08:00,confirmed,CNY,1911170.95,837635.2,15289.37,青岛,2,2026-04-05T10:47:00+08:00
SO-202604-003017,CUS-0060,B,2026-04-17T04:51:00+08:00,2026-04-20T04:51:00+08:00,delivered,CNY,510784.64,209919.19,9194.12,上海,2,2026-04-23T04:51:00+08:00
SO-202601-003018,CUS-0079,C,2026-01-23T11:56:00+08:00,2026-01-28T23:56:00+08:00,confirmed,CNY,950498.15,413855.29,7603.99,东莞,1,2026-02-13T11:56:00+08:00
SO-202507-003019,CUS-0111,C,2025-07-19T07:32:00+08:00,2025-07-25T07:32:00+08:00,overdue,CNY,8464233.79,3459756.91,67713.87,上海,4,2025-07-29T07:32:00+08:00
SO-202511-003020,CUS-0074,C,2025-11-01T22:15:00+08:00,2025-11-06T22:15:00+08:00,delivered,CNY,546245.36,247841.21,4369.96,苏州,1,2025-12-12T22:15:00+08:00
SO-202509-003021,CUS-0074,C,2025-09-20T22:02:00+08:00,2025-09-27T22:02:00+08:00,confirmed,CNY,5101107.1,1897989.72,40808.86,苏州,3,2025-10-29T22:02:00+08:00
SO-202508-003022,CUS-0038,C,2025-08-20T07:35:00+08:00,2025-08-24T19:35:00+08:00,delivered,CNY,1913573.51,746184.0,15308.59,宁波,5,2025-09-08T07:35:00+08:00
SO-202512-003023,CUS-0026,B,2025-12-05T20:41:00+08:00,2025-12-08T20:41:00+08:00,shipped,CNY,567899.5,181903.93,10222.19,天津,1,2026-01-06T20:41:00+08:00
SO-202506-003024,CUS-0035,C,2025-06-19T13:30:00+08:00,2025-06-25T01:30:00+08:00,delivered,CNY,9650373.9,2662771.25,77202.99,武汉,5,2025-07-19T13:30:00+08:00
SO-202510-003025,CUS-0080,B,2025-10-31T09:03:00+08:00,2025-11-03T09:03:00+08:00,cancelled,CNY,9377906.28,4198692.91,168802.31,武汉,5,2025-11-21T09:03:00+08:00
SO-202511-003026,CUS-0055,C,2025-11-13T05:01:00+08:00,2025-11-18T17:01:00+08:00,delivered,CNY,1994734.74,822469.8,15957.88,上海,2,2025-12-23T05:01:00+08:00
SO-202603-003027,CUS-0011,C,2026-03-08T19:11:00+08:00,2026-03-15T19:11:00+08:00,delivered,CNY,4263447.42,1707073.93,34107.58,青岛,5,2026-03-20T19:11:00+08:00
SO-202605-003028,CUS-0021,B,2026-05-01T17:24:00+08:00,2026-05-04T05:24:00+08:00,shipped,CNY,1488154.56,532269.07,26786.78,成都,4,2026-05-21T17:24:00+08:00
SO-202604-003029,CUS-0009,C,2026-04-04T15:00:00+08:00,2026-04-09T15:00:00+08:00,delivered,CNY,694867.29,244419.23,5558.94,东莞,2,2026-04-30T15:00:00+08:00
SO-202507-003030,CUS-0057,C,2025-07-11T19:57:00+08:00,2025-07-16T07:57:00+08:00,overdue,CNY,19052.33,4481.29,152.42,成都,1,2025-08-13T19:57:00+08:00
SO-202601-003031,CUS-0015,C,2026-01-27T11:56:00+08:00,2026-02-01T11:56:00+08:00,at_risk,CNY,2219648.3,986150.81,17757.19,上海,4,2026-02-25T11:56:00+08:00
SO-202506-003032,CUS-0047,B,2025-06-30T05:19:00+08:00,2025-07-03T05:19:00+08:00,overdue,CNY,961098.75,459837.96,17299.78,东莞,2,2025-07-21T05:19:00+08:00
SO-202606-003033,CUS-0103,B,2026-06-12T18:12:00+08:00,2026-06-15T18:12:00+08:00,delivered,CNY,229753.9,74627.55,4135.57,宁波,1,2026-06-15T08:00:00+08:00
SO-202508-003034,CUS-0110,B,2025-08-24T14:08:00+08:00,2025-08-29T14:08:00+08:00,delivered,CNY,4848395.96,1489103.93,87271.13,成都,3,2025-09-05T14:08:00+08:00
SO-202509-003035,CUS-0025,B,2025-09-27T05:01:00+08:00,2025-09-30T17:01:00+08:00,confirmed,CNY,3995733.79,1705059.67,71923.21,东莞,4,2025-11-05T05:01:00+08:00
SO-202603-003036,CUS-0113,B,2026-03-28T13:54:00+08:00,2026-03-31T13:54:00+08:00,confirmed,CNY,5548072.71,1929292.77,99865.31,天津,5,2026-04-12T13:54:00+08:00
SO-202602-003037,CUS-0007,B,2026-02-03T00:00:00+08:00,2026-02-05T12:00:00+08:00,shipped,CNY,3538313.65,1002252.2,63689.65,武汉,3,2026-02-05T00:00:00+08:00
SO-202604-003038,CUS-0021,B,2026-04-29T01:25:00+08:00,2026-05-02T13:25:00+08:00,shipped,CNY,20602241.72,8681488.7,370840.35,成都,5,2026-06-04T01:25:00+08:00
SO-202506-003039,CUS-0080,B,2025-06-24T22:59:00+08:00,2025-06-27T10:59:00+08:00,shipped,CNY,222609.61,80119.71,4006.97,武汉,1,2025-07-18T22:59:00+08:00
SO-202604-003040,CUS-0001,C,2026-04-15T06:36:00+08:00,2026-04-21T06:36:00+08:00,at_risk,CNY,3262769.06,1099587.35,26102.15,苏州,5,2026-05-01T06:36:00+08:00
SO-202510-003041,CUS-0062,B,2025-10-15T01:24:00+08:00,2025-10-20T01:24:00+08:00,shipped,CNY,2280461.09,879669.84,41048.3,苏州,4,2025-11-20T01:24:00+08:00
SO-202602-003042,CUS-0046,B,2026-02-01T19:07:00+08:00,2026-02-05T19:07:00+08:00,shipped,CNY,8942160.42,3691820.08,160958.89,青岛,5,2026-02-22T19:07:00+08:00
SO-202510-003043,CUS-0116,C,2025-10-23T04:31:00+08:00,2025-10-28T04:31:00+08:00,overdue,CNY,78251.82,35663.82,626.01,合肥,1,2025-11-02T04:31:00+08:00
SO-202605-003044,CUS-0109,C,2026-05-12T04:15:00+08:00,2026-05-17T04:15:00+08:00,shipped,CNY,3863671.12,1287024.18,30909.37,东莞,2,2026-06-15T08:00:00+08:00
SO-202508-003045,CUS-0089,B,2025-08-02T19:42:00+08:00,2025-08-06T07:42:00+08:00,delivered,CNY,3442520.48,1461478.82,61965.37,宁波,5,2025-08-13T19:42:00+08:00
SO-202509-003046,CUS-0076,B,2025-09-26T18:06:00+08:00,2025-09-30T18:06:00+08:00,confirmed,CNY,2299286.42,951297.87,41387.16,杭州,2,2025-10-25T18:06:00+08:00
SO-202603-003047,CUS-0074,C,2026-03-28T10:22:00+08:00,2026-04-03T10:22:00+08:00,shipped,CNY,4895339.07,1727512.59,39162.71,苏州,2,2026-04-02T10:22:00+08:00
SO-202509-003048,CUS-0120,B,2025-09-07T20:19:00+08:00,2025-09-11T20:19:00+08:00,delivered,CNY,3357634.66,1228735.6,60437.42,青岛,3,2025-09-16T20:19:00+08:00
SO-202507-003049,CUS-0069,A,2025-07-02T23:52:00+08:00,2025-07-04T11:52:00+08:00,cancelled,CNY,9961856.02,3619013.63,348664.96,宁波,3,2025-07-19T23:52:00+08:00
SO-202601-003050,CUS-0105,C,2026-01-16T05:46:00+08:00,2026-01-21T05:46:00+08:00,shipped,CNY,1875251.51,641306.45,15002.01,成都,5,2026-02-22T05:46:00+08:00
SO-202605-003051,CUS-0119,B,2026-05-16T01:43:00+08:00,2026-05-19T13:43:00+08:00,overdue,CNY,3330049.2,1059333.53,59940.89,苏州,2,2026-06-04T01:43:00+08:00
SO-202512-003052,CUS-0093,A,2025-12-06T19:25:00+08:00,2025-12-09T07:25:00+08:00,delivered,CNY,4011739.37,1791210.47,140410.88,武汉,3,2025-12-18T19:25:00+08:00
SO-202511-003053,CUS-0088,A,2025-11-21T19:02:00+08:00,2025-11-23T19:02:00+08:00,delivered,CNY,162814.84,57667.12,5698.52,武汉,1,2025-11-23T19:02:00+08:00
SO-202604-003054,CUS-0101,C,2026-04-06T15:30:00+08:00,2026-04-12T03:30:00+08:00,delivered,CNY,5808549.49,2009057.07,46468.4,武汉,5,2026-04-20T15:30:00+08:00
SO-202512-003055,CUS-0018,B,2025-12-18T20:02:00+08:00,2025-12-22T08:02:00+08:00,confirmed,CNY,2224205.3,1088412.35,40035.7,宁波,1,2026-01-30T20:02:00+08:00
SO-202508-003056,CUS-0054,C,2025-08-16T16:24:00+08:00,2025-08-21T04:24:00+08:00,delivered,CNY,11150720.05,4793046.09,89205.76,青岛,5,2025-08-29T16:24:00+08:00
SO-202603-003057,CUS-0039,B,2026-03-15T06:06:00+08:00,2026-03-19T06:06:00+08:00,delivered,CNY,4070330.12,963433.34,73265.94,武汉,4,2026-04-20T06:06:00+08:00
SO-202605-003058,CUS-0008,A,2026-05-07T11:31:00+08:00,2026-05-11T11:31:00+08:00,confirmed,CNY,5620247.94,2123591.95,196708.68,青岛,3,2026-06-08T11:31:00+08:00
SO-202604-003059,CUS-0065,A,2026-04-23T16:41:00+08:00,2026-04-26T04:41:00+08:00,at_risk,CNY,1800628.48,595530.91,63022.0,宁波,3,2026-05-24T16:41:00+08:00
SO-202508-003060,CUS-0026,B,2025-08-05T03:48:00+08:00,2025-08-08T15:48:00+08:00,shipped,CNY,4552947.0,1559604.48,81953.05,天津,5,2025-09-12T03:48:00+08:00
SO-202605-003061,CUS-0056,B,2026-05-18T06:46:00+08:00,2026-05-21T06:46:00+08:00,at_risk,CNY,4631644.49,1418131.84,83369.6,成都,2,2026-05-22T06:46:00+08:00
SO-202508-003062,CUS-0075,C,2025-08-26T01:36:00+08:00,2025-08-31T13:36:00+08:00,delivered,CNY,53925.86,17900.0,431.41,成都,3,2025-10-10T01:36:00+08:00
SO-202603-003063,CUS-0013,B,2026-03-29T08:56:00+08:00,2026-04-01T08:56:00+08:00,delivered,CNY,4020472.28,1426836.2,72368.5,成都,2,2026-05-01T08:56:00+08:00
SO-202604-003064,CUS-0079,C,2026-04-09T14:44:00+08:00,2026-04-14T02:44:00+08:00,confirmed,CNY,3271174.73,1105971.57,26169.4,东莞,4,2026-05-15T14:44:00+08:00
SO-202602-003065,CUS-0111,C,2026-02-17T01:58:00+08:00,2026-02-23T01:58:00+08:00,confirmed,CNY,30243.07,10459.77,241.94,上海,1,2026-03-25T01:58:00+08:00
SO-202604-003066,CUS-0102,A,2026-04-19T06:37:00+08:00,2026-04-20T18:37:00+08:00,confirmed,CNY,290206.26,112010.11,10157.22,青岛,1,2026-05-14T06:37:00+08:00
SO-202509-003067,CUS-0092,B,2025-09-18T11:53:00+08:00,2025-09-21T23:53:00+08:00,delivered,CNY,1504777.06,521220.73,27085.99,苏州,3,2025-09-19T11:53:00+08:00
SO-202512-003068,CUS-0023,A,2025-12-09T05:17:00+08:00,2025-12-10T17:17:00+08:00,shipped,CNY,793889.15,323704.06,27786.12,青岛,2,2025-12-22T05:17:00+08:00
SO-202509-003069,CUS-0063,B,2025-09-15T08:05:00+08:00,2025-09-19T08:05:00+08:00,delivered,CNY,2589752.32,702218.32,46615.54,杭州,3,2025-10-14T08:05:00+08:00
SO-202603-003070,CUS-0110,B,2026-03-21T14:26:00+08:00,2026-03-25T14:26:00+08:00,overdue,CNY,5784887.36,2159331.42,104127.97,成都,5,2026-04-15T14:26:00+08:00
SO-202601-003071,CUS-0042,A,2026-01-15T23:53:00+08:00,2026-01-18T23:53:00+08:00,at_risk,CNY,3186291.17,1285294.08,111520.19,东莞,3,2026-02-01T23:53:00+08:00
SO-202508-003072,CUS-0078,B,2025-08-01T13:24:00+08:00,2025-08-05T01:24:00+08:00,confirmed,CNY,4874716.03,1522347.39,87744.89,武汉,4,2025-08-07T13:24:00+08:00
SO-202510-003073,CUS-0012,C,2025-10-09T20:50:00+08:00,2025-10-16T20:50:00+08:00,at_risk,CNY,414654.66,86350.56,3317.24,宁波,1,2025-11-19T20:50:00+08:00
SO-202510-003074,CUS-0088,A,2025-10-19T10:49:00+08:00,2025-10-21T10:49:00+08:00,shipped,CNY,4851715.45,2065942.77,169810.04,武汉,2,2025-12-02T10:49:00+08:00
SO-202512-003075,CUS-0019,B,2025-12-14T03:54:00+08:00,2025-12-17T03:54:00+08:00,delivered,CNY,3579212.7,1545930.87,64425.83,合肥,2,2026-01-21T03:54:00+08:00
SO-202509-003076,CUS-0041,B,2025-09-02T12:25:00+08:00,2025-09-06T12:25:00+08:00,shipped,CNY,3216398.13,1264211.35,57895.17,成都,2,2025-10-15T12:25:00+08:00
SO-202509-003077,CUS-0008,A,2025-09-02T21:44:00+08:00,2025-09-06T21:44:00+08:00,confirmed,CNY,6246899.72,1666200.74,218641.49,青岛,4,2025-10-13T21:44:00+08:00
SO-202601-003078,CUS-0111,C,2026-01-29T05:00:00+08:00,2026-02-04T05:00:00+08:00,at_risk,CNY,2188368.77,853097.14,17506.95,上海,3,2026-02-24T05:00:00+08:00
SO-202512-003079,CUS-0059,C,2025-12-14T10:31:00+08:00,2025-12-18T22:31:00+08:00,at_risk,CNY,417098.34,204296.74,3336.79,天津,1,2026-01-09T10:31:00+08:00
SO-202510-003080,CUS-0063,B,2025-10-28T18:08:00+08:00,2025-11-01T06:08:00+08:00,delivered,CNY,6180255.24,2274885.09,111244.59,杭州,2,2025-11-06T18:08:00+08:00
SO-202508-003081,CUS-0099,B,2025-08-29T14:55:00+08:00,2025-09-01T14:55:00+08:00,delivered,CNY,742863.05,195705.63,13371.53,武汉,3,2025-09-08T14:55:00+08:00
SO-202604-003082,CUS-0065,A,2026-04-07T15:56:00+08:00,2026-04-11T15:56:00+08:00,confirmed,CNY,1314065.03,362006.77,45992.28,宁波,2,2026-05-14T15:56:00+08:00
SO-202509-003083,CUS-0003,A,2025-09-27T12:26:00+08:00,2025-09-29T12:26:00+08:00,delivered,CNY,3645336.35,1570558.52,127586.77,杭州,4,2025-10-19T12:26:00+08:00
SO-202605-003084,CUS-0083,B,2026-05-14T23:39:00+08:00,2026-05-19T23:39:00+08:00,delivered,CNY,4558872.64,1537930.54,82059.71,苏州,4,2026-06-14T23:39:00+08:00
SO-202509-003085,CUS-0089,B,2025-09-23T10:05:00+08:00,2025-09-26T10:05:00+08:00,overdue,CNY,114866.29,49127.57,2067.59,宁波,1,2025-11-02T10:05:00+08:00
SO-202510-003086,CUS-0110,B,2025-10-12T23:43:00+08:00,2025-10-17T23:43:00+08:00,cancelled,CNY,6066063.1,2382680.59,109189.14,成都,5,2025-11-10T23:43:00+08:00
SO-202511-003087,CUS-0097,B,2025-11-16T09:03:00+08:00,2025-11-19T21:03:00+08:00,confirmed,CNY,285999.32,125526.84,5147.99,杭州,1,2025-11-23T09:03:00+08:00
SO-202509-003088,CUS-0059,C,2025-09-05T03:45:00+08:00,2025-09-11T03:45:00+08:00,overdue,CNY,1156389.76,450040.54,9251.12,天津,2,2025-09-15T03:45:00+08:00
SO-202511-003089,CUS-0041,B,2025-11-20T08:24:00+08:00,2025-11-22T20:24:00+08:00,shipped,CNY,2786035.31,661145.5,50148.64,成都,3,2026-01-02T08:24:00+08:00
SO-202601-003090,CUS-0109,C,2026-01-29T15:21:00+08:00,2026-02-03T15:21:00+08:00,delivered,CNY,3900969.56,1427400.91,31207.76,东莞,5,2026-02-08T15:21:00+08:00
SO-202604-003091,CUS-0085,B,2026-04-06T17:36:00+08:00,2026-04-10T17:36:00+08:00,delivered,CNY,2032403.2,668593.75,36583.26,青岛,4,2026-05-06T17:36:00+08:00
SO-202510-003092,CUS-0118,C,2025-10-31T08:19:00+08:00,2025-11-05T08:19:00+08:00,confirmed,CNY,5511486.43,2484880.46,44091.89,上海,4,2025-12-07T08:19:00+08:00
SO-202510-003093,CUS-0050,B,2025-10-06T09:34:00+08:00,2025-10-10T09:34:00+08:00,shipped,CNY,3513312.81,1114395.59,63239.63,上海,5,2025-10-23T09:34:00+08:00
SO-202507-003094,CUS-0044,B,2025-07-19T10:45:00+08:00,2025-07-23T10:45:00+08:00,at_risk,CNY,400398.73,128332.81,7207.18,宁波,1,2025-08-18T10:45:00+08:00
SO-202509-003095,CUS-0011,C,2025-09-11T12:32:00+08:00,2025-09-17T12:32:00+08:00,confirmed,CNY,774407.91,229205.46,6195.26,青岛,1,2025-09-14T12:32:00+08:00
SO-202606-003096,CUS-0052,C,2026-06-08T10:40:00+08:00,2026-06-12T22:40:00+08:00,shipped,CNY,5468580.81,1532158.66,43748.65,上海,5,2026-06-15T08:00:00+08:00
SO-202512-003097,CUS-0031,C,2025-12-07T02:48:00+08:00,2025-12-12T14:48:00+08:00,delivered,CNY,2096582.52,820718.92,16772.66,青岛,1,2025-12-20T02:48:00+08:00
SO-202511-003098,CUS-0103,B,2025-11-01T18:51:00+08:00,2025-11-04T18:51:00+08:00,shipped,CNY,6304762.14,2494897.6,113485.72,宁波,3,2025-11-07T18:51:00+08:00
SO-202601-003099,CUS-0098,C,2026-01-01T20:41:00+08:00,2026-01-07T08:41:00+08:00,delivered,CNY,4304298.77,1767213.53,34434.39,青岛,5,2026-01-10T20:41:00+08:00
SO-202603-003100,CUS-0038,C,2026-03-23T07:23:00+08:00,2026-03-27T19:23:00+08:00,delivered,CNY,1359599.96,621940.66,10876.8,宁波,1,2026-04-18T07:23:00+08:00
SO-202604-003101,CUS-0059,C,2026-04-15T22:45:00+08:00,2026-04-22T22:45:00+08:00,shipped,CNY,5680024.78,1644301.13,45440.2,天津,5,2026-05-09T22:45:00+08:00
SO-202508-003102,CUS-0075,C,2025-08-25T14:27:00+08:00,2025-08-31T02:27:00+08:00,confirmed,CNY,3047194.43,1352945.48,24377.56,成都,3,2025-09-10T14:27:00+08:00
SO-202509-003103,CUS-0012,C,2025-09-30T22:10:00+08:00,2025-10-06T22:10:00+08:00,delivered,CNY,3306030.32,1148574.24,26448.24,宁波,1,2025-11-13T22:10:00+08:00
SO-202601-003104,CUS-0029,B,2026-01-20T01:31:00+08:00,2026-01-25T01:31:00+08:00,confirmed,CNY,3076361.91,1025418.35,55374.51,武汉,4,2026-02-21T01:31:00+08:00
SO-202604-003105,CUS-0063,B,2026-04-10T04:22:00+08:00,2026-04-13T04:22:00+08:00,at_risk,CNY,3061907.08,1258250.96,55114.33,杭州,5,2026-04-23T04:22:00+08:00
SO-202603-003106,CUS-0033,B,2026-03-30T13:50:00+08:00,2026-04-04T13:50:00+08:00,confirmed,CNY,5108833.91,1826945.19,91959.01,青岛,4,2026-04-20T13:50:00+08:00
SO-202601-003107,CUS-0058,C,2026-01-23T11:53:00+08:00,2026-01-29T11:53:00+08:00,delivered,CNY,15611204.98,5462122.96,124889.64,苏州,5,2026-02-09T11:53:00+08:00
SO-202606-003108,CUS-0072,B,2026-06-09T07:07:00+08:00,2026-06-11T19:07:00+08:00,confirmed,CNY,2727281.36,941604.24,49091.06,天津,1,2026-06-15T08:00:00+08:00
SO-202507-003109,CUS-0046,B,2025-07-30T01:49:00+08:00,2025-08-02T13:49:00+08:00,confirmed,CNY,399522.72,125130.26,7191.41,青岛,3,2025-09-03T01:49:00+08:00
SO-202510-003110,CUS-0042,A,2025-10-06T22:08:00+08:00,2025-10-09T10:08:00+08:00,at_risk,CNY,4220144.59,1768481.97,147705.06,东莞,4,2025-11-17T22:08:00+08:00
SO-202509-003111,CUS-0021,B,2025-09-25T09:56:00+08:00,2025-09-28T09:56:00+08:00,cancelled,CNY,4615793.37,1453275.26,83084.28,成都,4,2025-10-10T09:56:00+08:00
SO-202511-003112,CUS-0088,A,2025-11-17T01:35:00+08:00,2025-11-19T01:35:00+08:00,at_risk,CNY,211663.77,100605.55,7408.23,武汉,1,2025-12-25T01:35:00+08:00
SO-202604-003113,CUS-0037,C,2026-04-17T18:55:00+08:00,2026-04-22T18:55:00+08:00,overdue,CNY,133142.93,55068.7,1065.14,杭州,2,2026-04-23T18:55:00+08:00
SO-202603-003114,CUS-0055,C,2026-03-10T18:10:00+08:00,2026-03-16T06:10:00+08:00,delivered,CNY,1812677.05,714236.8,14501.42,上海,5,2026-04-07T18:10:00+08:00
SO-202604-003115,CUS-0117,C,2026-04-19T20:01:00+08:00,2026-04-25T20:01:00+08:00,confirmed,CNY,7538099.87,3261651.8,60304.8,苏州,5,2026-05-21T20:01:00+08:00
SO-202604-003116,CUS-0110,B,2026-04-25T01:46:00+08:00,2026-04-29T01:46:00+08:00,confirmed,CNY,7429559.55,2674909.38,133732.07,成都,4,2026-06-08T01:46:00+08:00
SO-202507-003117,CUS-0119,B,2025-07-25T21:24:00+08:00,2025-07-28T21:24:00+08:00,confirmed,CNY,3565277.25,1405628.49,64174.99,苏州,4,2025-08-30T21:24:00+08:00
SO-202509-003118,CUS-0076,B,2025-09-05T19:51:00+08:00,2025-09-10T19:51:00+08:00,shipped,CNY,9058282.63,4389826.55,163049.09,杭州,4,2025-10-04T19:51:00+08:00
SO-202604-003119,CUS-0105,C,2026-04-30T15:54:00+08:00,2026-05-06T15:54:00+08:00,delivered,CNY,3316.45,838.12,26.53,成都,1,2026-05-24T15:54:00+08:00
SO-202510-003120,CUS-0095,B,2025-10-20T17:17:00+08:00,2025-10-23T05:17:00+08:00,delivered,CNY,1909358.63,599588.61,34368.46,苏州,2,2025-11-10T17:17:00+08:00
SO-202604-003121,CUS-0097,B,2026-04-14T07:30:00+08:00,2026-04-17T07:30:00+08:00,delivered,CNY,2490186.96,966032.52,44823.37,杭州,3,2026-04-28T07:30:00+08:00
SO-202508-003122,CUS-0002,B,2025-08-14T07:30:00+08:00,2025-08-19T07:30:00+08:00,delivered,CNY,5532767.39,1836869.38,99589.81,杭州,3,2025-08-23T07:30:00+08:00
SO-202510-003123,CUS-0029,B,2025-10-11T14:33:00+08:00,2025-10-14T02:33:00+08:00,cancelled,CNY,5165298.32,1885297.01,92975.37,武汉,4,2025-10-23T14:33:00+08:00
SO-202512-003124,CUS-0034,A,2025-12-08T21:31:00+08:00,2025-12-10T21:31:00+08:00,overdue,CNY,1264333.63,516189.31,44251.68,天津,1,2026-01-11T21:31:00+08:00
SO-202508-003125,CUS-0034,A,2025-08-29T18:59:00+08:00,2025-09-02T18:59:00+08:00,confirmed,CNY,522022.17,200447.3,18270.78,天津,2,2025-09-24T18:59:00+08:00
SO-202601-003126,CUS-0010,B,2026-01-07T20:38:00+08:00,2026-01-11T20:38:00+08:00,delivered,CNY,4333979.0,1559999.49,78011.62,合肥,2,2026-01-28T20:38:00+08:00
SO-202603-003127,CUS-0043,C,2026-03-06T16:00:00+08:00,2026-03-11T04:00:00+08:00,shipped,CNY,2475387.85,898483.33,19803.1,武汉,5,2026-04-12T16:00:00+08:00
SO-202506-003128,CUS-0013,B,2025-06-18T02:46:00+08:00,2025-06-21T14:46:00+08:00,confirmed,CNY,179061.87,59040.99,3223.11,成都,1,2025-07-19T02:46:00+08:00
SO-202507-003129,CUS-0089,B,2025-07-23T06:29:00+08:00,2025-07-26T06:29:00+08:00,at_risk,CNY,8068541.43,3514914.81,145233.75,宁波,4,2025-08-18T06:29:00+08:00
SO-202507-003130,CUS-0050,B,2025-07-12T05:40:00+08:00,2025-07-15T05:40:00+08:00,delivered,CNY,24415.13,9149.18,439.47,上海,1,2025-08-23T05:40:00+08:00
SO-202509-003131,CUS-0032,A,2025-09-28T23:26:00+08:00,2025-09-30T23:26:00+08:00,overdue,CNY,101598.44,43231.04,3555.95,苏州,1,2025-10-11T23:26:00+08:00
SO-202512-003132,CUS-0047,B,2025-12-25T02:47:00+08:00,2025-12-28T02:47:00+08:00,delivered,CNY,4346082.26,1347541.5,78229.48,东莞,5,2026-01-28T02:47:00+08:00
SO-202507-003133,CUS-0108,B,2025-07-20T04:06:00+08:00,2025-07-25T04:06:00+08:00,delivered,CNY,2653042.47,658854.95,47754.76,上海,1,2025-07-31T04:06:00+08:00
SO-202507-003134,CUS-0096,C,2025-07-28T21:31:00+08:00,2025-08-04T21:31:00+08:00,confirmed,CNY,3532957.18,1517806.81,28263.66,苏州,2,2025-08-06T21:31:00+08:00
SO-202506-003135,CUS-0023,A,2025-06-27T10:41:00+08:00,2025-06-28T22:41:00+08:00,at_risk,CNY,3449195.89,1506146.26,120721.86,青岛,3,2025-07-14T10:41:00+08:00
SO-202603-003136,CUS-0034,A,2026-03-20T15:40:00+08:00,2026-03-24T15:40:00+08:00,delivered,CNY,4178865.6,2020650.56,146260.3,天津,1,2026-03-25T15:40:00+08:00
SO-202506-003137,CUS-0073,C,2025-06-22T21:31:00+08:00,2025-06-27T09:31:00+08:00,delivered,CNY,2197385.41,728348.98,17579.08,成都,1,2025-07-14T21:31:00+08:00
SO-202603-003138,CUS-0039,B,2026-03-25T20:43:00+08:00,2026-03-28T08:43:00+08:00,at_risk,CNY,1570174.17,637219.67,28263.14,武汉,1,2026-05-06T20:43:00+08:00
SO-202507-003139,CUS-0051,C,2025-07-05T17:54:00+08:00,2025-07-10T17:54:00+08:00,overdue,CNY,191421.86,73616.9,1531.37,武汉,1,2025-08-04T17:54:00+08:00
SO-202604-003140,CUS-0119,B,2026-04-25T11:52:00+08:00,2026-04-30T11:52:00+08:00,delivered,CNY,6872449.21,2921659.7,123704.09,苏州,3,2026-05-27T11:52:00+08:00
SO-202510-003141,CUS-0009,C,2025-10-01T05:18:00+08:00,2025-10-05T17:18:00+08:00,shipped,CNY,1681318.32,728781.55,13450.55,东莞,4,2025-10-08T05:18:00+08:00
SO-202602-003142,CUS-0010,B,2026-02-02T01:36:00+08:00,2026-02-04T13:36:00+08:00,at_risk,CNY,12252.25,4818.25,220.54,合肥,1,2026-02-18T01:36:00+08:00
SO-202507-003143,CUS-0113,B,2025-07-15T02:36:00+08:00,2025-07-18T14:36:00+08:00,delivered,CNY,348462.67,174575.62,6272.33,天津,1,2025-07-27T02:36:00+08:00
SO-202605-003144,CUS-0009,C,2026-05-13T02:57:00+08:00,2026-05-18T14:57:00+08:00,at_risk,CNY,3767942.89,1360795.82,30143.54,东莞,5,2026-06-15T08:00:00+08:00
SO-202506-003145,CUS-0009,C,2025-06-18T01:17:00+08:00,2025-06-22T13:17:00+08:00,delivered,CNY,3692879.62,1461869.86,29543.04,东莞,3,2025-06-24T01:17:00+08:00
SO-202604-003146,CUS-0023,A,2026-04-09T03:34:00+08:00,2026-04-12T03:34:00+08:00,delivered,CNY,1880392.58,547139.05,65813.74,青岛,5,2026-05-21T03:34:00+08:00
SO-202507-003147,CUS-0079,C,2025-07-14T13:04:00+08:00,2025-07-21T13:04:00+08:00,shipped,CNY,212366.17,67262.98,1698.93,东莞,1,2025-07-22T13:04:00+08:00
SO-202603-003148,CUS-0010,B,2026-03-05T05:42:00+08:00,2026-03-09T05:42:00+08:00,confirmed,CNY,7228594.89,2617232.92,130114.71,合肥,5,2026-04-05T05:42:00+08:00
SO-202603-003149,CUS-0056,B,2026-03-29T08:04:00+08:00,2026-04-03T08:04:00+08:00,shipped,CNY,3507709.4,1487451.78,63138.77,成都,2,2026-04-23T08:04:00+08:00
SO-202605-003150,CUS-0067,B,2026-05-13T10:23:00+08:00,2026-05-15T22:23:00+08:00,confirmed,CNY,2663836.95,1099135.27,47949.07,青岛,5,2026-05-18T10:23:00+08:00
SO-202509-003151,CUS-0047,B,2025-09-18T11:04:00+08:00,2025-09-22T11:04:00+08:00,confirmed,CNY,8373393.08,2872050.74,150721.08,东莞,3,2025-10-25T11:04:00+08:00
SO-202508-003152,CUS-0055,C,2025-08-12T13:59:00+08:00,2025-08-19T13:59:00+08:00,shipped,CNY,6263746.66,1636310.66,50109.97,上海,5,2025-08-24T13:59:00+08:00
SO-202603-003153,CUS-0015,C,2026-03-09T00:24:00+08:00,2026-03-16T00:24:00+08:00,delivered,CNY,3108025.84,1451822.42,24864.21,上海,4,2026-04-09T00:24:00+08:00
SO-202603-003154,CUS-0059,C,2026-03-08T23:30:00+08:00,2026-03-14T11:30:00+08:00,delivered,CNY,3715761.31,1270347.25,29726.09,天津,5,2026-03-30T23:30:00+08:00
SO-202603-003155,CUS-0015,C,2026-03-14T20:15:00+08:00,2026-03-20T08:15:00+08:00,delivered,CNY,8211761.22,2229939.11,65694.09,上海,5,2026-03-24T20:15:00+08:00
SO-202604-003156,CUS-0067,B,2026-04-20T15:08:00+08:00,2026-04-23T03:08:00+08:00,cancelled,CNY,110119.51,43961.41,1982.15,青岛,1,2026-05-10T15:08:00+08:00
SO-202511-003157,CUS-0013,B,2025-11-08T08:00:00+08:00,2025-11-11T20:00:00+08:00,cancelled,CNY,7845878.31,3189067.32,141225.81,成都,4,2025-12-16T08:00:00+08:00
SO-202507-003158,CUS-0099,B,2025-07-08T12:07:00+08:00,2025-07-12T00:07:00+08:00,delivered,CNY,6405039.16,2388200.7,115290.7,武汉,5,2025-07-18T12:07:00+08:00
SO-202605-003159,CUS-0005,A,2026-05-04T15:15:00+08:00,2026-05-06T03:15:00+08:00,delivered,CNY,1860137.79,671707.44,65104.82,青岛,2,2026-06-09T15:15:00+08:00
SO-202605-003160,CUS-0046,B,2026-05-06T16:46:00+08:00,2026-05-09T04:46:00+08:00,delivered,CNY,1535307.51,522232.55,27635.54,青岛,2,2026-05-08T16:46:00+08:00
SO-202511-003161,CUS-0011,C,2025-11-17T18:36:00+08:00,2025-11-22T06:36:00+08:00,confirmed,CNY,2870870.79,1333482.35,22966.97,青岛,2,2025-11-23T18:36:00+08:00
SO-202601-003162,CUS-0021,B,2026-01-28T09:13:00+08:00,2026-02-02T09:13:00+08:00,delivered,CNY,3481613.99,1315846.61,62669.05,成都,5,2026-02-08T09:13:00+08:00
SO-202602-003163,CUS-0044,B,2026-02-06T12:16:00+08:00,2026-02-09T00:16:00+08:00,delivered,CNY,235679.9,83327.44,4242.24,宁波,1,2026-02-10T12:16:00+08:00
SO-202509-003164,CUS-0047,B,2025-09-11T22:49:00+08:00,2025-09-14T10:49:00+08:00,shipped,CNY,3685728.94,1408212.39,66343.12,东莞,4,2025-09-25T22:49:00+08:00
SO-202604-003165,CUS-0116,C,2026-04-26T20:09:00+08:00,2026-05-01T08:09:00+08:00,confirmed,CNY,207055.3,98457.58,1656.44,合肥,1,2026-05-11T20:09:00+08:00
SO-202506-003166,CUS-0060,B,2025-06-27T09:22:00+08:00,2025-06-29T21:22:00+08:00,shipped,CNY,547417.06,206608.7,9853.51,上海,3,2025-08-03T09:22:00+08:00
SO-202605-003167,CUS-0001,C,2026-05-28T09:23:00+08:00,2026-06-03T09:23:00+08:00,at_risk,CNY,1769383.94,806417.53,14155.07,苏州,2,2026-06-15T08:00:00+08:00
SO-202601-003168,CUS-0087,B,2026-01-07T00:56:00+08:00,2026-01-12T00:56:00+08:00,delivered,CNY,566861.98,221053.53,10203.52,天津,2,2026-02-19T00:56:00+08:00
SO-202604-003169,CUS-0028,B,2026-04-10T07:47:00+08:00,2026-04-13T19:47:00+08:00,delivered,CNY,256469.7,71218.65,4616.45,成都,2,2026-05-17T07:47:00+08:00
SO-202508-003170,CUS-0019,B,2025-08-14T23:28:00+08:00,2025-08-18T23:28:00+08:00,delivered,CNY,5148446.56,1944644.48,92672.04,合肥,5,2025-08-21T23:28:00+08:00
SO-202510-003171,CUS-0093,A,2025-10-17T22:40:00+08:00,2025-10-20T22:40:00+08:00,overdue,CNY,216577.0,64285.74,7580.19,武汉,1,2025-11-07T22:40:00+08:00
SO-202509-003172,CUS-0048,A,2025-09-25T13:35:00+08:00,2025-09-29T13:35:00+08:00,delivered,CNY,3953074.59,1200952.39,138357.61,上海,5,2025-10-30T13:35:00+08:00
SO-202604-003173,CUS-0007,B,2026-04-30T16:12:00+08:00,2026-05-04T16:12:00+08:00,confirmed,CNY,462038.14,108550.78,8316.69,武汉,2,2026-05-17T16:12:00+08:00
SO-202512-003174,CUS-0061,B,2025-12-06T00:21:00+08:00,2025-12-11T00:21:00+08:00,at_risk,CNY,4298998.34,1711492.74,77381.97,上海,2,2026-01-15T00:21:00+08:00
SO-202604-003175,CUS-0085,B,2026-04-06T06:33:00+08:00,2026-04-11T06:33:00+08:00,delivered,CNY,4130070.07,1520764.76,74341.26,青岛,4,2026-05-11T06:33:00+08:00
SO-202601-003176,CUS-0040,C,2026-01-08T15:40:00+08:00,2026-01-13T03:40:00+08:00,confirmed,CNY,1808988.73,647510.53,14471.91,合肥,3,2026-02-22T15:40:00+08:00
SO-202605-003177,CUS-0083,B,2026-05-14T04:34:00+08:00,2026-05-16T16:34:00+08:00,delivered,CNY,4276952.52,1431052.61,76985.15,苏州,4,2026-06-04T04:34:00+08:00
SO-202602-003178,CUS-0024,B,2026-02-08T10:07:00+08:00,2026-02-13T10:07:00+08:00,confirmed,CNY,2082363.54,940839.9,37482.54,合肥,3,2026-03-13T10:07:00+08:00
SO-202509-003179,CUS-0104,C,2025-09-19T18:23:00+08:00,2025-09-26T18:23:00+08:00,at_risk,CNY,2512914.41,971265.13,20103.32,武汉,5,2025-09-25T18:23:00+08:00
SO-202510-003180,CUS-0008,A,2025-10-02T17:56:00+08:00,2025-10-05T17:56:00+08:00,delivered,CNY,2407442.35,622035.11,84260.48,青岛,1,2025-11-05T17:56:00+08:00
SO-202605-003181,CUS-0041,B,2026-05-25T09:10:00+08:00,2026-05-29T09:10:00+08:00,at_risk,CNY,3089514.89,1023717.08,55611.27,成都,5,2026-06-15T08:00:00+08:00
SO-202506-003182,CUS-0021,B,2025-06-20T19:13:00+08:00,2025-06-23T07:13:00+08:00,cancelled,CNY,630306.49,271416.07,11345.52,成都,3,2025-07-14T19:13:00+08:00
SO-202512-003183,CUS-0024,B,2025-12-29T15:38:00+08:00,2026-01-02T03:38:00+08:00,at_risk,CNY,97791.53,18736.75,1760.25,合肥,1,2026-01-03T15:38:00+08:00
SO-202601-003184,CUS-0096,C,2026-01-27T18:44:00+08:00,2026-02-01T06:44:00+08:00,delivered,CNY,2000002.95,762675.31,16000.02,苏州,2,2026-02-17T18:44:00+08:00
SO-202512-003185,CUS-0052,C,2025-12-12T18:52:00+08:00,2025-12-17T06:52:00+08:00,confirmed,CNY,12097.23,4006.83,96.78,上海,1,2026-01-09T18:52:00+08:00
SO-202603-003186,CUS-0077,B,2026-03-23T14:43:00+08:00,2026-03-27T02:43:00+08:00,delivered,CNY,876686.99,239946.27,15780.37,东莞,1,2026-04-12T14:43:00+08:00
SO-202511-003187,CUS-0078,B,2025-11-26T14:52:00+08:00,2025-11-30T14:52:00+08:00,delivered,CNY,2437186.26,1194868.74,43869.35,武汉,1,2025-12-12T14:52:00+08:00
SO-202509-003188,CUS-0047,B,2025-09-05T17:34:00+08:00,2025-09-09T05:34:00+08:00,delivered,CNY,38383.27,11021.52,690.9,东莞,1,2025-09-09T17:34:00+08:00
SO-202510-003189,CUS-0065,A,2025-10-12T23:26:00+08:00,2025-10-15T11:26:00+08:00,at_risk,CNY,2118077.45,795781.97,74132.71,宁波,3,2025-10-24T23:26:00+08:00
SO-202604-003190,CUS-0043,C,2026-04-11T13:37:00+08:00,2026-04-17T01:37:00+08:00,shipped,CNY,495264.55,156306.65,3962.12,武汉,1,2026-05-03T13:37:00+08:00
SO-202508-003191,CUS-0072,B,2025-08-12T03:16:00+08:00,2025-08-15T15:16:00+08:00,delivered,CNY,6565189.29,1776447.63,118173.41,天津,3,2025-09-25T03:16:00+08:00
SO-202601-003192,CUS-0002,B,2026-01-03T09:02:00+08:00,2026-01-07T09:02:00+08:00,at_risk,CNY,2355305.42,880052.14,42395.5,杭州,3,2026-01-19T09:02:00+08:00
SO-202509-003193,CUS-0053,B,2025-09-30T19:19:00+08:00,2025-10-04T19:19:00+08:00,shipped,CNY,2183625.69,771251.47,39305.26,成都,2,2025-10-17T19:19:00+08:00
SO-202507-003194,CUS-0023,A,2025-07-25T15:42:00+08:00,2025-07-29T15:42:00+08:00,delivered,CNY,3038193.14,684905.27,106336.76,青岛,3,2025-09-04T15:42:00+08:00
SO-202605-003195,CUS-0020,B,2026-05-17T08:37:00+08:00,2026-05-19T20:37:00+08:00,delivered,CNY,5926783.15,2061766.88,106682.1,宁波,5,2026-06-15T08:00:00+08:00
SO-202604-003196,CUS-0072,B,2026-04-04T06:41:00+08:00,2026-04-09T06:41:00+08:00,delivered,CNY,3570954.95,1268627.51,64277.19,天津,4,2026-05-17T06:41:00+08:00
SO-202509-003197,CUS-0057,C,2025-09-17T19:33:00+08:00,2025-09-22T07:33:00+08:00,delivered,CNY,7975187.03,2842653.86,63801.5,成都,5,2025-10-16T19:33:00+08:00
SO-202508-003198,CUS-0037,C,2025-08-20T02:06:00+08:00,2025-08-25T14:06:00+08:00,delivered,CNY,1793315.19,553182.28,14346.52,杭州,4,2025-09-04T02:06:00+08:00
SO-202602-003199,CUS-0018,B,2026-02-23T13:16:00+08:00,2026-02-27T01:16:00+08:00,confirmed,CNY,2674010.08,1170424.38,48132.18,宁波,3,2026-04-06T13:16:00+08:00
SO-202604-003200,CUS-0080,B,2026-04-12T23:48:00+08:00,2026-04-16T11:48:00+08:00,delivered,CNY,3515888.86,1441150.55,63286.0,武汉,3,2026-05-21T23:48:00+08:00
SO-202605-003201,CUS-0014,C,2026-05-12T19:12:00+08:00,2026-05-18T07:12:00+08:00,at_risk,CNY,168763.81,55396.46,1350.11,东莞,1,2026-05-13T19:12:00+08:00
SO-202506-003202,CUS-0013,B,2025-06-25T12:56:00+08:00,2025-06-29T00:56:00+08:00,delivered,CNY,3095720.55,1148461.96,55722.97,成都,5,2025-08-05T12:56:00+08:00
SO-202512-003203,CUS-0089,B,2025-12-31T17:48:00+08:00,2026-01-03T17:48:00+08:00,delivered,CNY,1702756.67,599249.75,30649.62,宁波,2,2026-02-12T17:48:00+08:00
SO-202603-003204,CUS-0110,B,2026-03-20T17:30:00+08:00,2026-03-23T05:30:00+08:00,overdue,CNY,2192506.6,937766.57,39465.12,成都,4,2026-04-23T17:30:00+08:00
SO-202509-003205,CUS-0034,A,2025-09-21T11:05:00+08:00,2025-09-22T23:05:00+08:00,delivered,CNY,12089940.67,4782899.61,423147.92,天津,5,2025-09-28T11:05:00+08:00
SO-202601-003206,CUS-0073,C,2026-01-14T04:04:00+08:00,2026-01-18T16:04:00+08:00,shipped,CNY,2824483.41,922516.84,22595.87,成都,3,2026-01-15T04:04:00+08:00
SO-202603-003207,CUS-0060,B,2026-03-28T21:29:00+08:00,2026-04-02T21:29:00+08:00,shipped,CNY,5644712.56,1344452.89,101604.83,上海,2,2026-04-29T21:29:00+08:00
SO-202510-003208,CUS-0016,C,2025-10-19T01:26:00+08:00,2025-10-25T01:26:00+08:00,shipped,CNY,4285177.1,1639735.2,34281.42,杭州,2,2025-11-22T01:26:00+08:00
SO-202508-003209,CUS-0098,C,2025-08-16T16:52:00+08:00,2025-08-21T16:52:00+08:00,delivered,CNY,9131210.81,3828239.76,73049.69,青岛,5,2025-09-15T16:52:00+08:00
SO-202508-003210,CUS-0060,B,2025-08-10T05:34:00+08:00,2025-08-15T05:34:00+08:00,delivered,CNY,411078.46,147273.98,7399.41,上海,3,2025-08-21T05:34:00+08:00
SO-202507-003211,CUS-0022,B,2025-07-13T08:17:00+08:00,2025-07-16T20:17:00+08:00,delivered,CNY,4700659.16,1714634.09,84611.86,武汉,3,2025-08-17T08:17:00+08:00
SO-202511-003212,CUS-0009,C,2025-11-18T15:00:00+08:00,2025-11-23T03:00:00+08:00,delivered,CNY,1108062.95,306109.2,8864.5,东莞,3,2025-12-29T15:00:00+08:00
SO-202604-003213,CUS-0082,C,2026-04-04T11:34:00+08:00,2026-04-10T11:34:00+08:00,cancelled,CNY,82941.06,38349.22,663.53,武汉,1,2026-05-10T11:34:00+08:00
SO-202603-003214,CUS-0011,C,2026-03-19T20:21:00+08:00,2026-03-25T20:21:00+08:00,delivered,CNY,223467.81,93699.15,1787.74,青岛,1,2026-04-15T20:21:00+08:00
SO-202512-003215,CUS-0081,B,2025-12-16T13:16:00+08:00,2025-12-19T01:16:00+08:00,delivered,CNY,1095764.94,402879.99,19723.77,天津,2,2026-01-23T13:16:00+08:00
SO-202601-003216,CUS-0054,C,2026-01-18T02:28:00+08:00,2026-01-23T14:28:00+08:00,shipped,CNY,4792412.21,1873972.06,38339.3,青岛,3,2026-02-16T02:28:00+08:00
SO-202604-003217,CUS-0092,B,2026-04-10T02:20:00+08:00,2026-04-12T14:20:00+08:00,shipped,CNY,3900568.31,1515265.81,70210.23,苏州,5,2026-05-08T02:20:00+08:00
SO-202509-003218,CUS-0101,C,2025-09-30T13:31:00+08:00,2025-10-05T01:31:00+08:00,shipped,CNY,4965025.75,1777811.23,39720.21,武汉,3,2025-10-13T13:31:00+08:00
SO-202510-003219,CUS-0015,C,2025-10-22T13:40:00+08:00,2025-10-28T01:40:00+08:00,shipped,CNY,178838.79,77826.28,1430.71,上海,1,2025-11-04T13:40:00+08:00
SO-202510-003220,CUS-0090,B,2025-10-03T16:34:00+08:00,2025-10-06T04:34:00+08:00,confirmed,CNY,5111198.19,1344092.71,92001.57,天津,2,2025-10-29T16:34:00+08:00
SO-202512-003221,CUS-0049,C,2025-12-05T02:00:00+08:00,2025-12-10T02:00:00+08:00,confirmed,CNY,553495.86,216706.64,4427.97,东莞,4,2026-01-03T02:00:00+08:00
SO-202508-003222,CUS-0067,B,2025-08-09T20:11:00+08:00,2025-08-14T20:11:00+08:00,shipped,CNY,512231.43,228708.59,9220.17,青岛,1,2025-08-28T20:11:00+08:00
SO-202602-003223,CUS-0115,C,2026-02-21T11:34:00+08:00,2026-02-25T23:34:00+08:00,delivered,CNY,4090765.9,1670871.31,32726.13,东莞,2,2026-03-13T11:34:00+08:00
SO-202604-003224,CUS-0002,B,2026-04-11T18:05:00+08:00,2026-04-14T06:05:00+08:00,delivered,CNY,10173790.55,4844724.3,183128.23,杭州,4,2026-04-23T18:05:00+08:00
SO-202512-003225,CUS-0022,B,2025-12-15T00:05:00+08:00,2025-12-19T00:05:00+08:00,confirmed,CNY,2997723.48,1115627.58,53959.02,武汉,4,2026-01-08T00:05:00+08:00
SO-202606-003226,CUS-0108,B,2026-06-02T11:23:00+08:00,2026-06-05T23:23:00+08:00,at_risk,CNY,1472037.62,535242.65,26496.68,上海,4,2026-06-15T08:00:00+08:00
SO-202507-003227,CUS-0060,B,2025-07-07T08:25:00+08:00,2025-07-09T20:25:00+08:00,delivered,CNY,5814491.1,2597218.13,104660.84,上海,5,2025-08-18T08:25:00+08:00
SO-202508-003228,CUS-0070,A,2025-08-01T15:19:00+08:00,2025-08-05T15:19:00+08:00,delivered,CNY,10505485.7,4374850.16,367692.0,苏州,5,2025-08-23T15:19:00+08:00
SO-202605-003229,CUS-0080,B,2026-05-05T01:44:00+08:00,2026-05-08T01:44:00+08:00,at_risk,CNY,7125501.73,1512805.38,128259.03,武汉,3,2026-06-15T01:44:00+08:00
SO-202601-003230,CUS-0108,B,2026-01-06T10:52:00+08:00,2026-01-10T10:52:00+08:00,shipped,CNY,120278.71,34766.28,2165.02,上海,2,2026-01-07T10:52:00+08:00
SO-202602-003231,CUS-0062,B,2026-02-10T06:20:00+08:00,2026-02-15T06:20:00+08:00,at_risk,CNY,6103898.49,2220461.73,109870.17,苏州,2,2026-03-12T06:20:00+08:00
SO-202507-003232,CUS-0117,C,2025-07-29T17:26:00+08:00,2025-08-03T05:26:00+08:00,delivered,CNY,6561197.23,2536156.6,52489.58,苏州,5,2025-08-06T17:26:00+08:00
SO-202508-003233,CUS-0012,C,2025-08-03T01:14:00+08:00,2025-08-09T01:14:00+08:00,at_risk,CNY,5768264.77,2205917.51,46146.12,宁波,4,2025-08-21T01:14:00+08:00
SO-202509-003234,CUS-0117,C,2025-09-19T16:28:00+08:00,2025-09-24T16:28:00+08:00,cancelled,CNY,9791052.11,4206391.32,78328.42,苏州,5,2025-10-01T16:28:00+08:00
SO-202602-003235,CUS-0079,C,2026-02-03T02:41:00+08:00,2026-02-09T02:41:00+08:00,delivered,CNY,724142.8,258765.07,5793.14,东莞,3,2026-02-12T02:41:00+08:00
SO-202604-003236,CUS-0120,B,2026-04-05T08:21:00+08:00,2026-04-08T08:21:00+08:00,delivered,CNY,2188674.89,813504.78,39396.15,青岛,4,2026-04-09T08:21:00+08:00
SO-202602-003237,CUS-0029,B,2026-02-18T07:07:00+08:00,2026-02-23T07:07:00+08:00,delivered,CNY,5934859.17,1512202.99,106827.47,武汉,3,2026-03-27T07:07:00+08:00
SO-202603-003238,CUS-0104,C,2026-03-04T17:14:00+08:00,2026-03-09T05:14:00+08:00,delivered,CNY,1661675.49,653511.6,13293.4,武汉,2,2026-03-26T17:14:00+08:00
SO-202603-003239,CUS-0004,B,2026-03-22T00:45:00+08:00,2026-03-25T00:45:00+08:00,delivered,CNY,2613695.12,857432.88,47046.51,杭州,3,2026-03-26T00:45:00+08:00
SO-202508-003240,CUS-0018,B,2025-08-08T21:43:00+08:00,2025-08-11T21:43:00+08:00,confirmed,CNY,1380735.28,270961.37,24853.23,宁波,3,2025-09-12T21:43:00+08:00
SO-202509-003241,CUS-0089,B,2025-09-26T13:18:00+08:00,2025-10-01T13:18:00+08:00,delivered,CNY,6676022.13,2087109.35,120168.4,宁波,5,2025-11-01T13:18:00+08:00
SO-202602-003242,CUS-0093,A,2026-02-13T15:45:00+08:00,2026-02-16T03:45:00+08:00,confirmed,CNY,4726537.71,1344889.03,165428.82,武汉,5,2026-03-12T15:45:00+08:00
SO-202512-003243,CUS-0067,B,2025-12-17T22:29:00+08:00,2025-12-20T10:29:00+08:00,shipped,CNY,1272132.67,318717.25,22898.39,青岛,4,2025-12-17T22:29:00+08:00
SO-202508-003244,CUS-0017,C,2025-08-21T14:12:00+08:00,2025-08-26T02:12:00+08:00,delivered,CNY,31553.81,12461.87,252.43,青岛,1,2025-09-05T14:12:00+08:00
SO-202511-003245,CUS-0058,C,2025-11-20T14:04:00+08:00,2025-11-26T02:04:00+08:00,delivered,CNY,3589131.96,1241067.19,28713.06,苏州,3,2025-12-26T14:04:00+08:00
SO-202508-003246,CUS-0007,B,2025-08-01T14:39:00+08:00,2025-08-06T14:39:00+08:00,delivered,CNY,1831804.06,454708.2,32972.47,武汉,2,2025-08-20T14:39:00+08:00
SO-202512-003247,CUS-0087,B,2025-12-04T09:34:00+08:00,2025-12-08T09:34:00+08:00,confirmed,CNY,127517.58,46911.34,2295.32,天津,1,2026-01-17T09:34:00+08:00
SO-202509-003248,CUS-0073,C,2025-09-10T14:39:00+08:00,2025-09-15T02:39:00+08:00,delivered,CNY,889687.55,293014.77,7117.5,成都,1,2025-10-22T14:39:00+08:00
SO-202509-003249,CUS-0086,B,2025-09-06T22:52:00+08:00,2025-09-09T22:52:00+08:00,overdue,CNY,4830983.82,1592320.3,86957.71,青岛,4,2025-10-02T22:52:00+08:00
SO-202605-003250,CUS-0016,C,2026-05-27T08:22:00+08:00,2026-06-03T08:22:00+08:00,shipped,CNY,7943907.73,3641149.16,63551.26,杭州,3,2026-06-15T08:00:00+08:00
SO-202602-003251,CUS-0112,C,2026-02-07T03:52:00+08:00,2026-02-12T03:52:00+08:00,shipped,CNY,2504133.95,802422.06,20033.07,宁波,4,2026-02-28T03:52:00+08:00
SO-202511-003252,CUS-0083,B,2025-11-17T17:21:00+08:00,2025-11-20T05:21:00+08:00,cancelled,CNY,13649.41,5099.13,245.69,苏州,1,2025-11-25T17:21:00+08:00
SO-202508-003253,CUS-0043,C,2025-08-06T11:03:00+08:00,2025-08-11T11:03:00+08:00,delivered,CNY,321111.31,127492.71,2568.89,武汉,1,2025-09-09T11:03:00+08:00
SO-202511-003254,CUS-0073,C,2025-11-13T21:53:00+08:00,2025-11-20T21:53:00+08:00,delivered,CNY,247266.51,106800.27,1978.13,成都,1,2025-11-28T21:53:00+08:00
SO-202603-003255,CUS-0034,A,2026-03-26T19:13:00+08:00,2026-03-29T07:13:00+08:00,confirmed,CNY,199591.55,63869.15,6985.7,天津,1,2026-04-15T19:13:00+08:00
SO-202603-003256,CUS-0061,B,2026-03-21T12:18:00+08:00,2026-03-25T00:18:00+08:00,shipped,CNY,1189358.6,512764.04,21408.45,上海,2,2026-04-20T12:18:00+08:00
SO-202603-003257,CUS-0061,B,2026-03-08T16:16:00+08:00,2026-03-11T04:16:00+08:00,shipped,CNY,8410728.37,3005676.84,151393.11,上海,4,2026-03-13T16:16:00+08:00
SO-202512-003258,CUS-0068,A,2025-12-16T11:11:00+08:00,2025-12-18T23:11:00+08:00,delivered,CNY,1520496.18,424595.12,53217.37,成都,3,2025-12-18T11:11:00+08:00
SO-202512-003259,CUS-0072,B,2025-12-19T01:00:00+08:00,2025-12-22T01:00:00+08:00,cancelled,CNY,5418247.16,1896138.23,97528.45,天津,4,2026-01-17T01:00:00+08:00
SO-202510-003260,CUS-0113,B,2025-10-25T17:39:00+08:00,2025-10-28T05:39:00+08:00,shipped,CNY,154535.24,36201.8,2781.63,天津,1,2025-11-21T17:39:00+08:00
SO-202510-003261,CUS-0042,A,2025-10-29T09:11:00+08:00,2025-11-02T09:11:00+08:00,delivered,CNY,1011888.61,306517.09,35416.1,东莞,1,2025-12-02T09:11:00+08:00
SO-202509-003262,CUS-0088,A,2025-09-28T08:52:00+08:00,2025-10-01T08:52:00+08:00,delivered,CNY,1163450.67,518782.95,40720.77,武汉,1,2025-10-27T08:52:00+08:00
SO-202603-003263,CUS-0062,B,2026-03-07T15:38:00+08:00,2026-03-10T03:38:00+08:00,shipped,CNY,2655774.0,1163208.14,47803.93,苏州,4,2026-04-04T15:38:00+08:00
SO-202605-003264,CUS-0005,A,2026-05-19T13:51:00+08:00,2026-05-22T01:51:00+08:00,shipped,CNY,2182781.23,917358.37,76397.34,青岛,3,2026-06-15T08:00:00+08:00
SO-202603-003265,CUS-0088,A,2026-03-28T23:14:00+08:00,2026-03-30T11:14:00+08:00,delivered,CNY,352933.03,138731.07,12352.66,武汉,2,2026-04-21T23:14:00+08:00
SO-202511-003266,CUS-0030,B,2025-11-01T07:07:00+08:00,2025-11-04T19:07:00+08:00,confirmed,CNY,4694927.18,2049601.18,84508.69,上海,3,2025-12-06T07:07:00+08:00
SO-202507-003267,CUS-0093,A,2025-07-03T17:02:00+08:00,2025-07-06T17:02:00+08:00,delivered,CNY,6497026.63,2152949.28,227395.93,武汉,5,2025-08-01T17:02:00+08:00
SO-202510-003268,CUS-0095,B,2025-10-23T22:33:00+08:00,2025-10-26T10:33:00+08:00,shipped,CNY,8952503.39,2975555.44,161145.06,苏州,5,2025-11-23T22:33:00+08:00
SO-202605-003269,CUS-0032,A,2026-05-30T13:45:00+08:00,2026-06-02T01:45:00+08:00,confirmed,CNY,4329235.29,1830270.19,151523.24,苏州,4,2026-06-15T08:00:00+08:00
SO-202511-003270,CUS-0099,B,2025-11-07T16:47:00+08:00,2025-11-11T16:47:00+08:00,delivered,CNY,3805636.8,1208645.04,68501.46,武汉,5,2025-11-30T16:47:00+08:00
SO-202603-003271,CUS-0073,C,2026-03-27T20:47:00+08:00,2026-04-02T20:47:00+08:00,shipped,CNY,4407396.15,1421359.08,35259.17,成都,4,2026-04-21T20:47:00+08:00
SO-202508-003272,CUS-0113,B,2025-08-26T05:54:00+08:00,2025-08-31T05:54:00+08:00,confirmed,CNY,5676549.9,2110997.31,102177.9,天津,4,2025-08-29T05:54:00+08:00
SO-202508-003273,CUS-0119,B,2025-08-30T23:36:00+08:00,2025-09-02T11:36:00+08:00,delivered,CNY,4215535.72,1245487.93,75879.64,苏州,2,2025-09-27T23:36:00+08:00
SO-202510-003274,CUS-0056,B,2025-10-31T11:58:00+08:00,2025-11-05T11:58:00+08:00,shipped,CNY,1040946.64,410865.72,18737.04,成都,2,2025-12-12T11:58:00+08:00
SO-202509-003275,CUS-0084,C,2025-09-11T14:08:00+08:00,2025-09-17T02:08:00+08:00,delivered,CNY,443138.81,128630.02,3545.11,合肥,3,2025-10-04T14:08:00+08:00
SO-202601-003276,CUS-0084,C,2026-01-22T09:50:00+08:00,2026-01-27T09:50:00+08:00,delivered,CNY,4909174.79,2431341.17,39273.4,合肥,2,2026-02-13T09:50:00+08:00
SO-202606-003277,CUS-0010,B,2026-06-06T18:55:00+08:00,2026-06-10T06:55:00+08:00,at_risk,CNY,5931575.92,1809774.29,106768.37,合肥,2,2026-06-15T08:00:00+08:00
SO-202601-003278,CUS-0117,C,2026-01-10T17:08:00+08:00,2026-01-17T17:08:00+08:00,delivered,CNY,8276866.54,2165896.44,66214.93,苏州,4,2026-01-17T17:08:00+08:00
SO-202512-003279,CUS-0042,A,2025-12-19T10:42:00+08:00,2025-12-23T10:42:00+08:00,delivered,CNY,3857126.04,1271393.23,134999.41,东莞,4,2025-12-28T10:42:00+08:00
SO-202512-003280,CUS-0086,B,2025-12-08T00:58:00+08:00,2025-12-11T12:58:00+08:00,confirmed,CNY,4193094.95,1390122.03,75475.71,青岛,3,2026-01-07T00:58:00+08:00
SO-202511-003281,CUS-0106,A,2025-11-11T17:33:00+08:00,2025-11-13T05:33:00+08:00,delivered,CNY,1980883.96,750140.87,69330.94,天津,1,2025-11-24T17:33:00+08:00
SO-202601-003282,CUS-0012,C,2026-01-23T17:33:00+08:00,2026-01-29T17:33:00+08:00,delivered,CNY,5375489.64,1969505.04,43003.92,宁波,3,2026-01-28T17:33:00+08:00
SO-202507-003283,CUS-0090,B,2025-07-10T06:03:00+08:00,2025-07-15T06:03:00+08:00,at_risk,CNY,125229.38,54846.38,2254.13,天津,1,2025-07-19T06:03:00+08:00
SO-202601-003284,CUS-0021,B,2026-01-06T09:13:00+08:00,2026-01-11T09:13:00+08:00,cancelled,CNY,1707253.31,449920.59,30730.56,成都,1,2026-01-25T09:13:00+08:00
SO-202604-003285,CUS-0035,C,2026-04-20T01:16:00+08:00,2026-04-26T01:16:00+08:00,cancelled,CNY,416693.75,155665.75,3333.55,武汉,2,2026-05-20T01:16:00+08:00
SO-202510-003286,CUS-0103,B,2025-10-02T13:20:00+08:00,2025-10-05T01:20:00+08:00,shipped,CNY,756074.58,190822.74,13609.34,宁波,1,2025-11-15T13:20:00+08:00
SO-202512-003287,CUS-0012,C,2025-12-04T18:36:00+08:00,2025-12-09T06:36:00+08:00,at_risk,CNY,4303427.95,1351964.47,34427.42,宁波,4,2025-12-14T18:36:00+08:00
SO-202602-003288,CUS-0086,B,2026-02-23T19:00:00+08:00,2026-02-26T19:00:00+08:00,delivered,CNY,1151254.01,425903.15,20722.57,青岛,4,2026-03-08T19:00:00+08:00
SO-202509-003289,CUS-0057,C,2025-09-10T04:04:00+08:00,2025-09-15T16:04:00+08:00,delivered,CNY,7732663.95,3523211.21,61861.31,成都,5,2025-09-15T04:04:00+08:00
SO-202508-003290,CUS-0086,B,2025-08-04T14:11:00+08:00,2025-08-09T14:11:00+08:00,shipped,CNY,206087.08,65431.3,3709.57,青岛,1,2025-09-18T14:11:00+08:00
SO-202604-003291,CUS-0002,B,2026-04-25T11:52:00+08:00,2026-04-30T11:52:00+08:00,at_risk,CNY,3156543.55,1268013.63,56817.78,杭州,1,2026-05-07T11:52:00+08:00
SO-202603-003292,CUS-0117,C,2026-03-09T11:06:00+08:00,2026-03-14T11:06:00+08:00,overdue,CNY,6371501.37,3113264.97,50972.01,苏州,1,2026-04-18T11:06:00+08:00
SO-202604-003293,CUS-0096,C,2026-04-02T14:28:00+08:00,2026-04-07T02:28:00+08:00,delivered,CNY,4425790.59,1540621.85,35406.32,苏州,5,2026-04-15T14:28:00+08:00
SO-202509-003294,CUS-0110,B,2025-09-05T13:14:00+08:00,2025-09-10T13:14:00+08:00,confirmed,CNY,1781214.1,567256.15,32061.85,成都,1,2025-09-20T13:14:00+08:00
SO-202511-003295,CUS-0106,A,2025-11-01T18:44:00+08:00,2025-11-04T18:44:00+08:00,confirmed,CNY,1467197.04,696830.92,51351.9,天津,1,2025-12-11T18:44:00+08:00
SO-202606-003296,CUS-0067,B,2026-06-14T02:53:00+08:00,2026-06-19T02:53:00+08:00,at_risk,CNY,4552046.41,2007828.64,81936.84,青岛,3,2026-06-15T08:00:00+08:00
SO-202603-003297,CUS-0074,C,2026-03-14T04:41:00+08:00,2026-03-19T04:41:00+08:00,shipped,CNY,8177902.56,3428422.57,65423.22,苏州,4,2026-03-30T04:41:00+08:00
SO-202604-003298,CUS-0026,B,2026-04-21T14:11:00+08:00,2026-04-24T02:11:00+08:00,shipped,CNY,478149.52,209840.74,8606.69,天津,1,2026-05-23T14:11:00+08:00
SO-202603-003299,CUS-0101,C,2026-03-17T21:44:00+08:00,2026-03-23T21:44:00+08:00,confirmed,CNY,9139255.28,3670839.54,73114.04,武汉,5,2026-04-06T21:44:00+08:00
SO-202512-003300,CUS-0040,C,2025-12-20T23:24:00+08:00,2025-12-25T11:24:00+08:00,shipped,CNY,3651065.55,1390262.87,29208.52,合肥,3,2026-01-09T23:24:00+08:00
SO-202510-003301,CUS-0093,A,2025-10-24T13:12:00+08:00,2025-10-26T01:12:00+08:00,shipped,CNY,2617992.07,1048167.78,91629.72,武汉,3,2025-10-30T13:12:00+08:00
SO-202507-003302,CUS-0025,B,2025-07-21T14:29:00+08:00,2025-07-26T14:29:00+08:00,confirmed,CNY,3180960.26,1211995.79,57257.28,东莞,5,2025-08-19T14:29:00+08:00
SO-202602-003303,CUS-0100,B,2026-02-09T19:15:00+08:00,2026-02-12T19:15:00+08:00,confirmed,CNY,8526357.4,3362103.34,153474.43,成都,3,2026-03-26T19:15:00+08:00
SO-202509-003304,CUS-0022,B,2025-09-30T11:03:00+08:00,2025-10-02T23:03:00+08:00,delivered,CNY,4274012.18,1918743.18,76932.22,武汉,3,2025-10-27T11:03:00+08:00
SO-202512-003305,CUS-0021,B,2025-12-15T08:08:00+08:00,2025-12-18T20:08:00+08:00,overdue,CNY,3937367.94,1605508.24,70872.62,成都,2,2025-12-24T08:08:00+08:00
SO-202603-003306,CUS-0112,C,2026-03-24T16:49:00+08:00,2026-03-29T04:49:00+08:00,at_risk,CNY,6232745.76,1895995.65,49861.97,宁波,4,2026-04-07T16:49:00+08:00
SO-202512-003307,CUS-0049,C,2025-12-09T03:29:00+08:00,2025-12-13T15:29:00+08:00,confirmed,CNY,547631.1,229294.2,4381.05,东莞,1,2026-01-14T03:29:00+08:00
SO-202606-003308,CUS-0083,B,2026-06-10T10:15:00+08:00,2026-06-13T22:15:00+08:00,delivered,CNY,2936409.81,921132.78,52855.38,苏州,4,2026-06-15T08:00:00+08:00
SO-202601-003309,CUS-0006,C,2026-01-29T04:46:00+08:00,2026-02-03T04:46:00+08:00,shipped,CNY,7919518.47,3068847.27,63356.15,杭州,4,2026-03-05T04:46:00+08:00
SO-202508-003310,CUS-0074,C,2025-08-10T06:06:00+08:00,2025-08-15T06:06:00+08:00,at_risk,CNY,5471181.21,1929656.06,43769.45,苏州,4,2025-09-20T06:06:00+08:00
SO-202601-003311,CUS-0088,A,2026-01-17T17:35:00+08:00,2026-01-21T17:35:00+08:00,delivered,CNY,647782.6,286531.02,22672.39,武汉,1,2026-02-26T17:35:00+08:00
SO-202512-003312,CUS-0045,B,2025-12-04T06:04:00+08:00,2025-12-07T18:04:00+08:00,at_risk,CNY,1921756.11,678951.36,34591.61,成都,3,2025-12-21T06:04:00+08:00
SO-202601-003313,CUS-0100,B,2026-01-08T12:26:00+08:00,2026-01-12T00:26:00+08:00,at_risk,CNY,6751286.69,2766408.94,121523.16,成都,4,2026-01-29T12:26:00+08:00
SO-202512-003314,CUS-0080,B,2025-12-18T14:37:00+08:00,2025-12-22T14:37:00+08:00,delivered,CNY,3329079.24,1247104.82,59923.43,武汉,5,2025-12-27T14:37:00+08:00
SO-202603-003315,CUS-0071,C,2026-03-30T19:10:00+08:00,2026-04-04T19:10:00+08:00,delivered,CNY,2602141.65,969126.75,20817.13,杭州,1,2026-04-16T19:10:00+08:00
SO-202601-003316,CUS-0071,C,2026-01-06T07:03:00+08:00,2026-01-13T07:03:00+08:00,at_risk,CNY,169970.63,49503.11,1359.77,杭州,1,2026-02-05T07:03:00+08:00
SO-202601-003317,CUS-0031,C,2026-01-07T12:45:00+08:00,2026-01-12T12:45:00+08:00,shipped,CNY,1362443.78,324470.12,10899.55,青岛,3,2026-02-02T12:45:00+08:00
SO-202601-003318,CUS-0001,C,2026-01-05T17:52:00+08:00,2026-01-10T17:52:00+08:00,shipped,CNY,4445995.09,1702729.17,35567.96,苏州,4,2026-01-19T17:52:00+08:00
SO-202605-003319,CUS-0011,C,2026-05-22T20:51:00+08:00,2026-05-28T08:51:00+08:00,confirmed,CNY,912843.93,416725.92,7302.75,青岛,3,2026-06-15T08:00:00+08:00
SO-202605-003320,CUS-0019,B,2026-05-25T09:10:00+08:00,2026-05-27T21:10:00+08:00,delivered,CNY,222392.92,85013.6,4003.07,合肥,1,2026-06-13T09:10:00+08:00
SO-202605-003321,CUS-0014,C,2026-05-03T12:52:00+08:00,2026-05-10T12:52:00+08:00,delivered,CNY,8878269.35,3538758.56,71026.15,东莞,5,2026-05-27T12:52:00+08:00
SO-202602-003322,CUS-0119,B,2026-02-25T12:47:00+08:00,2026-02-28T12:47:00+08:00,confirmed,CNY,1534123.09,448333.57,27614.22,苏州,5,2026-03-05T12:47:00+08:00
SO-202511-003323,CUS-0092,B,2025-11-14T13:57:00+08:00,2025-11-17T01:57:00+08:00,delivered,CNY,8165492.11,3211295.67,146978.86,苏州,5,2025-12-29T13:57:00+08:00
SO-202512-003324,CUS-0106,A,2025-12-17T06:37:00+08:00,2025-12-19T06:37:00+08:00,delivered,CNY,2126288.15,822227.96,74420.09,天津,4,2026-01-01T06:37:00+08:00
SO-202604-003325,CUS-0028,B,2026-04-05T18:11:00+08:00,2026-04-09T06:11:00+08:00,confirmed,CNY,303706.02,116472.27,5466.71,成都,3,2026-05-17T18:11:00+08:00
SO-202510-003326,CUS-0046,B,2025-10-06T13:37:00+08:00,2025-10-10T13:37:00+08:00,delivered,CNY,817045.69,363847.89,14706.82,青岛,1,2025-10-14T13:37:00+08:00
SO-202604-003327,CUS-0055,C,2026-04-22T04:45:00+08:00,2026-04-28T04:45:00+08:00,at_risk,CNY,783456.63,149858.17,6267.65,上海,1,2026-06-02T04:45:00+08:00
SO-202605-003328,CUS-0095,B,2026-05-06T07:36:00+08:00,2026-05-09T19:36:00+08:00,confirmed,CNY,5098786.8,2122888.36,91778.16,苏州,5,2026-06-02T07:36:00+08:00
SO-202602-003329,CUS-0070,A,2026-02-01T20:31:00+08:00,2026-02-03T20:31:00+08:00,confirmed,CNY,13231820.98,4747564.16,463113.73,苏州,5,2026-02-08T20:31:00+08:00
SO-202601-003330,CUS-0006,C,2026-01-08T05:04:00+08:00,2026-01-13T17:04:00+08:00,overdue,CNY,339908.91,104889.23,2719.27,杭州,1,2026-01-27T05:04:00+08:00
SO-202512-003331,CUS-0016,C,2025-12-06T16:44:00+08:00,2025-12-11T16:44:00+08:00,at_risk,CNY,1743836.88,451248.95,13950.7,杭州,4,2026-01-10T16:44:00+08:00
SO-202603-003332,CUS-0113,B,2026-03-02T01:12:00+08:00,2026-03-05T13:12:00+08:00,delivered,CNY,3226494.88,1357374.61,58076.91,天津,5,2026-03-11T01:12:00+08:00
SO-202509-003333,CUS-0050,B,2025-09-08T01:19:00+08:00,2025-09-11T13:19:00+08:00,delivered,CNY,4281392.04,1536607.4,77065.06,上海,5,2025-09-24T01:19:00+08:00
SO-202603-003334,CUS-0097,B,2026-03-25T22:33:00+08:00,2026-03-28T22:33:00+08:00,shipped,CNY,2946775.86,653045.62,53041.97,杭州,1,2026-05-09T22:33:00+08:00
SO-202511-003335,CUS-0079,C,2025-11-15T10:14:00+08:00,2025-11-19T22:14:00+08:00,delivered,CNY,4023531.22,1342261.5,32188.25,东莞,5,2025-12-01T10:14:00+08:00
SO-202602-003336,CUS-0085,B,2026-02-13T11:54:00+08:00,2026-02-18T11:54:00+08:00,delivered,CNY,4984299.51,1699438.68,89717.39,青岛,4,2026-02-26T11:54:00+08:00
SO-202603-003337,CUS-0033,B,2026-03-30T21:47:00+08:00,2026-04-03T21:47:00+08:00,at_risk,CNY,886056.55,252475.8,15949.02,青岛,3,2026-04-29T21:47:00+08:00
SO-202507-003338,CUS-0118,C,2025-07-26T13:11:00+08:00,2025-07-31T13:11:00+08:00,cancelled,CNY,2565586.45,992970.33,20524.69,上海,3,2025-08-23T13:11:00+08:00
SO-202510-003339,CUS-0041,B,2025-10-18T05:04:00+08:00,2025-10-22T05:04:00+08:00,delivered,CNY,1672087.15,780339.16,30097.57,成都,3,2025-11-23T05:04:00+08:00
SO-202606-003340,CUS-0078,B,2026-06-10T05:59:00+08:00,2026-06-15T05:59:00+08:00,delivered,CNY,3500054.18,1594726.26,63000.98,武汉,2,2026-06-15T08:00:00+08:00
SO-202604-003341,CUS-0054,C,2026-04-10T08:59:00+08:00,2026-04-17T08:59:00+08:00,at_risk,CNY,4888940.29,1783451.36,39111.52,青岛,2,2026-04-23T08:59:00+08:00
SO-202601-003342,CUS-0018,B,2026-01-23T01:28:00+08:00,2026-01-25T13:28:00+08:00,confirmed,CNY,3330455.57,1043840.87,59948.2,宁波,2,2026-03-04T01:28:00+08:00
SO-202605-003343,CUS-0042,A,2026-05-08T03:06:00+08:00,2026-05-11T03:06:00+08:00,confirmed,CNY,3423766.98,1184103.78,119831.84,东莞,4,2026-05-20T03:06:00+08:00
SO-202601-003344,CUS-0055,C,2026-01-30T11:09:00+08:00,2026-02-04T23:09:00+08:00,confirmed,CNY,1982380.09,779743.75,15859.04,上海,2,2026-03-16T11:09:00+08:00
SO-202510-003345,CUS-0050,B,2025-10-24T14:53:00+08:00,2025-10-28T02:53:00+08:00,delivered,CNY,5410510.75,1514415.79,97389.19,上海,5,2025-11-06T14:53:00+08:00
SO-202606-003346,CUS-0023,A,2026-06-07T09:09:00+08:00,2026-06-10T09:09:00+08:00,delivered,CNY,1556281.16,662241.26,54469.84,青岛,3,2026-06-15T08:00:00+08:00
SO-202603-003347,CUS-0099,B,2026-03-22T21:07:00+08:00,2026-03-27T21:07:00+08:00,confirmed,CNY,3214452.9,1115560.76,57860.15,武汉,5,2026-03-31T21:07:00+08:00
SO-202511-003348,CUS-0049,C,2025-11-24T10:37:00+08:00,2025-11-30T10:37:00+08:00,overdue,CNY,841471.62,317365.04,6731.77,东莞,2,2025-12-17T10:37:00+08:00
SO-202511-003349,CUS-0024,B,2025-11-14T21:19:00+08:00,2025-11-18T21:19:00+08:00,delivered,CNY,1292698.21,418141.25,23268.57,合肥,1,2025-12-20T21:19:00+08:00
SO-202606-003350,CUS-0038,C,2026-06-02T03:08:00+08:00,2026-06-07T03:08:00+08:00,confirmed,CNY,2841864.02,1236903.43,22734.91,宁波,3,2026-06-15T08:00:00+08:00
SO-202511-003351,CUS-0039,B,2025-11-15T08:26:00+08:00,2025-11-18T08:26:00+08:00,at_risk,CNY,28752.92,7758.87,517.55,武汉,1,2025-11-15T08:26:00+08:00
SO-202507-003352,CUS-0062,B,2025-07-08T19:47:00+08:00,2025-07-12T19:47:00+08:00,delivered,CNY,5340504.31,1594777.77,96129.08,苏州,4,2025-08-13T19:47:00+08:00
SO-202509-003353,CUS-0074,C,2025-09-15T11:07:00+08:00,2025-09-20T23:07:00+08:00,at_risk,CNY,2693075.51,1073995.78,21544.6,苏州,5,2025-10-09T11:07:00+08:00
SO-202512-003354,CUS-0073,C,2025-12-11T06:07:00+08:00,2025-12-18T06:07:00+08:00,confirmed,CNY,3061610.62,1246287.21,24492.88,成都,4,2025-12-23T06:07:00+08:00
SO-202511-003355,CUS-0046,B,2025-11-27T17:18:00+08:00,2025-11-30T17:18:00+08:00,confirmed,CNY,4754843.88,2007081.4,85587.19,青岛,2,2025-12-07T17:18:00+08:00
SO-202601-003356,CUS-0109,C,2026-01-12T23:16:00+08:00,2026-01-19T23:16:00+08:00,confirmed,CNY,541526.27,137688.29,4332.21,东莞,3,2026-01-24T23:16:00+08:00
SO-202509-003357,CUS-0014,C,2025-09-27T07:27:00+08:00,2025-10-04T07:27:00+08:00,delivered,CNY,1792258.09,736191.83,14338.06,东莞,3,2025-09-30T07:27:00+08:00
SO-202603-003358,CUS-0023,A,2026-03-26T16:02:00+08:00,2026-03-29T04:02:00+08:00,delivered,CNY,6699142.97,2685087.3,234470.0,青岛,3,2026-04-18T16:02:00+08:00
SO-202509-003359,CUS-0056,B,2025-09-29T18:31:00+08:00,2025-10-03T06:31:00+08:00,at_risk,CNY,6144393.8,2393419.47,110599.09,成都,4,2025-10-22T18:31:00+08:00
SO-202508-003360,CUS-0033,B,2025-08-20T23:52:00+08:00,2025-08-25T23:52:00+08:00,delivered,CNY,3717890.42,1462912.2,66922.03,青岛,4,2025-09-03T23:52:00+08:00
SO-202512-003361,CUS-0101,C,2025-12-26T21:47:00+08:00,2025-12-31T09:47:00+08:00,delivered,CNY,994146.34,376591.36,7953.17,武汉,1,2026-01-12T21:47:00+08:00
SO-202604-003362,CUS-0014,C,2026-04-28T12:32:00+08:00,2026-05-04T00:32:00+08:00,delivered,CNY,1082144.97,456040.4,8657.16,东莞,4,2026-06-12T12:32:00+08:00
SO-202601-003363,CUS-0058,C,2026-01-04T08:19:00+08:00,2026-01-10T08:19:00+08:00,delivered,CNY,8011878.1,3357481.29,64095.02,苏州,5,2026-01-13T08:19:00+08:00
SO-202606-003364,CUS-0086,B,2026-06-09T12:24:00+08:00,2026-06-13T00:24:00+08:00,shipped,CNY,2115782.14,663852.41,38084.08,青岛,3,2026-06-15T08:00:00+08:00
SO-202603-003365,CUS-0021,B,2026-03-20T11:30:00+08:00,2026-03-24T11:30:00+08:00,delivered,CNY,3402339.49,1208494.74,61242.11,成都,3,2026-04-26T11:30:00+08:00
SO-202512-003366,CUS-0008,A,2025-12-13T16:49:00+08:00,2025-12-16T16:49:00+08:00,confirmed,CNY,217632.89,82914.34,7617.15,青岛,1,2026-01-01T16:49:00+08:00
SO-202507-003367,CUS-0054,C,2025-07-25T04:56:00+08:00,2025-07-29T16:56:00+08:00,delivered,CNY,3602195.0,1616071.4,28817.56,青岛,2,2025-08-20T04:56:00+08:00
SO-202601-003368,CUS-0095,B,2026-01-23T13:25:00+08:00,2026-01-28T13:25:00+08:00,confirmed,CNY,707987.99,291313.09,12743.78,苏州,3,2026-02-21T13:25:00+08:00
SO-202603-003369,CUS-0078,B,2026-03-06T22:17:00+08:00,2026-03-10T10:17:00+08:00,delivered,CNY,1846704.07,889121.43,33240.67,武汉,4,2026-03-26T22:17:00+08:00
SO-202507-003370,CUS-0070,A,2025-07-31T15:30:00+08:00,2025-08-03T15:30:00+08:00,confirmed,CNY,53576.94,22750.02,1875.19,苏州,1,2025-09-04T15:30:00+08:00
SO-202509-003371,CUS-0107,B,2025-09-04T08:57:00+08:00,2025-09-09T08:57:00+08:00,shipped,CNY,2802898.06,988530.68,50452.16,成都,3,2025-09-18T08:57:00+08:00
SO-202508-003372,CUS-0086,B,2025-08-29T02:43:00+08:00,2025-09-02T02:43:00+08:00,shipped,CNY,4205196.01,1404677.17,75693.53,青岛,5,2025-08-31T02:43:00+08:00
SO-202605-003373,CUS-0064,C,2026-05-03T12:15:00+08:00,2026-05-08T00:15:00+08:00,shipped,CNY,1351544.83,418274.47,10812.36,东莞,1,2026-05-24T12:15:00+08:00
SO-202509-003374,CUS-0028,B,2025-09-17T13:43:00+08:00,2025-09-21T13:43:00+08:00,at_risk,CNY,5551441.74,1717864.88,99925.95,成都,3,2025-10-13T13:43:00+08:00
SO-202512-003375,CUS-0051,C,2025-12-07T18:38:00+08:00,2025-12-12T06:38:00+08:00,confirmed,CNY,422597.77,138339.43,3380.78,武汉,1,2025-12-26T18:38:00+08:00
SO-202512-003376,CUS-0085,B,2025-12-06T20:31:00+08:00,2025-12-10T20:31:00+08:00,delivered,CNY,7132120.82,2850635.31,128378.17,青岛,5,2025-12-19T20:31:00+08:00
SO-202602-003377,CUS-0097,B,2026-02-28T08:43:00+08:00,2026-03-04T08:43:00+08:00,delivered,CNY,6465032.5,2310585.3,116370.58,杭州,2,2026-04-04T08:43:00+08:00
SO-202510-003378,CUS-0107,B,2025-10-26T23:11:00+08:00,2025-10-29T11:11:00+08:00,delivered,CNY,2408249.71,944562.31,43348.49,成都,1,2025-11-26T23:11:00+08:00
SO-202601-003379,CUS-0084,C,2026-01-07T17:00:00+08:00,2026-01-14T17:00:00+08:00,cancelled,CNY,3669642.23,1293466.28,29357.14,合肥,5,2026-01-12T17:00:00+08:00
SO-202511-003380,CUS-0041,B,2025-11-25T00:30:00+08:00,2025-11-29T00:30:00+08:00,delivered,CNY,4525081.9,1888867.56,81451.47,成都,4,2025-12-01T00:30:00+08:00
SO-202601-003381,CUS-0101,C,2026-01-30T12:35:00+08:00,2026-02-04T12:35:00+08:00,at_risk,CNY,1157280.58,385783.72,9258.24,武汉,2,2026-02-11T12:35:00+08:00
SO-202508-003382,CUS-0092,B,2025-08-04T00:03:00+08:00,2025-08-07T12:03:00+08:00,confirmed,CNY,1669914.89,724902.66,30058.47,苏州,5,2025-09-12T00:03:00+08:00
SO-202510-003383,CUS-0058,C,2025-10-06T08:21:00+08:00,2025-10-10T20:21:00+08:00,delivered,CNY,406256.7,129537.49,3250.05,苏州,3,2025-10-09T08:21:00+08:00
SO-202601-003384,CUS-0052,C,2026-01-31T17:48:00+08:00,2026-02-05T17:48:00+08:00,delivered,CNY,4330235.95,1643839.46,34641.89,上海,5,2026-03-13T17:48:00+08:00
SO-202509-003385,CUS-0023,A,2025-09-09T18:34:00+08:00,2025-09-11T18:34:00+08:00,shipped,CNY,2266471.65,1127652.76,79326.51,青岛,2,2025-09-25T18:34:00+08:00
SO-202605-003386,CUS-0031,C,2026-05-02T03:36:00+08:00,2026-05-07T15:36:00+08:00,confirmed,CNY,701447.79,167041.47,5611.58,青岛,3,2026-05-29T03:36:00+08:00
SO-202512-003387,CUS-0021,B,2025-12-09T06:15:00+08:00,2025-12-11T18:15:00+08:00,at_risk,CNY,8115388.56,3266854.58,146076.99,成都,4,2025-12-27T06:15:00+08:00
SO-202604-003388,CUS-0092,B,2026-04-14T00:04:00+08:00,2026-04-19T00:04:00+08:00,at_risk,CNY,1989745.6,687416.7,35815.42,苏州,4,2026-05-25T00:04:00+08:00
SO-202508-003389,CUS-0005,A,2025-08-22T06:59:00+08:00,2025-08-26T06:59:00+08:00,delivered,CNY,1593762.41,337148.49,55781.68,青岛,1,2025-10-05T06:59:00+08:00
SO-202604-003390,CUS-0081,B,2026-04-05T20:47:00+08:00,2026-04-08T20:47:00+08:00,delivered,CNY,4909506.16,1661315.24,88371.11,天津,5,2026-04-12T20:47:00+08:00
SO-202510-003391,CUS-0084,C,2025-10-26T16:17:00+08:00,2025-11-01T16:17:00+08:00,shipped,CNY,10480.66,4476.82,83.85,合肥,1,2025-12-03T16:17:00+08:00
SO-202509-003392,CUS-0105,C,2025-09-30T05:30:00+08:00,2025-10-05T05:30:00+08:00,delivered,CNY,143316.53,43935.59,1146.53,成都,2,2025-10-28T05:30:00+08:00
SO-202510-003393,CUS-0040,C,2025-10-18T10:36:00+08:00,2025-10-23T22:36:00+08:00,delivered,CNY,8353877.61,3560035.29,66831.02,合肥,3,2025-11-21T10:36:00+08:00
SO-202601-003394,CUS-0085,B,2026-01-15T13:36:00+08:00,2026-01-19T13:36:00+08:00,delivered,CNY,1605171.85,695034.7,28893.09,青岛,4,2026-02-25T13:36:00+08:00
SO-202506-003395,CUS-0074,C,2025-06-21T21:21:00+08:00,2025-06-27T09:21:00+08:00,delivered,CNY,5832439.9,2671064.32,46659.52,苏州,4,2025-07-23T21:21:00+08:00
SO-202508-003396,CUS-0041,B,2025-08-12T15:43:00+08:00,2025-08-15T03:43:00+08:00,confirmed,CNY,163289.79,41324.99,2939.22,成都,1,2025-09-21T15:43:00+08:00
SO-202512-003397,CUS-0063,B,2025-12-13T16:40:00+08:00,2025-12-18T16:40:00+08:00,delivered,CNY,2481718.9,1147664.71,44670.94,杭州,2,2026-01-22T16:40:00+08:00
SO-202509-003398,CUS-0032,A,2025-09-21T14:16:00+08:00,2025-09-25T14:16:00+08:00,cancelled,CNY,728797.39,166343.15,25507.91,苏州,2,2025-09-24T14:16:00+08:00
SO-202603-003399,CUS-0011,C,2026-03-26T01:14:00+08:00,2026-03-31T01:14:00+08:00,delivered,CNY,1428624.35,542231.67,11428.99,青岛,5,2026-04-28T01:14:00+08:00
SO-202604-003400,CUS-0061,B,2026-04-06T09:33:00+08:00,2026-04-09T09:33:00+08:00,delivered,CNY,12233907.29,5696861.29,220210.33,上海,5,2026-05-18T09:33:00+08:00
SO-202602-003401,CUS-0104,C,2026-02-21T01:24:00+08:00,2026-02-28T01:24:00+08:00,delivered,CNY,8343388.4,3107312.56,66747.11,武汉,5,2026-03-03T01:24:00+08:00
SO-202509-003402,CUS-0027,B,2025-09-01T02:14:00+08:00,2025-09-04T14:14:00+08:00,delivered,CNY,2026402.76,847890.61,36475.25,合肥,3,2025-09-25T02:14:00+08:00
SO-202509-003403,CUS-0074,C,2025-09-28T23:06:00+08:00,2025-10-03T11:06:00+08:00,overdue,CNY,2224308.37,796636.81,17794.47,苏州,3,2025-10-26T23:06:00+08:00
SO-202602-003404,CUS-0049,C,2026-02-11T05:47:00+08:00,2026-02-17T05:47:00+08:00,confirmed,CNY,879563.14,268240.59,7036.51,东莞,2,2026-03-06T05:47:00+08:00
SO-202510-003405,CUS-0076,B,2025-10-29T19:59:00+08:00,2025-11-03T19:59:00+08:00,confirmed,CNY,6055307.79,2059711.25,108995.54,杭州,4,2025-12-02T19:59:00+08:00
SO-202512-003406,CUS-0031,C,2025-12-31T09:58:00+08:00,2026-01-05T21:58:00+08:00,delivered,CNY,90478.29,25042.31,723.83,青岛,3,2026-02-09T09:58:00+08:00
SO-202602-003407,CUS-0116,C,2026-02-19T13:13:00+08:00,2026-02-24T01:13:00+08:00,delivered,CNY,11049300.36,4321454.94,88394.4,合肥,3,2026-02-27T13:13:00+08:00
SO-202508-003408,CUS-0098,C,2025-08-15T15:37:00+08:00,2025-08-22T15:37:00+08:00,delivered,CNY,7448805.39,2768337.05,59590.44,青岛,5,2025-09-27T15:37:00+08:00
SO-202506-003409,CUS-0107,B,2025-06-23T11:21:00+08:00,2025-06-26T11:21:00+08:00,at_risk,CNY,5611585.39,1569167.52,101008.54,成都,5,2025-07-16T11:21:00+08:00
SO-202508-003410,CUS-0113,B,2025-08-09T12:50:00+08:00,2025-08-13T00:50:00+08:00,delivered,CNY,6807524.81,2351483.33,122535.45,天津,4,2025-09-15T12:50:00+08:00
SO-202509-003411,CUS-0004,B,2025-09-08T17:50:00+08:00,2025-09-11T05:50:00+08:00,confirmed,CNY,3901086.0,1412065.17,70219.55,杭州,5,2025-10-13T17:50:00+08:00
SO-202510-003412,CUS-0086,B,2025-10-12T07:24:00+08:00,2025-10-15T19:24:00+08:00,delivered,CNY,381601.69,93192.82,6868.83,青岛,1,2025-11-18T07:24:00+08:00
SO-202605-003413,CUS-0108,B,2026-05-09T10:29:00+08:00,2026-05-13T10:29:00+08:00,delivered,CNY,771264.08,202475.42,13882.75,上海,4,2026-06-15T08:00:00+08:00
SO-202603-003414,CUS-0049,C,2026-03-18T05:08:00+08:00,2026-03-22T17:08:00+08:00,delivered,CNY,1265173.94,532155.58,10121.39,东莞,4,2026-03-22T05:08:00+08:00
SO-202507-003415,CUS-0067,B,2025-07-13T17:56:00+08:00,2025-07-17T05:56:00+08:00,confirmed,CNY,2990053.28,934973.77,53820.96,青岛,3,2025-07-18T17:56:00+08:00
SO-202604-003416,CUS-0072,B,2026-04-05T09:34:00+08:00,2026-04-07T21:34:00+08:00,delivered,CNY,7214157.61,3430681.13,129854.84,天津,1,2026-04-16T09:34:00+08:00
SO-202602-003417,CUS-0029,B,2026-02-28T01:28:00+08:00,2026-03-03T01:28:00+08:00,confirmed,CNY,4910159.65,920285.37,88382.87,武汉,1,2026-03-17T01:28:00+08:00
SO-202603-003418,CUS-0010,B,2026-03-25T06:04:00+08:00,2026-03-27T18:04:00+08:00,shipped,CNY,1657783.12,586540.32,29840.1,合肥,2,2026-05-05T06:04:00+08:00
SO-202605-003419,CUS-0001,C,2026-05-25T03:56:00+08:00,2026-06-01T03:56:00+08:00,shipped,CNY,2527764.27,1089564.03,20222.11,苏州,4,2026-06-02T03:56:00+08:00
SO-202510-003420,CUS-0009,C,2025-10-16T05:02:00+08:00,2025-10-22T05:02:00+08:00,shipped,CNY,1533666.78,614195.8,12269.33,东莞,2,2025-10-24T05:02:00+08:00
SO-202603-003421,CUS-0044,B,2026-03-07T17:41:00+08:00,2026-03-10T17:41:00+08:00,cancelled,CNY,2156960.68,950365.46,38825.29,宁波,3,2026-03-28T17:41:00+08:00
SO-202602-003422,CUS-0046,B,2026-02-21T15:48:00+08:00,2026-02-24T03:48:00+08:00,delivered,CNY,1319644.01,533121.31,23753.59,青岛,3,2026-04-01T15:48:00+08:00
SO-202510-003423,CUS-0023,A,2025-10-17T03:25:00+08:00,2025-10-19T15:25:00+08:00,shipped,CNY,1171076.28,337714.49,40987.67,青岛,3,2025-11-11T03:25:00+08:00
SO-202512-003424,CUS-0116,C,2025-12-17T05:27:00+08:00,2025-12-22T05:27:00+08:00,delivered,CNY,1511962.19,590340.2,12095.7,合肥,3,2025-12-19T05:27:00+08:00
SO-202509-003425,CUS-0012,C,2025-09-23T08:39:00+08:00,2025-09-28T08:39:00+08:00,shipped,CNY,4196040.55,1265654.37,33568.32,宁波,3,2025-09-25T08:39:00+08:00
SO-202605-003426,CUS-0030,B,2026-05-15T03:50:00+08:00,2026-05-17T15:50:00+08:00,delivered,CNY,9945419.34,3732070.99,179017.55,上海,5,2026-06-15T08:00:00+08:00
SO-202507-003427,CUS-0096,C,2025-07-18T09:31:00+08:00,2025-07-23T21:31:00+08:00,confirmed,CNY,5938927.53,1871992.51,47511.42,苏州,5,2025-08-27T09:31:00+08:00
SO-202509-003428,CUS-0006,C,2025-09-21T02:52:00+08:00,2025-09-28T02:52:00+08:00,delivered,CNY,5964555.73,2879161.47,47716.45,杭州,2,2025-10-22T02:52:00+08:00
SO-202506-003429,CUS-0083,B,2025-06-28T20:57:00+08:00,2025-07-01T08:57:00+08:00,cancelled,CNY,916131.54,376196.96,16490.37,苏州,4,2025-07-06T20:57:00+08:00
SO-202604-003430,CUS-0083,B,2026-04-20T03:53:00+08:00,2026-04-24T03:53:00+08:00,delivered,CNY,4549891.54,1078309.73,81898.05,苏州,2,2026-05-08T03:53:00+08:00
SO-202602-003431,CUS-0053,B,2026-02-21T12:01:00+08:00,2026-02-26T12:01:00+08:00,confirmed,CNY,8454753.08,2872186.64,152185.56,成都,3,2026-03-02T12:01:00+08:00
SO-202603-003432,CUS-0009,C,2026-03-13T14:47:00+08:00,2026-03-19T02:47:00+08:00,delivered,CNY,4894953.83,1699971.63,39159.63,东莞,5,2026-04-16T14:47:00+08:00
SO-202605-003433,CUS-0091,A,2026-05-18T09:10:00+08:00,2026-05-21T09:10:00+08:00,at_risk,CNY,236091.91,67900.35,8263.22,上海,3,2026-06-15T08:00:00+08:00
SO-202506-003434,CUS-0028,B,2025-06-24T11:43:00+08:00,2025-06-27T23:43:00+08:00,cancelled,CNY,6577268.25,2410726.76,118390.83,成都,3,2025-07-09T11:43:00+08:00
SO-202508-003435,CUS-0105,C,2025-08-08T22:03:00+08:00,2025-08-13T10:03:00+08:00,overdue,CNY,1055025.71,349929.04,8440.21,成都,2,2025-09-02T22:03:00+08:00
SO-202603-003436,CUS-0038,C,2026-03-28T12:48:00+08:00,2026-04-02T00:48:00+08:00,delivered,CNY,39526.47,19859.79,316.21,宁波,1,2026-05-05T12:48:00+08:00
SO-202604-003437,CUS-0114,B,2026-04-08T21:08:00+08:00,2026-04-13T21:08:00+08:00,delivered,CNY,1544429.66,723400.7,27799.73,苏州,1,2026-05-18T21:08:00+08:00
SO-202507-003438,CUS-0085,B,2025-07-13T22:26:00+08:00,2025-07-16T22:26:00+08:00,at_risk,CNY,7486620.9,2539029.16,134759.18,青岛,3,2025-07-19T22:26:00+08:00
SO-202511-003439,CUS-0023,A,2025-11-02T16:34:00+08:00,2025-11-05T16:34:00+08:00,confirmed,CNY,4624902.68,1743352.55,161871.59,青岛,4,2025-11-20T16:34:00+08:00
SO-202509-003440,CUS-0073,C,2025-09-12T14:49:00+08:00,2025-09-18T02:49:00+08:00,at_risk,CNY,4077578.59,1492608.42,32620.63,成都,4,2025-10-24T14:49:00+08:00
SO-202602-003441,CUS-0112,C,2026-02-15T04:39:00+08:00,2026-02-19T16:39:00+08:00,delivered,CNY,2635936.12,641771.36,21087.49,宁波,4,2026-02-18T04:39:00+08:00
SO-202601-003442,CUS-0081,B,2026-01-24T16:54:00+08:00,2026-01-28T04:54:00+08:00,delivered,CNY,857657.99,360033.64,15437.84,天津,3,2026-02-02T16:54:00+08:00
SO-202508-003443,CUS-0037,C,2025-08-21T11:47:00+08:00,2025-08-28T11:47:00+08:00,delivered,CNY,799393.96,330551.41,6395.15,杭州,4,2025-08-22T11:47:00+08:00
SO-202509-003444,CUS-0010,B,2025-09-07T17:23:00+08:00,2025-09-11T17:23:00+08:00,at_risk,CNY,609332.21,306719.97,10967.98,合肥,1,2025-10-06T17:23:00+08:00
SO-202511-003445,CUS-0065,A,2025-11-16T19:51:00+08:00,2025-11-19T19:51:00+08:00,confirmed,CNY,6100268.77,2274186.18,213509.41,宁波,4,2025-12-21T19:51:00+08:00
SO-202511-003446,CUS-0078,B,2025-11-13T11:00:00+08:00,2025-11-15T23:00:00+08:00,delivered,CNY,5761262.36,2493914.91,103702.72,武汉,4,2025-12-22T11:00:00+08:00
SO-202511-003447,CUS-0097,B,2025-11-01T19:39:00+08:00,2025-11-04T07:39:00+08:00,confirmed,CNY,5408754.89,2484791.91,97357.59,杭州,3,2025-11-28T19:39:00+08:00
SO-202511-003448,CUS-0046,B,2025-11-28T03:57:00+08:00,2025-12-01T03:57:00+08:00,confirmed,CNY,5917050.02,2627772.5,106506.9,青岛,2,2025-12-01T03:57:00+08:00
SO-202510-003449,CUS-0043,C,2025-10-05T21:52:00+08:00,2025-10-11T21:52:00+08:00,confirmed,CNY,7779411.82,3156771.18,62235.29,武汉,5,2025-11-04T21:52:00+08:00
SO-202506-003450,CUS-0068,A,2025-06-20T08:30:00+08:00,2025-06-22T08:30:00+08:00,delivered,CNY,171835.46,78652.74,6014.24,成都,2,2025-07-01T08:30:00+08:00
SO-202512-003451,CUS-0088,A,2025-12-31T18:40:00+08:00,2026-01-03T06:40:00+08:00,delivered,CNY,5781946.76,1930935.81,202368.14,武汉,4,2026-01-30T18:40:00+08:00
SO-202604-003452,CUS-0108,B,2026-04-16T12:24:00+08:00,2026-04-21T12:24:00+08:00,overdue,CNY,2065008.17,779083.04,37170.15,上海,4,2026-04-18T12:24:00+08:00
SO-202605-003453,CUS-0018,B,2026-05-02T22:25:00+08:00,2026-05-05T22:25:00+08:00,shipped,CNY,2232158.67,827264.58,40178.86,宁波,3,2026-05-31T22:25:00+08:00
SO-202605-003454,CUS-0031,C,2026-05-04T23:37:00+08:00,2026-05-09T23:37:00+08:00,delivered,CNY,7377991.33,2865098.37,59023.93,青岛,5,2026-05-16T23:37:00+08:00
SO-202604-003455,CUS-0033,B,2026-04-03T23:19:00+08:00,2026-04-06T23:19:00+08:00,overdue,CNY,8483005.98,3164077.99,152694.11,青岛,4,2026-04-17T23:19:00+08:00
SO-202603-003456,CUS-0040,C,2026-03-01T05:04:00+08:00,2026-03-08T05:04:00+08:00,delivered,CNY,1022205.71,409828.87,8177.65,合肥,1,2026-03-23T05:04:00+08:00
SO-202603-003457,CUS-0034,A,2026-03-22T18:37:00+08:00,2026-03-26T18:37:00+08:00,delivered,CNY,3727466.69,1361887.02,130461.33,天津,4,2026-04-29T18:37:00+08:00
SO-202507-003458,CUS-0051,C,2025-07-17T23:15:00+08:00,2025-07-24T23:15:00+08:00,delivered,CNY,445141.2,193055.91,3561.13,武汉,1,2025-08-16T23:15:00+08:00
SO-202604-003459,CUS-0078,B,2026-04-29T01:48:00+08:00,2026-05-04T01:48:00+08:00,overdue,CNY,5050942.58,1847879.08,90916.97,武汉,4,2026-06-08T01:48:00+08:00
SO-202509-003460,CUS-0035,C,2025-09-15T13:17:00+08:00,2025-09-20T01:17:00+08:00,delivered,CNY,1545807.52,537224.01,12366.46,武汉,2,2025-10-26T13:17:00+08:00
SO-202604-003461,CUS-0068,A,2026-04-21T21:55:00+08:00,2026-04-24T09:55:00+08:00,shipped,CNY,6027791.03,2296370.34,210972.69,成都,4,2026-06-01T21:55:00+08:00
SO-202604-003462,CUS-0110,B,2026-04-07T09:04:00+08:00,2026-04-12T09:04:00+08:00,shipped,CNY,10625774.99,4045237.7,191263.95,成都,5,2026-04-13T09:04:00+08:00
SO-202511-003463,CUS-0109,C,2025-11-26T04:11:00+08:00,2025-12-01T04:11:00+08:00,confirmed,CNY,5839611.68,1837514.11,46716.89,东莞,5,2025-12-24T04:11:00+08:00
SO-202602-003464,CUS-0077,B,2026-02-10T23:52:00+08:00,2026-02-13T23:52:00+08:00,delivered,CNY,328447.19,126236.63,5912.05,东莞,2,2026-03-17T23:52:00+08:00
SO-202605-003465,CUS-0006,C,2026-05-05T04:29:00+08:00,2026-05-10T04:29:00+08:00,confirmed,CNY,5083008.23,1379114.17,40664.07,杭州,2,2026-06-01T04:29:00+08:00
SO-202512-003466,CUS-0018,B,2025-12-31T01:45:00+08:00,2026-01-03T13:45:00+08:00,delivered,CNY,1615809.33,536963.33,29084.57,宁波,1,2026-01-04T01:45:00+08:00
SO-202508-003467,CUS-0109,C,2025-08-23T08:16:00+08:00,2025-08-27T20:16:00+08:00,confirmed,CNY,665775.9,225419.56,5326.21,东莞,2,2025-09-29T08:16:00+08:00
SO-202603-003468,CUS-0111,C,2026-03-29T17:57:00+08:00,2026-04-05T17:57:00+08:00,delivered,CNY,3786515.22,1302531.44,30292.12,上海,4,2026-05-02T17:57:00+08:00
SO-202509-003469,CUS-0058,C,2025-09-25T14:18:00+08:00,2025-09-30T02:18:00+08:00,delivered,CNY,60602.87,15513.43,484.82,苏州,1,2025-10-26T14:18:00+08:00
SO-202604-003470,CUS-0014,C,2026-04-04T04:34:00+08:00,2026-04-09T16:34:00+08:00,confirmed,CNY,1162140.63,398435.73,9297.13,东莞,1,2026-04-26T04:34:00+08:00
SO-202605-003471,CUS-0090,B,2026-05-15T13:50:00+08:00,2026-05-20T13:50:00+08:00,confirmed,CNY,647387.14,230452.82,11652.97,天津,2,2026-06-15T08:00:00+08:00
SO-202601-003472,CUS-0044,B,2026-01-17T07:00:00+08:00,2026-01-22T07:00:00+08:00,confirmed,CNY,3025518.17,1040885.36,54459.33,宁波,5,2026-01-23T07:00:00+08:00
SO-202506-003473,CUS-0096,C,2025-06-22T01:05:00+08:00,2025-06-28T01:05:00+08:00,confirmed,CNY,3753257.66,1158827.7,30026.06,苏州,5,2025-07-02T01:05:00+08:00
SO-202604-003474,CUS-0059,C,2026-04-21T18:20:00+08:00,2026-04-27T06:20:00+08:00,overdue,CNY,1899192.55,518745.35,15193.54,天津,1,2026-05-31T18:20:00+08:00
SO-202507-003475,CUS-0005,A,2025-07-09T15:37:00+08:00,2025-07-11T15:37:00+08:00,at_risk,CNY,1962072.52,847178.51,68672.54,青岛,4,2025-07-26T15:37:00+08:00
SO-202604-003476,CUS-0019,B,2026-04-09T12:33:00+08:00,2026-04-13T00:33:00+08:00,delivered,CNY,4201036.63,1425795.47,75618.66,合肥,2,2026-04-20T12:33:00+08:00
SO-202510-003477,CUS-0076,B,2025-10-29T16:51:00+08:00,2025-11-01T04:51:00+08:00,confirmed,CNY,263406.22,93289.42,4741.31,杭州,1,2025-11-29T16:51:00+08:00
SO-202509-003478,CUS-0036,B,2025-09-08T08:01:00+08:00,2025-09-10T20:01:00+08:00,at_risk,CNY,1251771.66,315973.09,22531.89,成都,2,2025-09-17T08:01:00+08:00
SO-202605-003479,CUS-0015,C,2026-05-07T11:27:00+08:00,2026-05-13T11:27:00+08:00,cancelled,CNY,2401155.84,835098.47,19209.25,上海,2,2026-05-23T11:27:00+08:00
SO-202512-003480,CUS-0055,C,2025-12-19T19:23:00+08:00,2025-12-26T19:23:00+08:00,cancelled,CNY,3821836.81,1700420.16,30574.69,上海,2,2026-01-21T19:23:00+08:00
SO-202511-003481,CUS-0087,B,2025-11-27T17:53:00+08:00,2025-12-02T17:53:00+08:00,delivered,CNY,38510.9,17485.94,693.2,天津,1,2025-12-04T17:53:00+08:00
SO-202603-003482,CUS-0108,B,2026-03-26T15:45:00+08:00,2026-03-30T03:45:00+08:00,cancelled,CNY,706228.82,258002.47,12712.12,上海,1,2026-05-06T15:45:00+08:00
SO-202605-003483,CUS-0032,A,2026-05-15T09:13:00+08:00,2026-05-18T09:13:00+08:00,delivered,CNY,485510.59,135991.42,16992.87,苏州,1,2026-06-15T08:00:00+08:00
SO-202601-003484,CUS-0068,A,2026-01-02T05:38:00+08:00,2026-01-06T05:38:00+08:00,confirmed,CNY,5108664.9,2024925.59,178803.27,成都,2,2026-01-02T05:38:00+08:00
SO-202601-003485,CUS-0041,B,2026-01-07T02:06:00+08:00,2026-01-12T02:06:00+08:00,overdue,CNY,4688063.81,2002271.19,84385.15,成都,2,2026-01-23T02:06:00+08:00
SO-202604-003486,CUS-0095,B,2026-04-23T17:05:00+08:00,2026-04-27T17:05:00+08:00,delivered,CNY,1872177.19,787194.34,33699.19,苏州,2,2026-04-30T17:05:00+08:00
SO-202604-003487,CUS-0116,C,2026-04-13T04:34:00+08:00,2026-04-18T16:34:00+08:00,shipped,CNY,6633251.51,2273314.54,53066.01,合肥,5,2026-05-12T04:34:00+08:00
SO-202507-003488,CUS-0009,C,2025-07-15T15:18:00+08:00,2025-07-20T15:18:00+08:00,delivered,CNY,64836.72,15163.35,518.69,东莞,1,2025-08-02T15:18:00+08:00
SO-202606-003489,CUS-0063,B,2026-06-09T17:11:00+08:00,2026-06-13T17:11:00+08:00,delivered,CNY,604986.76,176708.65,10889.76,杭州,4,2026-06-15T08:00:00+08:00
SO-202509-003490,CUS-0048,A,2025-09-07T15:54:00+08:00,2025-09-09T15:54:00+08:00,confirmed,CNY,2597787.2,1050809.05,90922.55,上海,2,2025-09-28T15:54:00+08:00
SO-202512-003491,CUS-0066,A,2025-12-01T07:12:00+08:00,2025-12-04T07:12:00+08:00,at_risk,CNY,2356543.13,1004852.17,82479.01,青岛,3,2025-12-26T07:12:00+08:00
SO-202605-003492,CUS-0092,B,2026-05-14T06:22:00+08:00,2026-05-16T18:22:00+08:00,delivered,CNY,2825106.62,1228061.92,50851.92,苏州,2,2026-05-15T06:22:00+08:00
SO-202604-003493,CUS-0035,C,2026-04-11T02:50:00+08:00,2026-04-18T02:50:00+08:00,confirmed,CNY,2695999.7,1098617.82,21568.0,武汉,3,2026-05-19T02:50:00+08:00
SO-202506-003494,CUS-0051,C,2025-06-28T18:02:00+08:00,2025-07-04T06:02:00+08:00,delivered,CNY,168797.75,59194.24,1350.38,武汉,2,2025-07-17T18:02:00+08:00
SO-202509-003495,CUS-0012,C,2025-09-27T15:32:00+08:00,2025-10-02T15:32:00+08:00,delivered,CNY,143782.7,42194.46,1150.26,宁波,1,2025-11-04T15:32:00+08:00
SO-202512-003496,CUS-0029,B,2025-12-26T05:29:00+08:00,2025-12-30T05:29:00+08:00,delivered,CNY,226030.07,100482.27,4068.54,武汉,1,2026-01-22T05:29:00+08:00
SO-202507-003497,CUS-0050,B,2025-07-29T09:15:00+08:00,2025-07-31T21:15:00+08:00,delivered,CNY,3597961.31,1439718.15,64763.3,上海,2,2025-08-25T09:15:00+08:00
SO-202507-003498,CUS-0034,A,2025-07-07T08:44:00+08:00,2025-07-08T20:44:00+08:00,at_risk,CNY,2963063.04,1202263.27,103707.21,天津,5,2025-08-01T08:44:00+08:00
SO-202506-003499,CUS-0048,A,2025-06-30T05:37:00+08:00,2025-07-02T17:37:00+08:00,shipped,CNY,6681811.42,2928708.47,233863.4,上海,1,2025-08-13T05:37:00+08:00
SO-202603-003500,CUS-0114,B,2026-03-06T01:31:00+08:00,2026-03-10T01:31:00+08:00,shipped,CNY,5781799.7,2039365.84,104072.39,苏州,2,2026-03-30T01:31:00+08:00
