shipment_id,purchase_order_id,supplier_id,transport_mode,carrier,origin,destination_warehouse_id,planned_arrival_at,estimated_arrival_at,delay_hours,shipment_status,tracking_number,freight_cost,updated_at
SHP-0000001,PO-202601-000668,SUP-012,rail,承运商20,成都,WH-06,2026-01-25T18:01:00+08:00,2026-01-25T18:01:00+08:00,0,delayed,CG000000000001,20953.37,2026-06-15T02:08:00+08:00
SHP-0000002,PO-202508-000535,SUP-027,air,承运商23,天津,WH-05,2025-08-31T04:06:00+08:00,2025-08-31T04:06:00+08:00,0,delivered,CG000000000002,161444.02,2026-06-15T00:26:00+08:00
SHP-0000003,PO-202508-001269,SUP-013,sea,承运商16,武汉,WH-05,2025-08-28T16:50:00+08:00,2025-08-28T16:50:00+08:00,0,in_transit,CG000000000003,53101.21,2026-06-15T02:24:00+08:00
SHP-0000004,PO-202605-001506,SUP-009,rail,承运商09,苏州,WH-04,2026-05-16T22:00:00+08:00,2026-05-17T22:00:00+08:00,24,in_transit,CG000000000004,26765.49,2026-06-14T20:30:00+08:00
SHP-0000005,PO-202601-000801,SUP-027,air,承运商17,宁波,WH-01,2026-01-17T22:24:00+08:00,2026-01-20T22:24:00+08:00,72,delivered,CG000000000005,82382.16,2026-06-14T11:13:00+08:00
SHP-0000006,PO-202509-001154,SUP-022,air,承运商08,武汉,WH-04,2025-09-24T23:21:00+08:00,2025-09-24T23:21:00+08:00,0,delivered,CG000000000006,104011.33,2026-06-14T10:38:00+08:00
SHP-0000007,PO-202511-001481,SUP-026,road,承运商03,苏州,WH-06,2025-11-16T03:21:00+08:00,2025-11-18T03:21:00+08:00,48,delivered,CG000000000007,12436.5,2026-06-14T17:09:00+08:00
SHP-0000008,PO-202604-000372,SUP-049,road,承运商01,宁波,WH-02,2026-05-03T15:27:00+08:00,2026-05-03T15:27:00+08:00,0,delivered,CG000000000008,9627.11,2026-06-14T11:30:00+08:00
SHP-0000009,PO-202604-001725,SUP-038,rail,承运商06,青岛,WH-04,2026-05-02T21:16:00+08:00,2026-05-02T21:16:00+08:00,0,delivered,CG000000000009,53960.24,2026-06-15T04:57:00+08:00
SHP-0000010,PO-202509-001784,SUP-029,sea,承运商22,杭州,WH-01,2025-09-14T10:11:00+08:00,2025-09-15T10:11:00+08:00,24,in_transit,CG000000000010,61839.06,2026-06-14T14:14:00+08:00
SHP-0000011,PO-202511-001302,SUP-047,rail,承运商11,合肥,WH-05,2025-11-23T02:10:00+08:00,2025-11-23T02:10:00+08:00,0,delivered,CG000000000011,32855.98,2026-06-14T11:47:00+08:00
SHP-0000012,PO-202512-000703,SUP-020,road,承运商13,合肥,WH-06,2025-12-22T23:00:00+08:00,2025-12-22T23:00:00+08:00,0,in_transit,CG000000000012,33587.79,2026-06-14T10:58:00+08:00
SHP-0000013,PO-202602-001253,SUP-035,road,承运商20,武汉,WH-05,2026-02-14T12:49:00+08:00,2026-02-16T12:49:00+08:00,48,customs_hold,CG000000000013,24063.79,2026-06-14T11:54:00+08:00
SHP-0000014,PO-202605-000223,SUP-001,sea,承运商24,合肥,WH-04,2026-05-07T03:00:00+08:00,2026-05-10T03:00:00+08:00,72,delivered,CG000000000014,53670.54,2026-06-14T15:07:00+08:00
SHP-0000015,PO-202508-001492,SUP-051,road,承运商11,武汉,WH-01,2025-08-09T08:04:00+08:00,2025-08-09T20:04:00+08:00,12,in_transit,CG000000000015,11575.11,2026-06-14T17:02:00+08:00
SHP-0000016,PO-202606-000911,SUP-009,road,承运商14,合肥,WH-05,2026-06-04T16:57:00+08:00,2026-06-04T16:57:00+08:00,0,delayed,CG000000000016,62666.28,2026-06-14T09:19:00+08:00
SHP-0000017,PO-202603-000564,SUP-046,air,承运商13,青岛,WH-01,2026-03-26T08:20:00+08:00,2026-03-26T08:20:00+08:00,0,delivered,CG000000000017,112869.28,2026-06-14T22:41:00+08:00
SHP-0000018,PO-202601-000116,SUP-038,road,承运商17,青岛,WH-02,2026-01-14T17:49:00+08:00,2026-01-14T17:49:00+08:00,0,delivered,CG000000000018,12183.72,2026-06-14T19:07:00+08:00
SHP-0000019,PO-202512-000247,SUP-017,sea,承运商02,上海,WH-03,2025-12-29T06:07:00+08:00,2025-12-30T06:07:00+08:00,24,delayed,CG000000000019,49306.59,2026-06-15T04:24:00+08:00
SHP-0000020,PO-202606-001689,SUP-042,road,承运商12,东莞,WH-03,2026-06-15T15:24:00+08:00,2026-06-15T15:24:00+08:00,0,in_transit,CG000000000020,44178.81,2026-06-14T18:13:00+08:00
SHP-0000021,PO-202512-000505,SUP-056,rail,承运商12,东莞,WH-04,2026-01-06T09:45:00+08:00,2026-01-06T15:45:00+08:00,6,delivered,CG000000000021,41480.31,2026-06-15T06:20:00+08:00
SHP-0000022,PO-202512-001482,SUP-053,sea,承运商24,武汉,WH-04,2025-12-18T00:27:00+08:00,2025-12-20T00:27:00+08:00,48,delivered,CG000000000022,34771.41,2026-06-14T15:37:00+08:00
SHP-0000023,PO-202510-001563,SUP-057,road,承运商10,东莞,WH-03,2025-10-28T15:38:00+08:00,2025-10-28T15:38:00+08:00,0,delivered,CG000000000023,62542.25,2026-06-14T21:10:00+08:00
SHP-0000024,PO-202605-001303,SUP-054,road,承运商03,苏州,WH-01,2026-05-31T03:30:00+08:00,2026-05-31T03:30:00+08:00,0,delivered,CG000000000024,47326.09,2026-06-14T14:18:00+08:00
SHP-0000025,PO-202605-000778,SUP-019,air,承运商18,宁波,WH-02,2026-05-19T04:08:00+08:00,2026-05-19T04:08:00+08:00,0,delivered,CG000000000025,17405.79,2026-06-14T17:51:00+08:00
SHP-0000026,PO-202509-000326,SUP-035,rail,承运商06,合肥,WH-06,2025-10-02T03:21:00+08:00,2025-10-02T15:21:00+08:00,12,delivered,CG000000000026,65719.35,2026-06-14T14:44:00+08:00
SHP-0000027,PO-202509-001350,SUP-058,sea,承运商04,青岛,WH-02,2025-09-07T03:39:00+08:00,2025-09-07T03:39:00+08:00,0,in_transit,CG000000000027,29566.97,2026-06-14T13:56:00+08:00
SHP-0000028,PO-202604-000046,SUP-060,sea,承运商21,武汉,WH-01,2026-04-20T17:00:00+08:00,2026-04-21T17:00:00+08:00,24,customs_hold,CG000000000028,25310.6,2026-06-15T01:16:00+08:00
SHP-0000029,PO-202606-000262,SUP-041,sea,承运商01,宁波,WH-01,2026-06-12T04:30:00+08:00,2026-06-12T04:30:00+08:00,0,in_transit,CG000000000029,30277.98,2026-06-15T00:19:00+08:00
SHP-0000030,PO-202509-000092,SUP-043,rail,承运商17,青岛,WH-03,2025-10-01T05:29:00+08:00,2025-10-01T11:29:00+08:00,6,delivered,CG000000000030,32610.71,2026-06-15T04:17:00+08:00
SHP-0000031,PO-202508-001371,SUP-046,road,承运商19,东莞,WH-05,2025-08-12T13:27:00+08:00,2025-08-12T19:27:00+08:00,6,delivered,CG000000000031,67634.94,2026-06-15T00:32:00+08:00
SHP-0000032,PO-202508-000667,SUP-060,sea,承运商17,成都,WH-04,2025-08-16T13:01:00+08:00,2025-08-16T19:01:00+08:00,6,delivered,CG000000000032,44397.93,2026-06-14T23:50:00+08:00
SHP-0000033,PO-202603-001489,SUP-048,road,承运商19,上海,WH-04,2026-03-24T00:45:00+08:00,2026-03-26T00:45:00+08:00,48,in_transit,CG000000000033,63440.24,2026-06-15T03:35:00+08:00
SHP-0000034,PO-202510-001140,SUP-002,road,承运商06,青岛,WH-06,2025-10-08T19:36:00+08:00,2025-10-09T19:36:00+08:00,24,customs_hold,CG000000000034,25928.28,2026-06-15T06:48:00+08:00
SHP-0000035,PO-202510-001133,SUP-041,road,承运商01,苏州,WH-06,2025-11-04T20:04:00+08:00,2025-11-05T20:04:00+08:00,24,delivered,CG000000000035,13610.89,2026-06-15T03:35:00+08:00
SHP-0000036,PO-202602-000106,SUP-015,road,承运商03,东莞,WH-04,2026-02-17T19:21:00+08:00,2026-02-17T19:21:00+08:00,0,in_transit,CG000000000036,48823.48,2026-06-14T13:21:00+08:00
SHP-0000037,PO-202605-001332,SUP-056,sea,承运商17,青岛,WH-02,2026-05-09T22:23:00+08:00,2026-05-09T22:23:00+08:00,0,delayed,CG000000000037,1318.3,2026-06-14T18:09:00+08:00
SHP-0000038,PO-202605-001203,SUP-020,road,承运商10,成都,WH-05,2026-06-05T22:30:00+08:00,2026-06-05T22:30:00+08:00,0,blocked,CG000000000038,7894.82,2026-06-15T02:03:00+08:00
SHP-0000039,PO-202507-000084,SUP-042,sea,承运商21,成都,WH-01,2025-07-17T21:02:00+08:00,2025-07-17T21:02:00+08:00,0,in_transit,CG000000000039,8570.79,2026-06-14T13:50:00+08:00
SHP-0000040,PO-202507-000652,SUP-008,road,承运商01,青岛,WH-03,2025-07-05T11:42:00+08:00,2025-07-06T11:42:00+08:00,24,delivered,CG000000000040,65384.28,2026-06-15T00:59:00+08:00
SHP-0000041,PO-202605-000308,SUP-021,rail,承运商05,青岛,WH-01,2026-05-24T00:47:00+08:00,2026-05-24T00:47:00+08:00,0,delivered,CG000000000041,28928.23,2026-06-14T17:56:00+08:00
SHP-0000042,PO-202601-000281,SUP-042,air,承运商02,合肥,WH-03,2026-01-28T12:01:00+08:00,2026-01-30T12:01:00+08:00,48,in_transit,CG000000000042,71406.05,2026-06-15T04:54:00+08:00
SHP-0000043,PO-202603-000629,SUP-036,road,承运商12,杭州,WH-05,2026-03-27T17:02:00+08:00,2026-03-27T17:02:00+08:00,0,delayed,CG000000000043,67433.61,2026-06-14T12:16:00+08:00
SHP-0000044,PO-202506-001259,SUP-023,road,承运商12,合肥,WH-06,2025-06-24T12:13:00+08:00,2025-06-24T12:13:00+08:00,0,delivered,CG000000000044,49748.8,2026-06-14T15:38:00+08:00
SHP-0000045,PO-202511-000450,SUP-016,sea,承运商07,武汉,WH-03,2025-11-04T16:07:00+08:00,2025-11-05T16:07:00+08:00,24,delivered,CG000000000045,46282.77,2026-06-14T13:51:00+08:00
SHP-0000046,PO-202604-001776,SUP-005,rail,承运商17,苏州,WH-06,2026-04-23T11:42:00+08:00,2026-04-23T17:42:00+08:00,6,delivered,CG000000000046,14789.81,2026-06-14T15:46:00+08:00
SHP-0000047,PO-202510-000708,SUP-035,air,承运商14,上海,WH-04,2025-10-17T17:27:00+08:00,2025-10-17T17:27:00+08:00,0,delayed,CG000000000047,49174.12,2026-06-14T10:50:00+08:00
SHP-0000048,PO-202604-000062,SUP-046,rail,承运商16,天津,WH-02,2026-04-18T22:59:00+08:00,2026-04-18T22:59:00+08:00,0,delivered,CG000000000048,46660.61,2026-06-15T05:33:00+08:00
SHP-0000049,PO-202511-000585,SUP-004,road,承运商22,合肥,WH-06,2025-11-22T18:24:00+08:00,2025-11-22T18:24:00+08:00,0,in_transit,CG000000000049,6191.53,2026-06-14T17:19:00+08:00
SHP-0000050,PO-202605-000778,SUP-019,sea,承运商10,成都,WH-06,2026-05-19T04:08:00+08:00,2026-05-19T04:08:00+08:00,0,delivered,CG000000000050,63429.37,2026-06-14T11:17:00+08:00
SHP-0000051,PO-202508-000383,SUP-060,rail,承运商13,上海,WH-01,2025-08-09T13:06:00+08:00,2025-08-09T13:06:00+08:00,0,delivered,CG000000000051,41802.34,2026-06-14T16:11:00+08:00
SHP-0000052,PO-202603-000618,SUP-042,sea,承运商11,宁波,WH-01,2026-03-20T01:54:00+08:00,2026-03-20T13:54:00+08:00,12,in_transit,CG000000000052,32122.99,2026-06-14T23:26:00+08:00
SHP-0000053,PO-202508-000353,SUP-011,sea,承运商12,东莞,WH-05,2025-08-21T16:52:00+08:00,2025-08-21T22:52:00+08:00,6,in_transit,CG000000000053,17465.07,2026-06-15T00:42:00+08:00
SHP-0000054,PO-202604-001497,SUP-052,road,承运商15,青岛,WH-03,2026-04-23T04:36:00+08:00,2026-04-23T10:36:00+08:00,6,in_transit,CG000000000054,66817.56,2026-06-14T18:50:00+08:00
SHP-0000055,PO-202605-000778,SUP-019,road,承运商03,苏州,WH-06,2026-05-19T04:08:00+08:00,2026-05-19T10:08:00+08:00,6,delivered,CG000000000055,45801.15,2026-06-14T18:16:00+08:00
SHP-0000056,PO-202512-001706,SUP-030,road,承运商09,上海,WH-05,2025-12-09T00:52:00+08:00,2025-12-09T00:52:00+08:00,0,delayed,CG000000000056,2254.72,2026-06-14T15:34:00+08:00
SHP-0000057,PO-202604-000648,SUP-018,sea,承运商21,武汉,WH-04,2026-05-06T10:43:00+08:00,2026-05-06T16:43:00+08:00,6,in_transit,CG000000000057,16633.6,2026-06-15T07:31:00+08:00
SHP-0000058,PO-202601-000680,SUP-041,road,承运商16,成都,WH-01,2026-01-26T00:06:00+08:00,2026-01-26T00:06:00+08:00,0,delayed,CG000000000058,63678.49,2026-06-14T17:15:00+08:00
SHP-0000059,PO-202512-001007,SUP-042,road,承运商23,合肥,WH-02,2025-12-14T03:04:00+08:00,2025-12-15T03:04:00+08:00,24,in_transit,CG000000000059,1434.48,2026-06-14T15:58:00+08:00
SHP-0000060,PO-202511-001650,SUP-012,road,承运商01,天津,WH-06,2025-11-27T16:09:00+08:00,2025-11-27T16:09:00+08:00,0,delivered,CG000000000060,54416.88,2026-06-15T04:53:00+08:00
SHP-0000061,PO-202512-000756,SUP-024,rail,承运商15,青岛,WH-06,2025-12-09T06:44:00+08:00,2025-12-09T06:44:00+08:00,0,delivered,CG000000000061,20785.27,2026-06-15T04:19:00+08:00
SHP-0000062,PO-202603-000936,SUP-006,road,承运商06,合肥,WH-01,2026-03-15T03:42:00+08:00,2026-03-15T03:42:00+08:00,0,in_transit,CG000000000062,59917.9,2026-06-15T03:09:00+08:00
SHP-0000063,PO-202605-000742,SUP-004,road,承运商12,武汉,WH-06,2026-05-24T08:05:00+08:00,2026-05-24T08:05:00+08:00,0,customs_hold,CG000000000063,34050.64,2026-06-14T22:18:00+08:00
SHP-0000064,PO-202507-000354,SUP-054,sea,承运商01,苏州,WH-06,2025-07-07T03:53:00+08:00,2025-07-07T09:53:00+08:00,6,delivered,CG000000000064,21314.02,2026-06-15T06:45:00+08:00
SHP-0000065,PO-202603-000675,SUP-028,sea,承运商03,青岛,WH-05,2026-03-22T23:36:00+08:00,2026-03-22T23:36:00+08:00,0,delivered,CG000000000065,19633.34,2026-06-14T13:45:00+08:00
SHP-0000066,PO-202512-001187,SUP-028,road,承运商15,宁波,WH-02,2025-12-17T18:11:00+08:00,2025-12-17T18:11:00+08:00,0,in_transit,CG000000000066,66719.62,2026-06-15T07:36:00+08:00
SHP-0000067,PO-202602-000278,SUP-012,rail,承运商12,宁波,WH-06,2026-02-20T06:14:00+08:00,2026-02-20T18:14:00+08:00,12,delayed,CG000000000067,16143.41,2026-06-15T04:39:00+08:00
SHP-0000068,PO-202511-000511,SUP-056,rail,承运商22,东莞,WH-01,2025-11-19T07:19:00+08:00,2025-11-19T19:19:00+08:00,12,in_transit,CG000000000068,24742.45,2026-06-14T11:01:00+08:00
SHP-0000069,PO-202511-000358,SUP-059,air,承运商17,武汉,WH-01,2025-11-23T23:11:00+08:00,2025-11-23T23:11:00+08:00,0,blocked,CG000000000069,72003.95,2026-06-15T02:46:00+08:00
SHP-0000070,PO-202604-000409,SUP-015,road,承运商23,合肥,WH-03,2026-04-26T13:10:00+08:00,2026-04-27T13:10:00+08:00,24,delayed,CG000000000070,59403.97,2026-06-15T01:16:00+08:00
SHP-0000071,PO-202603-000518,SUP-047,sea,承运商03,东莞,WH-04,2026-03-16T03:06:00+08:00,2026-03-16T03:06:00+08:00,0,delivered,CG000000000071,31460.61,2026-06-15T03:53:00+08:00
SHP-0000072,PO-202602-001041,SUP-044,road,承运商16,成都,WH-05,2026-02-13T11:13:00+08:00,2026-02-13T11:13:00+08:00,0,delivered,CG000000000072,21018.96,2026-06-14T11:35:00+08:00
SHP-0000073,PO-202509-000393,SUP-059,road,承运商06,宁波,WH-03,2025-09-29T18:34:00+08:00,2025-09-29T18:34:00+08:00,0,in_transit,CG000000000073,54690.67,2026-06-14T18:00:00+08:00
SHP-0000074,PO-202601-001173,SUP-037,road,承运商22,合肥,WH-02,2026-01-20T16:13:00+08:00,2026-01-21T16:13:00+08:00,24,in_transit,CG000000000074,65480.0,2026-06-15T05:33:00+08:00
SHP-0000075,PO-202605-000992,SUP-056,rail,承运商19,东莞,WH-02,2026-05-21T12:09:00+08:00,2026-05-21T12:09:00+08:00,0,in_transit,CG000000000075,50480.9,2026-06-14T16:11:00+08:00
SHP-0000076,PO-202508-001359,SUP-036,air,承运商11,上海,WH-02,2025-08-18T22:13:00+08:00,2025-08-18T22:13:00+08:00,0,in_transit,CG000000000076,62104.82,2026-06-15T05:41:00+08:00
SHP-0000077,PO-202602-001265,SUP-002,road,承运商08,青岛,WH-02,2026-02-14T13:00:00+08:00,2026-02-14T13:00:00+08:00,0,delivered,CG000000000077,55060.66,2026-06-14T18:18:00+08:00
SHP-0000078,PO-202512-000136,SUP-042,road,承运商16,武汉,WH-05,2025-12-09T23:09:00+08:00,2025-12-10T05:09:00+08:00,6,delayed,CG000000000078,53718.36,2026-06-15T05:30:00+08:00
SHP-0000079,PO-202605-000969,SUP-058,air,承运商08,宁波,WH-01,2026-05-16T07:16:00+08:00,2026-05-17T07:16:00+08:00,24,in_transit,CG000000000079,20221.09,2026-06-14T21:49:00+08:00
SHP-0000080,PO-202510-001426,SUP-058,road,承运商04,上海,WH-04,2025-11-01T13:01:00+08:00,2025-11-02T13:01:00+08:00,24,delayed,CG000000000080,30778.6,2026-06-14T08:35:00+08:00
SHP-0000081,PO-202511-001242,SUP-053,rail,承运商10,天津,WH-05,2025-11-18T09:10:00+08:00,2025-11-18T21:10:00+08:00,12,delayed,CG000000000081,6233.6,2026-06-15T07:37:00+08:00
SHP-0000082,PO-202512-000270,SUP-008,air,承运商01,宁波,WH-03,2025-12-27T06:55:00+08:00,2025-12-27T06:55:00+08:00,0,delayed,CG000000000082,133660.62,2026-06-14T14:21:00+08:00
SHP-0000083,PO-202602-000420,SUP-010,rail,承运商19,成都,WH-01,2026-03-02T05:34:00+08:00,2026-03-02T05:34:00+08:00,0,in_transit,CG000000000083,13413.9,2026-06-15T04:21:00+08:00
SHP-0000084,PO-202606-001687,SUP-025,road,承运商24,合肥,WH-03,2026-06-14T14:40:00+08:00,2026-06-15T14:40:00+08:00,24,delayed,CG000000000084,39599.94,2026-06-15T03:02:00+08:00
SHP-0000085,PO-202508-000799,SUP-022,rail,承运商17,成都,WH-04,2025-08-26T10:40:00+08:00,2025-08-26T10:40:00+08:00,0,delayed,CG000000000085,1733.12,2026-06-14T20:20:00+08:00
SHP-0000086,PO-202508-000999,SUP-012,road,承运商09,天津,WH-01,2025-08-10T22:36:00+08:00,2025-08-10T22:36:00+08:00,0,delivered,CG000000000086,41911.8,2026-06-14T21:33:00+08:00
SHP-0000087,PO-202509-000634,SUP-014,road,承运商20,武汉,WH-05,2025-09-17T03:41:00+08:00,2025-09-17T03:41:00+08:00,0,in_transit,CG000000000087,5293.65,2026-06-14T08:33:00+08:00
SHP-0000088,PO-202604-001387,SUP-058,road,承运商11,合肥,WH-05,2026-05-05T10:05:00+08:00,2026-05-05T10:05:00+08:00,0,delayed,CG000000000088,37268.46,2026-06-14T09:14:00+08:00
SHP-0000089,PO-202507-000346,SUP-009,sea,承运商13,苏州,WH-02,2025-07-05T18:24:00+08:00,2025-07-07T18:24:00+08:00,48,in_transit,CG000000000089,64750.86,2026-06-14T17:07:00+08:00
SHP-0000090,PO-202604-000482,SUP-009,sea,承运商15,杭州,WH-03,2026-04-12T16:09:00+08:00,2026-04-12T16:09:00+08:00,0,in_transit,CG000000000090,1850.87,2026-06-14T21:18:00+08:00
SHP-0000091,PO-202605-001406,SUP-043,road,承运商15,武汉,WH-04,2026-05-10T18:23:00+08:00,2026-05-10T18:23:00+08:00,0,in_transit,CG000000000091,36293.71,2026-06-14T09:36:00+08:00
SHP-0000092,PO-202506-001606,SUP-052,rail,承运商11,上海,WH-05,2025-06-27T11:39:00+08:00,2025-06-27T11:39:00+08:00,0,delivered,CG000000000092,47847.76,2026-06-14T17:19:00+08:00
SHP-0000093,PO-202509-000532,SUP-057,road,承运商21,上海,WH-03,2025-09-12T10:16:00+08:00,2025-09-13T10:16:00+08:00,24,customs_hold,CG000000000093,9557.35,2026-06-14T16:08:00+08:00
SHP-0000094,PO-202511-000786,SUP-037,air,承运商22,成都,WH-04,2025-11-15T11:18:00+08:00,2025-11-15T11:18:00+08:00,0,delayed,CG000000000094,150883.82,2026-06-14T17:24:00+08:00
SHP-0000095,PO-202509-000854,SUP-042,sea,承运商02,天津,WH-01,2025-09-20T20:55:00+08:00,2025-09-20T20:55:00+08:00,0,delayed,CG000000000095,29981.85,2026-06-14T16:14:00+08:00
SHP-0000096,PO-202512-000673,SUP-060,air,承运商13,东莞,WH-04,2025-12-30T13:44:00+08:00,2025-12-30T19:44:00+08:00,6,delayed,CG000000000096,100462.34,2026-06-14T20:26:00+08:00
SHP-0000097,PO-202511-001064,SUP-011,sea,承运商07,合肥,WH-03,2025-12-01T21:32:00+08:00,2025-12-02T21:32:00+08:00,24,delayed,CG000000000097,29973.5,2026-06-14T11:42:00+08:00
SHP-0000098,PO-202508-001197,SUP-025,rail,承运商21,武汉,WH-02,2025-08-07T07:31:00+08:00,2025-08-07T07:31:00+08:00,0,delayed,CG000000000098,27309.64,2026-06-14T18:30:00+08:00
SHP-0000099,PO-202604-000319,SUP-058,rail,承运商03,苏州,WH-05,2026-04-26T03:45:00+08:00,2026-04-26T03:45:00+08:00,0,delayed,CG000000000099,63792.89,2026-06-14T13:09:00+08:00
SHP-0000100,PO-202511-000513,SUP-046,sea,承运商24,合肥,WH-01,2025-11-08T11:07:00+08:00,2025-11-08T17:07:00+08:00,6,in_transit,CG000000000100,40532.21,2026-06-14T08:09:00+08:00
SHP-0000101,PO-202602-001265,SUP-002,road,承运商13,东莞,WH-05,2026-02-14T13:00:00+08:00,2026-02-14T13:00:00+08:00,0,delivered,CG000000000101,26754.75,2026-06-14T15:45:00+08:00
SHP-0000102,PO-202511-000024,SUP-036,road,承运商09,上海,WH-01,2025-11-20T08:20:00+08:00,2025-11-20T14:20:00+08:00,6,delivered,CG000000000102,32413.07,2026-06-15T02:37:00+08:00
SHP-0000103,PO-202507-001779,SUP-017,road,承运商18,上海,WH-02,2025-08-03T20:11:00+08:00,2025-08-04T08:11:00+08:00,12,customs_hold,CG000000000103,55731.85,2026-06-14T10:11:00+08:00
SHP-0000104,PO-202604-001145,SUP-053,road,承运商15,上海,WH-03,2026-04-26T02:10:00+08:00,2026-04-26T02:10:00+08:00,0,delivered,CG000000000104,16880.12,2026-06-15T04:32:00+08:00
SHP-0000105,PO-202603-000980,SUP-017,air,承运商17,青岛,WH-03,2026-03-10T09:50:00+08:00,2026-03-10T09:50:00+08:00,0,delayed,CG000000000105,107349.0,2026-06-15T03:14:00+08:00
SHP-0000106,PO-202601-000887,SUP-039,road,承运商08,成都,WH-01,2026-01-14T15:16:00+08:00,2026-01-14T15:16:00+08:00,0,delivered,CG000000000106,57289.34,2026-06-14T20:15:00+08:00
SHP-0000107,PO-202511-000144,SUP-018,road,承运商02,成都,WH-05,2025-11-08T06:03:00+08:00,2025-11-08T18:03:00+08:00,12,delayed,CG000000000107,44782.85,2026-06-14T18:50:00+08:00
SHP-0000108,PO-202511-000196,SUP-048,sea,承运商24,青岛,WH-02,2025-11-14T20:11:00+08:00,2025-11-14T20:11:00+08:00,0,in_transit,CG000000000108,2363.58,2026-06-14T20:13:00+08:00
SHP-0000109,PO-202512-000845,SUP-009,sea,承运商06,杭州,WH-03,2025-12-09T11:36:00+08:00,2025-12-09T17:36:00+08:00,6,delayed,CG000000000109,54231.66,2026-06-14T17:57:00+08:00
SHP-0000110,PO-202508-001592,SUP-025,road,承运商09,合肥,WH-04,2025-08-14T04:33:00+08:00,2025-08-16T04:33:00+08:00,48,delivered,CG000000000110,22465.37,2026-06-14T19:04:00+08:00
SHP-0000111,PO-202510-000283,SUP-005,sea,承运商12,青岛,WH-04,2025-10-13T12:03:00+08:00,2025-10-13T12:03:00+08:00,0,in_transit,CG000000000111,25273.47,2026-06-14T13:15:00+08:00
SHP-0000112,PO-202512-001366,SUP-016,sea,承运商23,苏州,WH-05,2026-01-03T15:27:00+08:00,2026-01-03T15:27:00+08:00,0,delivered,CG000000000112,44262.42,2026-06-14T23:32:00+08:00
SHP-0000113,PO-202602-001445,SUP-046,rail,承运商23,武汉,WH-02,2026-03-05T17:15:00+08:00,2026-03-05T17:15:00+08:00,0,in_transit,CG000000000113,48485.05,2026-06-15T02:59:00+08:00
SHP-0000114,PO-202605-000965,SUP-036,road,承运商04,苏州,WH-01,2026-05-10T15:49:00+08:00,2026-05-12T15:49:00+08:00,48,in_transit,CG000000000114,16812.96,2026-06-15T05:39:00+08:00
SHP-0000115,PO-202511-000291,SUP-059,sea,承运商01,苏州,WH-03,2025-11-09T21:35:00+08:00,2025-11-09T21:35:00+08:00,0,in_transit,CG000000000115,10409.5,2026-06-14T13:02:00+08:00
SHP-0000116,PO-202509-001623,SUP-058,rail,承运商21,武汉,WH-03,2025-09-18T23:02:00+08:00,2025-09-18T23:02:00+08:00,0,delayed,CG000000000116,4049.66,2026-06-14T20:07:00+08:00
SHP-0000117,PO-202508-000245,SUP-027,air,承运商21,青岛,WH-06,2025-08-16T20:39:00+08:00,2025-08-17T20:39:00+08:00,24,in_transit,CG000000000117,136095.92,2026-06-14T17:12:00+08:00
SHP-0000118,PO-202510-000324,SUP-012,sea,承运商08,武汉,WH-01,2025-10-27T16:24:00+08:00,2025-10-27T16:24:00+08:00,0,delivered,CG000000000118,47073.78,2026-06-15T00:03:00+08:00
SHP-0000119,PO-202508-000509,SUP-035,sea,承运商17,天津,WH-02,2025-08-28T03:52:00+08:00,2025-08-30T03:52:00+08:00,48,customs_hold,CG000000000119,59215.49,2026-06-14T18:11:00+08:00
SHP-0000120,PO-202606-000130,SUP-028,rail,承运商17,天津,WH-06,2026-06-21T16:41:00+08:00,2026-06-22T04:41:00+08:00,12,delivered,CG000000000120,49209.01,2026-06-14T15:19:00+08:00
SHP-0000121,PO-202510-001420,SUP-004,road,承运商11,苏州,WH-04,2025-11-01T06:37:00+08:00,2025-11-01T06:37:00+08:00,0,delivered,CG000000000121,5352.74,2026-06-15T03:19:00+08:00
SHP-0000122,PO-202605-001011,SUP-017,road,承运商14,青岛,WH-03,2026-05-30T15:57:00+08:00,2026-06-02T15:57:00+08:00,72,in_transit,CG000000000122,49377.97,2026-06-14T12:52:00+08:00
SHP-0000123,PO-202509-000767,SUP-040,sea,承运商01,合肥,WH-05,2025-09-09T23:25:00+08:00,2025-09-11T23:25:00+08:00,48,delivered,CG000000000123,13948.37,2026-06-14T16:28:00+08:00
SHP-0000124,PO-202508-000891,SUP-045,air,承运商04,武汉,WH-06,2025-08-22T13:13:00+08:00,2025-08-23T01:13:00+08:00,12,delivered,CG000000000124,26405.63,2026-06-14T19:27:00+08:00
SHP-0000125,PO-202606-001798,SUP-057,sea,承运商14,武汉,WH-01,2026-06-17T18:54:00+08:00,2026-06-18T18:54:00+08:00,24,delivered,CG000000000125,34376.28,2026-06-15T06:41:00+08:00
SHP-0000126,PO-202511-000784,SUP-058,road,承运商06,苏州,WH-02,2025-11-28T00:15:00+08:00,2025-11-28T00:15:00+08:00,0,in_transit,CG000000000126,32395.69,2026-06-15T00:43:00+08:00
SHP-0000127,PO-202506-000220,SUP-005,road,承运商24,武汉,WH-06,2025-06-26T21:47:00+08:00,2025-06-26T21:47:00+08:00,0,delayed,CG000000000127,50420.11,2026-06-15T07:28:00+08:00
SHP-0000128,PO-202603-000936,SUP-006,air,承运商12,青岛,WH-01,2026-03-15T03:42:00+08:00,2026-03-15T03:42:00+08:00,0,delayed,CG000000000128,55302.08,2026-06-14T18:09:00+08:00
SHP-0000129,PO-202601-001123,SUP-046,sea,承运商06,上海,WH-02,2026-01-24T22:15:00+08:00,2026-01-24T22:15:00+08:00,0,customs_hold,CG000000000129,52696.17,2026-06-15T02:49:00+08:00
SHP-0000130,PO-202508-000035,SUP-041,sea,承运商19,合肥,WH-05,2025-08-20T13:40:00+08:00,2025-08-20T13:40:00+08:00,0,in_transit,CG000000000130,39552.83,2026-06-15T06:02:00+08:00
SHP-0000131,PO-202512-000327,SUP-014,road,承运商20,宁波,WH-02,2025-12-27T04:56:00+08:00,2025-12-27T04:56:00+08:00,0,delivered,CG000000000131,62835.23,2026-06-15T07:53:00+08:00
SHP-0000132,PO-202512-000327,SUP-014,air,承运商04,合肥,WH-04,2025-12-27T04:56:00+08:00,2025-12-28T04:56:00+08:00,24,delivered,CG000000000132,83895.19,2026-06-14T19:14:00+08:00
SHP-0000133,PO-202605-000090,SUP-056,road,承运商02,合肥,WH-04,2026-05-23T16:18:00+08:00,2026-05-23T16:18:00+08:00,0,delivered,CG000000000133,62133.79,2026-06-15T04:38:00+08:00
SHP-0000134,PO-202601-001463,SUP-046,rail,承运商03,宁波,WH-06,2026-01-30T08:38:00+08:00,2026-01-30T20:38:00+08:00,12,delivered,CG000000000134,19673.35,2026-06-14T08:30:00+08:00
SHP-0000135,PO-202602-001168,SUP-034,road,承运商21,天津,WH-02,2026-03-06T19:14:00+08:00,2026-03-08T19:14:00+08:00,48,delivered,CG000000000135,26036.5,2026-06-15T07:42:00+08:00
SHP-0000136,PO-202603-000618,SUP-042,road,承运商07,武汉,WH-05,2026-03-20T01:54:00+08:00,2026-03-20T01:54:00+08:00,0,delivered,CG000000000136,45588.67,2026-06-14T18:26:00+08:00
SHP-0000137,PO-202512-000195,SUP-011,rail,承运商06,东莞,WH-02,2026-01-03T16:22:00+08:00,2026-01-04T16:22:00+08:00,24,delivered,CG000000000137,28117.92,2026-06-15T06:08:00+08:00
SHP-0000138,PO-202602-000685,SUP-031,road,承运商09,苏州,WH-05,2026-02-25T01:15:00+08:00,2026-02-25T01:15:00+08:00,0,delivered,CG000000000138,57349.23,2026-06-15T06:20:00+08:00
SHP-0000139,PO-202601-000506,SUP-026,sea,承运商01,天津,WH-02,2026-01-27T11:16:00+08:00,2026-01-27T11:16:00+08:00,0,delivered,CG000000000139,18845.85,2026-06-14T19:17:00+08:00
SHP-0000140,PO-202508-001564,SUP-032,air,承运商05,东莞,WH-03,2025-08-27T09:37:00+08:00,2025-08-28T09:37:00+08:00,24,delayed,CG000000000140,60122.03,2026-06-15T00:13:00+08:00
SHP-0000141,PO-202604-001394,SUP-017,road,承运商17,东莞,WH-03,2026-04-11T18:43:00+08:00,2026-04-12T06:43:00+08:00,12,in_transit,CG000000000141,64882.57,2026-06-14T11:53:00+08:00
SHP-0000142,PO-202603-001541,SUP-013,road,承运商01,杭州,WH-06,2026-03-09T09:46:00+08:00,2026-03-09T09:46:00+08:00,0,delivered,CG000000000142,49305.4,2026-06-14T17:53:00+08:00
SHP-0000143,PO-202603-001037,SUP-036,road,承运商11,合肥,WH-06,2026-03-04T08:26:00+08:00,2026-03-04T14:26:00+08:00,6,delivered,CG000000000143,23936.87,2026-06-14T09:23:00+08:00
SHP-0000144,PO-202511-000780,SUP-020,road,承运商08,武汉,WH-03,2025-11-09T00:17:00+08:00,2025-11-09T00:17:00+08:00,0,in_transit,CG000000000144,18083.09,2026-06-14T09:43:00+08:00
SHP-0000145,PO-202510-001728,SUP-011,rail,承运商20,上海,WH-05,2025-11-02T02:06:00+08:00,2025-11-04T02:06:00+08:00,48,delivered,CG000000000145,27402.74,2026-06-14T20:37:00+08:00
SHP-0000146,PO-202512-000347,SUP-002,road,承运商07,东莞,WH-02,2026-01-07T22:33:00+08:00,2026-01-08T22:33:00+08:00,24,delivered,CG000000000146,10195.88,2026-06-14T15:56:00+08:00
SHP-0000147,PO-202605-000749,SUP-040,rail,承运商07,宁波,WH-06,2026-05-19T17:58:00+08:00,2026-05-19T17:58:00+08:00,0,blocked,CG000000000147,31124.82,2026-06-14T22:54:00+08:00
SHP-0000148,PO-202603-000246,SUP-009,rail,承运商09,杭州,WH-03,2026-03-19T03:33:00+08:00,2026-03-22T03:33:00+08:00,72,delivered,CG000000000148,30736.97,2026-06-14T09:51:00+08:00
SHP-0000149,PO-202603-001612,SUP-048,rail,承运商23,合肥,WH-02,2026-04-05T08:53:00+08:00,2026-04-05T08:53:00+08:00,0,in_transit,CG000000000149,31945.5,2026-06-14T10:52:00+08:00
SHP-0000150,PO-202511-001783,SUP-051,road,承运商04,杭州,WH-04,2025-11-24T16:56:00+08:00,2025-11-27T16:56:00+08:00,72,in_transit,CG000000000150,8870.33,2026-06-15T03:16:00+08:00
SHP-0000151,PO-202512-001088,SUP-042,sea,承运商06,宁波,WH-03,2026-01-04T08:00:00+08:00,2026-01-04T08:00:00+08:00,0,in_transit,CG000000000151,58622.62,2026-06-14T23:09:00+08:00
SHP-0000152,PO-202601-001051,SUP-058,road,承运商15,东莞,WH-05,2026-01-29T18:13:00+08:00,2026-01-29T18:13:00+08:00,0,blocked,CG000000000152,30145.81,2026-06-14T09:21:00+08:00
SHP-0000153,PO-202602-001297,SUP-041,road,承运商24,天津,WH-06,2026-02-14T19:16:00+08:00,2026-02-15T07:16:00+08:00,12,delayed,CG000000000153,17624.26,2026-06-14T17:30:00+08:00
SHP-0000154,PO-202602-000537,SUP-022,road,承运商03,武汉,WH-05,2026-02-24T02:09:00+08:00,2026-02-24T02:09:00+08:00,0,delivered,CG000000000154,65002.39,2026-06-14T23:30:00+08:00
SHP-0000155,PO-202605-000588,SUP-013,sea,承运商23,天津,WH-02,2026-06-07T04:38:00+08:00,2026-06-07T04:38:00+08:00,0,delivered,CG000000000155,31640.55,2026-06-14T23:15:00+08:00
SHP-0000156,PO-202512-000632,SUP-006,rail,承运商04,苏州,WH-06,2026-01-03T15:06:00+08:00,2026-01-05T15:06:00+08:00,48,in_transit,CG000000000156,8002.5,2026-06-14T09:47:00+08:00
SHP-0000157,PO-202507-001517,SUP-057,air,承运商22,成都,WH-04,2025-07-15T01:44:00+08:00,2025-07-15T07:44:00+08:00,6,delivered,CG000000000157,7266.3,2026-06-15T04:37:00+08:00
SHP-0000158,PO-202603-000275,SUP-042,air,承运商17,杭州,WH-01,2026-03-26T22:50:00+08:00,2026-03-26T22:50:00+08:00,0,delivered,CG000000000158,143641.94,2026-06-14T13:51:00+08:00
SHP-0000159,PO-202604-000648,SUP-018,rail,承运商22,合肥,WH-02,2026-05-06T10:43:00+08:00,2026-05-06T10:43:00+08:00,0,delivered,CG000000000159,57898.59,2026-06-14T10:57:00+08:00
SHP-0000160,PO-202511-001481,SUP-026,air,承运商22,武汉,WH-06,2025-11-16T03:21:00+08:00,2025-11-18T03:21:00+08:00,48,delivered,CG000000000160,137206.53,2026-06-14T10:12:00+08:00
SHP-0000161,PO-202506-000937,SUP-005,sea,承运商20,合肥,WH-06,2025-07-02T07:58:00+08:00,2025-07-02T07:58:00+08:00,0,delivered,CG000000000161,62479.52,2026-06-14T09:32:00+08:00
SHP-0000162,PO-202601-001379,SUP-049,road,承运商10,青岛,WH-03,2026-01-14T00:55:00+08:00,2026-01-14T00:55:00+08:00,0,in_transit,CG000000000162,18114.3,2026-06-14T22:46:00+08:00
SHP-0000163,PO-202605-001425,SUP-059,air,承运商09,成都,WH-04,2026-05-08T05:49:00+08:00,2026-05-08T05:49:00+08:00,0,in_transit,CG000000000163,83555.96,2026-06-15T01:26:00+08:00
SHP-0000164,PO-202601-001475,SUP-042,road,承运商11,杭州,WH-06,2026-01-20T08:53:00+08:00,2026-01-20T08:53:00+08:00,0,delivered,CG000000000164,30213.73,2026-06-14T14:59:00+08:00
SHP-0000165,PO-202507-001141,SUP-018,road,承运商22,宁波,WH-01,2025-07-31T19:02:00+08:00,2025-08-01T07:02:00+08:00,12,in_transit,CG000000000165,38579.76,2026-06-15T05:14:00+08:00
SHP-0000166,PO-202511-001252,SUP-037,sea,承运商02,宁波,WH-04,2025-11-19T20:52:00+08:00,2025-11-19T20:52:00+08:00,0,in_transit,CG000000000166,48427.33,2026-06-14T19:16:00+08:00
SHP-0000167,PO-202602-000316,SUP-004,road,承运商10,天津,WH-01,2026-02-20T00:01:00+08:00,2026-02-20T06:01:00+08:00,6,in_transit,CG000000000167,4235.16,2026-06-14T11:17:00+08:00
SHP-0000168,PO-202508-000180,SUP-017,sea,承运商02,天津,WH-06,2025-08-12T00:06:00+08:00,2025-08-12T06:06:00+08:00,6,in_transit,CG000000000168,24018.2,2026-06-15T02:38:00+08:00
SHP-0000169,PO-202603-001164,SUP-018,road,承运商09,青岛,WH-02,2026-03-28T07:41:00+08:00,2026-03-28T19:41:00+08:00,12,delivered,CG000000000169,56349.58,2026-06-14T20:48:00+08:00
SHP-0000170,PO-202605-001346,SUP-017,road,承运商14,宁波,WH-06,2026-05-10T02:11:00+08:00,2026-05-10T02:11:00+08:00,0,in_transit,CG000000000170,31436.73,2026-06-14T19:20:00+08:00
SHP-0000171,PO-202511-001743,SUP-042,sea,承运商05,杭州,WH-04,2025-11-26T05:13:00+08:00,2025-11-26T05:13:00+08:00,0,in_transit,CG000000000171,38847.59,2026-06-15T01:42:00+08:00
SHP-0000172,PO-202605-000966,SUP-041,road,承运商08,苏州,WH-04,2026-06-05T20:08:00+08:00,2026-06-05T20:08:00+08:00,0,delivered,CG000000000172,29037.97,2026-06-15T05:40:00+08:00
SHP-0000173,PO-202509-000761,SUP-007,sea,承运商24,合肥,WH-01,2025-09-11T03:02:00+08:00,2025-09-11T03:02:00+08:00,0,delivered,CG000000000173,7530.0,2026-06-15T03:29:00+08:00
SHP-0000174,PO-202510-000639,SUP-035,air,承运商04,苏州,WH-02,2025-10-09T19:06:00+08:00,2025-10-09T19:06:00+08:00,0,delayed,CG000000000174,157614.33,2026-06-15T00:57:00+08:00
SHP-0000175,PO-202507-001141,SUP-018,road,承运商13,天津,WH-06,2025-07-31T19:02:00+08:00,2025-07-31T19:02:00+08:00,0,in_transit,CG000000000175,39384.54,2026-06-14T23:23:00+08:00
SHP-0000176,PO-202509-000021,SUP-050,road,承运商11,天津,WH-02,2025-09-17T13:24:00+08:00,2025-09-18T13:24:00+08:00,24,delayed,CG000000000176,42994.21,2026-06-14T21:16:00+08:00
SHP-0000177,PO-202602-001535,SUP-024,road,承运商23,成都,WH-01,2026-02-26T08:09:00+08:00,2026-02-26T08:09:00+08:00,0,delayed,CG000000000177,4680.02,2026-06-15T05:16:00+08:00
SHP-0000178,PO-202512-001710,SUP-019,road,承运商06,合肥,WH-05,2025-12-09T12:20:00+08:00,2025-12-09T12:20:00+08:00,0,delivered,CG000000000178,24087.11,2026-06-14T15:40:00+08:00
SHP-0000179,PO-202511-000651,SUP-037,road,承运商23,上海,WH-05,2025-12-02T02:44:00+08:00,2025-12-02T02:44:00+08:00,0,delivered,CG000000000179,40201.85,2026-06-15T04:43:00+08:00
SHP-0000180,PO-202511-001131,SUP-017,sea,承运商18,武汉,WH-02,2025-11-24T15:09:00+08:00,2025-11-24T15:09:00+08:00,0,in_transit,CG000000000180,47023.77,2026-06-14T16:18:00+08:00
SHP-0000181,PO-202508-000740,SUP-048,road,承运商16,杭州,WH-05,2025-08-13T01:56:00+08:00,2025-08-13T01:56:00+08:00,0,delivered,CG000000000181,59667.03,2026-06-15T02:35:00+08:00
SHP-0000182,PO-202510-000830,SUP-004,sea,承运商03,成都,WH-04,2025-10-08T14:16:00+08:00,2025-10-08T14:16:00+08:00,0,delayed,CG000000000182,18590.37,2026-06-15T03:43:00+08:00
SHP-0000183,PO-202507-001397,SUP-002,road,承运商06,上海,WH-03,2025-07-30T15:14:00+08:00,2025-07-31T15:14:00+08:00,24,delayed,CG000000000183,66384.33,2026-06-14T10:01:00+08:00
SHP-0000184,PO-202606-000401,SUP-006,rail,承运商17,合肥,WH-06,2026-06-06T19:19:00+08:00,2026-06-06T19:19:00+08:00,0,delayed,CG000000000184,30439.07,2026-06-14T16:49:00+08:00
SHP-0000185,PO-202512-001416,SUP-023,road,承运商20,天津,WH-05,2026-01-06T15:01:00+08:00,2026-01-06T15:01:00+08:00,0,delivered,CG000000000185,16960.56,2026-06-14T19:30:00+08:00
SHP-0000186,PO-202605-000090,SUP-056,road,承运商13,宁波,WH-02,2026-05-23T16:18:00+08:00,2026-05-23T16:18:00+08:00,0,delivered,CG000000000186,9230.83,2026-06-15T06:32:00+08:00
SHP-0000187,PO-202603-000675,SUP-028,road,承运商22,杭州,WH-06,2026-03-22T23:36:00+08:00,2026-03-22T23:36:00+08:00,0,delayed,CG000000000187,49562.13,2026-06-14T10:23:00+08:00
SHP-0000188,PO-202512-000864,SUP-052,road,承运商14,合肥,WH-03,2025-12-11T18:56:00+08:00,2025-12-11T18:56:00+08:00,0,delayed,CG000000000188,49101.58,2026-06-14T08:44:00+08:00
SHP-0000189,PO-202604-000365,SUP-056,rail,承运商01,苏州,WH-05,2026-04-14T05:56:00+08:00,2026-04-17T05:56:00+08:00,72,delivered,CG000000000189,67492.32,2026-06-14T10:14:00+08:00
SHP-0000190,PO-202601-001103,SUP-042,sea,承运商21,武汉,WH-01,2026-01-05T20:55:00+08:00,2026-01-05T20:55:00+08:00,0,in_transit,CG000000000190,28081.51,2026-06-15T03:41:00+08:00
SHP-0000191,PO-202508-000521,SUP-048,road,承运商03,武汉,WH-03,2025-08-06T14:43:00+08:00,2025-08-08T14:43:00+08:00,48,delivered,CG000000000191,42622.4,2026-06-14T15:20:00+08:00
SHP-0000192,PO-202605-000890,SUP-056,road,承运商07,苏州,WH-02,2026-05-30T18:32:00+08:00,2026-05-31T06:32:00+08:00,12,delivered,CG000000000192,48834.74,2026-06-14T08:50:00+08:00
SHP-0000193,PO-202601-001161,SUP-046,rail,承运商09,成都,WH-04,2026-02-04T14:53:00+08:00,2026-02-06T14:53:00+08:00,48,in_transit,CG000000000193,60113.22,2026-06-14T15:43:00+08:00
SHP-0000194,PO-202605-001407,SUP-027,rail,承运商11,合肥,WH-05,2026-05-20T09:06:00+08:00,2026-05-20T09:06:00+08:00,0,in_transit,CG000000000194,58719.82,2026-06-14T23:10:00+08:00
SHP-0000195,PO-202604-001513,SUP-011,sea,承运商10,合肥,WH-06,2026-04-03T02:34:00+08:00,2026-04-03T02:34:00+08:00,0,delayed,CG000000000195,49396.31,2026-06-14T21:06:00+08:00
SHP-0000196,PO-202509-000225,SUP-038,sea,承运商08,东莞,WH-02,2025-09-28T22:39:00+08:00,2025-09-29T10:39:00+08:00,12,in_transit,CG000000000196,49655.7,2026-06-14T15:25:00+08:00
SHP-0000197,PO-202604-001090,SUP-060,sea,承运商20,苏州,WH-06,2026-04-10T03:13:00+08:00,2026-04-10T09:13:00+08:00,6,delivered,CG000000000197,53414.62,2026-06-15T00:00:00+08:00
SHP-0000198,PO-202510-000139,SUP-030,road,承运商08,武汉,WH-06,2025-10-12T18:38:00+08:00,2025-10-12T18:38:00+08:00,0,delayed,CG000000000198,14314.68,2026-06-14T11:56:00+08:00
SHP-0000199,PO-202510-001328,SUP-043,sea,承运商17,东莞,WH-02,2025-10-26T17:00:00+08:00,2025-10-26T17:00:00+08:00,0,in_transit,CG000000000199,11180.99,2026-06-14T11:34:00+08:00
SHP-0000200,PO-202507-000113,SUP-010,rail,承运商04,合肥,WH-02,2025-08-06T02:08:00+08:00,2025-08-06T08:08:00+08:00,6,delivered,CG000000000200,18839.44,2026-06-14T21:58:00+08:00
SHP-0000201,PO-202507-000657,SUP-041,sea,承运商11,天津,WH-01,2025-07-29T05:07:00+08:00,2025-07-29T05:07:00+08:00,0,customs_hold,CG000000000201,50567.76,2026-06-14T18:31:00+08:00
SHP-0000202,PO-202602-001253,SUP-035,road,承运商02,杭州,WH-05,2026-02-14T12:49:00+08:00,2026-02-14T12:49:00+08:00,0,delivered,CG000000000202,21015.13,2026-06-14T22:44:00+08:00
SHP-0000203,PO-202606-001143,SUP-009,road,承运商19,天津,WH-01,2026-06-12T06:36:00+08:00,2026-06-15T06:36:00+08:00,72,in_transit,CG000000000203,17022.12,2026-06-14T12:45:00+08:00
SHP-0000204,PO-202601-001241,SUP-028,sea,承运商19,宁波,WH-02,2026-01-13T02:40:00+08:00,2026-01-13T02:40:00+08:00,0,delivered,CG000000000204,41841.52,2026-06-14T23:13:00+08:00
SHP-0000205,PO-202508-001627,SUP-042,road,承运商13,合肥,WH-02,2025-09-01T20:38:00+08:00,2025-09-02T08:38:00+08:00,12,customs_hold,CG000000000205,52350.27,2026-06-14T12:30:00+08:00
SHP-0000206,PO-202511-000707,SUP-003,rail,承运商17,天津,WH-01,2025-11-11T12:12:00+08:00,2025-11-11T18:12:00+08:00,6,in_transit,CG000000000206,64238.28,2026-06-15T02:01:00+08:00
SHP-0000207,PO-202512-000115,SUP-027,road,承运商02,上海,WH-01,2025-12-25T16:53:00+08:00,2025-12-25T16:53:00+08:00,0,delivered,CG000000000207,29395.67,2026-06-15T05:00:00+08:00
SHP-0000208,PO-202604-001423,SUP-024,road,承运商17,杭州,WH-03,2026-04-09T12:33:00+08:00,2026-04-09T12:33:00+08:00,0,in_transit,CG000000000208,26451.09,2026-06-14T11:29:00+08:00
SHP-0000209,PO-202512-000255,SUP-024,sea,承运商16,杭州,WH-05,2026-01-05T05:55:00+08:00,2026-01-05T11:55:00+08:00,6,delivered,CG000000000209,42690.28,2026-06-15T06:57:00+08:00
SHP-0000210,PO-202604-001395,SUP-034,rail,承运商23,武汉,WH-05,2026-04-13T07:59:00+08:00,2026-04-13T07:59:00+08:00,0,delayed,CG000000000210,20239.87,2026-06-14T14:07:00+08:00
SHP-0000211,PO-202509-001729,SUP-041,rail,承运商19,武汉,WH-05,2025-10-02T08:42:00+08:00,2025-10-03T08:42:00+08:00,24,delayed,CG000000000211,43274.38,2026-06-15T02:27:00+08:00
SHP-0000212,PO-202511-001485,SUP-035,sea,承运商22,东莞,WH-01,2025-11-16T11:51:00+08:00,2025-11-16T11:51:00+08:00,0,in_transit,CG000000000212,32161.92,2026-06-14T22:04:00+08:00
SHP-0000213,PO-202510-001791,SUP-030,road,承运商04,上海,WH-05,2025-11-02T09:03:00+08:00,2025-11-02T15:03:00+08:00,6,delivered,CG000000000213,14357.7,2026-06-14T20:48:00+08:00
SHP-0000214,PO-202512-001029,SUP-047,road,承运商01,青岛,WH-06,2025-12-28T05:38:00+08:00,2025-12-30T05:38:00+08:00,48,delayed,CG000000000214,11563.99,2026-06-15T00:30:00+08:00
SHP-0000215,PO-202510-001525,SUP-045,sea,承运商03,武汉,WH-06,2025-10-26T06:58:00+08:00,2025-10-26T06:58:00+08:00,0,delivered,CG000000000215,27282.78,2026-06-14T10:55:00+08:00
SHP-0000216,PO-202602-001294,SUP-056,sea,承运商08,青岛,WH-04,2026-02-02T10:38:00+08:00,2026-02-02T16:38:00+08:00,6,delivered,CG000000000216,55904.0,2026-06-14T18:09:00+08:00
SHP-0000217,PO-202509-000844,SUP-018,sea,承运商03,宁波,WH-06,2025-09-07T13:30:00+08:00,2025-09-07T13:30:00+08:00,0,in_transit,CG000000000217,17406.02,2026-06-14T09:56:00+08:00
SHP-0000218,PO-202510-000160,SUP-051,road,承运商15,东莞,WH-02,2025-10-26T11:23:00+08:00,2025-10-26T23:23:00+08:00,12,delivered,CG000000000218,43306.37,2026-06-14T22:51:00+08:00
SHP-0000219,PO-202512-001575,SUP-035,road,承运商23,天津,WH-01,2025-12-29T16:56:00+08:00,2025-12-30T16:56:00+08:00,24,delivered,CG000000000219,26996.2,2026-06-14T12:53:00+08:00
SHP-0000220,PO-202507-000968,SUP-057,road,承运商04,成都,WH-02,2025-07-23T18:35:00+08:00,2025-07-25T18:35:00+08:00,48,in_transit,CG000000000220,47444.15,2026-06-14T11:04:00+08:00
SHP-0000221,PO-202509-000201,SUP-018,sea,承运商23,青岛,WH-04,2025-10-05T01:02:00+08:00,2025-10-05T07:02:00+08:00,6,delivered,CG000000000221,34212.93,2026-06-15T05:44:00+08:00
SHP-0000222,PO-202603-001554,SUP-030,road,承运商23,东莞,WH-06,2026-03-16T14:04:00+08:00,2026-03-16T14:04:00+08:00,0,delivered,CG000000000222,14338.26,2026-06-15T03:20:00+08:00
SHP-0000223,PO-202602-000775,SUP-022,air,承运商24,天津,WH-06,2026-02-22T14:12:00+08:00,2026-02-22T14:12:00+08:00,0,customs_hold,CG000000000223,24935.99,2026-06-15T02:19:00+08:00
SHP-0000224,PO-202605-001431,SUP-001,road,承运商05,武汉,WH-02,2026-05-27T12:29:00+08:00,2026-05-27T12:29:00+08:00,0,delivered,CG000000000224,7656.84,2026-06-14T15:11:00+08:00
SHP-0000225,PO-202509-000634,SUP-014,road,承运商22,武汉,WH-02,2025-09-17T03:41:00+08:00,2025-09-17T15:41:00+08:00,12,delivered,CG000000000225,50267.56,2026-06-14T11:00:00+08:00
SHP-0000226,PO-202512-000520,SUP-036,road,承运商21,东莞,WH-04,2026-01-02T03:09:00+08:00,2026-01-05T03:09:00+08:00,72,delivered,CG000000000226,15179.96,2026-06-15T06:29:00+08:00
SHP-0000227,PO-202507-000426,SUP-058,sea,承运商16,宁波,WH-06,2025-07-24T03:32:00+08:00,2025-07-24T09:32:00+08:00,6,delayed,CG000000000227,6859.51,2026-06-14T13:39:00+08:00
SHP-0000228,PO-202510-001563,SUP-057,road,承运商05,武汉,WH-04,2025-10-28T15:38:00+08:00,2025-10-30T15:38:00+08:00,48,blocked,CG000000000228,43968.51,2026-06-15T07:34:00+08:00
SHP-0000229,PO-202606-000251,SUP-006,air,承运商16,成都,WH-03,2026-06-10T02:43:00+08:00,2026-06-10T02:43:00+08:00,0,customs_hold,CG000000000229,90823.68,2026-06-14T17:17:00+08:00
SHP-0000230,PO-202508-001288,SUP-003,road,承运商12,青岛,WH-01,2025-09-06T20:51:00+08:00,2025-09-06T20:51:00+08:00,0,delivered,CG000000000230,57659.43,2026-06-14T17:09:00+08:00
SHP-0000231,PO-202509-000464,SUP-025,road,承运商01,青岛,WH-04,2025-09-10T01:16:00+08:00,2025-09-10T01:16:00+08:00,0,blocked,CG000000000231,34635.37,2026-06-14T08:45:00+08:00
SHP-0000232,PO-202604-001658,SUP-007,sea,承运商07,青岛,WH-06,2026-04-27T07:51:00+08:00,2026-04-27T07:51:00+08:00,0,in_transit,CG000000000232,31757.09,2026-06-14T10:01:00+08:00
SHP-0000233,PO-202606-000565,SUP-003,rail,承运商19,上海,WH-04,2026-06-16T15:14:00+08:00,2026-06-16T15:14:00+08:00,0,delivered,CG000000000233,15520.6,2026-06-14T14:59:00+08:00
SHP-0000234,PO-202512-000176,SUP-043,rail,承运商19,合肥,WH-01,2025-12-30T12:13:00+08:00,2025-12-30T18:13:00+08:00,6,delayed,CG000000000234,21067.92,2026-06-14T19:54:00+08:00
SHP-0000235,PO-202606-001092,SUP-010,air,承运商16,苏州,WH-01,2026-06-18T23:08:00+08:00,2026-06-18T23:08:00+08:00,0,delivered,CG000000000235,90492.05,2026-06-14T17:46:00+08:00
SHP-0000236,PO-202509-001097,SUP-013,rail,承运商12,东莞,WH-06,2025-09-11T17:07:00+08:00,2025-09-11T17:07:00+08:00,0,delivered,CG000000000236,23035.45,2026-06-14T12:00:00+08:00
SHP-0000237,PO-202605-000308,SUP-021,rail,承运商05,武汉,WH-05,2026-05-24T00:47:00+08:00,2026-05-24T00:47:00+08:00,0,in_transit,CG000000000237,27285.06,2026-06-15T02:01:00+08:00
SHP-0000238,PO-202512-000976,SUP-012,road,承运商22,杭州,WH-06,2025-12-08T20:55:00+08:00,2025-12-08T20:55:00+08:00,0,delivered,CG000000000238,62644.41,2026-06-14T18:54:00+08:00
SHP-0000239,PO-202511-000784,SUP-058,sea,承运商10,上海,WH-02,2025-11-28T00:15:00+08:00,2025-11-28T00:15:00+08:00,0,delivered,CG000000000239,11122.55,2026-06-14T13:13:00+08:00
SHP-0000240,PO-202507-000151,SUP-031,road,承运商19,苏州,WH-06,2025-07-10T06:56:00+08:00,2025-07-10T06:56:00+08:00,0,delivered,CG000000000240,49099.82,2026-06-14T17:27:00+08:00
SHP-0000241,PO-202512-001369,SUP-032,road,承运商11,青岛,WH-02,2025-12-25T17:16:00+08:00,2025-12-26T17:16:00+08:00,24,in_transit,CG000000000241,17821.62,2026-06-15T00:51:00+08:00
SHP-0000242,PO-202601-001315,SUP-054,road,承运商05,武汉,WH-04,2026-01-16T09:19:00+08:00,2026-01-17T09:19:00+08:00,24,delivered,CG000000000242,42855.81,2026-06-15T07:55:00+08:00
SHP-0000243,PO-202604-001136,SUP-011,road,承运商10,东莞,WH-05,2026-04-24T02:48:00+08:00,2026-04-24T02:48:00+08:00,0,in_transit,CG000000000243,31341.19,2026-06-14T09:50:00+08:00
SHP-0000244,PO-202507-000301,SUP-016,road,承运商14,天津,WH-01,2025-07-23T14:46:00+08:00,2025-07-23T14:46:00+08:00,0,in_transit,CG000000000244,60597.35,2026-06-14T19:52:00+08:00
SHP-0000245,PO-202508-000353,SUP-011,sea,承运商21,宁波,WH-04,2025-08-21T16:52:00+08:00,2025-08-22T16:52:00+08:00,24,blocked,CG000000000245,37185.51,2026-06-15T02:39:00+08:00
SHP-0000246,PO-202601-000709,SUP-010,road,承运商23,东莞,WH-01,2026-01-22T00:03:00+08:00,2026-01-23T00:03:00+08:00,24,delivered,CG000000000246,16987.84,2026-06-14T08:06:00+08:00
SHP-0000247,PO-202511-001442,SUP-035,road,承运商04,成都,WH-04,2025-11-06T17:22:00+08:00,2025-11-06T17:22:00+08:00,0,delivered,CG000000000247,62901.66,2026-06-15T07:50:00+08:00
SHP-0000248,PO-202602-000885,SUP-019,road,承运商14,杭州,WH-06,2026-02-08T13:15:00+08:00,2026-02-11T13:15:00+08:00,72,delivered,CG000000000248,6237.98,2026-06-15T02:21:00+08:00
SHP-0000249,PO-202510-000547,SUP-020,road,承运商01,苏州,WH-04,2025-10-20T07:14:00+08:00,2025-10-22T07:14:00+08:00,48,in_transit,CG000000000249,66916.44,2026-06-15T01:46:00+08:00
SHP-0000250,PO-202601-001049,SUP-004,air,承运商05,上海,WH-02,2026-01-06T03:03:00+08:00,2026-01-06T09:03:00+08:00,6,delayed,CG000000000250,150763.19,2026-06-14T23:59:00+08:00
SHP-0000251,PO-202512-000505,SUP-056,air,承运商01,武汉,WH-06,2026-01-06T09:45:00+08:00,2026-01-07T09:45:00+08:00,24,delayed,CG000000000251,13244.45,2026-06-14T18:26:00+08:00
SHP-0000252,PO-202602-000236,SUP-019,rail,承运商15,杭州,WH-01,2026-02-12T15:17:00+08:00,2026-02-13T03:17:00+08:00,12,customs_hold,CG000000000252,63408.88,2026-06-14T12:13:00+08:00
SHP-0000253,PO-202510-001487,SUP-043,road,承运商18,成都,WH-04,2025-10-05T04:31:00+08:00,2025-10-06T04:31:00+08:00,24,in_transit,CG000000000253,13896.07,2026-06-15T05:31:00+08:00
SHP-0000254,PO-202509-001784,SUP-029,road,承运商14,天津,WH-06,2025-09-14T10:11:00+08:00,2025-09-14T10:11:00+08:00,0,delivered,CG000000000254,52743.12,2026-06-14T13:19:00+08:00
SHP-0000255,PO-202507-000036,SUP-033,rail,承运商05,天津,WH-05,2025-07-05T07:39:00+08:00,2025-07-05T07:39:00+08:00,0,delivered,CG000000000255,28572.49,2026-06-14T21:57:00+08:00
SHP-0000256,PO-202601-001053,SUP-057,air,承运商23,天津,WH-04,2026-01-14T18:34:00+08:00,2026-01-15T00:34:00+08:00,6,delivered,CG000000000256,19560.01,2026-06-14T18:11:00+08:00
SHP-0000257,PO-202601-000515,SUP-049,air,承运商04,青岛,WH-01,2026-01-04T08:49:00+08:00,2026-01-04T08:49:00+08:00,0,delayed,CG000000000257,117342.94,2026-06-14T12:38:00+08:00
SHP-0000258,PO-202507-000426,SUP-058,road,承运商10,东莞,WH-02,2025-07-24T03:32:00+08:00,2025-07-24T03:32:00+08:00,0,delayed,CG000000000258,9087.74,2026-06-15T05:02:00+08:00
SHP-0000259,PO-202604-000623,SUP-013,rail,承运商11,苏州,WH-01,2026-05-03T07:37:00+08:00,2026-05-03T13:37:00+08:00,6,delayed,CG000000000259,32282.85,2026-06-15T04:32:00+08:00
SHP-0000260,PO-202604-000264,SUP-055,rail,承运商07,宁波,WH-01,2026-04-06T20:51:00+08:00,2026-04-06T20:51:00+08:00,0,delivered,CG000000000260,38036.09,2026-06-15T03:36:00+08:00
SHP-0000261,PO-202510-000700,SUP-060,sea,承运商23,苏州,WH-06,2025-10-09T17:59:00+08:00,2025-10-09T17:59:00+08:00,0,delayed,CG000000000261,11993.97,2026-06-15T01:46:00+08:00
SHP-0000262,PO-202603-000616,SUP-023,sea,承运商02,上海,WH-01,2026-04-02T09:20:00+08:00,2026-04-02T21:20:00+08:00,12,delivered,CG000000000262,61080.76,2026-06-14T13:05:00+08:00
SHP-0000263,PO-202601-000281,SUP-042,rail,承运商24,青岛,WH-03,2026-01-28T12:01:00+08:00,2026-01-28T12:01:00+08:00,0,delivered,CG000000000263,49778.15,2026-06-14T17:31:00+08:00
SHP-0000264,PO-202507-001545,SUP-050,sea,承运商21,苏州,WH-04,2025-08-06T09:19:00+08:00,2025-08-06T15:19:00+08:00,6,in_transit,CG000000000264,20347.23,2026-06-14T14:13:00+08:00
SHP-0000265,PO-202509-001751,SUP-060,rail,承运商12,武汉,WH-05,2025-09-14T03:41:00+08:00,2025-09-15T03:41:00+08:00,24,in_transit,CG000000000265,10662.44,2026-06-15T02:33:00+08:00
SHP-0000266,PO-202509-000322,SUP-053,rail,承运商24,合肥,WH-04,2025-09-27T04:23:00+08:00,2025-09-27T10:23:00+08:00,6,delivered,CG000000000266,26613.54,2026-06-15T00:39:00+08:00
SHP-0000267,PO-202512-000779,SUP-015,road,承运商24,苏州,WH-06,2025-12-29T13:07:00+08:00,2025-12-29T13:07:00+08:00,0,in_transit,CG000000000267,57828.33,2026-06-15T02:13:00+08:00
SHP-0000268,PO-202507-000577,SUP-007,air,承运商24,苏州,WH-05,2025-07-21T22:55:00+08:00,2025-07-21T22:55:00+08:00,0,delivered,CG000000000268,120418.91,2026-06-14T15:19:00+08:00
SHP-0000269,PO-202604-000416,SUP-022,road,承运商06,天津,WH-05,2026-04-24T23:12:00+08:00,2026-04-25T05:12:00+08:00,6,delivered,CG000000000269,60528.42,2026-06-14T18:09:00+08:00
SHP-0000270,PO-202603-001085,SUP-039,road,承运商22,上海,WH-04,2026-03-26T02:52:00+08:00,2026-03-26T02:52:00+08:00,0,delayed,CG000000000270,52162.08,2026-06-15T06:15:00+08:00
SHP-0000271,PO-202508-001210,SUP-002,road,承运商16,东莞,WH-01,2025-08-06T02:44:00+08:00,2025-08-07T02:44:00+08:00,24,delivered,CG000000000271,63973.41,2026-06-14T17:36:00+08:00
SHP-0000272,PO-202508-000667,SUP-060,sea,承运商20,青岛,WH-02,2025-08-16T13:01:00+08:00,2025-08-17T01:01:00+08:00,12,delivered,CG000000000272,5543.63,2026-06-14T10:14:00+08:00
SHP-0000273,PO-202605-000778,SUP-019,sea,承运商23,合肥,WH-06,2026-05-19T04:08:00+08:00,2026-05-19T04:08:00+08:00,0,in_transit,CG000000000273,44327.35,2026-06-14T14:10:00+08:00
SHP-0000274,PO-202509-001367,SUP-043,air,承运商11,天津,WH-03,2025-10-03T01:35:00+08:00,2025-10-03T01:35:00+08:00,0,delivered,CG000000000274,118647.82,2026-06-15T07:24:00+08:00
SHP-0000275,PO-202601-001463,SUP-046,road,承运商18,成都,WH-06,2026-01-30T08:38:00+08:00,2026-01-30T08:38:00+08:00,0,delivered,CG000000000275,6320.28,2026-06-15T00:23:00+08:00
SHP-0000276,PO-202601-000286,SUP-021,sea,承运商03,宁波,WH-02,2026-01-20T19:53:00+08:00,2026-01-21T01:53:00+08:00,6,in_transit,CG000000000276,5653.64,2026-06-15T04:56:00+08:00
SHP-0000277,PO-202606-000911,SUP-009,rail,承运商16,宁波,WH-06,2026-06-04T16:57:00+08:00,2026-06-04T16:57:00+08:00,0,delivered,CG000000000277,42314.65,2026-06-14T17:37:00+08:00
SHP-0000278,PO-202604-001775,SUP-007,sea,承运商21,上海,WH-03,2026-05-04T06:28:00+08:00,2026-05-04T06:28:00+08:00,0,in_transit,CG000000000278,51495.05,2026-06-14T16:31:00+08:00
SHP-0000279,PO-202605-000043,SUP-022,road,承运商08,天津,WH-03,2026-05-29T06:50:00+08:00,2026-05-31T06:50:00+08:00,48,delivered,CG000000000279,51901.05,2026-06-14T11:30:00+08:00
SHP-0000280,PO-202509-000417,SUP-014,road,承运商18,苏州,WH-04,2025-09-18T03:58:00+08:00,2025-09-19T03:58:00+08:00,24,delivered,CG000000000280,58990.12,2026-06-14T20:44:00+08:00
SHP-0000281,PO-202603-001281,SUP-034,road,承运商21,武汉,WH-02,2026-03-28T16:48:00+08:00,2026-03-29T16:48:00+08:00,24,delivered,CG000000000281,50719.5,2026-06-15T02:44:00+08:00
SHP-0000282,PO-202603-000727,SUP-030,sea,承运商01,合肥,WH-05,2026-03-16T16:33:00+08:00,2026-03-16T16:33:00+08:00,0,delivered,CG000000000282,62506.75,2026-06-15T07:42:00+08:00
SHP-0000283,PO-202603-000242,SUP-014,sea,承运商24,青岛,WH-02,2026-03-11T09:29:00+08:00,2026-03-14T09:29:00+08:00,72,delivered,CG000000000283,2660.38,2026-06-15T06:56:00+08:00
SHP-0000284,PO-202508-000134,SUP-033,sea,承运商10,武汉,WH-02,2025-08-21T00:06:00+08:00,2025-08-21T00:06:00+08:00,0,in_transit,CG000000000284,65968.42,2026-06-15T05:03:00+08:00
SHP-0000285,PO-202509-000097,SUP-060,sea,承运商13,上海,WH-02,2025-09-06T22:25:00+08:00,2025-09-07T04:25:00+08:00,6,delivered,CG000000000285,31997.15,2026-06-14T19:53:00+08:00
SHP-0000286,PO-202603-000555,SUP-048,rail,承运商08,青岛,WH-03,2026-04-01T04:20:00+08:00,2026-04-01T04:20:00+08:00,0,delivered,CG000000000286,50813.2,2026-06-15T01:25:00+08:00
SHP-0000287,PO-202506-000075,SUP-035,sea,承运商04,苏州,WH-03,2025-06-30T07:15:00+08:00,2025-06-30T19:15:00+08:00,12,delivered,CG000000000287,37750.42,2026-06-14T14:00:00+08:00
SHP-0000288,PO-202507-000193,SUP-030,road,承运商03,天津,WH-05,2025-07-08T15:38:00+08:00,2025-07-08T15:38:00+08:00,0,in_transit,CG000000000288,57407.82,2026-06-15T04:59:00+08:00
SHP-0000289,PO-202511-000392,SUP-055,sea,承运商01,东莞,WH-05,2025-11-16T17:06:00+08:00,2025-11-16T17:06:00+08:00,0,delayed,CG000000000289,65806.4,2026-06-14T21:31:00+08:00
SHP-0000290,PO-202511-001302,SUP-047,sea,承运商24,上海,WH-04,2025-11-23T02:10:00+08:00,2025-11-23T02:10:00+08:00,0,delayed,CG000000000290,62683.79,2026-06-14T11:43:00+08:00
SHP-0000291,PO-202506-000879,SUP-003,sea,承运商13,苏州,WH-04,2025-07-04T17:22:00+08:00,2025-07-04T17:22:00+08:00,0,delivered,CG000000000291,45058.06,2026-06-14T14:28:00+08:00
SHP-0000292,PO-202507-000652,SUP-008,air,承运商01,杭州,WH-02,2025-07-05T11:42:00+08:00,2025-07-05T11:42:00+08:00,0,delivered,CG000000000292,53958.8,2026-06-14T23:25:00+08:00
SHP-0000293,PO-202508-000353,SUP-011,sea,承运商09,成都,WH-05,2025-08-21T16:52:00+08:00,2025-08-21T22:52:00+08:00,6,in_transit,CG000000000293,6758.47,2026-06-14T14:02:00+08:00
SHP-0000294,PO-202510-001355,SUP-015,road,承运商22,苏州,WH-01,2025-10-14T18:37:00+08:00,2025-10-15T18:37:00+08:00,24,delivered,CG000000000294,23749.72,2026-06-14T13:49:00+08:00
SHP-0000295,PO-202511-001245,SUP-037,air,承运商17,宁波,WH-05,2025-12-01T04:32:00+08:00,2025-12-01T16:32:00+08:00,12,customs_hold,CG000000000295,42220.25,2026-06-14T09:02:00+08:00
SHP-0000296,PO-202605-000043,SUP-022,air,承运商11,上海,WH-05,2026-05-29T06:50:00+08:00,2026-05-29T06:50:00+08:00,0,delayed,CG000000000296,153562.66,2026-06-15T03:14:00+08:00
SHP-0000297,PO-202603-001582,SUP-034,sea,承运商23,成都,WH-06,2026-03-27T14:17:00+08:00,2026-03-27T14:17:00+08:00,0,delivered,CG000000000297,29466.57,2026-06-14T12:33:00+08:00
SHP-0000298,PO-202508-000249,SUP-003,road,承运商06,杭州,WH-02,2025-08-10T02:46:00+08:00,2025-08-10T08:46:00+08:00,6,in_transit,CG000000000298,61839.6,2026-06-15T03:53:00+08:00
SHP-0000299,PO-202512-000776,SUP-024,air,承运商12,宁波,WH-02,2025-12-10T02:38:00+08:00,2025-12-10T02:38:00+08:00,0,delivered,CG000000000299,40411.65,2026-06-14T21:57:00+08:00
SHP-0000300,PO-202511-000026,SUP-037,road,承运商14,合肥,WH-01,2025-11-17T11:30:00+08:00,2025-11-17T11:30:00+08:00,0,delivered,CG000000000300,52188.96,2026-06-14T20:30:00+08:00
SHP-0000301,PO-202508-001507,SUP-006,sea,承运商04,上海,WH-01,2025-08-06T05:35:00+08:00,2025-08-06T05:35:00+08:00,0,in_transit,CG000000000301,34148.16,2026-06-14T22:24:00+08:00
SHP-0000302,PO-202509-000533,SUP-041,road,承运商07,天津,WH-04,2025-09-17T07:16:00+08:00,2025-09-19T07:16:00+08:00,48,blocked,CG000000000302,60974.4,2026-06-14T11:18:00+08:00
SHP-0000303,PO-202602-000240,SUP-009,sea,承运商23,成都,WH-04,2026-02-05T22:50:00+08:00,2026-02-06T10:50:00+08:00,12,delivered,CG000000000303,47713.18,2026-06-14T21:56:00+08:00
SHP-0000304,PO-202510-000333,SUP-058,road,承运商15,上海,WH-04,2025-10-06T22:43:00+08:00,2025-10-07T10:43:00+08:00,12,in_transit,CG000000000304,36468.13,2026-06-14T08:54:00+08:00
SHP-0000305,PO-202606-001126,SUP-004,road,承运商01,东莞,WH-03,2026-06-14T18:35:00+08:00,2026-06-14T18:35:00+08:00,0,in_transit,CG000000000305,7456.77,2026-06-14T16:08:00+08:00
SHP-0000306,PO-202605-000274,SUP-058,road,承运商13,合肥,WH-03,2026-05-18T10:16:00+08:00,2026-05-18T22:16:00+08:00,12,in_transit,CG000000000306,28145.89,2026-06-14T20:04:00+08:00
SHP-0000307,PO-202602-001632,SUP-028,sea,承运商19,苏州,WH-03,2026-02-25T06:21:00+08:00,2026-02-25T06:21:00+08:00,0,delayed,CG000000000307,10386.23,2026-06-15T02:02:00+08:00
SHP-0000308,PO-202509-000434,SUP-047,sea,承运商21,苏州,WH-05,2025-09-21T02:28:00+08:00,2025-09-22T02:28:00+08:00,24,in_transit,CG000000000308,56415.46,2026-06-14T12:31:00+08:00
SHP-0000309,PO-202507-000814,SUP-024,road,承运商13,东莞,WH-02,2025-08-01T08:52:00+08:00,2025-08-02T08:52:00+08:00,24,delayed,CG000000000309,20582.39,2026-06-14T12:53:00+08:00
SHP-0000310,PO-202601-000973,SUP-009,road,承运商07,合肥,WH-04,2026-01-13T14:32:00+08:00,2026-01-15T14:32:00+08:00,48,in_transit,CG000000000310,60678.12,2026-06-15T00:05:00+08:00
SHP-0000311,PO-202507-000814,SUP-024,rail,承运商19,武汉,WH-01,2025-08-01T08:52:00+08:00,2025-08-01T08:52:00+08:00,0,delivered,CG000000000311,14771.49,2026-06-14T15:41:00+08:00
SHP-0000312,PO-202509-000199,SUP-015,rail,承运商17,东莞,WH-01,2025-09-10T23:15:00+08:00,2025-09-11T23:15:00+08:00,24,delivered,CG000000000312,57280.77,2026-06-15T05:01:00+08:00
SHP-0000313,PO-202604-001423,SUP-024,road,承运商04,武汉,WH-03,2026-04-09T12:33:00+08:00,2026-04-09T18:33:00+08:00,6,delivered,CG000000000313,33093.12,2026-06-14T11:34:00+08:00
SHP-0000314,PO-202605-001425,SUP-059,sea,承运商01,成都,WH-04,2026-05-08T05:49:00+08:00,2026-05-09T05:49:00+08:00,24,in_transit,CG000000000314,32964.7,2026-06-14T15:10:00+08:00
SHP-0000315,PO-202507-001596,SUP-013,road,承运商08,杭州,WH-05,2025-07-31T11:19:00+08:00,2025-07-31T11:19:00+08:00,0,in_transit,CG000000000315,62718.02,2026-06-15T06:24:00+08:00
SHP-0000316,PO-202507-000481,SUP-043,air,承运商20,宁波,WH-04,2025-07-30T03:01:00+08:00,2025-07-30T03:01:00+08:00,0,in_transit,CG000000000316,108217.9,2026-06-14T17:48:00+08:00
SHP-0000317,PO-202510-000665,SUP-057,road,承运商12,上海,WH-06,2025-10-12T22:06:00+08:00,2025-10-12T22:06:00+08:00,0,delivered,CG000000000317,57084.21,2026-06-15T00:45:00+08:00
SHP-0000318,PO-202507-001003,SUP-042,rail,承运商23,天津,WH-02,2025-07-19T13:03:00+08:00,2025-07-20T01:03:00+08:00,12,in_transit,CG000000000318,9334.18,2026-06-15T01:24:00+08:00
SHP-0000319,PO-202509-000634,SUP-014,road,承运商05,天津,WH-06,2025-09-17T03:41:00+08:00,2025-09-17T03:41:00+08:00,0,delivered,CG000000000319,14734.76,2026-06-14T08:29:00+08:00
SHP-0000320,PO-202509-000464,SUP-025,road,承运商21,杭州,WH-05,2025-09-10T01:16:00+08:00,2025-09-10T01:16:00+08:00,0,delayed,CG000000000320,36360.25,2026-06-14T21:24:00+08:00
SHP-0000321,PO-202506-000704,SUP-021,air,承运商16,宁波,WH-01,2025-07-02T11:16:00+08:00,2025-07-04T11:16:00+08:00,48,in_transit,CG000000000321,122237.83,2026-06-14T19:23:00+08:00
SHP-0000322,PO-202510-000283,SUP-005,road,承运商06,合肥,WH-05,2025-10-13T12:03:00+08:00,2025-10-15T12:03:00+08:00,48,customs_hold,CG000000000322,31655.57,2026-06-15T04:54:00+08:00
SHP-0000323,PO-202603-001736,SUP-053,road,承运商21,成都,WH-03,2026-03-07T21:12:00+08:00,2026-03-07T21:12:00+08:00,0,delayed,CG000000000323,18174.45,2026-06-14T20:25:00+08:00
SHP-0000324,PO-202605-001219,SUP-050,sea,承运商11,杭州,WH-02,2026-05-05T10:16:00+08:00,2026-05-05T22:16:00+08:00,12,in_transit,CG000000000324,55607.94,2026-06-14T19:24:00+08:00
SHP-0000325,PO-202603-000246,SUP-009,rail,承运商17,合肥,WH-05,2026-03-19T03:33:00+08:00,2026-03-21T03:33:00+08:00,48,delayed,CG000000000325,9109.37,2026-06-14T08:12:00+08:00
SHP-0000326,PO-202604-001781,SUP-009,road,承运商07,武汉,WH-06,2026-04-08T20:39:00+08:00,2026-04-08T20:39:00+08:00,0,delayed,CG000000000326,8855.44,2026-06-14T14:18:00+08:00
SHP-0000327,PO-202601-000559,SUP-047,air,承运商24,合肥,WH-05,2026-01-29T06:42:00+08:00,2026-01-29T06:42:00+08:00,0,delivered,CG000000000327,89286.6,2026-06-14T18:03:00+08:00
SHP-0000328,PO-202506-001708,SUP-037,sea,承运商14,天津,WH-03,2025-07-05T01:25:00+08:00,2025-07-06T01:25:00+08:00,24,delayed,CG000000000328,67531.33,2026-06-14T14:11:00+08:00
SHP-0000329,PO-202507-001193,SUP-002,sea,承运商18,成都,WH-06,2025-07-25T23:18:00+08:00,2025-07-28T23:18:00+08:00,72,customs_hold,CG000000000329,56635.93,2026-06-15T06:09:00+08:00
SHP-0000330,PO-202604-000752,SUP-036,sea,承运商01,天津,WH-02,2026-04-09T07:48:00+08:00,2026-04-09T19:48:00+08:00,12,delayed,CG000000000330,44726.19,2026-06-14T21:24:00+08:00
SHP-0000331,PO-202511-001252,SUP-037,air,承运商21,宁波,WH-04,2025-11-19T20:52:00+08:00,2025-11-19T20:52:00+08:00,0,in_transit,CG000000000331,114886.73,2026-06-14T22:06:00+08:00
SHP-0000332,PO-202507-000931,SUP-049,sea,承运商14,合肥,WH-05,2025-07-08T12:29:00+08:00,2025-07-08T12:29:00+08:00,0,delivered,CG000000000332,33592.71,2026-06-14T13:27:00+08:00
SHP-0000333,PO-202603-000729,SUP-049,road,承运商09,宁波,WH-04,2026-03-16T07:05:00+08:00,2026-03-16T07:05:00+08:00,0,delivered,CG000000000333,4964.94,2026-06-14T19:08:00+08:00
SHP-0000334,PO-202510-000368,SUP-016,sea,承运商07,上海,WH-03,2025-10-31T06:51:00+08:00,2025-11-01T06:51:00+08:00,24,delivered,CG000000000334,41257.08,2026-06-14T23:29:00+08:00
SHP-0000335,PO-202507-000932,SUP-021,sea,承运商04,成都,WH-06,2025-08-01T16:39:00+08:00,2025-08-02T16:39:00+08:00,24,blocked,CG000000000335,24068.39,2026-06-14T21:49:00+08:00
SHP-0000336,PO-202604-001149,SUP-004,rail,承运商12,成都,WH-05,2026-04-30T15:21:00+08:00,2026-04-30T15:21:00+08:00,0,delayed,CG000000000336,22915.98,2026-06-14T19:10:00+08:00
SHP-0000337,PO-202507-000086,SUP-012,rail,承运商04,苏州,WH-04,2025-07-24T06:37:00+08:00,2025-07-24T06:37:00+08:00,0,delivered,CG000000000337,58930.95,2026-06-14T14:55:00+08:00
SHP-0000338,PO-202602-001352,SUP-028,sea,承运商18,合肥,WH-02,2026-02-27T22:31:00+08:00,2026-02-27T22:31:00+08:00,0,delivered,CG000000000338,14250.78,2026-06-14T08:37:00+08:00
SHP-0000339,PO-202507-000577,SUP-007,sea,承运商11,天津,WH-02,2025-07-21T22:55:00+08:00,2025-07-21T22:55:00+08:00,0,in_transit,CG000000000339,15015.88,2026-06-15T03:17:00+08:00
SHP-0000340,PO-202604-001700,SUP-052,road,承运商10,苏州,WH-04,2026-04-03T09:40:00+08:00,2026-04-03T21:40:00+08:00,12,in_transit,CG000000000340,36241.25,2026-06-15T05:56:00+08:00
SHP-0000341,PO-202604-000460,SUP-025,road,承运商21,杭州,WH-04,2026-04-28T04:09:00+08:00,2026-04-28T04:09:00+08:00,0,delayed,CG000000000341,44505.86,2026-06-15T00:29:00+08:00
SHP-0000342,PO-202510-000415,SUP-013,road,承运商16,青岛,WH-06,2025-10-22T00:48:00+08:00,2025-10-22T00:48:00+08:00,0,delivered,CG000000000342,63389.75,2026-06-14T12:48:00+08:00
SHP-0000343,PO-202605-001540,SUP-009,air,承运商07,青岛,WH-03,2026-05-27T00:56:00+08:00,2026-05-27T06:56:00+08:00,6,delayed,CG000000000343,155096.82,2026-06-14T22:40:00+08:00
SHP-0000344,PO-202512-000039,SUP-009,sea,承运商20,苏州,WH-04,2026-01-03T03:40:00+08:00,2026-01-04T03:40:00+08:00,24,delivered,CG000000000344,24645.42,2026-06-14T22:47:00+08:00
SHP-0000345,PO-202603-000465,SUP-057,rail,承运商04,天津,WH-02,2026-03-11T15:07:00+08:00,2026-03-11T15:07:00+08:00,0,customs_hold,CG000000000345,63572.62,2026-06-14T15:40:00+08:00
SHP-0000346,PO-202601-000483,SUP-044,road,承运商15,东莞,WH-01,2026-02-01T11:07:00+08:00,2026-02-01T11:07:00+08:00,0,delayed,CG000000000346,31158.45,2026-06-15T00:57:00+08:00
SHP-0000347,PO-202603-000945,SUP-052,sea,承运商03,武汉,WH-02,2026-03-26T02:53:00+08:00,2026-03-26T02:53:00+08:00,0,delayed,CG000000000347,44217.87,2026-06-14T10:07:00+08:00
SHP-0000348,PO-202507-000530,SUP-035,road,承运商15,苏州,WH-05,2025-07-13T18:54:00+08:00,2025-07-13T18:54:00+08:00,0,in_transit,CG000000000348,60777.23,2026-06-15T06:44:00+08:00
SHP-0000349,PO-202511-000276,SUP-058,sea,承运商23,天津,WH-01,2025-11-13T09:24:00+08:00,2025-11-13T09:24:00+08:00,0,delayed,CG000000000349,40544.01,2026-06-14T08:48:00+08:00
SHP-0000350,PO-202510-001016,SUP-049,road,承运商18,合肥,WH-03,2025-10-17T23:34:00+08:00,2025-10-17T23:34:00+08:00,0,delivered,CG000000000350,12004.07,2026-06-15T00:50:00+08:00
SHP-0000351,PO-202512-000213,SUP-038,rail,承运商20,天津,WH-03,2025-12-23T01:19:00+08:00,2025-12-23T01:19:00+08:00,0,in_transit,CG000000000351,55589.29,2026-06-14T13:32:00+08:00
SHP-0000352,PO-202512-001178,SUP-033,road,承运商15,合肥,WH-01,2025-12-12T05:19:00+08:00,2025-12-12T11:19:00+08:00,6,blocked,CG000000000352,3188.77,2026-06-14T23:06:00+08:00
SHP-0000353,PO-202508-001381,SUP-034,road,承运商21,天津,WH-01,2025-08-11T03:24:00+08:00,2025-08-11T09:24:00+08:00,6,delayed,CG000000000353,43383.68,2026-06-14T12:17:00+08:00
SHP-0000354,PO-202601-000748,SUP-028,sea,承运商24,合肥,WH-06,2026-01-26T03:33:00+08:00,2026-01-27T03:33:00+08:00,24,in_transit,CG000000000354,48556.89,2026-06-15T02:30:00+08:00
SHP-0000355,PO-202506-000433,SUP-041,air,承运商12,青岛,WH-01,2025-06-23T04:41:00+08:00,2025-06-23T04:41:00+08:00,0,delivered,CG000000000355,37655.52,2026-06-14T22:24:00+08:00
SHP-0000356,PO-202606-001798,SUP-057,road,承运商18,武汉,WH-03,2026-06-17T18:54:00+08:00,2026-06-17T18:54:00+08:00,0,delayed,CG000000000356,57714.01,2026-06-15T03:37:00+08:00
SHP-0000357,PO-202508-001291,SUP-019,air,承运商09,杭州,WH-04,2025-08-30T00:37:00+08:00,2025-08-30T12:37:00+08:00,12,delayed,CG000000000357,64535.17,2026-06-14T16:13:00+08:00
SHP-0000358,PO-202604-001190,SUP-014,road,承运商13,合肥,WH-05,2026-04-08T14:02:00+08:00,2026-04-08T14:02:00+08:00,0,delivered,CG000000000358,22111.34,2026-06-15T00:25:00+08:00
SHP-0000359,PO-202506-001634,SUP-048,road,承运商24,上海,WH-05,2025-07-01T07:35:00+08:00,2025-07-03T07:35:00+08:00,48,in_transit,CG000000000359,28176.71,2026-06-14T16:02:00+08:00
SHP-0000360,PO-202602-000857,SUP-014,rail,承运商20,青岛,WH-01,2026-03-02T22:29:00+08:00,2026-03-02T22:29:00+08:00,0,delivered,CG000000000360,26650.06,2026-06-14T19:42:00+08:00
SHP-0000361,PO-202509-001329,SUP-026,road,承运商04,宁波,WH-03,2025-09-13T17:41:00+08:00,2025-09-13T17:41:00+08:00,0,delivered,CG000000000361,58735.45,2026-06-15T04:03:00+08:00
SHP-0000362,PO-202602-001445,SUP-046,air,承运商01,东莞,WH-05,2026-03-05T17:15:00+08:00,2026-03-05T17:15:00+08:00,0,delivered,CG000000000362,37350.19,2026-06-15T04:06:00+08:00
SHP-0000363,PO-202509-001774,SUP-047,road,承运商24,苏州,WH-05,2025-09-09T13:10:00+08:00,2025-09-10T13:10:00+08:00,24,delayed,CG000000000363,4665.08,2026-06-15T01:29:00+08:00
SHP-0000364,PO-202509-000533,SUP-041,sea,承运商04,杭州,WH-01,2025-09-17T07:16:00+08:00,2025-09-17T07:16:00+08:00,0,delivered,CG000000000364,32458.43,2026-06-15T04:40:00+08:00
SHP-0000365,PO-202511-000282,SUP-043,road,承运商08,合肥,WH-05,2025-11-13T02:20:00+08:00,2025-11-13T02:20:00+08:00,0,delayed,CG000000000365,1865.84,2026-06-14T12:02:00+08:00
SHP-0000366,PO-202507-000259,SUP-042,road,承运商06,合肥,WH-02,2025-07-24T02:05:00+08:00,2025-07-24T02:05:00+08:00,0,delivered,CG000000000366,42732.35,2026-06-14T12:36:00+08:00
SHP-0000367,PO-202511-001437,SUP-046,road,承运商23,苏州,WH-04,2025-12-04T22:52:00+08:00,2025-12-06T22:52:00+08:00,48,delivered,CG000000000367,58557.36,2026-06-14T12:26:00+08:00
SHP-0000368,PO-202602-000044,SUP-023,air,承运商05,杭州,WH-06,2026-02-08T20:06:00+08:00,2026-02-08T20:06:00+08:00,0,customs_hold,CG000000000368,82028.95,2026-06-14T23:30:00+08:00
SHP-0000369,PO-202602-000028,SUP-045,road,承运商04,宁波,WH-04,2026-02-28T14:43:00+08:00,2026-02-28T14:43:00+08:00,0,in_transit,CG000000000369,19696.04,2026-06-14T17:01:00+08:00
SHP-0000370,PO-202508-000353,SUP-011,road,承运商11,青岛,WH-03,2025-08-21T16:52:00+08:00,2025-08-21T16:52:00+08:00,0,delivered,CG000000000370,67003.64,2026-06-15T05:01:00+08:00
SHP-0000371,PO-202510-000724,SUP-011,road,承运商10,青岛,WH-02,2025-10-26T01:52:00+08:00,2025-10-26T07:52:00+08:00,6,delivered,CG000000000371,60343.95,2026-06-14T21:34:00+08:00
SHP-0000372,PO-202512-001551,SUP-035,rail,承运商05,苏州,WH-03,2025-12-22T15:12:00+08:00,2025-12-22T15:12:00+08:00,0,delayed,CG000000000372,46329.77,2026-06-14T08:18:00+08:00
SHP-0000373,PO-202509-001552,SUP-022,road,承运商08,合肥,WH-02,2025-10-05T02:29:00+08:00,2025-10-08T02:29:00+08:00,72,delivered,CG000000000373,36949.22,2026-06-15T07:51:00+08:00
SHP-0000374,PO-202510-000303,SUP-056,road,承运商18,青岛,WH-04,2025-10-15T03:59:00+08:00,2025-10-16T03:59:00+08:00,24,delivered,CG000000000374,56599.04,2026-06-15T00:53:00+08:00
SHP-0000375,PO-202508-001243,SUP-046,road,承运商21,武汉,WH-06,2025-09-02T01:24:00+08:00,2025-09-03T01:24:00+08:00,24,in_transit,CG000000000375,31479.15,2026-06-14T18:10:00+08:00
SHP-0000376,PO-202510-001231,SUP-006,rail,承运商16,东莞,WH-02,2025-10-20T14:34:00+08:00,2025-10-20T20:34:00+08:00,6,customs_hold,CG000000000376,1721.08,2026-06-14T21:45:00+08:00
SHP-0000377,PO-202602-000366,SUP-047,sea,承运商21,天津,WH-01,2026-03-05T05:25:00+08:00,2026-03-05T05:25:00+08:00,0,delayed,CG000000000377,43641.94,2026-06-14T22:50:00+08:00
SHP-0000378,PO-202606-000630,SUP-044,road,承运商02,青岛,WH-06,2026-06-18T02:21:00+08:00,2026-06-18T02:21:00+08:00,0,in_transit,CG000000000378,18263.86,2026-06-14T21:51:00+08:00
SHP-0000379,PO-202507-001446,SUP-037,road,承运商18,成都,WH-05,2025-08-01T01:26:00+08:00,2025-08-01T01:26:00+08:00,0,delivered,CG000000000379,32302.5,2026-06-14T09:19:00+08:00
SHP-0000380,PO-202601-001053,SUP-057,rail,承运商14,杭州,WH-01,2026-01-14T18:34:00+08:00,2026-01-14T18:34:00+08:00,0,delivered,CG000000000380,20380.72,2026-06-14T11:09:00+08:00
SHP-0000381,PO-202509-000021,SUP-050,road,承运商07,上海,WH-03,2025-09-17T13:24:00+08:00,2025-09-18T01:24:00+08:00,12,in_transit,CG000000000381,60966.16,2026-06-14T21:45:00+08:00
SHP-0000382,PO-202507-000917,SUP-031,road,承运商10,武汉,WH-05,2025-07-06T16:44:00+08:00,2025-07-09T16:44:00+08:00,72,delivered,CG000000000382,6452.44,2026-06-14T19:57:00+08:00
SHP-0000383,PO-202605-001081,SUP-007,sea,承运商06,苏州,WH-01,2026-06-03T14:50:00+08:00,2026-06-03T14:50:00+08:00,0,in_transit,CG000000000383,16588.66,2026-06-14T11:21:00+08:00
SHP-0000384,PO-202602-000194,SUP-025,sea,承运商03,合肥,WH-05,2026-02-13T04:16:00+08:00,2026-02-13T16:16:00+08:00,12,delivered,CG000000000384,46070.27,2026-06-14T23:51:00+08:00
SHP-0000385,PO-202601-001152,SUP-030,road,承运商17,合肥,WH-04,2026-01-12T16:54:00+08:00,2026-01-12T22:54:00+08:00,6,delivered,CG000000000385,40993.48,2026-06-14T09:16:00+08:00
SHP-0000386,PO-202601-000748,SUP-028,road,承运商21,武汉,WH-01,2026-01-26T03:33:00+08:00,2026-01-26T15:33:00+08:00,12,in_transit,CG000000000386,46721.47,2026-06-15T02:59:00+08:00
SHP-0000387,PO-202508-001741,SUP-006,sea,承运商05,天津,WH-02,2025-09-03T10:38:00+08:00,2025-09-03T22:38:00+08:00,12,delivered,CG000000000387,38693.11,2026-06-15T04:05:00+08:00
SHP-0000388,PO-202601-001053,SUP-057,sea,承运商16,青岛,WH-03,2026-01-14T18:34:00+08:00,2026-01-15T18:34:00+08:00,24,delayed,CG000000000388,7537.12,2026-06-14T14:10:00+08:00
SHP-0000389,PO-202602-000211,SUP-011,rail,承运商04,青岛,WH-04,2026-02-14T18:03:00+08:00,2026-02-15T00:03:00+08:00,6,in_transit,CG000000000389,38983.51,2026-06-15T03:12:00+08:00
SHP-0000390,PO-202512-000268,SUP-004,road,承运商02,武汉,WH-03,2025-12-23T02:23:00+08:00,2025-12-23T02:23:00+08:00,0,in_transit,CG000000000390,3967.73,2026-06-14T09:01:00+08:00
SHP-0000391,PO-202605-001408,SUP-053,rail,承运商15,杭州,WH-05,2026-05-20T12:10:00+08:00,2026-05-21T00:10:00+08:00,12,in_transit,CG000000000391,20317.17,2026-06-14T21:18:00+08:00
SHP-0000392,PO-202604-000431,SUP-005,road,承运商18,东莞,WH-03,2026-04-20T03:32:00+08:00,2026-04-20T09:32:00+08:00,6,delayed,CG000000000392,27989.99,2026-06-14T09:28:00+08:00
SHP-0000393,PO-202509-001530,SUP-050,sea,承运商24,天津,WH-05,2025-09-19T11:17:00+08:00,2025-09-19T11:17:00+08:00,0,in_transit,CG000000000393,51437.95,2026-06-14T17:33:00+08:00
SHP-0000394,PO-202507-000903,SUP-004,road,承运商24,武汉,WH-05,2025-07-28T22:55:00+08:00,2025-07-28T22:55:00+08:00,0,delivered,CG000000000394,16798.46,2026-06-14T12:40:00+08:00
SHP-0000395,PO-202605-000617,SUP-012,sea,承运商20,青岛,WH-04,2026-05-17T19:16:00+08:00,2026-05-18T07:16:00+08:00,12,delayed,CG000000000395,35698.65,2026-06-14T12:35:00+08:00
SHP-0000396,PO-202602-001046,SUP-025,road,承运商17,青岛,WH-02,2026-02-15T01:58:00+08:00,2026-02-15T01:58:00+08:00,0,delayed,CG000000000396,19705.66,2026-06-14T11:42:00+08:00
SHP-0000397,PO-202506-000953,SUP-054,road,承运商05,成都,WH-04,2025-06-23T06:54:00+08:00,2025-06-23T06:54:00+08:00,0,delayed,CG000000000397,55889.74,2026-06-15T06:10:00+08:00
SHP-0000398,PO-202511-001302,SUP-047,sea,承运商20,合肥,WH-03,2025-11-23T02:10:00+08:00,2025-11-23T02:10:00+08:00,0,delivered,CG000000000398,63038.51,2026-06-15T06:59:00+08:00
SHP-0000399,PO-202507-000193,SUP-030,sea,承运商06,天津,WH-05,2025-07-08T15:38:00+08:00,2025-07-09T03:38:00+08:00,12,in_transit,CG000000000399,27207.88,2026-06-14T18:07:00+08:00
SHP-0000400,PO-202605-001205,SUP-028,road,承运商21,杭州,WH-04,2026-05-06T09:50:00+08:00,2026-05-06T21:50:00+08:00,12,delivered,CG000000000400,20508.7,2026-06-14T18:52:00+08:00
SHP-0000401,PO-202512-001705,SUP-015,road,承运商14,东莞,WH-01,2025-12-27T02:43:00+08:00,2025-12-27T08:43:00+08:00,6,in_transit,CG000000000401,41294.84,2026-06-14T09:30:00+08:00
SHP-0000402,PO-202512-000702,SUP-037,road,承运商22,合肥,WH-02,2026-01-04T16:20:00+08:00,2026-01-04T16:20:00+08:00,0,delivered,CG000000000402,35510.93,2026-06-14T14:30:00+08:00
SHP-0000403,PO-202603-001282,SUP-017,road,承运商09,上海,WH-03,2026-04-02T22:14:00+08:00,2026-04-04T22:14:00+08:00,48,delivered,CG000000000403,18546.68,2026-06-15T07:40:00+08:00
SHP-0000404,PO-202512-001187,SUP-028,rail,承运商22,合肥,WH-04,2025-12-17T18:11:00+08:00,2025-12-18T00:11:00+08:00,6,in_transit,CG000000000404,27313.08,2026-06-14T15:57:00+08:00
SHP-0000405,PO-202605-000148,SUP-020,road,承运商08,青岛,WH-01,2026-05-13T05:03:00+08:00,2026-05-13T05:03:00+08:00,0,customs_hold,CG000000000405,14507.4,2026-06-14T08:45:00+08:00
SHP-0000406,PO-202507-001054,SUP-036,road,承运商07,武汉,WH-01,2025-07-18T15:05:00+08:00,2025-07-19T15:05:00+08:00,24,delayed,CG000000000406,11461.05,2026-06-15T02:53:00+08:00
SHP-0000407,PO-202601-000887,SUP-039,road,承运商13,青岛,WH-06,2026-01-14T15:16:00+08:00,2026-01-15T15:16:00+08:00,24,delivered,CG000000000407,25556.16,2026-06-14T20:35:00+08:00
SHP-0000408,PO-202605-000309,SUP-015,rail,承运商03,东莞,WH-02,2026-05-09T01:37:00+08:00,2026-05-11T01:37:00+08:00,48,delivered,CG000000000408,59286.36,2026-06-14T19:48:00+08:00
SHP-0000409,PO-202604-001569,SUP-049,air,承运商12,合肥,WH-04,2026-04-09T20:12:00+08:00,2026-04-09T20:12:00+08:00,0,in_transit,CG000000000409,41462.12,2026-06-14T15:43:00+08:00
SHP-0000410,PO-202512-000505,SUP-056,sea,承运商05,宁波,WH-05,2026-01-06T09:45:00+08:00,2026-01-06T21:45:00+08:00,12,in_transit,CG000000000410,56746.06,2026-06-14T19:24:00+08:00
SHP-0000411,PO-202508-000827,SUP-042,road,承运商15,杭州,WH-01,2025-08-26T14:39:00+08:00,2025-08-27T02:39:00+08:00,12,delayed,CG000000000411,18825.03,2026-06-14T21:11:00+08:00
SHP-0000412,PO-202603-000555,SUP-048,road,承运商04,上海,WH-05,2026-04-01T04:20:00+08:00,2026-04-01T04:20:00+08:00,0,delayed,CG000000000412,1856.37,2026-06-14T13:54:00+08:00
SHP-0000413,PO-202604-001136,SUP-011,rail,承运商11,杭州,WH-01,2026-04-24T02:48:00+08:00,2026-04-24T02:48:00+08:00,0,in_transit,CG000000000413,57570.95,2026-06-15T01:11:00+08:00
SHP-0000414,PO-202606-000571,SUP-015,road,承运商04,天津,WH-02,2026-06-08T22:19:00+08:00,2026-06-08T22:19:00+08:00,0,delivered,CG000000000414,18929.55,2026-06-15T01:39:00+08:00
SHP-0000415,PO-202509-000395,SUP-045,sea,承运商07,武汉,WH-01,2025-09-23T12:41:00+08:00,2025-09-23T12:41:00+08:00,0,delivered,CG000000000415,23784.53,2026-06-15T03:11:00+08:00
SHP-0000416,PO-202602-001308,SUP-038,road,承运商02,上海,WH-06,2026-02-18T17:32:00+08:00,2026-02-19T05:32:00+08:00,12,customs_hold,CG000000000416,29981.98,2026-06-14T10:00:00+08:00
SHP-0000417,PO-202605-001515,SUP-032,rail,承运商10,苏州,WH-06,2026-05-11T09:08:00+08:00,2026-05-13T09:08:00+08:00,48,in_transit,CG000000000417,20815.6,2026-06-14T17:40:00+08:00
SHP-0000418,PO-202512-001698,SUP-005,air,承运商14,成都,WH-06,2025-12-21T12:47:00+08:00,2025-12-22T12:47:00+08:00,24,in_transit,CG000000000418,123614.0,2026-06-14T23:28:00+08:00
SHP-0000419,PO-202512-000255,SUP-024,road,承运商24,成都,WH-05,2026-01-05T05:55:00+08:00,2026-01-05T05:55:00+08:00,0,delivered,CG000000000419,24548.26,2026-06-15T01:50:00+08:00
SHP-0000420,PO-202508-001210,SUP-002,road,承运商13,宁波,WH-05,2025-08-06T02:44:00+08:00,2025-08-06T02:44:00+08:00,0,in_transit,CG000000000420,3016.49,2026-06-14T12:21:00+08:00
SHP-0000421,PO-202605-001255,SUP-008,road,承运商20,上海,WH-04,2026-05-12T20:54:00+08:00,2026-05-13T20:54:00+08:00,24,delivered,CG000000000421,31995.15,2026-06-15T04:22:00+08:00
SHP-0000422,PO-202507-000140,SUP-044,road,承运商02,苏州,WH-04,2025-07-11T23:43:00+08:00,2025-07-14T23:43:00+08:00,72,delivered,CG000000000422,11036.81,2026-06-15T06:08:00+08:00
SHP-0000423,PO-202507-000391,SUP-056,sea,承运商24,武汉,WH-01,2025-07-17T20:41:00+08:00,2025-07-17T20:41:00+08:00,0,delivered,CG000000000423,55170.0,2026-06-14T15:42:00+08:00
SHP-0000424,PO-202604-000209,SUP-031,road,承运商07,天津,WH-05,2026-04-15T23:31:00+08:00,2026-04-16T05:31:00+08:00,6,customs_hold,CG000000000424,45650.99,2026-06-15T02:19:00+08:00
SHP-0000425,PO-202606-001074,SUP-034,road,承运商16,武汉,WH-03,2026-06-07T08:38:00+08:00,2026-06-07T14:38:00+08:00,6,customs_hold,CG000000000425,36936.65,2026-06-14T23:39:00+08:00
SHP-0000426,PO-202603-000602,SUP-023,rail,承运商04,上海,WH-02,2026-04-02T16:38:00+08:00,2026-04-02T16:38:00+08:00,0,in_transit,CG000000000426,66385.0,2026-06-14T21:54:00+08:00
SHP-0000427,PO-202603-000618,SUP-042,rail,承运商15,苏州,WH-06,2026-03-20T01:54:00+08:00,2026-03-20T01:54:00+08:00,0,in_transit,CG000000000427,32964.64,2026-06-14T17:56:00+08:00
SHP-0000428,PO-202512-000520,SUP-036,road,承运商18,东莞,WH-01,2026-01-02T03:09:00+08:00,2026-01-02T03:09:00+08:00,0,delivered,CG000000000428,44277.49,2026-06-14T14:33:00+08:00
SHP-0000429,PO-202605-000043,SUP-022,sea,承运商03,东莞,WH-02,2026-05-29T06:50:00+08:00,2026-05-29T06:50:00+08:00,0,delivered,CG000000000429,38053.03,2026-06-15T01:26:00+08:00
SHP-0000430,PO-202603-001301,SUP-040,road,承运商22,合肥,WH-01,2026-03-05T18:59:00+08:00,2026-03-05T18:59:00+08:00,0,delivered,CG000000000430,61081.24,2026-06-15T01:21:00+08:00
SHP-0000431,PO-202606-000593,SUP-047,sea,承运商09,杭州,WH-05,2026-06-08T07:16:00+08:00,2026-06-09T07:16:00+08:00,24,in_transit,CG000000000431,42101.59,2026-06-15T07:12:00+08:00
SHP-0000432,PO-202507-001054,SUP-036,sea,承运商05,杭州,WH-02,2025-07-18T15:05:00+08:00,2025-07-19T15:05:00+08:00,24,delivered,CG000000000432,13273.39,2026-06-14T17:55:00+08:00
SHP-0000433,PO-202511-000305,SUP-043,rail,承运商15,杭州,WH-04,2025-11-12T15:13:00+08:00,2025-11-13T03:13:00+08:00,12,in_transit,CG000000000433,3983.87,2026-06-15T05:20:00+08:00
SHP-0000434,PO-202507-001345,SUP-026,road,承运商12,上海,WH-04,2025-07-18T16:42:00+08:00,2025-07-18T22:42:00+08:00,6,delayed,CG000000000434,60225.75,2026-06-14T09:52:00+08:00
SHP-0000435,PO-202508-001767,SUP-053,road,承运商05,上海,WH-04,2025-08-17T13:44:00+08:00,2025-08-17T13:44:00+08:00,0,delivered,CG000000000435,21213.94,2026-06-15T05:03:00+08:00
SHP-0000436,PO-202604-001658,SUP-007,rail,承运商19,宁波,WH-03,2026-04-27T07:51:00+08:00,2026-04-27T13:51:00+08:00,6,customs_hold,CG000000000436,6893.91,2026-06-14T20:41:00+08:00
SHP-0000437,PO-202509-000844,SUP-018,air,承运商03,上海,WH-01,2025-09-07T13:30:00+08:00,2025-09-07T13:30:00+08:00,0,delayed,CG000000000437,43502.76,2026-06-15T00:36:00+08:00
SHP-0000438,PO-202507-001070,SUP-005,sea,承运商02,青岛,WH-06,2025-07-31T20:11:00+08:00,2025-08-01T08:11:00+08:00,12,delayed,CG000000000438,2257.96,2026-06-14T09:38:00+08:00
SHP-0000439,PO-202512-000864,SUP-052,road,承运商20,天津,WH-06,2025-12-11T18:56:00+08:00,2025-12-11T18:56:00+08:00,0,in_transit,CG000000000439,66387.22,2026-06-14T09:29:00+08:00
SHP-0000440,PO-202605-001559,SUP-043,rail,承运商15,天津,WH-06,2026-05-25T05:28:00+08:00,2026-05-27T05:28:00+08:00,48,delivered,CG000000000440,56777.12,2026-06-14T17:24:00+08:00
SHP-0000441,PO-202508-000127,SUP-015,road,承运商10,成都,WH-04,2025-08-23T06:09:00+08:00,2025-08-25T06:09:00+08:00,48,customs_hold,CG000000000441,26288.85,2026-06-14T18:33:00+08:00
SHP-0000442,PO-202601-001495,SUP-045,sea,承运商05,宁波,WH-06,2026-01-29T05:30:00+08:00,2026-01-29T05:30:00+08:00,0,in_transit,CG000000000442,20418.08,2026-06-14T10:33:00+08:00
SHP-0000443,PO-202606-000030,SUP-016,rail,承运商10,成都,WH-06,2026-06-14T07:08:00+08:00,2026-06-14T07:08:00+08:00,0,customs_hold,CG000000000443,38377.36,2026-06-14T21:52:00+08:00
SHP-0000444,PO-202604-000123,SUP-028,road,承运商15,合肥,WH-02,2026-04-15T02:40:00+08:00,2026-04-15T08:40:00+08:00,6,delivered,CG000000000444,4373.06,2026-06-15T02:34:00+08:00
SHP-0000445,PO-202507-001571,SUP-016,sea,承运商21,东莞,WH-03,2025-07-15T04:54:00+08:00,2025-07-15T10:54:00+08:00,6,delayed,CG000000000445,7134.74,2026-06-14T23:15:00+08:00
SHP-0000446,PO-202508-000723,SUP-033,sea,承运商18,天津,WH-03,2025-08-24T21:31:00+08:00,2025-08-25T21:31:00+08:00,24,in_transit,CG000000000446,5901.12,2026-06-14T17:28:00+08:00
SHP-0000447,PO-202511-001770,SUP-023,sea,承运商19,苏州,WH-05,2025-11-04T09:20:00+08:00,2025-11-04T09:20:00+08:00,0,delivered,CG000000000447,21072.46,2026-06-14T22:52:00+08:00
SHP-0000448,PO-202510-000299,SUP-043,air,承运商14,杭州,WH-05,2025-10-18T00:23:00+08:00,2025-10-18T00:23:00+08:00,0,delivered,CG000000000448,6409.45,2026-06-15T00:28:00+08:00
SHP-0000449,PO-202511-001472,SUP-046,road,承运商13,宁波,WH-05,2025-11-08T20:00:00+08:00,2025-11-08T20:00:00+08:00,0,in_transit,CG000000000449,27625.87,2026-06-15T04:05:00+08:00
SHP-0000450,PO-202507-000582,SUP-041,rail,承运商21,苏州,WH-05,2025-08-05T17:08:00+08:00,2025-08-05T17:08:00+08:00,0,in_transit,CG000000000450,28272.95,2026-06-14T10:08:00+08:00
SHP-0000451,PO-202510-001566,SUP-018,road,承运商10,宁波,WH-05,2025-10-12T21:02:00+08:00,2025-10-12T21:02:00+08:00,0,delivered,CG000000000451,1664.7,2026-06-14T11:40:00+08:00
SHP-0000452,PO-202606-000911,SUP-009,road,承运商01,东莞,WH-03,2026-06-04T16:57:00+08:00,2026-06-04T22:57:00+08:00,6,in_transit,CG000000000452,18126.61,2026-06-15T04:25:00+08:00
SHP-0000453,PO-202602-000236,SUP-019,sea,承运商04,宁波,WH-03,2026-02-12T15:17:00+08:00,2026-02-14T15:17:00+08:00,48,delivered,CG000000000453,56051.97,2026-06-15T03:49:00+08:00
SHP-0000454,PO-202601-000597,SUP-012,road,承运商18,东莞,WH-04,2026-01-26T06:28:00+08:00,2026-01-26T12:28:00+08:00,6,delivered,CG000000000454,47314.76,2026-06-14T15:55:00+08:00
SHP-0000455,PO-202605-001567,SUP-018,road,承运商21,宁波,WH-04,2026-06-01T04:49:00+08:00,2026-06-01T04:49:00+08:00,0,delivered,CG000000000455,36509.16,2026-06-14T16:04:00+08:00
SHP-0000456,PO-202605-001520,SUP-044,sea,承运商13,合肥,WH-02,2026-05-23T06:00:00+08:00,2026-05-23T06:00:00+08:00,0,delivered,CG000000000456,17297.26,2026-06-14T09:42:00+08:00
SHP-0000457,PO-202604-000739,SUP-004,road,承运商01,宁波,WH-03,2026-04-28T16:04:00+08:00,2026-04-29T16:04:00+08:00,24,in_transit,CG000000000457,1730.82,2026-06-14T18:47:00+08:00
SHP-0000458,PO-202602-001618,SUP-039,rail,承运商17,上海,WH-01,2026-03-04T07:02:00+08:00,2026-03-05T07:02:00+08:00,24,delayed,CG000000000458,30400.56,2026-06-14T10:09:00+08:00
SHP-0000459,PO-202511-000052,SUP-007,road,承运商20,上海,WH-04,2025-11-29T08:17:00+08:00,2025-11-29T14:17:00+08:00,6,delivered,CG000000000459,3352.42,2026-06-14T14:22:00+08:00
SHP-0000460,PO-202507-001141,SUP-018,road,承运商14,苏州,WH-03,2025-07-31T19:02:00+08:00,2025-07-31T19:02:00+08:00,0,delivered,CG000000000460,32541.82,2026-06-15T02:58:00+08:00
SHP-0000461,PO-202509-001761,SUP-047,road,承运商05,杭州,WH-02,2025-09-09T03:11:00+08:00,2025-09-09T09:11:00+08:00,6,delivered,CG000000000461,21600.88,2026-06-14T08:10:00+08:00
SHP-0000462,PO-202605-000617,SUP-012,sea,承运商03,天津,WH-02,2026-05-17T19:16:00+08:00,2026-05-17T19:16:00+08:00,0,customs_hold,CG000000000462,30743.43,2026-06-15T00:06:00+08:00
SHP-0000463,PO-202604-000187,SUP-049,road,承运商02,武汉,WH-04,2026-04-30T12:56:00+08:00,2026-04-30T12:56:00+08:00,0,customs_hold,CG000000000463,33960.05,2026-06-14T14:48:00+08:00
SHP-0000464,PO-202511-000392,SUP-055,road,承运商22,上海,WH-03,2025-11-16T17:06:00+08:00,2025-11-16T17:06:00+08:00,0,blocked,CG000000000464,19577.54,2026-06-14T09:49:00+08:00
SHP-0000465,PO-202604-001569,SUP-049,rail,承运商05,苏州,WH-05,2026-04-09T20:12:00+08:00,2026-04-09T20:12:00+08:00,0,in_transit,CG000000000465,19364.71,2026-06-15T04:25:00+08:00
SHP-0000466,PO-202602-001618,SUP-039,rail,承运商09,苏州,WH-01,2026-03-04T07:02:00+08:00,2026-03-05T07:02:00+08:00,24,delayed,CG000000000466,10152.3,2026-06-15T05:04:00+08:00
SHP-0000467,PO-202603-000405,SUP-054,sea,承运商04,青岛,WH-05,2026-03-19T07:12:00+08:00,2026-03-19T07:12:00+08:00,0,delivered,CG000000000467,59599.79,2026-06-14T17:01:00+08:00
SHP-0000468,PO-202509-001273,SUP-033,sea,承运商10,上海,WH-06,2025-09-05T23:11:00+08:00,2025-09-05T23:11:00+08:00,0,delivered,CG000000000468,45818.41,2026-06-15T07:39:00+08:00
SHP-0000469,PO-202605-001317,SUP-054,road,承运商17,东莞,WH-05,2026-05-26T02:25:00+08:00,2026-05-26T08:25:00+08:00,6,customs_hold,CG000000000469,17772.39,2026-06-14T20:29:00+08:00
SHP-0000470,PO-202605-000309,SUP-015,sea,承运商23,成都,WH-01,2026-05-09T01:37:00+08:00,2026-05-09T07:37:00+08:00,6,delivered,CG000000000470,44655.72,2026-06-14T22:41:00+08:00
SHP-0000471,PO-202511-000450,SUP-016,road,承运商12,成都,WH-06,2025-11-04T16:07:00+08:00,2025-11-04T16:07:00+08:00,0,delivered,CG000000000471,13743.2,2026-06-14T12:25:00+08:00
SHP-0000472,PO-202512-001692,SUP-047,sea,承运商18,合肥,WH-01,2025-12-13T22:25:00+08:00,2025-12-14T22:25:00+08:00,24,delivered,CG000000000472,50136.1,2026-06-15T00:50:00+08:00
SHP-0000473,PO-202511-000728,SUP-016,road,承运商03,青岛,WH-06,2025-12-04T02:13:00+08:00,2025-12-05T02:13:00+08:00,24,in_transit,CG000000000473,16313.18,2026-06-14T21:35:00+08:00
SHP-0000474,PO-202603-000293,SUP-030,rail,承运商07,苏州,WH-02,2026-03-20T11:34:00+08:00,2026-03-20T11:34:00+08:00,0,delivered,CG000000000474,45046.89,2026-06-14T21:37:00+08:00
SHP-0000475,PO-202510-000724,SUP-011,road,承运商16,宁波,WH-05,2025-10-26T01:52:00+08:00,2025-10-26T01:52:00+08:00,0,delivered,CG000000000475,27495.58,2026-06-14T15:39:00+08:00
SHP-0000476,PO-202512-001369,SUP-032,road,承运商06,武汉,WH-05,2025-12-25T17:16:00+08:00,2025-12-25T17:16:00+08:00,0,delayed,CG000000000476,22786.97,2026-06-15T01:40:00+08:00
SHP-0000477,PO-202509-001603,SUP-003,rail,承运商14,杭州,WH-03,2025-09-22T05:33:00+08:00,2025-09-22T11:33:00+08:00,6,delivered,CG000000000477,19881.26,2026-06-15T02:36:00+08:00
SHP-0000478,PO-202512-001496,SUP-022,sea,承运商15,宁波,WH-01,2025-12-27T17:45:00+08:00,2025-12-27T17:45:00+08:00,0,delivered,CG000000000478,40277.87,2026-06-14T12:53:00+08:00
SHP-0000479,PO-202511-000795,SUP-040,road,承运商13,合肥,WH-03,2025-11-28T13:47:00+08:00,2025-11-29T13:47:00+08:00,24,delivered,CG000000000479,23797.93,2026-06-14T17:43:00+08:00
SHP-0000480,PO-202602-001399,SUP-045,sea,承运商12,杭州,WH-01,2026-02-05T07:38:00+08:00,2026-02-05T07:38:00+08:00,0,customs_hold,CG000000000480,34509.96,2026-06-15T01:24:00+08:00
SHP-0000481,PO-202602-001127,SUP-013,sea,承运商11,苏州,WH-03,2026-02-22T13:21:00+08:00,2026-02-22T13:21:00+08:00,0,in_transit,CG000000000481,30919.86,2026-06-14T08:45:00+08:00
SHP-0000482,PO-202506-000489,SUP-025,road,承运商17,天津,WH-04,2025-07-03T00:33:00+08:00,2025-07-03T06:33:00+08:00,6,delayed,CG000000000482,32170.67,2026-06-14T14:34:00+08:00
SHP-0000483,PO-202508-001417,SUP-005,road,承运商18,宁波,WH-06,2025-08-26T00:34:00+08:00,2025-08-26T00:34:00+08:00,0,delivered,CG000000000483,51025.07,2026-06-14T14:59:00+08:00
SHP-0000484,PO-202512-000976,SUP-012,sea,承运商18,杭州,WH-04,2025-12-08T20:55:00+08:00,2025-12-11T20:55:00+08:00,72,delayed,CG000000000484,48454.85,2026-06-15T01:04:00+08:00
SHP-0000485,PO-202507-000191,SUP-007,rail,承运商06,苏州,WH-04,2025-07-19T06:58:00+08:00,2025-07-19T06:58:00+08:00,0,customs_hold,CG000000000485,37800.62,2026-06-14T14:06:00+08:00
SHP-0000486,PO-202601-000286,SUP-021,road,承运商20,东莞,WH-05,2026-01-20T19:53:00+08:00,2026-01-20T19:53:00+08:00,0,delivered,CG000000000486,28992.08,2026-06-14T17:46:00+08:00
SHP-0000487,PO-202508-001128,SUP-035,rail,承运商18,青岛,WH-05,2025-08-13T16:57:00+08:00,2025-08-13T16:57:00+08:00,0,delivered,CG000000000487,67278.25,2026-06-14T19:04:00+08:00
SHP-0000488,PO-202508-000730,SUP-056,road,承运商15,苏州,WH-01,2025-08-25T05:48:00+08:00,2025-08-25T05:48:00+08:00,0,delivered,CG000000000488,38422.53,2026-06-15T02:18:00+08:00
SHP-0000489,PO-202512-001593,SUP-057,road,承运商08,东莞,WH-06,2025-12-24T14:48:00+08:00,2025-12-24T14:48:00+08:00,0,in_transit,CG000000000489,7793.63,2026-06-14T23:37:00+08:00
SHP-0000490,PO-202507-000858,SUP-052,road,承运商03,武汉,WH-04,2025-07-11T11:22:00+08:00,2025-07-12T11:22:00+08:00,24,delivered,CG000000000490,42088.62,2026-06-14T12:03:00+08:00
SHP-0000491,PO-202511-001252,SUP-037,road,承运商17,武汉,WH-06,2025-11-19T20:52:00+08:00,2025-11-19T20:52:00+08:00,0,delivered,CG000000000491,35104.3,2026-06-14T14:38:00+08:00
SHP-0000492,PO-202510-000951,SUP-052,road,承运商23,上海,WH-03,2025-10-10T03:01:00+08:00,2025-10-10T03:01:00+08:00,0,delivered,CG000000000492,30468.05,2026-06-14T17:10:00+08:00
SHP-0000493,PO-202602-000315,SUP-015,rail,承运商02,上海,WH-01,2026-02-23T04:02:00+08:00,2026-02-23T04:02:00+08:00,0,delivered,CG000000000493,39184.18,2026-06-14T20:50:00+08:00
SHP-0000494,PO-202603-001202,SUP-046,road,承运商02,宁波,WH-06,2026-04-01T19:28:00+08:00,2026-04-02T01:28:00+08:00,6,in_transit,CG000000000494,18408.4,2026-06-14T09:23:00+08:00
SHP-0000495,PO-202601-000635,SUP-054,air,承运商21,苏州,WH-02,2026-01-11T12:16:00+08:00,2026-01-13T12:16:00+08:00,48,delivered,CG000000000495,8680.08,2026-06-14T08:24:00+08:00
SHP-0000496,PO-202603-000221,SUP-029,road,承运商16,宁波,WH-04,2026-03-03T12:15:00+08:00,2026-03-03T12:15:00+08:00,0,delivered,CG000000000496,32967.92,2026-06-15T05:22:00+08:00
SHP-0000497,PO-202603-001202,SUP-046,road,承运商08,天津,WH-02,2026-04-01T19:28:00+08:00,2026-04-01T19:28:00+08:00,0,blocked,CG000000000497,8136.35,2026-06-14T21:58:00+08:00
SHP-0000498,PO-202602-001265,SUP-002,road,承运商17,天津,WH-06,2026-02-14T13:00:00+08:00,2026-02-14T13:00:00+08:00,0,delivered,CG000000000498,31173.01,2026-06-15T03:28:00+08:00
SHP-0000499,PO-202508-000891,SUP-045,sea,承运商23,青岛,WH-06,2025-08-22T13:13:00+08:00,2025-08-22T13:13:00+08:00,0,customs_hold,CG000000000499,27443.19,2026-06-15T04:18:00+08:00
SHP-0000500,PO-202604-000123,SUP-028,rail,承运商12,东莞,WH-05,2026-04-15T02:40:00+08:00,2026-04-15T02:40:00+08:00,0,delivered,CG000000000500,43040.45,2026-06-15T02:55:00+08:00
SHP-0000501,PO-202603-000518,SUP-047,road,承运商05,苏州,WH-01,2026-03-16T03:06:00+08:00,2026-03-16T03:06:00+08:00,0,in_transit,CG000000000501,12004.3,2026-06-14T16:19:00+08:00
SHP-0000502,PO-202507-001615,SUP-034,air,承运商17,武汉,WH-06,2025-07-25T05:27:00+08:00,2025-07-27T05:27:00+08:00,48,in_transit,CG000000000502,27020.35,2026-06-14T12:29:00+08:00
SHP-0000503,PO-202507-000917,SUP-031,road,承运商03,苏州,WH-04,2025-07-06T16:44:00+08:00,2025-07-06T16:44:00+08:00,0,delivered,CG000000000503,41938.63,2026-06-15T01:31:00+08:00
SHP-0000504,PO-202602-000366,SUP-047,air,承运商03,东莞,WH-03,2026-03-05T05:25:00+08:00,2026-03-07T05:25:00+08:00,48,in_transit,CG000000000504,54778.55,2026-06-14T12:15:00+08:00
SHP-0000505,PO-202604-000031,SUP-056,sea,承运商11,天津,WH-03,2026-05-02T23:45:00+08:00,2026-05-03T05:45:00+08:00,6,delivered,CG000000000505,51014.22,2026-06-14T12:46:00+08:00
SHP-0000506,PO-202509-000304,SUP-018,road,承运商23,东莞,WH-05,2025-09-21T22:26:00+08:00,2025-09-23T22:26:00+08:00,48,delivered,CG000000000506,47843.71,2026-06-14T19:38:00+08:00
SHP-0000507,PO-202511-000154,SUP-034,road,承运商19,青岛,WH-01,2025-11-30T13:38:00+08:00,2025-12-01T13:38:00+08:00,24,delayed,CG000000000507,15271.11,2026-06-14T16:12:00+08:00
SHP-0000508,PO-202511-000849,SUP-060,road,承运商18,天津,WH-01,2025-11-21T17:54:00+08:00,2025-11-21T23:54:00+08:00,6,delayed,CG000000000508,25268.18,2026-06-14T17:23:00+08:00
SHP-0000509,PO-202510-001377,SUP-034,air,承运商14,青岛,WH-02,2025-10-29T21:27:00+08:00,2025-10-29T21:27:00+08:00,0,delivered,CG000000000509,9582.95,2026-06-15T00:39:00+08:00
SHP-0000510,PO-202606-000292,SUP-024,rail,承运商22,天津,WH-06,2026-06-07T11:13:00+08:00,2026-06-07T11:13:00+08:00,0,delivered,CG000000000510,36428.98,2026-06-14T11:25:00+08:00
SHP-0000511,PO-202512-001436,SUP-006,road,承运商11,合肥,WH-04,2025-12-06T18:40:00+08:00,2025-12-06T18:40:00+08:00,0,delivered,CG000000000511,16861.51,2026-06-14T16:58:00+08:00
SHP-0000512,PO-202507-000288,SUP-033,rail,承运商09,苏州,WH-04,2025-08-02T05:18:00+08:00,2025-08-02T11:18:00+08:00,6,in_transit,CG000000000512,67249.04,2026-06-14T12:04:00+08:00
SHP-0000513,PO-202601-000244,SUP-002,sea,承运商19,东莞,WH-01,2026-01-31T22:42:00+08:00,2026-02-01T04:42:00+08:00,6,delayed,CG000000000513,52311.46,2026-06-15T03:15:00+08:00
SHP-0000514,PO-202605-000177,SUP-026,rail,承运商20,苏州,WH-06,2026-05-08T16:40:00+08:00,2026-05-08T16:40:00+08:00,0,delayed,CG000000000514,55362.02,2026-06-14T12:42:00+08:00
SHP-0000515,PO-202602-001646,SUP-009,road,承运商07,合肥,WH-05,2026-02-12T15:25:00+08:00,2026-02-12T15:25:00+08:00,0,in_transit,CG000000000515,52596.88,2026-06-15T03:26:00+08:00
SHP-0000516,PO-202604-001086,SUP-022,road,承运商15,杭州,WH-02,2026-04-12T15:15:00+08:00,2026-04-14T15:15:00+08:00,48,in_transit,CG000000000516,2854.36,2026-06-14T09:08:00+08:00
SHP-0000517,PO-202511-001697,SUP-005,sea,承运商12,天津,WH-04,2025-11-21T21:22:00+08:00,2025-11-22T03:22:00+08:00,6,in_transit,CG000000000517,2377.15,2026-06-14T18:34:00+08:00
SHP-0000518,PO-202507-000846,SUP-056,road,承运商08,合肥,WH-06,2025-08-07T04:29:00+08:00,2025-08-07T04:29:00+08:00,0,delivered,CG000000000518,55327.12,2026-06-14T16:05:00+08:00
SHP-0000519,PO-202603-000954,SUP-016,air,承运商15,武汉,WH-01,2026-03-15T04:29:00+08:00,2026-03-15T16:29:00+08:00,12,delivered,CG000000000519,122615.72,2026-06-15T03:14:00+08:00
SHP-0000520,PO-202510-001484,SUP-008,road,承运商01,成都,WH-05,2025-10-25T12:55:00+08:00,2025-10-25T12:55:00+08:00,0,delivered,CG000000000520,47221.25,2026-06-15T02:38:00+08:00
SHP-0000521,PO-202507-001545,SUP-050,road,承运商17,上海,WH-03,2025-08-06T09:19:00+08:00,2025-08-09T09:19:00+08:00,72,delayed,CG000000000521,30823.99,2026-06-14T14:49:00+08:00
SHP-0000522,PO-202507-000373,SUP-012,road,承运商13,武汉,WH-01,2025-08-01T15:34:00+08:00,2025-08-03T15:34:00+08:00,48,delayed,CG000000000522,29787.26,2026-06-14T11:29:00+08:00
SHP-0000523,PO-202601-000202,SUP-030,sea,承运商12,成都,WH-02,2026-01-06T08:24:00+08:00,2026-01-06T08:24:00+08:00,0,delayed,CG000000000523,67457.22,2026-06-14T11:44:00+08:00
SHP-0000524,PO-202605-001515,SUP-032,sea,承运商16,上海,WH-03,2026-05-11T09:08:00+08:00,2026-05-13T09:08:00+08:00,48,delivered,CG000000000524,29536.14,2026-06-15T07:04:00+08:00
SHP-0000525,PO-202512-000042,SUP-053,road,承运商03,东莞,WH-02,2026-01-02T11:37:00+08:00,2026-01-02T11:37:00+08:00,0,delivered,CG000000000525,7230.74,2026-06-14T15:07:00+08:00
SHP-0000526,PO-202509-000867,SUP-007,road,承运商15,天津,WH-01,2025-10-02T08:59:00+08:00,2025-10-02T08:59:00+08:00,0,delivered,CG000000000526,54412.87,2026-06-14T17:05:00+08:00
SHP-0000527,PO-202602-000512,SUP-053,sea,承运商18,东莞,WH-03,2026-02-12T00:24:00+08:00,2026-02-12T00:24:00+08:00,0,delayed,CG000000000527,47110.26,2026-06-14T23:11:00+08:00
SHP-0000528,PO-202509-001307,SUP-046,sea,承运商04,合肥,WH-02,2025-09-27T11:15:00+08:00,2025-09-27T11:15:00+08:00,0,blocked,CG000000000528,49776.2,2026-06-15T01:35:00+08:00
SHP-0000529,PO-202606-001378,SUP-018,rail,承运商22,杭州,WH-03,2026-06-16T09:03:00+08:00,2026-06-17T09:03:00+08:00,24,in_transit,CG000000000529,42464.29,2026-06-15T03:19:00+08:00
SHP-0000530,PO-202603-001282,SUP-017,road,承运商06,天津,WH-06,2026-04-02T22:14:00+08:00,2026-04-02T22:14:00+08:00,0,delivered,CG000000000530,9786.01,2026-06-15T05:22:00+08:00
SHP-0000531,PO-202605-000677,SUP-025,road,承运商18,上海,WH-06,2026-05-11T04:36:00+08:00,2026-05-11T04:36:00+08:00,0,delivered,CG000000000531,17300.23,2026-06-15T05:57:00+08:00
SHP-0000532,PO-202511-001542,SUP-031,road,承运商02,成都,WH-05,2025-11-16T02:40:00+08:00,2025-11-16T08:40:00+08:00,6,in_transit,CG000000000532,15366.66,2026-06-14T12:19:00+08:00
SHP-0000533,PO-202601-000757,SUP-002,sea,承运商22,青岛,WH-03,2026-02-03T08:21:00+08:00,2026-02-04T08:21:00+08:00,24,delayed,CG000000000533,18791.36,2026-06-15T07:54:00+08:00
SHP-0000534,PO-202602-000311,SUP-053,sea,承运商06,上海,WH-05,2026-03-02T20:20:00+08:00,2026-03-02T20:20:00+08:00,0,delivered,CG000000000534,8423.7,2026-06-14T17:39:00+08:00
SHP-0000535,PO-202509-000397,SUP-036,air,承运商09,青岛,WH-01,2025-09-15T04:41:00+08:00,2025-09-16T04:41:00+08:00,24,delivered,CG000000000535,140641.14,2026-06-14T21:48:00+08:00
SHP-0000536,PO-202602-001048,SUP-039,air,承运商03,青岛,WH-03,2026-02-11T21:08:00+08:00,2026-02-14T21:08:00+08:00,72,delivered,CG000000000536,144924.91,2026-06-15T06:07:00+08:00
SHP-0000537,PO-202606-000435,SUP-030,road,承运商22,天津,WH-06,2026-06-15T17:55:00+08:00,2026-06-16T05:55:00+08:00,12,delayed,CG000000000537,63668.34,2026-06-15T07:03:00+08:00
SHP-0000538,PO-202603-001392,SUP-016,road,承运商03,武汉,WH-01,2026-03-15T21:18:00+08:00,2026-03-15T21:18:00+08:00,0,blocked,CG000000000538,50875.75,2026-06-14T17:44:00+08:00
SHP-0000539,PO-202604-000209,SUP-031,road,承运商16,杭州,WH-06,2026-04-15T23:31:00+08:00,2026-04-15T23:31:00+08:00,0,delayed,CG000000000539,62611.83,2026-06-15T03:12:00+08:00
SHP-0000540,PO-202512-000918,SUP-046,rail,承运商09,合肥,WH-02,2025-12-08T17:47:00+08:00,2025-12-08T17:47:00+08:00,0,in_transit,CG000000000540,45576.31,2026-06-14T16:17:00+08:00
SHP-0000541,PO-202606-001314,SUP-019,air,承运商21,杭州,WH-06,2026-06-17T12:59:00+08:00,2026-06-17T12:59:00+08:00,0,customs_hold,CG000000000541,7329.66,2026-06-14T17:40:00+08:00
SHP-0000542,PO-202603-001202,SUP-046,rail,承运商14,合肥,WH-02,2026-04-01T19:28:00+08:00,2026-04-01T19:28:00+08:00,0,delayed,CG000000000542,2739.54,2026-06-14T14:23:00+08:00
SHP-0000543,PO-202512-001482,SUP-053,rail,承运商14,天津,WH-04,2025-12-18T00:27:00+08:00,2025-12-18T00:27:00+08:00,0,blocked,CG000000000543,51595.68,2026-06-15T00:02:00+08:00
SHP-0000544,PO-202507-001755,SUP-027,sea,承运商15,成都,WH-02,2025-07-26T03:36:00+08:00,2025-07-26T09:36:00+08:00,6,delivered,CG000000000544,60707.54,2026-06-14T21:37:00+08:00
SHP-0000545,PO-202602-001127,SUP-013,rail,承运商12,宁波,WH-02,2026-02-22T13:21:00+08:00,2026-02-22T13:21:00+08:00,0,delayed,CG000000000545,12911.72,2026-06-15T07:09:00+08:00
SHP-0000546,PO-202510-001791,SUP-030,air,承运商16,东莞,WH-06,2025-11-02T09:03:00+08:00,2025-11-04T09:03:00+08:00,48,delayed,CG000000000546,4784.41,2026-06-14T12:50:00+08:00
SHP-0000547,PO-202606-001143,SUP-009,air,承运商23,青岛,WH-01,2026-06-12T06:36:00+08:00,2026-06-12T06:36:00+08:00,0,delivered,CG000000000547,13442.82,2026-06-15T02:21:00+08:00
SHP-0000548,PO-202604-001677,SUP-013,rail,承运商02,上海,WH-06,2026-04-21T13:42:00+08:00,2026-04-21T13:42:00+08:00,0,customs_hold,CG000000000548,19212.86,2026-06-14T21:08:00+08:00
SHP-0000549,PO-202604-000823,SUP-017,sea,承运商14,东莞,WH-06,2026-04-21T08:22:00+08:00,2026-04-21T20:22:00+08:00,12,in_transit,CG000000000549,47063.41,2026-06-14T18:58:00+08:00
SHP-0000550,PO-202511-001462,SUP-050,air,承运商05,成都,WH-06,2025-11-16T14:20:00+08:00,2025-11-16T14:20:00+08:00,0,delayed,CG000000000550,83899.32,2026-06-14T15:59:00+08:00
SHP-0000551,PO-202512-001211,SUP-009,air,承运商13,合肥,WH-01,2026-01-01T10:25:00+08:00,2026-01-01T10:25:00+08:00,0,in_transit,CG000000000551,77281.21,2026-06-15T02:41:00+08:00
SHP-0000552,PO-202606-000722,SUP-047,sea,承运商08,宁波,WH-06,2026-06-20T19:05:00+08:00,2026-06-21T01:05:00+08:00,6,delivered,CG000000000552,46022.68,2026-06-15T07:46:00+08:00
SHP-0000553,PO-202509-000548,SUP-030,sea,承运商15,武汉,WH-05,2025-09-19T17:04:00+08:00,2025-09-19T17:04:00+08:00,0,in_transit,CG000000000553,32858.69,2026-06-14T18:36:00+08:00
SHP-0000554,PO-202507-000888,SUP-022,road,承运商06,宁波,WH-05,2025-07-26T18:18:00+08:00,2025-07-27T18:18:00+08:00,24,delivered,CG000000000554,4327.95,2026-06-14T09:48:00+08:00
SHP-0000555,PO-202602-000032,SUP-007,sea,承运商04,成都,WH-02,2026-02-12T17:51:00+08:00,2026-02-13T05:51:00+08:00,12,delivered,CG000000000555,12600.07,2026-06-15T06:15:00+08:00
SHP-0000556,PO-202512-000213,SUP-038,sea,承运商22,合肥,WH-06,2025-12-23T01:19:00+08:00,2025-12-25T01:19:00+08:00,48,delayed,CG000000000556,43418.14,2026-06-14T21:05:00+08:00
SHP-0000557,PO-202603-001760,SUP-034,rail,承运商11,宁波,WH-04,2026-03-07T22:33:00+08:00,2026-03-07T22:33:00+08:00,0,in_transit,CG000000000557,33837.63,2026-06-14T18:20:00+08:00
SHP-0000558,PO-202510-000852,SUP-046,rail,承运商24,合肥,WH-06,2025-10-28T03:23:00+08:00,2025-10-28T03:23:00+08:00,0,delivered,CG000000000558,50176.28,2026-06-14T10:13:00+08:00
SHP-0000559,PO-202603-000954,SUP-016,rail,承运商12,武汉,WH-06,2026-03-15T04:29:00+08:00,2026-03-15T04:29:00+08:00,0,delivered,CG000000000559,40060.52,2026-06-14T12:32:00+08:00
SHP-0000560,PO-202510-001794,SUP-045,sea,承运商13,宁波,WH-03,2025-10-13T01:47:00+08:00,2025-10-13T01:47:00+08:00,0,in_transit,CG000000000560,12287.52,2026-06-14T21:46:00+08:00
SHP-0000561,PO-202507-000527,SUP-010,rail,承运商02,天津,WH-01,2025-07-18T08:49:00+08:00,2025-07-18T08:49:00+08:00,0,in_transit,CG000000000561,51343.33,2026-06-14T19:17:00+08:00
SHP-0000562,PO-202509-001639,SUP-035,sea,承运商24,上海,WH-02,2025-09-23T13:06:00+08:00,2025-09-24T13:06:00+08:00,24,delayed,CG000000000562,18221.26,2026-06-14T16:10:00+08:00
SHP-0000563,PO-202507-000979,SUP-032,road,承运商20,天津,WH-06,2025-07-31T01:39:00+08:00,2025-07-31T01:39:00+08:00,0,delivered,CG000000000563,28180.82,2026-06-15T04:25:00+08:00
SHP-0000564,PO-202606-001402,SUP-001,sea,承运商18,天津,WH-04,2026-06-06T20:27:00+08:00,2026-06-06T20:27:00+08:00,0,delivered,CG000000000564,62367.69,2026-06-14T13:47:00+08:00
SHP-0000565,PO-202512-000845,SUP-009,road,承运商10,东莞,WH-02,2025-12-09T11:36:00+08:00,2025-12-09T23:36:00+08:00,12,in_transit,CG000000000565,61418.13,2026-06-15T07:43:00+08:00
SHP-0000566,PO-202603-000423,SUP-024,road,承运商04,宁波,WH-01,2026-03-21T04:08:00+08:00,2026-03-21T04:08:00+08:00,0,delivered,CG000000000566,12297.37,2026-06-14T21:06:00+08:00
SHP-0000567,PO-202606-000087,SUP-003,sea,承运商23,苏州,WH-01,2026-06-08T15:24:00+08:00,2026-06-08T15:24:00+08:00,0,delivered,CG000000000567,59121.83,2026-06-14T08:30:00+08:00
SHP-0000568,PO-202606-000394,SUP-007,rail,承运商05,成都,WH-05,2026-06-05T09:06:00+08:00,2026-06-05T15:06:00+08:00,6,in_transit,CG000000000568,15604.68,2026-06-14T20:50:00+08:00
SHP-0000569,PO-202605-001712,SUP-060,road,承运商17,天津,WH-04,2026-05-15T23:28:00+08:00,2026-05-17T23:28:00+08:00,48,in_transit,CG000000000569,8836.16,2026-06-14T12:41:00+08:00
SHP-0000570,PO-202512-000006,SUP-034,road,承运商17,天津,WH-01,2025-12-09T03:32:00+08:00,2025-12-09T03:32:00+08:00,0,delivered,CG000000000570,21369.1,2026-06-15T01:44:00+08:00
SHP-0000571,PO-202510-000045,SUP-036,rail,承运商12,宁波,WH-05,2025-10-12T11:04:00+08:00,2025-10-14T11:04:00+08:00,48,in_transit,CG000000000571,11229.49,2026-06-15T02:56:00+08:00
SHP-0000572,PO-202506-000586,SUP-037,sea,承运商21,苏州,WH-03,2025-06-23T07:33:00+08:00,2025-06-23T07:33:00+08:00,0,delivered,CG000000000572,39919.17,2026-06-14T08:09:00+08:00
SHP-0000573,PO-202511-001108,SUP-032,sea,承运商05,上海,WH-06,2025-12-05T11:03:00+08:00,2025-12-05T11:03:00+08:00,0,delivered,CG000000000573,45559.61,2026-06-14T10:31:00+08:00
SHP-0000574,PO-202508-000874,SUP-058,sea,承运商13,东莞,WH-01,2025-08-23T16:21:00+08:00,2025-08-25T16:21:00+08:00,48,customs_hold,CG000000000574,20230.7,2026-06-14T17:32:00+08:00
SHP-0000575,PO-202510-001140,SUP-002,rail,承运商06,武汉,WH-05,2025-10-08T19:36:00+08:00,2025-10-09T07:36:00+08:00,12,in_transit,CG000000000575,41812.92,2026-06-15T03:26:00+08:00
SHP-0000576,PO-202605-000834,SUP-014,road,承运商03,合肥,WH-04,2026-06-06T10:51:00+08:00,2026-06-06T16:51:00+08:00,6,in_transit,CG000000000576,25524.62,2026-06-14T21:18:00+08:00
SHP-0000577,PO-202507-000066,SUP-035,road,承运商03,苏州,WH-01,2025-07-06T07:50:00+08:00,2025-07-06T13:50:00+08:00,6,in_transit,CG000000000577,34694.11,2026-06-14T10:12:00+08:00
SHP-0000578,PO-202601-001084,SUP-022,air,承运商03,上海,WH-05,2026-01-12T01:51:00+08:00,2026-01-12T01:51:00+08:00,0,in_transit,CG000000000578,23619.55,2026-06-14T22:11:00+08:00
SHP-0000579,PO-202602-000479,SUP-023,road,承运商20,杭州,WH-04,2026-02-08T05:44:00+08:00,2026-02-08T05:44:00+08:00,0,delivered,CG000000000579,1546.35,2026-06-14T23:29:00+08:00
SHP-0000580,PO-202606-000614,SUP-022,air,承运商14,宁波,WH-05,2026-06-12T13:16:00+08:00,2026-06-13T13:16:00+08:00,24,delivered,CG000000000580,102671.34,2026-06-14T13:36:00+08:00
SHP-0000581,PO-202510-001411,SUP-027,air,承运商20,天津,WH-01,2025-10-05T07:12:00+08:00,2025-10-05T07:12:00+08:00,0,delayed,CG000000000581,62633.71,2026-06-14T12:23:00+08:00
SHP-0000582,PO-202604-001715,SUP-046,sea,承运商01,合肥,WH-01,2026-05-02T12:56:00+08:00,2026-05-02T12:56:00+08:00,0,delivered,CG000000000582,8153.05,2026-06-14T13:03:00+08:00
SHP-0000583,PO-202511-001283,SUP-024,sea,承运商07,东莞,WH-06,2025-11-09T11:04:00+08:00,2025-11-09T11:04:00+08:00,0,in_transit,CG000000000583,61457.99,2026-06-15T01:20:00+08:00
SHP-0000584,PO-202604-000189,SUP-022,air,承运商01,东莞,WH-05,2026-05-01T04:34:00+08:00,2026-05-03T04:34:00+08:00,48,delivered,CG000000000584,127438.77,2026-06-14T08:07:00+08:00
SHP-0000585,PO-202605-000150,SUP-043,rail,承运商03,合肥,WH-02,2026-05-14T22:16:00+08:00,2026-05-17T22:16:00+08:00,72,delivered,CG000000000585,15932.6,2026-06-15T04:57:00+08:00
SHP-0000586,PO-202507-000066,SUP-035,road,承运商07,武汉,WH-02,2025-07-06T07:50:00+08:00,2025-07-06T13:50:00+08:00,6,delivered,CG000000000586,59472.86,2026-06-14T12:46:00+08:00
SHP-0000587,PO-202511-000094,SUP-060,rail,承运商15,青岛,WH-03,2025-12-03T09:48:00+08:00,2025-12-03T09:48:00+08:00,0,delayed,CG000000000587,20774.82,2026-06-14T20:52:00+08:00
SHP-0000588,PO-202509-000991,SUP-052,road,承运商02,武汉,WH-01,2025-09-28T15:26:00+08:00,2025-09-30T15:26:00+08:00,48,in_transit,CG000000000588,62324.59,2026-06-15T01:08:00+08:00
SHP-0000589,PO-202601-001053,SUP-057,road,承运商20,青岛,WH-03,2026-01-14T18:34:00+08:00,2026-01-14T18:34:00+08:00,0,delayed,CG000000000589,7423.62,2026-06-15T00:08:00+08:00
SHP-0000590,PO-202605-000357,SUP-022,road,承运商10,宁波,WH-02,2026-06-04T06:00:00+08:00,2026-06-04T18:00:00+08:00,12,delivered,CG000000000590,62640.13,2026-06-14T15:05:00+08:00
SHP-0000591,PO-202508-001641,SUP-045,road,承运商05,苏州,WH-04,2025-08-22T12:32:00+08:00,2025-08-22T12:32:00+08:00,0,delivered,CG000000000591,7138.14,2026-06-14T10:57:00+08:00
SHP-0000592,PO-202512-000662,SUP-054,road,承运商24,上海,WH-04,2025-12-18T01:23:00+08:00,2025-12-18T01:23:00+08:00,0,delivered,CG000000000592,25032.43,2026-06-14T18:18:00+08:00
SHP-0000593,PO-202508-000982,SUP-053,sea,承运商06,杭州,WH-06,2025-08-30T15:31:00+08:00,2025-08-30T15:31:00+08:00,0,delivered,CG000000000593,34831.4,2026-06-14T23:01:00+08:00
SHP-0000594,PO-202602-000716,SUP-013,rail,承运商10,杭州,WH-02,2026-03-04T18:38:00+08:00,2026-03-04T18:38:00+08:00,0,customs_hold,CG000000000594,64573.05,2026-06-14T21:44:00+08:00
SHP-0000595,PO-202603-001444,SUP-024,sea,承运商24,合肥,WH-01,2026-03-08T03:43:00+08:00,2026-03-08T03:43:00+08:00,0,delivered,CG000000000595,13057.92,2026-06-15T07:23:00+08:00
SHP-0000596,PO-202605-000250,SUP-053,road,承运商11,苏州,WH-02,2026-05-10T06:23:00+08:00,2026-05-10T06:23:00+08:00,0,in_transit,CG000000000596,61450.82,2026-06-15T00:00:00+08:00
SHP-0000597,PO-202605-000419,SUP-002,air,承运商07,青岛,WH-06,2026-05-21T20:05:00+08:00,2026-05-22T08:05:00+08:00,12,delivered,CG000000000597,67392.69,2026-06-14T21:48:00+08:00
SHP-0000598,PO-202601-000920,SUP-034,rail,承运商23,成都,WH-05,2026-01-23T15:07:00+08:00,2026-01-23T15:07:00+08:00,0,in_transit,CG000000000598,58566.38,2026-06-14T12:31:00+08:00
SHP-0000599,PO-202605-000029,SUP-034,road,承运商02,天津,WH-01,2026-05-27T14:31:00+08:00,2026-05-30T14:31:00+08:00,72,in_transit,CG000000000599,66895.42,2026-06-14T15:21:00+08:00
SHP-0000600,PO-202508-001752,SUP-028,sea,承运商20,合肥,WH-03,2025-08-18T13:24:00+08:00,2025-08-18T19:24:00+08:00,6,blocked,CG000000000600,32751.25,2026-06-15T02:24:00+08:00
SHP-0000601,PO-202509-001521,SUP-059,road,承运商19,天津,WH-06,2025-10-02T15:46:00+08:00,2025-10-02T21:46:00+08:00,6,delivered,CG000000000601,66153.2,2026-06-14T16:01:00+08:00
SHP-0000602,PO-202509-000609,SUP-015,road,承运商13,宁波,WH-03,2025-10-05T03:52:00+08:00,2025-10-06T03:52:00+08:00,24,in_transit,CG000000000602,59924.82,2026-06-14T19:50:00+08:00
SHP-0000603,PO-202601-001157,SUP-055,road,承运商17,杭州,WH-03,2026-02-01T11:38:00+08:00,2026-02-01T11:38:00+08:00,0,in_transit,CG000000000603,31083.87,2026-06-14T22:50:00+08:00
SHP-0000604,PO-202507-001193,SUP-002,road,承运商21,苏州,WH-03,2025-07-25T23:18:00+08:00,2025-07-25T23:18:00+08:00,0,delivered,CG000000000604,2914.72,2026-06-15T04:56:00+08:00
SHP-0000605,PO-202512-000143,SUP-046,sea,承运商23,武汉,WH-01,2025-12-10T21:52:00+08:00,2025-12-10T21:52:00+08:00,0,in_transit,CG000000000605,32163.53,2026-06-14T10:52:00+08:00
SHP-0000606,PO-202606-001689,SUP-042,road,承运商07,上海,WH-03,2026-06-15T15:24:00+08:00,2026-06-18T15:24:00+08:00,72,in_transit,CG000000000606,34663.7,2026-06-14T21:52:00+08:00
SHP-0000607,PO-202511-000282,SUP-043,air,承运商09,成都,WH-01,2025-11-13T02:20:00+08:00,2025-11-13T14:20:00+08:00,12,delivered,CG000000000607,145087.16,2026-06-15T00:38:00+08:00
SHP-0000608,PO-202606-000540,SUP-022,road,承运商04,东莞,WH-04,2026-06-16T05:36:00+08:00,2026-06-16T05:36:00+08:00,0,in_transit,CG000000000608,65058.05,2026-06-14T19:43:00+08:00
SHP-0000609,PO-202602-000315,SUP-015,road,承运商12,合肥,WH-03,2026-02-23T04:02:00+08:00,2026-02-23T16:02:00+08:00,12,delivered,CG000000000609,22916.01,2026-06-14T17:42:00+08:00
SHP-0000610,PO-202509-000395,SUP-045,rail,承运商08,苏州,WH-01,2025-09-23T12:41:00+08:00,2025-09-23T12:41:00+08:00,0,delayed,CG000000000610,38230.95,2026-06-15T03:30:00+08:00
SHP-0000611,PO-202606-000571,SUP-015,road,承运商02,成都,WH-05,2026-06-08T22:19:00+08:00,2026-06-08T22:19:00+08:00,0,delivered,CG000000000611,11619.57,2026-06-14T17:07:00+08:00
SHP-0000612,PO-202511-001242,SUP-053,road,承运商20,合肥,WH-03,2025-11-18T09:10:00+08:00,2025-11-18T09:10:00+08:00,0,delayed,CG000000000612,56552.97,2026-06-15T01:40:00+08:00
SHP-0000613,PO-202511-001481,SUP-026,rail,承运商15,上海,WH-02,2025-11-16T03:21:00+08:00,2025-11-16T15:21:00+08:00,12,in_transit,CG000000000613,21083.14,2026-06-14T21:10:00+08:00
SHP-0000614,PO-202604-001707,SUP-046,air,承运商18,天津,WH-03,2026-04-24T23:32:00+08:00,2026-04-24T23:32:00+08:00,0,in_transit,CG000000000614,115149.73,2026-06-14T16:50:00+08:00
SHP-0000615,PO-202604-001510,SUP-032,road,承运商02,苏州,WH-03,2026-04-24T18:21:00+08:00,2026-04-25T00:21:00+08:00,6,delayed,CG000000000615,57044.21,2026-06-15T03:23:00+08:00
SHP-0000616,PO-202510-000162,SUP-022,sea,承运商12,上海,WH-01,2025-10-27T23:50:00+08:00,2025-10-27T23:50:00+08:00,0,blocked,CG000000000616,57269.43,2026-06-15T00:27:00+08:00
SHP-0000617,PO-202508-001138,SUP-055,road,承运商05,武汉,WH-05,2025-08-09T05:38:00+08:00,2025-08-09T17:38:00+08:00,12,in_transit,CG000000000617,64993.41,2026-06-15T02:55:00+08:00
SHP-0000618,PO-202509-000844,SUP-018,road,承运商04,杭州,WH-04,2025-09-07T13:30:00+08:00,2025-09-07T13:30:00+08:00,0,delivered,CG000000000618,6241.41,2026-06-14T15:57:00+08:00
SHP-0000619,PO-202510-001256,SUP-012,road,承运商13,上海,WH-04,2025-10-08T07:00:00+08:00,2025-10-08T07:00:00+08:00,0,in_transit,CG000000000619,51574.8,2026-06-14T12:42:00+08:00
SHP-0000620,PO-202512-000247,SUP-017,rail,承运商13,成都,WH-04,2025-12-29T06:07:00+08:00,2025-12-29T18:07:00+08:00,12,in_transit,CG000000000620,66840.86,2026-06-15T02:02:00+08:00
SHP-0000621,PO-202511-001691,SUP-041,road,承运商06,武汉,WH-02,2025-11-10T08:29:00+08:00,2025-11-10T08:29:00+08:00,0,delivered,CG000000000621,58227.47,2026-06-14T13:18:00+08:00
SHP-0000622,PO-202606-000428,SUP-020,sea,承运商07,宁波,WH-02,2026-06-17T12:23:00+08:00,2026-06-17T12:23:00+08:00,0,delivered,CG000000000622,44253.04,2026-06-14T12:30:00+08:00
SHP-0000623,PO-202604-000884,SUP-036,road,承运商10,苏州,WH-06,2026-04-28T14:13:00+08:00,2026-04-29T02:13:00+08:00,12,delivered,CG000000000623,11554.81,2026-06-15T05:25:00+08:00
SHP-0000624,PO-202603-000293,SUP-030,rail,承运商19,苏州,WH-06,2026-03-20T11:34:00+08:00,2026-03-20T11:34:00+08:00,0,delivered,CG000000000624,11715.25,2026-06-15T01:23:00+08:00
SHP-0000625,PO-202605-000488,SUP-037,sea,承运商05,杭州,WH-06,2026-05-09T21:38:00+08:00,2026-05-09T21:38:00+08:00,0,in_transit,CG000000000625,46729.59,2026-06-14T10:19:00+08:00
SHP-0000626,PO-202603-000693,SUP-011,road,承运商04,东莞,WH-02,2026-03-30T20:31:00+08:00,2026-03-30T20:31:00+08:00,0,delayed,CG000000000626,22365.32,2026-06-15T06:50:00+08:00
SHP-0000627,PO-202507-001194,SUP-002,road,承运商03,天津,WH-02,2025-07-22T23:55:00+08:00,2025-07-22T23:55:00+08:00,0,delayed,CG000000000627,8743.41,2026-06-14T23:19:00+08:00
SHP-0000628,PO-202509-000598,SUP-059,road,承运商14,青岛,WH-02,2025-09-30T16:17:00+08:00,2025-10-01T04:17:00+08:00,12,delivered,CG000000000628,14881.71,2026-06-14T13:39:00+08:00
SHP-0000629,PO-202604-001677,SUP-013,rail,承运商14,成都,WH-05,2026-04-21T13:42:00+08:00,2026-04-23T13:42:00+08:00,48,in_transit,CG000000000629,52887.13,2026-06-14T16:54:00+08:00
SHP-0000630,PO-202509-001729,SUP-041,sea,承运商21,合肥,WH-06,2025-10-02T08:42:00+08:00,2025-10-02T08:42:00+08:00,0,in_transit,CG000000000630,22672.26,2026-06-14T12:17:00+08:00
SHP-0000631,PO-202512-001370,SUP-028,road,承运商07,东莞,WH-01,2025-12-11T11:05:00+08:00,2025-12-11T11:05:00+08:00,0,in_transit,CG000000000631,46568.59,2026-06-14T17:09:00+08:00
SHP-0000632,PO-202601-000269,SUP-010,rail,承运商08,上海,WH-06,2026-01-22T16:13:00+08:00,2026-01-24T16:13:00+08:00,48,delivered,CG000000000632,12617.89,2026-06-14T20:30:00+08:00
SHP-0000633,PO-202507-000036,SUP-033,road,承运商09,杭州,WH-05,2025-07-05T07:39:00+08:00,2025-07-05T07:39:00+08:00,0,in_transit,CG000000000633,20447.95,2026-06-14T19:44:00+08:00
SHP-0000634,PO-202509-000256,SUP-051,road,承运商24,东莞,WH-04,2025-10-02T08:19:00+08:00,2025-10-03T08:19:00+08:00,24,customs_hold,CG000000000634,53741.66,2026-06-14T15:05:00+08:00
SHP-0000635,PO-202512-000754,SUP-055,sea,承运商01,杭州,WH-02,2026-01-04T21:21:00+08:00,2026-01-04T21:21:00+08:00,0,delivered,CG000000000635,49402.03,2026-06-14T22:58:00+08:00
SHP-0000636,PO-202605-001219,SUP-050,sea,承运商01,东莞,WH-06,2026-05-05T10:16:00+08:00,2026-05-05T10:16:00+08:00,0,delivered,CG000000000636,29179.73,2026-06-15T01:53:00+08:00
SHP-0000637,PO-202605-000455,SUP-017,road,承运商23,武汉,WH-03,2026-05-18T06:56:00+08:00,2026-05-18T06:56:00+08:00,0,delivered,CG000000000637,42573.26,2026-06-15T05:12:00+08:00
SHP-0000638,PO-202508-001561,SUP-047,rail,承运商02,天津,WH-04,2025-08-11T15:50:00+08:00,2025-08-11T15:50:00+08:00,0,delivered,CG000000000638,47520.5,2026-06-15T06:37:00+08:00
SHP-0000639,PO-202602-001632,SUP-028,road,承运商12,苏州,WH-05,2026-02-25T06:21:00+08:00,2026-02-25T06:21:00+08:00,0,in_transit,CG000000000639,64876.55,2026-06-14T19:54:00+08:00
SHP-0000640,PO-202511-001793,SUP-010,road,承运商19,青岛,WH-02,2025-11-23T13:33:00+08:00,2025-11-23T13:33:00+08:00,0,delivered,CG000000000640,45198.1,2026-06-14T12:22:00+08:00
SHP-0000641,PO-202507-000036,SUP-033,rail,承运商17,合肥,WH-03,2025-07-05T07:39:00+08:00,2025-07-05T07:39:00+08:00,0,delayed,CG000000000641,36379.84,2026-06-15T00:14:00+08:00
SHP-0000642,PO-202509-001261,SUP-060,road,承运商09,青岛,WH-03,2025-09-12T13:28:00+08:00,2025-09-14T13:28:00+08:00,48,delivered,CG000000000642,16587.52,2026-06-14T11:15:00+08:00
SHP-0000643,PO-202601-000787,SUP-049,road,承运商16,天津,WH-03,2026-01-15T15:40:00+08:00,2026-01-15T21:40:00+08:00,6,in_transit,CG000000000643,56240.85,2026-06-14T23:09:00+08:00
SHP-0000644,PO-202602-000032,SUP-007,road,承运商04,青岛,WH-06,2026-02-12T17:51:00+08:00,2026-02-12T17:51:00+08:00,0,delayed,CG000000000644,37135.5,2026-06-14T09:52:00+08:00
SHP-0000645,PO-202509-000027,SUP-021,road,承运商07,武汉,WH-06,2025-09-30T21:24:00+08:00,2025-09-30T21:24:00+08:00,0,delivered,CG000000000645,18702.14,2026-06-15T06:52:00+08:00
SHP-0000646,PO-202507-000840,SUP-060,rail,承运商20,宁波,WH-02,2025-07-20T12:37:00+08:00,2025-07-20T18:37:00+08:00,6,delivered,CG000000000646,61013.97,2026-06-14T23:23:00+08:00
SHP-0000647,PO-202603-001151,SUP-048,sea,承运商01,上海,WH-05,2026-03-25T13:37:00+08:00,2026-03-27T13:37:00+08:00,48,in_transit,CG000000000647,53456.94,2026-06-14T13:29:00+08:00
SHP-0000648,PO-202512-000505,SUP-056,road,承运商18,苏州,WH-04,2026-01-06T09:45:00+08:00,2026-01-06T09:45:00+08:00,0,delivered,CG000000000648,6623.92,2026-06-14T19:40:00+08:00
SHP-0000649,PO-202507-000430,SUP-001,rail,承运商16,天津,WH-03,2025-07-06T11:43:00+08:00,2025-07-06T23:43:00+08:00,12,in_transit,CG000000000649,21080.57,2026-06-15T04:34:00+08:00
SHP-0000650,PO-202603-001198,SUP-006,road,承运商22,东莞,WH-04,2026-03-31T09:22:00+08:00,2026-03-31T21:22:00+08:00,12,delivered,CG000000000650,12954.31,2026-06-14T20:20:00+08:00
SHP-0000651,PO-202605-000620,SUP-059,road,承运商08,成都,WH-02,2026-06-02T18:36:00+08:00,2026-06-02T18:36:00+08:00,0,delivered,CG000000000651,18728.21,2026-06-14T13:42:00+08:00
SHP-0000652,PO-202509-000343,SUP-002,rail,承运商22,武汉,WH-03,2025-09-24T13:45:00+08:00,2025-09-24T13:45:00+08:00,0,delivered,CG000000000652,8439.46,2026-06-15T00:27:00+08:00
SHP-0000653,PO-202606-000630,SUP-044,sea,承运商06,杭州,WH-01,2026-06-18T02:21:00+08:00,2026-06-18T14:21:00+08:00,12,delivered,CG000000000653,41625.66,2026-06-14T09:15:00+08:00
SHP-0000654,PO-202507-001054,SUP-036,sea,承运商13,武汉,WH-05,2025-07-18T15:05:00+08:00,2025-07-18T15:05:00+08:00,0,delayed,CG000000000654,28210.68,2026-06-15T05:11:00+08:00
SHP-0000655,PO-202605-000274,SUP-058,road,承运商21,合肥,WH-04,2026-05-18T10:16:00+08:00,2026-05-18T16:16:00+08:00,6,delivered,CG000000000655,11741.25,2026-06-15T04:41:00+08:00
SHP-0000656,PO-202507-001640,SUP-007,road,承运商15,杭州,WH-05,2025-07-14T00:36:00+08:00,2025-07-14T12:36:00+08:00,12,delivered,CG000000000656,32063.19,2026-06-14T12:20:00+08:00
SHP-0000657,PO-202512-000845,SUP-009,road,承运商20,青岛,WH-04,2025-12-09T11:36:00+08:00,2025-12-09T11:36:00+08:00,0,delivered,CG000000000657,66483.91,2026-06-15T03:55:00+08:00
SHP-0000658,PO-202512-000445,SUP-020,road,承运商05,苏州,WH-02,2025-12-12T06:48:00+08:00,2025-12-12T12:48:00+08:00,6,delivered,CG000000000658,47333.05,2026-06-14T16:53:00+08:00
SHP-0000659,PO-202512-000412,SUP-036,rail,承运商24,青岛,WH-04,2025-12-14T22:06:00+08:00,2025-12-15T10:06:00+08:00,12,delivered,CG000000000659,33303.67,2026-06-14T13:06:00+08:00
SHP-0000660,PO-202512-001043,SUP-004,road,承运商19,宁波,WH-04,2026-01-03T11:54:00+08:00,2026-01-04T11:54:00+08:00,24,in_transit,CG000000000660,33095.38,2026-06-15T04:48:00+08:00
SHP-0000661,PO-202512-000347,SUP-002,road,承运商05,东莞,WH-05,2026-01-07T22:33:00+08:00,2026-01-08T22:33:00+08:00,24,delivered,CG000000000661,23492.71,2026-06-15T03:16:00+08:00
SHP-0000662,PO-202510-000569,SUP-041,road,承运商09,武汉,WH-05,2025-10-24T15:40:00+08:00,2025-10-24T15:40:00+08:00,0,delivered,CG000000000662,30922.95,2026-06-14T18:34:00+08:00
SHP-0000663,PO-202602-001012,SUP-056,road,承运商22,武汉,WH-03,2026-02-22T07:24:00+08:00,2026-02-22T07:24:00+08:00,0,in_transit,CG000000000663,10772.56,2026-06-15T03:45:00+08:00
SHP-0000664,PO-202506-001634,SUP-048,sea,承运商19,武汉,WH-04,2025-07-01T07:35:00+08:00,2025-07-01T07:35:00+08:00,0,delivered,CG000000000664,52284.55,2026-06-15T06:58:00+08:00
SHP-0000665,PO-202603-000242,SUP-014,road,承运商20,宁波,WH-04,2026-03-11T09:29:00+08:00,2026-03-11T09:29:00+08:00,0,delivered,CG000000000665,2277.45,2026-06-15T04:53:00+08:00
SHP-0000666,PO-202604-001668,SUP-010,road,承运商12,宁波,WH-01,2026-04-25T22:24:00+08:00,2026-04-25T22:24:00+08:00,0,delivered,CG000000000666,46171.92,2026-06-14T13:21:00+08:00
SHP-0000667,PO-202509-000199,SUP-015,road,承运商10,武汉,WH-01,2025-09-10T23:15:00+08:00,2025-09-10T23:15:00+08:00,0,delayed,CG000000000667,6007.37,2026-06-15T06:32:00+08:00
SHP-0000668,PO-202511-001209,SUP-001,rail,承运商01,东莞,WH-01,2025-11-26T02:22:00+08:00,2025-11-29T02:22:00+08:00,72,in_transit,CG000000000668,42836.9,2026-06-14T10:48:00+08:00
SHP-0000669,PO-202604-001707,SUP-046,road,承运商14,东莞,WH-05,2026-04-24T23:32:00+08:00,2026-04-24T23:32:00+08:00,0,delivered,CG000000000669,48463.02,2026-06-14T13:11:00+08:00
SHP-0000670,PO-202510-000547,SUP-020,road,承运商06,宁波,WH-05,2025-10-20T07:14:00+08:00,2025-10-20T19:14:00+08:00,12,delivered,CG000000000670,52949.04,2026-06-14T15:18:00+08:00
SHP-0000671,PO-202511-000158,SUP-007,sea,承运商12,东莞,WH-02,2025-11-28T18:32:00+08:00,2025-11-29T06:32:00+08:00,12,delivered,CG000000000671,39939.22,2026-06-14T09:40:00+08:00
SHP-0000672,PO-202508-001106,SUP-041,road,承运商03,宁波,WH-05,2025-09-02T20:11:00+08:00,2025-09-02T20:11:00+08:00,0,delivered,CG000000000672,53473.64,2026-06-14T20:27:00+08:00
SHP-0000673,PO-202602-001046,SUP-025,sea,承运商18,苏州,WH-02,2026-02-15T01:58:00+08:00,2026-02-15T13:58:00+08:00,12,delayed,CG000000000673,29362.36,2026-06-14T21:33:00+08:00
SHP-0000674,PO-202604-000365,SUP-056,road,承运商07,东莞,WH-01,2026-04-14T05:56:00+08:00,2026-04-15T05:56:00+08:00,24,delivered,CG000000000674,61912.33,2026-06-14T21:47:00+08:00
SHP-0000675,PO-202604-000870,SUP-056,rail,承运商08,上海,WH-02,2026-04-20T06:02:00+08:00,2026-04-20T06:02:00+08:00,0,blocked,CG000000000675,20632.03,2026-06-14T19:14:00+08:00
SHP-0000676,PO-202605-001520,SUP-044,rail,承运商23,苏州,WH-03,2026-05-23T06:00:00+08:00,2026-05-23T06:00:00+08:00,0,delivered,CG000000000676,35437.18,2026-06-14T21:36:00+08:00
SHP-0000677,PO-202509-001329,SUP-026,road,承运商16,合肥,WH-02,2025-09-13T17:41:00+08:00,2025-09-13T17:41:00+08:00,0,delivered,CG000000000677,48245.76,2026-06-14T22:14:00+08:00
SHP-0000678,PO-202604-000984,SUP-039,rail,承运商20,武汉,WH-01,2026-04-14T01:33:00+08:00,2026-04-14T01:33:00+08:00,0,customs_hold,CG000000000678,39056.17,2026-06-14T18:41:00+08:00
SHP-0000679,PO-202601-001050,SUP-002,air,承运商22,成都,WH-04,2026-01-11T21:52:00+08:00,2026-01-12T03:52:00+08:00,6,delivered,CG000000000679,87528.91,2026-06-14T13:13:00+08:00
SHP-0000680,PO-202511-000688,SUP-021,road,承运商20,杭州,WH-02,2025-11-23T05:39:00+08:00,2025-11-23T11:39:00+08:00,6,customs_hold,CG000000000680,59039.68,2026-06-14T10:16:00+08:00
SHP-0000681,PO-202601-000621,SUP-021,sea,承运商14,东莞,WH-01,2026-01-14T16:02:00+08:00,2026-01-14T16:02:00+08:00,0,in_transit,CG000000000681,39983.93,2026-06-14T12:11:00+08:00
SHP-0000682,PO-202605-001219,SUP-050,rail,承运商05,武汉,WH-02,2026-05-05T10:16:00+08:00,2026-05-05T16:16:00+08:00,6,delayed,CG000000000682,40734.48,2026-06-14T08:20:00+08:00
SHP-0000683,PO-202602-001038,SUP-008,sea,承运商24,苏州,WH-04,2026-02-05T14:21:00+08:00,2026-02-05T14:21:00+08:00,0,delivered,CG000000000683,27006.58,2026-06-15T04:47:00+08:00
SHP-0000684,PO-202601-000801,SUP-027,rail,承运商19,合肥,WH-05,2026-01-17T22:24:00+08:00,2026-01-19T22:24:00+08:00,48,delivered,CG000000000684,53889.35,2026-06-15T01:52:00+08:00
SHP-0000685,PO-202604-001300,SUP-055,road,承运商18,武汉,WH-05,2026-04-22T09:42:00+08:00,2026-04-23T09:42:00+08:00,24,delivered,CG000000000685,25948.23,2026-06-15T04:40:00+08:00
SHP-0000686,PO-202602-001330,SUP-049,rail,承运商18,青岛,WH-05,2026-02-21T21:38:00+08:00,2026-02-21T21:38:00+08:00,0,delayed,CG000000000686,67035.1,2026-06-14T08:25:00+08:00
SHP-0000687,PO-202508-000656,SUP-029,rail,承运商12,杭州,WH-02,2025-08-18T11:06:00+08:00,2025-08-18T11:06:00+08:00,0,delivered,CG000000000687,60435.37,2026-06-15T07:27:00+08:00
SHP-0000688,PO-202603-000675,SUP-028,road,承运商06,成都,WH-05,2026-03-22T23:36:00+08:00,2026-03-24T23:36:00+08:00,48,delivered,CG000000000688,37508.41,2026-06-14T12:32:00+08:00
SHP-0000689,PO-202605-001170,SUP-031,road,承运商14,天津,WH-04,2026-05-24T09:27:00+08:00,2026-05-24T09:27:00+08:00,0,delivered,CG000000000689,60313.48,2026-06-15T05:45:00+08:00
SHP-0000690,PO-202508-001197,SUP-025,road,承运商20,宁波,WH-03,2025-08-07T07:31:00+08:00,2025-08-07T07:31:00+08:00,0,in_transit,CG000000000690,18324.63,2026-06-15T02:06:00+08:00
SHP-0000691,PO-202603-001087,SUP-048,sea,承运商15,宁波,WH-05,2026-04-02T16:26:00+08:00,2026-04-04T16:26:00+08:00,48,delivered,CG000000000691,14593.23,2026-06-14T18:11:00+08:00
SHP-0000692,PO-202605-001219,SUP-050,rail,承运商10,成都,WH-05,2026-05-05T10:16:00+08:00,2026-05-05T10:16:00+08:00,0,in_transit,CG000000000692,34964.9,2026-06-15T04:08:00+08:00
SHP-0000693,PO-202509-000117,SUP-033,road,承运商02,天津,WH-03,2025-09-21T11:05:00+08:00,2025-09-21T11:05:00+08:00,0,delivered,CG000000000693,28590.88,2026-06-15T02:40:00+08:00
SHP-0000694,PO-202603-000233,SUP-002,road,承运商10,上海,WH-05,2026-03-28T19:35:00+08:00,2026-03-28T19:35:00+08:00,0,delivered,CG000000000694,26225.14,2026-06-14T21:38:00+08:00
SHP-0000695,PO-202506-001680,SUP-055,road,承运商15,合肥,WH-04,2025-06-30T05:14:00+08:00,2025-06-30T05:14:00+08:00,0,delivered,CG000000000695,27764.09,2026-06-14T16:38:00+08:00
SHP-0000696,PO-202512-000702,SUP-037,road,承运商15,武汉,WH-01,2026-01-04T16:20:00+08:00,2026-01-06T16:20:00+08:00,48,delayed,CG000000000696,23459.41,2026-06-15T00:44:00+08:00
SHP-0000697,PO-202602-000685,SUP-031,sea,承运商16,武汉,WH-06,2026-02-25T01:15:00+08:00,2026-02-28T01:15:00+08:00,72,delivered,CG000000000697,21019.48,2026-06-14T10:16:00+08:00
SHP-0000698,PO-202512-001536,SUP-027,air,承运商03,苏州,WH-01,2025-12-24T20:07:00+08:00,2025-12-24T20:07:00+08:00,0,in_transit,CG000000000698,152374.98,2026-06-14T10:07:00+08:00
SHP-0000699,PO-202603-001079,SUP-030,sea,承运商08,天津,WH-04,2026-03-14T16:14:00+08:00,2026-03-14T16:14:00+08:00,0,in_transit,CG000000000699,23600.34,2026-06-14T17:11:00+08:00
SHP-0000700,PO-202509-000397,SUP-036,road,承运商10,武汉,WH-03,2025-09-15T04:41:00+08:00,2025-09-18T04:41:00+08:00,72,delayed,CG000000000700,58450.82,2026-06-14T10:04:00+08:00
SHP-0000701,PO-202506-001113,SUP-017,road,承运商05,苏州,WH-02,2025-07-02T21:24:00+08:00,2025-07-02T21:24:00+08:00,0,blocked,CG000000000701,18655.57,2026-06-14T08:09:00+08:00
SHP-0000702,PO-202512-001710,SUP-019,sea,承运商04,合肥,WH-01,2025-12-09T12:20:00+08:00,2025-12-12T12:20:00+08:00,72,delivered,CG000000000702,19751.02,2026-06-14T13:53:00+08:00
SHP-0000703,PO-202511-000461,SUP-029,rail,承运商05,苏州,WH-02,2025-11-08T13:58:00+08:00,2025-11-08T19:58:00+08:00,6,delivered,CG000000000703,28839.75,2026-06-15T00:10:00+08:00
SHP-0000704,PO-202510-000700,SUP-060,rail,承运商20,武汉,WH-03,2025-10-09T17:59:00+08:00,2025-10-12T17:59:00+08:00,72,delivered,CG000000000704,67509.09,2026-06-15T02:31:00+08:00
SHP-0000705,PO-202604-000558,SUP-008,air,承运商20,武汉,WH-03,2026-04-22T16:04:00+08:00,2026-04-22T16:04:00+08:00,0,delivered,CG000000000705,45494.73,2026-06-14T22:41:00+08:00
SHP-0000706,PO-202512-001698,SUP-005,sea,承运商15,合肥,WH-05,2025-12-21T12:47:00+08:00,2025-12-21T12:47:00+08:00,0,delivered,CG000000000706,9956.66,2026-06-14T23:00:00+08:00
SHP-0000707,PO-202511-000348,SUP-011,road,承运商02,宁波,WH-01,2025-11-26T12:09:00+08:00,2025-11-26T12:09:00+08:00,0,in_transit,CG000000000707,52616.24,2026-06-14T13:22:00+08:00
SHP-0000708,PO-202510-001147,SUP-012,air,承运商04,合肥,WH-02,2025-10-24T14:01:00+08:00,2025-10-24T14:01:00+08:00,0,delivered,CG000000000708,150939.69,2026-06-14T22:35:00+08:00
SHP-0000709,PO-202508-001641,SUP-045,air,承运商18,宁波,WH-03,2025-08-22T12:32:00+08:00,2025-08-22T12:32:00+08:00,0,customs_hold,CG000000000709,149790.32,2026-06-14T09:56:00+08:00
SHP-0000710,PO-202511-000348,SUP-011,rail,承运商19,上海,WH-06,2025-11-26T12:09:00+08:00,2025-11-27T12:09:00+08:00,24,delayed,CG000000000710,41957.13,2026-06-14T23:30:00+08:00
SHP-0000711,PO-202603-000936,SUP-006,road,承运商10,杭州,WH-03,2026-03-15T03:42:00+08:00,2026-03-15T03:42:00+08:00,0,delivered,CG000000000711,2875.56,2026-06-14T08:07:00+08:00
SHP-0000712,PO-202511-001770,SUP-023,road,承运商14,东莞,WH-03,2025-11-04T09:20:00+08:00,2025-11-04T21:20:00+08:00,12,delivered,CG000000000712,42904.46,2026-06-14T11:58:00+08:00
SHP-0000713,PO-202512-000845,SUP-009,road,承运商13,天津,WH-06,2025-12-09T11:36:00+08:00,2025-12-09T23:36:00+08:00,12,delayed,CG000000000713,5857.92,2026-06-15T01:22:00+08:00
SHP-0000714,PO-202507-000036,SUP-033,road,承运商18,合肥,WH-05,2025-07-05T07:39:00+08:00,2025-07-07T07:39:00+08:00,48,customs_hold,CG000000000714,43687.44,2026-06-15T01:30:00+08:00
SHP-0000715,PO-202508-001243,SUP-046,road,承运商02,天津,WH-04,2025-09-02T01:24:00+08:00,2025-09-02T01:24:00+08:00,0,delivered,CG000000000715,57529.62,2026-06-14T09:58:00+08:00
SHP-0000716,PO-202604-000241,SUP-026,rail,承运商22,成都,WH-02,2026-04-18T21:17:00+08:00,2026-04-18T21:17:00+08:00,0,delivered,CG000000000716,67571.0,2026-06-14T23:01:00+08:00
SHP-0000717,PO-202507-000816,SUP-051,road,承运商21,青岛,WH-06,2025-07-28T05:25:00+08:00,2025-07-28T05:25:00+08:00,0,delivered,CG000000000717,42471.24,2026-06-14T21:39:00+08:00
SHP-0000718,PO-202605-001320,SUP-056,road,承运商16,宁波,WH-05,2026-05-27T22:43:00+08:00,2026-05-27T22:43:00+08:00,0,delivered,CG000000000718,33585.67,2026-06-14T12:07:00+08:00
SHP-0000719,PO-202506-001254,SUP-023,road,承运商17,上海,WH-01,2025-06-27T20:28:00+08:00,2025-06-27T20:28:00+08:00,0,delivered,CG000000000719,48012.51,2026-06-15T04:29:00+08:00
SHP-0000720,PO-202604-000460,SUP-025,road,承运商13,合肥,WH-02,2026-04-28T04:09:00+08:00,2026-05-01T04:09:00+08:00,72,delayed,CG000000000720,31685.37,2026-06-14T11:16:00+08:00
SHP-0000721,PO-202601-001703,SUP-031,sea,承运商22,上海,WH-01,2026-01-21T16:10:00+08:00,2026-01-21T16:10:00+08:00,0,blocked,CG000000000721,29469.44,2026-06-15T05:14:00+08:00
SHP-0000722,PO-202512-000632,SUP-006,rail,承运商02,武汉,WH-05,2026-01-03T15:06:00+08:00,2026-01-03T15:06:00+08:00,0,in_transit,CG000000000722,46538.61,2026-06-15T03:49:00+08:00
SHP-0000723,PO-202604-001014,SUP-046,air,承运商21,青岛,WH-04,2026-04-20T11:36:00+08:00,2026-04-21T11:36:00+08:00,24,delivered,CG000000000723,131922.95,2026-06-14T19:54:00+08:00
SHP-0000724,PO-202507-000064,SUP-054,sea,承运商21,苏州,WH-06,2025-07-16T06:32:00+08:00,2025-07-16T12:32:00+08:00,6,delivered,CG000000000724,20584.07,2026-06-15T00:02:00+08:00
SHP-0000725,PO-202602-001004,SUP-048,road,承运商05,成都,WH-01,2026-02-11T18:11:00+08:00,2026-02-11T18:11:00+08:00,0,delivered,CG000000000725,10488.78,2026-06-14T20:33:00+08:00
SHP-0000726,PO-202510-001240,SUP-044,sea,承运商24,成都,WH-05,2025-10-04T20:40:00+08:00,2025-10-05T20:40:00+08:00,24,delayed,CG000000000726,62905.13,2026-06-14T11:33:00+08:00
SHP-0000727,PO-202604-000870,SUP-056,sea,承运商12,宁波,WH-01,2026-04-20T06:02:00+08:00,2026-04-20T06:02:00+08:00,0,delivered,CG000000000727,66484.3,2026-06-15T04:32:00+08:00
SHP-0000728,PO-202603-001202,SUP-046,road,承运商17,宁波,WH-05,2026-04-01T19:28:00+08:00,2026-04-01T19:28:00+08:00,0,in_transit,CG000000000728,44237.53,2026-06-15T00:00:00+08:00
SHP-0000729,PO-202511-000600,SUP-050,road,承运商09,上海,WH-01,2025-11-11T02:34:00+08:00,2025-11-11T02:34:00+08:00,0,delivered,CG000000000729,24307.31,2026-06-14T10:05:00+08:00
SHP-0000730,PO-202509-001207,SUP-028,rail,承运商14,青岛,WH-04,2025-09-06T04:46:00+08:00,2025-09-07T04:46:00+08:00,24,in_transit,CG000000000730,56457.48,2026-06-15T02:21:00+08:00
SHP-0000731,PO-202507-001591,SUP-001,air,承运商20,合肥,WH-02,2025-07-14T14:10:00+08:00,2025-07-15T02:10:00+08:00,12,customs_hold,CG000000000731,109046.15,2026-06-14T14:01:00+08:00
SHP-0000732,PO-202512-001370,SUP-028,rail,承运商06,成都,WH-03,2025-12-11T11:05:00+08:00,2025-12-11T11:05:00+08:00,0,delivered,CG000000000732,42635.92,2026-06-14T23:38:00+08:00
SHP-0000733,PO-202512-001642,SUP-057,air,承运商08,青岛,WH-05,2025-12-17T05:07:00+08:00,2025-12-20T05:07:00+08:00,72,delivered,CG000000000733,52501.7,2026-06-14T16:18:00+08:00
SHP-0000734,PO-202603-000629,SUP-036,rail,承运商09,苏州,WH-04,2026-03-27T17:02:00+08:00,2026-03-27T17:02:00+08:00,0,delayed,CG000000000734,47398.94,2026-06-14T12:38:00+08:00
SHP-0000735,PO-202507-000530,SUP-035,sea,承运商14,武汉,WH-03,2025-07-13T18:54:00+08:00,2025-07-13T18:54:00+08:00,0,delivered,CG000000000735,48332.04,2026-06-14T13:34:00+08:00
SHP-0000736,PO-202601-001075,SUP-030,air,承运商07,宁波,WH-04,2026-01-08T01:50:00+08:00,2026-01-08T13:50:00+08:00,12,delayed,CG000000000736,95990.59,2026-06-14T20:14:00+08:00
SHP-0000737,PO-202605-001628,SUP-055,rail,承运商07,宁波,WH-05,2026-05-22T07:42:00+08:00,2026-05-22T07:42:00+08:00,0,delayed,CG000000000737,48811.89,2026-06-14T19:30:00+08:00
SHP-0000738,PO-202511-000158,SUP-007,road,承运商21,苏州,WH-04,2025-11-28T18:32:00+08:00,2025-11-28T18:32:00+08:00,0,in_transit,CG000000000738,57439.1,2026-06-15T06:39:00+08:00
SHP-0000739,PO-202512-000195,SUP-011,air,承运商19,成都,WH-06,2026-01-03T16:22:00+08:00,2026-01-04T04:22:00+08:00,12,in_transit,CG000000000739,126742.63,2026-06-15T02:09:00+08:00
SHP-0000740,PO-202508-001466,SUP-045,air,承运商13,武汉,WH-03,2025-08-14T11:42:00+08:00,2025-08-14T11:42:00+08:00,0,delivered,CG000000000740,119002.16,2026-06-14T16:47:00+08:00
SHP-0000741,PO-202508-000257,SUP-023,road,承运商01,天津,WH-05,2025-08-08T09:45:00+08:00,2025-08-08T09:45:00+08:00,0,in_transit,CG000000000741,64712.17,2026-06-15T02:56:00+08:00
SHP-0000742,PO-202603-000246,SUP-009,road,承运商04,宁波,WH-01,2026-03-19T03:33:00+08:00,2026-03-19T15:33:00+08:00,12,delayed,CG000000000742,27657.45,2026-06-14T19:20:00+08:00
SHP-0000743,PO-202602-001772,SUP-051,road,承运商16,杭州,WH-04,2026-02-08T01:35:00+08:00,2026-02-09T01:35:00+08:00,24,delayed,CG000000000743,30984.61,2026-06-14T08:20:00+08:00
SHP-0000744,PO-202507-000529,SUP-049,road,承运商09,青岛,WH-06,2025-07-24T08:15:00+08:00,2025-07-24T20:15:00+08:00,12,blocked,CG000000000744,16860.44,2026-06-14T17:35:00+08:00
SHP-0000745,PO-202506-000563,SUP-009,road,承运商04,合肥,WH-03,2025-07-01T10:48:00+08:00,2025-07-03T10:48:00+08:00,48,delivered,CG000000000745,50027.13,2026-06-15T04:09:00+08:00
SHP-0000746,PO-202509-000844,SUP-018,road,承运商17,苏州,WH-03,2025-09-07T13:30:00+08:00,2025-09-07T13:30:00+08:00,0,in_transit,CG000000000746,60892.46,2026-06-15T06:51:00+08:00
SHP-0000747,PO-202506-001749,SUP-020,road,承运商16,苏州,WH-04,2025-07-04T20:36:00+08:00,2025-07-06T20:36:00+08:00,48,delayed,CG000000000747,13492.82,2026-06-14T20:06:00+08:00
SHP-0000748,PO-202507-000919,SUP-051,road,承运商08,杭州,WH-05,2025-07-14T00:25:00+08:00,2025-07-14T06:25:00+08:00,6,in_transit,CG000000000748,51904.77,2026-06-14T23:01:00+08:00
SHP-0000749,PO-202604-000046,SUP-060,rail,承运商24,天津,WH-06,2026-04-20T17:00:00+08:00,2026-04-22T17:00:00+08:00,48,delayed,CG000000000749,67395.76,2026-06-14T09:38:00+08:00
SHP-0000750,PO-202511-000782,SUP-001,road,承运商11,合肥,WH-06,2025-11-15T08:55:00+08:00,2025-11-15T08:55:00+08:00,0,delayed,CG000000000750,22651.73,2026-06-14T22:13:00+08:00
SHP-0000751,PO-202507-001622,SUP-022,road,承运商16,上海,WH-03,2025-07-08T11:31:00+08:00,2025-07-08T23:31:00+08:00,12,in_transit,CG000000000751,30682.79,2026-06-14T23:43:00+08:00
SHP-0000752,PO-202602-001535,SUP-024,road,承运商12,上海,WH-05,2026-02-26T08:09:00+08:00,2026-02-26T08:09:00+08:00,0,delivered,CG000000000752,20654.52,2026-06-14T15:37:00+08:00
SHP-0000753,PO-202606-001092,SUP-010,rail,承运商09,合肥,WH-03,2026-06-18T23:08:00+08:00,2026-06-19T11:08:00+08:00,12,in_transit,CG000000000753,27110.52,2026-06-14T09:30:00+08:00
SHP-0000754,PO-202606-000855,SUP-013,air,承运商06,东莞,WH-03,2026-06-06T00:14:00+08:00,2026-06-06T12:14:00+08:00,12,delivered,CG000000000754,80424.8,2026-06-14T14:57:00+08:00
SHP-0000755,PO-202510-000145,SUP-013,sea,承运商05,合肥,WH-06,2025-10-06T16:07:00+08:00,2025-10-06T16:07:00+08:00,0,blocked,CG000000000755,58495.1,2026-06-14T17:56:00+08:00
SHP-0000756,PO-202602-001646,SUP-009,road,承运商24,杭州,WH-05,2026-02-12T15:25:00+08:00,2026-02-12T15:25:00+08:00,0,delivered,CG000000000756,47310.44,2026-06-15T07:41:00+08:00
SHP-0000757,PO-202603-000067,SUP-008,road,承运商21,成都,WH-06,2026-03-22T17:14:00+08:00,2026-03-22T17:14:00+08:00,0,in_transit,CG000000000757,42795.79,2026-06-14T10:58:00+08:00
SHP-0000758,PO-202509-001751,SUP-060,rail,承运商09,苏州,WH-03,2025-09-14T03:41:00+08:00,2025-09-14T09:41:00+08:00,6,delivered,CG000000000758,8782.57,2026-06-15T05:57:00+08:00
SHP-0000759,PO-202603-001648,SUP-022,road,承运商16,杭州,WH-03,2026-03-25T22:18:00+08:00,2026-03-26T04:18:00+08:00,6,delivered,CG000000000759,67741.02,2026-06-14T19:01:00+08:00
SHP-0000760,PO-202509-001530,SUP-050,road,承运商20,合肥,WH-02,2025-09-19T11:17:00+08:00,2025-09-21T11:17:00+08:00,48,in_transit,CG000000000760,24479.38,2026-06-15T03:51:00+08:00
SHP-0000761,PO-202507-000113,SUP-010,rail,承运商04,成都,WH-04,2025-08-06T02:08:00+08:00,2025-08-07T02:08:00+08:00,24,delayed,CG000000000761,47365.09,2026-06-14T17:48:00+08:00
SHP-0000762,PO-202604-001190,SUP-014,sea,承运商22,苏州,WH-01,2026-04-08T14:02:00+08:00,2026-04-08T14:02:00+08:00,0,in_transit,CG000000000762,41806.0,2026-06-14T14:39:00+08:00
SHP-0000763,PO-202603-000678,SUP-049,air,承运商21,宁波,WH-01,2026-03-30T00:03:00+08:00,2026-03-30T06:03:00+08:00,6,delayed,CG000000000763,33658.87,2026-06-14T10:05:00+08:00
SHP-0000764,PO-202601-001562,SUP-058,road,承运商15,合肥,WH-06,2026-01-02T06:41:00+08:00,2026-01-02T12:41:00+08:00,6,in_transit,CG000000000764,49478.8,2026-06-14T15:41:00+08:00
SHP-0000765,PO-202507-001129,SUP-032,sea,承运商02,宁波,WH-01,2025-07-26T17:17:00+08:00,2025-07-27T17:17:00+08:00,24,delayed,CG000000000765,26562.97,2026-06-14T23:59:00+08:00
SHP-0000766,PO-202507-000631,SUP-039,road,承运商08,苏州,WH-03,2025-07-06T13:31:00+08:00,2025-07-06T13:31:00+08:00,0,customs_hold,CG000000000766,35063.97,2026-06-14T10:33:00+08:00
SHP-0000767,PO-202506-001680,SUP-055,sea,承运商23,武汉,WH-01,2025-06-30T05:14:00+08:00,2025-06-30T05:14:00+08:00,0,in_transit,CG000000000767,46854.1,2026-06-15T03:19:00+08:00
SHP-0000768,PO-202603-001701,SUP-005,sea,承运商07,杭州,WH-02,2026-03-21T17:50:00+08:00,2026-03-21T17:50:00+08:00,0,in_transit,CG000000000768,13655.38,2026-06-14T13:23:00+08:00
SHP-0000769,PO-202605-000985,SUP-050,road,承运商06,成都,WH-06,2026-05-09T09:48:00+08:00,2026-05-09T09:48:00+08:00,0,delayed,CG000000000769,46063.63,2026-06-14T17:57:00+08:00
SHP-0000770,PO-202512-001551,SUP-035,rail,承运商08,青岛,WH-01,2025-12-22T15:12:00+08:00,2025-12-24T15:12:00+08:00,48,delivered,CG000000000770,46318.29,2026-06-14T15:17:00+08:00
SHP-0000771,PO-202507-000084,SUP-042,road,承运商12,杭州,WH-05,2025-07-17T21:02:00+08:00,2025-07-18T09:02:00+08:00,12,delayed,CG000000000771,12388.67,2026-06-15T03:44:00+08:00
SHP-0000772,PO-202508-000379,SUP-014,road,承运商04,天津,WH-01,2025-08-20T11:59:00+08:00,2025-08-20T11:59:00+08:00,0,in_transit,CG000000000772,24617.29,2026-06-14T09:39:00+08:00
SHP-0000773,PO-202507-000840,SUP-060,road,承运商05,青岛,WH-04,2025-07-20T12:37:00+08:00,2025-07-20T12:37:00+08:00,0,delivered,CG000000000773,56068.75,2026-06-14T16:16:00+08:00
SHP-0000774,PO-202604-000409,SUP-015,rail,承运商15,合肥,WH-04,2026-04-26T13:10:00+08:00,2026-04-29T13:10:00+08:00,72,in_transit,CG000000000774,57589.63,2026-06-14T14:54:00+08:00
SHP-0000775,PO-202511-001650,SUP-012,sea,承运商17,上海,WH-05,2025-11-27T16:09:00+08:00,2025-11-28T04:09:00+08:00,12,delivered,CG000000000775,15485.89,2026-06-14T08:25:00+08:00
SHP-0000776,PO-202603-001494,SUP-020,road,承运商09,合肥,WH-01,2026-04-03T12:03:00+08:00,2026-04-03T12:03:00+08:00,0,in_transit,CG000000000776,3229.59,2026-06-14T19:50:00+08:00
SHP-0000777,PO-202512-000147,SUP-027,road,承运商17,苏州,WH-06,2025-12-08T20:27:00+08:00,2025-12-10T20:27:00+08:00,48,delayed,CG000000000777,21459.59,2026-06-15T06:05:00+08:00
SHP-0000778,PO-202509-000710,SUP-055,sea,承运商03,东莞,WH-06,2025-10-05T18:34:00+08:00,2025-10-05T18:34:00+08:00,0,delivered,CG000000000778,39170.02,2026-06-14T16:00:00+08:00
SHP-0000779,PO-202510-000856,SUP-026,road,承运商05,杭州,WH-02,2025-10-28T08:52:00+08:00,2025-10-30T08:52:00+08:00,48,in_transit,CG000000000779,2294.85,2026-06-14T18:18:00+08:00
SHP-0000780,PO-202508-001095,SUP-038,road,承运商18,上海,WH-01,2025-08-09T01:59:00+08:00,2025-08-09T13:59:00+08:00,12,delivered,CG000000000780,41493.48,2026-06-14T16:20:00+08:00
SHP-0000781,PO-202506-000736,SUP-034,road,承运商09,东莞,WH-02,2025-06-23T13:28:00+08:00,2025-06-23T13:28:00+08:00,0,delayed,CG000000000781,19218.34,2026-06-15T01:26:00+08:00
SHP-0000782,PO-202605-001712,SUP-060,road,承运商23,天津,WH-05,2026-05-15T23:28:00+08:00,2026-05-15T23:28:00+08:00,0,in_transit,CG000000000782,43779.99,2026-06-14T22:20:00+08:00
SHP-0000783,PO-202507-000863,SUP-052,road,承运商11,苏州,WH-02,2025-07-19T07:49:00+08:00,2025-07-19T07:49:00+08:00,0,delayed,CG000000000783,18173.86,2026-06-14T08:55:00+08:00
SHP-0000784,PO-202511-001115,SUP-055,sea,承运商17,杭州,WH-01,2025-11-15T02:13:00+08:00,2025-11-15T02:13:00+08:00,0,delayed,CG000000000784,25445.32,2026-06-14T18:07:00+08:00
SHP-0000785,PO-202509-001109,SUP-056,road,承运商23,合肥,WH-01,2025-09-12T06:20:00+08:00,2025-09-12T06:20:00+08:00,0,delivered,CG000000000785,36043.48,2026-06-15T00:50:00+08:00
SHP-0000786,PO-202601-001519,SUP-043,road,承运商13,东莞,WH-03,2026-01-17T08:28:00+08:00,2026-01-17T08:28:00+08:00,0,delayed,CG000000000786,10247.46,2026-06-15T05:25:00+08:00
SHP-0000787,PO-202506-001113,SUP-017,air,承运商05,青岛,WH-05,2025-07-02T21:24:00+08:00,2025-07-03T21:24:00+08:00,24,in_transit,CG000000000787,143548.21,2026-06-15T03:03:00+08:00
SHP-0000788,PO-202508-000788,SUP-038,sea,承运商14,杭州,WH-03,2025-08-31T19:55:00+08:00,2025-08-31T19:55:00+08:00,0,in_transit,CG000000000788,59020.6,2026-06-14T14:19:00+08:00
SHP-0000789,PO-202605-001709,SUP-028,sea,承运商18,合肥,WH-01,2026-05-10T01:39:00+08:00,2026-05-10T01:39:00+08:00,0,delayed,CG000000000789,2128.73,2026-06-14T17:03:00+08:00
SHP-0000790,PO-202604-001145,SUP-053,road,承运商02,上海,WH-03,2026-04-26T02:10:00+08:00,2026-04-26T14:10:00+08:00,12,in_transit,CG000000000790,40142.6,2026-06-14T20:31:00+08:00
SHP-0000791,PO-202509-001035,SUP-020,road,承运商06,武汉,WH-02,2025-09-20T22:55:00+08:00,2025-09-21T10:55:00+08:00,12,delivered,CG000000000791,67120.32,2026-06-14T16:09:00+08:00
SHP-0000792,PO-202602-001292,SUP-054,sea,承运商06,成都,WH-02,2026-02-12T19:59:00+08:00,2026-02-13T07:59:00+08:00,12,delivered,CG000000000792,40581.36,2026-06-14T19:29:00+08:00
SHP-0000793,PO-202506-001196,SUP-006,air,承运商14,东莞,WH-02,2025-07-02T16:42:00+08:00,2025-07-04T16:42:00+08:00,48,delayed,CG000000000793,82816.19,2026-06-15T00:37:00+08:00
SHP-0000794,PO-202601-001034,SUP-013,road,承运商17,上海,WH-03,2026-01-07T06:48:00+08:00,2026-01-07T06:48:00+08:00,0,delivered,CG000000000794,4211.4,2026-06-14T12:25:00+08:00
SHP-0000795,PO-202601-000244,SUP-002,road,承运商08,武汉,WH-01,2026-01-31T22:42:00+08:00,2026-01-31T22:42:00+08:00,0,delivered,CG000000000795,67664.26,2026-06-15T05:40:00+08:00
SHP-0000796,PO-202510-001240,SUP-044,rail,承运商03,苏州,WH-06,2025-10-04T20:40:00+08:00,2025-10-05T08:40:00+08:00,12,delayed,CG000000000796,59037.35,2026-06-15T01:48:00+08:00
SHP-0000797,PO-202509-001455,SUP-014,road,承运商21,武汉,WH-06,2025-09-27T14:25:00+08:00,2025-09-27T20:25:00+08:00,6,customs_hold,CG000000000797,30730.26,2026-06-14T20:45:00+08:00
SHP-0000798,PO-202512-001285,SUP-012,sea,承运商10,杭州,WH-05,2025-12-08T15:25:00+08:00,2025-12-09T03:25:00+08:00,12,blocked,CG000000000798,49100.65,2026-06-15T05:28:00+08:00
SHP-0000799,PO-202605-001203,SUP-020,sea,承运商23,东莞,WH-04,2026-06-05T22:30:00+08:00,2026-06-05T22:30:00+08:00,0,delayed,CG000000000799,39947.96,2026-06-14T17:04:00+08:00
SHP-0000800,PO-202512-000662,SUP-054,air,承运商01,上海,WH-02,2025-12-18T01:23:00+08:00,2025-12-18T13:23:00+08:00,12,delayed,CG000000000800,49482.25,2026-06-15T02:32:00+08:00
SHP-0000801,PO-202601-000222,SUP-023,road,承运商17,青岛,WH-05,2026-02-02T10:03:00+08:00,2026-02-02T10:03:00+08:00,0,in_transit,CG000000000801,62015.13,2026-06-14T13:25:00+08:00
SHP-0000802,PO-202605-001506,SUP-009,road,承运商05,苏州,WH-01,2026-05-16T22:00:00+08:00,2026-05-17T22:00:00+08:00,24,in_transit,CG000000000802,29375.93,2026-06-15T07:46:00+08:00
SHP-0000803,PO-202508-001027,SUP-017,rail,承运商03,青岛,WH-06,2025-09-06T06:05:00+08:00,2025-09-06T06:05:00+08:00,0,in_transit,CG000000000803,58675.27,2026-06-14T14:23:00+08:00
SHP-0000804,PO-202508-001417,SUP-005,road,承运商13,苏州,WH-05,2025-08-26T00:34:00+08:00,2025-08-26T00:34:00+08:00,0,delayed,CG000000000804,33040.62,2026-06-15T01:20:00+08:00
SHP-0000805,PO-202511-001500,SUP-028,road,承运商09,东莞,WH-02,2025-11-16T20:37:00+08:00,2025-11-16T20:37:00+08:00,0,delivered,CG000000000805,30097.52,2026-06-14T14:55:00+08:00
SHP-0000806,PO-202604-001586,SUP-041,sea,承运商05,成都,WH-04,2026-05-02T12:28:00+08:00,2026-05-04T12:28:00+08:00,48,blocked,CG000000000806,46513.7,2026-06-15T00:28:00+08:00
SHP-0000807,PO-202512-000414,SUP-022,road,承运商14,青岛,WH-01,2025-12-22T17:12:00+08:00,2025-12-22T23:12:00+08:00,6,delivered,CG000000000807,54590.53,2026-06-14T17:45:00+08:00
SHP-0000808,PO-202510-001459,SUP-011,road,承运商01,东莞,WH-05,2025-10-20T03:14:00+08:00,2025-10-20T03:14:00+08:00,0,delivered,CG000000000808,45624.32,2026-06-15T00:23:00+08:00
SHP-0000809,PO-202603-001672,SUP-022,rail,承运商06,合肥,WH-05,2026-03-23T09:11:00+08:00,2026-03-25T09:11:00+08:00,48,customs_hold,CG000000000809,59281.66,2026-06-14T09:11:00+08:00
SHP-0000810,PO-202601-001495,SUP-045,sea,承运商19,苏州,WH-06,2026-01-29T05:30:00+08:00,2026-01-29T05:30:00+08:00,0,delivered,CG000000000810,40027.77,2026-06-14T17:58:00+08:00
SHP-0000811,PO-202508-001490,SUP-031,sea,承运商22,东莞,WH-01,2025-09-05T03:09:00+08:00,2025-09-05T09:09:00+08:00,6,customs_hold,CG000000000811,42855.33,2026-06-14T09:20:00+08:00
SHP-0000812,PO-202507-000486,SUP-056,road,承运商05,成都,WH-04,2025-07-12T09:58:00+08:00,2025-07-12T15:58:00+08:00,6,delivered,CG000000000812,32774.41,2026-06-15T05:12:00+08:00
SHP-0000813,PO-202602-000676,SUP-032,rail,承运商05,天津,WH-02,2026-02-28T11:59:00+08:00,2026-02-28T11:59:00+08:00,0,delayed,CG000000000813,54183.21,2026-06-14T13:38:00+08:00
SHP-0000814,PO-202506-001708,SUP-037,sea,承运商09,武汉,WH-02,2025-07-05T01:25:00+08:00,2025-07-07T01:25:00+08:00,48,in_transit,CG000000000814,1374.51,2026-06-14T18:20:00+08:00
SHP-0000815,PO-202605-000404,SUP-052,air,承运商10,合肥,WH-02,2026-05-25T11:52:00+08:00,2026-05-25T23:52:00+08:00,12,delivered,CG000000000815,72270.99,2026-06-14T23:51:00+08:00
SHP-0000816,PO-202603-001686,SUP-001,road,承运商02,杭州,WH-02,2026-04-01T00:17:00+08:00,2026-04-01T00:17:00+08:00,0,delayed,CG000000000816,37981.71,2026-06-14T20:46:00+08:00
SHP-0000817,PO-202605-001011,SUP-017,road,承运商07,天津,WH-04,2026-05-30T15:57:00+08:00,2026-06-02T15:57:00+08:00,72,delayed,CG000000000817,62848.04,2026-06-14T15:05:00+08:00
SHP-0000818,PO-202508-000411,SUP-057,rail,承运商11,东莞,WH-05,2025-08-10T14:13:00+08:00,2025-08-10T14:13:00+08:00,0,customs_hold,CG000000000818,18945.2,2026-06-15T04:41:00+08:00
SHP-0000819,PO-202604-000124,SUP-035,sea,承运商24,东莞,WH-01,2026-04-10T14:53:00+08:00,2026-04-10T14:53:00+08:00,0,delivered,CG000000000819,46166.88,2026-06-15T00:47:00+08:00
SHP-0000820,PO-202506-001538,SUP-015,road,承运商05,合肥,WH-06,2025-06-20T10:48:00+08:00,2025-06-20T10:48:00+08:00,0,in_transit,CG000000000820,31035.25,2026-06-14T16:20:00+08:00
SHP-0000821,PO-202509-000464,SUP-025,road,承运商24,天津,WH-02,2025-09-10T01:16:00+08:00,2025-09-12T01:16:00+08:00,48,in_transit,CG000000000821,11534.67,2026-06-14T17:46:00+08:00
SHP-0000822,PO-202511-001148,SUP-057,road,承运商08,上海,WH-05,2025-11-24T16:36:00+08:00,2025-11-24T16:36:00+08:00,0,delivered,CG000000000822,44226.52,2026-06-14T11:35:00+08:00
SHP-0000823,PO-202512-001625,SUP-012,road,承运商23,合肥,WH-04,2026-01-01T22:16:00+08:00,2026-01-02T04:16:00+08:00,6,delivered,CG000000000823,2798.01,2026-06-14T16:58:00+08:00
SHP-0000824,PO-202508-000926,SUP-007,road,承运商06,上海,WH-02,2025-08-22T06:52:00+08:00,2025-08-22T06:52:00+08:00,0,delivered,CG000000000824,10473.17,2026-06-14T23:23:00+08:00
SHP-0000825,PO-202508-000550,SUP-059,rail,承运商02,东莞,WH-01,2025-08-06T15:57:00+08:00,2025-08-08T15:57:00+08:00,48,delayed,CG000000000825,14405.37,2026-06-14T19:56:00+08:00
SHP-0000826,PO-202601-000281,SUP-042,road,承运商23,杭州,WH-05,2026-01-28T12:01:00+08:00,2026-01-28T12:01:00+08:00,0,delayed,CG000000000826,61863.24,2026-06-15T02:43:00+08:00
SHP-0000827,PO-202508-000723,SUP-033,road,承运商20,上海,WH-06,2025-08-24T21:31:00+08:00,2025-08-24T21:31:00+08:00,0,in_transit,CG000000000827,17124.66,2026-06-14T13:20:00+08:00
SHP-0000828,PO-202511-001754,SUP-028,rail,承运商14,东莞,WH-06,2025-12-05T14:50:00+08:00,2025-12-05T20:50:00+08:00,6,delivered,CG000000000828,64051.03,2026-06-14T19:27:00+08:00
SHP-0000829,PO-202508-001356,SUP-055,sea,承运商22,东莞,WH-05,2025-08-14T21:53:00+08:00,2025-08-14T21:53:00+08:00,0,delayed,CG000000000829,19509.23,2026-06-14T14:37:00+08:00
SHP-0000830,PO-202601-001498,SUP-030,air,承运商14,杭州,WH-02,2026-01-15T12:59:00+08:00,2026-01-15T12:59:00+08:00,0,delayed,CG000000000830,83555.6,2026-06-14T14:18:00+08:00
SHP-0000831,PO-202605-001250,SUP-051,road,承运商04,合肥,WH-02,2026-05-31T06:11:00+08:00,2026-06-01T06:11:00+08:00,24,customs_hold,CG000000000831,31061.36,2026-06-14T09:18:00+08:00
SHP-0000832,PO-202512-000956,SUP-018,air,承运商21,上海,WH-05,2025-12-31T00:09:00+08:00,2026-01-02T00:09:00+08:00,48,delayed,CG000000000832,140818.4,2026-06-14T12:09:00+08:00
SHP-0000833,PO-202511-000850,SUP-039,sea,承运商18,武汉,WH-01,2025-11-13T13:19:00+08:00,2025-11-16T13:19:00+08:00,72,delivered,CG000000000833,51338.05,2026-06-14T12:58:00+08:00
SHP-0000834,PO-202601-001422,SUP-044,sea,承运商24,青岛,WH-04,2026-02-06T23:10:00+08:00,2026-02-07T23:10:00+08:00,24,delayed,CG000000000834,27339.32,2026-06-15T07:00:00+08:00
SHP-0000835,PO-202601-000109,SUP-034,air,承运商15,成都,WH-06,2026-01-12T08:18:00+08:00,2026-01-12T08:18:00+08:00,0,in_transit,CG000000000835,104073.73,2026-06-15T03:46:00+08:00
SHP-0000836,PO-202511-000458,SUP-028,road,承运商04,东莞,WH-02,2025-11-24T00:11:00+08:00,2025-11-24T00:11:00+08:00,0,delayed,CG000000000836,34861.68,2026-06-14T18:13:00+08:00
SHP-0000837,PO-202604-001528,SUP-050,sea,承运商19,天津,WH-05,2026-04-18T10:16:00+08:00,2026-04-19T10:16:00+08:00,24,delivered,CG000000000837,66923.87,2026-06-14T10:12:00+08:00
SHP-0000838,PO-202509-000014,SUP-047,road,承运商13,苏州,WH-06,2025-09-12T06:33:00+08:00,2025-09-12T06:33:00+08:00,0,delivered,CG000000000838,58812.51,2026-06-14T23:12:00+08:00
SHP-0000839,PO-202605-000763,SUP-044,road,承运商01,宁波,WH-02,2026-05-17T14:32:00+08:00,2026-05-17T14:32:00+08:00,0,in_transit,CG000000000839,19145.6,2026-06-15T04:08:00+08:00
SHP-0000840,PO-202602-000913,SUP-004,air,承运商20,苏州,WH-06,2026-02-17T05:14:00+08:00,2026-02-17T17:14:00+08:00,12,delivered,CG000000000840,92084.02,2026-06-15T06:36:00+08:00
SHP-0000841,PO-202602-001044,SUP-011,road,承运商20,杭州,WH-06,2026-02-28T03:23:00+08:00,2026-03-02T03:23:00+08:00,48,customs_hold,CG000000000841,5304.95,2026-06-15T05:43:00+08:00
SHP-0000842,PO-202511-000894,SUP-049,road,承运商06,苏州,WH-01,2025-11-17T17:18:00+08:00,2025-11-17T17:18:00+08:00,0,blocked,CG000000000842,58056.73,2026-06-14T22:14:00+08:00
SHP-0000843,PO-202511-001462,SUP-050,road,承运商15,成都,WH-06,2025-11-16T14:20:00+08:00,2025-11-17T02:20:00+08:00,12,delivered,CG000000000843,55827.68,2026-06-14T15:57:00+08:00
SHP-0000844,PO-202508-001656,SUP-016,sea,承运商24,东莞,WH-04,2025-08-08T04:17:00+08:00,2025-08-08T04:17:00+08:00,0,delivered,CG000000000844,17906.07,2026-06-14T08:00:00+08:00
SHP-0000845,PO-202603-000425,SUP-031,rail,承运商03,上海,WH-01,2026-03-21T21:20:00+08:00,2026-03-22T03:20:00+08:00,6,customs_hold,CG000000000845,67929.54,2026-06-14T10:37:00+08:00
SHP-0000846,PO-202512-000198,SUP-019,road,承运商12,武汉,WH-02,2025-12-15T11:24:00+08:00,2025-12-15T11:24:00+08:00,0,in_transit,CG000000000846,41103.43,2026-06-15T01:24:00+08:00
SHP-0000847,PO-202603-001279,SUP-011,sea,承运商20,东莞,WH-03,2026-03-09T09:43:00+08:00,2026-03-09T21:43:00+08:00,12,delayed,CG000000000847,36748.03,2026-06-14T21:57:00+08:00
SHP-0000848,PO-202510-000139,SUP-030,rail,承运商04,杭州,WH-02,2025-10-12T18:38:00+08:00,2025-10-14T18:38:00+08:00,48,delivered,CG000000000848,7145.85,2026-06-15T02:26:00+08:00
SHP-0000849,PO-202512-001237,SUP-047,air,承运商20,苏州,WH-01,2025-12-25T11:44:00+08:00,2025-12-25T23:44:00+08:00,12,in_transit,CG000000000849,28564.56,2026-06-15T01:00:00+08:00
SHP-0000850,PO-202604-001677,SUP-013,sea,承运商10,天津,WH-02,2026-04-21T13:42:00+08:00,2026-04-23T13:42:00+08:00,48,delivered,CG000000000850,55103.48,2026-06-14T12:38:00+08:00
SHP-0000851,PO-202601-001010,SUP-054,road,承运商09,东莞,WH-01,2026-01-29T19:32:00+08:00,2026-01-29T19:32:00+08:00,0,delivered,CG000000000851,35207.24,2026-06-15T03:23:00+08:00
SHP-0000852,PO-202507-000473,SUP-060,road,承运商16,成都,WH-04,2025-07-29T13:25:00+08:00,2025-07-29T13:25:00+08:00,0,in_transit,CG000000000852,20308.08,2026-06-14T20:45:00+08:00
SHP-0000853,PO-202511-001770,SUP-023,road,承运商20,苏州,WH-01,2025-11-04T09:20:00+08:00,2025-11-04T15:20:00+08:00,6,delayed,CG000000000853,35675.97,2026-06-14T21:08:00+08:00
SHP-0000854,PO-202508-001001,SUP-027,rail,承运商09,合肥,WH-03,2025-08-16T04:35:00+08:00,2025-08-17T04:35:00+08:00,24,in_transit,CG000000000854,34198.95,2026-06-14T16:41:00+08:00
SHP-0000855,PO-202508-000819,SUP-036,rail,承运商07,杭州,WH-04,2025-08-19T18:18:00+08:00,2025-08-20T06:18:00+08:00,12,delayed,CG000000000855,54072.42,2026-06-14T10:18:00+08:00
SHP-0000856,PO-202604-001101,SUP-020,sea,承运商08,成都,WH-02,2026-05-01T06:33:00+08:00,2026-05-01T06:33:00+08:00,0,in_transit,CG000000000856,36054.32,2026-06-15T06:34:00+08:00
SHP-0000857,PO-202507-001471,SUP-041,rail,承运商07,苏州,WH-05,2025-07-17T03:02:00+08:00,2025-07-18T03:02:00+08:00,24,blocked,CG000000000857,35963.32,2026-06-15T06:11:00+08:00
SHP-0000858,PO-202509-001761,SUP-047,rail,承运商14,武汉,WH-02,2025-09-09T03:11:00+08:00,2025-09-09T03:11:00+08:00,0,in_transit,CG000000000858,21038.71,2026-06-15T00:58:00+08:00
SHP-0000859,PO-202506-000075,SUP-035,rail,承运商08,上海,WH-06,2025-06-30T07:15:00+08:00,2025-06-30T07:15:00+08:00,0,delivered,CG000000000859,2221.29,2026-06-15T03:22:00+08:00
SHP-0000860,PO-202508-000180,SUP-017,sea,承运商13,宁波,WH-04,2025-08-12T00:06:00+08:00,2025-08-12T00:06:00+08:00,0,delayed,CG000000000860,23637.35,2026-06-14T16:45:00+08:00
SHP-0000861,PO-202605-000404,SUP-052,rail,承运商05,宁波,WH-04,2026-05-25T11:52:00+08:00,2026-05-25T11:52:00+08:00,0,delivered,CG000000000861,46177.53,2026-06-14T13:37:00+08:00
SHP-0000862,PO-202605-000111,SUP-021,road,承运商24,成都,WH-06,2026-05-20T09:48:00+08:00,2026-05-20T21:48:00+08:00,12,delivered,CG000000000862,23768.03,2026-06-14T10:57:00+08:00
SHP-0000863,PO-202604-000264,SUP-055,rail,承运商12,合肥,WH-03,2026-04-06T20:51:00+08:00,2026-04-08T20:51:00+08:00,48,delayed,CG000000000863,28570.37,2026-06-14T14:43:00+08:00
SHP-0000864,PO-202605-001212,SUP-021,road,承运商20,杭州,WH-04,2026-05-29T12:54:00+08:00,2026-05-29T12:54:00+08:00,0,delivered,CG000000000864,59406.82,2026-06-14T19:03:00+08:00
SHP-0000865,PO-202510-001626,SUP-047,road,承运商16,成都,WH-06,2025-10-12T13:48:00+08:00,2025-10-12T13:48:00+08:00,0,in_transit,CG000000000865,34901.7,2026-06-14T20:43:00+08:00
SHP-0000866,PO-202507-001398,SUP-057,road,承运商03,武汉,WH-04,2025-07-24T09:06:00+08:00,2025-07-24T09:06:00+08:00,0,in_transit,CG000000000866,19462.99,2026-06-14T10:43:00+08:00
SHP-0000867,PO-202509-001035,SUP-020,sea,承运商20,上海,WH-05,2025-09-20T22:55:00+08:00,2025-09-23T22:55:00+08:00,72,in_transit,CG000000000867,31630.93,2026-06-14T16:53:00+08:00
SHP-0000868,PO-202602-000131,SUP-038,sea,承运商15,上海,WH-04,2026-02-19T13:15:00+08:00,2026-02-20T01:15:00+08:00,12,delivered,CG000000000868,10644.67,2026-06-14T08:16:00+08:00
SHP-0000869,PO-202511-000585,SUP-004,rail,承运商15,东莞,WH-05,2025-11-22T18:24:00+08:00,2025-11-22T18:24:00+08:00,0,in_transit,CG000000000869,8908.4,2026-06-15T06:07:00+08:00
SHP-0000870,PO-202602-000133,SUP-003,road,承运商13,宁波,WH-03,2026-02-12T16:28:00+08:00,2026-02-12T16:28:00+08:00,0,blocked,CG000000000870,21770.46,2026-06-14T12:27:00+08:00
SHP-0000871,PO-202601-000757,SUP-002,sea,承运商21,杭州,WH-03,2026-02-03T08:21:00+08:00,2026-02-03T08:21:00+08:00,0,in_transit,CG000000000871,59540.71,2026-06-14T09:38:00+08:00
SHP-0000872,PO-202604-001233,SUP-010,rail,承运商10,武汉,WH-01,2026-04-20T13:05:00+08:00,2026-04-20T13:05:00+08:00,0,customs_hold,CG000000000872,12073.22,2026-06-14T08:58:00+08:00
SHP-0000873,PO-202508-001696,SUP-026,road,承运商12,成都,WH-02,2025-09-03T22:15:00+08:00,2025-09-04T22:15:00+08:00,24,delivered,CG000000000873,30671.17,2026-06-14T20:22:00+08:00
SHP-0000874,PO-202506-001094,SUP-016,sea,承运商03,苏州,WH-06,2025-06-26T17:25:00+08:00,2025-06-26T23:25:00+08:00,6,delayed,CG000000000874,53186.87,2026-06-14T17:34:00+08:00
SHP-0000875,PO-202507-000430,SUP-001,road,承运商09,成都,WH-04,2025-07-06T11:43:00+08:00,2025-07-09T11:43:00+08:00,72,in_transit,CG000000000875,35207.12,2026-06-15T03:18:00+08:00
SHP-0000876,PO-202509-001724,SUP-019,air,承运商19,武汉,WH-05,2025-09-10T08:33:00+08:00,2025-09-10T14:33:00+08:00,6,delivered,CG000000000876,137948.75,2026-06-14T12:22:00+08:00
SHP-0000877,PO-202601-001134,SUP-034,road,承运商05,成都,WH-02,2026-01-06T06:21:00+08:00,2026-01-06T06:21:00+08:00,0,delayed,CG000000000877,30651.03,2026-06-14T23:29:00+08:00
SHP-0000878,PO-202508-001561,SUP-047,rail,承运商05,上海,WH-04,2025-08-11T15:50:00+08:00,2025-08-11T15:50:00+08:00,0,blocked,CG000000000878,64425.45,2026-06-14T09:21:00+08:00
SHP-0000879,PO-202601-000506,SUP-026,sea,承运商16,苏州,WH-04,2026-01-27T11:16:00+08:00,2026-01-27T23:16:00+08:00,12,delivered,CG000000000879,43027.4,2026-06-14T18:55:00+08:00
SHP-0000880,PO-202606-000983,SUP-007,road,承运商13,宁波,WH-01,2026-06-18T21:00:00+08:00,2026-06-18T21:00:00+08:00,0,delivered,CG000000000880,12341.26,2026-06-15T07:28:00+08:00
SHP-0000881,PO-202512-000958,SUP-005,sea,承运商24,青岛,WH-06,2025-12-28T05:36:00+08:00,2025-12-28T05:36:00+08:00,0,delivered,CG000000000881,51982.88,2026-06-14T15:30:00+08:00
SHP-0000882,PO-202605-001219,SUP-050,sea,承运商05,东莞,WH-05,2026-05-05T10:16:00+08:00,2026-05-05T10:16:00+08:00,0,delivered,CG000000000882,29055.32,2026-06-14T12:50:00+08:00
SHP-0000883,PO-202604-000718,SUP-025,sea,承运商01,东莞,WH-05,2026-04-13T15:00:00+08:00,2026-04-14T15:00:00+08:00,24,in_transit,CG000000000883,20376.75,2026-06-14T22:53:00+08:00
SHP-0000884,PO-202512-001593,SUP-057,air,承运商01,东莞,WH-05,2025-12-24T14:48:00+08:00,2025-12-24T14:48:00+08:00,0,delivered,CG000000000884,52523.69,2026-06-14T13:24:00+08:00
SHP-0000885,PO-202507-001517,SUP-057,road,承运商24,宁波,WH-03,2025-07-15T01:44:00+08:00,2025-07-15T13:44:00+08:00,12,delivered,CG000000000885,44488.17,2026-06-14T10:03:00+08:00
SHP-0000886,PO-202507-000391,SUP-056,road,承运商04,天津,WH-05,2025-07-17T20:41:00+08:00,2025-07-17T20:41:00+08:00,0,blocked,CG000000000886,43743.94,2026-06-14T11:16:00+08:00
SHP-0000887,PO-202512-000076,SUP-026,road,承运商18,上海,WH-03,2026-01-02T20:12:00+08:00,2026-01-02T20:12:00+08:00,0,delivered,CG000000000887,24726.46,2026-06-14T14:51:00+08:00
SHP-0000888,PO-202603-000178,SUP-045,rail,承运商02,上海,WH-01,2026-03-20T20:46:00+08:00,2026-03-22T20:46:00+08:00,48,delivered,CG000000000888,4630.11,2026-06-14T14:49:00+08:00
SHP-0000889,PO-202510-000591,SUP-049,sea,承运商20,杭州,WH-05,2025-10-17T20:59:00+08:00,2025-10-17T20:59:00+08:00,0,blocked,CG000000000889,5504.35,2026-06-14T18:08:00+08:00
SHP-0000890,PO-202508-000383,SUP-060,sea,承运商13,苏州,WH-02,2025-08-09T13:06:00+08:00,2025-08-11T13:06:00+08:00,48,delayed,CG000000000890,17622.26,2026-06-14T16:59:00+08:00
SHP-0000891,PO-202511-000575,SUP-001,rail,承运商12,东莞,WH-03,2025-11-07T07:01:00+08:00,2025-11-07T07:01:00+08:00,0,delayed,CG000000000891,59878.41,2026-06-14T14:48:00+08:00
SHP-0000892,PO-202512-000673,SUP-060,road,承运商10,东莞,WH-05,2025-12-30T13:44:00+08:00,2025-12-31T01:44:00+08:00,12,in_transit,CG000000000892,46098.0,2026-06-14T13:39:00+08:00
SHP-0000893,PO-202603-001659,SUP-053,rail,承运商21,青岛,WH-01,2026-03-12T15:01:00+08:00,2026-03-12T21:01:00+08:00,6,delivered,CG000000000893,58321.32,2026-06-14T12:14:00+08:00
SHP-0000894,PO-202510-000645,SUP-001,road,承运商09,成都,WH-04,2025-10-19T11:00:00+08:00,2025-10-19T11:00:00+08:00,0,in_transit,CG000000000894,14732.34,2026-06-15T03:31:00+08:00
SHP-0000895,PO-202604-000273,SUP-032,road,承运商15,合肥,WH-04,2026-04-16T23:50:00+08:00,2026-04-16T23:50:00+08:00,0,delivered,CG000000000895,65157.93,2026-06-14T16:06:00+08:00
SHP-0000896,PO-202601-001241,SUP-028,road,承运商16,武汉,WH-05,2026-01-13T02:40:00+08:00,2026-01-13T02:40:00+08:00,0,delivered,CG000000000896,10698.07,2026-06-14T13:57:00+08:00
SHP-0000897,PO-202605-000488,SUP-037,sea,承运商20,合肥,WH-05,2026-05-09T21:38:00+08:00,2026-05-09T21:38:00+08:00,0,in_transit,CG000000000897,9642.36,2026-06-14T13:27:00+08:00
SHP-0000898,PO-202510-001794,SUP-045,sea,承运商12,成都,WH-04,2025-10-13T01:47:00+08:00,2025-10-13T01:47:00+08:00,0,delayed,CG000000000898,1956.01,2026-06-14T20:46:00+08:00
SHP-0000899,PO-202508-000636,SUP-055,sea,承运商10,天津,WH-03,2025-08-14T20:47:00+08:00,2025-08-16T20:47:00+08:00,48,delivered,CG000000000899,17943.89,2026-06-14T11:48:00+08:00
SHP-0000900,PO-202512-001692,SUP-047,rail,承运商24,苏州,WH-04,2025-12-13T22:25:00+08:00,2025-12-13T22:25:00+08:00,0,delayed,CG000000000900,58767.96,2026-06-14T10:12:00+08:00
SHP-0000901,PO-202507-000577,SUP-007,air,承运商03,青岛,WH-01,2025-07-21T22:55:00+08:00,2025-07-22T10:55:00+08:00,12,delivered,CG000000000901,98401.7,2026-06-14T20:45:00+08:00
SHP-0000902,PO-202509-000604,SUP-015,sea,承运商02,合肥,WH-06,2025-09-17T04:56:00+08:00,2025-09-17T10:56:00+08:00,6,delayed,CG000000000902,9063.68,2026-06-15T02:48:00+08:00
SHP-0000903,PO-202510-001117,SUP-031,rail,承运商12,苏州,WH-03,2025-10-21T04:48:00+08:00,2025-10-22T04:48:00+08:00,24,in_transit,CG000000000903,55868.26,2026-06-14T13:57:00+08:00
SHP-0000904,PO-202603-001648,SUP-022,rail,承运商17,合肥,WH-02,2026-03-25T22:18:00+08:00,2026-03-26T04:18:00+08:00,6,delivered,CG000000000904,10740.17,2026-06-14T22:28:00+08:00
SHP-0000905,PO-202510-001525,SUP-045,road,承运商21,青岛,WH-05,2025-10-26T06:58:00+08:00,2025-10-26T06:58:00+08:00,0,customs_hold,CG000000000905,3972.35,2026-06-14T23:11:00+08:00
SHP-0000906,PO-202604-000734,SUP-035,rail,承运商02,青岛,WH-02,2026-04-14T10:31:00+08:00,2026-04-14T10:31:00+08:00,0,delivered,CG000000000906,7671.6,2026-06-14T23:01:00+08:00
SHP-0000907,PO-202511-000074,SUP-004,road,承运商09,青岛,WH-04,2025-11-06T07:00:00+08:00,2025-11-06T07:00:00+08:00,0,delivered,CG000000000907,24236.08,2026-06-14T19:55:00+08:00
SHP-0000908,PO-202509-001682,SUP-001,sea,承运商23,宁波,WH-06,2025-09-19T04:34:00+08:00,2025-09-19T04:34:00+08:00,0,in_transit,CG000000000908,47200.72,2026-06-14T09:32:00+08:00
SHP-0000909,PO-202512-001088,SUP-042,road,承运商16,青岛,WH-04,2026-01-04T08:00:00+08:00,2026-01-05T08:00:00+08:00,24,delivered,CG000000000909,20974.9,2026-06-14T22:40:00+08:00
SHP-0000910,PO-202511-001670,SUP-030,sea,承运商24,杭州,WH-05,2025-12-04T21:10:00+08:00,2025-12-04T21:10:00+08:00,0,delivered,CG000000000910,33886.28,2026-06-14T09:06:00+08:00
SHP-0000911,PO-202509-000497,SUP-046,rail,承运商10,合肥,WH-04,2025-10-01T04:46:00+08:00,2025-10-01T04:46:00+08:00,0,delivered,CG000000000911,21080.44,2026-06-15T00:24:00+08:00
SHP-0000912,PO-202510-001240,SUP-044,sea,承运商04,合肥,WH-03,2025-10-04T20:40:00+08:00,2025-10-04T20:40:00+08:00,0,delivered,CG000000000912,65400.71,2026-06-14T22:53:00+08:00
SHP-0000913,PO-202508-001799,SUP-048,road,承运商22,杭州,WH-03,2025-08-13T09:39:00+08:00,2025-08-13T09:39:00+08:00,0,in_transit,CG000000000913,54453.55,2026-06-15T03:32:00+08:00
SHP-0000914,PO-202511-001209,SUP-001,road,承运商05,合肥,WH-01,2025-11-26T02:22:00+08:00,2025-11-26T02:22:00+08:00,0,delayed,CG000000000914,60942.94,2026-06-14T14:20:00+08:00
SHP-0000915,PO-202510-001525,SUP-045,air,承运商04,杭州,WH-05,2025-10-26T06:58:00+08:00,2025-10-26T06:58:00+08:00,0,delivered,CG000000000915,59358.88,2026-06-15T01:52:00+08:00
SHP-0000916,PO-202602-001324,SUP-006,road,承运商01,杭州,WH-05,2026-02-07T18:30:00+08:00,2026-02-07T18:30:00+08:00,0,delayed,CG000000000916,55132.13,2026-06-15T06:04:00+08:00
SHP-0000917,PO-202508-001269,SUP-013,sea,承运商14,青岛,WH-03,2025-08-28T16:50:00+08:00,2025-08-29T04:50:00+08:00,12,delivered,CG000000000917,31066.38,2026-06-15T05:21:00+08:00
SHP-0000918,PO-202606-001126,SUP-004,rail,承运商12,天津,WH-02,2026-06-14T18:35:00+08:00,2026-06-14T18:35:00+08:00,0,delivered,CG000000000918,8311.28,2026-06-14T14:12:00+08:00
SHP-0000919,PO-202509-001119,SUP-045,road,承运商23,成都,WH-02,2025-09-21T14:34:00+08:00,2025-09-21T14:34:00+08:00,0,delivered,CG000000000919,14513.43,2026-06-15T02:08:00+08:00
SHP-0000920,PO-202506-001094,SUP-016,road,承运商02,合肥,WH-04,2025-06-26T17:25:00+08:00,2025-06-26T17:25:00+08:00,0,delayed,CG000000000920,14869.95,2026-06-14T21:12:00+08:00
SHP-0000921,PO-202507-000140,SUP-044,sea,承运商22,青岛,WH-02,2025-07-11T23:43:00+08:00,2025-07-14T23:43:00+08:00,72,in_transit,CG000000000921,40619.95,2026-06-14T17:57:00+08:00
SHP-0000922,PO-202604-000790,SUP-006,road,承运商03,东莞,WH-01,2026-05-01T17:48:00+08:00,2026-05-01T17:48:00+08:00,0,delivered,CG000000000922,13997.1,2026-06-14T15:09:00+08:00
SHP-0000923,PO-202606-001558,SUP-033,air,承运商07,苏州,WH-01,2026-06-05T19:30:00+08:00,2026-06-05T19:30:00+08:00,0,delivered,CG000000000923,41405.83,2026-06-14T19:31:00+08:00
SHP-0000924,PO-202603-000629,SUP-036,road,承运商12,东莞,WH-02,2026-03-27T17:02:00+08:00,2026-03-27T17:02:00+08:00,0,customs_hold,CG000000000924,60441.5,2026-06-14T22:03:00+08:00
SHP-0000925,PO-202603-000465,SUP-057,air,承运商20,上海,WH-03,2026-03-11T15:07:00+08:00,2026-03-12T15:07:00+08:00,24,delivered,CG000000000925,46918.02,2026-06-14T09:25:00+08:00
SHP-0000926,PO-202507-001397,SUP-002,road,承运商08,成都,WH-06,2025-07-30T15:14:00+08:00,2025-07-31T15:14:00+08:00,24,delivered,CG000000000926,3574.4,2026-06-15T05:39:00+08:00
SHP-0000927,PO-202508-001318,SUP-023,sea,承运商15,东莞,WH-01,2025-08-28T12:35:00+08:00,2025-08-28T12:35:00+08:00,0,delivered,CG000000000927,50848.77,2026-06-14T11:04:00+08:00
SHP-0000928,PO-202512-001447,SUP-039,road,承运商12,合肥,WH-01,2026-01-01T18:25:00+08:00,2026-01-03T18:25:00+08:00,48,delivered,CG000000000928,55863.03,2026-06-15T01:51:00+08:00
SHP-0000929,PO-202512-000754,SUP-055,road,承运商10,成都,WH-04,2026-01-04T21:21:00+08:00,2026-01-04T21:21:00+08:00,0,in_transit,CG000000000929,25471.57,2026-06-14T13:29:00+08:00
SHP-0000930,PO-202603-000647,SUP-060,road,承运商02,天津,WH-01,2026-03-28T10:49:00+08:00,2026-03-28T10:49:00+08:00,0,delivered,CG000000000930,47292.39,2026-06-14T16:34:00+08:00
SHP-0000931,PO-202510-000504,SUP-026,road,承运商16,杭州,WH-06,2025-10-16T12:26:00+08:00,2025-10-18T12:26:00+08:00,48,in_transit,CG000000000931,38306.36,2026-06-14T23:15:00+08:00
SHP-0000932,PO-202510-001310,SUP-021,road,承运商24,合肥,WH-05,2025-10-11T15:52:00+08:00,2025-10-12T15:52:00+08:00,24,delivered,CG000000000932,46565.13,2026-06-14T21:28:00+08:00
SHP-0000933,PO-202602-000429,SUP-059,air,承运商24,武汉,WH-03,2026-02-09T15:11:00+08:00,2026-02-10T15:11:00+08:00,24,delivered,CG000000000933,57189.68,2026-06-15T07:55:00+08:00
SHP-0000934,PO-202508-001561,SUP-047,road,承运商12,青岛,WH-03,2025-08-11T15:50:00+08:00,2025-08-14T15:50:00+08:00,72,in_transit,CG000000000934,62438.1,2026-06-15T03:54:00+08:00
SHP-0000935,PO-202604-000046,SUP-060,road,承运商24,合肥,WH-05,2026-04-20T17:00:00+08:00,2026-04-20T17:00:00+08:00,0,delivered,CG000000000935,9218.19,2026-06-14T11:23:00+08:00
SHP-0000936,PO-202510-001184,SUP-043,sea,承运商14,合肥,WH-03,2025-10-09T01:22:00+08:00,2025-10-09T01:22:00+08:00,0,blocked,CG000000000936,5055.82,2026-06-14T08:38:00+08:00
SHP-0000937,PO-202509-000417,SUP-014,road,承运商22,青岛,WH-02,2025-09-18T03:58:00+08:00,2025-09-18T15:58:00+08:00,12,delivered,CG000000000937,12025.87,2026-06-15T07:52:00+08:00
SHP-0000938,PO-202508-001069,SUP-028,air,承运商21,成都,WH-04,2025-08-13T17:32:00+08:00,2025-08-15T17:32:00+08:00,48,customs_hold,CG000000000938,97861.83,2026-06-14T16:35:00+08:00
SHP-0000939,PO-202511-000738,SUP-019,road,承运商19,天津,WH-02,2025-11-23T09:31:00+08:00,2025-11-25T09:31:00+08:00,48,in_transit,CG000000000939,15792.96,2026-06-15T06:11:00+08:00
SHP-0000940,PO-202507-000989,SUP-055,sea,承运商02,东莞,WH-01,2025-07-31T12:57:00+08:00,2025-07-31T18:57:00+08:00,6,delivered,CG000000000940,33645.88,2026-06-14T10:41:00+08:00
SHP-0000941,PO-202605-000297,SUP-054,sea,承运商04,宁波,WH-06,2026-05-19T18:30:00+08:00,2026-05-19T18:30:00+08:00,0,delayed,CG000000000941,28555.28,2026-06-14T14:52:00+08:00
SHP-0000942,PO-202605-000974,SUP-057,road,承运商13,苏州,WH-04,2026-05-20T23:32:00+08:00,2026-05-21T23:32:00+08:00,24,delayed,CG000000000942,16643.64,2026-06-14T18:25:00+08:00
SHP-0000943,PO-202508-001144,SUP-034,road,承运商07,苏州,WH-06,2025-08-06T22:54:00+08:00,2025-08-07T04:54:00+08:00,6,delayed,CG000000000943,14095.46,2026-06-14T21:11:00+08:00
SHP-0000944,PO-202509-000280,SUP-042,road,承运商20,合肥,WH-04,2025-09-26T06:29:00+08:00,2025-09-26T06:29:00+08:00,0,delivered,CG000000000944,50666.46,2026-06-14T20:52:00+08:00
SHP-0000945,PO-202511-000437,SUP-045,sea,承运商23,成都,WH-01,2025-12-02T18:59:00+08:00,2025-12-02T18:59:00+08:00,0,delivered,CG000000000945,2541.55,2026-06-15T02:55:00+08:00
SHP-0000946,PO-202603-000675,SUP-028,sea,承运商03,合肥,WH-02,2026-03-22T23:36:00+08:00,2026-03-24T23:36:00+08:00,48,in_transit,CG000000000946,11954.2,2026-06-15T07:38:00+08:00
SHP-0000947,PO-202506-001415,SUP-051,air,承运商01,合肥,WH-01,2025-06-30T08:21:00+08:00,2025-06-30T20:21:00+08:00,12,delivered,CG000000000947,70849.3,2026-06-14T16:00:00+08:00
SHP-0000948,PO-202512-001698,SUP-005,sea,承运商04,成都,WH-03,2025-12-21T12:47:00+08:00,2025-12-22T12:47:00+08:00,24,delivered,CG000000000948,3459.39,2026-06-15T03:05:00+08:00
SHP-0000949,PO-202604-001349,SUP-012,rail,承运商14,武汉,WH-03,2026-04-18T05:51:00+08:00,2026-04-18T05:51:00+08:00,0,delivered,CG000000000949,45793.92,2026-06-15T04:57:00+08:00
SHP-0000950,PO-202602-001486,SUP-028,air,承运商13,成都,WH-01,2026-02-11T23:58:00+08:00,2026-02-11T23:58:00+08:00,0,in_transit,CG000000000950,97788.52,2026-06-14T17:16:00+08:00
SHP-0000951,PO-202604-000732,SUP-026,road,承运商01,成都,WH-03,2026-04-15T21:26:00+08:00,2026-04-16T03:26:00+08:00,6,delayed,CG000000000951,23959.27,2026-06-14T18:36:00+08:00
SHP-0000952,PO-202511-001691,SUP-041,road,承运商06,杭州,WH-03,2025-11-10T08:29:00+08:00,2025-11-12T08:29:00+08:00,48,delivered,CG000000000952,63496.24,2026-06-14T13:33:00+08:00
SHP-0000953,PO-202512-001488,SUP-029,road,承运商21,东莞,WH-05,2026-01-04T09:00:00+08:00,2026-01-04T09:00:00+08:00,0,delivered,CG000000000953,55088.33,2026-06-14T16:38:00+08:00
SHP-0000954,PO-202510-000852,SUP-046,air,承运商11,天津,WH-04,2025-10-28T03:23:00+08:00,2025-10-28T09:23:00+08:00,6,delivered,CG000000000954,115213.51,2026-06-15T04:18:00+08:00
SHP-0000955,PO-202510-001240,SUP-044,road,承运商11,苏州,WH-04,2025-10-04T20:40:00+08:00,2025-10-04T20:40:00+08:00,0,delivered,CG000000000955,48620.76,2026-06-14T12:21:00+08:00
SHP-0000956,PO-202510-000906,SUP-036,air,承运商08,宁波,WH-04,2025-10-13T14:26:00+08:00,2025-10-14T02:26:00+08:00,12,delayed,CG000000000956,57172.14,2026-06-14T10:31:00+08:00
SHP-0000957,PO-202509-001150,SUP-035,sea,承运商05,苏州,WH-03,2025-09-21T04:33:00+08:00,2025-09-21T04:33:00+08:00,0,delivered,CG000000000957,46195.9,2026-06-15T04:57:00+08:00
SHP-0000958,PO-202508-000224,SUP-007,road,承运商22,杭州,WH-04,2025-08-20T03:24:00+08:00,2025-08-21T03:24:00+08:00,24,delayed,CG000000000958,45860.05,2026-06-14T18:28:00+08:00
SHP-0000959,PO-202507-000826,SUP-022,road,承运商13,合肥,WH-05,2025-07-13T11:19:00+08:00,2025-07-13T11:19:00+08:00,0,customs_hold,CG000000000959,28590.29,2026-06-14T21:46:00+08:00
SHP-0000960,PO-202604-000648,SUP-018,air,承运商12,天津,WH-05,2026-05-06T10:43:00+08:00,2026-05-06T16:43:00+08:00,6,delivered,CG000000000960,72846.43,2026-06-14T08:21:00+08:00
SHP-0000961,PO-202605-000389,SUP-028,rail,承运商05,武汉,WH-05,2026-05-29T19:26:00+08:00,2026-05-30T19:26:00+08:00,24,customs_hold,CG000000000961,63101.1,2026-06-14T12:10:00+08:00
SHP-0000962,PO-202510-000708,SUP-035,rail,承运商11,东莞,WH-04,2025-10-17T17:27:00+08:00,2025-10-17T17:27:00+08:00,0,delivered,CG000000000962,4295.59,2026-06-14T09:38:00+08:00
SHP-0000963,PO-202507-001591,SUP-001,road,承运商11,青岛,WH-04,2025-07-14T14:10:00+08:00,2025-07-14T20:10:00+08:00,6,delivered,CG000000000963,64139.11,2026-06-14T20:30:00+08:00
SHP-0000964,PO-202602-000316,SUP-004,road,承运商10,青岛,WH-03,2026-02-20T00:01:00+08:00,2026-02-20T00:01:00+08:00,0,in_transit,CG000000000964,29979.32,2026-06-14T18:47:00+08:00
SHP-0000965,PO-202510-001452,SUP-028,road,承运商10,宁波,WH-02,2025-11-02T11:44:00+08:00,2025-11-02T11:44:00+08:00,0,delivered,CG000000000965,56173.44,2026-06-14T14:12:00+08:00
SHP-0000966,PO-202508-000740,SUP-048,sea,承运商21,武汉,WH-06,2025-08-13T01:56:00+08:00,2025-08-14T01:56:00+08:00,24,blocked,CG000000000966,5840.92,2026-06-15T06:09:00+08:00
SHP-0000967,PO-202601-001051,SUP-058,road,承运商17,武汉,WH-04,2026-01-29T18:13:00+08:00,2026-01-29T18:13:00+08:00,0,delayed,CG000000000967,64913.14,2026-06-14T09:24:00+08:00
SHP-0000968,PO-202510-001527,SUP-039,road,承运商10,青岛,WH-04,2025-11-05T21:13:00+08:00,2025-11-06T03:13:00+08:00,6,in_transit,CG000000000968,9381.19,2026-06-14T14:49:00+08:00
SHP-0000969,PO-202605-000090,SUP-056,sea,承运商12,上海,WH-01,2026-05-23T16:18:00+08:00,2026-05-23T16:18:00+08:00,0,delivered,CG000000000969,40279.84,2026-06-15T01:51:00+08:00
SHP-0000970,PO-202506-001448,SUP-055,road,承运商07,青岛,WH-04,2025-06-27T17:30:00+08:00,2025-06-29T17:30:00+08:00,48,in_transit,CG000000000970,19879.15,2026-06-15T05:01:00+08:00
SHP-0000971,PO-202511-000234,SUP-045,road,承运商15,天津,WH-03,2025-11-20T12:47:00+08:00,2025-11-21T12:47:00+08:00,24,delivered,CG000000000971,64521.08,2026-06-15T07:52:00+08:00
SHP-0000972,PO-202604-000273,SUP-032,road,承运商13,青岛,WH-05,2026-04-16T23:50:00+08:00,2026-04-16T23:50:00+08:00,0,in_transit,CG000000000972,13404.85,2026-06-14T11:23:00+08:00
SHP-0000973,PO-202511-001770,SUP-023,road,承运商20,杭州,WH-01,2025-11-04T09:20:00+08:00,2025-11-04T09:20:00+08:00,0,in_transit,CG000000000973,55115.46,2026-06-15T02:30:00+08:00
SHP-0000974,PO-202603-001271,SUP-038,sea,承运商18,宁波,WH-05,2026-04-03T15:20:00+08:00,2026-04-04T03:20:00+08:00,12,delayed,CG000000000974,64412.8,2026-06-15T05:27:00+08:00
SHP-0000975,PO-202508-000531,SUP-044,road,承运商10,苏州,WH-05,2025-08-23T00:57:00+08:00,2025-08-23T12:57:00+08:00,12,delivered,CG000000000975,38448.43,2026-06-14T21:08:00+08:00
SHP-0000976,PO-202601-001549,SUP-029,road,承运商03,上海,WH-03,2026-01-17T00:25:00+08:00,2026-01-17T00:25:00+08:00,0,delivered,CG000000000976,34763.9,2026-06-14T23:08:00+08:00
SHP-0000977,PO-202604-001101,SUP-020,road,承运商11,杭州,WH-05,2026-05-01T06:33:00+08:00,2026-05-01T12:33:00+08:00,6,in_transit,CG000000000977,32413.91,2026-06-14T08:22:00+08:00
SHP-0000978,PO-202512-001575,SUP-035,rail,承运商09,天津,WH-01,2025-12-29T16:56:00+08:00,2025-12-29T16:56:00+08:00,0,in_transit,CG000000000978,45674.14,2026-06-15T04:09:00+08:00
SHP-0000979,PO-202509-000294,SUP-051,sea,承运商07,东莞,WH-02,2025-09-26T23:36:00+08:00,2025-09-26T23:36:00+08:00,0,delivered,CG000000000979,62859.06,2026-06-14T16:45:00+08:00
SHP-0000980,PO-202601-001388,SUP-044,road,承运商21,杭州,WH-02,2026-01-22T11:39:00+08:00,2026-01-25T11:39:00+08:00,72,in_transit,CG000000000980,15976.07,2026-06-15T02:56:00+08:00
SHP-0000981,PO-202507-001077,SUP-040,road,承运商17,武汉,WH-06,2025-07-23T21:07:00+08:00,2025-07-23T21:07:00+08:00,0,delivered,CG000000000981,66901.56,2026-06-15T03:49:00+08:00
SHP-0000982,PO-202602-000194,SUP-025,rail,承运商19,杭州,WH-05,2026-02-13T04:16:00+08:00,2026-02-13T10:16:00+08:00,6,delivered,CG000000000982,42782.84,2026-06-14T23:27:00+08:00
SHP-0000983,PO-202605-000297,SUP-054,road,承运商23,苏州,WH-01,2026-05-19T18:30:00+08:00,2026-05-20T00:30:00+08:00,6,in_transit,CG000000000983,28467.71,2026-06-15T07:55:00+08:00
SHP-0000984,PO-202601-000597,SUP-012,road,承运商10,上海,WH-01,2026-01-26T06:28:00+08:00,2026-01-26T06:28:00+08:00,0,in_transit,CG000000000984,17396.1,2026-06-14T19:07:00+08:00
SHP-0000985,PO-202604-001677,SUP-013,sea,承运商05,武汉,WH-06,2026-04-21T13:42:00+08:00,2026-04-21T13:42:00+08:00,0,delivered,CG000000000985,40278.91,2026-06-15T00:59:00+08:00
SHP-0000986,PO-202511-001108,SUP-032,sea,承运商12,成都,WH-02,2025-12-05T11:03:00+08:00,2025-12-05T23:03:00+08:00,12,delayed,CG000000000986,19048.74,2026-06-14T08:58:00+08:00
SHP-0000987,PO-202601-001022,SUP-017,road,承运商12,成都,WH-02,2026-02-05T07:50:00+08:00,2026-02-05T07:50:00+08:00,0,blocked,CG000000000987,12878.11,2026-06-14T13:06:00+08:00
SHP-0000988,PO-202510-000498,SUP-040,sea,承运商10,杭州,WH-02,2025-10-12T00:25:00+08:00,2025-10-12T00:25:00+08:00,0,delivered,CG000000000988,59180.55,2026-06-14T19:10:00+08:00
SHP-0000989,PO-202509-000101,SUP-036,sea,承运商04,成都,WH-06,2025-09-14T06:54:00+08:00,2025-09-14T12:54:00+08:00,6,delivered,CG000000000989,16834.35,2026-06-14T23:01:00+08:00
SHP-0000990,PO-202604-000870,SUP-056,road,承运商02,杭州,WH-03,2026-04-20T06:02:00+08:00,2026-04-20T06:02:00+08:00,0,delivered,CG000000000990,31047.18,2026-06-14T17:49:00+08:00
SHP-0000991,PO-202508-001555,SUP-037,air,承运商06,合肥,WH-06,2025-08-14T00:59:00+08:00,2025-08-14T00:59:00+08:00,0,blocked,CG000000000991,130378.8,2026-06-14T10:05:00+08:00
SHP-0000992,PO-202602-000444,SUP-019,sea,承运商07,东莞,WH-03,2026-02-27T16:35:00+08:00,2026-02-27T16:35:00+08:00,0,delayed,CG000000000992,13318.88,2026-06-15T07:45:00+08:00
SHP-0000993,PO-202512-000120,SUP-037,rail,承运商16,东莞,WH-05,2025-12-26T01:01:00+08:00,2025-12-26T01:01:00+08:00,0,in_transit,CG000000000993,34319.62,2026-06-14T15:57:00+08:00
SHP-0000994,PO-202601-000222,SUP-023,sea,承运商07,天津,WH-02,2026-02-02T10:03:00+08:00,2026-02-02T10:03:00+08:00,0,in_transit,CG000000000994,23905.84,2026-06-14T08:52:00+08:00
SHP-0000995,PO-202601-000506,SUP-026,road,承运商17,杭州,WH-02,2026-01-27T11:16:00+08:00,2026-01-27T23:16:00+08:00,12,delivered,CG000000000995,58033.79,2026-06-15T01:57:00+08:00
SHP-0000996,PO-202512-001285,SUP-012,sea,承运商07,成都,WH-01,2025-12-08T15:25:00+08:00,2025-12-08T21:25:00+08:00,6,delayed,CG000000000996,39307.05,2026-06-15T03:24:00+08:00
SHP-0000997,PO-202602-001787,SUP-048,road,承运商24,宁波,WH-04,2026-02-12T01:30:00+08:00,2026-02-12T01:30:00+08:00,0,in_transit,CG000000000997,57318.19,2026-06-15T05:10:00+08:00
SHP-0000998,PO-202602-001629,SUP-007,rail,承运商05,东莞,WH-03,2026-02-27T10:24:00+08:00,2026-02-27T10:24:00+08:00,0,in_transit,CG000000000998,42241.3,2026-06-15T04:15:00+08:00
SHP-0000999,PO-202507-001640,SUP-007,road,承运商21,杭州,WH-06,2025-07-14T00:36:00+08:00,2025-07-14T00:36:00+08:00,0,delayed,CG000000000999,41019.34,2026-06-14T23:59:00+08:00
SHP-0001000,PO-202602-001308,SUP-038,road,承运商16,成都,WH-06,2026-02-18T17:32:00+08:00,2026-02-18T17:32:00+08:00,0,delivered,CG000000001000,3829.95,2026-06-14T15:14:00+08:00
SHP-0001001,PO-202512-001665,SUP-057,road,承运商19,武汉,WH-02,2025-12-09T01:05:00+08:00,2025-12-09T01:05:00+08:00,0,delivered,CG000000001001,58348.77,2026-06-14T20:25:00+08:00
SHP-0001002,PO-202512-000779,SUP-015,road,承运商01,东莞,WH-02,2025-12-29T13:07:00+08:00,2025-12-29T13:07:00+08:00,0,delivered,CG000000001002,13879.98,2026-06-15T01:14:00+08:00
SHP-0001003,PO-202605-000890,SUP-056,road,承运商01,合肥,WH-01,2026-05-30T18:32:00+08:00,2026-05-30T18:32:00+08:00,0,delivered,CG000000001003,49285.28,2026-06-15T03:41:00+08:00
SHP-0001004,PO-202511-001650,SUP-012,road,承运商04,苏州,WH-02,2025-11-27T16:09:00+08:00,2025-11-27T16:09:00+08:00,0,blocked,CG000000001004,31755.51,2026-06-14T10:30:00+08:00
SHP-0001005,PO-202509-000886,SUP-041,road,承运商03,宁波,WH-03,2025-09-30T19:10:00+08:00,2025-09-30T19:10:00+08:00,0,customs_hold,CG000000001005,8938.09,2026-06-14T22:16:00+08:00
SHP-0001006,PO-202510-000639,SUP-035,road,承运商18,上海,WH-03,2025-10-09T19:06:00+08:00,2025-10-10T07:06:00+08:00,12,delayed,CG000000001006,25787.77,2026-06-15T02:55:00+08:00
SHP-0001007,PO-202506-000220,SUP-005,road,承运商22,武汉,WH-02,2025-06-26T21:47:00+08:00,2025-06-26T21:47:00+08:00,0,delayed,CG000000001007,47236.28,2026-06-15T01:00:00+08:00
SHP-0001008,PO-202605-001795,SUP-030,sea,承运商01,苏州,WH-01,2026-05-15T04:25:00+08:00,2026-05-17T04:25:00+08:00,48,delivered,CG000000001008,34367.42,2026-06-14T18:39:00+08:00
SHP-0001009,PO-202506-000690,SUP-039,air,承运商16,上海,WH-03,2025-06-25T06:04:00+08:00,2025-06-25T12:04:00+08:00,6,delivered,CG000000001009,149789.97,2026-06-14T18:10:00+08:00
SHP-0001010,PO-202507-000638,SUP-009,rail,承运商13,东莞,WH-04,2025-07-13T01:07:00+08:00,2025-07-13T01:07:00+08:00,0,delivered,CG000000001010,27147.71,2026-06-15T07:33:00+08:00
SHP-0001011,PO-202508-000521,SUP-048,rail,承运商03,合肥,WH-02,2025-08-06T14:43:00+08:00,2025-08-06T14:43:00+08:00,0,delivered,CG000000001011,29917.62,2026-06-15T03:43:00+08:00
SHP-0001012,PO-202507-001129,SUP-032,sea,承运商13,成都,WH-03,2025-07-26T17:17:00+08:00,2025-07-26T17:17:00+08:00,0,blocked,CG000000001012,40793.82,2026-06-14T11:26:00+08:00
SHP-0001013,PO-202602-001438,SUP-022,sea,承运商23,上海,WH-02,2026-02-12T13:33:00+08:00,2026-02-13T01:33:00+08:00,12,delivered,CG000000001013,48584.48,2026-06-14T14:20:00+08:00
SHP-0001014,PO-202604-001579,SUP-054,road,承运商01,武汉,WH-05,2026-04-11T06:38:00+08:00,2026-04-11T18:38:00+08:00,12,delivered,CG000000001014,32616.57,2026-06-14T09:42:00+08:00
SHP-0001015,PO-202508-001174,SUP-004,sea,承运商08,苏州,WH-04,2025-08-24T23:06:00+08:00,2025-08-24T23:06:00+08:00,0,blocked,CG000000001015,57925.93,2026-06-15T05:30:00+08:00
SHP-0001016,PO-202512-001007,SUP-042,road,承运商11,武汉,WH-05,2025-12-14T03:04:00+08:00,2025-12-14T03:04:00+08:00,0,customs_hold,CG000000001016,13625.25,2026-06-14T10:10:00+08:00
SHP-0001017,PO-202603-001271,SUP-038,road,承运商13,武汉,WH-01,2026-04-03T15:20:00+08:00,2026-04-03T15:20:00+08:00,0,delayed,CG000000001017,28160.14,2026-06-14T10:47:00+08:00
SHP-0001018,PO-202510-000569,SUP-041,rail,承运商10,武汉,WH-01,2025-10-24T15:40:00+08:00,2025-10-25T15:40:00+08:00,24,in_transit,CG000000001018,53305.79,2026-06-15T01:30:00+08:00
SHP-0001019,PO-202510-001449,SUP-016,sea,承运商19,苏州,WH-03,2025-10-17T11:18:00+08:00,2025-10-17T11:18:00+08:00,0,delivered,CG000000001019,24565.61,2026-06-14T14:04:00+08:00
SHP-0001020,PO-202601-001172,SUP-039,sea,承运商10,合肥,WH-01,2026-01-26T17:36:00+08:00,2026-01-26T17:36:00+08:00,0,customs_hold,CG000000001020,62362.18,2026-06-14T11:25:00+08:00
SHP-0001021,PO-202605-001326,SUP-027,sea,承运商19,宁波,WH-06,2026-05-15T19:38:00+08:00,2026-05-16T01:38:00+08:00,6,delivered,CG000000001021,4161.36,2026-06-14T18:57:00+08:00
SHP-0001022,PO-202603-001079,SUP-030,sea,承运商03,天津,WH-05,2026-03-14T16:14:00+08:00,2026-03-15T04:14:00+08:00,12,in_transit,CG000000001022,42607.59,2026-06-14T19:34:00+08:00
SHP-0001023,PO-202601-000920,SUP-034,road,承运商02,苏州,WH-02,2026-01-23T15:07:00+08:00,2026-01-23T15:07:00+08:00,0,in_transit,CG000000001023,30861.52,2026-06-15T05:30:00+08:00
SHP-0001024,PO-202601-001034,SUP-013,rail,承运商22,东莞,WH-04,2026-01-07T06:48:00+08:00,2026-01-08T06:48:00+08:00,24,in_transit,CG000000001024,14506.82,2026-06-14T23:35:00+08:00
SHP-0001025,PO-202508-000152,SUP-053,sea,承运商12,天津,WH-05,2025-08-26T05:11:00+08:00,2025-08-26T05:11:00+08:00,0,delayed,CG000000001025,14832.7,2026-06-14T12:14:00+08:00
SHP-0001026,PO-202508-000010,SUP-041,road,承运商13,青岛,WH-05,2025-08-08T08:52:00+08:00,2025-08-08T20:52:00+08:00,12,delivered,CG000000001026,31335.37,2026-06-14T11:57:00+08:00
SHP-0001027,PO-202510-000017,SUP-058,road,承运商12,青岛,WH-02,2025-10-31T15:33:00+08:00,2025-10-31T15:33:00+08:00,0,in_transit,CG000000001027,49811.79,2026-06-14T19:20:00+08:00
SHP-0001028,PO-202605-001317,SUP-054,road,承运商03,苏州,WH-06,2026-05-26T02:25:00+08:00,2026-05-27T02:25:00+08:00,24,delivered,CG000000001028,10934.38,2026-06-15T00:10:00+08:00
SHP-0001029,PO-202602-001337,SUP-035,rail,承运商09,青岛,WH-01,2026-02-24T05:35:00+08:00,2026-02-24T05:35:00+08:00,0,delivered,CG000000001029,27578.98,2026-06-14T14:22:00+08:00
SHP-0001030,PO-202507-001571,SUP-016,road,承运商17,青岛,WH-05,2025-07-15T04:54:00+08:00,2025-07-17T04:54:00+08:00,48,in_transit,CG000000001030,9241.67,2026-06-14T10:14:00+08:00
SHP-0001031,PO-202510-000387,SUP-036,rail,承运商02,武汉,WH-05,2025-10-12T00:16:00+08:00,2025-10-12T12:16:00+08:00,12,in_transit,CG000000001031,58252.49,2026-06-15T07:36:00+08:00
SHP-0001032,PO-202605-001228,SUP-037,road,承运商11,成都,WH-06,2026-05-13T18:55:00+08:00,2026-05-15T18:55:00+08:00,48,delayed,CG000000001032,25952.31,2026-06-14T22:29:00+08:00
SHP-0001033,PO-202601-000472,SUP-038,sea,承运商23,成都,WH-06,2026-01-24T02:01:00+08:00,2026-01-26T02:01:00+08:00,48,customs_hold,CG000000001033,66172.85,2026-06-14T12:02:00+08:00
SHP-0001034,PO-202508-000186,SUP-017,sea,承运商10,苏州,WH-05,2025-08-05T17:38:00+08:00,2025-08-08T17:38:00+08:00,72,delivered,CG000000001034,25428.47,2026-06-14T17:14:00+08:00
SHP-0001035,PO-202508-001179,SUP-035,rail,承运商11,天津,WH-04,2025-08-28T06:06:00+08:00,2025-08-28T18:06:00+08:00,12,delivered,CG000000001035,60719.82,2026-06-15T06:21:00+08:00
SHP-0001036,PO-202604-000627,SUP-059,sea,承运商24,合肥,WH-01,2026-04-13T11:14:00+08:00,2026-04-13T17:14:00+08:00,6,delivered,CG000000001036,15057.8,2026-06-15T06:39:00+08:00
SHP-0001037,PO-202509-001590,SUP-015,road,承运商21,上海,WH-04,2025-09-12T19:00:00+08:00,2025-09-13T19:00:00+08:00,24,delivered,CG000000001037,27474.68,2026-06-14T15:50:00+08:00
SHP-0001038,PO-202605-001104,SUP-014,road,承运商11,成都,WH-04,2026-06-03T14:58:00+08:00,2026-06-05T14:58:00+08:00,48,delivered,CG000000001038,36636.75,2026-06-15T02:06:00+08:00
SHP-0001039,PO-202512-000981,SUP-017,road,承运商08,青岛,WH-01,2025-12-13T03:18:00+08:00,2025-12-13T15:18:00+08:00,12,in_transit,CG000000001039,57611.34,2026-06-14T11:38:00+08:00
SHP-0001040,PO-202605-001317,SUP-054,road,承运商22,宁波,WH-04,2026-05-26T02:25:00+08:00,2026-05-26T02:25:00+08:00,0,delivered,CG000000001040,46770.01,2026-06-14T10:49:00+08:00
SHP-0001041,PO-202604-001387,SUP-058,sea,承运商23,苏州,WH-06,2026-05-05T10:05:00+08:00,2026-05-06T10:05:00+08:00,24,delivered,CG000000001041,34845.66,2026-06-14T11:42:00+08:00
SHP-0001042,PO-202602-001797,SUP-007,sea,承运商17,苏州,WH-03,2026-03-05T21:46:00+08:00,2026-03-05T21:46:00+08:00,0,in_transit,CG000000001042,26954.54,2026-06-15T05:00:00+08:00
SHP-0001043,PO-202601-001463,SUP-046,rail,承运商06,武汉,WH-02,2026-01-30T08:38:00+08:00,2026-01-30T08:38:00+08:00,0,delayed,CG000000001043,47218.74,2026-06-15T00:57:00+08:00
SHP-0001044,PO-202507-000151,SUP-031,road,承运商16,合肥,WH-05,2025-07-10T06:56:00+08:00,2025-07-10T06:56:00+08:00,0,delivered,CG000000001044,53573.99,2026-06-14T19:37:00+08:00
SHP-0001045,PO-202508-001001,SUP-027,road,承运商21,武汉,WH-06,2025-08-16T04:35:00+08:00,2025-08-16T04:35:00+08:00,0,in_transit,CG000000001045,32170.38,2026-06-14T13:09:00+08:00
SHP-0001046,PO-202512-001316,SUP-044,road,承运商01,苏州,WH-01,2025-12-30T17:17:00+08:00,2025-12-30T17:17:00+08:00,0,in_transit,CG000000001046,65999.16,2026-06-14T19:35:00+08:00
SHP-0001047,PO-202605-001170,SUP-031,road,承运商07,成都,WH-02,2026-05-24T09:27:00+08:00,2026-05-24T09:27:00+08:00,0,delivered,CG000000001047,18187.92,2026-06-15T03:33:00+08:00
SHP-0001048,PO-202604-001214,SUP-033,sea,承运商16,东莞,WH-03,2026-05-03T22:13:00+08:00,2026-05-03T22:13:00+08:00,0,in_transit,CG000000001048,50627.06,2026-06-14T17:02:00+08:00
SHP-0001049,PO-202509-000548,SUP-030,road,承运商21,青岛,WH-06,2025-09-19T17:04:00+08:00,2025-09-20T17:04:00+08:00,24,blocked,CG000000001049,15257.48,2026-06-14T21:13:00+08:00
SHP-0001050,PO-202508-001466,SUP-045,rail,承运商22,武汉,WH-04,2025-08-14T11:42:00+08:00,2025-08-14T17:42:00+08:00,6,in_transit,CG000000001050,46123.95,2026-06-14T20:08:00+08:00
SHP-0001051,PO-202605-000836,SUP-045,air,承运商05,上海,WH-04,2026-05-09T01:13:00+08:00,2026-05-09T01:13:00+08:00,0,delivered,CG000000001051,125169.58,2026-06-14T13:11:00+08:00
SHP-0001052,PO-202508-001001,SUP-027,sea,承运商13,青岛,WH-01,2025-08-16T04:35:00+08:00,2025-08-16T04:35:00+08:00,0,delivered,CG000000001052,45028.52,2026-06-14T23:25:00+08:00
SHP-0001053,PO-202508-000277,SUP-024,sea,承运商24,东莞,WH-01,2025-08-31T00:57:00+08:00,2025-09-02T00:57:00+08:00,48,delivered,CG000000001053,65363.36,2026-06-14T23:53:00+08:00
SHP-0001054,PO-202509-001404,SUP-036,sea,承运商24,合肥,WH-06,2025-09-13T16:30:00+08:00,2025-09-13T16:30:00+08:00,0,customs_hold,CG000000001054,55333.12,2026-06-14T15:44:00+08:00
SHP-0001055,PO-202603-001392,SUP-016,rail,承运商09,宁波,WH-05,2026-03-15T21:18:00+08:00,2026-03-15T21:18:00+08:00,0,in_transit,CG000000001055,10342.27,2026-06-14T13:00:00+08:00
SHP-0001056,PO-202601-000895,SUP-044,air,承运商24,杭州,WH-05,2026-01-19T05:31:00+08:00,2026-01-20T05:31:00+08:00,24,delayed,CG000000001056,150102.15,2026-06-15T02:02:00+08:00
SHP-0001057,PO-202508-000411,SUP-057,air,承运商15,天津,WH-01,2025-08-10T14:13:00+08:00,2025-08-10T14:13:00+08:00,0,delivered,CG000000001057,41076.08,2026-06-14T09:17:00+08:00
SHP-0001058,PO-202604-001300,SUP-055,road,承运商18,杭州,WH-02,2026-04-22T09:42:00+08:00,2026-04-23T09:42:00+08:00,24,delivered,CG000000001058,14124.96,2026-06-14T19:49:00+08:00
SHP-0001059,PO-202507-000140,SUP-044,road,承运商06,青岛,WH-04,2025-07-11T23:43:00+08:00,2025-07-13T23:43:00+08:00,48,delivered,CG000000001059,57638.63,2026-06-14T14:12:00+08:00
SHP-0001060,PO-202601-001103,SUP-042,sea,承运商13,苏州,WH-02,2026-01-05T20:55:00+08:00,2026-01-07T20:55:00+08:00,48,delivered,CG000000001060,18493.24,2026-06-15T02:28:00+08:00
SHP-0001061,PO-202605-001628,SUP-055,rail,承运商22,成都,WH-04,2026-05-22T07:42:00+08:00,2026-05-22T07:42:00+08:00,0,in_transit,CG000000001061,7660.0,2026-06-14T09:02:00+08:00
SHP-0001062,PO-202510-000017,SUP-058,road,承运商07,杭州,WH-02,2025-10-31T15:33:00+08:00,2025-11-02T15:33:00+08:00,48,in_transit,CG000000001062,33900.84,2026-06-14T17:41:00+08:00
SHP-0001063,PO-202507-001779,SUP-017,sea,承运商10,天津,WH-04,2025-08-03T20:11:00+08:00,2025-08-03T20:11:00+08:00,0,in_transit,CG000000001063,11792.34,2026-06-15T05:45:00+08:00
SHP-0001064,PO-202510-001563,SUP-057,air,承运商11,宁波,WH-01,2025-10-28T15:38:00+08:00,2025-10-28T15:38:00+08:00,0,delivered,CG000000001064,73206.87,2026-06-15T00:18:00+08:00
SHP-0001065,PO-202601-001036,SUP-016,air,承运商03,东莞,WH-06,2026-01-15T03:53:00+08:00,2026-01-15T03:53:00+08:00,0,in_transit,CG000000001065,120884.25,2026-06-14T21:54:00+08:00
SHP-0001066,PO-202507-000917,SUP-031,road,承运商03,上海,WH-06,2025-07-06T16:44:00+08:00,2025-07-06T16:44:00+08:00,0,delivered,CG000000001066,40526.47,2026-06-14T13:44:00+08:00
SHP-0001067,PO-202512-001625,SUP-012,air,承运商19,武汉,WH-04,2026-01-01T22:16:00+08:00,2026-01-01T22:16:00+08:00,0,delivered,CG000000001067,150336.49,2026-06-14T16:32:00+08:00
SHP-0001068,PO-202601-000973,SUP-009,road,承运商02,上海,WH-04,2026-01-13T14:32:00+08:00,2026-01-13T14:32:00+08:00,0,in_transit,CG000000001068,29961.56,2026-06-14T18:23:00+08:00
SHP-0001069,PO-202510-001240,SUP-044,road,承运商19,上海,WH-04,2025-10-04T20:40:00+08:00,2025-10-05T08:40:00+08:00,12,customs_hold,CG000000001069,39623.6,2026-06-15T03:27:00+08:00
SHP-0001070,PO-202508-000982,SUP-053,rail,承运商09,天津,WH-03,2025-08-30T15:31:00+08:00,2025-08-31T15:31:00+08:00,24,delivered,CG000000001070,12332.49,2026-06-14T17:27:00+08:00
SHP-0001071,PO-202507-000932,SUP-021,sea,承运商10,武汉,WH-01,2025-08-01T16:39:00+08:00,2025-08-01T16:39:00+08:00,0,delivered,CG000000001071,35580.88,2026-06-15T06:54:00+08:00
SHP-0001072,PO-202508-000874,SUP-058,rail,承运商06,武汉,WH-04,2025-08-23T16:21:00+08:00,2025-08-23T16:21:00+08:00,0,in_transit,CG000000001072,30349.11,2026-06-14T21:59:00+08:00
SHP-0001073,PO-202604-001781,SUP-009,road,承运商23,苏州,WH-02,2026-04-08T20:39:00+08:00,2026-04-11T20:39:00+08:00,72,delivered,CG000000001073,13453.95,2026-06-15T03:15:00+08:00
SHP-0001074,PO-202512-001732,SUP-042,road,承运商03,东莞,WH-03,2025-12-13T06:12:00+08:00,2025-12-13T12:12:00+08:00,6,delayed,CG000000001074,7132.49,2026-06-15T03:50:00+08:00
SHP-0001075,PO-202507-000239,SUP-054,road,承运商12,天津,WH-03,2025-07-14T04:50:00+08:00,2025-07-14T04:50:00+08:00,0,in_transit,CG000000001075,62707.06,2026-06-15T02:28:00+08:00
SHP-0001076,PO-202601-001157,SUP-055,rail,承运商05,苏州,WH-02,2026-02-01T11:38:00+08:00,2026-02-01T17:38:00+08:00,6,delayed,CG000000001076,18171.27,2026-06-15T05:23:00+08:00
SHP-0001077,PO-202605-000404,SUP-052,road,承运商12,天津,WH-01,2026-05-25T11:52:00+08:00,2026-05-25T11:52:00+08:00,0,blocked,CG000000001077,18971.29,2026-06-15T00:49:00+08:00
SHP-0001078,PO-202508-001272,SUP-021,air,承运商17,武汉,WH-02,2025-08-11T09:15:00+08:00,2025-08-12T09:15:00+08:00,24,customs_hold,CG000000001078,149806.74,2026-06-14T16:46:00+08:00
SHP-0001079,PO-202512-000632,SUP-006,rail,承运商02,杭州,WH-03,2026-01-03T15:06:00+08:00,2026-01-04T03:06:00+08:00,12,in_transit,CG000000001079,8047.25,2026-06-15T02:32:00+08:00
SHP-0001080,PO-202510-000045,SUP-036,rail,承运商16,成都,WH-03,2025-10-12T11:04:00+08:00,2025-10-12T17:04:00+08:00,6,in_transit,CG000000001080,62592.17,2026-06-14T22:09:00+08:00
SHP-0001081,PO-202512-000918,SUP-046,road,承运商05,宁波,WH-05,2025-12-08T17:47:00+08:00,2025-12-11T17:47:00+08:00,72,delivered,CG000000001081,3881.38,2026-06-15T06:05:00+08:00
SHP-0001082,PO-202506-000590,SUP-030,road,承运商15,青岛,WH-03,2025-07-02T11:51:00+08:00,2025-07-03T11:51:00+08:00,24,in_transit,CG000000001082,36915.17,2026-06-14T11:16:00+08:00
SHP-0001083,PO-202603-001557,SUP-036,road,承运商06,苏州,WH-06,2026-03-18T18:41:00+08:00,2026-03-18T18:41:00+08:00,0,delivered,CG000000001083,53411.69,2026-06-14T11:36:00+08:00
SHP-0001084,PO-202507-001643,SUP-055,road,承运商17,东莞,WH-06,2025-07-31T14:45:00+08:00,2025-07-31T14:45:00+08:00,0,customs_hold,CG000000001084,65437.51,2026-06-15T04:45:00+08:00
SHP-0001085,PO-202509-000781,SUP-012,road,承运商06,成都,WH-03,2025-09-14T22:44:00+08:00,2025-09-15T10:44:00+08:00,12,delivered,CG000000001085,50493.26,2026-06-14T22:39:00+08:00
SHP-0001086,PO-202510-000711,SUP-036,air,承运商09,上海,WH-05,2025-10-23T01:21:00+08:00,2025-10-23T01:21:00+08:00,0,delivered,CG000000001086,121016.79,2026-06-14T16:18:00+08:00
SHP-0001087,PO-202602-001324,SUP-006,road,承运商12,成都,WH-02,2026-02-07T18:30:00+08:00,2026-02-08T18:30:00+08:00,24,delivered,CG000000001087,10264.15,2026-06-14T10:50:00+08:00
SHP-0001088,PO-202507-000919,SUP-051,rail,承运商19,东莞,WH-02,2025-07-14T00:25:00+08:00,2025-07-14T00:25:00+08:00,0,delivered,CG000000001088,22546.52,2026-06-14T10:51:00+08:00
SHP-0001089,PO-202511-001020,SUP-035,road,承运商09,武汉,WH-06,2025-11-13T05:07:00+08:00,2025-11-13T11:07:00+08:00,6,delayed,CG000000001089,38625.53,2026-06-14T23:39:00+08:00
SHP-0001090,PO-202509-000781,SUP-012,sea,承运商11,天津,WH-02,2025-09-14T22:44:00+08:00,2025-09-14T22:44:00+08:00,0,delivered,CG000000001090,64230.85,2026-06-15T01:28:00+08:00
SHP-0001091,PO-202508-000539,SUP-052,road,承运商13,成都,WH-02,2025-09-01T02:52:00+08:00,2025-09-01T02:52:00+08:00,0,delayed,CG000000001091,55639.19,2026-06-15T05:28:00+08:00
SHP-0001092,PO-202602-001324,SUP-006,sea,承运商17,青岛,WH-03,2026-02-07T18:30:00+08:00,2026-02-09T18:30:00+08:00,48,delivered,CG000000001092,5333.95,2026-06-14T11:02:00+08:00
SHP-0001093,PO-202601-001161,SUP-046,road,承运商02,东莞,WH-01,2026-02-04T14:53:00+08:00,2026-02-04T20:53:00+08:00,6,delivered,CG000000001093,37587.3,2026-06-15T04:16:00+08:00
SHP-0001094,PO-202509-001530,SUP-050,road,承运商01,成都,WH-05,2025-09-19T11:17:00+08:00,2025-09-19T11:17:00+08:00,0,delayed,CG000000001094,1513.78,2026-06-15T02:03:00+08:00
SHP-0001095,PO-202512-001178,SUP-033,rail,承运商03,杭州,WH-03,2025-12-12T05:19:00+08:00,2025-12-13T05:19:00+08:00,24,in_transit,CG000000001095,6527.6,2026-06-15T04:57:00+08:00
SHP-0001096,PO-202604-000490,SUP-029,road,承运商03,宁波,WH-04,2026-05-03T14:38:00+08:00,2026-05-03T20:38:00+08:00,6,in_transit,CG000000001096,46251.98,2026-06-15T06:30:00+08:00
SHP-0001097,PO-202605-000890,SUP-056,sea,承运商08,天津,WH-01,2026-05-30T18:32:00+08:00,2026-05-31T06:32:00+08:00,12,in_transit,CG000000001097,7497.89,2026-06-14T08:22:00+08:00
SHP-0001098,PO-202603-000647,SUP-060,rail,承运商16,合肥,WH-02,2026-03-28T10:49:00+08:00,2026-03-28T10:49:00+08:00,0,delivered,CG000000001098,47293.84,2026-06-14T18:02:00+08:00
SHP-0001099,PO-202605-000408,SUP-004,road,承运商05,天津,WH-06,2026-05-09T21:17:00+08:00,2026-05-10T09:17:00+08:00,12,delayed,CG000000001099,52218.93,2026-06-14T14:25:00+08:00
SHP-0001100,PO-202512-000806,SUP-027,road,承运商08,天津,WH-05,2025-12-22T13:49:00+08:00,2025-12-22T13:49:00+08:00,0,delayed,CG000000001100,10754.42,2026-06-15T02:25:00+08:00
SHP-0001101,PO-202512-000247,SUP-017,sea,承运商11,成都,WH-04,2025-12-29T06:07:00+08:00,2025-12-29T06:07:00+08:00,0,in_transit,CG000000001101,55236.2,2026-06-14T14:45:00+08:00
SHP-0001102,PO-202509-001158,SUP-043,air,承运商22,东莞,WH-03,2025-10-04T17:15:00+08:00,2025-10-07T17:15:00+08:00,72,delivered,CG000000001102,162696.2,2026-06-15T04:40:00+08:00
SHP-0001103,PO-202601-000244,SUP-002,sea,承运商23,宁波,WH-06,2026-01-31T22:42:00+08:00,2026-02-01T22:42:00+08:00,24,delivered,CG000000001103,55858.46,2026-06-14T15:51:00+08:00
SHP-0001104,PO-202509-001623,SUP-058,road,承运商07,青岛,WH-06,2025-09-18T23:02:00+08:00,2025-09-18T23:02:00+08:00,0,delivered,CG000000001104,39044.09,2026-06-14T13:53:00+08:00
SHP-0001105,PO-202509-001590,SUP-015,road,承运商08,东莞,WH-04,2025-09-12T19:00:00+08:00,2025-09-12T19:00:00+08:00,0,customs_hold,CG000000001105,55735.09,2026-06-14T08:04:00+08:00
SHP-0001106,PO-202512-001171,SUP-042,rail,承运商05,杭州,WH-03,2025-12-11T14:57:00+08:00,2025-12-11T14:57:00+08:00,0,delivered,CG000000001106,43412.82,2026-06-14T12:51:00+08:00
SHP-0001107,PO-202506-001199,SUP-055,rail,承运商02,武汉,WH-01,2025-07-04T17:14:00+08:00,2025-07-05T05:14:00+08:00,12,delivered,CG000000001107,4960.99,2026-06-14T17:04:00+08:00
SHP-0001108,PO-202510-001135,SUP-009,road,承运商12,杭州,WH-06,2025-10-12T00:41:00+08:00,2025-10-13T00:41:00+08:00,24,blocked,CG000000001108,16374.72,2026-06-15T00:42:00+08:00
SHP-0001109,PO-202511-000305,SUP-043,sea,承运商23,天津,WH-05,2025-11-12T15:13:00+08:00,2025-11-13T15:13:00+08:00,24,blocked,CG000000001109,13459.11,2026-06-14T20:24:00+08:00
SHP-0001110,PO-202509-000595,SUP-003,road,承运商16,成都,WH-03,2025-09-07T23:26:00+08:00,2025-09-07T23:26:00+08:00,0,delivered,CG000000001110,63648.01,2026-06-14T11:21:00+08:00
SHP-0001111,PO-202507-000019,SUP-029,air,承运商02,东莞,WH-01,2025-08-02T16:23:00+08:00,2025-08-02T22:23:00+08:00,6,in_transit,CG000000001111,118660.91,2026-06-14T12:12:00+08:00
SHP-0001112,PO-202512-000956,SUP-018,road,承运商14,合肥,WH-03,2025-12-31T00:09:00+08:00,2025-12-31T12:09:00+08:00,12,delivered,CG000000001112,45261.93,2026-06-14T10:46:00+08:00
SHP-0001113,PO-202512-001478,SUP-005,road,承运商04,东莞,WH-04,2025-12-10T14:50:00+08:00,2025-12-12T14:50:00+08:00,48,blocked,CG000000001113,20911.75,2026-06-15T03:00:00+08:00
SHP-0001114,PO-202604-000063,SUP-042,rail,承运商12,杭州,WH-04,2026-04-24T16:14:00+08:00,2026-04-27T16:14:00+08:00,72,customs_hold,CG000000001114,35887.1,2026-06-15T03:27:00+08:00
SHP-0001115,PO-202508-000224,SUP-007,sea,承运商05,天津,WH-01,2025-08-20T03:24:00+08:00,2025-08-20T03:24:00+08:00,0,delivered,CG000000001115,49534.48,2026-06-14T13:26:00+08:00
SHP-0001116,PO-202601-001010,SUP-054,road,承运商21,天津,WH-01,2026-01-29T19:32:00+08:00,2026-01-30T01:32:00+08:00,6,in_transit,CG000000001116,24049.42,2026-06-14T08:54:00+08:00
SHP-0001117,PO-202507-001640,SUP-007,rail,承运商04,合肥,WH-05,2025-07-14T00:36:00+08:00,2025-07-14T12:36:00+08:00,12,delayed,CG000000001117,3727.87,2026-06-14T19:28:00+08:00
SHP-0001118,PO-202604-001021,SUP-008,sea,承运商03,天津,WH-06,2026-04-10T15:24:00+08:00,2026-04-10T15:24:00+08:00,0,delivered,CG000000001118,15875.63,2026-06-15T00:14:00+08:00
SHP-0001119,PO-202605-001208,SUP-050,rail,承运商10,杭州,WH-01,2026-05-23T13:35:00+08:00,2026-05-25T13:35:00+08:00,48,delayed,CG000000001119,32343.09,2026-06-14T15:51:00+08:00
SHP-0001120,PO-202508-001359,SUP-036,road,承运商10,苏州,WH-03,2025-08-18T22:13:00+08:00,2025-08-18T22:13:00+08:00,0,delivered,CG000000001120,17880.96,2026-06-15T01:51:00+08:00
SHP-0001121,PO-202605-000620,SUP-059,sea,承运商10,苏州,WH-02,2026-06-02T18:36:00+08:00,2026-06-03T06:36:00+08:00,12,in_transit,CG000000001121,49283.0,2026-06-14T13:21:00+08:00
SHP-0001122,PO-202605-000167,SUP-012,rail,承运商04,苏州,WH-02,2026-06-01T12:01:00+08:00,2026-06-02T00:01:00+08:00,12,delivered,CG000000001122,38868.52,2026-06-14T17:02:00+08:00
SHP-0001123,PO-202510-001728,SUP-011,road,承运商16,合肥,WH-05,2025-11-02T02:06:00+08:00,2025-11-02T02:06:00+08:00,0,in_transit,CG000000001123,45806.01,2026-06-14T22:06:00+08:00
SHP-0001124,PO-202603-001631,SUP-011,rail,承运商19,天津,WH-06,2026-03-12T15:58:00+08:00,2026-03-12T15:58:00+08:00,0,delivered,CG000000001124,50910.14,2026-06-14T22:11:00+08:00
SHP-0001125,PO-202512-001262,SUP-044,road,承运商11,合肥,WH-05,2025-12-16T00:58:00+08:00,2025-12-18T00:58:00+08:00,48,delivered,CG000000001125,26842.44,2026-06-15T03:43:00+08:00
SHP-0001126,PO-202507-000577,SUP-007,rail,承运商22,苏州,WH-01,2025-07-21T22:55:00+08:00,2025-07-21T22:55:00+08:00,0,delayed,CG000000001126,50461.63,2026-06-14T19:58:00+08:00
SHP-0001127,PO-202506-001254,SUP-023,road,承运商06,天津,WH-03,2025-06-27T20:28:00+08:00,2025-06-27T20:28:00+08:00,0,delayed,CG000000001127,61659.28,2026-06-15T05:39:00+08:00
SHP-0001128,PO-202603-001079,SUP-030,road,承运商12,合肥,WH-01,2026-03-14T16:14:00+08:00,2026-03-14T16:14:00+08:00,0,in_transit,CG000000001128,53337.82,2026-06-14T18:29:00+08:00
SHP-0001129,PO-202604-000644,SUP-014,air,承运商12,苏州,WH-06,2026-04-18T00:24:00+08:00,2026-04-19T00:24:00+08:00,24,delayed,CG000000001129,145664.4,2026-06-15T04:13:00+08:00
SHP-0001130,PO-202510-000528,SUP-027,rail,承运商02,成都,WH-01,2025-10-12T17:22:00+08:00,2025-10-12T17:22:00+08:00,0,delayed,CG000000001130,30248.69,2026-06-15T07:41:00+08:00
SHP-0001131,PO-202510-000700,SUP-060,road,承运商21,成都,WH-01,2025-10-09T17:59:00+08:00,2025-10-09T23:59:00+08:00,6,in_transit,CG000000001131,20801.58,2026-06-15T07:42:00+08:00
SHP-0001132,PO-202605-000778,SUP-019,road,承运商14,宁波,WH-01,2026-05-19T04:08:00+08:00,2026-05-19T10:08:00+08:00,6,delivered,CG000000001132,63642.64,2026-06-15T01:08:00+08:00
SHP-0001133,PO-202509-001636,SUP-015,air,承运商04,合肥,WH-04,2025-09-08T17:52:00+08:00,2025-09-09T17:52:00+08:00,24,delivered,CG000000001133,110308.88,2026-06-14T19:15:00+08:00
SHP-0001134,PO-202604-001387,SUP-058,air,承运商01,武汉,WH-01,2026-05-05T10:05:00+08:00,2026-05-05T10:05:00+08:00,0,delivered,CG000000001134,52390.87,2026-06-14T23:26:00+08:00
SHP-0001135,PO-202511-001472,SUP-046,road,承运商01,合肥,WH-05,2025-11-08T20:00:00+08:00,2025-11-09T08:00:00+08:00,12,in_transit,CG000000001135,47779.29,2026-06-14T21:18:00+08:00
SHP-0001136,PO-202510-001341,SUP-041,road,承运商24,苏州,WH-03,2025-10-06T21:45:00+08:00,2025-10-07T03:45:00+08:00,6,delivered,CG000000001136,47555.65,2026-06-15T07:53:00+08:00
SHP-0001137,PO-202510-001147,SUP-012,rail,承运商17,上海,WH-01,2025-10-24T14:01:00+08:00,2025-10-26T14:01:00+08:00,48,delivered,CG000000001137,52981.3,2026-06-14T08:26:00+08:00
SHP-0001138,PO-202604-001586,SUP-041,sea,承运商02,青岛,WH-04,2026-05-02T12:28:00+08:00,2026-05-02T18:28:00+08:00,6,in_transit,CG000000001138,55779.49,2026-06-15T01:10:00+08:00
SHP-0001139,PO-202509-000417,SUP-014,air,承运商06,东莞,WH-02,2025-09-18T03:58:00+08:00,2025-09-21T03:58:00+08:00,72,blocked,CG000000001139,157874.91,2026-06-14T23:13:00+08:00
SHP-0001140,PO-202510-001184,SUP-043,sea,承运商12,宁波,WH-02,2025-10-09T01:22:00+08:00,2025-10-09T01:22:00+08:00,0,delivered,CG000000001140,7496.14,2026-06-14T23:26:00+08:00
SHP-0001141,PO-202506-000725,SUP-055,road,承运商14,天津,WH-02,2025-06-21T02:35:00+08:00,2025-06-21T14:35:00+08:00,12,in_transit,CG000000001141,67932.74,2026-06-14T10:10:00+08:00
SHP-0001142,PO-202601-000895,SUP-044,sea,承运商17,东莞,WH-03,2026-01-19T05:31:00+08:00,2026-01-20T05:31:00+08:00,24,in_transit,CG000000001142,3232.59,2026-06-15T06:19:00+08:00
SHP-0001143,PO-202510-000665,SUP-057,road,承运商17,天津,WH-02,2025-10-12T22:06:00+08:00,2025-10-12T22:06:00+08:00,0,delayed,CG000000001143,24588.61,2026-06-14T14:58:00+08:00
SHP-0001144,PO-202606-001576,SUP-026,sea,承运商21,宁波,WH-06,2026-06-15T05:49:00+08:00,2026-06-15T05:49:00+08:00,0,delivered,CG000000001144,58312.31,2026-06-14T17:28:00+08:00
SHP-0001145,PO-202511-000159,SUP-022,air,承运商08,杭州,WH-05,2025-11-25T17:47:00+08:00,2025-11-25T17:47:00+08:00,0,delivered,CG000000001145,106123.78,2026-06-14T08:24:00+08:00
SHP-0001146,PO-202605-000371,SUP-058,air,承运商19,上海,WH-03,2026-05-09T12:30:00+08:00,2026-05-10T00:30:00+08:00,12,delivered,CG000000001146,145609.62,2026-06-15T02:08:00+08:00
SHP-0001147,PO-202511-000024,SUP-036,road,承运商17,东莞,WH-05,2025-11-20T08:20:00+08:00,2025-11-21T08:20:00+08:00,24,delivered,CG000000001147,39854.78,2026-06-15T01:25:00+08:00
SHP-0001148,PO-202604-000413,SUP-017,air,承运商07,宁波,WH-05,2026-04-15T16:53:00+08:00,2026-04-15T16:53:00+08:00,0,delivered,CG000000001148,13314.49,2026-06-14T19:50:00+08:00
SHP-0001149,PO-202512-001607,SUP-021,rail,承运商08,宁波,WH-03,2025-12-21T10:22:00+08:00,2025-12-21T16:22:00+08:00,6,delivered,CG000000001149,8130.96,2026-06-14T10:32:00+08:00
SHP-0001150,PO-202605-000455,SUP-017,air,承运商24,杭州,WH-06,2026-05-18T06:56:00+08:00,2026-05-18T06:56:00+08:00,0,delivered,CG000000001150,42681.46,2026-06-15T04:49:00+08:00
SHP-0001151,PO-202603-001526,SUP-035,road,承运商06,宁波,WH-02,2026-03-13T02:05:00+08:00,2026-03-13T08:05:00+08:00,6,in_transit,CG000000001151,59442.84,2026-06-14T12:23:00+08:00
SHP-0001152,PO-202508-001627,SUP-042,sea,承运商21,上海,WH-04,2025-09-01T20:38:00+08:00,2025-09-02T02:38:00+08:00,6,delivered,CG000000001152,33916.38,2026-06-14T15:25:00+08:00
SHP-0001153,PO-202606-001065,SUP-024,air,承运商20,东莞,WH-05,2026-06-11T20:54:00+08:00,2026-06-14T20:54:00+08:00,72,in_transit,CG000000001153,82668.78,2026-06-15T04:44:00+08:00
SHP-0001154,PO-202602-000929,SUP-001,road,承运商15,上海,WH-03,2026-02-27T21:31:00+08:00,2026-02-27T21:31:00+08:00,0,delivered,CG000000001154,59905.98,2026-06-14T23:34:00+08:00
SHP-0001155,PO-202606-000401,SUP-006,sea,承运商23,东莞,WH-01,2026-06-06T19:19:00+08:00,2026-06-07T07:19:00+08:00,12,delivered,CG000000001155,65878.11,2026-06-14T11:51:00+08:00
SHP-0001156,PO-202604-000554,SUP-007,sea,承运商19,武汉,WH-06,2026-04-28T21:33:00+08:00,2026-04-28T21:33:00+08:00,0,delivered,CG000000001156,52817.16,2026-06-15T01:41:00+08:00
SHP-0001157,PO-202510-001256,SUP-012,road,承运商16,苏州,WH-03,2025-10-08T07:00:00+08:00,2025-10-08T07:00:00+08:00,0,delivered,CG000000001157,52329.79,2026-06-14T15:52:00+08:00
SHP-0001158,PO-202603-001477,SUP-013,sea,承运商23,天津,WH-04,2026-03-31T09:42:00+08:00,2026-03-31T09:42:00+08:00,0,in_transit,CG000000001158,8079.84,2026-06-14T14:46:00+08:00
SHP-0001159,PO-202601-000099,SUP-005,rail,承运商06,上海,WH-03,2026-01-29T16:18:00+08:00,2026-02-01T16:18:00+08:00,72,delivered,CG000000001159,54945.47,2026-06-14T17:45:00+08:00
SHP-0001160,PO-202510-000283,SUP-005,road,承运商21,青岛,WH-01,2025-10-13T12:03:00+08:00,2025-10-13T18:03:00+08:00,6,delivered,CG000000001160,58007.05,2026-06-15T07:24:00+08:00
SHP-0001161,PO-202605-001714,SUP-001,sea,承运商23,天津,WH-03,2026-05-10T04:20:00+08:00,2026-05-10T04:20:00+08:00,0,delivered,CG000000001161,40401.64,2026-06-14T11:19:00+08:00
SHP-0001162,PO-202603-000693,SUP-011,road,承运商21,杭州,WH-02,2026-03-30T20:31:00+08:00,2026-04-01T20:31:00+08:00,48,delivered,CG000000001162,36761.1,2026-06-15T00:58:00+08:00
SHP-0001163,PO-202601-001036,SUP-016,road,承运商08,上海,WH-01,2026-01-15T03:53:00+08:00,2026-01-18T03:53:00+08:00,72,in_transit,CG000000001163,30070.3,2026-06-14T16:00:00+08:00
SHP-0001164,PO-202604-001723,SUP-050,rail,承运商15,上海,WH-01,2026-04-27T17:43:00+08:00,2026-04-27T17:43:00+08:00,0,delivered,CG000000001164,45992.85,2026-06-14T23:23:00+08:00
SHP-0001165,PO-202604-001021,SUP-008,road,承运商22,成都,WH-02,2026-04-10T15:24:00+08:00,2026-04-10T15:24:00+08:00,0,delivered,CG000000001165,6253.31,2026-06-14T17:34:00+08:00
SHP-0001166,PO-202507-001003,SUP-042,rail,承运商08,上海,WH-02,2025-07-19T13:03:00+08:00,2025-07-19T19:03:00+08:00,6,delivered,CG000000001166,12844.78,2026-06-14T20:10:00+08:00
SHP-0001167,PO-202508-001096,SUP-035,road,承运商24,天津,WH-06,2025-09-01T21:55:00+08:00,2025-09-01T21:55:00+08:00,0,in_transit,CG000000001167,51922.94,2026-06-15T05:14:00+08:00
SHP-0001168,PO-202605-001795,SUP-030,sea,承运商20,武汉,WH-06,2026-05-15T04:25:00+08:00,2026-05-15T16:25:00+08:00,12,delayed,CG000000001168,55126.53,2026-06-14T18:46:00+08:00
SHP-0001169,PO-202509-001460,SUP-016,road,承运商13,东莞,WH-04,2025-09-13T00:48:00+08:00,2025-09-15T00:48:00+08:00,48,in_transit,CG000000001169,4136.45,2026-06-14T22:56:00+08:00
SHP-0001170,PO-202604-001776,SUP-005,road,承运商09,青岛,WH-03,2026-04-23T11:42:00+08:00,2026-04-23T11:42:00+08:00,0,delivered,CG000000001170,37802.44,2026-06-14T17:20:00+08:00
SHP-0001171,PO-202604-000739,SUP-004,road,承运商19,苏州,WH-06,2026-04-28T16:04:00+08:00,2026-04-28T16:04:00+08:00,0,delivered,CG000000001171,63463.74,2026-06-14T16:08:00+08:00
SHP-0001172,PO-202510-001139,SUP-009,sea,承运商05,宁波,WH-04,2025-10-12T22:43:00+08:00,2025-10-13T04:43:00+08:00,6,delivered,CG000000001172,11581.04,2026-06-15T04:24:00+08:00
SHP-0001173,PO-202606-001798,SUP-057,road,承运商09,武汉,WH-02,2026-06-17T18:54:00+08:00,2026-06-17T18:54:00+08:00,0,delivered,CG000000001173,65799.88,2026-06-14T22:19:00+08:00
SHP-0001174,PO-202602-001797,SUP-007,road,承运商05,苏州,WH-01,2026-03-05T21:46:00+08:00,2026-03-07T21:46:00+08:00,48,customs_hold,CG000000001174,6398.96,2026-06-15T00:43:00+08:00
SHP-0001175,PO-202606-000402,SUP-007,road,承运商23,宁波,WH-05,2026-06-18T11:24:00+08:00,2026-06-20T11:24:00+08:00,48,in_transit,CG000000001175,8584.08,2026-06-15T01:26:00+08:00
SHP-0001176,PO-202602-001602,SUP-032,air,承运商24,成都,WH-03,2026-02-19T03:25:00+08:00,2026-02-19T03:25:00+08:00,0,customs_hold,CG000000001176,118667.02,2026-06-15T06:21:00+08:00
SHP-0001177,PO-202605-001747,SUP-039,road,承运商09,武汉,WH-06,2026-05-23T20:59:00+08:00,2026-05-23T20:59:00+08:00,0,in_transit,CG000000001177,60329.49,2026-06-14T12:23:00+08:00
SHP-0001178,PO-202509-000051,SUP-008,road,承运商22,苏州,WH-05,2025-09-28T18:00:00+08:00,2025-09-28T18:00:00+08:00,0,in_transit,CG000000001178,61009.14,2026-06-14T15:30:00+08:00
SHP-0001179,PO-202601-001549,SUP-029,road,承运商22,成都,WH-06,2026-01-17T00:25:00+08:00,2026-01-17T00:25:00+08:00,0,in_transit,CG000000001179,27563.2,2026-06-14T13:17:00+08:00
SHP-0001180,PO-202509-000886,SUP-041,road,承运商07,武汉,WH-02,2025-09-30T19:10:00+08:00,2025-09-30T19:10:00+08:00,0,delayed,CG000000001180,11051.15,2026-06-14T13:44:00+08:00
SHP-0001181,PO-202512-001368,SUP-052,road,承运商01,杭州,WH-06,2025-12-13T07:36:00+08:00,2025-12-13T07:36:00+08:00,0,delivered,CG000000001181,64095.39,2026-06-14T19:48:00+08:00
SHP-0001182,PO-202604-000372,SUP-049,road,承运商09,合肥,WH-02,2026-05-03T15:27:00+08:00,2026-05-03T15:27:00+08:00,0,in_transit,CG000000001182,55305.57,2026-06-15T01:40:00+08:00
SHP-0001183,PO-202605-001515,SUP-032,sea,承运商02,合肥,WH-06,2026-05-11T09:08:00+08:00,2026-05-11T09:08:00+08:00,0,delivered,CG000000001183,12575.61,2026-06-15T07:41:00+08:00
SHP-0001184,PO-202509-001222,SUP-057,road,承运商06,苏州,WH-05,2025-09-25T23:52:00+08:00,2025-09-27T23:52:00+08:00,48,delayed,CG000000001184,45321.1,2026-06-14T10:02:00+08:00
SHP-0001185,PO-202604-001112,SUP-015,road,承运商02,杭州,WH-02,2026-04-18T00:55:00+08:00,2026-04-20T00:55:00+08:00,48,delivered,CG000000001185,4422.37,2026-06-14T09:30:00+08:00
SHP-0001186,PO-202601-001217,SUP-010,road,承运商17,青岛,WH-02,2026-01-13T13:03:00+08:00,2026-01-13T13:03:00+08:00,0,delivered,CG000000001186,64579.01,2026-06-14T10:09:00+08:00
SHP-0001187,PO-202606-001402,SUP-001,sea,承运商23,武汉,WH-01,2026-06-06T20:27:00+08:00,2026-06-06T20:27:00+08:00,0,delivered,CG000000001187,23811.22,2026-06-15T00:28:00+08:00
SHP-0001188,PO-202509-000605,SUP-038,rail,承运商05,东莞,WH-05,2025-09-12T13:52:00+08:00,2025-09-12T19:52:00+08:00,6,in_transit,CG000000001188,32965.58,2026-06-14T20:27:00+08:00
SHP-0001189,PO-202512-001088,SUP-042,road,承运商07,苏州,WH-04,2026-01-04T08:00:00+08:00,2026-01-07T08:00:00+08:00,72,delivered,CG000000001189,32315.6,2026-06-14T13:39:00+08:00
SHP-0001190,PO-202606-000800,SUP-029,sea,承运商07,武汉,WH-06,2026-06-15T02:30:00+08:00,2026-06-15T02:30:00+08:00,0,customs_hold,CG000000001190,28794.19,2026-06-14T09:49:00+08:00
SHP-0001191,PO-202509-001273,SUP-033,road,承运商15,宁波,WH-05,2025-09-05T23:11:00+08:00,2025-09-07T23:11:00+08:00,48,in_transit,CG000000001191,44710.04,2026-06-14T15:44:00+08:00
SHP-0001192,PO-202606-000435,SUP-030,sea,承运商11,杭州,WH-06,2026-06-15T17:55:00+08:00,2026-06-15T17:55:00+08:00,0,delivered,CG000000001192,41644.57,2026-06-15T07:59:00+08:00
SHP-0001193,PO-202510-001452,SUP-028,sea,承运商17,合肥,WH-02,2025-11-02T11:44:00+08:00,2025-11-02T17:44:00+08:00,6,delayed,CG000000001193,27825.67,2026-06-15T07:02:00+08:00
SHP-0001194,PO-202601-000641,SUP-051,air,承运商18,武汉,WH-04,2026-01-29T20:24:00+08:00,2026-01-29T20:24:00+08:00,0,delivered,CG000000001194,37349.86,2026-06-14T17:13:00+08:00
SHP-0001195,PO-202511-000072,SUP-058,air,承运商16,成都,WH-01,2025-11-16T14:56:00+08:00,2025-11-16T20:56:00+08:00,6,delayed,CG000000001195,16896.24,2026-06-14T12:28:00+08:00
SHP-0001196,PO-202508-001788,SUP-050,road,承运商07,合肥,WH-03,2025-08-31T12:50:00+08:00,2025-08-31T12:50:00+08:00,0,delivered,CG000000001196,38534.42,2026-06-15T07:46:00+08:00
SHP-0001197,PO-202601-001657,SUP-038,road,承运商01,宁波,WH-03,2026-01-24T09:28:00+08:00,2026-01-24T09:28:00+08:00,0,in_transit,CG000000001197,2072.19,2026-06-14T15:43:00+08:00
SHP-0001198,PO-202509-001119,SUP-045,sea,承运商05,青岛,WH-01,2025-09-21T14:34:00+08:00,2025-09-21T14:34:00+08:00,0,delivered,CG000000001198,46232.71,2026-06-14T20:32:00+08:00
SHP-0001199,PO-202601-000116,SUP-038,road,承运商05,上海,WH-01,2026-01-14T17:49:00+08:00,2026-01-15T05:49:00+08:00,12,in_transit,CG000000001199,23159.3,2026-06-14T23:07:00+08:00
SHP-0001200,PO-202508-001132,SUP-006,road,承运商10,武汉,WH-04,2025-08-30T06:37:00+08:00,2025-08-30T06:37:00+08:00,0,delayed,CG000000001200,51842.04,2026-06-14T23:51:00+08:00
SHP-0001201,PO-202508-000224,SUP-007,sea,承运商02,青岛,WH-05,2025-08-20T03:24:00+08:00,2025-08-20T03:24:00+08:00,0,in_transit,CG000000001201,42793.48,2026-06-14T23:34:00+08:00
SHP-0001202,PO-202603-000469,SUP-044,air,承运商20,天津,WH-02,2026-03-26T17:55:00+08:00,2026-03-26T17:55:00+08:00,0,delayed,CG000000001202,75066.71,2026-06-14T11:02:00+08:00
SHP-0001203,PO-202605-000921,SUP-057,air,承运商08,上海,WH-01,2026-05-05T21:50:00+08:00,2026-05-07T21:50:00+08:00,48,delivered,CG000000001203,93213.71,2026-06-15T02:06:00+08:00
SHP-0001204,PO-202507-001778,SUP-028,road,承运商19,杭州,WH-01,2025-07-14T15:28:00+08:00,2025-07-14T15:28:00+08:00,0,customs_hold,CG000000001204,59244.83,2026-06-14T15:22:00+08:00
SHP-0001205,PO-202512-001264,SUP-043,road,承运商11,上海,WH-05,2025-12-11T22:50:00+08:00,2025-12-11T22:50:00+08:00,0,in_transit,CG000000001205,54562.96,2026-06-14T11:06:00+08:00
SHP-0001206,PO-202604-001021,SUP-008,road,承运商14,东莞,WH-06,2026-04-10T15:24:00+08:00,2026-04-10T15:24:00+08:00,0,delivered,CG000000001206,43080.83,2026-06-14T22:16:00+08:00
SHP-0001207,PO-202508-000249,SUP-003,road,承运商21,合肥,WH-02,2025-08-10T02:46:00+08:00,2025-08-10T02:46:00+08:00,0,delayed,CG000000001207,38903.78,2026-06-14T19:10:00+08:00
SHP-0001208,PO-202511-000060,SUP-035,rail,承运商16,东莞,WH-01,2025-11-20T15:38:00+08:00,2025-11-20T15:38:00+08:00,0,delivered,CG000000001208,66281.98,2026-06-15T00:08:00+08:00
SHP-0001209,PO-202512-001705,SUP-015,sea,承运商13,青岛,WH-01,2025-12-27T02:43:00+08:00,2025-12-27T02:43:00+08:00,0,in_transit,CG000000001209,58702.25,2026-06-14T17:22:00+08:00
SHP-0001210,PO-202605-000157,SUP-009,road,承运商20,宁波,WH-06,2026-05-31T00:23:00+08:00,2026-05-31T00:23:00+08:00,0,delivered,CG000000001210,62321.5,2026-06-14T19:44:00+08:00
SHP-0001211,PO-202511-000628,SUP-005,rail,承运商16,成都,WH-05,2025-12-02T07:35:00+08:00,2025-12-02T07:35:00+08:00,0,delayed,CG000000001211,14424.18,2026-06-14T21:57:00+08:00
SHP-0001212,PO-202511-000047,SUP-032,sea,承运商04,武汉,WH-06,2025-11-17T15:05:00+08:00,2025-11-17T21:05:00+08:00,6,in_transit,CG000000001212,21276.41,2026-06-14T16:43:00+08:00
SHP-0001213,PO-202601-001373,SUP-005,sea,承运商15,宁波,WH-02,2026-01-20T01:25:00+08:00,2026-01-20T13:25:00+08:00,12,blocked,CG000000001213,42564.82,2026-06-14T18:11:00+08:00
SHP-0001214,PO-202510-001563,SUP-057,sea,承运商19,合肥,WH-06,2025-10-28T15:38:00+08:00,2025-10-29T03:38:00+08:00,12,delivered,CG000000001214,6366.15,2026-06-15T07:09:00+08:00
SHP-0001215,PO-202509-001109,SUP-056,road,承运商19,苏州,WH-02,2025-09-12T06:20:00+08:00,2025-09-12T12:20:00+08:00,6,in_transit,CG000000001215,61821.59,2026-06-14T16:19:00+08:00
SHP-0001216,PO-202509-000393,SUP-059,air,承运商01,杭州,WH-02,2025-09-29T18:34:00+08:00,2025-09-29T18:34:00+08:00,0,delayed,CG000000001216,40358.75,2026-06-14T21:19:00+08:00
SHP-0001217,PO-202602-000537,SUP-022,rail,承运商24,杭州,WH-03,2026-02-24T02:09:00+08:00,2026-02-24T02:09:00+08:00,0,customs_hold,CG000000001217,34065.86,2026-06-14T19:33:00+08:00
SHP-0001218,PO-202509-001590,SUP-015,road,承运商13,青岛,WH-03,2025-09-12T19:00:00+08:00,2025-09-13T07:00:00+08:00,12,in_transit,CG000000001218,63083.54,2026-06-14T18:02:00+08:00
SHP-0001219,PO-202512-001171,SUP-042,rail,承运商24,青岛,WH-06,2025-12-11T14:57:00+08:00,2025-12-11T14:57:00+08:00,0,in_transit,CG000000001219,20747.67,2026-06-14T12:21:00+08:00
SHP-0001220,PO-202512-000200,SUP-023,road,承运商15,武汉,WH-03,2025-12-29T22:24:00+08:00,2025-12-29T22:24:00+08:00,0,in_transit,CG000000001220,37770.68,2026-06-15T00:44:00+08:00
SHP-0001221,PO-202510-001449,SUP-016,road,承运商01,成都,WH-06,2025-10-17T11:18:00+08:00,2025-10-17T11:18:00+08:00,0,in_transit,CG000000001221,12957.1,2026-06-15T00:48:00+08:00
SHP-0001222,PO-202601-001172,SUP-039,air,承运商06,杭州,WH-01,2026-01-26T17:36:00+08:00,2026-01-26T17:36:00+08:00,0,in_transit,CG000000001222,56491.34,2026-06-14T10:31:00+08:00
SHP-0001223,PO-202509-001286,SUP-042,rail,承运商01,杭州,WH-03,2025-09-12T11:44:00+08:00,2025-09-13T11:44:00+08:00,24,customs_hold,CG000000001223,63375.61,2026-06-15T06:19:00+08:00
SHP-0001224,PO-202602-001294,SUP-056,road,承运商09,武汉,WH-02,2026-02-02T10:38:00+08:00,2026-02-02T10:38:00+08:00,0,in_transit,CG000000001224,49920.08,2026-06-15T05:16:00+08:00
SHP-0001225,PO-202605-001110,SUP-050,road,承运商03,宁波,WH-04,2026-05-31T00:41:00+08:00,2026-05-31T06:41:00+08:00,6,blocked,CG000000001225,13516.74,2026-06-14T09:33:00+08:00
SHP-0001226,PO-202507-001471,SUP-041,road,承运商23,苏州,WH-03,2025-07-17T03:02:00+08:00,2025-07-17T15:02:00+08:00,12,delivered,CG000000001226,64675.26,2026-06-14T19:17:00+08:00
SHP-0001227,PO-202511-000628,SUP-005,sea,承运商03,宁波,WH-06,2025-12-02T07:35:00+08:00,2025-12-02T07:35:00+08:00,0,in_transit,CG000000001227,20353.16,2026-06-14T12:13:00+08:00
SHP-0001228,PO-202508-000277,SUP-024,air,承运商22,苏州,WH-05,2025-08-31T00:57:00+08:00,2025-09-01T00:57:00+08:00,24,in_transit,CG000000001228,23149.33,2026-06-14T19:05:00+08:00
SHP-0001229,PO-202605-001747,SUP-039,sea,承运商14,合肥,WH-03,2026-05-23T20:59:00+08:00,2026-05-23T20:59:00+08:00,0,delivered,CG000000001229,1861.56,2026-06-14T10:20:00+08:00
SHP-0001230,PO-202506-001199,SUP-055,road,承运商18,武汉,WH-03,2025-07-04T17:14:00+08:00,2025-07-04T23:14:00+08:00,6,delayed,CG000000001230,57589.26,2026-06-14T15:02:00+08:00
SHP-0001231,PO-202603-000693,SUP-011,road,承运商19,苏州,WH-04,2026-03-30T20:31:00+08:00,2026-03-31T08:31:00+08:00,12,customs_hold,CG000000001231,40927.33,2026-06-14T16:15:00+08:00
SHP-0001232,PO-202508-001095,SUP-038,road,承运商14,宁波,WH-01,2025-08-09T01:59:00+08:00,2025-08-09T01:59:00+08:00,0,in_transit,CG000000001232,22892.63,2026-06-15T07:57:00+08:00
SHP-0001233,PO-202510-000034,SUP-007,road,承运商19,天津,WH-06,2025-10-19T20:28:00+08:00,2025-10-19T20:28:00+08:00,0,delivered,CG000000001233,54407.19,2026-06-15T05:38:00+08:00
SHP-0001234,PO-202507-001427,SUP-035,road,承运商14,武汉,WH-01,2025-07-18T15:52:00+08:00,2025-07-19T15:52:00+08:00,24,delivered,CG000000001234,15950.82,2026-06-14T18:29:00+08:00
SHP-0001235,PO-202506-000206,SUP-031,rail,承运商05,苏州,WH-01,2025-07-01T16:10:00+08:00,2025-07-01T16:10:00+08:00,0,blocked,CG000000001235,65267.13,2026-06-14T11:21:00+08:00
SHP-0001236,PO-202507-001397,SUP-002,road,承运商19,苏州,WH-02,2025-07-30T15:14:00+08:00,2025-07-30T15:14:00+08:00,0,in_transit,CG000000001236,32185.69,2026-06-15T02:09:00+08:00
SHP-0001237,PO-202510-001117,SUP-031,sea,承运商15,青岛,WH-05,2025-10-21T04:48:00+08:00,2025-10-21T04:48:00+08:00,0,delivered,CG000000001237,42360.04,2026-06-14T17:08:00+08:00
SHP-0001238,PO-202605-000834,SUP-014,road,承运商04,上海,WH-04,2026-06-06T10:51:00+08:00,2026-06-06T10:51:00+08:00,0,delivered,CG000000001238,48665.71,2026-06-15T00:46:00+08:00
SHP-0001239,PO-202605-000742,SUP-004,road,承运商19,苏州,WH-01,2026-05-24T08:05:00+08:00,2026-05-25T08:05:00+08:00,24,customs_hold,CG000000001239,42815.63,2026-06-15T06:51:00+08:00
SHP-0001240,PO-202509-001774,SUP-047,road,承运商03,宁波,WH-04,2025-09-09T13:10:00+08:00,2025-09-10T13:10:00+08:00,24,delivered,CG000000001240,23940.46,2026-06-14T16:37:00+08:00
SHP-0001241,PO-202507-001246,SUP-011,road,承运商15,武汉,WH-05,2025-08-04T12:25:00+08:00,2025-08-04T12:25:00+08:00,0,in_transit,CG000000001241,47906.9,2026-06-14T11:36:00+08:00
SHP-0001242,PO-202601-000483,SUP-044,air,承运商10,苏州,WH-05,2026-02-01T11:07:00+08:00,2026-02-01T11:07:00+08:00,0,delivered,CG000000001242,119266.92,2026-06-15T04:07:00+08:00
SHP-0001243,PO-202604-000189,SUP-022,road,承运商16,合肥,WH-02,2026-05-01T04:34:00+08:00,2026-05-01T04:34:00+08:00,0,delivered,CG000000001243,58871.89,2026-06-14T22:59:00+08:00
SHP-0001244,PO-202601-000626,SUP-021,road,承运商14,杭州,WH-05,2026-01-11T14:27:00+08:00,2026-01-11T14:27:00+08:00,0,customs_hold,CG000000001244,35019.62,2026-06-14T11:57:00+08:00
SHP-0001245,PO-202512-001237,SUP-047,road,承运商09,青岛,WH-03,2025-12-25T11:44:00+08:00,2025-12-27T11:44:00+08:00,48,in_transit,CG000000001245,52636.63,2026-06-15T03:11:00+08:00
SHP-0001246,PO-202603-001701,SUP-005,road,承运商24,武汉,WH-04,2026-03-21T17:50:00+08:00,2026-03-21T17:50:00+08:00,0,delivered,CG000000001246,4757.97,2026-06-15T03:42:00+08:00
SHP-0001247,PO-202603-000425,SUP-031,sea,承运商01,合肥,WH-02,2026-03-21T21:20:00+08:00,2026-03-22T03:20:00+08:00,6,in_transit,CG000000001247,38688.4,2026-06-15T04:31:00+08:00
SHP-0001248,PO-202507-000846,SUP-056,road,承运商24,东莞,WH-01,2025-08-07T04:29:00+08:00,2025-08-07T04:29:00+08:00,0,delivered,CG000000001248,66997.74,2026-06-15T05:36:00+08:00
SHP-0001249,PO-202510-000856,SUP-026,road,承运商01,青岛,WH-03,2025-10-28T08:52:00+08:00,2025-10-28T08:52:00+08:00,0,in_transit,CG000000001249,34229.6,2026-06-14T15:32:00+08:00
SHP-0001250,PO-202601-000235,SUP-021,road,承运商04,上海,WH-02,2026-01-11T22:05:00+08:00,2026-01-12T04:05:00+08:00,6,in_transit,CG000000001250,1687.59,2026-06-14T10:52:00+08:00
SHP-0001251,PO-202507-000285,SUP-049,road,承运商05,东莞,WH-05,2025-07-19T16:42:00+08:00,2025-07-19T22:42:00+08:00,6,delayed,CG000000001251,5700.12,2026-06-14T08:34:00+08:00
SHP-0001252,PO-202509-001410,SUP-051,road,承运商03,合肥,WH-05,2025-09-28T07:10:00+08:00,2025-09-28T07:10:00+08:00,0,customs_hold,CG000000001252,64977.64,2026-06-14T16:51:00+08:00
SHP-0001253,PO-202512-000207,SUP-040,road,承运商16,苏州,WH-04,2025-12-19T13:41:00+08:00,2025-12-19T13:41:00+08:00,0,blocked,CG000000001253,9228.81,2026-06-15T03:40:00+08:00
SHP-0001254,PO-202601-001123,SUP-046,rail,承运商05,宁波,WH-03,2026-01-24T22:15:00+08:00,2026-01-24T22:15:00+08:00,0,delivered,CG000000001254,12793.21,2026-06-15T03:06:00+08:00
SHP-0001255,PO-202510-001240,SUP-044,sea,承运商19,苏州,WH-06,2025-10-04T20:40:00+08:00,2025-10-04T20:40:00+08:00,0,customs_hold,CG000000001255,65241.95,2026-06-15T04:48:00+08:00
SHP-0001256,PO-202509-001636,SUP-015,rail,承运商21,上海,WH-06,2025-09-08T17:52:00+08:00,2025-09-08T17:52:00+08:00,0,in_transit,CG000000001256,28865.44,2026-06-14T18:41:00+08:00
SHP-0001257,PO-202510-001426,SUP-058,air,承运商03,东莞,WH-01,2025-11-01T13:01:00+08:00,2025-11-01T13:01:00+08:00,0,in_transit,CG000000001257,42084.5,2026-06-14T21:33:00+08:00
SHP-0001258,PO-202509-000058,SUP-045,road,承运商19,武汉,WH-02,2025-09-28T04:17:00+08:00,2025-09-28T16:17:00+08:00,12,in_transit,CG000000001258,34576.08,2026-06-15T06:59:00+08:00
SHP-0001259,PO-202509-001552,SUP-022,road,承运商24,上海,WH-05,2025-10-05T02:29:00+08:00,2025-10-07T02:29:00+08:00,48,delivered,CG000000001259,37531.83,2026-06-14T08:45:00+08:00
SHP-0001260,PO-202508-001371,SUP-046,sea,承运商06,武汉,WH-01,2025-08-12T13:27:00+08:00,2025-08-15T13:27:00+08:00,72,delivered,CG000000001260,33207.96,2026-06-15T00:53:00+08:00
SHP-0001261,PO-202601-000258,SUP-029,sea,承运商23,青岛,WH-01,2026-01-06T22:53:00+08:00,2026-01-06T22:53:00+08:00,0,delivered,CG000000001261,2166.07,2026-06-14T22:04:00+08:00
SHP-0001262,PO-202601-000116,SUP-038,rail,承运商12,宁波,WH-06,2026-01-14T17:49:00+08:00,2026-01-14T17:49:00+08:00,0,delayed,CG000000001262,36280.99,2026-06-14T09:49:00+08:00
SHP-0001263,PO-202511-000271,SUP-060,road,承运商18,杭州,WH-06,2025-11-18T08:23:00+08:00,2025-11-18T08:23:00+08:00,0,delayed,CG000000001263,50594.41,2026-06-14T13:19:00+08:00
SHP-0001264,PO-202606-000686,SUP-015,road,承运商11,宁波,WH-05,2026-06-09T20:49:00+08:00,2026-06-09T20:49:00+08:00,0,delayed,CG000000001264,5268.09,2026-06-15T06:11:00+08:00
SHP-0001265,PO-202601-001703,SUP-031,sea,承运商04,成都,WH-06,2026-01-21T16:10:00+08:00,2026-01-23T16:10:00+08:00,48,delivered,CG000000001265,52453.58,2026-06-14T19:28:00+08:00
SHP-0001266,PO-202604-000485,SUP-041,sea,承运商03,杭州,WH-02,2026-04-28T22:20:00+08:00,2026-04-28T22:20:00+08:00,0,in_transit,CG000000001266,16023.69,2026-06-14T09:54:00+08:00
SHP-0001267,PO-202512-001430,SUP-039,rail,承运商14,武汉,WH-06,2025-12-10T20:41:00+08:00,2025-12-10T20:41:00+08:00,0,in_transit,CG000000001267,50959.11,2026-06-14T15:25:00+08:00
SHP-0001268,PO-202602-000775,SUP-022,road,承运商01,东莞,WH-06,2026-02-22T14:12:00+08:00,2026-02-23T14:12:00+08:00,24,delayed,CG000000001268,40478.96,2026-06-15T04:59:00+08:00
SHP-0001269,PO-202603-001279,SUP-011,rail,承运商21,成都,WH-03,2026-03-09T09:43:00+08:00,2026-03-09T09:43:00+08:00,0,in_transit,CG000000001269,1601.03,2026-06-14T21:42:00+08:00
SHP-0001270,PO-202510-001449,SUP-016,road,承运商19,成都,WH-05,2025-10-17T11:18:00+08:00,2025-10-20T11:18:00+08:00,72,in_transit,CG000000001270,18481.03,2026-06-14T21:17:00+08:00
SHP-0001271,PO-202601-000286,SUP-021,road,承运商24,苏州,WH-05,2026-01-20T19:53:00+08:00,2026-01-20T19:53:00+08:00,0,delivered,CG000000001271,27678.93,2026-06-15T03:06:00+08:00
SHP-0001272,PO-202605-000157,SUP-009,rail,承运商07,杭州,WH-05,2026-05-31T00:23:00+08:00,2026-05-31T00:23:00+08:00,0,in_transit,CG000000001272,41690.76,2026-06-15T01:01:00+08:00
SHP-0001273,PO-202512-001665,SUP-057,sea,承运商05,合肥,WH-06,2025-12-09T01:05:00+08:00,2025-12-09T01:05:00+08:00,0,delivered,CG000000001273,63414.35,2026-06-14T09:36:00+08:00
SHP-0001274,PO-202508-001679,SUP-054,rail,承运商02,武汉,WH-01,2025-09-04T14:31:00+08:00,2025-09-04T14:31:00+08:00,0,in_transit,CG000000001274,22612.55,2026-06-15T04:30:00+08:00
SHP-0001275,PO-202508-001641,SUP-045,air,承运商10,合肥,WH-01,2025-08-22T12:32:00+08:00,2025-08-22T12:32:00+08:00,0,delivered,CG000000001275,41379.27,2026-06-14T21:50:00+08:00
SHP-0001276,PO-202507-001193,SUP-002,sea,承运商13,合肥,WH-01,2025-07-25T23:18:00+08:00,2025-07-28T23:18:00+08:00,72,delivered,CG000000001276,57739.43,2026-06-14T18:35:00+08:00
SHP-0001277,PO-202605-000573,SUP-054,rail,承运商24,合肥,WH-05,2026-05-26T19:46:00+08:00,2026-05-26T19:46:00+08:00,0,blocked,CG000000001277,24691.16,2026-06-14T18:05:00+08:00
SHP-0001278,PO-202603-000980,SUP-017,road,承运商18,杭州,WH-06,2026-03-10T09:50:00+08:00,2026-03-10T09:50:00+08:00,0,in_transit,CG000000001278,3683.22,2026-06-14T20:04:00+08:00
SHP-0001279,PO-202511-000341,SUP-017,road,承运商07,天津,WH-05,2025-11-17T04:31:00+08:00,2025-11-17T16:31:00+08:00,12,delivered,CG000000001279,46865.79,2026-06-15T07:01:00+08:00
SHP-0001280,PO-202601-000091,SUP-010,road,承运商13,合肥,WH-06,2026-01-08T20:15:00+08:00,2026-01-08T20:15:00+08:00,0,delayed,CG000000001280,40400.25,2026-06-14T20:36:00+08:00
SHP-0001281,PO-202603-000675,SUP-028,sea,承运商06,上海,WH-05,2026-03-22T23:36:00+08:00,2026-03-22T23:36:00+08:00,0,delayed,CG000000001281,15287.34,2026-06-14T12:42:00+08:00
SHP-0001282,PO-202508-001580,SUP-052,road,承运商15,青岛,WH-06,2025-08-12T15:19:00+08:00,2025-08-12T15:19:00+08:00,0,delivered,CG000000001282,29002.31,2026-06-15T02:51:00+08:00
SHP-0001283,PO-202604-000431,SUP-005,road,承运商12,天津,WH-05,2026-04-20T03:32:00+08:00,2026-04-20T03:32:00+08:00,0,in_transit,CG000000001283,61785.97,2026-06-14T20:44:00+08:00
SHP-0001284,PO-202601-001277,SUP-018,rail,承运商08,成都,WH-04,2026-01-24T05:27:00+08:00,2026-01-27T05:27:00+08:00,72,in_transit,CG000000001284,47242.9,2026-06-15T04:20:00+08:00
SHP-0001285,PO-202601-001516,SUP-051,rail,承运商09,东莞,WH-06,2026-02-04T16:21:00+08:00,2026-02-05T04:21:00+08:00,12,delayed,CG000000001285,32876.17,2026-06-14T11:02:00+08:00
SHP-0001286,PO-202510-001067,SUP-023,air,承运商03,成都,WH-06,2025-10-27T22:07:00+08:00,2025-10-29T22:07:00+08:00,48,delivered,CG000000001286,139921.73,2026-06-15T00:42:00+08:00
SHP-0001287,PO-202507-000606,SUP-001,sea,承运商03,宁波,WH-02,2025-07-21T21:25:00+08:00,2025-07-21T21:25:00+08:00,0,delivered,CG000000001287,1614.35,2026-06-14T23:46:00+08:00
SHP-0001288,PO-202512-001368,SUP-052,road,承运商13,武汉,WH-06,2025-12-13T07:36:00+08:00,2025-12-13T19:36:00+08:00,12,in_transit,CG000000001288,64785.03,2026-06-15T05:58:00+08:00
SHP-0001289,PO-202601-001130,SUP-048,road,承运商18,合肥,WH-01,2026-01-27T02:04:00+08:00,2026-01-27T02:04:00+08:00,0,in_transit,CG000000001289,9017.61,2026-06-15T01:09:00+08:00
SHP-0001290,PO-202510-000591,SUP-049,sea,承运商24,武汉,WH-05,2025-10-17T20:59:00+08:00,2025-10-17T20:59:00+08:00,0,delivered,CG000000001290,39574.93,2026-06-14T13:55:00+08:00
SHP-0001291,PO-202603-000584,SUP-043,road,承运商02,杭州,WH-06,2026-04-04T08:12:00+08:00,2026-04-04T20:12:00+08:00,12,delayed,CG000000001291,36822.39,2026-06-14T13:58:00+08:00
SHP-0001292,PO-202508-000353,SUP-011,road,承运商19,武汉,WH-03,2025-08-21T16:52:00+08:00,2025-08-22T16:52:00+08:00,24,blocked,CG000000001292,63639.25,2026-06-14T18:01:00+08:00
SHP-0001293,PO-202606-000251,SUP-006,road,承运商09,苏州,WH-05,2026-06-10T02:43:00+08:00,2026-06-10T02:43:00+08:00,0,delayed,CG000000001293,23469.16,2026-06-15T00:12:00+08:00
SHP-0001294,PO-202512-000176,SUP-043,rail,承运商07,宁波,WH-02,2025-12-30T12:13:00+08:00,2025-12-31T00:13:00+08:00,12,in_transit,CG000000001294,61292.82,2026-06-14T16:30:00+08:00
SHP-0001295,PO-202604-000124,SUP-035,road,承运商15,天津,WH-05,2026-04-10T14:53:00+08:00,2026-04-10T14:53:00+08:00,0,delivered,CG000000001295,26846.71,2026-06-14T22:56:00+08:00
SHP-0001296,PO-202603-000570,SUP-024,sea,承运商01,杭州,WH-06,2026-03-11T19:52:00+08:00,2026-03-11T19:52:00+08:00,0,blocked,CG000000001296,30145.49,2026-06-15T01:58:00+08:00
SHP-0001297,PO-202506-000930,SUP-001,air,承运商22,成都,WH-02,2025-07-06T11:42:00+08:00,2025-07-06T11:42:00+08:00,0,delayed,CG000000001297,120723.31,2026-06-14T09:00:00+08:00
SHP-0001298,PO-202510-001240,SUP-044,road,承运商07,成都,WH-05,2025-10-04T20:40:00+08:00,2025-10-07T20:40:00+08:00,72,in_transit,CG000000001298,20482.4,2026-06-15T01:32:00+08:00
SHP-0001299,PO-202601-001130,SUP-048,road,承运商23,武汉,WH-04,2026-01-27T02:04:00+08:00,2026-01-30T02:04:00+08:00,72,in_transit,CG000000001299,16862.07,2026-06-15T01:37:00+08:00
SHP-0001300,PO-202512-001436,SUP-006,road,承运商01,天津,WH-03,2025-12-06T18:40:00+08:00,2025-12-06T18:40:00+08:00,0,in_transit,CG000000001300,28604.03,2026-06-14T12:03:00+08:00
SHP-0001301,PO-202603-001701,SUP-005,rail,承运商19,苏州,WH-04,2026-03-21T17:50:00+08:00,2026-03-22T05:50:00+08:00,12,delivered,CG000000001301,14563.42,2026-06-14T23:45:00+08:00
SHP-0001302,PO-202510-000164,SUP-027,road,承运商21,东莞,WH-06,2025-11-01T01:46:00+08:00,2025-11-01T01:46:00+08:00,0,delivered,CG000000001302,7985.28,2026-06-15T03:15:00+08:00
SHP-0001303,PO-202512-001029,SUP-047,air,承运商03,成都,WH-04,2025-12-28T05:38:00+08:00,2025-12-28T05:38:00+08:00,0,delayed,CG000000001303,37605.62,2026-06-15T04:35:00+08:00
SHP-0001304,PO-202512-000632,SUP-006,road,承运商07,杭州,WH-06,2026-01-03T15:06:00+08:00,2026-01-05T15:06:00+08:00,48,delivered,CG000000001304,33141.32,2026-06-14T13:24:00+08:00
SHP-0001305,PO-202604-000655,SUP-035,road,承运商14,杭州,WH-04,2026-04-08T03:19:00+08:00,2026-04-08T03:19:00+08:00,0,delivered,CG000000001305,15177.37,2026-06-15T03:34:00+08:00
SHP-0001306,PO-202602-001227,SUP-004,road,承运商24,杭州,WH-03,2026-02-24T19:36:00+08:00,2026-02-26T19:36:00+08:00,48,in_transit,CG000000001306,32587.74,2026-06-15T01:45:00+08:00
SHP-0001307,PO-202606-000911,SUP-009,sea,承运商18,成都,WH-05,2026-06-04T16:57:00+08:00,2026-06-05T04:57:00+08:00,12,delivered,CG000000001307,67465.06,2026-06-15T02:29:00+08:00
SHP-0001308,PO-202508-001305,SUP-055,road,承运商19,东莞,WH-05,2025-08-19T18:56:00+08:00,2025-08-20T00:56:00+08:00,6,delivered,CG000000001308,61976.13,2026-06-14T22:35:00+08:00
SHP-0001309,PO-202601-000515,SUP-049,rail,承运商02,上海,WH-03,2026-01-04T08:49:00+08:00,2026-01-04T08:49:00+08:00,0,delivered,CG000000001309,34846.83,2026-06-14T23:37:00+08:00
SHP-0001310,PO-202605-000974,SUP-057,road,承运商04,杭州,WH-06,2026-05-20T23:32:00+08:00,2026-05-20T23:32:00+08:00,0,delivered,CG000000001310,46625.97,2026-06-15T01:48:00+08:00
SHP-0001311,PO-202507-000959,SUP-056,air,承运商09,杭州,WH-03,2025-07-04T12:09:00+08:00,2025-07-05T12:09:00+08:00,24,in_transit,CG000000001311,121780.89,2026-06-15T00:55:00+08:00
SHP-0001312,PO-202508-001799,SUP-048,rail,承运商07,宁波,WH-06,2025-08-13T09:39:00+08:00,2025-08-13T21:39:00+08:00,12,delivered,CG000000001312,43642.64,2026-06-14T08:57:00+08:00
SHP-0001313,PO-202604-000337,SUP-057,air,承运商09,上海,WH-01,2026-04-22T09:53:00+08:00,2026-04-22T09:53:00+08:00,0,delayed,CG000000001313,132504.69,2026-06-14T20:09:00+08:00
SHP-0001314,PO-202508-001269,SUP-013,road,承运商09,宁波,WH-04,2025-08-28T16:50:00+08:00,2025-08-28T16:50:00+08:00,0,delivered,CG000000001314,59764.55,2026-06-14T10:33:00+08:00
SHP-0001315,PO-202508-000152,SUP-053,rail,承运商10,杭州,WH-04,2025-08-26T05:11:00+08:00,2025-08-26T11:11:00+08:00,6,in_transit,CG000000001315,43822.61,2026-06-15T04:25:00+08:00
SHP-0001316,PO-202510-000883,SUP-021,sea,承运商06,青岛,WH-04,2025-10-22T10:09:00+08:00,2025-10-22T10:09:00+08:00,0,delivered,CG000000001316,4993.34,2026-06-14T12:04:00+08:00
SHP-0001317,PO-202602-001253,SUP-035,rail,承运商08,合肥,WH-01,2026-02-14T12:49:00+08:00,2026-02-14T18:49:00+08:00,6,delivered,CG000000001317,45757.33,2026-06-14T20:50:00+08:00
SHP-0001318,PO-202508-000112,SUP-047,road,承运商18,宁波,WH-02,2025-08-29T07:11:00+08:00,2025-08-29T07:11:00+08:00,0,delivered,CG000000001318,17880.77,2026-06-14T10:02:00+08:00
SHP-0001319,PO-202510-001773,SUP-057,sea,承运商19,苏州,WH-04,2025-10-14T07:25:00+08:00,2025-10-14T07:25:00+08:00,0,delivered,CG000000001319,31456.82,2026-06-15T00:09:00+08:00
SHP-0001320,PO-202509-000199,SUP-015,road,承运商01,成都,WH-05,2025-09-10T23:15:00+08:00,2025-09-12T23:15:00+08:00,48,in_transit,CG000000001320,67046.13,2026-06-14T14:56:00+08:00
SHP-0001321,PO-202602-001646,SUP-009,sea,承运商04,苏州,WH-06,2026-02-12T15:25:00+08:00,2026-02-14T15:25:00+08:00,48,in_transit,CG000000001321,14694.04,2026-06-14T19:35:00+08:00
SHP-0001322,PO-202605-001110,SUP-050,rail,承运商10,天津,WH-03,2026-05-31T00:41:00+08:00,2026-05-31T00:41:00+08:00,0,delivered,CG000000001322,39556.08,2026-06-14T09:39:00+08:00
SHP-0001323,PO-202511-000358,SUP-059,road,承运商19,青岛,WH-06,2025-11-23T23:11:00+08:00,2025-11-23T23:11:00+08:00,0,delivered,CG000000001323,21683.5,2026-06-15T03:24:00+08:00
SHP-0001324,PO-202507-000301,SUP-016,rail,承运商09,天津,WH-06,2025-07-23T14:46:00+08:00,2025-07-23T14:46:00+08:00,0,delayed,CG000000001324,11736.84,2026-06-14T12:28:00+08:00
SHP-0001325,PO-202604-000448,SUP-029,road,承运商06,天津,WH-06,2026-05-01T12:47:00+08:00,2026-05-01T18:47:00+08:00,6,in_transit,CG000000001325,3299.27,2026-06-14T22:05:00+08:00
SHP-0001326,PO-202602-000452,SUP-015,sea,承运商14,成都,WH-04,2026-02-21T07:20:00+08:00,2026-02-23T07:20:00+08:00,48,in_transit,CG000000001326,8330.17,2026-06-14T11:21:00+08:00
SHP-0001327,PO-202601-000559,SUP-047,sea,承运商04,天津,WH-02,2026-01-29T06:42:00+08:00,2026-01-29T18:42:00+08:00,12,delivered,CG000000001327,41276.11,2026-06-14T08:34:00+08:00
SHP-0001328,PO-202508-000379,SUP-014,air,承运商20,杭州,WH-03,2025-08-20T11:59:00+08:00,2025-08-21T11:59:00+08:00,24,in_transit,CG000000001328,94385.13,2026-06-15T04:21:00+08:00
SHP-0001329,PO-202512-001447,SUP-039,rail,承运商23,合肥,WH-03,2026-01-01T18:25:00+08:00,2026-01-01T18:25:00+08:00,0,customs_hold,CG000000001329,28575.96,2026-06-14T10:16:00+08:00
SHP-0001330,PO-202511-000358,SUP-059,sea,承运商14,合肥,WH-06,2025-11-23T23:11:00+08:00,2025-11-23T23:11:00+08:00,0,in_transit,CG000000001330,19297.35,2026-06-14T11:59:00+08:00
SHP-0001331,PO-202512-001187,SUP-028,rail,承运商06,上海,WH-02,2025-12-17T18:11:00+08:00,2025-12-17T18:11:00+08:00,0,delayed,CG000000001331,45238.11,2026-06-15T02:22:00+08:00
SHP-0001332,PO-202601-000449,SUP-051,road,承运商01,宁波,WH-06,2026-01-08T22:45:00+08:00,2026-01-08T22:45:00+08:00,0,delayed,CG000000001332,31597.99,2026-06-15T01:33:00+08:00
SHP-0001333,PO-202604-001107,SUP-029,sea,承运商21,青岛,WH-03,2026-04-17T23:04:00+08:00,2026-04-18T11:04:00+08:00,12,delivered,CG000000001333,34748.48,2026-06-14T20:12:00+08:00
SHP-0001334,PO-202512-000359,SUP-059,road,承运商14,苏州,WH-02,2025-12-22T12:58:00+08:00,2025-12-23T12:58:00+08:00,24,delivered,CG000000001334,13609.74,2026-06-14T16:35:00+08:00
SHP-0001335,PO-202512-000170,SUP-056,sea,承运商23,成都,WH-04,2025-12-13T12:20:00+08:00,2025-12-13T12:20:00+08:00,0,in_transit,CG000000001335,38022.88,2026-06-14T15:24:00+08:00
SHP-0001336,PO-202603-000175,SUP-054,sea,承运商13,上海,WH-06,2026-03-20T11:45:00+08:00,2026-03-20T11:45:00+08:00,0,customs_hold,CG000000001336,61362.16,2026-06-15T06:15:00+08:00
SHP-0001337,PO-202506-001321,SUP-050,air,承运商19,苏州,WH-06,2025-06-30T06:24:00+08:00,2025-06-30T18:24:00+08:00,12,delivered,CG000000001337,13805.99,2026-06-14T10:26:00+08:00
SHP-0001338,PO-202509-001674,SUP-021,road,承运商17,武汉,WH-04,2025-09-17T19:53:00+08:00,2025-09-17T19:53:00+08:00,0,delivered,CG000000001338,37660.68,2026-06-14T22:10:00+08:00
SHP-0001339,PO-202510-001122,SUP-039,rail,承运商22,武汉,WH-01,2025-10-13T21:02:00+08:00,2025-10-13T21:02:00+08:00,0,delivered,CG000000001339,38636.99,2026-06-14T09:52:00+08:00
SHP-0001340,PO-202601-000635,SUP-054,sea,承运商24,天津,WH-01,2026-01-11T12:16:00+08:00,2026-01-12T12:16:00+08:00,24,blocked,CG000000001340,51472.33,2026-06-15T05:15:00+08:00
SHP-0001341,PO-202510-001122,SUP-039,road,承运商08,上海,WH-03,2025-10-13T21:02:00+08:00,2025-10-14T03:02:00+08:00,6,delivered,CG000000001341,30220.82,2026-06-14T14:58:00+08:00
SHP-0001342,PO-202510-000832,SUP-027,road,承运商20,天津,WH-04,2025-10-19T07:12:00+08:00,2025-10-19T19:12:00+08:00,12,delivered,CG000000001342,3125.0,2026-06-15T04:54:00+08:00
SHP-0001343,PO-202601-000002,SUP-022,rail,承运商23,成都,WH-01,2026-01-30T11:04:00+08:00,2026-01-30T11:04:00+08:00,0,delayed,CG000000001343,23189.33,2026-06-14T09:07:00+08:00
SHP-0001344,PO-202606-001120,SUP-028,road,承运商04,杭州,WH-04,2026-06-13T06:07:00+08:00,2026-06-13T06:07:00+08:00,0,delayed,CG000000001344,43228.28,2026-06-14T18:04:00+08:00
SHP-0001345,PO-202511-000600,SUP-050,sea,承运商02,成都,WH-06,2025-11-11T02:34:00+08:00,2025-11-11T02:34:00+08:00,0,customs_hold,CG000000001345,10903.21,2026-06-15T03:58:00+08:00
SHP-0001346,PO-202507-000846,SUP-056,road,承运商02,东莞,WH-06,2025-08-07T04:29:00+08:00,2025-08-10T04:29:00+08:00,72,delivered,CG000000001346,67640.85,2026-06-15T00:40:00+08:00
SHP-0001347,PO-202512-000505,SUP-056,road,承运商23,青岛,WH-01,2026-01-06T09:45:00+08:00,2026-01-06T15:45:00+08:00,6,in_transit,CG000000001347,37925.69,2026-06-14T15:18:00+08:00
SHP-0001348,PO-202604-001677,SUP-013,air,承运商21,杭州,WH-06,2026-04-21T13:42:00+08:00,2026-04-24T13:42:00+08:00,72,delivered,CG000000001348,60217.47,2026-06-14T15:38:00+08:00
SHP-0001349,PO-202603-000071,SUP-021,rail,承运商22,武汉,WH-01,2026-04-01T00:20:00+08:00,2026-04-02T00:20:00+08:00,24,in_transit,CG000000001349,22855.19,2026-06-15T04:20:00+08:00
SHP-0001350,PO-202509-000497,SUP-046,sea,承运商10,上海,WH-03,2025-10-01T04:46:00+08:00,2025-10-01T04:46:00+08:00,0,blocked,CG000000001350,43308.96,2026-06-15T03:47:00+08:00
SHP-0001351,PO-202506-001634,SUP-048,rail,承运商12,天津,WH-02,2025-07-01T07:35:00+08:00,2025-07-01T07:35:00+08:00,0,in_transit,CG000000001351,9027.6,2026-06-14T17:21:00+08:00
SHP-0001352,PO-202506-000650,SUP-015,air,承运商09,宁波,WH-03,2025-06-26T09:37:00+08:00,2025-06-26T21:37:00+08:00,12,in_transit,CG000000001352,119572.3,2026-06-14T17:34:00+08:00
SHP-0001353,PO-202509-001673,SUP-026,air,承运商06,杭州,WH-02,2025-09-15T21:21:00+08:00,2025-09-16T03:21:00+08:00,6,delivered,CG000000001353,75507.19,2026-06-14T10:15:00+08:00
SHP-0001354,PO-202509-001353,SUP-026,sea,承运商19,上海,WH-03,2025-09-12T09:12:00+08:00,2025-09-12T09:12:00+08:00,0,in_transit,CG000000001354,22488.38,2026-06-14T09:50:00+08:00
SHP-0001355,PO-202512-000956,SUP-018,sea,承运商03,合肥,WH-01,2025-12-31T00:09:00+08:00,2025-12-31T12:09:00+08:00,12,in_transit,CG000000001355,27062.42,2026-06-14T13:14:00+08:00
SHP-0001356,PO-202507-001769,SUP-052,road,承运商13,杭州,WH-03,2025-07-28T08:43:00+08:00,2025-07-30T08:43:00+08:00,48,in_transit,CG000000001356,29792.23,2026-06-15T04:27:00+08:00
SHP-0001357,PO-202604-001776,SUP-005,road,承运商16,成都,WH-03,2026-04-23T11:42:00+08:00,2026-04-23T17:42:00+08:00,6,delayed,CG000000001357,50803.95,2026-06-15T01:14:00+08:00
SHP-0001358,PO-202506-001176,SUP-046,rail,承运商16,青岛,WH-05,2025-06-30T09:59:00+08:00,2025-06-30T09:59:00+08:00,0,in_transit,CG000000001358,19086.78,2026-06-15T02:38:00+08:00
SHP-0001359,PO-202603-001733,SUP-008,road,承运商09,苏州,WH-02,2026-04-05T21:23:00+08:00,2026-04-06T21:23:00+08:00,24,delivered,CG000000001359,10320.66,2026-06-14T13:11:00+08:00
SHP-0001360,PO-202605-000698,SUP-006,rail,承运商21,宁波,WH-02,2026-05-22T05:41:00+08:00,2026-05-22T05:41:00+08:00,0,delivered,CG000000001360,7458.31,2026-06-14T08:38:00+08:00
SHP-0001361,PO-202509-001119,SUP-045,rail,承运商14,成都,WH-01,2025-09-21T14:34:00+08:00,2025-09-21T14:34:00+08:00,0,delayed,CG000000001361,50174.7,2026-06-14T19:54:00+08:00
SHP-0001362,PO-202510-000387,SUP-036,road,承运商15,青岛,WH-02,2025-10-12T00:16:00+08:00,2025-10-12T00:16:00+08:00,0,delivered,CG000000001362,35802.61,2026-06-15T04:20:00+08:00
SHP-0001363,PO-202506-001094,SUP-016,road,承运商16,天津,WH-04,2025-06-26T17:25:00+08:00,2025-06-26T17:25:00+08:00,0,delivered,CG000000001363,66155.54,2026-06-15T03:29:00+08:00
SHP-0001364,PO-202508-001788,SUP-050,road,承运商14,宁波,WH-05,2025-08-31T12:50:00+08:00,2025-08-31T12:50:00+08:00,0,in_transit,CG000000001364,43841.33,2026-06-14T11:08:00+08:00
SHP-0001365,PO-202510-000591,SUP-049,road,承运商08,上海,WH-04,2025-10-17T20:59:00+08:00,2025-10-17T20:59:00+08:00,0,delivered,CG000000001365,44161.6,2026-06-15T01:53:00+08:00
SHP-0001366,PO-202512-000561,SUP-033,rail,承运商20,上海,WH-03,2025-12-26T06:10:00+08:00,2025-12-26T06:10:00+08:00,0,delayed,CG000000001366,49688.77,2026-06-14T14:04:00+08:00
SHP-0001367,PO-202509-001023,SUP-015,sea,承运商05,青岛,WH-05,2025-09-13T08:00:00+08:00,2025-09-13T08:00:00+08:00,0,in_transit,CG000000001367,47821.76,2026-06-14T11:32:00+08:00
SHP-0001368,PO-202510-000906,SUP-036,sea,承运商13,青岛,WH-03,2025-10-13T14:26:00+08:00,2025-10-13T14:26:00+08:00,0,in_transit,CG000000001368,64093.17,2026-06-15T03:52:00+08:00
SHP-0001369,PO-202602-001061,SUP-041,air,承运商22,合肥,WH-02,2026-02-05T09:10:00+08:00,2026-02-05T21:10:00+08:00,12,delayed,CG000000001369,30173.62,2026-06-15T01:32:00+08:00
SHP-0001370,PO-202509-000304,SUP-018,road,承运商22,合肥,WH-02,2025-09-21T22:26:00+08:00,2025-09-21T22:26:00+08:00,0,delayed,CG000000001370,25471.64,2026-06-15T02:15:00+08:00
SHP-0001371,PO-202511-000329,SUP-027,road,承运商07,东莞,WH-02,2025-11-23T12:29:00+08:00,2025-11-24T12:29:00+08:00,24,delayed,CG000000001371,20829.33,2026-06-14T19:11:00+08:00
SHP-0001372,PO-202511-001432,SUP-010,road,承运商07,武汉,WH-06,2025-12-04T09:39:00+08:00,2025-12-06T09:39:00+08:00,48,delivered,CG000000001372,30292.13,2026-06-15T02:22:00+08:00
SHP-0001373,PO-202509-001623,SUP-058,road,承运商15,上海,WH-05,2025-09-18T23:02:00+08:00,2025-09-18T23:02:00+08:00,0,in_transit,CG000000001373,50299.54,2026-06-14T14:36:00+08:00
SHP-0001374,PO-202512-001366,SUP-016,road,承运商09,天津,WH-04,2026-01-03T15:27:00+08:00,2026-01-03T15:27:00+08:00,0,in_transit,CG000000001374,65370.27,2026-06-15T07:16:00+08:00
SHP-0001375,PO-202512-000359,SUP-059,sea,承运商18,东莞,WH-03,2025-12-22T12:58:00+08:00,2025-12-25T12:58:00+08:00,72,in_transit,CG000000001375,62251.73,2026-06-14T23:59:00+08:00
SHP-0001376,PO-202510-001343,SUP-049,sea,承运商06,东莞,WH-03,2025-10-28T13:09:00+08:00,2025-10-28T13:09:00+08:00,0,customs_hold,CG000000001376,16041.71,2026-06-15T01:23:00+08:00
SHP-0001377,PO-202512-001187,SUP-028,rail,承运商08,天津,WH-06,2025-12-17T18:11:00+08:00,2025-12-18T00:11:00+08:00,6,delivered,CG000000001377,31385.63,2026-06-15T01:36:00+08:00
SHP-0001378,PO-202507-000804,SUP-010,road,承运商08,苏州,WH-03,2025-07-09T20:34:00+08:00,2025-07-09T20:34:00+08:00,0,delivered,CG000000001378,63057.8,2026-06-14T20:05:00+08:00
SHP-0001379,PO-202601-001763,SUP-029,air,承运商14,武汉,WH-01,2026-01-04T02:04:00+08:00,2026-01-04T02:04:00+08:00,0,delivered,CG000000001379,159473.66,2026-06-15T05:30:00+08:00
SHP-0001380,PO-202606-000314,SUP-041,road,承运商05,杭州,WH-06,2026-06-13T19:54:00+08:00,2026-06-13T19:54:00+08:00,0,delivered,CG000000001380,67008.27,2026-06-14T08:56:00+08:00
SHP-0001381,PO-202605-000793,SUP-024,rail,承运商18,东莞,WH-01,2026-05-06T21:03:00+08:00,2026-05-06T21:03:00+08:00,0,delayed,CG000000001381,32031.44,2026-06-15T00:51:00+08:00
SHP-0001382,PO-202605-001540,SUP-009,road,承运商03,宁波,WH-03,2026-05-27T00:56:00+08:00,2026-05-27T00:56:00+08:00,0,delivered,CG000000001382,65934.16,2026-06-14T21:44:00+08:00
SHP-0001383,PO-202512-001008,SUP-053,rail,承运商16,宁波,WH-06,2025-12-08T14:14:00+08:00,2025-12-10T14:14:00+08:00,48,in_transit,CG000000001383,64202.39,2026-06-15T06:53:00+08:00
SHP-0001384,PO-202507-000599,SUP-038,road,承运商03,成都,WH-03,2025-08-01T10:11:00+08:00,2025-08-01T22:11:00+08:00,12,delivered,CG000000001384,2307.0,2026-06-14T11:33:00+08:00
SHP-0001385,PO-202510-000883,SUP-021,sea,承运商01,武汉,WH-05,2025-10-22T10:09:00+08:00,2025-10-22T10:09:00+08:00,0,delivered,CG000000001385,59422.01,2026-06-14T20:50:00+08:00
SHP-0001386,PO-202510-001512,SUP-032,sea,承运商11,上海,WH-06,2025-10-10T13:39:00+08:00,2025-10-11T01:39:00+08:00,12,delivered,CG000000001386,32015.93,2026-06-15T04:12:00+08:00
SHP-0001387,PO-202509-000436,SUP-026,sea,承运商15,成都,WH-06,2025-10-03T02:52:00+08:00,2025-10-03T08:52:00+08:00,6,in_transit,CG000000001387,34454.91,2026-06-14T18:06:00+08:00
SHP-0001388,PO-202508-001741,SUP-006,road,承运商18,合肥,WH-03,2025-09-03T10:38:00+08:00,2025-09-03T10:38:00+08:00,0,delivered,CG000000001388,7776.75,2026-06-14T15:26:00+08:00
SHP-0001389,PO-202507-000036,SUP-033,road,承运商13,武汉,WH-02,2025-07-05T07:39:00+08:00,2025-07-05T13:39:00+08:00,6,delivered,CG000000001389,30637.33,2026-06-14T15:55:00+08:00
SHP-0001390,PO-202606-000345,SUP-025,sea,承运商20,上海,WH-01,2026-06-03T14:38:00+08:00,2026-06-04T14:38:00+08:00,24,delivered,CG000000001390,45524.25,2026-06-14T14:48:00+08:00
SHP-0001391,PO-202603-001099,SUP-024,road,承运商23,上海,WH-02,2026-03-10T10:29:00+08:00,2026-03-10T16:29:00+08:00,6,delivered,CG000000001391,22700.44,2026-06-15T07:06:00+08:00
SHP-0001392,PO-202511-000060,SUP-035,road,承运商20,武汉,WH-01,2025-11-20T15:38:00+08:00,2025-11-20T15:38:00+08:00,0,delivered,CG000000001392,53048.99,2026-06-15T04:44:00+08:00
SHP-0001393,PO-202604-001776,SUP-005,sea,承运商18,杭州,WH-01,2026-04-23T11:42:00+08:00,2026-04-23T11:42:00+08:00,0,in_transit,CG000000001393,8693.51,2026-06-14T16:53:00+08:00
SHP-0001394,PO-202509-001339,SUP-021,sea,承运商20,武汉,WH-05,2025-09-24T18:25:00+08:00,2025-09-24T18:25:00+08:00,0,delivered,CG000000001394,55771.54,2026-06-15T01:57:00+08:00
SHP-0001395,PO-202605-001346,SUP-017,road,承运商09,青岛,WH-04,2026-05-10T02:11:00+08:00,2026-05-10T08:11:00+08:00,6,delayed,CG000000001395,49616.87,2026-06-14T12:07:00+08:00
SHP-0001396,PO-202508-001359,SUP-036,road,承运商12,青岛,WH-02,2025-08-18T22:13:00+08:00,2025-08-18T22:13:00+08:00,0,in_transit,CG000000001396,24987.42,2026-06-14T17:36:00+08:00
SHP-0001397,PO-202511-000406,SUP-002,sea,承运商24,宁波,WH-05,2025-11-29T09:29:00+08:00,2025-11-29T09:29:00+08:00,0,in_transit,CG000000001397,47260.64,2026-06-14T23:43:00+08:00
SHP-0001398,PO-202507-000481,SUP-043,road,承运商04,杭州,WH-05,2025-07-30T03:01:00+08:00,2025-07-30T03:01:00+08:00,0,delivered,CG000000001398,45325.4,2026-06-15T07:06:00+08:00
SHP-0001399,PO-202510-000569,SUP-041,road,承运商11,杭州,WH-03,2025-10-24T15:40:00+08:00,2025-10-25T03:40:00+08:00,12,delayed,CG000000001399,50266.39,2026-06-14T12:32:00+08:00
SHP-0001400,PO-202605-001228,SUP-037,air,承运商17,杭州,WH-03,2026-05-13T18:55:00+08:00,2026-05-14T00:55:00+08:00,6,delivered,CG000000001400,5665.13,2026-06-14T13:38:00+08:00
SHP-0001401,PO-202508-000134,SUP-033,road,承运商02,成都,WH-01,2025-08-21T00:06:00+08:00,2025-08-21T00:06:00+08:00,0,in_transit,CG000000001401,53223.97,2026-06-14T20:52:00+08:00
SHP-0001402,PO-202512-001447,SUP-039,road,承运商08,天津,WH-05,2026-01-01T18:25:00+08:00,2026-01-04T18:25:00+08:00,72,delivered,CG000000001402,21925.31,2026-06-15T06:11:00+08:00
SHP-0001403,PO-202512-000662,SUP-054,sea,承运商19,上海,WH-03,2025-12-18T01:23:00+08:00,2025-12-18T13:23:00+08:00,12,delayed,CG000000001403,9328.14,2026-06-15T04:47:00+08:00
SHP-0001404,PO-202507-001220,SUP-027,air,承运商17,杭州,WH-03,2025-08-01T12:31:00+08:00,2025-08-01T12:31:00+08:00,0,in_transit,CG000000001404,101280.45,2026-06-14T11:54:00+08:00
SHP-0001405,PO-202601-000376,SUP-027,sea,承运商04,苏州,WH-03,2026-02-03T03:42:00+08:00,2026-02-03T03:42:00+08:00,0,delivered,CG000000001405,17717.18,2026-06-14T15:22:00+08:00
SHP-0001406,PO-202601-000635,SUP-054,road,承运商18,青岛,WH-01,2026-01-11T12:16:00+08:00,2026-01-11T18:16:00+08:00,6,delivered,CG000000001406,64614.04,2026-06-14T22:14:00+08:00
SHP-0001407,PO-202510-000034,SUP-007,air,承运商07,成都,WH-01,2025-10-19T20:28:00+08:00,2025-10-19T20:28:00+08:00,0,in_transit,CG000000001407,120171.49,2026-06-14T10:48:00+08:00
SHP-0001408,PO-202512-000414,SUP-022,rail,承运商20,苏州,WH-03,2025-12-22T17:12:00+08:00,2025-12-22T17:12:00+08:00,0,delivered,CG000000001408,35738.11,2026-06-14T12:48:00+08:00
SHP-0001409,PO-202507-001649,SUP-022,road,承运商14,东莞,WH-04,2025-07-14T03:43:00+08:00,2025-07-14T03:43:00+08:00,0,delivered,CG000000001409,27646.38,2026-06-14T22:26:00+08:00
SHP-0001410,PO-202512-000806,SUP-027,air,承运商15,苏州,WH-05,2025-12-22T13:49:00+08:00,2025-12-22T19:49:00+08:00,6,delivered,CG000000001410,111114.28,2026-06-14T17:28:00+08:00
SHP-0001411,PO-202602-001308,SUP-038,road,承运商14,成都,WH-05,2026-02-18T17:32:00+08:00,2026-02-18T23:32:00+08:00,6,delivered,CG000000001411,4288.88,2026-06-14T13:51:00+08:00
SHP-0001412,PO-202603-001000,SUP-056,road,承运商24,武汉,WH-03,2026-03-26T08:55:00+08:00,2026-03-27T08:55:00+08:00,24,delayed,CG000000001412,45746.2,2026-06-15T03:30:00+08:00
SHP-0001413,PO-202510-000498,SUP-040,road,承运商06,杭州,WH-01,2025-10-12T00:25:00+08:00,2025-10-15T00:25:00+08:00,72,customs_hold,CG000000001413,22238.91,2026-06-15T06:47:00+08:00
SHP-0001414,PO-202604-000538,SUP-052,road,承运商13,合肥,WH-01,2026-05-01T07:45:00+08:00,2026-05-01T07:45:00+08:00,0,delivered,CG000000001414,49754.75,2026-06-14T08:49:00+08:00
SHP-0001415,PO-202602-001098,SUP-034,road,承运商20,青岛,WH-06,2026-02-26T06:45:00+08:00,2026-02-28T06:45:00+08:00,48,delivered,CG000000001415,27687.16,2026-06-14T12:26:00+08:00
SHP-0001416,PO-202508-000186,SUP-017,road,承运商18,宁波,WH-01,2025-08-05T17:38:00+08:00,2025-08-08T17:38:00+08:00,72,delivered,CG000000001416,3577.01,2026-06-15T05:58:00+08:00
SHP-0001417,PO-202601-000099,SUP-005,sea,承运商07,天津,WH-04,2026-01-29T16:18:00+08:00,2026-01-29T16:18:00+08:00,0,in_transit,CG000000001417,14156.92,2026-06-15T06:09:00+08:00
SHP-0001418,PO-202506-000075,SUP-035,sea,承运商15,东莞,WH-01,2025-06-30T07:15:00+08:00,2025-07-01T07:15:00+08:00,24,delayed,CG000000001418,44032.87,2026-06-14T12:44:00+08:00
SHP-0001419,PO-202603-001057,SUP-033,sea,承运商09,武汉,WH-04,2026-03-24T17:39:00+08:00,2026-03-24T23:39:00+08:00,6,in_transit,CG000000001419,34129.94,2026-06-14T13:10:00+08:00
SHP-0001420,PO-202510-001140,SUP-002,sea,承运商21,成都,WH-01,2025-10-08T19:36:00+08:00,2025-10-08T19:36:00+08:00,0,delivered,CG000000001420,31839.26,2026-06-14T13:47:00+08:00
SHP-0001421,PO-202509-001761,SUP-047,road,承运商11,宁波,WH-04,2025-09-09T03:11:00+08:00,2025-09-09T03:11:00+08:00,0,in_transit,CG000000001421,18448.67,2026-06-14T13:12:00+08:00
SHP-0001422,PO-202605-001681,SUP-009,road,承运商24,天津,WH-06,2026-06-07T11:14:00+08:00,2026-06-07T17:14:00+08:00,6,delivered,CG000000001422,18407.17,2026-06-15T01:53:00+08:00
SHP-0001423,PO-202511-001302,SUP-047,road,承运商07,上海,WH-03,2025-11-23T02:10:00+08:00,2025-11-23T08:10:00+08:00,6,delivered,CG000000001423,51561.2,2026-06-15T00:48:00+08:00
SHP-0001424,PO-202508-000583,SUP-030,road,承运商02,宁波,WH-01,2025-08-16T05:52:00+08:00,2025-08-16T05:52:00+08:00,0,in_transit,CG000000001424,24097.87,2026-06-14T08:53:00+08:00
SHP-0001425,PO-202506-000384,SUP-007,road,承运商15,青岛,WH-01,2025-07-05T16:26:00+08:00,2025-07-05T16:26:00+08:00,0,delivered,CG000000001425,63901.32,2026-06-14T23:54:00+08:00
SHP-0001426,PO-202605-000807,SUP-045,road,承运商01,杭州,WH-05,2026-05-10T07:43:00+08:00,2026-05-10T07:43:00+08:00,0,delayed,CG000000001426,40238.63,2026-06-14T10:48:00+08:00
SHP-0001427,PO-202512-000414,SUP-022,sea,承运商24,宁波,WH-03,2025-12-22T17:12:00+08:00,2025-12-22T17:12:00+08:00,0,in_transit,CG000000001427,59058.77,2026-06-14T13:11:00+08:00
SHP-0001428,PO-202604-001579,SUP-054,road,承运商01,天津,WH-02,2026-04-11T06:38:00+08:00,2026-04-12T06:38:00+08:00,24,blocked,CG000000001428,31416.62,2026-06-15T02:20:00+08:00
SHP-0001429,PO-202507-000141,SUP-023,sea,承运商21,上海,WH-02,2025-07-23T00:11:00+08:00,2025-07-23T00:11:00+08:00,0,in_transit,CG000000001429,17582.2,2026-06-14T17:10:00+08:00
SHP-0001430,PO-202511-000088,SUP-033,sea,承运商07,东莞,WH-02,2025-11-20T15:31:00+08:00,2025-11-21T03:31:00+08:00,12,in_transit,CG000000001430,57927.37,2026-06-14T14:12:00+08:00
SHP-0001431,PO-202509-001080,SUP-030,rail,承运商08,东莞,WH-03,2025-09-27T18:43:00+08:00,2025-09-28T18:43:00+08:00,24,delivered,CG000000001431,49412.78,2026-06-14T17:35:00+08:00
SHP-0001432,PO-202605-001360,SUP-035,air,承运商13,青岛,WH-04,2026-05-05T09:06:00+08:00,2026-05-06T09:06:00+08:00,24,in_transit,CG000000001432,136183.15,2026-06-15T02:09:00+08:00
SHP-0001433,PO-202512-000806,SUP-027,air,承运商07,天津,WH-03,2025-12-22T13:49:00+08:00,2025-12-24T13:49:00+08:00,48,delivered,CG000000001433,26062.9,2026-06-15T03:52:00+08:00
SHP-0001434,PO-202507-001731,SUP-047,rail,承运商20,东莞,WH-05,2025-07-08T22:26:00+08:00,2025-07-08T22:26:00+08:00,0,customs_hold,CG000000001434,62293.04,2026-06-15T00:24:00+08:00
SHP-0001435,PO-202605-000778,SUP-019,sea,承运商05,苏州,WH-06,2026-05-19T04:08:00+08:00,2026-05-21T04:08:00+08:00,48,delivered,CG000000001435,14153.64,2026-06-15T01:38:00+08:00
SHP-0001436,PO-202605-000749,SUP-040,air,承运商08,青岛,WH-06,2026-05-19T17:58:00+08:00,2026-05-19T17:58:00+08:00,0,customs_hold,CG000000001436,52329.83,2026-06-14T16:21:00+08:00
SHP-0001437,PO-202603-001301,SUP-040,road,承运商17,苏州,WH-01,2026-03-05T18:59:00+08:00,2026-03-06T06:59:00+08:00,12,customs_hold,CG000000001437,54806.89,2026-06-14T08:12:00+08:00
SHP-0001438,PO-202604-000572,SUP-002,rail,承运商08,成都,WH-02,2026-04-27T12:12:00+08:00,2026-04-27T12:12:00+08:00,0,delivered,CG000000001438,56807.63,2026-06-14T21:43:00+08:00
SHP-0001439,PO-202604-001224,SUP-014,sea,承运商15,上海,WH-03,2026-04-11T02:30:00+08:00,2026-04-11T02:30:00+08:00,0,delivered,CG000000001439,64798.69,2026-06-14T10:36:00+08:00
SHP-0001440,PO-202511-001462,SUP-050,road,承运商23,上海,WH-04,2025-11-16T14:20:00+08:00,2025-11-17T14:20:00+08:00,24,in_transit,CG000000001440,48071.25,2026-06-15T07:30:00+08:00
SHP-0001441,PO-202602-001038,SUP-008,air,承运商21,苏州,WH-03,2026-02-05T14:21:00+08:00,2026-02-05T14:21:00+08:00,0,delayed,CG000000001441,6246.68,2026-06-14T14:50:00+08:00
SHP-0001442,PO-202509-001249,SUP-042,road,承运商03,宁波,WH-05,2025-09-16T02:48:00+08:00,2025-09-16T02:48:00+08:00,0,in_transit,CG000000001442,28234.47,2026-06-14T09:53:00+08:00
SHP-0001443,PO-202602-001772,SUP-051,road,承运商23,成都,WH-02,2026-02-08T01:35:00+08:00,2026-02-08T01:35:00+08:00,0,delivered,CG000000001443,44634.75,2026-06-15T04:14:00+08:00
SHP-0001444,PO-202511-001209,SUP-001,air,承运商10,天津,WH-05,2025-11-26T02:22:00+08:00,2025-11-26T08:22:00+08:00,6,delayed,CG000000001444,103135.32,2026-06-14T09:41:00+08:00
SHP-0001445,PO-202506-001708,SUP-037,road,承运商16,成都,WH-01,2025-07-05T01:25:00+08:00,2025-07-06T01:25:00+08:00,24,delivered,CG000000001445,12946.2,2026-06-14T17:35:00+08:00
SHP-0001446,PO-202508-001555,SUP-037,road,承运商10,苏州,WH-03,2025-08-14T00:59:00+08:00,2025-08-16T00:59:00+08:00,48,in_transit,CG000000001446,60110.56,2026-06-15T04:46:00+08:00
SHP-0001447,PO-202509-001222,SUP-057,air,承运商09,武汉,WH-03,2025-09-25T23:52:00+08:00,2025-09-26T11:52:00+08:00,12,in_transit,CG000000001447,95062.56,2026-06-14T20:59:00+08:00
SHP-0001448,PO-202603-001458,SUP-029,sea,承运商10,苏州,WH-01,2026-03-08T13:08:00+08:00,2026-03-08T19:08:00+08:00,6,delivered,CG000000001448,63344.37,2026-06-15T02:57:00+08:00
SHP-0001449,PO-202605-000219,SUP-038,road,承运商12,成都,WH-05,2026-05-05T01:33:00+08:00,2026-05-05T01:33:00+08:00,0,customs_hold,CG000000001449,26498.18,2026-06-14T10:42:00+08:00
SHP-0001450,PO-202511-000291,SUP-059,road,承运商06,天津,WH-01,2025-11-09T21:35:00+08:00,2025-11-10T03:35:00+08:00,6,in_transit,CG000000001450,50929.53,2026-06-14T12:43:00+08:00
SHP-0001451,PO-202511-001432,SUP-010,road,承运商07,天津,WH-06,2025-12-04T09:39:00+08:00,2025-12-04T09:39:00+08:00,0,delivered,CG000000001451,31433.21,2026-06-14T21:25:00+08:00
SHP-0001452,PO-202603-000518,SUP-047,sea,承运商08,天津,WH-01,2026-03-16T03:06:00+08:00,2026-03-18T03:06:00+08:00,48,delayed,CG000000001452,41368.49,2026-06-14T15:32:00+08:00
SHP-0001453,PO-202512-001792,SUP-041,road,承运商21,成都,WH-06,2025-12-11T18:45:00+08:00,2025-12-11T18:45:00+08:00,0,delivered,CG000000001453,9099.17,2026-06-15T06:51:00+08:00
SHP-0001454,PO-202606-001647,SUP-046,sea,承运商16,成都,WH-02,2026-06-18T05:58:00+08:00,2026-06-20T05:58:00+08:00,48,delayed,CG000000001454,57501.32,2026-06-14T11:49:00+08:00
SHP-0001455,PO-202507-000113,SUP-010,road,承运商19,天津,WH-01,2025-08-06T02:08:00+08:00,2025-08-06T02:08:00+08:00,0,delivered,CG000000001455,53581.9,2026-06-14T16:06:00+08:00
SHP-0001456,PO-202511-001462,SUP-050,road,承运商24,上海,WH-01,2025-11-16T14:20:00+08:00,2025-11-16T14:20:00+08:00,0,in_transit,CG000000001456,37551.48,2026-06-15T05:49:00+08:00
SHP-0001457,PO-202509-000548,SUP-030,sea,承运商01,青岛,WH-03,2025-09-19T17:04:00+08:00,2025-09-22T17:04:00+08:00,72,in_transit,CG000000001457,11137.35,2026-06-14T17:55:00+08:00
SHP-0001458,PO-202603-000023,SUP-004,road,承运商24,苏州,WH-02,2026-04-07T03:00:00+08:00,2026-04-07T03:00:00+08:00,0,delivered,CG000000001458,24477.97,2026-06-14T19:09:00+08:00
SHP-0001459,PO-202510-001005,SUP-024,road,承运商16,成都,WH-03,2025-10-29T18:45:00+08:00,2025-10-30T06:45:00+08:00,12,delayed,CG000000001459,58886.48,2026-06-15T05:14:00+08:00
SHP-0001460,PO-202507-000203,SUP-056,road,承运商18,苏州,WH-03,2025-07-06T00:21:00+08:00,2025-07-06T00:21:00+08:00,0,delivered,CG000000001460,16316.22,2026-06-14T12:17:00+08:00
SHP-0001461,PO-202510-000323,SUP-019,sea,承运商10,成都,WH-01,2025-11-05T14:13:00+08:00,2025-11-05T14:13:00+08:00,0,delivered,CG000000001461,62276.29,2026-06-14T14:01:00+08:00
SHP-0001462,PO-202509-000121,SUP-032,road,承运商02,杭州,WH-02,2025-09-23T10:58:00+08:00,2025-09-23T10:58:00+08:00,0,delivered,CG000000001462,25243.17,2026-06-15T02:42:00+08:00
SHP-0001463,PO-202605-000168,SUP-048,air,承运商22,上海,WH-04,2026-05-31T15:28:00+08:00,2026-05-31T15:28:00+08:00,0,delivered,CG000000001463,7506.64,2026-06-14T15:46:00+08:00
SHP-0001464,PO-202509-000741,SUP-018,sea,承运商09,青岛,WH-02,2025-09-08T03:48:00+08:00,2025-09-09T03:48:00+08:00,24,in_transit,CG000000001464,2363.19,2026-06-14T13:15:00+08:00
SHP-0001465,PO-202511-000072,SUP-058,road,承运商09,上海,WH-06,2025-11-16T14:56:00+08:00,2025-11-16T14:56:00+08:00,0,delivered,CG000000001465,13654.26,2026-06-14T21:23:00+08:00
SHP-0001466,PO-202512-000013,SUP-044,rail,承运商08,武汉,WH-02,2026-01-04T01:06:00+08:00,2026-01-04T01:06:00+08:00,0,in_transit,CG000000001466,19380.12,2026-06-15T02:28:00+08:00
SHP-0001467,PO-202510-001511,SUP-005,road,承运商11,苏州,WH-02,2025-10-31T16:45:00+08:00,2025-10-31T16:45:00+08:00,0,blocked,CG000000001467,3647.29,2026-06-14T08:34:00+08:00
SHP-0001468,PO-202509-000199,SUP-015,road,承运商21,宁波,WH-01,2025-09-10T23:15:00+08:00,2025-09-10T23:15:00+08:00,0,in_transit,CG000000001468,35088.5,2026-06-15T05:57:00+08:00
SHP-0001469,PO-202605-001413,SUP-020,road,承运商01,苏州,WH-02,2026-05-12T01:20:00+08:00,2026-05-12T01:20:00+08:00,0,delivered,CG000000001469,56722.58,2026-06-15T01:06:00+08:00
SHP-0001470,PO-202605-001425,SUP-059,sea,承运商04,上海,WH-04,2026-05-08T05:49:00+08:00,2026-05-09T05:49:00+08:00,24,in_transit,CG000000001470,23216.35,2026-06-14T11:12:00+08:00
SHP-0001471,PO-202601-000376,SUP-027,sea,承运商08,合肥,WH-04,2026-02-03T03:42:00+08:00,2026-02-03T03:42:00+08:00,0,delivered,CG000000001471,58050.86,2026-06-14T23:52:00+08:00
SHP-0001472,PO-202601-000973,SUP-009,road,承运商09,宁波,WH-04,2026-01-13T14:32:00+08:00,2026-01-13T14:32:00+08:00,0,delivered,CG000000001472,65573.34,2026-06-14T23:32:00+08:00
SHP-0001473,PO-202506-000070,SUP-056,sea,承运商07,合肥,WH-05,2025-06-24T01:46:00+08:00,2025-06-24T01:46:00+08:00,0,delayed,CG000000001473,60338.1,2026-06-15T00:37:00+08:00
SHP-0001474,PO-202507-000889,SUP-001,sea,承运商24,东莞,WH-05,2025-07-10T18:24:00+08:00,2025-07-13T18:24:00+08:00,72,delivered,CG000000001474,60033.15,2026-06-14T18:26:00+08:00
SHP-0001475,PO-202509-001286,SUP-042,sea,承运商19,合肥,WH-03,2025-09-12T11:44:00+08:00,2025-09-12T11:44:00+08:00,0,delayed,CG000000001475,38919.56,2026-06-15T05:47:00+08:00
SHP-0001476,PO-202506-001680,SUP-055,rail,承运商20,东莞,WH-04,2025-06-30T05:14:00+08:00,2025-06-30T05:14:00+08:00,0,delayed,CG000000001476,5268.08,2026-06-14T12:26:00+08:00
SHP-0001477,PO-202511-000524,SUP-040,air,承运商11,宁波,WH-05,2025-11-25T02:41:00+08:00,2025-11-25T02:41:00+08:00,0,customs_hold,CG000000001477,64311.15,2026-06-15T00:19:00+08:00
SHP-0001478,PO-202604-001775,SUP-007,rail,承运商11,上海,WH-06,2026-05-04T06:28:00+08:00,2026-05-04T06:28:00+08:00,0,in_transit,CG000000001478,66415.79,2026-06-14T11:34:00+08:00
SHP-0001479,PO-202508-001359,SUP-036,road,承运商07,苏州,WH-05,2025-08-18T22:13:00+08:00,2025-08-18T22:13:00+08:00,0,blocked,CG000000001479,10803.06,2026-06-14T08:24:00+08:00
SHP-0001480,PO-202511-001245,SUP-037,road,承运商03,天津,WH-05,2025-12-01T04:32:00+08:00,2025-12-02T04:32:00+08:00,24,delayed,CG000000001480,28090.81,2026-06-14T18:46:00+08:00
SHP-0001481,PO-202602-001352,SUP-028,road,承运商15,宁波,WH-05,2026-02-27T22:31:00+08:00,2026-02-27T22:31:00+08:00,0,in_transit,CG000000001481,46059.59,2026-06-14T11:41:00+08:00
SHP-0001482,PO-202507-000495,SUP-029,sea,承运商18,宁波,WH-06,2025-07-04T08:55:00+08:00,2025-07-06T08:55:00+08:00,48,in_transit,CG000000001482,58749.78,2026-06-14T12:32:00+08:00
SHP-0001483,PO-202603-001548,SUP-017,road,承运商17,青岛,WH-05,2026-03-07T22:41:00+08:00,2026-03-08T04:41:00+08:00,6,delivered,CG000000001483,36503.83,2026-06-15T03:12:00+08:00
SHP-0001484,PO-202508-000539,SUP-052,road,承运商06,东莞,WH-02,2025-09-01T02:52:00+08:00,2025-09-02T02:52:00+08:00,24,delivered,CG000000001484,6614.6,2026-06-14T09:01:00+08:00
SHP-0001485,PO-202510-001310,SUP-021,road,承运商21,天津,WH-04,2025-10-11T15:52:00+08:00,2025-10-11T15:52:00+08:00,0,delivered,CG000000001485,47087.56,2026-06-14T09:41:00+08:00
SHP-0001486,PO-202601-001716,SUP-015,sea,承运商12,武汉,WH-02,2026-01-14T17:20:00+08:00,2026-01-15T05:20:00+08:00,12,delayed,CG000000001486,64761.26,2026-06-14T15:53:00+08:00
SHP-0001487,PO-202604-001579,SUP-054,road,承运商20,东莞,WH-05,2026-04-11T06:38:00+08:00,2026-04-13T06:38:00+08:00,48,delayed,CG000000001487,37721.53,2026-06-14T20:45:00+08:00
SHP-0001488,PO-202603-001037,SUP-036,road,承运商20,宁波,WH-01,2026-03-04T08:26:00+08:00,2026-03-07T08:26:00+08:00,72,delivered,CG000000001488,32710.43,2026-06-14T19:16:00+08:00
SHP-0001489,PO-202603-001509,SUP-041,sea,承运商17,宁波,WH-01,2026-03-20T17:59:00+08:00,2026-03-20T17:59:00+08:00,0,in_transit,CG000000001489,26872.89,2026-06-14T13:00:00+08:00
SHP-0001490,PO-202510-000299,SUP-043,road,承运商24,苏州,WH-02,2025-10-18T00:23:00+08:00,2025-10-21T00:23:00+08:00,72,in_transit,CG000000001490,15186.49,2026-06-15T07:20:00+08:00
SHP-0001491,PO-202601-000261,SUP-051,road,承运商15,青岛,WH-03,2026-02-05T05:57:00+08:00,2026-02-06T05:57:00+08:00,24,in_transit,CG000000001491,23976.8,2026-06-14T17:29:00+08:00
SHP-0001492,PO-202507-001711,SUP-049,road,承运商01,天津,WH-05,2025-07-22T01:15:00+08:00,2025-07-22T13:15:00+08:00,12,in_transit,CG000000001492,31352.11,2026-06-14T18:19:00+08:00
SHP-0001493,PO-202604-000272,SUP-058,air,承运商16,合肥,WH-02,2026-04-08T21:54:00+08:00,2026-04-08T21:54:00+08:00,0,delivered,CG000000001493,68563.33,2026-06-15T00:11:00+08:00
SHP-0001494,PO-202605-001721,SUP-010,sea,承运商08,杭州,WH-04,2026-05-23T14:45:00+08:00,2026-05-23T14:45:00+08:00,0,delivered,CG000000001494,11709.55,2026-06-14T23:38:00+08:00
SHP-0001495,PO-202604-000319,SUP-058,road,承运商03,宁波,WH-02,2026-04-26T03:45:00+08:00,2026-04-29T03:45:00+08:00,72,delayed,CG000000001495,48312.2,2026-06-14T21:14:00+08:00
SHP-0001496,PO-202602-001324,SUP-006,road,承运商02,青岛,WH-05,2026-02-07T18:30:00+08:00,2026-02-08T06:30:00+08:00,12,in_transit,CG000000001496,14406.68,2026-06-14T19:29:00+08:00
SHP-0001497,PO-202510-000852,SUP-046,rail,承运商16,东莞,WH-04,2025-10-28T03:23:00+08:00,2025-10-28T09:23:00+08:00,6,delivered,CG000000001497,24215.72,2026-06-14T10:25:00+08:00
SHP-0001498,PO-202606-000251,SUP-006,rail,承运商24,东莞,WH-05,2026-06-10T02:43:00+08:00,2026-06-10T02:43:00+08:00,0,delayed,CG000000001498,27731.79,2026-06-15T07:10:00+08:00
SHP-0001499,PO-202602-001646,SUP-009,rail,承运商20,杭州,WH-01,2026-02-12T15:25:00+08:00,2026-02-12T15:25:00+08:00,0,delivered,CG000000001499,66224.84,2026-06-14T09:40:00+08:00
SHP-0001500,PO-202506-000289,SUP-005,road,承运商18,宁波,WH-01,2025-06-17T23:33:00+08:00,2025-06-19T23:33:00+08:00,48,in_transit,CG000000001500,22546.36,2026-06-14T14:55:00+08:00
SHP-0001501,PO-202511-000912,SUP-015,road,承运商23,成都,WH-01,2025-11-12T09:52:00+08:00,2025-11-12T09:52:00+08:00,0,in_transit,CG000000001501,33689.7,2026-06-14T09:39:00+08:00
SHP-0001502,PO-202601-000228,SUP-020,road,承运商02,合肥,WH-05,2026-01-15T05:31:00+08:00,2026-01-15T05:31:00+08:00,0,delayed,CG000000001502,14482.61,2026-06-14T10:54:00+08:00
SHP-0001503,PO-202508-001359,SUP-036,road,承运商07,武汉,WH-05,2025-08-18T22:13:00+08:00,2025-08-19T04:13:00+08:00,6,blocked,CG000000001503,47612.75,2026-06-14T10:16:00+08:00
SHP-0001504,PO-202604-000649,SUP-038,road,承运商07,上海,WH-01,2026-04-06T19:12:00+08:00,2026-04-07T07:12:00+08:00,12,delivered,CG000000001504,42097.97,2026-06-15T02:56:00+08:00
SHP-0001505,PO-202605-001228,SUP-037,sea,承运商02,武汉,WH-01,2026-05-13T18:55:00+08:00,2026-05-13T18:55:00+08:00,0,in_transit,CG000000001505,59066.08,2026-06-14T17:57:00+08:00
SHP-0001506,PO-202512-001237,SUP-047,air,承运商23,青岛,WH-05,2025-12-25T11:44:00+08:00,2025-12-25T11:44:00+08:00,0,in_transit,CG000000001506,83220.14,2026-06-14T08:15:00+08:00
SHP-0001507,PO-202508-001381,SUP-034,road,承运商07,天津,WH-05,2025-08-11T03:24:00+08:00,2025-08-11T03:24:00+08:00,0,delivered,CG000000001507,48422.55,2026-06-14T15:34:00+08:00
SHP-0001508,PO-202509-001072,SUP-028,road,承运商07,上海,WH-01,2025-09-16T23:38:00+08:00,2025-09-16T23:38:00+08:00,0,delayed,CG000000001508,29183.0,2026-06-14T17:01:00+08:00
SHP-0001509,PO-202603-000670,SUP-002,road,承运商14,天津,WH-05,2026-03-09T07:03:00+08:00,2026-03-09T19:03:00+08:00,12,delivered,CG000000001509,60433.33,2026-06-14T20:26:00+08:00
SHP-0001510,PO-202602-001653,SUP-037,road,承运商23,杭州,WH-02,2026-03-06T03:32:00+08:00,2026-03-06T03:32:00+08:00,0,delayed,CG000000001510,29293.62,2026-06-15T01:58:00+08:00
SHP-0001511,PO-202510-001572,SUP-016,road,承运商07,青岛,WH-05,2025-10-16T16:39:00+08:00,2025-10-16T16:39:00+08:00,0,customs_hold,CG000000001511,47569.55,2026-06-14T22:07:00+08:00
SHP-0001512,PO-202604-001771,SUP-029,road,承运商15,东莞,WH-03,2026-04-29T18:50:00+08:00,2026-04-30T06:50:00+08:00,12,customs_hold,CG000000001512,44133.84,2026-06-14T21:42:00+08:00
SHP-0001513,PO-202604-001300,SUP-055,road,承运商17,苏州,WH-04,2026-04-22T09:42:00+08:00,2026-04-22T09:42:00+08:00,0,in_transit,CG000000001513,53137.64,2026-06-14T16:57:00+08:00
SHP-0001514,PO-202509-000658,SUP-004,road,承运商21,东莞,WH-06,2025-09-14T23:29:00+08:00,2025-09-16T23:29:00+08:00,48,delivered,CG000000001514,5757.37,2026-06-14T23:44:00+08:00
SHP-0001515,PO-202508-001696,SUP-026,air,承运商22,青岛,WH-03,2025-09-03T22:15:00+08:00,2025-09-03T22:15:00+08:00,0,customs_hold,CG000000001515,61428.0,2026-06-14T15:17:00+08:00
SHP-0001516,PO-202507-000153,SUP-003,sea,承运商15,青岛,WH-01,2025-07-31T16:18:00+08:00,2025-07-31T16:18:00+08:00,0,customs_hold,CG000000001516,10772.12,2026-06-14T08:18:00+08:00
SHP-0001517,PO-202605-000371,SUP-058,air,承运商01,天津,WH-06,2026-05-09T12:30:00+08:00,2026-05-12T12:30:00+08:00,72,blocked,CG000000001517,154075.0,2026-06-14T13:09:00+08:00
SHP-0001518,PO-202509-001350,SUP-058,road,承运商08,合肥,WH-06,2025-09-07T03:39:00+08:00,2025-09-07T03:39:00+08:00,0,in_transit,CG000000001518,54241.82,2026-06-15T03:49:00+08:00
SHP-0001519,PO-202507-000025,SUP-017,sea,承运商03,合肥,WH-05,2025-07-06T18:12:00+08:00,2025-07-06T18:12:00+08:00,0,delivered,CG000000001519,10696.2,2026-06-15T06:27:00+08:00
SHP-0001520,PO-202605-000250,SUP-053,rail,承运商03,东莞,WH-01,2026-05-10T06:23:00+08:00,2026-05-10T12:23:00+08:00,6,customs_hold,CG000000001520,58983.39,2026-06-14T21:57:00+08:00
SHP-0001521,PO-202601-001173,SUP-037,road,承运商14,苏州,WH-03,2026-01-20T16:13:00+08:00,2026-01-22T16:13:00+08:00,48,delivered,CG000000001521,52772.43,2026-06-14T21:27:00+08:00
SHP-0001522,PO-202511-000144,SUP-018,rail,承运商24,青岛,WH-04,2025-11-08T06:03:00+08:00,2025-11-08T06:03:00+08:00,0,delivered,CG000000001522,7946.62,2026-06-15T05:40:00+08:00
SHP-0001523,PO-202601-001379,SUP-049,sea,承运商03,上海,WH-02,2026-01-14T00:55:00+08:00,2026-01-15T00:55:00+08:00,24,delivered,CG000000001523,59873.32,2026-06-14T12:54:00+08:00
SHP-0001524,PO-202511-000487,SUP-038,air,承运商06,宁波,WH-06,2025-11-28T05:50:00+08:00,2025-11-30T05:50:00+08:00,48,delivered,CG000000001524,69205.24,2026-06-14T09:24:00+08:00
SHP-0001525,PO-202507-000508,SUP-018,rail,承运商15,青岛,WH-06,2025-08-01T09:53:00+08:00,2025-08-01T21:53:00+08:00,12,delayed,CG000000001525,23961.18,2026-06-15T01:16:00+08:00
SHP-0001526,PO-202603-000221,SUP-029,road,承运商08,东莞,WH-01,2026-03-03T12:15:00+08:00,2026-03-03T12:15:00+08:00,0,in_transit,CG000000001526,59306.55,2026-06-15T00:03:00+08:00
SHP-0001527,PO-202510-000818,SUP-022,road,承运商07,成都,WH-01,2025-10-21T11:52:00+08:00,2025-10-23T11:52:00+08:00,48,in_transit,CG000000001527,54774.89,2026-06-14T19:54:00+08:00
SHP-0001528,PO-202606-001798,SUP-057,sea,承运商11,武汉,WH-01,2026-06-17T18:54:00+08:00,2026-06-18T06:54:00+08:00,12,in_transit,CG000000001528,21979.6,2026-06-14T14:11:00+08:00
SHP-0001529,PO-202602-000875,SUP-054,road,承运商12,成都,WH-01,2026-02-09T00:32:00+08:00,2026-02-09T00:32:00+08:00,0,delayed,CG000000001529,25434.71,2026-06-14T11:22:00+08:00
SHP-0001530,PO-202511-000831,SUP-032,air,承运商15,东莞,WH-03,2025-12-04T22:00:00+08:00,2025-12-04T22:00:00+08:00,0,delivered,CG000000001530,78830.71,2026-06-14T20:05:00+08:00
SHP-0001531,PO-202512-001483,SUP-028,road,承运商03,苏州,WH-02,2025-12-27T00:22:00+08:00,2025-12-27T06:22:00+08:00,6,in_transit,CG000000001531,11095.6,2026-06-14T23:57:00+08:00
SHP-0001532,PO-202508-000224,SUP-007,road,承运商08,合肥,WH-05,2025-08-20T03:24:00+08:00,2025-08-20T03:24:00+08:00,0,customs_hold,CG000000001532,33742.34,2026-06-14T17:31:00+08:00
SHP-0001533,PO-202602-000032,SUP-007,air,承运商16,武汉,WH-06,2026-02-12T17:51:00+08:00,2026-02-13T05:51:00+08:00,12,delayed,CG000000001533,115731.43,2026-06-14T14:45:00+08:00
SHP-0001534,PO-202604-000649,SUP-038,road,承运商05,宁波,WH-02,2026-04-06T19:12:00+08:00,2026-04-06T19:12:00+08:00,0,delivered,CG000000001534,32095.2,2026-06-14T16:07:00+08:00
SHP-0001535,PO-202507-001427,SUP-035,road,承运商18,合肥,WH-06,2025-07-18T15:52:00+08:00,2025-07-18T15:52:00+08:00,0,in_transit,CG000000001535,18521.79,2026-06-15T04:53:00+08:00
SHP-0001536,PO-202603-000233,SUP-002,road,承运商10,苏州,WH-03,2026-03-28T19:35:00+08:00,2026-03-29T01:35:00+08:00,6,in_transit,CG000000001536,8990.65,2026-06-14T19:34:00+08:00
SHP-0001537,PO-202604-000558,SUP-008,road,承运商16,东莞,WH-06,2026-04-22T16:04:00+08:00,2026-04-24T16:04:00+08:00,48,in_transit,CG000000001537,61420.05,2026-06-14T19:39:00+08:00
SHP-0001538,PO-202601-001630,SUP-016,road,承运商12,东莞,WH-02,2026-01-20T15:19:00+08:00,2026-01-20T15:19:00+08:00,0,customs_hold,CG000000001538,37542.23,2026-06-14T14:48:00+08:00
SHP-0001539,PO-202510-001550,SUP-031,road,承运商11,武汉,WH-01,2025-10-18T22:08:00+08:00,2025-10-18T22:08:00+08:00,0,delayed,CG000000001539,54711.38,2026-06-15T03:14:00+08:00
SHP-0001540,PO-202511-001432,SUP-010,road,承运商07,杭州,WH-03,2025-12-04T09:39:00+08:00,2025-12-04T09:39:00+08:00,0,delivered,CG000000001540,22627.65,2026-06-14T08:39:00+08:00
SHP-0001541,PO-202507-001755,SUP-027,road,承运商11,宁波,WH-06,2025-07-26T03:36:00+08:00,2025-07-28T03:36:00+08:00,48,in_transit,CG000000001541,32937.58,2026-06-14T12:29:00+08:00
SHP-0001542,PO-202510-000637,SUP-055,rail,承运商23,青岛,WH-05,2025-10-12T22:57:00+08:00,2025-10-13T22:57:00+08:00,24,delivered,CG000000001542,13668.45,2026-06-14T10:47:00+08:00
SHP-0001543,PO-202506-000289,SUP-005,road,承运商17,成都,WH-02,2025-06-17T23:33:00+08:00,2025-06-17T23:33:00+08:00,0,delivered,CG000000001543,50198.13,2026-06-15T06:03:00+08:00
SHP-0001544,PO-202512-000758,SUP-036,road,承运商21,青岛,WH-01,2025-12-11T04:27:00+08:00,2025-12-13T04:27:00+08:00,48,blocked,CG000000001544,6663.86,2026-06-15T03:10:00+08:00
SHP-0001545,PO-202604-000453,SUP-012,road,承运商19,杭州,WH-05,2026-04-14T05:44:00+08:00,2026-04-14T17:44:00+08:00,12,delivered,CG000000001545,23761.76,2026-06-14T12:14:00+08:00
SHP-0001546,PO-202604-001365,SUP-034,rail,承运商22,宁波,WH-03,2026-05-06T04:51:00+08:00,2026-05-07T04:51:00+08:00,24,delivered,CG000000001546,19614.25,2026-06-15T00:53:00+08:00
SHP-0001547,PO-202507-001393,SUP-026,rail,承运商12,天津,WH-01,2025-07-07T20:13:00+08:00,2025-07-07T20:13:00+08:00,0,delivered,CG000000001547,63058.73,2026-06-14T19:13:00+08:00
SHP-0001548,PO-202508-001318,SUP-023,road,承运商20,青岛,WH-01,2025-08-28T12:35:00+08:00,2025-08-29T00:35:00+08:00,12,delayed,CG000000001548,36974.69,2026-06-15T06:36:00+08:00
SHP-0001549,PO-202506-000930,SUP-001,road,承运商22,青岛,WH-04,2025-07-06T11:42:00+08:00,2025-07-06T11:42:00+08:00,0,in_transit,CG000000001549,16981.44,2026-06-15T03:26:00+08:00
SHP-0001550,PO-202507-000481,SUP-043,rail,承运商07,上海,WH-02,2025-07-30T03:01:00+08:00,2025-07-30T03:01:00+08:00,0,delivered,CG000000001550,11604.45,2026-06-14T14:15:00+08:00
SHP-0001551,PO-202512-001178,SUP-033,rail,承运商07,成都,WH-06,2025-12-12T05:19:00+08:00,2025-12-12T05:19:00+08:00,0,delivered,CG000000001551,62165.26,2026-06-14T20:25:00+08:00
SHP-0001552,PO-202510-001578,SUP-016,road,承运商04,上海,WH-04,2025-10-16T21:47:00+08:00,2025-10-16T21:47:00+08:00,0,delivered,CG000000001552,16887.55,2026-06-14T16:07:00+08:00
SHP-0001553,PO-202604-001021,SUP-008,rail,承运商16,宁波,WH-03,2026-04-10T15:24:00+08:00,2026-04-10T15:24:00+08:00,0,delayed,CG000000001553,19418.95,2026-06-14T12:00:00+08:00
SHP-0001554,PO-202511-000149,SUP-017,road,承运商14,杭州,WH-05,2025-11-28T05:44:00+08:00,2025-11-28T05:44:00+08:00,0,delivered,CG000000001554,6324.99,2026-06-14T09:17:00+08:00
SHP-0001555,PO-202601-000116,SUP-038,sea,承运商24,天津,WH-02,2026-01-14T17:49:00+08:00,2026-01-15T17:49:00+08:00,24,delayed,CG000000001555,48346.88,2026-06-14T08:57:00+08:00
SHP-0001556,PO-202603-000103,SUP-031,rail,承运商05,杭州,WH-02,2026-03-24T11:13:00+08:00,2026-03-24T11:13:00+08:00,0,delivered,CG000000001556,54248.93,2026-06-14T11:52:00+08:00
SHP-0001557,PO-202510-001441,SUP-012,road,承运商17,青岛,WH-03,2025-11-03T05:12:00+08:00,2025-11-04T05:12:00+08:00,24,customs_hold,CG000000001557,23423.04,2026-06-14T15:17:00+08:00
SHP-0001558,PO-202512-000006,SUP-034,sea,承运商03,天津,WH-04,2025-12-09T03:32:00+08:00,2025-12-09T03:32:00+08:00,0,delivered,CG000000001558,32274.11,2026-06-14T21:16:00+08:00
SHP-0001559,PO-202508-000010,SUP-041,road,承运商17,合肥,WH-02,2025-08-08T08:52:00+08:00,2025-08-08T20:52:00+08:00,12,delivered,CG000000001559,44476.19,2026-06-14T21:57:00+08:00
SHP-0001560,PO-202507-001070,SUP-005,road,承运商22,杭州,WH-01,2025-07-31T20:11:00+08:00,2025-07-31T20:11:00+08:00,0,in_transit,CG000000001560,27873.13,2026-06-14T20:14:00+08:00
SHP-0001561,PO-202512-001496,SUP-022,sea,承运商22,武汉,WH-01,2025-12-27T17:45:00+08:00,2025-12-27T17:45:00+08:00,0,delivered,CG000000001561,12837.18,2026-06-14T21:28:00+08:00
SHP-0001562,PO-202509-000399,SUP-009,road,承运商04,天津,WH-03,2025-09-16T02:02:00+08:00,2025-09-16T02:02:00+08:00,0,delivered,CG000000001562,51848.88,2026-06-15T04:00:00+08:00
SHP-0001563,PO-202507-001649,SUP-022,road,承运商13,成都,WH-02,2025-07-14T03:43:00+08:00,2025-07-14T03:43:00+08:00,0,delivered,CG000000001563,3627.03,2026-06-14T09:50:00+08:00
SHP-0001564,PO-202508-001356,SUP-055,road,承运商16,杭州,WH-03,2025-08-14T21:53:00+08:00,2025-08-14T21:53:00+08:00,0,in_transit,CG000000001564,40719.45,2026-06-15T06:17:00+08:00
SHP-0001565,PO-202509-000021,SUP-050,road,承运商03,青岛,WH-02,2025-09-17T13:24:00+08:00,2025-09-19T13:24:00+08:00,48,in_transit,CG000000001565,32215.46,2026-06-15T04:27:00+08:00
SHP-0001566,PO-202602-001078,SUP-025,road,承运商20,合肥,WH-05,2026-02-26T16:41:00+08:00,2026-02-26T22:41:00+08:00,6,delayed,CG000000001566,10355.92,2026-06-15T02:03:00+08:00
SHP-0001567,PO-202601-000922,SUP-052,sea,承运商08,青岛,WH-01,2026-01-23T23:11:00+08:00,2026-01-23T23:11:00+08:00,0,delivered,CG000000001567,19399.23,2026-06-14T18:20:00+08:00
SHP-0001568,PO-202602-001127,SUP-013,road,承运商22,合肥,WH-05,2026-02-22T13:21:00+08:00,2026-02-23T01:21:00+08:00,12,delivered,CG000000001568,58333.02,2026-06-14T12:47:00+08:00
SHP-0001569,PO-202511-000821,SUP-007,road,承运商18,合肥,WH-01,2025-11-22T15:10:00+08:00,2025-11-22T15:10:00+08:00,0,delivered,CG000000001569,30945.52,2026-06-14T23:41:00+08:00
SHP-0001570,PO-202603-001301,SUP-040,road,承运商13,宁波,WH-05,2026-03-05T18:59:00+08:00,2026-03-06T00:59:00+08:00,6,delivered,CG000000001570,40250.05,2026-06-14T16:15:00+08:00
SHP-0001571,PO-202510-000283,SUP-005,sea,承运商09,苏州,WH-04,2025-10-13T12:03:00+08:00,2025-10-13T18:03:00+08:00,6,delayed,CG000000001571,63085.25,2026-06-15T06:16:00+08:00
SHP-0001572,PO-202511-001115,SUP-055,rail,承运商11,天津,WH-06,2025-11-15T02:13:00+08:00,2025-11-15T14:13:00+08:00,12,delayed,CG000000001572,26307.97,2026-06-14T10:03:00+08:00
SHP-0001573,PO-202604-000338,SUP-042,air,承运商09,青岛,WH-01,2026-04-10T10:18:00+08:00,2026-04-10T10:18:00+08:00,0,delivered,CG000000001573,87298.71,2026-06-15T02:50:00+08:00
SHP-0001574,PO-202602-001078,SUP-025,road,承运商24,青岛,WH-05,2026-02-26T16:41:00+08:00,2026-02-26T16:41:00+08:00,0,delivered,CG000000001574,60283.64,2026-06-15T05:50:00+08:00
SHP-0001575,PO-202602-001342,SUP-050,rail,承运商23,天津,WH-03,2026-02-04T22:38:00+08:00,2026-02-05T10:38:00+08:00,12,delayed,CG000000001575,34790.21,2026-06-14T21:18:00+08:00
SHP-0001576,PO-202510-001117,SUP-031,road,承运商15,武汉,WH-05,2025-10-21T04:48:00+08:00,2025-10-22T04:48:00+08:00,24,delayed,CG000000001576,64938.16,2026-06-15T05:59:00+08:00
SHP-0001577,PO-202509-000395,SUP-045,air,承运商12,合肥,WH-05,2025-09-23T12:41:00+08:00,2025-09-24T00:41:00+08:00,12,in_transit,CG000000001577,54531.93,2026-06-14T08:02:00+08:00
SHP-0001578,PO-202602-001337,SUP-035,sea,承运商09,苏州,WH-04,2026-02-24T05:35:00+08:00,2026-02-24T11:35:00+08:00,6,in_transit,CG000000001578,38386.17,2026-06-15T05:14:00+08:00
SHP-0001579,PO-202511-000600,SUP-050,road,承运商22,上海,WH-03,2025-11-11T02:34:00+08:00,2025-11-14T02:34:00+08:00,72,delivered,CG000000001579,63856.06,2026-06-15T01:40:00+08:00
SHP-0001580,PO-202510-000796,SUP-023,sea,承运商13,成都,WH-06,2025-10-13T14:53:00+08:00,2025-10-13T14:53:00+08:00,0,delivered,CG000000001580,3619.07,2026-06-14T21:17:00+08:00
SHP-0001581,PO-202512-000845,SUP-009,sea,承运商01,青岛,WH-01,2025-12-09T11:36:00+08:00,2025-12-09T11:36:00+08:00,0,delivered,CG000000001581,34204.46,2026-06-14T20:52:00+08:00
SHP-0001582,PO-202605-001560,SUP-056,road,承运商24,天津,WH-03,2026-05-27T00:37:00+08:00,2026-05-27T00:37:00+08:00,0,in_transit,CG000000001582,43103.99,2026-06-14T23:11:00+08:00
SHP-0001583,PO-202511-000082,SUP-010,sea,承运商14,苏州,WH-04,2025-12-01T00:42:00+08:00,2025-12-01T12:42:00+08:00,12,delayed,CG000000001583,55812.64,2026-06-15T05:05:00+08:00
SHP-0001584,PO-202511-001650,SUP-012,road,承运商03,青岛,WH-01,2025-11-27T16:09:00+08:00,2025-11-27T22:09:00+08:00,6,delayed,CG000000001584,19599.28,2026-06-14T21:16:00+08:00
SHP-0001585,PO-202507-000301,SUP-016,road,承运商22,东莞,WH-03,2025-07-23T14:46:00+08:00,2025-07-23T14:46:00+08:00,0,delivered,CG000000001585,8531.11,2026-06-14T22:46:00+08:00
SHP-0001586,PO-202507-000229,SUP-051,road,承运商08,青岛,WH-01,2025-08-01T12:17:00+08:00,2025-08-02T00:17:00+08:00,12,in_transit,CG000000001586,45072.05,2026-06-14T09:56:00+08:00
SHP-0001587,PO-202604-000416,SUP-022,sea,承运商01,合肥,WH-05,2026-04-24T23:12:00+08:00,2026-04-24T23:12:00+08:00,0,in_transit,CG000000001587,37769.07,2026-06-15T05:20:00+08:00
SHP-0001588,PO-202508-001507,SUP-006,road,承运商04,上海,WH-01,2025-08-06T05:35:00+08:00,2025-08-06T17:35:00+08:00,12,delayed,CG000000001588,5866.37,2026-06-14T18:37:00+08:00
SHP-0001589,PO-202605-000588,SUP-013,road,承运商01,苏州,WH-06,2026-06-07T04:38:00+08:00,2026-06-07T04:38:00+08:00,0,delivered,CG000000001589,43370.28,2026-06-14T12:54:00+08:00
SHP-0001590,PO-202604-000684,SUP-006,air,承运商12,苏州,WH-06,2026-04-30T07:47:00+08:00,2026-05-01T07:47:00+08:00,24,delivered,CG000000001590,161806.83,2026-06-15T06:03:00+08:00
SHP-0001591,PO-202605-001540,SUP-009,road,承运商20,青岛,WH-01,2026-05-27T00:56:00+08:00,2026-05-27T00:56:00+08:00,0,delivered,CG000000001591,46789.99,2026-06-14T15:16:00+08:00
SHP-0001592,PO-202510-000299,SUP-043,air,承运商05,苏州,WH-03,2025-10-18T00:23:00+08:00,2025-10-18T12:23:00+08:00,12,delivered,CG000000001592,48467.82,2026-06-14T14:39:00+08:00
SHP-0001593,PO-202605-000043,SUP-022,sea,承运商10,武汉,WH-02,2026-05-29T06:50:00+08:00,2026-05-29T12:50:00+08:00,6,customs_hold,CG000000001593,11943.72,2026-06-14T17:53:00+08:00
SHP-0001594,PO-202605-000992,SUP-056,sea,承运商04,杭州,WH-03,2026-05-21T12:09:00+08:00,2026-05-21T12:09:00+08:00,0,delayed,CG000000001594,66202.41,2026-06-14T20:06:00+08:00
SHP-0001595,PO-202603-001287,SUP-040,road,承运商16,宁波,WH-03,2026-03-12T00:29:00+08:00,2026-03-12T00:29:00+08:00,0,delayed,CG000000001595,55970.64,2026-06-15T00:06:00+08:00
SHP-0001596,PO-202509-000009,SUP-020,rail,承运商14,苏州,WH-03,2025-09-26T00:48:00+08:00,2025-09-26T12:48:00+08:00,12,delivered,CG000000001596,14101.21,2026-06-14T09:27:00+08:00
SHP-0001597,PO-202511-001472,SUP-046,road,承运商03,上海,WH-01,2025-11-08T20:00:00+08:00,2025-11-11T20:00:00+08:00,72,in_transit,CG000000001597,30453.79,2026-06-14T09:07:00+08:00
SHP-0001598,PO-202603-001414,SUP-026,road,承运商23,合肥,WH-03,2026-03-21T03:30:00+08:00,2026-03-23T03:30:00+08:00,48,customs_hold,CG000000001598,63535.65,2026-06-14T22:19:00+08:00
SHP-0001599,PO-202511-001759,SUP-039,road,承运商04,合肥,WH-02,2025-11-29T22:36:00+08:00,2025-11-30T10:36:00+08:00,12,in_transit,CG000000001599,37100.97,2026-06-15T06:10:00+08:00
SHP-0001600,PO-202602-000514,SUP-049,road,承运商04,上海,WH-02,2026-02-21T02:57:00+08:00,2026-02-22T02:57:00+08:00,24,delivered,CG000000001600,15437.12,2026-06-14T11:08:00+08:00
SHP-0001601,PO-202507-000330,SUP-038,road,承运商14,成都,WH-06,2025-07-22T10:59:00+08:00,2025-07-22T22:59:00+08:00,12,delivered,CG000000001601,5109.65,2026-06-14T09:27:00+08:00
SHP-0001602,PO-202509-001530,SUP-050,sea,承运商05,东莞,WH-02,2025-09-19T11:17:00+08:00,2025-09-19T11:17:00+08:00,0,delivered,CG000000001602,29958.54,2026-06-14T18:30:00+08:00
SHP-0001603,PO-202512-000230,SUP-032,road,承运商22,东莞,WH-05,2025-12-29T01:20:00+08:00,2026-01-01T01:20:00+08:00,72,delivered,CG000000001603,28677.48,2026-06-15T04:01:00+08:00
SHP-0001604,PO-202512-000347,SUP-002,road,承运商19,合肥,WH-05,2026-01-07T22:33:00+08:00,2026-01-08T04:33:00+08:00,6,customs_hold,CG000000001604,28405.56,2026-06-15T04:17:00+08:00
SHP-0001605,PO-202601-001703,SUP-031,sea,承运商15,杭州,WH-04,2026-01-21T16:10:00+08:00,2026-01-21T22:10:00+08:00,6,customs_hold,CG000000001605,9454.27,2026-06-14T14:22:00+08:00
SHP-0001606,PO-202509-000225,SUP-038,road,承运商03,东莞,WH-06,2025-09-28T22:39:00+08:00,2025-10-01T22:39:00+08:00,72,delivered,CG000000001606,60829.61,2026-06-15T01:30:00+08:00
SHP-0001607,PO-202605-001424,SUP-004,road,承运商03,宁波,WH-06,2026-05-05T15:26:00+08:00,2026-05-05T15:26:00+08:00,0,delivered,CG000000001607,52689.66,2026-06-14T11:28:00+08:00
SHP-0001608,PO-202507-000332,SUP-016,sea,承运商03,东莞,WH-02,2025-07-30T13:31:00+08:00,2025-07-30T13:31:00+08:00,0,delivered,CG000000001608,59055.7,2026-06-14T19:06:00+08:00
SHP-0001609,PO-202509-001072,SUP-028,sea,承运商18,成都,WH-02,2025-09-16T23:38:00+08:00,2025-09-17T05:38:00+08:00,6,delivered,CG000000001609,37369.79,2026-06-14T21:59:00+08:00
SHP-0001610,PO-202604-000372,SUP-049,rail,承运商08,武汉,WH-01,2026-05-03T15:27:00+08:00,2026-05-03T15:27:00+08:00,0,blocked,CG000000001610,43549.38,2026-06-14T09:56:00+08:00
SHP-0001611,PO-202512-000190,SUP-048,rail,承运商03,杭州,WH-04,2025-12-11T11:22:00+08:00,2025-12-11T17:22:00+08:00,6,delivered,CG000000001611,13046.93,2026-06-14T19:28:00+08:00
SHP-0001612,PO-202601-000041,SUP-027,sea,承运商01,苏州,WH-04,2026-01-27T05:03:00+08:00,2026-01-27T11:03:00+08:00,6,in_transit,CG000000001612,34481.71,2026-06-14T16:38:00+08:00
SHP-0001613,PO-202509-001391,SUP-028,road,承运商23,上海,WH-01,2025-09-25T03:20:00+08:00,2025-09-25T03:20:00+08:00,0,delivered,CG000000001613,31808.48,2026-06-14T14:34:00+08:00
SHP-0001614,PO-202604-000884,SUP-036,air,承运商24,天津,WH-06,2026-04-28T14:13:00+08:00,2026-04-29T02:13:00+08:00,12,delivered,CG000000001614,82033.14,2026-06-15T00:24:00+08:00
SHP-0001615,PO-202507-000826,SUP-022,air,承运商10,苏州,WH-04,2025-07-13T11:19:00+08:00,2025-07-13T23:19:00+08:00,12,delivered,CG000000001615,151142.42,2026-06-14T14:56:00+08:00
SHP-0001616,PO-202512-000120,SUP-037,air,承运商05,合肥,WH-01,2025-12-26T01:01:00+08:00,2025-12-26T01:01:00+08:00,0,delivered,CG000000001616,126587.46,2026-06-14T20:17:00+08:00
SHP-0001617,PO-202604-000538,SUP-052,rail,承运商17,天津,WH-02,2026-05-01T07:45:00+08:00,2026-05-01T07:45:00+08:00,0,in_transit,CG000000001617,47292.47,2026-06-15T00:27:00+08:00
SHP-0001618,PO-202511-000437,SUP-045,road,承运商23,宁波,WH-06,2025-12-02T18:59:00+08:00,2025-12-02T18:59:00+08:00,0,blocked,CG000000001618,60836.66,2026-06-14T20:41:00+08:00
SHP-0001619,PO-202602-000875,SUP-054,sea,承运商09,苏州,WH-04,2026-02-09T00:32:00+08:00,2026-02-09T00:32:00+08:00,0,delivered,CG000000001619,55252.47,2026-06-14T10:57:00+08:00
SHP-0001620,PO-202506-001196,SUP-006,air,承运商14,上海,WH-03,2025-07-02T16:42:00+08:00,2025-07-02T16:42:00+08:00,0,delivered,CG000000001620,144921.98,2026-06-15T07:58:00+08:00
SHP-0001621,PO-202508-001106,SUP-041,road,承运商18,成都,WH-03,2025-09-02T20:11:00+08:00,2025-09-02T20:11:00+08:00,0,delivered,CG000000001621,28300.41,2026-06-14T20:54:00+08:00
SHP-0001622,PO-202603-001541,SUP-013,road,承运商02,上海,WH-06,2026-03-09T09:46:00+08:00,2026-03-09T09:46:00+08:00,0,delivered,CG000000001622,19460.27,2026-06-14T20:52:00+08:00
SHP-0001623,PO-202509-001353,SUP-026,road,承运商24,成都,WH-04,2025-09-12T09:12:00+08:00,2025-09-12T09:12:00+08:00,0,delivered,CG000000001623,10855.34,2026-06-14T16:16:00+08:00
SHP-0001624,PO-202511-000511,SUP-056,road,承运商08,上海,WH-04,2025-11-19T07:19:00+08:00,2025-11-19T13:19:00+08:00,6,in_transit,CG000000001624,13027.76,2026-06-15T06:24:00+08:00
SHP-0001625,PO-202604-001313,SUP-029,road,承运商04,杭州,WH-04,2026-04-10T14:52:00+08:00,2026-04-10T14:52:00+08:00,0,delivered,CG000000001625,61956.32,2026-06-14T15:44:00+08:00
SHP-0001626,PO-202511-001309,SUP-059,rail,承运商07,苏州,WH-03,2025-11-21T06:31:00+08:00,2025-11-21T06:31:00+08:00,0,in_transit,CG000000001626,3296.68,2026-06-15T06:52:00+08:00
SHP-0001627,PO-202603-000564,SUP-046,air,承运商17,青岛,WH-04,2026-03-26T08:20:00+08:00,2026-03-26T08:20:00+08:00,0,delivered,CG000000001627,133888.77,2026-06-14T21:11:00+08:00
SHP-0001628,PO-202507-000582,SUP-041,road,承运商14,上海,WH-06,2025-08-05T17:08:00+08:00,2025-08-05T17:08:00+08:00,0,in_transit,CG000000001628,66446.25,2026-06-15T03:55:00+08:00
SHP-0001629,PO-202512-000467,SUP-005,sea,承运商08,宁波,WH-01,2025-12-24T23:38:00+08:00,2025-12-25T11:38:00+08:00,12,delayed,CG000000001629,28473.17,2026-06-15T04:33:00+08:00
SHP-0001630,PO-202601-000899,SUP-022,road,承运商15,合肥,WH-01,2026-01-10T01:39:00+08:00,2026-01-10T01:39:00+08:00,0,in_transit,CG000000001630,62455.54,2026-06-15T04:29:00+08:00
SHP-0001631,PO-202605-000371,SUP-058,sea,承运商13,杭州,WH-02,2026-05-09T12:30:00+08:00,2026-05-10T12:30:00+08:00,24,delivered,CG000000001631,11574.45,2026-06-15T02:00:00+08:00
SHP-0001632,PO-202508-001608,SUP-013,rail,承运商03,苏州,WH-02,2025-08-29T23:27:00+08:00,2025-08-30T11:27:00+08:00,12,delayed,CG000000001632,52188.48,2026-06-15T00:01:00+08:00
SHP-0001633,PO-202508-000723,SUP-033,sea,承运商22,上海,WH-01,2025-08-24T21:31:00+08:00,2025-08-24T21:31:00+08:00,0,in_transit,CG000000001633,11658.51,2026-06-14T17:07:00+08:00
SHP-0001634,PO-202511-001155,SUP-019,road,承运商05,苏州,WH-06,2025-11-21T11:55:00+08:00,2025-11-21T11:55:00+08:00,0,delivered,CG000000001634,5860.36,2026-06-15T07:06:00+08:00
SHP-0001635,PO-202509-000058,SUP-045,air,承运商09,杭州,WH-04,2025-09-28T04:17:00+08:00,2025-09-30T04:17:00+08:00,48,delivered,CG000000001635,58107.71,2026-06-14T09:33:00+08:00
SHP-0001636,PO-202508-000799,SUP-022,air,承运商03,成都,WH-06,2025-08-26T10:40:00+08:00,2025-08-26T10:40:00+08:00,0,delivered,CG000000001636,3740.46,2026-06-15T00:45:00+08:00
SHP-0001637,PO-202509-001125,SUP-003,road,承运商17,东莞,WH-06,2025-09-30T17:14:00+08:00,2025-10-03T17:14:00+08:00,72,delivered,CG000000001637,56983.12,2026-06-14T08:15:00+08:00
SHP-0001638,PO-202601-001218,SUP-017,road,承运商19,合肥,WH-04,2026-01-18T19:30:00+08:00,2026-01-19T07:30:00+08:00,12,in_transit,CG000000001638,14451.05,2026-06-14T15:19:00+08:00
SHP-0001639,PO-202509-001163,SUP-026,sea,承运商03,杭州,WH-05,2025-09-21T15:00:00+08:00,2025-09-21T15:00:00+08:00,0,customs_hold,CG000000001639,64579.0,2026-06-14T16:26:00+08:00
SHP-0001640,PO-202509-001514,SUP-052,road,承运商16,武汉,WH-06,2025-09-14T19:46:00+08:00,2025-09-15T19:46:00+08:00,24,delivered,CG000000001640,66548.04,2026-06-15T04:19:00+08:00
SHP-0001641,PO-202509-000436,SUP-026,sea,承运商14,东莞,WH-06,2025-10-03T02:52:00+08:00,2025-10-04T02:52:00+08:00,24,in_transit,CG000000001641,13715.2,2026-06-15T05:29:00+08:00
SHP-0001642,PO-202601-000002,SUP-022,road,承运商21,成都,WH-05,2026-01-30T11:04:00+08:00,2026-01-30T23:04:00+08:00,12,delivered,CG000000001642,36246.58,2026-06-14T13:33:00+08:00
SHP-0001643,PO-202602-000525,SUP-039,road,承运商09,成都,WH-03,2026-02-28T20:55:00+08:00,2026-02-28T20:55:00+08:00,0,in_transit,CG000000001643,39936.49,2026-06-14T17:53:00+08:00
SHP-0001644,PO-202602-000069,SUP-013,road,承运商24,天津,WH-02,2026-02-14T10:57:00+08:00,2026-02-14T10:57:00+08:00,0,customs_hold,CG000000001644,15043.92,2026-06-14T22:01:00+08:00
SHP-0001645,PO-202604-000485,SUP-041,air,承运商24,青岛,WH-06,2026-04-28T22:20:00+08:00,2026-04-29T04:20:00+08:00,6,delayed,CG000000001645,57155.59,2026-06-14T18:19:00+08:00
SHP-0001646,PO-202506-001321,SUP-050,road,承运商14,天津,WH-01,2025-06-30T06:24:00+08:00,2025-06-30T12:24:00+08:00,6,delivered,CG000000001646,9391.62,2026-06-14T19:28:00+08:00
SHP-0001647,PO-202509-001412,SUP-045,sea,承运商24,合肥,WH-05,2025-09-13T11:49:00+08:00,2025-09-13T17:49:00+08:00,6,delivered,CG000000001647,59672.0,2026-06-14T14:03:00+08:00
SHP-0001648,PO-202509-000741,SUP-018,road,承运商01,苏州,WH-05,2025-09-08T03:48:00+08:00,2025-09-08T03:48:00+08:00,0,delivered,CG000000001648,21133.21,2026-06-14T17:48:00+08:00
SHP-0001649,PO-202601-001562,SUP-058,air,承运商21,合肥,WH-06,2026-01-02T06:41:00+08:00,2026-01-02T18:41:00+08:00,12,in_transit,CG000000001649,74525.21,2026-06-15T01:37:00+08:00
SHP-0001650,PO-202511-000348,SUP-011,road,承运商14,东莞,WH-04,2025-11-26T12:09:00+08:00,2025-11-29T12:09:00+08:00,72,in_transit,CG000000001650,26500.41,2026-06-15T06:11:00+08:00
SHP-0001651,PO-202508-001696,SUP-026,road,承运商17,杭州,WH-05,2025-09-03T22:15:00+08:00,2025-09-03T22:15:00+08:00,0,delivered,CG000000001651,18833.58,2026-06-14T09:40:00+08:00
SHP-0001652,PO-202601-001495,SUP-045,sea,承运商21,合肥,WH-03,2026-01-29T05:30:00+08:00,2026-01-29T05:30:00+08:00,0,delayed,CG000000001652,7895.3,2026-06-14T09:52:00+08:00
SHP-0001653,PO-202509-000058,SUP-045,air,承运商14,苏州,WH-01,2025-09-28T04:17:00+08:00,2025-09-28T04:17:00+08:00,0,delivered,CG000000001653,10015.17,2026-06-15T05:53:00+08:00
SHP-0001654,PO-202605-001461,SUP-006,rail,承运商19,东莞,WH-06,2026-05-26T09:05:00+08:00,2026-05-26T09:05:00+08:00,0,delivered,CG000000001654,63680.93,2026-06-15T03:10:00+08:00
SHP-0001655,PO-202605-000168,SUP-048,air,承运商11,上海,WH-02,2026-05-31T15:28:00+08:00,2026-05-31T15:28:00+08:00,0,in_transit,CG000000001655,12473.25,2026-06-14T10:56:00+08:00
SHP-0001656,PO-202507-001306,SUP-036,sea,承运商11,上海,WH-02,2025-07-21T07:51:00+08:00,2025-07-21T07:51:00+08:00,0,in_transit,CG000000001656,22826.9,2026-06-14T18:48:00+08:00
SHP-0001657,PO-202604-001707,SUP-046,sea,承运商23,合肥,WH-04,2026-04-24T23:32:00+08:00,2026-04-26T23:32:00+08:00,48,delivered,CG000000001657,62262.32,2026-06-15T02:59:00+08:00
SHP-0001658,PO-202605-000987,SUP-009,rail,承运商09,东莞,WH-02,2026-05-25T11:24:00+08:00,2026-05-26T11:24:00+08:00,24,delivered,CG000000001658,42375.6,2026-06-14T20:02:00+08:00
SHP-0001659,PO-202508-000566,SUP-054,road,承运商11,武汉,WH-02,2025-08-27T12:21:00+08:00,2025-08-29T12:21:00+08:00,48,delivered,CG000000001659,2634.61,2026-06-14T13:57:00+08:00
SHP-0001660,PO-202604-000627,SUP-059,road,承运商19,青岛,WH-06,2026-04-13T11:14:00+08:00,2026-04-13T23:14:00+08:00,12,in_transit,CG000000001660,56758.36,2026-06-14T10:47:00+08:00
SHP-0001661,PO-202605-001326,SUP-027,road,承运商17,东莞,WH-03,2026-05-15T19:38:00+08:00,2026-05-16T07:38:00+08:00,12,delivered,CG000000001661,12977.93,2026-06-15T00:26:00+08:00
SHP-0001662,PO-202506-001199,SUP-055,road,承运商16,上海,WH-02,2025-07-04T17:14:00+08:00,2025-07-04T23:14:00+08:00,6,in_transit,CG000000001662,39856.82,2026-06-15T02:55:00+08:00
SHP-0001663,PO-202510-000313,SUP-009,sea,承运商16,苏州,WH-03,2025-10-09T20:45:00+08:00,2025-10-10T08:45:00+08:00,12,delivered,CG000000001663,33704.62,2026-06-14T18:08:00+08:00
SHP-0001664,PO-202512-001334,SUP-022,road,承运商07,杭州,WH-01,2025-12-31T03:39:00+08:00,2025-12-31T03:39:00+08:00,0,in_transit,CG000000001664,45943.25,2026-06-15T02:44:00+08:00
SHP-0001665,PO-202604-001776,SUP-005,sea,承运商02,武汉,WH-06,2026-04-23T11:42:00+08:00,2026-04-23T11:42:00+08:00,0,delivered,CG000000001665,2783.92,2026-06-14T20:54:00+08:00
SHP-0001666,PO-202508-000667,SUP-060,rail,承运商07,东莞,WH-03,2025-08-16T13:01:00+08:00,2025-08-16T13:01:00+08:00,0,delivered,CG000000001666,42913.39,2026-06-15T04:40:00+08:00
SHP-0001667,PO-202511-000450,SUP-016,rail,承运商02,宁波,WH-02,2025-11-04T16:07:00+08:00,2025-11-05T04:07:00+08:00,12,delayed,CG000000001667,65355.38,2026-06-14T10:43:00+08:00
SHP-0001668,PO-202512-000833,SUP-015,sea,承运商24,东莞,WH-01,2025-12-22T15:26:00+08:00,2025-12-23T15:26:00+08:00,24,delayed,CG000000001668,2614.16,2026-06-14T15:59:00+08:00
SHP-0001669,PO-202601-001429,SUP-022,rail,承运商02,武汉,WH-02,2026-01-09T07:38:00+08:00,2026-01-09T07:38:00+08:00,0,delayed,CG000000001669,3684.27,2026-06-14T19:24:00+08:00
SHP-0001670,PO-202604-001395,SUP-034,rail,承运商24,东莞,WH-06,2026-04-13T07:59:00+08:00,2026-04-13T07:59:00+08:00,0,delivered,CG000000001670,48526.41,2026-06-14T12:54:00+08:00
SHP-0001671,PO-202510-000951,SUP-052,road,承运商05,青岛,WH-02,2025-10-10T03:01:00+08:00,2025-10-10T15:01:00+08:00,12,in_transit,CG000000001671,23886.59,2026-06-14T13:04:00+08:00
SHP-0001672,PO-202506-000953,SUP-054,road,承运商17,苏州,WH-04,2025-06-23T06:54:00+08:00,2025-06-23T06:54:00+08:00,0,delivered,CG000000001672,24181.51,2026-06-14T12:48:00+08:00
SHP-0001673,PO-202512-000864,SUP-052,road,承运商21,上海,WH-06,2025-12-11T18:56:00+08:00,2025-12-11T18:56:00+08:00,0,in_transit,CG000000001673,6726.12,2026-06-14T16:59:00+08:00
SHP-0001674,PO-202509-000226,SUP-038,road,承运商02,武汉,WH-04,2025-09-08T06:21:00+08:00,2025-09-08T06:21:00+08:00,0,in_transit,CG000000001674,8197.77,2026-06-14T17:34:00+08:00
SHP-0001675,PO-202509-000117,SUP-033,road,承运商01,武汉,WH-06,2025-09-21T11:05:00+08:00,2025-09-21T11:05:00+08:00,0,delivered,CG000000001675,63443.15,2026-06-15T07:43:00+08:00
SHP-0001676,PO-202601-000899,SUP-022,road,承运商15,合肥,WH-03,2026-01-10T01:39:00+08:00,2026-01-10T13:39:00+08:00,12,customs_hold,CG000000001676,17907.54,2026-06-15T00:52:00+08:00
SHP-0001677,PO-202606-001319,SUP-053,sea,承运商21,东莞,WH-02,2026-06-16T12:23:00+08:00,2026-06-16T12:23:00+08:00,0,in_transit,CG000000001677,19174.04,2026-06-15T04:38:00+08:00
SHP-0001678,PO-202604-001188,SUP-044,sea,承运商04,青岛,WH-02,2026-04-26T01:53:00+08:00,2026-04-26T01:53:00+08:00,0,delivered,CG000000001678,36771.04,2026-06-15T01:32:00+08:00
SHP-0001679,PO-202601-000091,SUP-010,air,承运商17,东莞,WH-04,2026-01-08T20:15:00+08:00,2026-01-08T20:15:00+08:00,0,delayed,CG000000001679,15761.76,2026-06-15T01:42:00+08:00
SHP-0001680,PO-202512-001230,SUP-010,road,承运商04,东莞,WH-03,2025-12-27T04:51:00+08:00,2025-12-28T04:51:00+08:00,24,in_transit,CG000000001680,27033.35,2026-06-14T08:10:00+08:00
SHP-0001681,PO-202507-000373,SUP-012,sea,承运商17,武汉,WH-05,2025-08-01T15:34:00+08:00,2025-08-01T15:34:00+08:00,0,in_transit,CG000000001681,40758.96,2026-06-15T03:04:00+08:00
SHP-0001682,PO-202511-001693,SUP-025,sea,承运商19,苏州,WH-02,2025-11-18T16:00:00+08:00,2025-11-18T22:00:00+08:00,6,in_transit,CG000000001682,42392.25,2026-06-15T00:21:00+08:00
SHP-0001683,PO-202511-000894,SUP-049,sea,承运商17,天津,WH-01,2025-11-17T17:18:00+08:00,2025-11-18T05:18:00+08:00,12,delivered,CG000000001683,37265.71,2026-06-14T17:26:00+08:00
SHP-0001684,PO-202509-000766,SUP-015,road,承运商21,苏州,WH-01,2025-09-19T07:25:00+08:00,2025-09-19T07:25:00+08:00,0,in_transit,CG000000001684,57287.27,2026-06-14T11:42:00+08:00
SHP-0001685,PO-202604-000080,SUP-053,road,承运商20,杭州,WH-02,2026-05-01T03:47:00+08:00,2026-05-03T03:47:00+08:00,48,in_transit,CG000000001685,18057.04,2026-06-15T06:00:00+08:00
SHP-0001686,PO-202511-001155,SUP-019,road,承运商09,成都,WH-05,2025-11-21T11:55:00+08:00,2025-11-21T11:55:00+08:00,0,delivered,CG000000001686,7860.82,2026-06-15T01:49:00+08:00
SHP-0001687,PO-202601-000551,SUP-026,road,承运商22,杭州,WH-02,2026-01-16T10:26:00+08:00,2026-01-16T10:26:00+08:00,0,blocked,CG000000001687,32601.22,2026-06-14T18:06:00+08:00
SHP-0001688,PO-202605-000404,SUP-052,sea,承运商06,天津,WH-06,2026-05-25T11:52:00+08:00,2026-05-25T17:52:00+08:00,6,delivered,CG000000001688,60991.73,2026-06-15T05:09:00+08:00
SHP-0001689,PO-202510-001572,SUP-016,road,承运商24,青岛,WH-03,2025-10-16T16:39:00+08:00,2025-10-17T04:39:00+08:00,12,delivered,CG000000001689,63530.41,2026-06-14T08:25:00+08:00
SHP-0001690,PO-202509-001729,SUP-041,road,承运商20,东莞,WH-05,2025-10-02T08:42:00+08:00,2025-10-02T08:42:00+08:00,0,in_transit,CG000000001690,48639.85,2026-06-14T15:38:00+08:00
SHP-0001691,PO-202510-001240,SUP-044,road,承运商09,苏州,WH-05,2025-10-04T20:40:00+08:00,2025-10-07T20:40:00+08:00,72,delayed,CG000000001691,49470.03,2026-06-14T20:55:00+08:00
SHP-0001692,PO-202510-000682,SUP-024,air,承运商11,合肥,WH-06,2025-10-12T13:46:00+08:00,2025-10-12T13:46:00+08:00,0,blocked,CG000000001692,133336.97,2026-06-14T16:11:00+08:00
SHP-0001693,PO-202603-000660,SUP-052,air,承运商17,上海,WH-03,2026-03-04T19:00:00+08:00,2026-03-05T07:00:00+08:00,12,delivered,CG000000001693,13899.5,2026-06-14T12:59:00+08:00
SHP-0001694,PO-202605-001681,SUP-009,rail,承运商04,成都,WH-03,2026-06-07T11:14:00+08:00,2026-06-07T23:14:00+08:00,12,in_transit,CG000000001694,15924.4,2026-06-14T14:59:00+08:00
SHP-0001695,PO-202602-000118,SUP-039,road,承运商17,苏州,WH-05,2026-02-28T20:44:00+08:00,2026-02-28T20:44:00+08:00,0,delayed,CG000000001695,57697.08,2026-06-14T10:26:00+08:00
SHP-0001696,PO-202512-001029,SUP-047,road,承运商15,合肥,WH-03,2025-12-28T05:38:00+08:00,2025-12-28T05:38:00+08:00,0,in_transit,CG000000001696,42304.67,2026-06-14T22:37:00+08:00
SHP-0001697,PO-202509-001109,SUP-056,sea,承运商12,天津,WH-02,2025-09-12T06:20:00+08:00,2025-09-12T06:20:00+08:00,0,in_transit,CG000000001697,36525.03,2026-06-15T05:57:00+08:00
SHP-0001698,PO-202508-000243,SUP-002,rail,承运商14,上海,WH-06,2025-08-12T21:35:00+08:00,2025-08-12T21:35:00+08:00,0,customs_hold,CG000000001698,7045.51,2026-06-14T08:55:00+08:00
SHP-0001699,PO-202509-001273,SUP-033,road,承运商04,上海,WH-02,2025-09-05T23:11:00+08:00,2025-09-05T23:11:00+08:00,0,delivered,CG000000001699,20127.77,2026-06-14T10:02:00+08:00
SHP-0001700,PO-202602-000278,SUP-012,road,承运商01,东莞,WH-03,2026-02-20T06:14:00+08:00,2026-02-20T06:14:00+08:00,0,delivered,CG000000001700,12848.58,2026-06-14T18:50:00+08:00
SHP-0001701,PO-202508-000353,SUP-011,road,承运商05,上海,WH-02,2025-08-21T16:52:00+08:00,2025-08-21T16:52:00+08:00,0,in_transit,CG000000001701,36922.8,2026-06-14T08:36:00+08:00
SHP-0001702,PO-202601-001702,SUP-007,rail,承运商22,武汉,WH-06,2026-01-10T14:20:00+08:00,2026-01-10T14:20:00+08:00,0,in_transit,CG000000001702,63071.67,2026-06-15T00:52:00+08:00
SHP-0001703,PO-202511-001309,SUP-059,road,承运商03,青岛,WH-04,2025-11-21T06:31:00+08:00,2025-11-21T12:31:00+08:00,6,in_transit,CG000000001703,24641.37,2026-06-14T23:53:00+08:00
SHP-0001704,PO-202602-000493,SUP-033,rail,承运商11,武汉,WH-04,2026-02-16T08:25:00+08:00,2026-02-17T08:25:00+08:00,24,delivered,CG000000001704,34828.03,2026-06-14T09:26:00+08:00
SHP-0001705,PO-202508-001002,SUP-051,road,承运商20,苏州,WH-04,2025-08-09T12:06:00+08:00,2025-08-10T12:06:00+08:00,24,delivered,CG000000001705,10557.11,2026-06-14T10:10:00+08:00
SHP-0001706,PO-202509-000058,SUP-045,air,承运商19,杭州,WH-06,2025-09-28T04:17:00+08:00,2025-09-28T10:17:00+08:00,6,delivered,CG000000001706,112500.02,2026-06-14T23:00:00+08:00
SHP-0001707,PO-202605-000946,SUP-022,air,承运商07,合肥,WH-04,2026-05-28T12:12:00+08:00,2026-05-30T12:12:00+08:00,48,delivered,CG000000001707,84583.36,2026-06-14T19:15:00+08:00
SHP-0001708,PO-202509-001455,SUP-014,road,承运商15,合肥,WH-02,2025-09-27T14:25:00+08:00,2025-09-27T14:25:00+08:00,0,in_transit,CG000000001708,31387.12,2026-06-14T19:43:00+08:00
SHP-0001709,PO-202604-001014,SUP-046,road,承运商24,青岛,WH-04,2026-04-20T11:36:00+08:00,2026-04-20T11:36:00+08:00,0,delayed,CG000000001709,62483.08,2026-06-14T14:01:00+08:00
SHP-0001710,PO-202508-001627,SUP-042,road,承运商07,上海,WH-04,2025-09-01T20:38:00+08:00,2025-09-01T20:38:00+08:00,0,in_transit,CG000000001710,12499.64,2026-06-14T15:24:00+08:00
SHP-0001711,PO-202510-000939,SUP-058,road,承运商11,合肥,WH-03,2025-10-19T07:07:00+08:00,2025-10-19T13:07:00+08:00,6,delivered,CG000000001711,2353.41,2026-06-14T17:48:00+08:00
SHP-0001712,PO-202509-000014,SUP-047,sea,承运商23,宁波,WH-04,2025-09-12T06:33:00+08:00,2025-09-15T06:33:00+08:00,72,in_transit,CG000000001712,52349.92,2026-06-14T17:06:00+08:00
SHP-0001713,PO-202508-001118,SUP-030,air,承运商12,天津,WH-05,2025-08-25T13:21:00+08:00,2025-08-25T13:21:00+08:00,0,delayed,CG000000001713,73009.07,2026-06-14T22:21:00+08:00
SHP-0001714,PO-202605-001681,SUP-009,sea,承运商10,武汉,WH-03,2026-06-07T11:14:00+08:00,2026-06-07T23:14:00+08:00,12,delivered,CG000000001714,62091.82,2026-06-15T02:53:00+08:00
SHP-0001715,PO-202606-000428,SUP-020,air,承运商24,天津,WH-01,2026-06-17T12:23:00+08:00,2026-06-17T12:23:00+08:00,0,in_transit,CG000000001715,139254.48,2026-06-14T12:47:00+08:00
SHP-0001716,PO-202603-001192,SUP-046,air,承运商21,东莞,WH-04,2026-03-26T21:50:00+08:00,2026-03-26T21:50:00+08:00,0,customs_hold,CG000000001716,44536.69,2026-06-15T00:18:00+08:00
SHP-0001717,PO-202508-000509,SUP-035,road,承运商13,宁波,WH-05,2025-08-28T03:52:00+08:00,2025-08-28T03:52:00+08:00,0,in_transit,CG000000001717,47767.02,2026-06-14T14:51:00+08:00
SHP-0001718,PO-202604-000078,SUP-044,rail,承运商13,杭州,WH-01,2026-04-10T03:51:00+08:00,2026-04-10T03:51:00+08:00,0,delivered,CG000000001718,44958.38,2026-06-14T18:31:00+08:00
SHP-0001719,PO-202602-000240,SUP-009,air,承运商10,上海,WH-06,2026-02-05T22:50:00+08:00,2026-02-05T22:50:00+08:00,0,delivered,CG000000001719,29015.51,2026-06-14T13:24:00+08:00
SHP-0001720,PO-202603-000893,SUP-039,air,承运商16,成都,WH-02,2026-04-04T18:15:00+08:00,2026-04-05T18:15:00+08:00,24,delayed,CG000000001720,98164.83,2026-06-15T07:42:00+08:00
SHP-0001721,PO-202508-000810,SUP-003,air,承运商08,上海,WH-06,2025-08-12T19:54:00+08:00,2025-08-13T07:54:00+08:00,12,in_transit,CG000000001721,14565.27,2026-06-14T18:42:00+08:00
SHP-0001722,PO-202508-000249,SUP-003,road,承运商16,天津,WH-01,2025-08-10T02:46:00+08:00,2025-08-10T02:46:00+08:00,0,delayed,CG000000001722,13769.39,2026-06-14T18:51:00+08:00
SHP-0001723,PO-202507-001278,SUP-034,air,承运商02,天津,WH-02,2025-07-18T00:31:00+08:00,2025-07-18T06:31:00+08:00,6,delivered,CG000000001723,106865.05,2026-06-14T15:32:00+08:00
SHP-0001724,PO-202512-000013,SUP-044,rail,承运商22,苏州,WH-02,2026-01-04T01:06:00+08:00,2026-01-04T13:06:00+08:00,12,delivered,CG000000001724,11506.55,2026-06-14T14:47:00+08:00
SHP-0001725,PO-202511-001697,SUP-005,road,承运商09,苏州,WH-06,2025-11-21T21:22:00+08:00,2025-11-22T03:22:00+08:00,6,delayed,CG000000001725,52863.68,2026-06-15T06:57:00+08:00
SHP-0001726,PO-202511-000978,SUP-043,sea,承运商06,宁波,WH-01,2025-11-21T13:19:00+08:00,2025-11-21T13:19:00+08:00,0,in_transit,CG000000001726,54486.63,2026-06-15T01:22:00+08:00
SHP-0001727,PO-202511-000821,SUP-007,road,承运商20,天津,WH-02,2025-11-22T15:10:00+08:00,2025-11-22T15:10:00+08:00,0,delivered,CG000000001727,17310.9,2026-06-14T19:14:00+08:00
SHP-0001728,PO-202512-001040,SUP-011,road,承运商16,成都,WH-02,2025-12-13T14:19:00+08:00,2025-12-14T14:19:00+08:00,24,delivered,CG000000001728,15153.98,2026-06-14T17:26:00+08:00
SHP-0001729,PO-202511-001284,SUP-048,road,承运商21,合肥,WH-06,2025-11-29T00:23:00+08:00,2025-11-29T12:23:00+08:00,12,in_transit,CG000000001729,17355.56,2026-06-14T13:34:00+08:00
SHP-0001730,PO-202602-001546,SUP-056,road,承运商19,宁波,WH-06,2026-02-26T08:54:00+08:00,2026-03-01T08:54:00+08:00,72,in_transit,CG000000001730,14354.55,2026-06-15T03:13:00+08:00
SHP-0001731,PO-202509-000322,SUP-053,sea,承运商09,宁波,WH-03,2025-09-27T04:23:00+08:00,2025-09-27T04:23:00+08:00,0,delayed,CG000000001731,20859.82,2026-06-14T22:45:00+08:00
SHP-0001732,PO-202601-000594,SUP-029,road,承运商12,苏州,WH-06,2026-01-05T07:46:00+08:00,2026-01-05T07:46:00+08:00,0,in_transit,CG000000001732,61155.32,2026-06-14T18:56:00+08:00
SHP-0001733,PO-202601-001703,SUP-031,sea,承运商21,宁波,WH-02,2026-01-21T16:10:00+08:00,2026-01-22T16:10:00+08:00,24,in_transit,CG000000001733,55896.83,2026-06-14T15:10:00+08:00
SHP-0001734,PO-202506-000937,SUP-005,sea,承运商09,杭州,WH-01,2025-07-02T07:58:00+08:00,2025-07-05T07:58:00+08:00,72,delivered,CG000000001734,65806.45,2026-06-14T18:29:00+08:00
SHP-0001735,PO-202510-000104,SUP-041,road,承运商11,宁波,WH-01,2025-11-03T22:56:00+08:00,2025-11-04T04:56:00+08:00,6,customs_hold,CG000000001735,54359.92,2026-06-14T20:08:00+08:00
SHP-0001736,PO-202512-000327,SUP-014,road,承运商02,天津,WH-04,2025-12-27T04:56:00+08:00,2025-12-27T16:56:00+08:00,12,delayed,CG000000001736,57872.35,2026-06-14T23:25:00+08:00
SHP-0001737,PO-202601-000456,SUP-047,air,承运商11,东莞,WH-01,2026-01-24T10:44:00+08:00,2026-01-24T16:44:00+08:00,6,delivered,CG000000001737,129987.46,2026-06-14T19:57:00+08:00
SHP-0001738,PO-202604-001771,SUP-029,air,承运商05,苏州,WH-04,2026-04-29T18:50:00+08:00,2026-04-29T18:50:00+08:00,0,delivered,CG000000001738,67538.86,2026-06-14T11:37:00+08:00
SHP-0001739,PO-202509-000058,SUP-045,road,承运商19,青岛,WH-05,2025-09-28T04:17:00+08:00,2025-09-29T04:17:00+08:00,24,in_transit,CG000000001739,64826.12,2026-06-14T23:13:00+08:00
SHP-0001740,PO-202507-000019,SUP-029,sea,承运商08,合肥,WH-02,2025-08-02T16:23:00+08:00,2025-08-02T16:23:00+08:00,0,delivered,CG000000001740,21178.14,2026-06-14T20:33:00+08:00
SHP-0001741,PO-202510-000299,SUP-043,road,承运商01,上海,WH-06,2025-10-18T00:23:00+08:00,2025-10-18T00:23:00+08:00,0,delivered,CG000000001741,51248.78,2026-06-14T20:13:00+08:00
SHP-0001742,PO-202604-000012,SUP-043,road,承运商13,成都,WH-06,2026-04-26T20:00:00+08:00,2026-04-26T20:00:00+08:00,0,delivered,CG000000001742,46164.38,2026-06-14T13:05:00+08:00
SHP-0001743,PO-202508-000926,SUP-007,sea,承运商10,成都,WH-04,2025-08-22T06:52:00+08:00,2025-08-24T06:52:00+08:00,48,customs_hold,CG000000001743,13589.43,2026-06-14T13:55:00+08:00
SHP-0001744,PO-202511-000094,SUP-060,sea,承运商16,宁波,WH-03,2025-12-03T09:48:00+08:00,2025-12-03T09:48:00+08:00,0,delivered,CG000000001744,35626.46,2026-06-14T10:50:00+08:00
SHP-0001745,PO-202510-000851,SUP-039,air,承运商17,宁波,WH-02,2025-10-25T04:39:00+08:00,2025-10-25T10:39:00+08:00,6,delivered,CG000000001745,86324.6,2026-06-14T12:23:00+08:00
SHP-0001746,PO-202605-000484,SUP-014,sea,承运商11,成都,WH-02,2026-05-08T11:28:00+08:00,2026-05-10T11:28:00+08:00,48,delivered,CG000000001746,35680.12,2026-06-14T09:08:00+08:00
SHP-0001747,PO-202512-000477,SUP-047,air,承运商24,成都,WH-02,2025-12-12T02:41:00+08:00,2025-12-12T14:41:00+08:00,12,delivered,CG000000001747,150574.29,2026-06-15T02:00:00+08:00
SHP-0001748,PO-202511-000487,SUP-038,road,承运商23,宁波,WH-01,2025-11-28T05:50:00+08:00,2025-11-28T05:50:00+08:00,0,delayed,CG000000001748,24831.83,2026-06-15T02:56:00+08:00
SHP-0001749,PO-202511-001542,SUP-031,road,承运商03,天津,WH-06,2025-11-16T02:40:00+08:00,2025-11-17T02:40:00+08:00,24,delayed,CG000000001749,11564.63,2026-06-14T17:50:00+08:00
SHP-0001750,PO-202507-000470,SUP-047,road,承运商03,东莞,WH-04,2025-08-03T05:20:00+08:00,2025-08-04T05:20:00+08:00,24,delayed,CG000000001750,29753.7,2026-06-14T13:27:00+08:00
SHP-0001751,PO-202602-001227,SUP-004,road,承运商10,青岛,WH-02,2026-02-24T19:36:00+08:00,2026-02-24T19:36:00+08:00,0,delivered,CG000000001751,29669.29,2026-06-15T06:08:00+08:00
SHP-0001752,PO-202601-001034,SUP-013,sea,承运商06,东莞,WH-03,2026-01-07T06:48:00+08:00,2026-01-07T06:48:00+08:00,0,delayed,CG000000001752,36427.51,2026-06-14T09:41:00+08:00
SHP-0001753,PO-202602-001797,SUP-007,rail,承运商08,杭州,WH-06,2026-03-05T21:46:00+08:00,2026-03-05T21:46:00+08:00,0,in_transit,CG000000001753,67301.1,2026-06-15T04:50:00+08:00
SHP-0001754,PO-202604-000189,SUP-022,sea,承运商14,苏州,WH-04,2026-05-01T04:34:00+08:00,2026-05-01T04:34:00+08:00,0,in_transit,CG000000001754,44109.58,2026-06-15T01:54:00+08:00
SHP-0001755,PO-202507-001597,SUP-009,road,承运商12,天津,WH-05,2025-07-14T22:47:00+08:00,2025-07-14T22:47:00+08:00,0,blocked,CG000000001755,10660.52,2026-06-14T13:29:00+08:00
SHP-0001756,PO-202603-000423,SUP-024,air,承运商23,上海,WH-05,2026-03-21T04:08:00+08:00,2026-03-21T04:08:00+08:00,0,blocked,CG000000001756,12542.96,2026-06-15T07:56:00+08:00
SHP-0001757,PO-202606-001074,SUP-034,air,承运商18,宁波,WH-03,2026-06-07T08:38:00+08:00,2026-06-07T08:38:00+08:00,0,in_transit,CG000000001757,131006.6,2026-06-14T08:15:00+08:00
SHP-0001758,PO-202510-001343,SUP-049,rail,承运商19,合肥,WH-05,2025-10-28T13:09:00+08:00,2025-10-28T13:09:00+08:00,0,delivered,CG000000001758,65387.28,2026-06-15T07:27:00+08:00
SHP-0001759,PO-202509-001786,SUP-048,road,承运商22,武汉,WH-06,2025-09-11T00:53:00+08:00,2025-09-11T12:53:00+08:00,12,customs_hold,CG000000001759,47815.36,2026-06-14T19:36:00+08:00
SHP-0001760,PO-202510-000164,SUP-027,road,承运商03,青岛,WH-05,2025-11-01T01:46:00+08:00,2025-11-01T07:46:00+08:00,6,delivered,CG000000001760,16230.61,2026-06-14T14:09:00+08:00
SHP-0001761,PO-202605-001440,SUP-018,road,承运商22,合肥,WH-05,2026-05-24T23:22:00+08:00,2026-05-27T23:22:00+08:00,72,delivered,CG000000001761,43195.02,2026-06-14T19:47:00+08:00
SHP-0001762,PO-202507-000151,SUP-031,air,承运商17,宁波,WH-06,2025-07-10T06:56:00+08:00,2025-07-10T12:56:00+08:00,6,in_transit,CG000000001762,97343.74,2026-06-14T14:52:00+08:00
SHP-0001763,PO-202603-000067,SUP-008,road,承运商03,东莞,WH-01,2026-03-22T17:14:00+08:00,2026-03-22T17:14:00+08:00,0,delivered,CG000000001763,53343.77,2026-06-14T10:48:00+08:00
SHP-0001764,PO-202507-000816,SUP-051,sea,承运商22,青岛,WH-02,2025-07-28T05:25:00+08:00,2025-07-28T11:25:00+08:00,6,delivered,CG000000001764,40610.54,2026-06-14T17:18:00+08:00
SHP-0001765,PO-202605-000834,SUP-014,rail,承运商15,青岛,WH-05,2026-06-06T10:51:00+08:00,2026-06-07T10:51:00+08:00,24,delivered,CG000000001765,24056.62,2026-06-14T16:54:00+08:00
SHP-0001766,PO-202507-001517,SUP-057,rail,承运商06,上海,WH-01,2025-07-15T01:44:00+08:00,2025-07-15T01:44:00+08:00,0,customs_hold,CG000000001766,26968.13,2026-06-15T02:08:00+08:00
SHP-0001767,PO-202512-001008,SUP-053,road,承运商03,天津,WH-05,2025-12-08T14:14:00+08:00,2025-12-09T02:14:00+08:00,12,delayed,CG000000001767,9508.2,2026-06-14T08:22:00+08:00
SHP-0001768,PO-202602-000211,SUP-011,rail,承运商19,东莞,WH-04,2026-02-14T18:03:00+08:00,2026-02-15T00:03:00+08:00,6,in_transit,CG000000001768,51805.98,2026-06-14T16:15:00+08:00
SHP-0001769,PO-202508-001322,SUP-016,rail,承运商06,合肥,WH-04,2025-09-07T01:17:00+08:00,2025-09-07T07:17:00+08:00,6,delivered,CG000000001769,63006.18,2026-06-14T16:05:00+08:00
SHP-0001770,PO-202511-000642,SUP-042,road,承运商08,东莞,WH-06,2025-11-27T03:57:00+08:00,2025-11-27T15:57:00+08:00,12,delivered,CG000000001770,42125.01,2026-06-14T16:38:00+08:00
SHP-0001771,PO-202508-000383,SUP-060,rail,承运商16,青岛,WH-02,2025-08-09T13:06:00+08:00,2025-08-09T13:06:00+08:00,0,delayed,CG000000001771,4036.22,2026-06-15T03:09:00+08:00
SHP-0001772,PO-202603-000469,SUP-044,road,承运商20,青岛,WH-01,2026-03-26T17:55:00+08:00,2026-03-27T05:55:00+08:00,12,delivered,CG000000001772,62839.43,2026-06-14T13:54:00+08:00
SHP-0001773,PO-202506-001505,SUP-029,sea,承运商04,青岛,WH-02,2025-07-01T13:46:00+08:00,2025-07-01T19:46:00+08:00,6,in_transit,CG000000001773,34338.75,2026-06-14T20:47:00+08:00
SHP-0001774,PO-202510-000883,SUP-021,road,承运商19,天津,WH-02,2025-10-22T10:09:00+08:00,2025-10-22T10:09:00+08:00,0,in_transit,CG000000001774,13326.77,2026-06-14T19:12:00+08:00
SHP-0001775,PO-202508-000975,SUP-056,road,承运商13,成都,WH-04,2025-08-31T11:16:00+08:00,2025-09-02T11:16:00+08:00,48,delivered,CG000000001775,43184.98,2026-06-14T09:07:00+08:00
SHP-0001776,PO-202601-000899,SUP-022,sea,承运商08,武汉,WH-05,2026-01-10T01:39:00+08:00,2026-01-10T01:39:00+08:00,0,delayed,CG000000001776,49202.74,2026-06-14T15:03:00+08:00
SHP-0001777,PO-202603-001790,SUP-039,road,承运商06,成都,WH-01,2026-04-03T13:54:00+08:00,2026-04-05T13:54:00+08:00,48,delayed,CG000000001777,48300.04,2026-06-14T16:26:00+08:00
SHP-0001778,PO-202507-001251,SUP-034,rail,承运商07,武汉,WH-04,2025-07-28T12:48:00+08:00,2025-07-28T12:48:00+08:00,0,in_transit,CG000000001778,21797.51,2026-06-14T20:59:00+08:00
SHP-0001779,PO-202604-000031,SUP-056,air,承运商17,合肥,WH-04,2026-05-02T23:45:00+08:00,2026-05-05T23:45:00+08:00,72,delivered,CG000000001779,120575.59,2026-06-14T16:46:00+08:00
SHP-0001780,PO-202604-001569,SUP-049,air,承运商07,合肥,WH-06,2026-04-09T20:12:00+08:00,2026-04-09T20:12:00+08:00,0,delivered,CG000000001780,15932.93,2026-06-14T09:16:00+08:00
SHP-0001781,PO-202512-000632,SUP-006,sea,承运商08,合肥,WH-03,2026-01-03T15:06:00+08:00,2026-01-04T15:06:00+08:00,24,delivered,CG000000001781,31982.42,2026-06-14T23:35:00+08:00
SHP-0001782,PO-202507-000285,SUP-049,road,承运商18,宁波,WH-04,2025-07-19T16:42:00+08:00,2025-07-19T16:42:00+08:00,0,in_transit,CG000000001782,25842.22,2026-06-15T05:07:00+08:00
SHP-0001783,PO-202603-000602,SUP-023,rail,承运商24,合肥,WH-04,2026-04-02T16:38:00+08:00,2026-04-05T16:38:00+08:00,72,delayed,CG000000001783,35042.39,2026-06-14T19:35:00+08:00
SHP-0001784,PO-202509-001023,SUP-015,road,承运商17,上海,WH-02,2025-09-13T08:00:00+08:00,2025-09-13T14:00:00+08:00,6,in_transit,CG000000001784,9310.73,2026-06-15T05:30:00+08:00
SHP-0001785,PO-202603-001557,SUP-036,sea,承运商17,苏州,WH-05,2026-03-18T18:41:00+08:00,2026-03-20T18:41:00+08:00,48,in_transit,CG000000001785,13861.33,2026-06-15T06:54:00+08:00
SHP-0001786,PO-202601-001103,SUP-042,rail,承运商24,苏州,WH-03,2026-01-05T20:55:00+08:00,2026-01-05T20:55:00+08:00,0,delayed,CG000000001786,60195.1,2026-06-14T08:05:00+08:00
SHP-0001787,PO-202510-001525,SUP-045,road,承运商23,合肥,WH-06,2025-10-26T06:58:00+08:00,2025-10-27T06:58:00+08:00,24,in_transit,CG000000001787,42732.45,2026-06-14T12:47:00+08:00
SHP-0001788,PO-202604-001707,SUP-046,sea,承运商08,宁波,WH-06,2026-04-24T23:32:00+08:00,2026-04-25T05:32:00+08:00,6,in_transit,CG000000001788,19159.43,2026-06-14T22:06:00+08:00
SHP-0001789,PO-202508-000940,SUP-016,sea,承运商05,东莞,WH-03,2025-08-26T22:00:00+08:00,2025-08-29T22:00:00+08:00,72,customs_hold,CG000000001789,27621.87,2026-06-15T01:17:00+08:00
SHP-0001790,PO-202508-000128,SUP-002,road,承运商09,上海,WH-06,2025-08-21T06:31:00+08:00,2025-08-21T18:31:00+08:00,12,delayed,CG000000001790,50851.39,2026-06-15T00:09:00+08:00
SHP-0001791,PO-202506-000860,SUP-052,road,承运商15,天津,WH-01,2025-06-25T01:09:00+08:00,2025-06-27T01:09:00+08:00,48,blocked,CG000000001791,28404.01,2026-06-14T16:22:00+08:00
SHP-0001792,PO-202512-000662,SUP-054,sea,承运商14,苏州,WH-03,2025-12-18T01:23:00+08:00,2025-12-18T01:23:00+08:00,0,in_transit,CG000000001792,33622.37,2026-06-14T11:08:00+08:00
SHP-0001793,PO-202509-001268,SUP-009,sea,承运商02,上海,WH-04,2025-09-09T23:31:00+08:00,2025-09-12T23:31:00+08:00,72,delivered,CG000000001793,67718.13,2026-06-14T21:08:00+08:00
SHP-0001794,PO-202510-000279,SUP-039,road,承运商22,成都,WH-04,2025-10-29T05:28:00+08:00,2025-10-29T11:28:00+08:00,6,in_transit,CG000000001794,62622.32,2026-06-15T07:56:00+08:00
SHP-0001795,PO-202604-000146,SUP-011,sea,承运商01,合肥,WH-04,2026-04-16T15:09:00+08:00,2026-04-16T15:09:00+08:00,0,customs_hold,CG000000001795,14299.34,2026-06-14T20:13:00+08:00
SHP-0001796,PO-202506-000650,SUP-015,road,承运商08,武汉,WH-02,2025-06-26T09:37:00+08:00,2025-06-26T09:37:00+08:00,0,delivered,CG000000001796,62337.08,2026-06-14T23:57:00+08:00
SHP-0001797,PO-202601-001204,SUP-008,air,承运商02,青岛,WH-04,2026-01-12T01:17:00+08:00,2026-01-15T01:17:00+08:00,72,in_transit,CG000000001797,16742.84,2026-06-14T23:23:00+08:00
SHP-0001798,PO-202604-000083,SUP-053,road,承运商14,苏州,WH-02,2026-05-04T21:40:00+08:00,2026-05-04T21:40:00+08:00,0,delivered,CG000000001798,60767.62,2026-06-15T00:05:00+08:00
SHP-0001799,PO-202509-001603,SUP-003,road,承运商07,成都,WH-05,2025-09-22T05:33:00+08:00,2025-09-22T05:33:00+08:00,0,in_transit,CG000000001799,37816.69,2026-06-15T04:07:00+08:00
SHP-0001800,PO-202509-001636,SUP-015,rail,承运商22,武汉,WH-05,2025-09-08T17:52:00+08:00,2025-09-09T05:52:00+08:00,12,delivered,CG000000001800,37118.99,2026-06-15T02:57:00+08:00
SHP-0001801,PO-202508-001669,SUP-026,rail,承运商16,上海,WH-03,2025-09-04T09:26:00+08:00,2025-09-04T09:26:00+08:00,0,delivered,CG000000001801,6303.57,2026-06-14T17:16:00+08:00
SHP-0001802,PO-202510-000865,SUP-040,road,承运商17,武汉,WH-02,2025-10-04T23:11:00+08:00,2025-10-04T23:11:00+08:00,0,delivered,CG000000001802,63483.81,2026-06-15T05:24:00+08:00
SHP-0001803,PO-202509-001222,SUP-057,air,承运商10,成都,WH-05,2025-09-25T23:52:00+08:00,2025-09-26T11:52:00+08:00,12,delivered,CG000000001803,128726.07,2026-06-14T11:38:00+08:00
SHP-0001804,PO-202604-001083,SUP-036,road,承运商24,成都,WH-02,2026-04-05T02:39:00+08:00,2026-04-05T08:39:00+08:00,6,in_transit,CG000000001804,65496.72,2026-06-14T11:53:00+08:00
SHP-0001805,PO-202511-001331,SUP-013,rail,承运商20,上海,WH-06,2025-12-02T18:26:00+08:00,2025-12-03T00:26:00+08:00,6,delivered,CG000000001805,52123.37,2026-06-14T12:40:00+08:00
SHP-0001806,PO-202605-000749,SUP-040,road,承运商20,杭州,WH-01,2026-05-19T17:58:00+08:00,2026-05-19T17:58:00+08:00,0,delivered,CG000000001806,2966.97,2026-06-14T13:27:00+08:00
SHP-0001807,PO-202509-000397,SUP-036,rail,承运商16,天津,WH-01,2025-09-15T04:41:00+08:00,2025-09-18T04:41:00+08:00,72,delivered,CG000000001807,65476.17,2026-06-15T04:40:00+08:00
SHP-0001808,PO-202602-001748,SUP-043,road,承运商19,天津,WH-01,2026-02-13T11:38:00+08:00,2026-02-13T11:38:00+08:00,0,delivered,CG000000001808,12610.83,2026-06-15T06:09:00+08:00
SHP-0001809,PO-202506-000070,SUP-056,road,承运商09,青岛,WH-02,2025-06-24T01:46:00+08:00,2025-06-24T01:46:00+08:00,0,blocked,CG000000001809,22791.76,2026-06-14T11:26:00+08:00
SHP-0001810,PO-202509-001312,SUP-037,rail,承运商11,青岛,WH-04,2025-09-12T01:38:00+08:00,2025-09-12T01:38:00+08:00,0,delivered,CG000000001810,29318.05,2026-06-15T02:29:00+08:00
SHP-0001811,PO-202602-000479,SUP-023,road,承运商18,东莞,WH-04,2026-02-08T05:44:00+08:00,2026-02-08T11:44:00+08:00,6,delivered,CG000000001811,37396.92,2026-06-14T22:04:00+08:00
SHP-0001812,PO-202509-000393,SUP-059,sea,承运商12,上海,WH-05,2025-09-29T18:34:00+08:00,2025-09-29T18:34:00+08:00,0,delayed,CG000000001812,29408.9,2026-06-14T18:56:00+08:00
SHP-0001813,PO-202510-000491,SUP-041,road,承运商10,东莞,WH-02,2025-10-15T13:24:00+08:00,2025-10-17T13:24:00+08:00,48,blocked,CG000000001813,61962.42,2026-06-14T08:47:00+08:00
SHP-0001814,PO-202605-000132,SUP-036,sea,承运商16,东莞,WH-05,2026-05-14T19:12:00+08:00,2026-05-15T19:12:00+08:00,24,in_transit,CG000000001814,4646.93,2026-06-15T05:01:00+08:00
SHP-0001815,PO-202508-000521,SUP-048,road,承运商17,天津,WH-05,2025-08-06T14:43:00+08:00,2025-08-06T14:43:00+08:00,0,delayed,CG000000001815,17963.56,2026-06-14T14:21:00+08:00
SHP-0001816,PO-202507-001246,SUP-011,road,承运商19,青岛,WH-03,2025-08-04T12:25:00+08:00,2025-08-04T12:25:00+08:00,0,customs_hold,CG000000001816,60316.97,2026-06-14T14:39:00+08:00
SHP-0001817,PO-202605-001205,SUP-028,road,承运商21,苏州,WH-02,2026-05-06T09:50:00+08:00,2026-05-08T09:50:00+08:00,48,in_transit,CG000000001817,17313.6,2026-06-15T02:55:00+08:00
SHP-0001818,PO-202509-001347,SUP-020,road,承运商02,苏州,WH-01,2025-09-16T06:49:00+08:00,2025-09-16T06:49:00+08:00,0,delivered,CG000000001818,22918.31,2026-06-14T11:59:00+08:00
SHP-0001819,PO-202603-001557,SUP-036,road,承运商15,天津,WH-02,2026-03-18T18:41:00+08:00,2026-03-18T18:41:00+08:00,0,delivered,CG000000001819,24648.02,2026-06-14T08:57:00+08:00
SHP-0001820,PO-202603-001099,SUP-024,rail,承运商06,宁波,WH-01,2026-03-10T10:29:00+08:00,2026-03-12T10:29:00+08:00,48,delivered,CG000000001820,56260.74,2026-06-15T03:20:00+08:00
SHP-0001821,PO-202605-001440,SUP-018,road,承运商01,合肥,WH-01,2026-05-24T23:22:00+08:00,2026-05-24T23:22:00+08:00,0,delivered,CG000000001821,37533.48,2026-06-15T05:38:00+08:00
SHP-0001822,PO-202510-001525,SUP-045,road,承运商14,武汉,WH-01,2025-10-26T06:58:00+08:00,2025-10-28T06:58:00+08:00,48,in_transit,CG000000001822,18733.16,2026-06-15T00:04:00+08:00
SHP-0001823,PO-202602-000188,SUP-053,rail,承运商18,宁波,WH-05,2026-02-17T16:07:00+08:00,2026-02-18T04:07:00+08:00,12,delivered,CG000000001823,56844.27,2026-06-15T06:45:00+08:00
SHP-0001824,PO-202509-001391,SUP-028,sea,承运商03,青岛,WH-04,2025-09-25T03:20:00+08:00,2025-09-25T03:20:00+08:00,0,delivered,CG000000001824,23094.97,2026-06-15T02:03:00+08:00
SHP-0001825,PO-202507-000317,SUP-012,road,承运商08,合肥,WH-01,2025-08-07T01:43:00+08:00,2025-08-07T01:43:00+08:00,0,delivered,CG000000001825,41179.74,2026-06-14T23:18:00+08:00
SHP-0001826,PO-202512-000505,SUP-056,sea,承运商21,武汉,WH-03,2026-01-06T09:45:00+08:00,2026-01-09T09:45:00+08:00,72,delivered,CG000000001826,50423.21,2026-06-15T03:25:00+08:00
SHP-0001827,PO-202601-000208,SUP-008,rail,承运商15,宁波,WH-03,2026-01-11T08:50:00+08:00,2026-01-13T08:50:00+08:00,48,in_transit,CG000000001827,46687.78,2026-06-14T23:21:00+08:00
SHP-0001828,PO-202602-001438,SUP-022,road,承运商15,天津,WH-06,2026-02-12T13:33:00+08:00,2026-02-12T13:33:00+08:00,0,delivered,CG000000001828,50965.2,2026-06-14T21:52:00+08:00
SHP-0001829,PO-202603-001760,SUP-034,road,承运商18,杭州,WH-04,2026-03-07T22:33:00+08:00,2026-03-08T04:33:00+08:00,6,delivered,CG000000001829,65313.03,2026-06-14T12:45:00+08:00
SHP-0001830,PO-202509-000201,SUP-018,road,承运商03,合肥,WH-05,2025-10-05T01:02:00+08:00,2025-10-05T01:02:00+08:00,0,delivered,CG000000001830,7503.25,2026-06-15T07:15:00+08:00
SHP-0001831,PO-202603-001554,SUP-030,sea,承运商13,东莞,WH-04,2026-03-16T14:04:00+08:00,2026-03-18T14:04:00+08:00,48,delivered,CG000000001831,6943.21,2026-06-14T19:04:00+08:00
SHP-0001832,PO-202604-000350,SUP-029,road,承运商20,东莞,WH-01,2026-04-13T18:55:00+08:00,2026-04-13T18:55:00+08:00,0,blocked,CG000000001832,4878.04,2026-06-14T15:56:00+08:00
SHP-0001833,PO-202604-001090,SUP-060,air,承运商08,东莞,WH-01,2026-04-10T03:13:00+08:00,2026-04-10T03:13:00+08:00,0,delivered,CG000000001833,115291.04,2026-06-14T17:38:00+08:00
SHP-0001834,PO-202510-000681,SUP-019,road,承运商05,上海,WH-06,2025-10-08T10:53:00+08:00,2025-10-08T10:53:00+08:00,0,delayed,CG000000001834,2708.11,2026-06-15T00:50:00+08:00
SHP-0001835,PO-202604-001781,SUP-009,rail,承运商13,武汉,WH-03,2026-04-08T20:39:00+08:00,2026-04-08T20:39:00+08:00,0,in_transit,CG000000001835,25049.95,2026-06-14T16:03:00+08:00
SHP-0001836,PO-202511-000574,SUP-011,air,承运商01,青岛,WH-03,2025-11-26T23:29:00+08:00,2025-11-27T11:29:00+08:00,12,delayed,CG000000001836,117350.89,2026-06-14T19:09:00+08:00
SHP-0001837,PO-202511-000392,SUP-055,road,承运商05,合肥,WH-03,2025-11-16T17:06:00+08:00,2025-11-16T17:06:00+08:00,0,delivered,CG000000001837,50882.27,2026-06-14T15:22:00+08:00
SHP-0001838,PO-202511-000513,SUP-046,road,承运商22,苏州,WH-04,2025-11-08T11:07:00+08:00,2025-11-08T23:07:00+08:00,12,customs_hold,CG000000001838,38611.04,2026-06-14T13:30:00+08:00
SHP-0001839,PO-202604-001149,SUP-004,road,承运商24,东莞,WH-02,2026-04-30T15:21:00+08:00,2026-04-30T15:21:00+08:00,0,in_transit,CG000000001839,32580.73,2026-06-14T17:06:00+08:00
SHP-0001840,PO-202601-001204,SUP-008,rail,承运商03,杭州,WH-02,2026-01-12T01:17:00+08:00,2026-01-12T01:17:00+08:00,0,delivered,CG000000001840,66311.15,2026-06-14T17:44:00+08:00
SHP-0001841,PO-202507-000064,SUP-054,road,承运商05,成都,WH-05,2025-07-16T06:32:00+08:00,2025-07-16T06:32:00+08:00,0,delivered,CG000000001841,2994.97,2026-06-14T08:04:00+08:00
SHP-0001842,PO-202507-000863,SUP-052,rail,承运商17,上海,WH-02,2025-07-19T07:49:00+08:00,2025-07-19T07:49:00+08:00,0,blocked,CG000000001842,43940.92,2026-06-14T08:49:00+08:00
SHP-0001843,PO-202511-001064,SUP-011,road,承运商24,东莞,WH-06,2025-12-01T21:32:00+08:00,2025-12-01T21:32:00+08:00,0,in_transit,CG000000001843,5395.68,2026-06-14T16:56:00+08:00
SHP-0001844,PO-202509-000058,SUP-045,sea,承运商21,天津,WH-05,2025-09-28T04:17:00+08:00,2025-09-30T04:17:00+08:00,48,delivered,CG000000001844,45722.46,2026-06-14T12:32:00+08:00
SHP-0001845,PO-202510-001310,SUP-021,road,承运商24,天津,WH-02,2025-10-11T15:52:00+08:00,2025-10-11T15:52:00+08:00,0,delayed,CG000000001845,55359.59,2026-06-14T10:55:00+08:00
SHP-0001846,PO-202601-000560,SUP-019,road,承运商07,苏州,WH-05,2026-01-17T16:08:00+08:00,2026-01-17T16:08:00+08:00,0,in_transit,CG000000001846,28504.63,2026-06-14T16:05:00+08:00
SHP-0001847,PO-202506-000841,SUP-050,rail,承运商22,合肥,WH-01,2025-06-29T14:42:00+08:00,2025-06-29T20:42:00+08:00,6,delivered,CG000000001847,10735.38,2026-06-14T18:02:00+08:00
SHP-0001848,PO-202604-001688,SUP-034,sea,承运商18,宁波,WH-06,2026-04-22T16:50:00+08:00,2026-04-22T22:50:00+08:00,6,delayed,CG000000001848,63579.22,2026-06-14T14:36:00+08:00
SHP-0001849,PO-202604-000273,SUP-032,road,承运商16,杭州,WH-02,2026-04-16T23:50:00+08:00,2026-04-17T05:50:00+08:00,6,delayed,CG000000001849,9149.84,2026-06-14T21:52:00+08:00
SHP-0001850,PO-202605-001709,SUP-028,sea,承运商16,成都,WH-05,2026-05-10T01:39:00+08:00,2026-05-10T01:39:00+08:00,0,delayed,CG000000001850,54459.85,2026-06-14T12:27:00+08:00
SHP-0001851,PO-202602-001403,SUP-055,sea,承运商06,杭州,WH-01,2026-02-09T09:53:00+08:00,2026-02-09T09:53:00+08:00,0,in_transit,CG000000001851,62236.78,2026-06-14T14:15:00+08:00
SHP-0001852,PO-202506-001606,SUP-052,road,承运商13,合肥,WH-01,2025-06-27T11:39:00+08:00,2025-06-27T11:39:00+08:00,0,delayed,CG000000001852,38195.2,2026-06-15T02:11:00+08:00
SHP-0001853,PO-202509-000867,SUP-007,road,承运商13,武汉,WH-05,2025-10-02T08:59:00+08:00,2025-10-05T08:59:00+08:00,72,in_transit,CG000000001853,61257.43,2026-06-14T18:46:00+08:00
SHP-0001854,PO-202508-000022,SUP-011,road,承运商18,青岛,WH-03,2025-08-30T05:07:00+08:00,2025-08-30T05:07:00+08:00,0,in_transit,CG000000001854,55576.25,2026-06-14T11:10:00+08:00
SHP-0001855,PO-202603-000526,SUP-001,air,承运商07,武汉,WH-04,2026-04-02T00:53:00+08:00,2026-04-05T00:53:00+08:00,72,delayed,CG000000001855,56893.09,2026-06-14T23:18:00+08:00
SHP-0001856,PO-202511-001209,SUP-001,road,承运商12,宁波,WH-04,2025-11-26T02:22:00+08:00,2025-11-26T02:22:00+08:00,0,in_transit,CG000000001856,24696.22,2026-06-15T05:48:00+08:00
SHP-0001857,PO-202508-001767,SUP-053,rail,承运商17,成都,WH-04,2025-08-17T13:44:00+08:00,2025-08-17T19:44:00+08:00,6,delivered,CG000000001857,21943.36,2026-06-15T02:16:00+08:00
SHP-0001858,PO-202602-000311,SUP-053,road,承运商12,武汉,WH-01,2026-03-02T20:20:00+08:00,2026-03-02T20:20:00+08:00,0,delivered,CG000000001858,29659.65,2026-06-15T04:06:00+08:00
SHP-0001859,PO-202603-000242,SUP-014,sea,承运商08,青岛,WH-04,2026-03-11T09:29:00+08:00,2026-03-11T15:29:00+08:00,6,in_transit,CG000000001859,7695.22,2026-06-14T08:29:00+08:00
SHP-0001860,PO-202511-000789,SUP-001,road,承运商17,杭州,WH-05,2025-11-06T10:07:00+08:00,2025-11-06T10:07:00+08:00,0,in_transit,CG000000001860,35614.8,2026-06-14T22:52:00+08:00
SHP-0001861,PO-202601-000091,SUP-010,rail,承运商04,青岛,WH-06,2026-01-08T20:15:00+08:00,2026-01-08T20:15:00+08:00,0,delivered,CG000000001861,61936.94,2026-06-14T14:37:00+08:00
SHP-0001862,PO-202509-000497,SUP-046,road,承运商23,杭州,WH-05,2025-10-01T04:46:00+08:00,2025-10-01T04:46:00+08:00,0,in_transit,CG000000001862,23387.32,2026-06-14T15:20:00+08:00
SHP-0001863,PO-202511-000642,SUP-042,rail,承运商22,苏州,WH-03,2025-11-27T03:57:00+08:00,2025-11-27T03:57:00+08:00,0,delayed,CG000000001863,62158.03,2026-06-14T20:41:00+08:00
SHP-0001864,PO-202507-001491,SUP-021,rail,承运商14,合肥,WH-02,2025-07-28T23:17:00+08:00,2025-07-31T23:17:00+08:00,72,in_transit,CG000000001864,1417.85,2026-06-14T11:35:00+08:00
SHP-0001865,PO-202511-000144,SUP-018,road,承运商15,天津,WH-06,2025-11-08T06:03:00+08:00,2025-11-08T12:03:00+08:00,6,delayed,CG000000001865,9593.92,2026-06-14T12:44:00+08:00
SHP-0001866,PO-202511-001542,SUP-031,road,承运商20,东莞,WH-01,2025-11-16T02:40:00+08:00,2025-11-16T02:40:00+08:00,0,delivered,CG000000001866,45767.69,2026-06-15T05:21:00+08:00
SHP-0001867,PO-202603-000242,SUP-014,road,承运商01,青岛,WH-01,2026-03-11T09:29:00+08:00,2026-03-11T09:29:00+08:00,0,blocked,CG000000001867,43103.37,2026-06-14T14:05:00+08:00
SHP-0001868,PO-202510-000303,SUP-056,road,承运商17,杭州,WH-05,2025-10-15T03:59:00+08:00,2025-10-15T15:59:00+08:00,12,delayed,CG000000001868,61300.08,2026-06-15T05:20:00+08:00
SHP-0001869,PO-202602-001127,SUP-013,road,承运商14,合肥,WH-01,2026-02-22T13:21:00+08:00,2026-02-22T13:21:00+08:00,0,delivered,CG000000001869,15771.48,2026-06-15T06:34:00+08:00
SHP-0001870,PO-202603-000085,SUP-026,road,承运商23,青岛,WH-05,2026-03-12T07:18:00+08:00,2026-03-12T07:18:00+08:00,0,delivered,CG000000001870,23991.28,2026-06-14T14:39:00+08:00
SHP-0001871,PO-202508-001069,SUP-028,air,承运商19,天津,WH-06,2025-08-13T17:32:00+08:00,2025-08-13T17:32:00+08:00,0,delayed,CG000000001871,67831.75,2026-06-14T10:51:00+08:00
SHP-0001872,PO-202601-001716,SUP-015,rail,承运商04,宁波,WH-02,2026-01-14T17:20:00+08:00,2026-01-14T17:20:00+08:00,0,in_transit,CG000000001872,53851.39,2026-06-15T00:59:00+08:00
SHP-0001873,PO-202605-000890,SUP-056,road,承运商19,成都,WH-02,2026-05-30T18:32:00+08:00,2026-05-31T00:32:00+08:00,6,blocked,CG000000001873,19987.71,2026-06-14T18:24:00+08:00
SHP-0001874,PO-202510-001156,SUP-037,rail,承运商21,青岛,WH-02,2025-10-19T10:37:00+08:00,2025-10-20T10:37:00+08:00,24,delivered,CG000000001874,46378.15,2026-06-14T12:35:00+08:00
SHP-0001875,PO-202606-000565,SUP-003,rail,承运商15,合肥,WH-02,2026-06-16T15:14:00+08:00,2026-06-16T21:14:00+08:00,6,blocked,CG000000001875,7208.95,2026-06-14T11:27:00+08:00
SHP-0001876,PO-202601-000594,SUP-029,road,承运商02,上海,WH-01,2026-01-05T07:46:00+08:00,2026-01-06T07:46:00+08:00,24,in_transit,CG000000001876,2490.22,2026-06-15T06:10:00+08:00
SHP-0001877,PO-202507-000863,SUP-052,sea,承运商02,宁波,WH-04,2025-07-19T07:49:00+08:00,2025-07-19T07:49:00+08:00,0,delivered,CG000000001877,43789.39,2026-06-14T22:26:00+08:00
SHP-0001878,PO-202507-001711,SUP-049,air,承运商06,杭州,WH-02,2025-07-22T01:15:00+08:00,2025-07-22T01:15:00+08:00,0,delayed,CG000000001878,61365.27,2026-06-15T02:10:00+08:00
SHP-0001879,PO-202507-000567,SUP-012,road,承运商19,东莞,WH-05,2025-08-05T01:32:00+08:00,2025-08-05T01:32:00+08:00,0,in_transit,CG000000001879,48944.48,2026-06-14T10:53:00+08:00
SHP-0001880,PO-202512-001216,SUP-026,air,承运商09,武汉,WH-02,2025-12-07T19:26:00+08:00,2025-12-07T19:26:00+08:00,0,delivered,CG000000001880,88517.12,2026-06-14T19:39:00+08:00
SHP-0001881,PO-202510-000474,SUP-060,sea,承运商04,合肥,WH-06,2025-10-13T01:09:00+08:00,2025-10-13T01:09:00+08:00,0,delayed,CG000000001881,22866.33,2026-06-14T18:03:00+08:00
SHP-0001882,PO-202605-000119,SUP-014,rail,承运商15,青岛,WH-02,2026-05-20T20:32:00+08:00,2026-05-20T20:32:00+08:00,0,in_transit,CG000000001882,18338.98,2026-06-14T08:46:00+08:00
SHP-0001883,PO-202506-001199,SUP-055,air,承运商18,杭州,WH-05,2025-07-04T17:14:00+08:00,2025-07-04T17:14:00+08:00,0,delayed,CG000000001883,11724.1,2026-06-15T05:41:00+08:00
SHP-0001884,PO-202508-000152,SUP-053,road,承运商04,东莞,WH-06,2025-08-26T05:11:00+08:00,2025-08-26T11:11:00+08:00,6,delayed,CG000000001884,58385.69,2026-06-14T18:25:00+08:00
SHP-0001885,PO-202508-001132,SUP-006,road,承运商19,青岛,WH-03,2025-08-30T06:37:00+08:00,2025-09-02T06:37:00+08:00,72,delayed,CG000000001885,37721.58,2026-06-14T23:23:00+08:00
SHP-0001886,PO-202604-000466,SUP-021,road,承运商24,成都,WH-04,2026-04-27T21:53:00+08:00,2026-04-28T21:53:00+08:00,24,delayed,CG000000001886,18063.38,2026-06-14T16:56:00+08:00
SHP-0001887,PO-202508-000112,SUP-047,rail,承运商15,宁波,WH-04,2025-08-29T07:11:00+08:00,2025-08-30T07:11:00+08:00,24,delayed,CG000000001887,25435.18,2026-06-14T22:37:00+08:00
SHP-0001888,PO-202604-000171,SUP-058,road,承运商11,杭州,WH-02,2026-04-11T08:06:00+08:00,2026-04-11T08:06:00+08:00,0,delivered,CG000000001888,6446.03,2026-06-14T09:51:00+08:00
SHP-0001889,PO-202603-001079,SUP-030,air,承运商16,成都,WH-02,2026-03-14T16:14:00+08:00,2026-03-14T22:14:00+08:00,6,blocked,CG000000001889,12859.52,2026-06-14T11:36:00+08:00
SHP-0001890,PO-202511-000746,SUP-029,rail,承运商17,东莞,WH-02,2025-11-05T20:36:00+08:00,2025-11-06T02:36:00+08:00,6,delivered,CG000000001890,26506.6,2026-06-14T11:16:00+08:00
SHP-0001891,PO-202602-001137,SUP-010,sea,承运商14,上海,WH-01,2026-02-26T23:36:00+08:00,2026-02-26T23:36:00+08:00,0,in_transit,CG000000001891,6286.98,2026-06-14T20:34:00+08:00
SHP-0001892,PO-202510-000852,SUP-046,road,承运商24,青岛,WH-03,2025-10-28T03:23:00+08:00,2025-10-28T15:23:00+08:00,12,delayed,CG000000001892,67962.94,2026-06-15T02:29:00+08:00
SHP-0001893,PO-202510-000507,SUP-001,rail,承运商10,上海,WH-05,2025-10-24T18:20:00+08:00,2025-10-25T18:20:00+08:00,24,delayed,CG000000001893,53172.09,2026-06-14T15:43:00+08:00
SHP-0001894,PO-202507-000888,SUP-022,road,承运商04,杭州,WH-01,2025-07-26T18:18:00+08:00,2025-07-26T18:18:00+08:00,0,customs_hold,CG000000001894,63882.08,2026-06-14T12:17:00+08:00
SHP-0001895,PO-202507-000863,SUP-052,rail,承运商19,东莞,WH-05,2025-07-19T07:49:00+08:00,2025-07-19T07:49:00+08:00,0,in_transit,CG000000001895,35568.46,2026-06-15T04:34:00+08:00
SHP-0001896,PO-202604-001730,SUP-023,road,承运商17,合肥,WH-06,2026-04-22T22:59:00+08:00,2026-04-22T22:59:00+08:00,0,delayed,CG000000001896,58550.15,2026-06-14T08:43:00+08:00
SHP-0001897,PO-202604-000350,SUP-029,air,承运商10,天津,WH-02,2026-04-13T18:55:00+08:00,2026-04-16T18:55:00+08:00,72,delayed,CG000000001897,115526.47,2026-06-14T15:30:00+08:00
SHP-0001898,PO-202509-000393,SUP-059,rail,承运商06,青岛,WH-06,2025-09-29T18:34:00+08:00,2025-09-29T18:34:00+08:00,0,blocked,CG000000001898,16062.37,2026-06-14T12:39:00+08:00
SHP-0001899,PO-202511-000822,SUP-009,road,承运商17,青岛,WH-03,2025-11-09T08:11:00+08:00,2025-11-09T20:11:00+08:00,12,in_transit,CG000000001899,51008.02,2026-06-14T23:00:00+08:00
SHP-0001900,PO-202511-000173,SUP-018,sea,承运商09,青岛,WH-05,2025-11-26T03:45:00+08:00,2025-11-26T03:45:00+08:00,0,delivered,CG000000001900,60596.2,2026-06-14T18:00:00+08:00
SHP-0001901,PO-202507-000889,SUP-001,road,承运商07,杭州,WH-01,2025-07-10T18:24:00+08:00,2025-07-10T18:24:00+08:00,0,customs_hold,CG000000001901,66690.93,2026-06-14T14:44:00+08:00
SHP-0001902,PO-202510-000817,SUP-012,sea,承运商10,宁波,WH-02,2025-10-18T19:04:00+08:00,2025-10-18T19:04:00+08:00,0,in_transit,CG000000001902,11355.45,2026-06-14T15:43:00+08:00
SHP-0001903,PO-202511-001131,SUP-017,air,承运商22,武汉,WH-02,2025-11-24T15:09:00+08:00,2025-11-24T15:09:00+08:00,0,in_transit,CG000000001903,152457.42,2026-06-15T01:14:00+08:00
SHP-0001904,PO-202509-000767,SUP-040,road,承运商11,成都,WH-06,2025-09-09T23:25:00+08:00,2025-09-10T05:25:00+08:00,6,customs_hold,CG000000001904,32815.3,2026-06-15T07:39:00+08:00
SHP-0001905,PO-202601-001657,SUP-038,road,承运商23,天津,WH-05,2026-01-24T09:28:00+08:00,2026-01-24T09:28:00+08:00,0,blocked,CG000000001905,1334.96,2026-06-14T09:35:00+08:00
SHP-0001906,PO-202603-000242,SUP-014,sea,承运商05,东莞,WH-04,2026-03-11T09:29:00+08:00,2026-03-11T09:29:00+08:00,0,in_transit,CG000000001906,27345.84,2026-06-14T11:57:00+08:00
SHP-0001907,PO-202604-000338,SUP-042,rail,承运商18,青岛,WH-01,2026-04-10T10:18:00+08:00,2026-04-10T16:18:00+08:00,6,delivered,CG000000001907,22486.56,2026-06-15T03:53:00+08:00
SHP-0001908,PO-202603-000175,SUP-054,road,承运商19,武汉,WH-04,2026-03-20T11:45:00+08:00,2026-03-21T11:45:00+08:00,24,delivered,CG000000001908,36871.2,2026-06-14T16:15:00+08:00
SHP-0001909,PO-202602-001546,SUP-056,road,承运商14,东莞,WH-06,2026-02-26T08:54:00+08:00,2026-02-26T20:54:00+08:00,12,in_transit,CG000000001909,18488.14,2026-06-15T02:32:00+08:00
SHP-0001910,PO-202605-000168,SUP-048,sea,承运商04,青岛,WH-02,2026-05-31T15:28:00+08:00,2026-06-01T03:28:00+08:00,12,delivered,CG000000001910,10436.42,2026-06-15T03:27:00+08:00
SHP-0001911,PO-202508-000277,SUP-024,road,承运商16,武汉,WH-05,2025-08-31T00:57:00+08:00,2025-08-31T00:57:00+08:00,0,delivered,CG000000001911,24072.47,2026-06-14T13:36:00+08:00
SHP-0001912,PO-202509-001577,SUP-038,rail,承运商17,上海,WH-01,2025-10-02T16:15:00+08:00,2025-10-02T16:15:00+08:00,0,delivered,CG000000001912,23081.8,2026-06-15T00:46:00+08:00
SHP-0001913,PO-202509-000844,SUP-018,rail,承运商07,上海,WH-03,2025-09-07T13:30:00+08:00,2025-09-07T13:30:00+08:00,0,delayed,CG000000001913,6019.96,2026-06-14T16:21:00+08:00
SHP-0001914,PO-202601-001429,SUP-022,road,承运商19,东莞,WH-05,2026-01-09T07:38:00+08:00,2026-01-09T13:38:00+08:00,6,delivered,CG000000001914,28626.38,2026-06-14T10:05:00+08:00
SHP-0001915,PO-202601-001270,SUP-045,road,承运商23,天津,WH-01,2026-02-03T23:09:00+08:00,2026-02-03T23:09:00+08:00,0,delayed,CG000000001915,64072.56,2026-06-14T17:58:00+08:00
SHP-0001916,PO-202509-000854,SUP-042,road,承运商22,苏州,WH-04,2025-09-20T20:55:00+08:00,2025-09-20T20:55:00+08:00,0,delivered,CG000000001916,56517.42,2026-06-14T09:14:00+08:00
SHP-0001917,PO-202509-000741,SUP-018,rail,承运商07,上海,WH-04,2025-09-08T03:48:00+08:00,2025-09-08T03:48:00+08:00,0,in_transit,CG000000001917,66214.36,2026-06-14T15:37:00+08:00
SHP-0001918,PO-202512-001665,SUP-057,rail,承运商01,宁波,WH-01,2025-12-09T01:05:00+08:00,2025-12-09T01:05:00+08:00,0,customs_hold,CG000000001918,50574.93,2026-06-15T06:40:00+08:00
SHP-0001919,PO-202606-000800,SUP-029,road,承运商24,青岛,WH-05,2026-06-15T02:30:00+08:00,2026-06-15T02:30:00+08:00,0,delivered,CG000000001919,50173.61,2026-06-15T03:26:00+08:00
SHP-0001920,PO-202604-000734,SUP-035,rail,承运商10,合肥,WH-03,2026-04-14T10:31:00+08:00,2026-04-14T10:31:00+08:00,0,delayed,CG000000001920,53009.54,2026-06-14T09:37:00+08:00
SHP-0001921,PO-202507-000369,SUP-050,sea,承运商17,天津,WH-03,2025-07-09T07:53:00+08:00,2025-07-09T07:53:00+08:00,0,in_transit,CG000000001921,31153.83,2026-06-15T07:03:00+08:00
SHP-0001922,PO-202510-000637,SUP-055,road,承运商05,合肥,WH-06,2025-10-12T22:57:00+08:00,2025-10-13T22:57:00+08:00,24,delivered,CG000000001922,31864.91,2026-06-14T14:23:00+08:00
SHP-0001923,PO-202605-000223,SUP-001,air,承运商23,成都,WH-03,2026-05-07T03:00:00+08:00,2026-05-07T03:00:00+08:00,0,delivered,CG000000001923,10661.57,2026-06-15T01:25:00+08:00
SHP-0001924,PO-202604-001166,SUP-051,air,承运商07,杭州,WH-01,2026-05-01T23:34:00+08:00,2026-05-01T23:34:00+08:00,0,in_transit,CG000000001924,65159.58,2026-06-15T01:52:00+08:00
SHP-0001925,PO-202601-000258,SUP-029,road,承运商08,宁波,WH-04,2026-01-06T22:53:00+08:00,2026-01-07T22:53:00+08:00,24,delivered,CG000000001925,56370.38,2026-06-15T04:09:00+08:00
SHP-0001926,PO-202511-001437,SUP-046,rail,承运商08,上海,WH-03,2025-12-04T22:52:00+08:00,2025-12-05T22:52:00+08:00,24,in_transit,CG000000001926,32099.06,2026-06-14T10:45:00+08:00
SHP-0001927,PO-202606-000578,SUP-020,road,承运商22,成都,WH-01,2026-06-17T05:30:00+08:00,2026-06-20T05:30:00+08:00,72,delayed,CG000000001927,34878.56,2026-06-15T00:46:00+08:00
SHP-0001928,PO-202512-000541,SUP-009,rail,承运商05,青岛,WH-02,2025-12-08T20:02:00+08:00,2025-12-08T20:02:00+08:00,0,delivered,CG000000001928,38204.0,2026-06-14T20:12:00+08:00
SHP-0001929,PO-202605-000987,SUP-009,rail,承运商06,合肥,WH-02,2026-05-25T11:24:00+08:00,2026-05-26T11:24:00+08:00,24,customs_hold,CG000000001929,29743.5,2026-06-14T13:07:00+08:00
SHP-0001930,PO-202605-001110,SUP-050,road,承运商14,东莞,WH-02,2026-05-31T00:41:00+08:00,2026-05-31T00:41:00+08:00,0,delivered,CG000000001930,25820.6,2026-06-14T17:53:00+08:00
SHP-0001931,PO-202507-001032,SUP-036,rail,承运商09,东莞,WH-03,2025-07-18T11:18:00+08:00,2025-07-18T11:18:00+08:00,0,in_transit,CG000000001931,33035.65,2026-06-14T10:43:00+08:00
SHP-0001932,PO-202510-000569,SUP-041,road,承运商14,成都,WH-01,2025-10-24T15:40:00+08:00,2025-10-24T15:40:00+08:00,0,delayed,CG000000001932,27309.56,2026-06-15T00:40:00+08:00
SHP-0001933,PO-202512-001518,SUP-015,road,承运商17,天津,WH-03,2025-12-28T18:07:00+08:00,2025-12-28T18:07:00+08:00,0,customs_hold,CG000000001933,32198.31,2026-06-15T04:13:00+08:00
SHP-0001934,PO-202511-000392,SUP-055,road,承运商22,武汉,WH-01,2025-11-16T17:06:00+08:00,2025-11-16T17:06:00+08:00,0,in_transit,CG000000001934,33850.71,2026-06-14T22:41:00+08:00
SHP-0001935,PO-202507-001622,SUP-022,sea,承运商21,天津,WH-03,2025-07-08T11:31:00+08:00,2025-07-08T11:31:00+08:00,0,delivered,CG000000001935,56377.16,2026-06-14T21:19:00+08:00
SHP-0001936,PO-202605-000987,SUP-009,sea,承运商18,青岛,WH-02,2026-05-25T11:24:00+08:00,2026-05-25T11:24:00+08:00,0,delivered,CG000000001936,4589.0,2026-06-14T22:08:00+08:00
SHP-0001937,PO-202602-000901,SUP-021,road,承运商07,东莞,WH-02,2026-02-08T21:18:00+08:00,2026-02-09T09:18:00+08:00,12,delivered,CG000000001937,42638.81,2026-06-14T19:41:00+08:00
SHP-0001938,PO-202603-000664,SUP-012,sea,承运商01,成都,WH-04,2026-03-21T21:38:00+08:00,2026-03-21T21:38:00+08:00,0,delivered,CG000000001938,59453.48,2026-06-15T07:46:00+08:00
SHP-0001939,PO-202508-001490,SUP-031,rail,承运商20,成都,WH-04,2025-09-05T03:09:00+08:00,2025-09-05T03:09:00+08:00,0,in_transit,CG000000001939,3399.47,2026-06-14T23:30:00+08:00
SHP-0001940,PO-202603-001548,SUP-017,road,承运商16,青岛,WH-02,2026-03-07T22:41:00+08:00,2026-03-08T10:41:00+08:00,12,customs_hold,CG000000001940,51174.46,2026-06-15T02:08:00+08:00
SHP-0001941,PO-202510-000731,SUP-052,sea,承运商04,上海,WH-04,2025-10-21T08:03:00+08:00,2025-10-21T08:03:00+08:00,0,in_transit,CG000000001941,4092.14,2026-06-14T13:59:00+08:00
SHP-0001942,PO-202601-001422,SUP-044,air,承运商10,青岛,WH-02,2026-02-06T23:10:00+08:00,2026-02-07T11:10:00+08:00,12,delivered,CG000000001942,62809.23,2026-06-14T17:12:00+08:00
SHP-0001943,PO-202605-001219,SUP-050,sea,承运商12,东莞,WH-05,2026-05-05T10:16:00+08:00,2026-05-07T10:16:00+08:00,48,blocked,CG000000001943,53995.58,2026-06-14T19:25:00+08:00
SHP-0001944,PO-202511-000738,SUP-019,air,承运商09,上海,WH-03,2025-11-23T09:31:00+08:00,2025-11-23T09:31:00+08:00,0,in_transit,CG000000001944,80281.15,2026-06-14T20:17:00+08:00
SHP-0001945,PO-202509-000464,SUP-025,rail,承运商18,宁波,WH-01,2025-09-10T01:16:00+08:00,2025-09-13T01:16:00+08:00,72,delivered,CG000000001945,63593.12,2026-06-15T01:38:00+08:00
SHP-0001946,PO-202602-000493,SUP-033,air,承运商10,天津,WH-03,2026-02-16T08:25:00+08:00,2026-02-16T08:25:00+08:00,0,delayed,CG000000001946,34748.3,2026-06-14T13:55:00+08:00
SHP-0001947,PO-202606-001091,SUP-035,rail,承运商15,武汉,WH-03,2026-06-14T04:33:00+08:00,2026-06-14T04:33:00+08:00,0,delivered,CG000000001947,15113.98,2026-06-15T07:31:00+08:00
SHP-0001948,PO-202602-000315,SUP-015,rail,承运商07,武汉,WH-01,2026-02-23T04:02:00+08:00,2026-02-23T04:02:00+08:00,0,delivered,CG000000001948,64045.97,2026-06-14T14:44:00+08:00
SHP-0001949,PO-202605-000966,SUP-041,road,承运商19,苏州,WH-04,2026-06-05T20:08:00+08:00,2026-06-05T20:08:00+08:00,0,in_transit,CG000000001949,25558.46,2026-06-14T15:58:00+08:00
SHP-0001950,PO-202508-001118,SUP-030,road,承运商20,杭州,WH-03,2025-08-25T13:21:00+08:00,2025-08-26T01:21:00+08:00,12,in_transit,CG000000001950,41726.26,2026-06-15T02:19:00+08:00
SHP-0001951,PO-202512-000824,SUP-044,road,承运商15,东莞,WH-02,2025-12-27T01:23:00+08:00,2025-12-30T01:23:00+08:00,72,delivered,CG000000001951,62033.7,2026-06-14T17:00:00+08:00
SHP-0001952,PO-202506-000725,SUP-055,road,承运商24,上海,WH-01,2025-06-21T02:35:00+08:00,2025-06-21T02:35:00+08:00,0,delayed,CG000000001952,22329.36,2026-06-15T05:43:00+08:00
SHP-0001953,PO-202601-001053,SUP-057,rail,承运商07,宁波,WH-03,2026-01-14T18:34:00+08:00,2026-01-15T18:34:00+08:00,24,delivered,CG000000001953,50958.74,2026-06-14T10:20:00+08:00
SHP-0001954,PO-202601-000938,SUP-038,rail,承运商14,成都,WH-04,2026-01-12T22:13:00+08:00,2026-01-15T22:13:00+08:00,72,customs_hold,CG000000001954,3073.56,2026-06-15T06:42:00+08:00
SHP-0001955,PO-202507-000086,SUP-012,road,承运商02,武汉,WH-01,2025-07-24T06:37:00+08:00,2025-07-24T06:37:00+08:00,0,in_transit,CG000000001955,52856.52,2026-06-14T17:59:00+08:00
SHP-0001956,PO-202605-000132,SUP-036,air,承运商02,杭州,WH-02,2026-05-14T19:12:00+08:00,2026-05-16T19:12:00+08:00,48,delayed,CG000000001956,90557.24,2026-06-15T01:50:00+08:00
SHP-0001957,PO-202509-000659,SUP-010,rail,承运商06,东莞,WH-05,2025-09-26T04:32:00+08:00,2025-09-29T04:32:00+08:00,72,delivered,CG000000001957,36565.28,2026-06-14T13:46:00+08:00
SHP-0001958,PO-202506-001232,SUP-049,air,承运商11,杭州,WH-06,2025-06-29T09:12:00+08:00,2025-06-29T21:12:00+08:00,12,delivered,CG000000001958,109215.95,2026-06-15T03:14:00+08:00
SHP-0001959,PO-202511-000978,SUP-043,air,承运商24,武汉,WH-03,2025-11-21T13:19:00+08:00,2025-11-21T13:19:00+08:00,0,delivered,CG000000001959,24785.59,2026-06-15T05:39:00+08:00
SHP-0001960,PO-202509-000386,SUP-053,sea,承运商04,上海,WH-06,2025-09-21T11:56:00+08:00,2025-09-21T11:56:00+08:00,0,delivered,CG000000001960,6092.82,2026-06-14T13:11:00+08:00
SHP-0001961,PO-202506-001538,SUP-015,sea,承运商06,合肥,WH-03,2025-06-20T10:48:00+08:00,2025-06-20T10:48:00+08:00,0,delivered,CG000000001961,58056.75,2026-06-15T01:58:00+08:00
SHP-0001962,PO-202509-001273,SUP-033,sea,承运商23,上海,WH-04,2025-09-05T23:11:00+08:00,2025-09-05T23:11:00+08:00,0,delivered,CG000000001962,36395.54,2026-06-15T04:10:00+08:00
SHP-0001963,PO-202601-001134,SUP-034,road,承运商09,宁波,WH-02,2026-01-06T06:21:00+08:00,2026-01-06T06:21:00+08:00,0,delivered,CG000000001963,6163.35,2026-06-15T07:31:00+08:00
SHP-0001964,PO-202603-001192,SUP-046,sea,承运商06,武汉,WH-01,2026-03-26T21:50:00+08:00,2026-03-26T21:50:00+08:00,0,customs_hold,CG000000001964,55821.6,2026-06-14T11:56:00+08:00
SHP-0001965,PO-202604-001086,SUP-022,sea,承运商17,合肥,WH-03,2026-04-12T15:15:00+08:00,2026-04-15T15:15:00+08:00,72,delivered,CG000000001965,39788.15,2026-06-14T23:22:00+08:00
SHP-0001966,PO-202605-000793,SUP-024,rail,承运商04,东莞,WH-02,2026-05-06T21:03:00+08:00,2026-05-06T21:03:00+08:00,0,delivered,CG000000001966,43634.6,2026-06-14T17:21:00+08:00
SHP-0001967,PO-202509-000475,SUP-052,sea,承运商04,青岛,WH-05,2025-09-18T09:29:00+08:00,2025-09-18T09:29:00+08:00,0,delivered,CG000000001967,58164.6,2026-06-14T14:31:00+08:00
SHP-0001968,PO-202512-000039,SUP-009,road,承运商20,天津,WH-06,2026-01-03T03:40:00+08:00,2026-01-04T03:40:00+08:00,24,delivered,CG000000001968,62971.5,2026-06-14T17:03:00+08:00
SHP-0001969,PO-202511-000915,SUP-008,rail,承运商24,成都,WH-06,2025-11-26T20:43:00+08:00,2025-11-26T20:43:00+08:00,0,delivered,CG000000001969,56447.6,2026-06-15T04:57:00+08:00
SHP-0001970,PO-202601-001051,SUP-058,sea,承运商01,东莞,WH-05,2026-01-29T18:13:00+08:00,2026-01-30T18:13:00+08:00,24,in_transit,CG000000001970,41718.68,2026-06-14T18:40:00+08:00
SHP-0001971,PO-202601-001157,SUP-055,rail,承运商14,苏州,WH-05,2026-02-01T11:38:00+08:00,2026-02-01T17:38:00+08:00,6,delivered,CG000000001971,8005.58,2026-06-15T02:20:00+08:00
SHP-0001972,PO-202512-001710,SUP-019,rail,承运商21,成都,WH-05,2025-12-09T12:20:00+08:00,2025-12-09T12:20:00+08:00,0,in_transit,CG000000001972,50739.66,2026-06-14T15:50:00+08:00
SHP-0001973,PO-202604-000187,SUP-049,road,承运商05,成都,WH-06,2026-04-30T12:56:00+08:00,2026-05-03T12:56:00+08:00,72,customs_hold,CG000000001973,44721.14,2026-06-14T17:46:00+08:00
SHP-0001974,PO-202509-000886,SUP-041,road,承运商19,天津,WH-05,2025-09-30T19:10:00+08:00,2025-09-30T19:10:00+08:00,0,delivered,CG000000001974,39796.16,2026-06-14T15:25:00+08:00
SHP-0001975,PO-202604-001021,SUP-008,road,承运商21,青岛,WH-03,2026-04-10T15:24:00+08:00,2026-04-10T15:24:00+08:00,0,delayed,CG000000001975,61579.61,2026-06-15T00:42:00+08:00
SHP-0001976,PO-202512-000327,SUP-014,rail,承运商24,上海,WH-03,2025-12-27T04:56:00+08:00,2025-12-28T04:56:00+08:00,24,in_transit,CG000000001976,43232.24,2026-06-14T15:32:00+08:00
SHP-0001977,PO-202602-001445,SUP-046,road,承运商18,武汉,WH-04,2026-03-05T17:15:00+08:00,2026-03-06T17:15:00+08:00,24,delivered,CG000000001977,34439.7,2026-06-14T12:30:00+08:00
SHP-0001978,PO-202508-000539,SUP-052,sea,承运商11,青岛,WH-02,2025-09-01T02:52:00+08:00,2025-09-02T02:52:00+08:00,24,delivered,CG000000001978,66291.81,2026-06-14T22:08:00+08:00
SHP-0001979,PO-202511-000144,SUP-018,rail,承运商22,东莞,WH-01,2025-11-08T06:03:00+08:00,2025-11-08T18:03:00+08:00,12,customs_hold,CG000000001979,9263.61,2026-06-15T01:32:00+08:00
SHP-0001980,PO-202512-001088,SUP-042,sea,承运商22,青岛,WH-01,2026-01-04T08:00:00+08:00,2026-01-04T08:00:00+08:00,0,delivered,CG000000001980,10171.17,2026-06-15T05:54:00+08:00
SHP-0001981,PO-202510-000671,SUP-053,sea,承运商16,武汉,WH-01,2025-10-19T16:26:00+08:00,2025-10-20T16:26:00+08:00,24,customs_hold,CG000000001981,25001.91,2026-06-14T14:54:00+08:00
SHP-0001982,PO-202506-000650,SUP-015,road,承运商16,青岛,WH-01,2025-06-26T09:37:00+08:00,2025-06-26T09:37:00+08:00,0,in_transit,CG000000001982,65087.06,2026-06-15T01:05:00+08:00
SHP-0001983,PO-202508-001417,SUP-005,sea,承运商20,杭州,WH-04,2025-08-26T00:34:00+08:00,2025-08-27T00:34:00+08:00,24,delivered,CG000000001983,62612.78,2026-06-15T07:35:00+08:00
SHP-0001984,PO-202511-001650,SUP-012,sea,承运商05,青岛,WH-01,2025-11-27T16:09:00+08:00,2025-11-28T04:09:00+08:00,12,delayed,CG000000001984,35168.88,2026-06-14T09:16:00+08:00
SHP-0001985,PO-202512-001587,SUP-010,road,承运商17,上海,WH-05,2025-12-27T23:58:00+08:00,2025-12-28T23:58:00+08:00,24,in_transit,CG000000001985,32266.46,2026-06-14T15:12:00+08:00
SHP-0001986,PO-202512-001368,SUP-052,road,承运商24,青岛,WH-04,2025-12-13T07:36:00+08:00,2025-12-13T07:36:00+08:00,0,customs_hold,CG000000001986,46042.08,2026-06-14T16:02:00+08:00
SHP-0001987,PO-202512-001285,SUP-012,road,承运商01,武汉,WH-03,2025-12-08T15:25:00+08:00,2025-12-08T15:25:00+08:00,0,in_transit,CG000000001987,63987.54,2026-06-14T23:53:00+08:00
SHP-0001988,PO-202511-000204,SUP-020,air,承运商16,东莞,WH-02,2025-11-22T10:44:00+08:00,2025-11-22T10:44:00+08:00,0,in_transit,CG000000001988,10314.64,2026-06-15T00:02:00+08:00
SHP-0001989,PO-202508-000636,SUP-055,air,承运商12,合肥,WH-04,2025-08-14T20:47:00+08:00,2025-08-14T20:47:00+08:00,0,in_transit,CG000000001989,83395.68,2026-06-15T05:44:00+08:00
SHP-0001990,PO-202511-001697,SUP-005,road,承运商22,天津,WH-04,2025-11-21T21:22:00+08:00,2025-11-24T21:22:00+08:00,72,delivered,CG000000001990,11909.64,2026-06-14T13:35:00+08:00
SHP-0001991,PO-202508-000799,SUP-022,rail,承运商18,成都,WH-05,2025-08-26T10:40:00+08:00,2025-08-27T10:40:00+08:00,24,in_transit,CG000000001991,38797.92,2026-06-14T23:24:00+08:00
SHP-0001992,PO-202512-000215,SUP-022,rail,承运商09,合肥,WH-01,2025-12-23T04:48:00+08:00,2025-12-23T16:48:00+08:00,12,delivered,CG000000001992,24364.21,2026-06-14T11:34:00+08:00
SHP-0001993,PO-202506-001176,SUP-046,sea,承运商12,上海,WH-01,2025-06-30T09:59:00+08:00,2025-06-30T15:59:00+08:00,6,delivered,CG000000001993,11296.96,2026-06-14T21:02:00+08:00
SHP-0001994,PO-202511-000859,SUP-002,road,承运商03,苏州,WH-02,2025-11-23T14:54:00+08:00,2025-11-24T02:54:00+08:00,12,delivered,CG000000001994,26668.28,2026-06-14T21:41:00+08:00
SHP-0001995,PO-202507-000567,SUP-012,road,承运商03,苏州,WH-02,2025-08-05T01:32:00+08:00,2025-08-05T01:32:00+08:00,0,delivered,CG000000001995,37956.76,2026-06-14T08:46:00+08:00
SHP-0001996,PO-202512-000115,SUP-027,air,承运商16,武汉,WH-04,2025-12-25T16:53:00+08:00,2025-12-26T16:53:00+08:00,24,in_transit,CG000000001996,7600.59,2026-06-14T17:42:00+08:00
SHP-0001997,PO-202511-000795,SUP-040,road,承运商14,天津,WH-03,2025-11-28T13:47:00+08:00,2025-11-28T19:47:00+08:00,6,delivered,CG000000001997,38530.36,2026-06-15T01:51:00+08:00
SHP-0001998,PO-202509-000126,SUP-022,air,承运商05,合肥,WH-02,2025-09-11T16:21:00+08:00,2025-09-11T16:21:00+08:00,0,in_transit,CG000000001998,70150.77,2026-06-14T10:30:00+08:00
SHP-0001999,PO-202602-001180,SUP-014,air,承运商12,成都,WH-06,2026-02-12T00:17:00+08:00,2026-02-14T00:17:00+08:00,48,delivered,CG000000001999,21489.72,2026-06-14T14:48:00+08:00
SHP-0002000,PO-202508-001096,SUP-035,road,承运商23,宁波,WH-01,2025-09-01T21:55:00+08:00,2025-09-01T21:55:00+08:00,0,delivered,CG000000002000,61779.11,2026-06-15T05:43:00+08:00
SHP-0002001,PO-202604-001107,SUP-029,rail,承运商17,杭州,WH-04,2026-04-17T23:04:00+08:00,2026-04-19T23:04:00+08:00,48,delayed,CG000000002001,18851.87,2026-06-14T17:44:00+08:00
SHP-0002002,PO-202510-000601,SUP-040,rail,承运商17,东莞,WH-05,2025-10-11T18:15:00+08:00,2025-10-11T18:15:00+08:00,0,delayed,CG000000002002,65414.94,2026-06-14T23:56:00+08:00
SHP-0002003,PO-202506-001199,SUP-055,road,承运商13,青岛,WH-02,2025-07-04T17:14:00+08:00,2025-07-04T17:14:00+08:00,0,delivered,CG000000002003,52589.98,2026-06-14T09:18:00+08:00
SHP-0002004,PO-202601-000238,SUP-026,road,承运商11,青岛,WH-01,2026-01-27T02:05:00+08:00,2026-01-27T02:05:00+08:00,0,in_transit,CG000000002004,10958.31,2026-06-14T13:16:00+08:00
SHP-0002005,PO-202508-001069,SUP-028,road,承运商04,合肥,WH-01,2025-08-13T17:32:00+08:00,2025-08-13T23:32:00+08:00,6,delivered,CG000000002005,35053.16,2026-06-14T18:57:00+08:00
SHP-0002006,PO-202510-001411,SUP-027,air,承运商16,成都,WH-02,2025-10-05T07:12:00+08:00,2025-10-05T07:12:00+08:00,0,delivered,CG000000002006,98886.79,2026-06-15T04:25:00+08:00
SHP-0002007,PO-202603-000694,SUP-026,rail,承运商24,宁波,WH-03,2026-03-23T14:50:00+08:00,2026-03-24T02:50:00+08:00,12,delayed,CG000000002007,24976.4,2026-06-15T00:27:00+08:00
SHP-0002008,PO-202606-000087,SUP-003,rail,承运商11,苏州,WH-04,2026-06-08T15:24:00+08:00,2026-06-08T15:24:00+08:00,0,delayed,CG000000002008,28684.3,2026-06-14T08:05:00+08:00
SHP-0002009,PO-202604-000684,SUP-006,sea,承运商06,上海,WH-02,2026-04-30T07:47:00+08:00,2026-04-30T19:47:00+08:00,12,in_transit,CG000000002009,55471.77,2026-06-14T14:49:00+08:00
SHP-0002010,PO-202508-001095,SUP-038,road,承运商01,上海,WH-04,2025-08-09T01:59:00+08:00,2025-08-09T01:59:00+08:00,0,delayed,CG000000002010,14328.73,2026-06-15T01:16:00+08:00
SHP-0002011,PO-202512-001447,SUP-039,road,承运商09,宁波,WH-01,2026-01-01T18:25:00+08:00,2026-01-01T18:25:00+08:00,0,in_transit,CG000000002011,20611.05,2026-06-14T14:27:00+08:00
SHP-0002012,PO-202512-001720,SUP-057,road,承运商17,青岛,WH-04,2026-01-02T17:45:00+08:00,2026-01-02T17:45:00+08:00,0,blocked,CG000000002012,61515.75,2026-06-14T22:07:00+08:00
SHP-0002013,PO-202512-000268,SUP-004,road,承运商16,合肥,WH-04,2025-12-23T02:23:00+08:00,2025-12-23T02:23:00+08:00,0,delivered,CG000000002013,53299.22,2026-06-15T02:38:00+08:00
SHP-0002014,PO-202508-000180,SUP-017,road,承运商08,天津,WH-02,2025-08-12T00:06:00+08:00,2025-08-12T00:06:00+08:00,0,delivered,CG000000002014,32381.77,2026-06-14T20:49:00+08:00
SHP-0002015,PO-202601-000091,SUP-010,road,承运商04,宁波,WH-04,2026-01-08T20:15:00+08:00,2026-01-08T20:15:00+08:00,0,blocked,CG000000002015,48974.89,2026-06-14T22:56:00+08:00
SHP-0002016,PO-202510-000104,SUP-041,road,承运商13,成都,WH-05,2025-11-03T22:56:00+08:00,2025-11-04T22:56:00+08:00,24,delivered,CG000000002016,21956.5,2026-06-14T23:07:00+08:00
SHP-0002017,PO-202510-000951,SUP-052,road,承运商20,成都,WH-03,2025-10-10T03:01:00+08:00,2025-10-10T03:01:00+08:00,0,delayed,CG000000002017,51989.8,2026-06-14T08:36:00+08:00
SHP-0002018,PO-202510-000817,SUP-012,air,承运商22,成都,WH-02,2025-10-18T19:04:00+08:00,2025-10-21T19:04:00+08:00,72,delivered,CG000000002018,52015.31,2026-06-15T02:38:00+08:00
SHP-0002019,PO-202603-000440,SUP-004,road,承运商11,苏州,WH-02,2026-03-23T16:25:00+08:00,2026-03-24T04:25:00+08:00,12,in_transit,CG000000002019,64430.73,2026-06-15T00:15:00+08:00
SHP-0002020,PO-202509-000767,SUP-040,road,承运商15,成都,WH-04,2025-09-09T23:25:00+08:00,2025-09-10T11:25:00+08:00,12,delivered,CG000000002020,56434.15,2026-06-14T12:37:00+08:00
SHP-0002021,PO-202509-001613,SUP-027,sea,承运商23,苏州,WH-03,2025-10-01T10:53:00+08:00,2025-10-01T22:53:00+08:00,12,delivered,CG000000002021,49268.55,2026-06-15T06:11:00+08:00
SHP-0002022,PO-202605-001280,SUP-059,road,承运商18,苏州,WH-01,2026-05-18T00:26:00+08:00,2026-05-20T00:26:00+08:00,48,delivered,CG000000002022,43422.75,2026-06-15T07:28:00+08:00
SHP-0002023,PO-202510-001768,SUP-039,sea,承运商02,天津,WH-02,2025-10-29T04:30:00+08:00,2025-10-29T04:30:00+08:00,0,in_transit,CG000000002023,51217.34,2026-06-14T13:18:00+08:00
SHP-0002024,PO-202601-000515,SUP-049,sea,承运商06,杭州,WH-04,2026-01-04T08:49:00+08:00,2026-01-04T08:49:00+08:00,0,delayed,CG000000002024,52477.1,2026-06-14T17:16:00+08:00
SHP-0002025,PO-202510-001449,SUP-016,road,承运商10,宁波,WH-06,2025-10-17T11:18:00+08:00,2025-10-17T11:18:00+08:00,0,delayed,CG000000002025,55874.07,2026-06-14T21:02:00+08:00
SHP-0002026,PO-202604-000648,SUP-018,sea,承运商19,东莞,WH-02,2026-05-06T10:43:00+08:00,2026-05-06T22:43:00+08:00,12,delivered,CG000000002026,55470.69,2026-06-15T01:41:00+08:00
SHP-0002027,PO-202604-000623,SUP-013,road,承运商19,天津,WH-05,2026-05-03T07:37:00+08:00,2026-05-03T07:37:00+08:00,0,in_transit,CG000000002027,4941.66,2026-06-15T02:53:00+08:00
SHP-0002028,PO-202605-001428,SUP-060,rail,承运商02,合肥,WH-01,2026-05-08T12:54:00+08:00,2026-05-08T12:54:00+08:00,0,delivered,CG000000002028,3857.23,2026-06-14T23:04:00+08:00
SHP-0002029,PO-202601-001498,SUP-030,rail,承运商17,青岛,WH-02,2026-01-15T12:59:00+08:00,2026-01-15T12:59:00+08:00,0,in_transit,CG000000002029,7622.49,2026-06-15T06:09:00+08:00
SHP-0002030,PO-202511-001685,SUP-048,sea,承运商10,武汉,WH-01,2025-11-25T16:02:00+08:00,2025-11-25T16:02:00+08:00,0,delayed,CG000000002030,18279.31,2026-06-14T18:58:00+08:00
SHP-0002031,PO-202602-000316,SUP-004,road,承运商22,杭州,WH-02,2026-02-20T00:01:00+08:00,2026-02-20T00:01:00+08:00,0,in_transit,CG000000002031,49092.43,2026-06-14T15:26:00+08:00
SHP-0002032,PO-202507-001622,SUP-022,road,承运商02,苏州,WH-03,2025-07-08T11:31:00+08:00,2025-07-08T17:31:00+08:00,6,delayed,CG000000002032,37265.57,2026-06-15T05:59:00+08:00
SHP-0002033,PO-202604-000454,SUP-046,road,承运商07,上海,WH-01,2026-04-11T01:11:00+08:00,2026-04-11T01:11:00+08:00,0,in_transit,CG000000002033,30273.81,2026-06-14T15:15:00+08:00
SHP-0002034,PO-202604-001006,SUP-025,road,承运商19,青岛,WH-02,2026-05-01T00:27:00+08:00,2026-05-04T00:27:00+08:00,72,blocked,CG000000002034,8312.99,2026-06-14T22:47:00+08:00
SHP-0002035,PO-202510-000045,SUP-036,sea,承运商11,苏州,WH-05,2025-10-12T11:04:00+08:00,2025-10-14T11:04:00+08:00,48,delivered,CG000000002035,40992.75,2026-06-15T01:26:00+08:00
SHP-0002036,PO-202601-000928,SUP-032,road,承运商08,宁波,WH-01,2026-02-03T03:14:00+08:00,2026-02-06T03:14:00+08:00,72,in_transit,CG000000002036,23106.45,2026-06-14T17:42:00+08:00
SHP-0002037,PO-202601-000506,SUP-026,sea,承运商18,天津,WH-05,2026-01-27T11:16:00+08:00,2026-01-27T23:16:00+08:00,12,blocked,CG000000002037,44623.37,2026-06-14T21:27:00+08:00
SHP-0002038,PO-202512-001482,SUP-053,road,承运商04,天津,WH-04,2025-12-18T00:27:00+08:00,2025-12-18T12:27:00+08:00,12,delivered,CG000000002038,42728.07,2026-06-15T05:34:00+08:00
SHP-0002039,PO-202605-000573,SUP-054,sea,承运商10,苏州,WH-06,2026-05-26T19:46:00+08:00,2026-05-27T19:46:00+08:00,24,delivered,CG000000002039,67608.2,2026-06-14T21:50:00+08:00
SHP-0002040,PO-202602-000032,SUP-007,road,承运商01,合肥,WH-02,2026-02-12T17:51:00+08:00,2026-02-12T17:51:00+08:00,0,delayed,CG000000002040,30174.63,2026-06-15T07:13:00+08:00
SHP-0002041,PO-202511-000738,SUP-019,sea,承运商02,杭州,WH-06,2025-11-23T09:31:00+08:00,2025-11-23T09:31:00+08:00,0,delivered,CG000000002041,36068.47,2026-06-14T13:21:00+08:00
SHP-0002042,PO-202605-000696,SUP-015,air,承运商11,成都,WH-05,2026-05-05T11:07:00+08:00,2026-05-05T23:07:00+08:00,12,in_transit,CG000000002042,75896.91,2026-06-15T04:55:00+08:00
SHP-0002043,PO-202602-000514,SUP-049,road,承运商23,青岛,WH-01,2026-02-21T02:57:00+08:00,2026-02-21T02:57:00+08:00,0,delivered,CG000000002043,26168.74,2026-06-15T01:09:00+08:00
SHP-0002044,PO-202601-000928,SUP-032,sea,承运商03,成都,WH-06,2026-02-03T03:14:00+08:00,2026-02-03T03:14:00+08:00,0,in_transit,CG000000002044,53381.88,2026-06-14T08:48:00+08:00
SHP-0002045,PO-202602-001078,SUP-025,road,承运商01,杭州,WH-04,2026-02-26T16:41:00+08:00,2026-02-26T16:41:00+08:00,0,in_transit,CG000000002045,29468.05,2026-06-14T11:31:00+08:00
SHP-0002046,PO-202509-000304,SUP-018,air,承运商03,青岛,WH-06,2025-09-21T22:26:00+08:00,2025-09-21T22:26:00+08:00,0,delayed,CG000000002046,114139.26,2026-06-14T12:49:00+08:00
SHP-0002047,PO-202604-001658,SUP-007,road,承运商12,青岛,WH-03,2026-04-27T07:51:00+08:00,2026-04-27T07:51:00+08:00,0,delivered,CG000000002047,50034.94,2026-06-15T01:22:00+08:00
SHP-0002048,PO-202507-000426,SUP-058,sea,承运商07,成都,WH-06,2025-07-24T03:32:00+08:00,2025-07-24T15:32:00+08:00,12,in_transit,CG000000002048,46222.95,2026-06-14T12:37:00+08:00
SHP-0002049,PO-202512-000794,SUP-014,air,承运商11,东莞,WH-06,2025-12-11T03:11:00+08:00,2025-12-11T03:11:00+08:00,0,in_transit,CG000000002049,129449.76,2026-06-14T12:43:00+08:00
SHP-0002050,PO-202510-000333,SUP-058,sea,承运商05,宁波,WH-01,2025-10-06T22:43:00+08:00,2025-10-06T22:43:00+08:00,0,delivered,CG000000002050,57132.68,2026-06-15T01:12:00+08:00
SHP-0002051,PO-202512-000520,SUP-036,air,承运商15,武汉,WH-06,2026-01-02T03:09:00+08:00,2026-01-02T15:09:00+08:00,12,delivered,CG000000002051,85797.2,2026-06-14T23:21:00+08:00
SHP-0002052,PO-202508-000245,SUP-027,road,承运商23,天津,WH-06,2025-08-16T20:39:00+08:00,2025-08-17T20:39:00+08:00,24,delayed,CG000000002052,55727.38,2026-06-15T02:44:00+08:00
SHP-0002053,PO-202509-000201,SUP-018,road,承运商17,上海,WH-01,2025-10-05T01:02:00+08:00,2025-10-07T01:02:00+08:00,48,in_transit,CG000000002053,24451.86,2026-06-14T23:05:00+08:00
SHP-0002054,PO-202604-001688,SUP-034,rail,承运商07,天津,WH-03,2026-04-22T16:50:00+08:00,2026-04-23T16:50:00+08:00,24,delivered,CG000000002054,52113.19,2026-06-14T20:20:00+08:00
SHP-0002055,PO-202507-001251,SUP-034,road,承运商23,武汉,WH-03,2025-07-28T12:48:00+08:00,2025-07-28T12:48:00+08:00,0,in_transit,CG000000002055,62766.43,2026-06-14T09:03:00+08:00
SHP-0002056,PO-202507-001491,SUP-021,air,承运商05,成都,WH-05,2025-07-28T23:17:00+08:00,2025-07-28T23:17:00+08:00,0,delivered,CG000000002056,33765.74,2026-06-14T18:28:00+08:00
SHP-0002057,PO-202605-000167,SUP-012,sea,承运商22,武汉,WH-03,2026-06-01T12:01:00+08:00,2026-06-03T12:01:00+08:00,48,delayed,CG000000002057,5172.0,2026-06-14T13:08:00+08:00
SHP-0002058,PO-202512-001262,SUP-044,rail,承运商12,宁波,WH-01,2025-12-16T00:58:00+08:00,2025-12-16T00:58:00+08:00,0,delivered,CG000000002058,43569.36,2026-06-14T08:48:00+08:00
SHP-0002059,PO-202510-000661,SUP-049,road,承运商22,青岛,WH-06,2025-10-02T18:38:00+08:00,2025-10-02T18:38:00+08:00,0,delayed,CG000000002059,45008.97,2026-06-14T14:45:00+08:00
SHP-0002060,PO-202603-001738,SUP-028,road,承运商07,青岛,WH-04,2026-03-16T06:55:00+08:00,2026-03-16T06:55:00+08:00,0,delivered,CG000000002060,64902.08,2026-06-14T10:06:00+08:00
SHP-0002061,PO-202512-001633,SUP-060,road,承运商23,合肥,WH-01,2025-12-24T07:30:00+08:00,2025-12-25T07:30:00+08:00,24,delivered,CG000000002061,9804.39,2026-06-15T05:22:00+08:00
SHP-0002062,PO-202511-000094,SUP-060,road,承运商22,天津,WH-01,2025-12-03T09:48:00+08:00,2025-12-03T09:48:00+08:00,0,in_transit,CG000000002062,40921.95,2026-06-14T16:59:00+08:00
SHP-0002063,PO-202602-000885,SUP-019,rail,承运商16,上海,WH-05,2026-02-08T13:15:00+08:00,2026-02-08T19:15:00+08:00,6,delayed,CG000000002063,51558.03,2026-06-14T12:10:00+08:00
SHP-0002064,PO-202511-001284,SUP-048,sea,承运商18,上海,WH-03,2025-11-29T00:23:00+08:00,2025-11-29T12:23:00+08:00,12,delayed,CG000000002064,58163.95,2026-06-14T14:04:00+08:00
SHP-0002065,PO-202601-000748,SUP-028,sea,承运商12,武汉,WH-02,2026-01-26T03:33:00+08:00,2026-01-29T03:33:00+08:00,72,delayed,CG000000002065,58340.42,2026-06-14T15:47:00+08:00
SHP-0002066,PO-202512-000806,SUP-027,sea,承运商05,武汉,WH-05,2025-12-22T13:49:00+08:00,2025-12-22T13:49:00+08:00,0,delivered,CG000000002066,23115.93,2026-06-14T19:02:00+08:00
SHP-0002067,PO-202604-001188,SUP-044,sea,承运商03,天津,WH-06,2026-04-26T01:53:00+08:00,2026-04-26T01:53:00+08:00,0,delivered,CG000000002067,11210.75,2026-06-14T22:19:00+08:00
SHP-0002068,PO-202510-000313,SUP-009,road,承运商09,宁波,WH-06,2025-10-09T20:45:00+08:00,2025-10-12T20:45:00+08:00,72,delivered,CG000000002068,31495.15,2026-06-14T12:57:00+08:00
SHP-0002069,PO-202508-001269,SUP-013,road,承运商16,天津,WH-01,2025-08-28T16:50:00+08:00,2025-08-28T16:50:00+08:00,0,blocked,CG000000002069,32231.55,2026-06-15T02:04:00+08:00
SHP-0002070,PO-202511-000024,SUP-036,road,承运商08,宁波,WH-03,2025-11-20T08:20:00+08:00,2025-11-20T08:20:00+08:00,0,in_transit,CG000000002070,7200.27,2026-06-14T18:58:00+08:00
SHP-0002071,PO-202604-000264,SUP-055,rail,承运商21,东莞,WH-05,2026-04-06T20:51:00+08:00,2026-04-08T20:51:00+08:00,48,delivered,CG000000002071,38830.26,2026-06-15T07:42:00+08:00
SHP-0002072,PO-202606-000402,SUP-007,road,承运商09,合肥,WH-01,2026-06-18T11:24:00+08:00,2026-06-18T17:24:00+08:00,6,delivered,CG000000002072,36992.95,2026-06-14T20:45:00+08:00
SHP-0002073,PO-202603-001494,SUP-020,road,承运商19,东莞,WH-06,2026-04-03T12:03:00+08:00,2026-04-04T12:03:00+08:00,24,in_transit,CG000000002073,21828.54,2026-06-14T21:17:00+08:00
SHP-0002074,PO-202510-000865,SUP-040,air,承运商04,上海,WH-04,2025-10-04T23:11:00+08:00,2025-10-04T23:11:00+08:00,0,delivered,CG000000002074,62658.95,2026-06-14T21:24:00+08:00
SHP-0002075,PO-202604-001182,SUP-022,sea,承运商17,东莞,WH-01,2026-04-14T00:36:00+08:00,2026-04-15T00:36:00+08:00,24,delayed,CG000000002075,8788.4,2026-06-14T23:09:00+08:00
SHP-0002076,PO-202606-000292,SUP-024,sea,承运商19,杭州,WH-02,2026-06-07T11:13:00+08:00,2026-06-09T11:13:00+08:00,48,in_transit,CG000000002076,3658.34,2026-06-15T02:46:00+08:00
SHP-0002077,PO-202512-000956,SUP-018,rail,承运商21,成都,WH-04,2025-12-31T00:09:00+08:00,2025-12-31T06:09:00+08:00,6,in_transit,CG000000002077,51320.69,2026-06-15T07:40:00+08:00
SHP-0002078,PO-202510-000711,SUP-036,road,承运商01,成都,WH-03,2025-10-23T01:21:00+08:00,2025-10-23T01:21:00+08:00,0,delivered,CG000000002078,13196.63,2026-06-15T05:42:00+08:00
SHP-0002079,PO-202507-001570,SUP-016,sea,承运商21,成都,WH-03,2025-07-11T06:02:00+08:00,2025-07-11T06:02:00+08:00,0,in_transit,CG000000002079,19530.67,2026-06-14T22:42:00+08:00
SHP-0002080,PO-202604-001688,SUP-034,sea,承运商02,合肥,WH-01,2026-04-22T16:50:00+08:00,2026-04-22T16:50:00+08:00,0,in_transit,CG000000002080,62661.81,2026-06-14T23:42:00+08:00
SHP-0002081,PO-202512-000662,SUP-054,air,承运商23,苏州,WH-02,2025-12-18T01:23:00+08:00,2025-12-18T07:23:00+08:00,6,delivered,CG000000002081,78029.31,2026-06-14T10:07:00+08:00
SHP-0002082,PO-202603-001479,SUP-011,air,承运商11,天津,WH-06,2026-03-16T11:26:00+08:00,2026-03-17T11:26:00+08:00,24,in_transit,CG000000002082,112702.84,2026-06-15T05:29:00+08:00
SHP-0002083,PO-202508-000035,SUP-041,sea,承运商03,青岛,WH-04,2025-08-20T13:40:00+08:00,2025-08-22T13:40:00+08:00,48,in_transit,CG000000002083,27813.45,2026-06-14T21:40:00+08:00
SHP-0002084,PO-202507-000567,SUP-012,sea,承运商08,成都,WH-06,2025-08-05T01:32:00+08:00,2025-08-05T07:32:00+08:00,6,blocked,CG000000002084,65126.44,2026-06-15T03:19:00+08:00
SHP-0002085,PO-202510-000499,SUP-019,sea,承运商02,合肥,WH-05,2025-11-06T18:30:00+08:00,2025-11-06T18:30:00+08:00,0,in_transit,CG000000002085,17379.4,2026-06-14T22:13:00+08:00
SHP-0002086,PO-202509-000844,SUP-018,air,承运商23,上海,WH-02,2025-09-07T13:30:00+08:00,2025-09-07T13:30:00+08:00,0,in_transit,CG000000002086,39363.72,2026-06-15T06:36:00+08:00
SHP-0002087,PO-202511-001783,SUP-051,air,承运商18,合肥,WH-01,2025-11-24T16:56:00+08:00,2025-11-25T16:56:00+08:00,24,delivered,CG000000002087,51912.41,2026-06-14T11:38:00+08:00
SHP-0002088,PO-202510-000843,SUP-015,rail,承运商11,东莞,WH-01,2025-10-23T08:47:00+08:00,2025-10-23T08:47:00+08:00,0,delivered,CG000000002088,58337.41,2026-06-15T07:03:00+08:00
SHP-0002089,PO-202509-001273,SUP-033,rail,承运商10,苏州,WH-05,2025-09-05T23:11:00+08:00,2025-09-05T23:11:00+08:00,0,delayed,CG000000002089,42363.81,2026-06-15T03:10:00+08:00
SHP-0002090,PO-202510-001550,SUP-031,sea,承运商20,成都,WH-02,2025-10-18T22:08:00+08:00,2025-10-19T10:08:00+08:00,12,in_transit,CG000000002090,65254.02,2026-06-14T15:07:00+08:00
SHP-0002091,PO-202510-000164,SUP-027,rail,承运商10,宁波,WH-06,2025-11-01T01:46:00+08:00,2025-11-01T07:46:00+08:00,6,delivered,CG000000002091,55309.45,2026-06-14T12:41:00+08:00
SHP-0002092,PO-202511-000859,SUP-002,rail,承运商09,宁波,WH-05,2025-11-23T14:54:00+08:00,2025-11-23T14:54:00+08:00,0,delivered,CG000000002092,7322.9,2026-06-15T05:55:00+08:00
SHP-0002093,PO-202507-000989,SUP-055,road,承运商12,成都,WH-04,2025-07-31T12:57:00+08:00,2025-07-31T12:57:00+08:00,0,delayed,CG000000002093,56325.31,2026-06-14T20:21:00+08:00
SHP-0002094,PO-202512-001482,SUP-053,road,承运商06,杭州,WH-04,2025-12-18T00:27:00+08:00,2025-12-18T00:27:00+08:00,0,delivered,CG000000002094,10873.25,2026-06-14T22:41:00+08:00
SHP-0002095,PO-202606-000557,SUP-058,air,承运商16,宁波,WH-05,2026-06-09T01:57:00+08:00,2026-06-09T01:57:00+08:00,0,in_transit,CG000000002095,75550.34,2026-06-14T20:40:00+08:00
SHP-0002096,PO-202506-000586,SUP-037,road,承运商05,成都,WH-03,2025-06-23T07:33:00+08:00,2025-06-23T07:33:00+08:00,0,in_transit,CG000000002096,41956.22,2026-06-14T18:40:00+08:00
SHP-0002097,PO-202508-001179,SUP-035,road,承运商10,东莞,WH-06,2025-08-28T06:06:00+08:00,2025-08-28T06:06:00+08:00,0,delivered,CG000000002097,36839.65,2026-06-15T01:32:00+08:00
SHP-0002098,PO-202507-001474,SUP-012,air,承运商19,青岛,WH-01,2025-07-23T00:12:00+08:00,2025-07-23T00:12:00+08:00,0,in_transit,CG000000002098,133780.58,2026-06-14T11:59:00+08:00
SHP-0002099,PO-202511-001462,SUP-050,sea,承运商06,杭州,WH-06,2025-11-16T14:20:00+08:00,2025-11-16T20:20:00+08:00,6,delivered,CG000000002099,45434.78,2026-06-15T00:22:00+08:00
SHP-0002100,PO-202605-001110,SUP-050,rail,承运商15,青岛,WH-05,2026-05-31T00:41:00+08:00,2026-05-31T00:41:00+08:00,0,delayed,CG000000002100,6805.34,2026-06-14T14:35:00+08:00
SHP-0002101,PO-202507-000919,SUP-051,road,承运商06,合肥,WH-06,2025-07-14T00:25:00+08:00,2025-07-14T00:25:00+08:00,0,delivered,CG000000002101,12897.98,2026-06-15T06:34:00+08:00
SHP-0002102,PO-202605-000007,SUP-044,road,承运商19,青岛,WH-06,2026-05-18T03:32:00+08:00,2026-05-18T03:32:00+08:00,0,delivered,CG000000002102,57085.55,2026-06-14T22:41:00+08:00
SHP-0002103,PO-202508-000583,SUP-030,road,承运商07,成都,WH-04,2025-08-16T05:52:00+08:00,2025-08-16T05:52:00+08:00,0,delivered,CG000000002103,41445.15,2026-06-15T05:32:00+08:00
SHP-0002104,PO-202511-000358,SUP-059,sea,承运商03,上海,WH-03,2025-11-23T23:11:00+08:00,2025-11-24T05:11:00+08:00,6,delivered,CG000000002104,13072.19,2026-06-14T20:28:00+08:00
SHP-0002105,PO-202604-000544,SUP-002,road,承运商20,青岛,WH-01,2026-04-28T01:26:00+08:00,2026-04-28T01:26:00+08:00,0,delivered,CG000000002105,30670.47,2026-06-15T00:25:00+08:00
SHP-0002106,PO-202603-000729,SUP-049,road,承运商03,苏州,WH-01,2026-03-16T07:05:00+08:00,2026-03-16T07:05:00+08:00,0,delivered,CG000000002106,48459.54,2026-06-15T07:38:00+08:00
SHP-0002107,PO-202603-001287,SUP-040,sea,承运商11,武汉,WH-01,2026-03-12T00:29:00+08:00,2026-03-13T00:29:00+08:00,24,delivered,CG000000002107,31843.67,2026-06-14T23:21:00+08:00
SHP-0002108,PO-202508-001269,SUP-013,air,承运商20,上海,WH-06,2025-08-28T16:50:00+08:00,2025-08-29T04:50:00+08:00,12,delivered,CG000000002108,20393.61,2026-06-14T08:30:00+08:00
SHP-0002109,PO-202601-000887,SUP-039,road,承运商06,东莞,WH-04,2026-01-14T15:16:00+08:00,2026-01-16T15:16:00+08:00,48,customs_hold,CG000000002109,33117.95,2026-06-14T09:37:00+08:00
SHP-0002110,PO-202508-001788,SUP-050,air,承运商02,天津,WH-05,2025-08-31T12:50:00+08:00,2025-09-02T12:50:00+08:00,48,delivered,CG000000002110,60576.26,2026-06-14T22:04:00+08:00
SHP-0002111,PO-202511-001327,SUP-038,sea,承运商10,天津,WH-04,2025-11-18T23:36:00+08:00,2025-11-19T23:36:00+08:00,24,delivered,CG000000002111,62391.34,2026-06-15T04:03:00+08:00
SHP-0002112,PO-202509-000294,SUP-051,road,承运商06,杭州,WH-05,2025-09-26T23:36:00+08:00,2025-09-27T11:36:00+08:00,12,in_transit,CG000000002112,8502.47,2026-06-14T19:15:00+08:00
SHP-0002113,PO-202511-000234,SUP-045,road,承运商14,成都,WH-02,2025-11-20T12:47:00+08:00,2025-11-21T00:47:00+08:00,12,delivered,CG000000002113,53173.29,2026-06-14T20:00:00+08:00
SHP-0002114,PO-202510-001452,SUP-028,road,承运商22,成都,WH-03,2025-11-02T11:44:00+08:00,2025-11-02T11:44:00+08:00,0,delivered,CG000000002114,53867.89,2026-06-14T18:33:00+08:00
SHP-0002115,PO-202508-001522,SUP-049,road,承运商18,杭州,WH-06,2025-08-24T09:14:00+08:00,2025-08-24T09:14:00+08:00,0,delayed,CG000000002115,26420.99,2026-06-14T21:32:00+08:00
SHP-0002116,PO-202512-001593,SUP-057,road,承运商14,青岛,WH-04,2025-12-24T14:48:00+08:00,2025-12-27T14:48:00+08:00,72,delivered,CG000000002116,38360.85,2026-06-15T06:49:00+08:00
SHP-0002117,PO-202506-000841,SUP-050,rail,承运商20,青岛,WH-05,2025-06-29T14:42:00+08:00,2025-06-29T14:42:00+08:00,0,delivered,CG000000002117,17402.36,2026-06-15T07:00:00+08:00
SHP-0002118,PO-202601-001422,SUP-044,road,承运商19,杭州,WH-03,2026-02-06T23:10:00+08:00,2026-02-07T11:10:00+08:00,12,delivered,CG000000002118,41020.63,2026-06-14T10:12:00+08:00
SHP-0002119,PO-202511-000822,SUP-009,sea,承运商12,青岛,WH-06,2025-11-09T08:11:00+08:00,2025-11-11T08:11:00+08:00,48,in_transit,CG000000002119,64108.84,2026-06-14T21:36:00+08:00
SHP-0002120,PO-202511-001499,SUP-038,rail,承运商18,合肥,WH-01,2025-11-22T08:35:00+08:00,2025-11-22T14:35:00+08:00,6,customs_hold,CG000000002120,6938.83,2026-06-14T13:43:00+08:00
SHP-0002121,PO-202509-001261,SUP-060,road,承运商23,天津,WH-05,2025-09-12T13:28:00+08:00,2025-09-12T13:28:00+08:00,0,customs_hold,CG000000002121,38976.76,2026-06-14T16:35:00+08:00
SHP-0002122,PO-202507-000816,SUP-051,road,承运商09,天津,WH-01,2025-07-28T05:25:00+08:00,2025-07-28T05:25:00+08:00,0,in_transit,CG000000002122,9283.11,2026-06-14T22:21:00+08:00
SHP-0002123,PO-202606-001544,SUP-058,rail,承运商17,青岛,WH-04,2026-06-16T04:09:00+08:00,2026-06-16T10:09:00+08:00,6,delivered,CG000000002123,26649.68,2026-06-14T17:06:00+08:00
SHP-0002124,PO-202508-000310,SUP-018,sea,承运商15,武汉,WH-06,2025-08-23T22:29:00+08:00,2025-08-24T04:29:00+08:00,6,delivered,CG000000002124,29905.6,2026-06-14T15:37:00+08:00
SHP-0002125,PO-202508-000975,SUP-056,road,承运商15,青岛,WH-06,2025-08-31T11:16:00+08:00,2025-08-31T17:16:00+08:00,6,in_transit,CG000000002125,7090.55,2026-06-15T05:45:00+08:00
SHP-0002126,PO-202510-000955,SUP-011,sea,承运商19,合肥,WH-04,2025-10-18T04:59:00+08:00,2025-10-18T04:59:00+08:00,0,delayed,CG000000002126,8078.6,2026-06-14T20:30:00+08:00
SHP-0002127,PO-202602-001645,SUP-042,air,承运商02,上海,WH-03,2026-02-03T04:56:00+08:00,2026-02-03T04:56:00+08:00,0,in_transit,CG000000002127,149275.36,2026-06-14T12:42:00+08:00
SHP-0002128,PO-202509-000844,SUP-018,rail,承运商03,成都,WH-01,2025-09-07T13:30:00+08:00,2025-09-08T13:30:00+08:00,24,in_transit,CG000000002128,23163.39,2026-06-15T02:32:00+08:00
SHP-0002129,PO-202601-000502,SUP-050,road,承运商11,合肥,WH-04,2026-01-08T20:24:00+08:00,2026-01-09T08:24:00+08:00,12,blocked,CG000000002129,22735.55,2026-06-14T12:38:00+08:00
SHP-0002130,PO-202605-001280,SUP-059,rail,承运商04,成都,WH-05,2026-05-18T00:26:00+08:00,2026-05-18T00:26:00+08:00,0,customs_hold,CG000000002130,6270.66,2026-06-14T16:26:00+08:00
SHP-0002131,PO-202604-001149,SUP-004,air,承运商15,武汉,WH-02,2026-04-30T15:21:00+08:00,2026-04-30T15:21:00+08:00,0,delivered,CG000000002131,23428.34,2026-06-14T08:02:00+08:00
SHP-0002132,PO-202602-001337,SUP-035,air,承运商20,武汉,WH-05,2026-02-24T05:35:00+08:00,2026-02-27T05:35:00+08:00,72,in_transit,CG000000002132,9127.39,2026-06-15T06:04:00+08:00
SHP-0002133,PO-202507-000165,SUP-031,sea,承运商22,上海,WH-04,2025-08-01T23:01:00+08:00,2025-08-01T23:01:00+08:00,0,in_transit,CG000000002133,2220.89,2026-06-15T01:41:00+08:00
SHP-0002134,PO-202602-000040,SUP-007,air,承运商23,苏州,WH-06,2026-02-20T09:20:00+08:00,2026-02-20T09:20:00+08:00,0,delayed,CG000000002134,52459.86,2026-06-14T13:18:00+08:00
SHP-0002135,PO-202605-001212,SUP-021,rail,承运商17,苏州,WH-02,2026-05-29T12:54:00+08:00,2026-05-29T12:54:00+08:00,0,delivered,CG000000002135,14693.28,2026-06-15T02:10:00+08:00
SHP-0002136,PO-202506-000897,SUP-017,road,承运商17,青岛,WH-04,2025-07-02T06:26:00+08:00,2025-07-02T06:26:00+08:00,0,customs_hold,CG000000002136,10671.39,2026-06-15T02:10:00+08:00
SHP-0002137,PO-202507-000536,SUP-040,sea,承运商08,合肥,WH-06,2025-07-05T19:37:00+08:00,2025-07-05T19:37:00+08:00,0,delivered,CG000000002137,19182.82,2026-06-15T05:31:00+08:00
SHP-0002138,PO-202606-000686,SUP-015,road,承运商12,杭州,WH-01,2026-06-09T20:49:00+08:00,2026-06-09T20:49:00+08:00,0,delivered,CG000000002138,62589.34,2026-06-14T20:30:00+08:00
SHP-0002139,PO-202509-001353,SUP-026,air,承运商12,苏州,WH-03,2025-09-12T09:12:00+08:00,2025-09-12T21:12:00+08:00,12,delayed,CG000000002139,120321.76,2026-06-14T18:52:00+08:00
SHP-0002140,PO-202510-000299,SUP-043,rail,承运商01,合肥,WH-05,2025-10-18T00:23:00+08:00,2025-10-20T00:23:00+08:00,48,delivered,CG000000002140,45464.15,2026-06-14T19:07:00+08:00
SHP-0002141,PO-202603-001037,SUP-036,air,承运商08,宁波,WH-02,2026-03-04T08:26:00+08:00,2026-03-04T14:26:00+08:00,6,delivered,CG000000002141,8774.52,2026-06-14T17:05:00+08:00
SHP-0002142,PO-202510-000499,SUP-019,road,承运商24,杭州,WH-03,2025-11-06T18:30:00+08:00,2025-11-07T06:30:00+08:00,12,delayed,CG000000002142,57642.89,2026-06-14T16:32:00+08:00
SHP-0002143,PO-202507-001643,SUP-055,sea,承运商09,青岛,WH-05,2025-07-31T14:45:00+08:00,2025-07-31T14:45:00+08:00,0,delayed,CG000000002143,34936.99,2026-06-15T02:20:00+08:00
SHP-0002144,PO-202511-000406,SUP-002,road,承运商03,青岛,WH-06,2025-11-29T09:29:00+08:00,2025-12-01T09:29:00+08:00,48,delivered,CG000000002144,65305.54,2026-06-15T00:16:00+08:00
SHP-0002145,PO-202511-000341,SUP-017,road,承运商16,东莞,WH-05,2025-11-17T04:31:00+08:00,2025-11-17T04:31:00+08:00,0,customs_hold,CG000000002145,51746.62,2026-06-14T23:17:00+08:00
SHP-0002146,PO-202604-000644,SUP-014,sea,承运商19,成都,WH-05,2026-04-18T00:24:00+08:00,2026-04-18T00:24:00+08:00,0,blocked,CG000000002146,62495.03,2026-06-15T04:05:00+08:00
SHP-0002147,PO-202511-000619,SUP-021,rail,承运商06,天津,WH-05,2025-11-26T23:30:00+08:00,2025-11-29T23:30:00+08:00,72,in_transit,CG000000002147,48637.94,2026-06-14T20:12:00+08:00
SHP-0002148,PO-202510-001504,SUP-025,air,承运商17,武汉,WH-04,2025-11-04T00:17:00+08:00,2025-11-06T00:17:00+08:00,48,customs_hold,CG000000002148,95680.27,2026-06-14T08:47:00+08:00
SHP-0002149,PO-202510-001553,SUP-038,sea,承运商01,上海,WH-01,2025-10-12T13:30:00+08:00,2025-10-13T13:30:00+08:00,24,in_transit,CG000000002149,16287.13,2026-06-14T20:42:00+08:00
SHP-0002150,PO-202510-001341,SUP-041,sea,承运商20,青岛,WH-04,2025-10-06T21:45:00+08:00,2025-10-09T21:45:00+08:00,72,in_transit,CG000000002150,67745.8,2026-06-14T15:11:00+08:00
SHP-0002151,PO-202603-001612,SUP-048,road,承运商07,苏州,WH-04,2026-04-05T08:53:00+08:00,2026-04-05T08:53:00+08:00,0,in_transit,CG000000002151,5062.59,2026-06-14T15:28:00+08:00
SHP-0002152,PO-202605-000007,SUP-044,rail,承运商01,苏州,WH-05,2026-05-18T03:32:00+08:00,2026-05-18T15:32:00+08:00,12,in_transit,CG000000002152,37377.93,2026-06-14T08:11:00+08:00
SHP-0002153,PO-202603-001057,SUP-033,sea,承运商19,合肥,WH-01,2026-03-24T17:39:00+08:00,2026-03-24T17:39:00+08:00,0,delivered,CG000000002153,35868.44,2026-06-14T13:44:00+08:00
SHP-0002154,PO-202605-001425,SUP-059,road,承运商09,苏州,WH-01,2026-05-08T05:49:00+08:00,2026-05-09T05:49:00+08:00,24,customs_hold,CG000000002154,64117.44,2026-06-14T11:02:00+08:00
SHP-0002155,PO-202508-000128,SUP-002,sea,承运商21,苏州,WH-06,2025-08-21T06:31:00+08:00,2025-08-21T06:31:00+08:00,0,delayed,CG000000002155,22614.34,2026-06-14T18:03:00+08:00
SHP-0002156,PO-202603-001024,SUP-030,rail,承运商03,东莞,WH-03,2026-03-18T19:57:00+08:00,2026-03-18T19:57:00+08:00,0,delayed,CG000000002156,33417.75,2026-06-14T09:35:00+08:00
SHP-0002157,PO-202602-000315,SUP-015,road,承运商19,合肥,WH-01,2026-02-23T04:02:00+08:00,2026-02-23T04:02:00+08:00,0,in_transit,CG000000002157,66647.19,2026-06-14T22:56:00+08:00
SHP-0002158,PO-202506-000930,SUP-001,road,承运商03,天津,WH-06,2025-07-06T11:42:00+08:00,2025-07-06T11:42:00+08:00,0,delivered,CG000000002158,29752.21,2026-06-15T07:12:00+08:00
SHP-0002159,PO-202511-001283,SUP-024,road,承运商05,苏州,WH-03,2025-11-09T11:04:00+08:00,2025-11-09T11:04:00+08:00,0,customs_hold,CG000000002159,49413.16,2026-06-14T19:38:00+08:00
SHP-0002160,PO-202605-001425,SUP-059,road,承运商02,上海,WH-03,2026-05-08T05:49:00+08:00,2026-05-08T05:49:00+08:00,0,in_transit,CG000000002160,16762.64,2026-06-14T15:47:00+08:00
SHP-0002161,PO-202601-001422,SUP-044,rail,承运商23,合肥,WH-02,2026-02-06T23:10:00+08:00,2026-02-06T23:10:00+08:00,0,customs_hold,CG000000002161,11345.57,2026-06-15T01:32:00+08:00
SHP-0002162,PO-202510-000955,SUP-011,road,承运商15,杭州,WH-01,2025-10-18T04:59:00+08:00,2025-10-18T16:59:00+08:00,12,delayed,CG000000002162,58532.54,2026-06-14T09:06:00+08:00
SHP-0002163,PO-202602-000028,SUP-045,sea,承运商05,天津,WH-02,2026-02-28T14:43:00+08:00,2026-02-28T14:43:00+08:00,0,delivered,CG000000002163,67274.11,2026-06-14T21:36:00+08:00
SHP-0002164,PO-202604-000138,SUP-001,sea,承运商06,东莞,WH-05,2026-04-14T08:35:00+08:00,2026-04-14T08:35:00+08:00,0,delivered,CG000000002164,15058.72,2026-06-14T08:50:00+08:00
SHP-0002165,PO-202601-000116,SUP-038,road,承运商07,成都,WH-02,2026-01-14T17:49:00+08:00,2026-01-16T17:49:00+08:00,48,delivered,CG000000002165,41635.88,2026-06-14T15:01:00+08:00
SHP-0002166,PO-202508-001799,SUP-048,road,承运商22,天津,WH-02,2025-08-13T09:39:00+08:00,2025-08-13T09:39:00+08:00,0,customs_hold,CG000000002166,15393.91,2026-06-14T13:51:00+08:00
SHP-0002167,PO-202507-000285,SUP-049,rail,承运商03,青岛,WH-02,2025-07-19T16:42:00+08:00,2025-07-19T16:42:00+08:00,0,delivered,CG000000002167,6414.15,2026-06-14T21:46:00+08:00
SHP-0002168,PO-202510-001355,SUP-015,road,承运商14,成都,WH-03,2025-10-14T18:37:00+08:00,2025-10-14T18:37:00+08:00,0,delivered,CG000000002168,25601.71,2026-06-14T20:41:00+08:00
SHP-0002169,PO-202509-000659,SUP-010,rail,承运商20,东莞,WH-04,2025-09-26T04:32:00+08:00,2025-09-26T04:32:00+08:00,0,delayed,CG000000002169,9888.27,2026-06-15T07:49:00+08:00
SHP-0002170,PO-202506-001505,SUP-029,air,承运商13,成都,WH-05,2025-07-01T13:46:00+08:00,2025-07-01T13:46:00+08:00,0,delivered,CG000000002170,96547.66,2026-06-14T19:12:00+08:00
SHP-0002171,PO-202601-001702,SUP-007,sea,承运商15,杭州,WH-02,2026-01-10T14:20:00+08:00,2026-01-10T14:20:00+08:00,0,in_transit,CG000000002171,10966.51,2026-06-15T02:09:00+08:00
SHP-0002172,PO-202506-001335,SUP-016,road,承运商15,武汉,WH-04,2025-07-03T13:59:00+08:00,2025-07-03T13:59:00+08:00,0,in_transit,CG000000002172,58552.06,2026-06-14T14:58:00+08:00
SHP-0002173,PO-202605-001205,SUP-028,rail,承运商22,东莞,WH-04,2026-05-06T09:50:00+08:00,2026-05-09T09:50:00+08:00,72,in_transit,CG000000002173,15992.99,2026-06-15T01:42:00+08:00
SHP-0002174,PO-202511-001052,SUP-025,air,承运商03,东莞,WH-03,2025-11-16T20:31:00+08:00,2025-11-16T20:31:00+08:00,0,in_transit,CG000000002174,52825.95,2026-06-14T20:29:00+08:00
SHP-0002175,PO-202510-001133,SUP-041,road,承运商24,苏州,WH-06,2025-11-04T20:04:00+08:00,2025-11-04T20:04:00+08:00,0,delivered,CG000000002175,64125.29,2026-06-15T00:13:00+08:00
SHP-0002176,PO-202512-001430,SUP-039,road,承运商01,武汉,WH-06,2025-12-10T20:41:00+08:00,2025-12-11T08:41:00+08:00,12,delayed,CG000000002176,6674.5,2026-06-14T08:48:00+08:00
SHP-0002177,PO-202602-000493,SUP-033,road,承运商19,宁波,WH-06,2026-02-16T08:25:00+08:00,2026-02-16T08:25:00+08:00,0,delivered,CG000000002177,54871.79,2026-06-15T07:16:00+08:00
SHP-0002178,PO-202508-001356,SUP-055,sea,承运商22,青岛,WH-04,2025-08-14T21:53:00+08:00,2025-08-15T09:53:00+08:00,12,delivered,CG000000002178,40741.05,2026-06-14T13:14:00+08:00
SHP-0002179,PO-202512-000207,SUP-040,rail,承运商05,天津,WH-03,2025-12-19T13:41:00+08:00,2025-12-19T13:41:00+08:00,0,in_transit,CG000000002179,52937.31,2026-06-14T08:44:00+08:00
SHP-0002180,PO-202506-000930,SUP-001,road,承运商11,东莞,WH-06,2025-07-06T11:42:00+08:00,2025-07-06T11:42:00+08:00,0,delivered,CG000000002180,57639.23,2026-06-14T12:26:00+08:00
SHP-0002181,PO-202602-000512,SUP-053,sea,承运商12,青岛,WH-05,2026-02-12T00:24:00+08:00,2026-02-12T00:24:00+08:00,0,in_transit,CG000000002181,22203.76,2026-06-14T11:03:00+08:00
SHP-0002182,PO-202602-000131,SUP-038,sea,承运商10,东莞,WH-05,2026-02-19T13:15:00+08:00,2026-02-19T19:15:00+08:00,6,delivered,CG000000002182,42602.18,2026-06-14T09:43:00+08:00
SHP-0002183,PO-202512-001366,SUP-016,road,承运商16,宁波,WH-02,2026-01-03T15:27:00+08:00,2026-01-03T15:27:00+08:00,0,in_transit,CG000000002183,15299.02,2026-06-14T13:55:00+08:00
SHP-0002184,PO-202509-001339,SUP-021,road,承运商16,成都,WH-01,2025-09-24T18:25:00+08:00,2025-09-24T18:25:00+08:00,0,delivered,CG000000002184,44949.63,2026-06-14T20:29:00+08:00
SHP-0002185,PO-202601-000261,SUP-051,road,承运商20,天津,WH-04,2026-02-05T05:57:00+08:00,2026-02-05T05:57:00+08:00,0,in_transit,CG000000002185,31967.97,2026-06-15T03:10:00+08:00
SHP-0002186,PO-202509-001468,SUP-048,sea,承运商18,苏州,WH-06,2025-09-12T06:59:00+08:00,2025-09-12T06:59:00+08:00,0,delivered,CG000000002186,44879.42,2026-06-14T23:15:00+08:00
SHP-0002187,PO-202508-001669,SUP-026,road,承运商24,上海,WH-01,2025-09-04T09:26:00+08:00,2025-09-04T09:26:00+08:00,0,delivered,CG000000002187,35829.52,2026-06-14T10:48:00+08:00
SHP-0002188,PO-202601-000281,SUP-042,road,承运商06,宁波,WH-04,2026-01-28T12:01:00+08:00,2026-01-28T12:01:00+08:00,0,in_transit,CG000000002188,47504.26,2026-06-14T09:27:00+08:00
SHP-0002189,PO-202510-000491,SUP-041,road,承运商18,天津,WH-06,2025-10-15T13:24:00+08:00,2025-10-15T13:24:00+08:00,0,delivered,CG000000002189,21041.98,2026-06-15T00:41:00+08:00
SHP-0002190,PO-202508-001617,SUP-032,sea,承运商11,宁波,WH-04,2025-08-15T11:56:00+08:00,2025-08-15T11:56:00+08:00,0,delayed,CG000000002190,56572.14,2026-06-15T01:50:00+08:00
SHP-0002191,PO-202606-000367,SUP-018,road,承运商05,东莞,WH-04,2026-06-10T20:12:00+08:00,2026-06-10T20:12:00+08:00,0,delayed,CG000000002191,51659.76,2026-06-14T18:28:00+08:00
SHP-0002192,PO-202508-000926,SUP-007,road,承运商15,青岛,WH-04,2025-08-22T06:52:00+08:00,2025-08-22T06:52:00+08:00,0,in_transit,CG000000002192,16034.67,2026-06-14T16:35:00+08:00
SHP-0002193,PO-202603-000660,SUP-052,road,承运商08,合肥,WH-04,2026-03-04T19:00:00+08:00,2026-03-05T19:00:00+08:00,24,delivered,CG000000002193,17723.46,2026-06-15T00:53:00+08:00
SHP-0002194,PO-202509-001400,SUP-020,road,承运商03,合肥,WH-01,2025-10-02T16:55:00+08:00,2025-10-02T16:55:00+08:00,0,delivered,CG000000002194,45617.48,2026-06-14T23:50:00+08:00
SHP-0002195,PO-202512-001187,SUP-028,road,承运商17,青岛,WH-06,2025-12-17T18:11:00+08:00,2025-12-18T18:11:00+08:00,24,customs_hold,CG000000002195,37673.47,2026-06-14T08:46:00+08:00
SHP-0002196,PO-202506-001678,SUP-007,sea,承运商20,青岛,WH-04,2025-07-02T01:17:00+08:00,2025-07-02T01:17:00+08:00,0,in_transit,CG000000002196,16127.42,2026-06-15T05:09:00+08:00
SHP-0002197,PO-202510-000637,SUP-055,air,承运商10,东莞,WH-04,2025-10-12T22:57:00+08:00,2025-10-13T04:57:00+08:00,6,delayed,CG000000002197,45973.41,2026-06-15T06:21:00+08:00
SHP-0002198,PO-202510-000164,SUP-027,road,承运商08,杭州,WH-04,2025-11-01T01:46:00+08:00,2025-11-01T01:46:00+08:00,0,delivered,CG000000002198,50945.32,2026-06-14T12:31:00+08:00
SHP-0002199,PO-202507-000048,SUP-045,road,承运商06,杭州,WH-05,2025-07-17T23:31:00+08:00,2025-07-17T23:31:00+08:00,0,in_transit,CG000000002199,56481.93,2026-06-14T11:59:00+08:00
SHP-0002200,PO-202601-001218,SUP-017,road,承运商16,杭州,WH-04,2026-01-18T19:30:00+08:00,2026-01-18T19:30:00+08:00,0,delivered,CG000000002200,35735.37,2026-06-15T07:51:00+08:00
SHP-0002201,PO-202507-001032,SUP-036,road,承运商07,东莞,WH-02,2025-07-18T11:18:00+08:00,2025-07-18T11:18:00+08:00,0,in_transit,CG000000002201,6057.52,2026-06-15T01:51:00+08:00
SHP-0002202,PO-202506-000690,SUP-039,rail,承运商20,青岛,WH-03,2025-06-25T06:04:00+08:00,2025-06-25T12:04:00+08:00,6,delivered,CG000000002202,33992.0,2026-06-15T02:21:00+08:00
SHP-0002203,PO-202510-000843,SUP-015,rail,承运商07,青岛,WH-03,2025-10-23T08:47:00+08:00,2025-10-26T08:47:00+08:00,72,delivered,CG000000002203,59016.02,2026-06-14T11:13:00+08:00
SHP-0002204,PO-202509-000256,SUP-051,sea,承运商16,合肥,WH-03,2025-10-02T08:19:00+08:00,2025-10-04T08:19:00+08:00,48,in_transit,CG000000002204,51961.81,2026-06-15T04:29:00+08:00
SHP-0002205,PO-202507-000317,SUP-012,road,承运商10,成都,WH-03,2025-08-07T01:43:00+08:00,2025-08-07T01:43:00+08:00,0,delivered,CG000000002205,6991.86,2026-06-14T18:39:00+08:00
SHP-0002206,PO-202603-001151,SUP-048,road,承运商10,武汉,WH-01,2026-03-25T13:37:00+08:00,2026-03-25T19:37:00+08:00,6,in_transit,CG000000002206,2841.69,2026-06-15T06:46:00+08:00
SHP-0002207,PO-202508-000770,SUP-005,road,承运商19,苏州,WH-04,2025-08-27T18:22:00+08:00,2025-08-30T18:22:00+08:00,72,in_transit,CG000000002207,19919.81,2026-06-14T09:43:00+08:00
SHP-0002208,PO-202606-001065,SUP-024,sea,承运商24,苏州,WH-05,2026-06-11T20:54:00+08:00,2026-06-11T20:54:00+08:00,0,delayed,CG000000002208,36801.54,2026-06-14T15:02:00+08:00
SHP-0002209,PO-202605-001081,SUP-007,sea,承运商20,武汉,WH-01,2026-06-03T14:50:00+08:00,2026-06-03T20:50:00+08:00,6,delivered,CG000000002209,12208.64,2026-06-14T21:16:00+08:00
SHP-0002210,PO-202507-000153,SUP-003,road,承运商04,天津,WH-02,2025-07-31T16:18:00+08:00,2025-07-31T16:18:00+08:00,0,delivered,CG000000002210,42964.73,2026-06-15T02:24:00+08:00
SHP-0002211,PO-202510-001411,SUP-027,road,承运商23,合肥,WH-05,2025-10-05T07:12:00+08:00,2025-10-05T07:12:00+08:00,0,blocked,CG000000002211,49996.31,2026-06-14T18:20:00+08:00
SHP-0002212,PO-202511-001793,SUP-010,road,承运商08,合肥,WH-05,2025-11-23T13:33:00+08:00,2025-11-23T13:33:00+08:00,0,delayed,CG000000002212,63267.57,2026-06-14T12:40:00+08:00
SHP-0002213,PO-202511-000576,SUP-053,sea,承运商15,宁波,WH-05,2025-11-15T09:37:00+08:00,2025-11-18T09:37:00+08:00,72,delivered,CG000000002213,37312.1,2026-06-14T19:13:00+08:00
SHP-0002214,PO-202512-001211,SUP-009,air,承运商18,青岛,WH-02,2026-01-01T10:25:00+08:00,2026-01-01T10:25:00+08:00,0,in_transit,CG000000002214,102342.9,2026-06-15T02:13:00+08:00
SHP-0002215,PO-202604-000338,SUP-042,rail,承运商07,宁波,WH-01,2026-04-10T10:18:00+08:00,2026-04-10T10:18:00+08:00,0,customs_hold,CG000000002215,51562.27,2026-06-14T17:58:00+08:00
SHP-0002216,PO-202602-000069,SUP-013,air,承运商19,天津,WH-01,2026-02-14T10:57:00+08:00,2026-02-14T10:57:00+08:00,0,blocked,CG000000002216,96174.8,2026-06-14T13:40:00+08:00
SHP-0002217,PO-202506-001232,SUP-049,road,承运商12,成都,WH-05,2025-06-29T09:12:00+08:00,2025-06-29T15:12:00+08:00,6,in_transit,CG000000002217,52701.69,2026-06-14T08:19:00+08:00
SHP-0002218,PO-202509-000326,SUP-035,road,承运商18,东莞,WH-06,2025-10-02T03:21:00+08:00,2025-10-04T03:21:00+08:00,48,in_transit,CG000000002218,33055.65,2026-06-15T03:34:00+08:00
SHP-0002219,PO-202603-000425,SUP-031,sea,承运商11,杭州,WH-01,2026-03-21T21:20:00+08:00,2026-03-22T21:20:00+08:00,24,delivered,CG000000002219,65738.7,2026-06-14T15:31:00+08:00
SHP-0002220,PO-202510-001419,SUP-026,road,承运商18,武汉,WH-01,2025-10-29T16:40:00+08:00,2025-10-29T16:40:00+08:00,0,in_transit,CG000000002220,63719.72,2026-06-15T02:07:00+08:00
SHP-0002221,PO-202506-000586,SUP-037,road,承运商05,宁波,WH-04,2025-06-23T07:33:00+08:00,2025-06-23T13:33:00+08:00,6,in_transit,CG000000002221,4149.33,2026-06-14T18:43:00+08:00
SHP-0002222,PO-202606-001647,SUP-046,sea,承运商19,成都,WH-01,2026-06-18T05:58:00+08:00,2026-06-18T11:58:00+08:00,6,in_transit,CG000000002222,22738.03,2026-06-14T15:24:00+08:00
SHP-0002223,PO-202606-001031,SUP-040,sea,承运商06,武汉,WH-02,2026-06-18T16:56:00+08:00,2026-06-18T16:56:00+08:00,0,in_transit,CG000000002223,42337.64,2026-06-15T07:25:00+08:00
SHP-0002224,PO-202606-000565,SUP-003,road,承运商11,武汉,WH-04,2026-06-16T15:14:00+08:00,2026-06-16T15:14:00+08:00,0,in_transit,CG000000002224,50267.67,2026-06-14T11:28:00+08:00
SHP-0002225,PO-202606-001456,SUP-053,road,承运商13,东莞,WH-06,2026-06-13T13:58:00+08:00,2026-06-16T13:58:00+08:00,72,in_transit,CG000000002225,53572.87,2026-06-15T05:31:00+08:00
SHP-0002226,PO-202512-000845,SUP-009,sea,承运商08,上海,WH-01,2025-12-09T11:36:00+08:00,2025-12-09T11:36:00+08:00,0,delayed,CG000000002226,6735.12,2026-06-14T18:14:00+08:00
SHP-0002227,PO-202509-000226,SUP-038,road,承运商14,东莞,WH-06,2025-09-08T06:21:00+08:00,2025-09-08T06:21:00+08:00,0,delivered,CG000000002227,47656.91,2026-06-14T14:10:00+08:00
SHP-0002228,PO-202601-001495,SUP-045,road,承运商12,上海,WH-01,2026-01-29T05:30:00+08:00,2026-01-31T05:30:00+08:00,48,in_transit,CG000000002228,44938.96,2026-06-14T12:43:00+08:00
SHP-0002229,PO-202506-001415,SUP-051,road,承运商17,武汉,WH-06,2025-06-30T08:21:00+08:00,2025-06-30T08:21:00+08:00,0,blocked,CG000000002229,19208.43,2026-06-14T17:14:00+08:00
SHP-0002230,PO-202604-000320,SUP-035,sea,承运商11,天津,WH-04,2026-04-28T18:55:00+08:00,2026-04-30T18:55:00+08:00,48,in_transit,CG000000002230,6408.55,2026-06-15T03:12:00+08:00
SHP-0002231,PO-202509-001035,SUP-020,sea,承运商06,青岛,WH-01,2025-09-20T22:55:00+08:00,2025-09-20T22:55:00+08:00,0,in_transit,CG000000002231,66282.7,2026-06-14T23:45:00+08:00
SHP-0002232,PO-202601-000624,SUP-007,road,承运商04,宁波,WH-04,2026-01-07T15:55:00+08:00,2026-01-07T21:55:00+08:00,6,delivered,CG000000002232,46941.76,2026-06-14T14:17:00+08:00
SHP-0002233,PO-202508-000383,SUP-060,air,承运商01,武汉,WH-05,2025-08-09T13:06:00+08:00,2025-08-09T13:06:00+08:00,0,delivered,CG000000002233,71871.77,2026-06-15T06:26:00+08:00
SHP-0002234,PO-202601-001036,SUP-016,road,承运商18,天津,WH-05,2026-01-15T03:53:00+08:00,2026-01-16T03:53:00+08:00,24,in_transit,CG000000002234,32825.61,2026-06-14T09:50:00+08:00
SHP-0002235,PO-202509-001286,SUP-042,road,承运商13,苏州,WH-03,2025-09-12T11:44:00+08:00,2025-09-12T17:44:00+08:00,6,delivered,CG000000002235,18948.42,2026-06-14T21:17:00+08:00
SHP-0002236,PO-202510-000708,SUP-035,sea,承运商13,上海,WH-03,2025-10-17T17:27:00+08:00,2025-10-18T17:27:00+08:00,24,delivered,CG000000002236,52402.86,2026-06-14T21:36:00+08:00
SHP-0002237,PO-202512-000135,SUP-052,rail,承运商04,杭州,WH-03,2025-12-16T00:04:00+08:00,2025-12-18T00:04:00+08:00,48,delivered,CG000000002237,5966.89,2026-06-15T03:51:00+08:00
SHP-0002238,PO-202509-000182,SUP-023,road,承运商10,杭州,WH-06,2025-09-20T13:25:00+08:00,2025-09-20T13:25:00+08:00,0,in_transit,CG000000002238,15052.43,2026-06-14T22:45:00+08:00
SHP-0002239,PO-202603-000518,SUP-047,road,承运商03,青岛,WH-05,2026-03-16T03:06:00+08:00,2026-03-16T15:06:00+08:00,12,delayed,CG000000002239,3705.61,2026-06-14T23:12:00+08:00
SHP-0002240,PO-202507-001474,SUP-012,rail,承运商01,宁波,WH-02,2025-07-23T00:12:00+08:00,2025-07-23T00:12:00+08:00,0,delivered,CG000000002240,9663.0,2026-06-15T03:38:00+08:00
SHP-0002241,PO-202602-001486,SUP-028,road,承运商13,杭州,WH-06,2026-02-11T23:58:00+08:00,2026-02-11T23:58:00+08:00,0,delivered,CG000000002241,56452.02,2026-06-14T17:52:00+08:00
SHP-0002242,PO-202507-000606,SUP-001,sea,承运商07,青岛,WH-03,2025-07-21T21:25:00+08:00,2025-07-21T21:25:00+08:00,0,delivered,CG000000002242,15110.12,2026-06-15T07:33:00+08:00
SHP-0002243,PO-202507-001162,SUP-050,sea,承运商08,苏州,WH-03,2025-07-08T23:18:00+08:00,2025-07-09T23:18:00+08:00,24,delivered,CG000000002243,21164.94,2026-06-14T11:41:00+08:00
SHP-0002244,PO-202512-001206,SUP-033,sea,承运商21,青岛,WH-04,2025-12-24T04:19:00+08:00,2025-12-24T10:19:00+08:00,6,in_transit,CG000000002244,21582.88,2026-06-14T23:26:00+08:00
SHP-0002245,PO-202602-000118,SUP-039,rail,承运商16,宁波,WH-01,2026-02-28T20:44:00+08:00,2026-02-28T20:44:00+08:00,0,in_transit,CG000000002245,46747.69,2026-06-14T08:18:00+08:00
SHP-0002246,PO-202605-000588,SUP-013,road,承运商04,宁波,WH-01,2026-06-07T04:38:00+08:00,2026-06-07T04:38:00+08:00,0,blocked,CG000000002246,63702.23,2026-06-14T12:10:00+08:00
SHP-0002247,PO-202508-000010,SUP-041,road,承运商09,苏州,WH-05,2025-08-08T08:52:00+08:00,2025-08-10T08:52:00+08:00,48,delayed,CG000000002247,49365.89,2026-06-14T22:50:00+08:00
SHP-0002248,PO-202605-001170,SUP-031,road,承运商12,成都,WH-05,2026-05-24T09:27:00+08:00,2026-05-24T15:27:00+08:00,6,delivered,CG000000002248,39446.01,2026-06-14T10:56:00+08:00
SHP-0002249,PO-202509-000378,SUP-024,road,承运商15,上海,WH-06,2025-09-25T18:29:00+08:00,2025-09-27T18:29:00+08:00,48,delivered,CG000000002249,7449.45,2026-06-14T10:52:00+08:00
SHP-0002250,PO-202510-001796,SUP-059,air,承运商23,天津,WH-06,2025-10-03T09:42:00+08:00,2025-10-03T09:42:00+08:00,0,delivered,CG000000002250,153987.65,2026-06-14T19:50:00+08:00
SHP-0002251,PO-202511-001309,SUP-059,road,承运商23,苏州,WH-02,2025-11-21T06:31:00+08:00,2025-11-21T06:31:00+08:00,0,customs_hold,CG000000002251,55765.35,2026-06-14T22:07:00+08:00
SHP-0002252,PO-202509-000294,SUP-051,sea,承运商04,武汉,WH-03,2025-09-26T23:36:00+08:00,2025-09-26T23:36:00+08:00,0,delivered,CG000000002252,24670.7,2026-06-14T21:48:00+08:00
SHP-0002253,PO-202507-000301,SUP-016,rail,承运商07,武汉,WH-06,2025-07-23T14:46:00+08:00,2025-07-25T14:46:00+08:00,48,in_transit,CG000000002253,26470.83,2026-06-15T07:14:00+08:00
SHP-0002254,PO-202603-000967,SUP-008,air,承运商11,宁波,WH-03,2026-03-14T14:06:00+08:00,2026-03-15T14:06:00+08:00,24,delivered,CG000000002254,9715.76,2026-06-15T07:46:00+08:00
SHP-0002255,PO-202510-001005,SUP-024,air,承运商06,东莞,WH-04,2025-10-29T18:45:00+08:00,2025-10-29T18:45:00+08:00,0,in_transit,CG000000002255,30909.36,2026-06-15T03:55:00+08:00
SHP-0002256,PO-202603-001554,SUP-030,sea,承运商10,武汉,WH-05,2026-03-16T14:04:00+08:00,2026-03-16T20:04:00+08:00,6,delivered,CG000000002256,13379.1,2026-06-14T08:42:00+08:00
SHP-0002257,PO-202507-000140,SUP-044,road,承运商12,宁波,WH-05,2025-07-11T23:43:00+08:00,2025-07-12T23:43:00+08:00,24,delivered,CG000000002257,64740.58,2026-06-15T06:18:00+08:00
SHP-0002258,PO-202603-000936,SUP-006,sea,承运商19,成都,WH-05,2026-03-15T03:42:00+08:00,2026-03-15T03:42:00+08:00,0,delivered,CG000000002258,47588.1,2026-06-14T10:12:00+08:00
SHP-0002259,PO-202511-001283,SUP-024,sea,承运商11,杭州,WH-06,2025-11-09T11:04:00+08:00,2025-11-09T11:04:00+08:00,0,in_transit,CG000000002259,65979.42,2026-06-14T09:19:00+08:00
SHP-0002260,PO-202604-000063,SUP-042,road,承运商18,成都,WH-05,2026-04-24T16:14:00+08:00,2026-04-24T16:14:00+08:00,0,delivered,CG000000002260,33534.5,2026-06-15T07:39:00+08:00
SHP-0002261,PO-202512-001593,SUP-057,rail,承运商06,武汉,WH-02,2025-12-24T14:48:00+08:00,2025-12-24T14:48:00+08:00,0,delivered,CG000000002261,53674.66,2026-06-14T17:29:00+08:00
SHP-0002262,PO-202510-000682,SUP-024,road,承运商21,天津,WH-05,2025-10-12T13:46:00+08:00,2025-10-12T13:46:00+08:00,0,in_transit,CG000000002262,29177.25,2026-06-15T00:20:00+08:00
SHP-0002263,PO-202604-000615,SUP-038,road,承运商16,青岛,WH-04,2026-04-09T15:24:00+08:00,2026-04-09T15:24:00+08:00,0,delayed,CG000000002263,31111.65,2026-06-14T15:16:00+08:00
SHP-0002264,PO-202604-001723,SUP-050,air,承运商03,青岛,WH-06,2026-04-27T17:43:00+08:00,2026-04-27T17:43:00+08:00,0,delivered,CG000000002264,131237.71,2026-06-14T17:33:00+08:00
SHP-0002265,PO-202602-001535,SUP-024,sea,承运商24,苏州,WH-01,2026-02-26T08:09:00+08:00,2026-02-28T08:09:00+08:00,48,delivered,CG000000002265,19178.79,2026-06-14T17:19:00+08:00
SHP-0002266,PO-202512-001416,SUP-023,road,承运商05,天津,WH-05,2026-01-06T15:01:00+08:00,2026-01-06T15:01:00+08:00,0,delivered,CG000000002266,55252.49,2026-06-14T22:30:00+08:00
SHP-0002267,PO-202606-000292,SUP-024,road,承运商15,苏州,WH-01,2026-06-07T11:13:00+08:00,2026-06-08T11:13:00+08:00,24,blocked,CG000000002267,2311.11,2026-06-14T15:44:00+08:00
SHP-0002268,PO-202512-000632,SUP-006,road,承运商19,苏州,WH-06,2026-01-03T15:06:00+08:00,2026-01-06T15:06:00+08:00,72,delivered,CG000000002268,64815.09,2026-06-14T11:54:00+08:00
SHP-0002269,PO-202601-001384,SUP-035,road,承运商06,东莞,WH-04,2026-01-13T07:51:00+08:00,2026-01-15T07:51:00+08:00,48,delivered,CG000000002269,9049.44,2026-06-15T06:07:00+08:00
SHP-0002270,PO-202507-001397,SUP-002,road,承运商11,宁波,WH-04,2025-07-30T15:14:00+08:00,2025-07-30T15:14:00+08:00,0,delivered,CG000000002270,45458.92,2026-06-15T05:20:00+08:00
SHP-0002271,PO-202603-000465,SUP-057,rail,承运商24,武汉,WH-05,2026-03-11T15:07:00+08:00,2026-03-12T15:07:00+08:00,24,delivered,CG000000002271,60999.81,2026-06-14T10:18:00+08:00
SHP-0002272,PO-202604-001375,SUP-046,road,承运商15,杭州,WH-02,2026-05-01T20:28:00+08:00,2026-05-01T20:28:00+08:00,0,delivered,CG000000002272,52831.95,2026-06-14T17:34:00+08:00
SHP-0002273,PO-202512-001121,SUP-002,rail,承运商14,苏州,WH-03,2026-01-02T13:23:00+08:00,2026-01-05T13:23:00+08:00,72,in_transit,CG000000002273,65563.55,2026-06-15T06:21:00+08:00
SHP-0002274,PO-202508-000770,SUP-005,sea,承运商21,青岛,WH-05,2025-08-27T18:22:00+08:00,2025-08-27T18:22:00+08:00,0,delivered,CG000000002274,31573.9,2026-06-14T22:45:00+08:00
SHP-0002275,PO-202511-000094,SUP-060,sea,承运商19,成都,WH-01,2025-12-03T09:48:00+08:00,2025-12-06T09:48:00+08:00,72,delivered,CG000000002275,21003.43,2026-06-14T12:25:00+08:00
SHP-0002276,PO-202604-001313,SUP-029,air,承运商06,成都,WH-03,2026-04-10T14:52:00+08:00,2026-04-10T14:52:00+08:00,0,in_transit,CG000000002276,27022.06,2026-06-15T01:33:00+08:00
SHP-0002277,PO-202511-000341,SUP-017,sea,承运商22,成都,WH-06,2025-11-17T04:31:00+08:00,2025-11-19T04:31:00+08:00,48,blocked,CG000000002277,18201.32,2026-06-15T05:29:00+08:00
SHP-0002278,PO-202604-000962,SUP-027,road,承运商12,青岛,WH-06,2026-04-29T11:52:00+08:00,2026-04-29T11:52:00+08:00,0,in_transit,CG000000002278,56553.24,2026-06-15T01:57:00+08:00
SHP-0002279,PO-202603-000100,SUP-038,road,承运商09,杭州,WH-01,2026-04-07T15:52:00+08:00,2026-04-07T15:52:00+08:00,0,in_transit,CG000000002279,27375.87,2026-06-14T18:13:00+08:00
SHP-0002280,PO-202509-001400,SUP-020,rail,承运商13,宁波,WH-02,2025-10-02T16:55:00+08:00,2025-10-02T16:55:00+08:00,0,in_transit,CG000000002280,13625.66,2026-06-14T21:50:00+08:00
SHP-0002281,PO-202512-001369,SUP-032,air,承运商14,苏州,WH-03,2025-12-25T17:16:00+08:00,2025-12-25T17:16:00+08:00,0,customs_hold,CG000000002281,54644.68,2026-06-14T19:52:00+08:00
SHP-0002282,PO-202602-000493,SUP-033,air,承运商11,苏州,WH-02,2026-02-16T08:25:00+08:00,2026-02-16T08:25:00+08:00,0,delivered,CG000000002282,127714.32,2026-06-14T18:37:00+08:00
SHP-0002283,PO-202604-000654,SUP-024,air,承运商12,上海,WH-02,2026-04-20T17:43:00+08:00,2026-04-20T17:43:00+08:00,0,in_transit,CG000000002283,127940.52,2026-06-14T21:54:00+08:00
SHP-0002284,PO-202510-001421,SUP-018,road,承运商23,武汉,WH-02,2025-11-02T13:20:00+08:00,2025-11-02T19:20:00+08:00,6,delivered,CG000000002284,4147.0,2026-06-14T22:33:00+08:00
SHP-0002285,PO-202603-001489,SUP-048,rail,承运商14,东莞,WH-04,2026-03-24T00:45:00+08:00,2026-03-24T12:45:00+08:00,12,delayed,CG000000002285,45103.8,2026-06-15T07:34:00+08:00
SHP-0002286,PO-202509-001295,SUP-057,sea,承运商13,天津,WH-01,2025-09-18T23:59:00+08:00,2025-09-19T05:59:00+08:00,6,delivered,CG000000002286,59145.91,2026-06-15T01:19:00+08:00
SHP-0002287,PO-202606-001304,SUP-052,road,承运商13,宁波,WH-06,2026-06-12T02:14:00+08:00,2026-06-12T08:14:00+08:00,6,customs_hold,CG000000002287,32431.75,2026-06-14T23:32:00+08:00
SHP-0002288,PO-202603-001085,SUP-039,sea,承运商15,杭州,WH-06,2026-03-26T02:52:00+08:00,2026-03-26T02:52:00+08:00,0,delivered,CG000000002288,28557.4,2026-06-14T14:32:00+08:00
SHP-0002289,PO-202509-001514,SUP-052,rail,承运商05,武汉,WH-06,2025-09-14T19:46:00+08:00,2025-09-14T19:46:00+08:00,0,customs_hold,CG000000002289,22964.37,2026-06-15T02:09:00+08:00
SHP-0002290,PO-202507-000203,SUP-056,road,承运商05,武汉,WH-02,2025-07-06T00:21:00+08:00,2025-07-06T00:21:00+08:00,0,customs_hold,CG000000002290,5495.26,2026-06-14T11:30:00+08:00
SHP-0002291,PO-202605-000132,SUP-036,rail,承运商01,天津,WH-05,2026-05-14T19:12:00+08:00,2026-05-14T19:12:00+08:00,0,delivered,CG000000002291,18742.68,2026-06-14T23:24:00+08:00
SHP-0002292,PO-202510-000939,SUP-058,road,承运商19,武汉,WH-04,2025-10-19T07:07:00+08:00,2025-10-20T07:07:00+08:00,24,delayed,CG000000002292,66537.29,2026-06-14T18:20:00+08:00
SHP-0002293,PO-202606-001687,SUP-025,road,承运商07,上海,WH-05,2026-06-14T14:40:00+08:00,2026-06-14T14:40:00+08:00,0,in_transit,CG000000002293,13140.63,2026-06-14T08:03:00+08:00
SHP-0002294,PO-202603-001686,SUP-001,air,承运商08,苏州,WH-06,2026-04-01T00:17:00+08:00,2026-04-01T00:17:00+08:00,0,customs_hold,CG000000002294,37863.11,2026-06-14T12:39:00+08:00
SHP-0002295,PO-202604-000409,SUP-015,road,承运商09,苏州,WH-06,2026-04-26T13:10:00+08:00,2026-04-26T13:10:00+08:00,0,in_transit,CG000000002295,49416.41,2026-06-14T23:51:00+08:00
SHP-0002296,PO-202507-000066,SUP-035,road,承运商14,青岛,WH-02,2025-07-06T07:50:00+08:00,2025-07-06T07:50:00+08:00,0,delayed,CG000000002296,58607.9,2026-06-14T11:09:00+08:00
SHP-0002297,PO-202603-000098,SUP-030,sea,承运商24,成都,WH-06,2026-03-24T05:03:00+08:00,2026-03-24T05:03:00+08:00,0,in_transit,CG000000002297,26676.63,2026-06-14T10:39:00+08:00
SHP-0002298,PO-202511-001462,SUP-050,sea,承运商04,东莞,WH-02,2025-11-16T14:20:00+08:00,2025-11-17T14:20:00+08:00,24,delivered,CG000000002298,34473.48,2026-06-14T09:27:00+08:00
SHP-0002299,PO-202603-001392,SUP-016,sea,承运商04,成都,WH-05,2026-03-15T21:18:00+08:00,2026-03-15T21:18:00+08:00,0,delivered,CG000000002299,8171.97,2026-06-14T22:45:00+08:00
SHP-0002300,PO-202601-000938,SUP-038,road,承运商21,杭州,WH-05,2026-01-12T22:13:00+08:00,2026-01-12T22:13:00+08:00,0,delivered,CG000000002300,20589.06,2026-06-14T20:46:00+08:00
SHP-0002301,PO-202605-001201,SUP-010,road,承运商21,宁波,WH-02,2026-05-20T07:18:00+08:00,2026-05-20T07:18:00+08:00,0,delivered,CG000000002301,8276.79,2026-06-14T22:45:00+08:00
SHP-0002302,PO-202605-000519,SUP-006,road,承运商04,天津,WH-01,2026-05-13T02:50:00+08:00,2026-05-13T08:50:00+08:00,6,delayed,CG000000002302,54104.7,2026-06-15T04:47:00+08:00
SHP-0002303,PO-202509-000266,SUP-026,sea,承运商22,苏州,WH-02,2025-09-21T10:47:00+08:00,2025-09-21T22:47:00+08:00,12,in_transit,CG000000002303,13811.6,2026-06-14T18:21:00+08:00
SHP-0002304,PO-202603-000441,SUP-016,air,承运商15,宁波,WH-05,2026-03-19T12:40:00+08:00,2026-03-19T12:40:00+08:00,0,in_transit,CG000000002304,93375.61,2026-06-15T07:35:00+08:00
SHP-0002305,PO-202506-000736,SUP-034,rail,承运商04,上海,WH-03,2025-06-23T13:28:00+08:00,2025-06-23T13:28:00+08:00,0,delayed,CG000000002305,5008.73,2026-06-14T15:23:00+08:00
SHP-0002306,PO-202508-000874,SUP-058,sea,承运商08,杭州,WH-01,2025-08-23T16:21:00+08:00,2025-08-26T16:21:00+08:00,72,delivered,CG000000002306,57382.47,2026-06-15T05:15:00+08:00
SHP-0002307,PO-202507-001517,SUP-057,sea,承运商01,成都,WH-01,2025-07-15T01:44:00+08:00,2025-07-16T01:44:00+08:00,24,in_transit,CG000000002307,12670.13,2026-06-14T21:48:00+08:00
SHP-0002308,PO-202602-001632,SUP-028,road,承运商10,成都,WH-01,2026-02-25T06:21:00+08:00,2026-02-25T06:21:00+08:00,0,delayed,CG000000002308,47884.84,2026-06-15T05:18:00+08:00
SHP-0002309,PO-202507-001615,SUP-034,road,承运商17,杭州,WH-02,2025-07-25T05:27:00+08:00,2025-07-25T05:27:00+08:00,0,delivered,CG000000002309,49716.8,2026-06-15T01:05:00+08:00
SHP-0002310,PO-202601-000183,SUP-023,road,承运商14,东莞,WH-06,2026-01-12T21:03:00+08:00,2026-01-13T21:03:00+08:00,24,delivered,CG000000002310,39614.29,2026-06-14T21:27:00+08:00
SHP-0002311,PO-202601-001502,SUP-003,rail,承运商06,成都,WH-03,2026-01-31T07:10:00+08:00,2026-02-02T07:10:00+08:00,48,delivered,CG000000002311,13293.95,2026-06-14T12:10:00+08:00
SHP-0002312,PO-202604-001195,SUP-009,rail,承运商04,青岛,WH-03,2026-04-30T18:07:00+08:00,2026-05-02T18:07:00+08:00,48,delayed,CG000000002312,7266.81,2026-06-14T08:53:00+08:00
SHP-0002313,PO-202509-001273,SUP-033,sea,承运商06,宁波,WH-06,2025-09-05T23:11:00+08:00,2025-09-05T23:11:00+08:00,0,in_transit,CG000000002313,28162.83,2026-06-15T05:44:00+08:00
SHP-0002314,PO-202509-001119,SUP-045,sea,承运商24,青岛,WH-03,2025-09-21T14:34:00+08:00,2025-09-22T02:34:00+08:00,12,delivered,CG000000002314,18953.49,2026-06-14T18:31:00+08:00
SHP-0002315,PO-202511-001650,SUP-012,rail,承运商23,上海,WH-04,2025-11-27T16:09:00+08:00,2025-11-27T16:09:00+08:00,0,delayed,CG000000002315,51435.56,2026-06-14T21:55:00+08:00
SHP-0002316,PO-202509-001353,SUP-026,rail,承运商18,成都,WH-03,2025-09-12T09:12:00+08:00,2025-09-12T09:12:00+08:00,0,delivered,CG000000002316,39498.68,2026-06-14T10:29:00+08:00
SHP-0002317,PO-202510-000045,SUP-036,sea,承运商03,宁波,WH-04,2025-10-12T11:04:00+08:00,2025-10-12T11:04:00+08:00,0,in_transit,CG000000002317,9901.09,2026-06-14T16:12:00+08:00
SHP-0002318,PO-202606-000314,SUP-041,air,承运商08,天津,WH-02,2026-06-13T19:54:00+08:00,2026-06-14T07:54:00+08:00,12,delivered,CG000000002318,161159.47,2026-06-14T10:28:00+08:00
SHP-0002319,PO-202509-000058,SUP-045,sea,承运商20,宁波,WH-02,2025-09-28T04:17:00+08:00,2025-09-28T04:17:00+08:00,0,delivered,CG000000002319,61757.23,2026-06-14T09:55:00+08:00
SHP-0002320,PO-202604-001014,SUP-046,air,承运商04,东莞,WH-04,2026-04-20T11:36:00+08:00,2026-04-20T11:36:00+08:00,0,delivered,CG000000002320,143656.1,2026-06-14T18:23:00+08:00
SHP-0002321,PO-202508-001598,SUP-051,road,承运商01,合肥,WH-02,2025-09-01T16:58:00+08:00,2025-09-01T16:58:00+08:00,0,delivered,CG000000002321,8414.84,2026-06-15T01:22:00+08:00
SHP-0002322,PO-202512-001624,SUP-005,air,承运商23,天津,WH-04,2025-12-15T11:09:00+08:00,2025-12-15T17:09:00+08:00,6,delivered,CG000000002322,98180.59,2026-06-15T01:03:00+08:00
SHP-0002323,PO-202605-001203,SUP-020,road,承运商22,上海,WH-04,2026-06-05T22:30:00+08:00,2026-06-05T22:30:00+08:00,0,delivered,CG000000002323,44276.38,2026-06-14T20:37:00+08:00
SHP-0002324,PO-202604-001166,SUP-051,sea,承运商08,青岛,WH-02,2026-05-01T23:34:00+08:00,2026-05-01T23:34:00+08:00,0,in_transit,CG000000002324,15704.06,2026-06-15T04:21:00+08:00
SHP-0002325,PO-202605-000890,SUP-056,air,承运商05,上海,WH-02,2026-05-30T18:32:00+08:00,2026-05-31T06:32:00+08:00,12,in_transit,CG000000002325,163137.14,2026-06-15T06:24:00+08:00
SHP-0002326,PO-202512-001171,SUP-042,road,承运商03,天津,WH-03,2025-12-11T14:57:00+08:00,2025-12-11T14:57:00+08:00,0,delivered,CG000000002326,21070.03,2026-06-14T18:00:00+08:00
SHP-0002327,PO-202606-000314,SUP-041,sea,承运商21,上海,WH-03,2026-06-13T19:54:00+08:00,2026-06-16T19:54:00+08:00,72,in_transit,CG000000002327,16564.84,2026-06-14T09:08:00+08:00
SHP-0002328,PO-202512-000918,SUP-046,air,承运商10,武汉,WH-01,2025-12-08T17:47:00+08:00,2025-12-08T17:47:00+08:00,0,delivered,CG000000002328,117722.97,2026-06-14T08:27:00+08:00
SHP-0002329,PO-202509-001694,SUP-046,sea,承运商02,合肥,WH-02,2025-09-20T03:19:00+08:00,2025-09-22T03:19:00+08:00,48,delayed,CG000000002329,46525.4,2026-06-14T14:03:00+08:00
SHP-0002330,PO-202602-000444,SUP-019,sea,承运商12,杭州,WH-05,2026-02-27T16:35:00+08:00,2026-02-27T16:35:00+08:00,0,delivered,CG000000002330,54314.91,2026-06-15T05:20:00+08:00
SHP-0002331,PO-202604-000962,SUP-027,rail,承运商01,苏州,WH-02,2026-04-29T11:52:00+08:00,2026-04-29T11:52:00+08:00,0,delivered,CG000000002331,64624.17,2026-06-14T18:46:00+08:00
SHP-0002332,PO-202508-001617,SUP-032,sea,承运商13,杭州,WH-01,2025-08-15T11:56:00+08:00,2025-08-15T11:56:00+08:00,0,in_transit,CG000000002332,3518.5,2026-06-15T05:43:00+08:00
SHP-0002333,PO-202605-001203,SUP-020,road,承运商06,青岛,WH-03,2026-06-05T22:30:00+08:00,2026-06-07T22:30:00+08:00,48,in_transit,CG000000002333,67324.13,2026-06-15T07:43:00+08:00
SHP-0002334,PO-202509-000199,SUP-015,sea,承运商24,东莞,WH-02,2025-09-10T23:15:00+08:00,2025-09-11T05:15:00+08:00,6,delivered,CG000000002334,24128.45,2026-06-15T01:42:00+08:00
SHP-0002335,PO-202510-000528,SUP-027,road,承运商21,宁波,WH-01,2025-10-12T17:22:00+08:00,2025-10-13T17:22:00+08:00,24,delivered,CG000000002335,35894.57,2026-06-14T15:54:00+08:00
SHP-0002336,PO-202510-001441,SUP-012,road,承运商03,天津,WH-05,2025-11-03T05:12:00+08:00,2025-11-03T05:12:00+08:00,0,delivered,CG000000002336,9298.2,2026-06-15T00:50:00+08:00
SHP-0002337,PO-202509-000343,SUP-002,rail,承运商14,天津,WH-04,2025-09-24T13:45:00+08:00,2025-09-24T13:45:00+08:00,0,delivered,CG000000002337,22434.39,2026-06-14T20:38:00+08:00
SHP-0002338,PO-202511-000915,SUP-008,rail,承运商24,宁波,WH-01,2025-11-26T20:43:00+08:00,2025-11-26T20:43:00+08:00,0,in_transit,CG000000002338,37799.2,2026-06-14T13:11:00+08:00
SHP-0002339,PO-202508-000156,SUP-035,sea,承运商17,武汉,WH-03,2025-08-17T14:25:00+08:00,2025-08-18T14:25:00+08:00,24,in_transit,CG000000002339,55814.91,2026-06-14T13:08:00+08:00
SHP-0002340,PO-202507-001474,SUP-012,road,承运商20,青岛,WH-06,2025-07-23T00:12:00+08:00,2025-07-24T00:12:00+08:00,24,in_transit,CG000000002340,60658.61,2026-06-14T16:48:00+08:00
SHP-0002341,PO-202605-000546,SUP-019,air,承运商18,杭州,WH-03,2026-05-10T15:38:00+08:00,2026-05-10T15:38:00+08:00,0,blocked,CG000000002341,155039.06,2026-06-14T23:51:00+08:00
SHP-0002342,PO-202507-000373,SUP-012,road,承运商13,青岛,WH-06,2025-08-01T15:34:00+08:00,2025-08-01T21:34:00+08:00,6,customs_hold,CG000000002342,61939.64,2026-06-14T11:32:00+08:00
SHP-0002343,PO-202511-000026,SUP-037,rail,承运商09,武汉,WH-01,2025-11-17T11:30:00+08:00,2025-11-17T23:30:00+08:00,12,delivered,CG000000002343,33994.19,2026-06-15T01:08:00+08:00
SHP-0002344,PO-202507-001054,SUP-036,road,承运商07,上海,WH-01,2025-07-18T15:05:00+08:00,2025-07-18T15:05:00+08:00,0,delivered,CG000000002344,38748.12,2026-06-14T12:55:00+08:00
SHP-0002345,PO-202604-001586,SUP-041,road,承运商03,东莞,WH-03,2026-05-02T12:28:00+08:00,2026-05-03T00:28:00+08:00,12,blocked,CG000000002345,30589.63,2026-06-14T21:18:00+08:00
SHP-0002346,PO-202511-001302,SUP-047,sea,承运商01,上海,WH-05,2025-11-23T02:10:00+08:00,2025-11-23T02:10:00+08:00,0,in_transit,CG000000002346,40878.11,2026-06-15T02:31:00+08:00
SHP-0002347,PO-202605-001621,SUP-030,road,承运商10,天津,WH-03,2026-05-17T10:21:00+08:00,2026-05-17T16:21:00+08:00,6,customs_hold,CG000000002347,67710.59,2026-06-15T03:52:00+08:00
SHP-0002348,PO-202604-000732,SUP-026,rail,承运商15,杭州,WH-01,2026-04-15T21:26:00+08:00,2026-04-15T21:26:00+08:00,0,delivered,CG000000002348,61698.99,2026-06-15T00:37:00+08:00
SHP-0002349,PO-202511-001115,SUP-055,rail,承运商01,天津,WH-06,2025-11-15T02:13:00+08:00,2025-11-15T02:13:00+08:00,0,delivered,CG000000002349,18296.57,2026-06-14T23:40:00+08:00
SHP-0002350,PO-202507-001755,SUP-027,road,承运商24,苏州,WH-01,2025-07-26T03:36:00+08:00,2025-07-26T03:36:00+08:00,0,in_transit,CG000000002350,28939.41,2026-06-15T00:30:00+08:00
SHP-0002351,PO-202606-000428,SUP-020,road,承运商21,宁波,WH-04,2026-06-17T12:23:00+08:00,2026-06-18T00:23:00+08:00,12,customs_hold,CG000000002351,3363.56,2026-06-14T20:58:00+08:00
SHP-0002352,PO-202509-000471,SUP-016,road,承运商05,东莞,WH-01,2025-09-06T23:40:00+08:00,2025-09-06T23:40:00+08:00,0,delivered,CG000000002352,21199.72,2026-06-15T02:59:00+08:00
SHP-0002353,PO-202508-001382,SUP-058,sea,承运商19,武汉,WH-05,2025-08-18T13:33:00+08:00,2025-08-18T13:33:00+08:00,0,in_transit,CG000000002353,67066.57,2026-06-14T12:40:00+08:00
SHP-0002354,PO-202508-000186,SUP-017,road,承运商22,上海,WH-06,2025-08-05T17:38:00+08:00,2025-08-05T17:38:00+08:00,0,delivered,CG000000002354,3662.89,2026-06-14T14:09:00+08:00
SHP-0002355,PO-202606-001402,SUP-001,road,承运商14,宁波,WH-02,2026-06-06T20:27:00+08:00,2026-06-06T20:27:00+08:00,0,delivered,CG000000002355,43761.9,2026-06-15T07:56:00+08:00
SHP-0002356,PO-202510-001343,SUP-049,rail,承运商02,武汉,WH-03,2025-10-28T13:09:00+08:00,2025-10-29T01:09:00+08:00,12,in_transit,CG000000002356,31796.63,2026-06-15T01:06:00+08:00
SHP-0002357,PO-202602-001632,SUP-028,road,承运商15,成都,WH-02,2026-02-25T06:21:00+08:00,2026-02-25T06:21:00+08:00,0,delivered,CG000000002357,37047.56,2026-06-14T12:37:00+08:00
SHP-0002358,PO-202604-001101,SUP-020,road,承运商12,杭州,WH-02,2026-05-01T06:33:00+08:00,2026-05-01T06:33:00+08:00,0,delayed,CG000000002358,20394.99,2026-06-14T18:01:00+08:00
SHP-0002359,PO-202605-000972,SUP-034,air,承运商17,成都,WH-02,2026-05-14T10:30:00+08:00,2026-05-15T10:30:00+08:00,24,delivered,CG000000002359,71752.23,2026-06-15T01:25:00+08:00
SHP-0002360,PO-202507-000495,SUP-029,road,承运商19,青岛,WH-06,2025-07-04T08:55:00+08:00,2025-07-05T08:55:00+08:00,24,delivered,CG000000002360,32177.27,2026-06-14T13:37:00+08:00
SHP-0002361,PO-202508-000829,SUP-034,road,承运商09,武汉,WH-05,2025-08-17T13:11:00+08:00,2025-08-17T13:11:00+08:00,0,blocked,CG000000002361,16784.71,2026-06-14T15:12:00+08:00
SHP-0002362,PO-202512-000918,SUP-046,rail,承运商23,上海,WH-05,2025-12-08T17:47:00+08:00,2025-12-08T17:47:00+08:00,0,delivered,CG000000002362,11282.57,2026-06-14T13:18:00+08:00
SHP-0002363,PO-202603-001037,SUP-036,air,承运商22,上海,WH-06,2026-03-04T08:26:00+08:00,2026-03-04T08:26:00+08:00,0,delivered,CG000000002363,64798.04,2026-06-14T19:18:00+08:00
SHP-0002364,PO-202605-000774,SUP-039,sea,承运商11,青岛,WH-01,2026-05-18T01:08:00+08:00,2026-05-18T01:08:00+08:00,0,delayed,CG000000002364,55783.54,2026-06-14T11:29:00+08:00
SHP-0002365,PO-202601-001501,SUP-013,road,承运商20,青岛,WH-05,2026-01-10T13:49:00+08:00,2026-01-11T13:49:00+08:00,24,delivered,CG000000002365,37045.33,2026-06-15T00:42:00+08:00
SHP-0002366,PO-202508-000509,SUP-035,sea,承运商06,苏州,WH-02,2025-08-28T03:52:00+08:00,2025-08-29T03:52:00+08:00,24,in_transit,CG000000002366,37644.55,2026-06-14T17:09:00+08:00
SHP-0002367,PO-202510-001796,SUP-059,rail,承运商01,武汉,WH-04,2025-10-03T09:42:00+08:00,2025-10-06T09:42:00+08:00,72,customs_hold,CG000000002367,44358.59,2026-06-14T14:31:00+08:00
SHP-0002368,PO-202510-000528,SUP-027,rail,承运商03,成都,WH-03,2025-10-12T17:22:00+08:00,2025-10-14T17:22:00+08:00,48,delivered,CG000000002368,53333.43,2026-06-14T19:08:00+08:00
SHP-0002369,PO-202512-000662,SUP-054,rail,承运商08,苏州,WH-05,2025-12-18T01:23:00+08:00,2025-12-18T01:23:00+08:00,0,delayed,CG000000002369,14874.3,2026-06-14T10:00:00+08:00
SHP-0002370,PO-202512-000956,SUP-018,road,承运商11,东莞,WH-01,2025-12-31T00:09:00+08:00,2025-12-31T00:09:00+08:00,0,in_transit,CG000000002370,41335.69,2026-06-14T15:21:00+08:00
SHP-0002371,PO-202507-000217,SUP-037,rail,承运商17,宁波,WH-04,2025-07-23T12:56:00+08:00,2025-07-23T12:56:00+08:00,0,delivered,CG000000002371,42585.32,2026-06-14T15:41:00+08:00
SHP-0002372,PO-202512-001008,SUP-053,road,承运商07,杭州,WH-03,2025-12-08T14:14:00+08:00,2025-12-08T14:14:00+08:00,0,delivered,CG000000002372,1784.05,2026-06-15T06:20:00+08:00
SHP-0002373,PO-202509-001080,SUP-030,sea,承运商03,青岛,WH-05,2025-09-27T18:43:00+08:00,2025-09-27T18:43:00+08:00,0,delayed,CG000000002373,25061.44,2026-06-15T06:10:00+08:00
SHP-0002374,PO-202506-001539,SUP-045,road,承运商18,合肥,WH-05,2025-07-03T20:17:00+08:00,2025-07-03T20:17:00+08:00,0,in_transit,CG000000002374,58897.13,2026-06-14T09:18:00+08:00
SHP-0002375,PO-202508-000549,SUP-018,air,承运商02,天津,WH-05,2025-08-15T19:38:00+08:00,2025-08-15T19:38:00+08:00,0,delivered,CG000000002375,114395.35,2026-06-14T20:46:00+08:00
SHP-0002376,PO-202605-000942,SUP-047,road,承运商12,青岛,WH-01,2026-05-22T13:44:00+08:00,2026-05-25T13:44:00+08:00,72,delivered,CG000000002376,3440.39,2026-06-14T15:42:00+08:00
SHP-0002377,PO-202602-001748,SUP-043,sea,承运商21,合肥,WH-03,2026-02-13T11:38:00+08:00,2026-02-13T11:38:00+08:00,0,in_transit,CG000000002377,57847.32,2026-06-14T08:58:00+08:00
SHP-0002378,PO-202603-001198,SUP-006,sea,承运商16,合肥,WH-02,2026-03-31T09:22:00+08:00,2026-04-03T09:22:00+08:00,72,delayed,CG000000002378,38935.53,2026-06-14T23:52:00+08:00
SHP-0002379,PO-202604-000615,SUP-038,road,承运商04,苏州,WH-03,2026-04-09T15:24:00+08:00,2026-04-09T15:24:00+08:00,0,in_transit,CG000000002379,61619.17,2026-06-15T05:38:00+08:00
SHP-0002380,PO-202605-000942,SUP-047,air,承运商07,青岛,WH-01,2026-05-22T13:44:00+08:00,2026-05-22T13:44:00+08:00,0,delayed,CG000000002380,154779.54,2026-06-15T02:46:00+08:00
SHP-0002381,PO-202601-001475,SUP-042,rail,承运商11,武汉,WH-01,2026-01-20T08:53:00+08:00,2026-01-20T08:53:00+08:00,0,in_transit,CG000000002381,48404.51,2026-06-14T13:02:00+08:00
SHP-0002382,PO-202603-001760,SUP-034,road,承运商24,合肥,WH-03,2026-03-07T22:33:00+08:00,2026-03-10T22:33:00+08:00,72,in_transit,CG000000002382,24583.4,2026-06-14T12:24:00+08:00
SHP-0002383,PO-202606-001798,SUP-057,sea,承运商12,宁波,WH-04,2026-06-17T18:54:00+08:00,2026-06-18T18:54:00+08:00,24,customs_hold,CG000000002383,4697.02,2026-06-14T15:29:00+08:00
SHP-0002384,PO-202605-001093,SUP-017,sea,承运商07,成都,WH-03,2026-05-29T13:57:00+08:00,2026-05-30T13:57:00+08:00,24,in_transit,CG000000002384,38929.83,2026-06-15T03:22:00+08:00
SHP-0002385,PO-202606-001018,SUP-006,air,承运商23,杭州,WH-01,2026-06-06T12:55:00+08:00,2026-06-07T12:55:00+08:00,24,customs_hold,CG000000002385,67469.19,2026-06-15T07:13:00+08:00
SHP-0002386,PO-202512-000756,SUP-024,road,承运商16,宁波,WH-03,2025-12-09T06:44:00+08:00,2025-12-09T12:44:00+08:00,6,delivered,CG000000002386,36874.67,2026-06-15T06:19:00+08:00
SHP-0002387,PO-202508-001106,SUP-041,sea,承运商16,青岛,WH-06,2025-09-02T20:11:00+08:00,2025-09-02T20:11:00+08:00,0,delivered,CG000000002387,28988.52,2026-06-14T22:05:00+08:00
SHP-0002388,PO-202605-000265,SUP-013,road,承运商20,成都,WH-02,2026-05-16T20:57:00+08:00,2026-05-16T20:57:00+08:00,0,in_transit,CG000000002388,7621.48,2026-06-14T20:19:00+08:00
SHP-0002389,PO-202507-000826,SUP-022,road,承运商09,宁波,WH-01,2025-07-13T11:19:00+08:00,2025-07-14T11:19:00+08:00,24,delayed,CG000000002389,36150.13,2026-06-15T00:34:00+08:00
SHP-0002390,PO-202603-001612,SUP-048,road,承运商23,上海,WH-04,2026-04-05T08:53:00+08:00,2026-04-06T08:53:00+08:00,24,in_transit,CG000000002390,14142.44,2026-06-15T02:15:00+08:00
SHP-0002391,PO-202507-000259,SUP-042,air,承运商05,武汉,WH-02,2025-07-24T02:05:00+08:00,2025-07-24T02:05:00+08:00,0,delivered,CG000000002391,138265.62,2026-06-14T16:04:00+08:00
SHP-0002392,PO-202508-001322,SUP-016,road,承运商04,杭州,WH-01,2025-09-07T01:17:00+08:00,2025-09-07T01:17:00+08:00,0,delivered,CG000000002392,59418.47,2026-06-14T09:59:00+08:00
SHP-0002393,PO-202511-000370,SUP-005,road,承运商08,杭州,WH-04,2025-11-17T04:40:00+08:00,2025-11-17T04:40:00+08:00,0,delayed,CG000000002393,1663.97,2026-06-15T02:41:00+08:00
SHP-0002394,PO-202601-001161,SUP-046,sea,承运商17,上海,WH-06,2026-02-04T14:53:00+08:00,2026-02-04T20:53:00+08:00,6,in_transit,CG000000002394,3193.01,2026-06-15T07:48:00+08:00
SHP-0002395,PO-202601-001537,SUP-007,road,承运商04,苏州,WH-05,2026-01-08T12:08:00+08:00,2026-01-08T12:08:00+08:00,0,delivered,CG000000002395,28176.79,2026-06-14T22:42:00+08:00
SHP-0002396,PO-202508-000788,SUP-038,rail,承运商12,青岛,WH-04,2025-08-31T19:55:00+08:00,2025-09-01T01:55:00+08:00,6,in_transit,CG000000002396,19212.01,2026-06-15T04:25:00+08:00
SHP-0002397,PO-202507-001251,SUP-034,road,承运商01,天津,WH-06,2025-07-28T12:48:00+08:00,2025-07-28T12:48:00+08:00,0,in_transit,CG000000002397,12639.08,2026-06-15T05:46:00+08:00
SHP-0002398,PO-202511-000060,SUP-035,air,承运商03,武汉,WH-04,2025-11-20T15:38:00+08:00,2025-11-20T15:38:00+08:00,0,delivered,CG000000002398,44344.18,2026-06-15T06:01:00+08:00
SHP-0002399,PO-202509-000256,SUP-051,road,承运商19,杭州,WH-02,2025-10-02T08:19:00+08:00,2025-10-02T14:19:00+08:00,6,delivered,CG000000002399,63338.93,2026-06-14T21:10:00+08:00
SHP-0002400,PO-202510-000569,SUP-041,road,承运商20,东莞,WH-01,2025-10-24T15:40:00+08:00,2025-10-24T21:40:00+08:00,6,delivered,CG000000002400,14782.66,2026-06-14T23:35:00+08:00
SHP-0002401,PO-202606-000935,SUP-033,road,承运商10,合肥,WH-06,2026-06-09T16:43:00+08:00,2026-06-10T04:43:00+08:00,12,delayed,CG000000002401,19104.43,2026-06-14T12:34:00+08:00
SHP-0002402,PO-202605-000588,SUP-013,air,承运商10,青岛,WH-03,2026-06-07T04:38:00+08:00,2026-06-07T04:38:00+08:00,0,blocked,CG000000002402,106699.77,2026-06-14T15:05:00+08:00
SHP-0002403,PO-202601-000222,SUP-023,road,承运商01,合肥,WH-02,2026-02-02T10:03:00+08:00,2026-02-02T10:03:00+08:00,0,blocked,CG000000002403,35149.68,2026-06-15T04:09:00+08:00
SHP-0002404,PO-202508-000622,SUP-041,road,承运商15,宁波,WH-06,2025-08-26T18:47:00+08:00,2025-08-26T18:47:00+08:00,0,customs_hold,CG000000002404,34102.11,2026-06-14T16:28:00+08:00
SHP-0002405,PO-202508-001210,SUP-002,rail,承运商22,青岛,WH-01,2025-08-06T02:44:00+08:00,2025-08-06T08:44:00+08:00,6,blocked,CG000000002405,54201.13,2026-06-14T18:53:00+08:00
SHP-0002406,PO-202605-001093,SUP-017,rail,承运商24,苏州,WH-01,2026-05-29T13:57:00+08:00,2026-05-29T13:57:00+08:00,0,customs_hold,CG000000002406,63656.08,2026-06-14T23:16:00+08:00
SHP-0002407,PO-202511-000896,SUP-045,rail,承运商03,杭州,WH-02,2025-11-19T20:07:00+08:00,2025-11-19T20:07:00+08:00,0,delivered,CG000000002407,28408.45,2026-06-14T22:22:00+08:00
SHP-0002408,PO-202509-000399,SUP-009,road,承运商18,天津,WH-01,2025-09-16T02:02:00+08:00,2025-09-18T02:02:00+08:00,48,delivered,CG000000002408,44444.17,2026-06-14T08:22:00+08:00
SHP-0002409,PO-202601-001173,SUP-037,road,承运商13,东莞,WH-04,2026-01-20T16:13:00+08:00,2026-01-20T16:13:00+08:00,0,delivered,CG000000002409,44857.02,2026-06-15T04:22:00+08:00
SHP-0002410,PO-202605-000408,SUP-004,road,承运商23,成都,WH-01,2026-05-09T21:17:00+08:00,2026-05-09T21:17:00+08:00,0,delivered,CG000000002410,57390.27,2026-06-14T16:42:00+08:00
SHP-0002411,PO-202508-000706,SUP-021,road,承运商11,武汉,WH-01,2025-08-29T12:13:00+08:00,2025-08-29T12:13:00+08:00,0,in_transit,CG000000002411,45042.55,2026-06-14T18:06:00+08:00
SHP-0002412,PO-202510-001153,SUP-026,air,承运商05,杭州,WH-01,2025-11-02T20:07:00+08:00,2025-11-05T20:07:00+08:00,72,in_transit,CG000000002412,79180.68,2026-06-15T02:30:00+08:00
SHP-0002413,PO-202508-000243,SUP-002,road,承运商23,宁波,WH-03,2025-08-12T21:35:00+08:00,2025-08-13T09:35:00+08:00,12,delayed,CG000000002413,66358.67,2026-06-14T21:47:00+08:00
SHP-0002414,PO-202510-000324,SUP-012,road,承运商01,宁波,WH-03,2025-10-27T16:24:00+08:00,2025-10-29T16:24:00+08:00,48,in_transit,CG000000002414,54038.69,2026-06-14T13:39:00+08:00
SHP-0002415,PO-202506-000355,SUP-051,road,承运商01,东莞,WH-02,2025-07-01T07:18:00+08:00,2025-07-02T07:18:00+08:00,24,delivered,CG000000002415,12045.31,2026-06-14T08:33:00+08:00
SHP-0002416,PO-202602-000685,SUP-031,rail,承运商15,天津,WH-03,2026-02-25T01:15:00+08:00,2026-02-25T01:15:00+08:00,0,in_transit,CG000000002416,46084.27,2026-06-14T14:57:00+08:00
SHP-0002417,PO-202605-001628,SUP-055,road,承运商07,东莞,WH-02,2026-05-22T07:42:00+08:00,2026-05-23T07:42:00+08:00,24,delivered,CG000000002417,24137.25,2026-06-15T06:23:00+08:00
SHP-0002418,PO-202603-001701,SUP-005,road,承运商13,青岛,WH-01,2026-03-21T17:50:00+08:00,2026-03-21T17:50:00+08:00,0,in_transit,CG000000002418,28542.12,2026-06-14T22:32:00+08:00
SHP-0002419,PO-202601-000122,SUP-056,road,承运商09,上海,WH-05,2026-01-04T22:06:00+08:00,2026-01-05T04:06:00+08:00,6,in_transit,CG000000002419,53151.38,2026-06-14T22:29:00+08:00
SHP-0002420,PO-202602-000444,SUP-019,rail,承运商13,上海,WH-06,2026-02-27T16:35:00+08:00,2026-02-27T16:35:00+08:00,0,delayed,CG000000002420,37785.59,2026-06-14T12:05:00+08:00
SHP-0002421,PO-202507-001193,SUP-002,road,承运商09,合肥,WH-05,2025-07-25T23:18:00+08:00,2025-07-27T23:18:00+08:00,48,blocked,CG000000002421,16381.66,2026-06-15T04:53:00+08:00
SHP-0002422,PO-202509-001590,SUP-015,rail,承运商03,东莞,WH-02,2025-09-12T19:00:00+08:00,2025-09-13T07:00:00+08:00,12,delivered,CG000000002422,10305.18,2026-06-14T11:18:00+08:00
SHP-0002423,PO-202605-000179,SUP-037,rail,承运商22,上海,WH-06,2026-05-18T16:12:00+08:00,2026-05-19T04:12:00+08:00,12,delayed,CG000000002423,26390.45,2026-06-14T19:10:00+08:00
SHP-0002424,PO-202605-001093,SUP-017,air,承运商20,天津,WH-02,2026-05-29T13:57:00+08:00,2026-05-30T13:57:00+08:00,24,in_transit,CG000000002424,38963.33,2026-06-14T09:44:00+08:00
SHP-0002425,PO-202604-001569,SUP-049,road,承运商14,苏州,WH-03,2026-04-09T20:12:00+08:00,2026-04-09T20:12:00+08:00,0,delivered,CG000000002425,15552.47,2026-06-14T19:19:00+08:00
SHP-0002426,PO-202603-000678,SUP-049,road,承运商21,上海,WH-01,2026-03-30T00:03:00+08:00,2026-03-31T00:03:00+08:00,24,customs_hold,CG000000002426,5749.14,2026-06-14T09:15:00+08:00
SHP-0002427,PO-202605-001520,SUP-044,road,承运商11,天津,WH-02,2026-05-23T06:00:00+08:00,2026-05-25T06:00:00+08:00,48,in_transit,CG000000002427,55003.25,2026-06-14T14:49:00+08:00
SHP-0002428,PO-202510-000796,SUP-023,road,承运商22,成都,WH-04,2025-10-13T14:53:00+08:00,2025-10-13T14:53:00+08:00,0,delivered,CG000000002428,29056.94,2026-06-14T18:03:00+08:00
SHP-0002429,PO-202507-000084,SUP-042,rail,承运商19,成都,WH-02,2025-07-17T21:02:00+08:00,2025-07-18T09:02:00+08:00,12,in_transit,CG000000002429,19666.08,2026-06-15T05:08:00+08:00
SHP-0002430,PO-202603-000678,SUP-049,air,承运商01,天津,WH-03,2026-03-30T00:03:00+08:00,2026-03-31T00:03:00+08:00,24,delivered,CG000000002430,151127.38,2026-06-15T04:28:00+08:00
SHP-0002431,PO-202508-001666,SUP-018,air,承运商23,上海,WH-04,2025-09-04T16:00:00+08:00,2025-09-05T04:00:00+08:00,12,in_transit,CG000000002431,159953.05,2026-06-15T00:00:00+08:00
SHP-0002432,PO-202509-001682,SUP-001,rail,承运商01,青岛,WH-06,2025-09-19T04:34:00+08:00,2025-09-21T04:34:00+08:00,48,delivered,CG000000002432,49795.7,2026-06-15T07:48:00+08:00
SHP-0002433,PO-202511-001652,SUP-012,road,承运商20,青岛,WH-01,2025-11-25T23:48:00+08:00,2025-11-25T23:48:00+08:00,0,delivered,CG000000002433,46851.54,2026-06-14T09:44:00+08:00
SHP-0002434,PO-202606-001402,SUP-001,rail,承运商14,上海,WH-01,2026-06-06T20:27:00+08:00,2026-06-07T02:27:00+08:00,6,delayed,CG000000002434,14653.2,2026-06-15T02:45:00+08:00
SHP-0002435,PO-202606-001737,SUP-049,rail,承运商05,成都,WH-03,2026-06-14T20:46:00+08:00,2026-06-16T20:46:00+08:00,48,in_transit,CG000000002435,10916.63,2026-06-14T23:49:00+08:00
SHP-0002436,PO-202605-000265,SUP-013,road,承运商18,杭州,WH-03,2026-05-16T20:57:00+08:00,2026-05-18T20:57:00+08:00,48,delivered,CG000000002436,49895.08,2026-06-14T15:06:00+08:00
SHP-0002437,PO-202506-001372,SUP-008,rail,承运商16,武汉,WH-02,2025-06-20T06:49:00+08:00,2025-06-20T12:49:00+08:00,6,in_transit,CG000000002437,7397.23,2026-06-14T19:49:00+08:00
SHP-0002438,PO-202604-001033,SUP-026,rail,承运商24,宁波,WH-05,2026-04-06T15:58:00+08:00,2026-04-06T21:58:00+08:00,6,delivered,CG000000002438,15493.4,2026-06-14T17:22:00+08:00
SHP-0002439,PO-202604-001258,SUP-040,road,承运商11,成都,WH-01,2026-04-18T08:25:00+08:00,2026-04-18T08:25:00+08:00,0,in_transit,CG000000002439,62550.57,2026-06-14T22:03:00+08:00
SHP-0002440,PO-202507-001640,SUP-007,rail,承运商21,合肥,WH-01,2025-07-14T00:36:00+08:00,2025-07-14T00:36:00+08:00,0,delivered,CG000000002440,61091.07,2026-06-15T06:37:00+08:00
SHP-0002441,PO-202510-000951,SUP-052,rail,承运商10,上海,WH-03,2025-10-10T03:01:00+08:00,2025-10-10T03:01:00+08:00,0,delivered,CG000000002441,55046.47,2026-06-14T16:32:00+08:00
SHP-0002442,PO-202508-001564,SUP-032,sea,承运商04,成都,WH-04,2025-08-27T09:37:00+08:00,2025-08-27T09:37:00+08:00,0,delivered,CG000000002442,23884.01,2026-06-15T04:58:00+08:00
SHP-0002443,PO-202512-000200,SUP-023,rail,承运商15,合肥,WH-05,2025-12-29T22:24:00+08:00,2025-12-30T10:24:00+08:00,12,delivered,CG000000002443,66881.29,2026-06-15T07:47:00+08:00
SHP-0002444,PO-202604-000260,SUP-039,road,承运商18,合肥,WH-01,2026-05-03T19:41:00+08:00,2026-05-04T07:41:00+08:00,12,in_transit,CG000000002444,44031.07,2026-06-14T12:19:00+08:00
SHP-0002445,PO-202508-000459,SUP-027,road,承运商15,青岛,WH-03,2025-08-26T02:27:00+08:00,2025-08-26T02:27:00+08:00,0,delivered,CG000000002445,36999.72,2026-06-15T02:22:00+08:00
SHP-0002446,PO-202604-000666,SUP-039,road,承运商21,上海,WH-01,2026-04-07T21:12:00+08:00,2026-04-08T09:12:00+08:00,12,delivered,CG000000002446,44973.91,2026-06-14T19:19:00+08:00
SHP-0002447,PO-202508-000667,SUP-060,sea,承运商20,成都,WH-06,2025-08-16T13:01:00+08:00,2025-08-16T13:01:00+08:00,0,in_transit,CG000000002447,34521.0,2026-06-14T16:26:00+08:00
SHP-0002448,PO-202509-000533,SUP-041,road,承运商16,上海,WH-04,2025-09-17T07:16:00+08:00,2025-09-20T07:16:00+08:00,72,delivered,CG000000002448,13392.45,2026-06-14T09:32:00+08:00
SHP-0002449,PO-202509-000294,SUP-051,road,承运商20,宁波,WH-05,2025-09-26T23:36:00+08:00,2025-09-26T23:36:00+08:00,0,delivered,CG000000002449,21340.87,2026-06-14T15:18:00+08:00
SHP-0002450,PO-202511-000859,SUP-002,sea,承运商16,东莞,WH-04,2025-11-23T14:54:00+08:00,2025-11-24T02:54:00+08:00,12,blocked,CG000000002450,30376.12,2026-06-14T17:16:00+08:00
SHP-0002451,PO-202602-001046,SUP-025,road,承运商22,成都,WH-03,2026-02-15T01:58:00+08:00,2026-02-16T01:58:00+08:00,24,delivered,CG000000002451,3469.88,2026-06-15T00:41:00+08:00
SHP-0002452,PO-202605-000836,SUP-045,road,承运商15,天津,WH-06,2026-05-09T01:13:00+08:00,2026-05-09T01:13:00+08:00,0,in_transit,CG000000002452,35668.29,2026-06-14T12:06:00+08:00
SHP-0002453,PO-202604-000442,SUP-032,sea,承运商11,东莞,WH-01,2026-04-16T16:03:00+08:00,2026-04-16T16:03:00+08:00,0,delivered,CG000000002453,22345.24,2026-06-14T13:34:00+08:00
SHP-0002454,PO-202603-001526,SUP-035,road,承运商16,上海,WH-02,2026-03-13T02:05:00+08:00,2026-03-13T02:05:00+08:00,0,delivered,CG000000002454,20922.19,2026-06-15T01:10:00+08:00
SHP-0002455,PO-202605-000612,SUP-012,sea,承运商21,武汉,WH-05,2026-05-05T10:54:00+08:00,2026-05-05T16:54:00+08:00,6,delivered,CG000000002455,34832.68,2026-06-14T12:47:00+08:00
SHP-0002456,PO-202509-000767,SUP-040,rail,承运商23,武汉,WH-04,2025-09-09T23:25:00+08:00,2025-09-10T05:25:00+08:00,6,delayed,CG000000002456,28909.64,2026-06-14T10:12:00+08:00
SHP-0002457,PO-202601-001172,SUP-039,sea,承运商18,苏州,WH-06,2026-01-26T17:36:00+08:00,2026-01-26T17:36:00+08:00,0,delayed,CG000000002457,43275.87,2026-06-14T09:23:00+08:00
SHP-0002458,PO-202508-001039,SUP-013,road,承运商09,苏州,WH-06,2025-09-04T02:34:00+08:00,2025-09-07T02:34:00+08:00,72,delivered,CG000000002458,24838.53,2026-06-14T23:10:00+08:00
SHP-0002459,PO-202506-000860,SUP-052,road,承运商02,上海,WH-04,2025-06-25T01:09:00+08:00,2025-06-25T01:09:00+08:00,0,in_transit,CG000000002459,64235.04,2026-06-14T09:40:00+08:00
SHP-0002460,PO-202601-001172,SUP-039,rail,承运商02,苏州,WH-01,2026-01-26T17:36:00+08:00,2026-01-27T17:36:00+08:00,24,delayed,CG000000002460,44845.6,2026-06-14T15:27:00+08:00
SHP-0002461,PO-202510-001005,SUP-024,sea,承运商13,成都,WH-05,2025-10-29T18:45:00+08:00,2025-10-30T00:45:00+08:00,6,delivered,CG000000002461,33779.81,2026-06-14T08:31:00+08:00
SHP-0002462,PO-202512-001334,SUP-022,road,承运商18,青岛,WH-05,2025-12-31T03:39:00+08:00,2025-12-31T03:39:00+08:00,0,in_transit,CG000000002462,52568.0,2026-06-15T07:37:00+08:00
SHP-0002463,PO-202506-001338,SUP-017,road,承运商08,青岛,WH-05,2025-06-25T02:48:00+08:00,2025-06-25T02:48:00+08:00,0,in_transit,CG000000002463,59037.63,2026-06-14T17:54:00+08:00
SHP-0002464,PO-202602-001004,SUP-048,road,承运商07,苏州,WH-04,2026-02-11T18:11:00+08:00,2026-02-12T00:11:00+08:00,6,in_transit,CG000000002464,27705.88,2026-06-14T13:38:00+08:00
SHP-0002465,PO-202510-001420,SUP-004,road,承运商22,苏州,WH-01,2025-11-01T06:37:00+08:00,2025-11-03T06:37:00+08:00,48,delivered,CG000000002465,5636.42,2026-06-14T22:25:00+08:00
SHP-0002466,PO-202507-001054,SUP-036,sea,承运商10,东莞,WH-02,2025-07-18T15:05:00+08:00,2025-07-19T15:05:00+08:00,24,customs_hold,CG000000002466,28723.67,2026-06-14T18:18:00+08:00
SHP-0002467,PO-202508-001799,SUP-048,air,承运商15,青岛,WH-01,2025-08-13T09:39:00+08:00,2025-08-13T09:39:00+08:00,0,delivered,CG000000002467,3409.24,2026-06-14T08:43:00+08:00
SHP-0002468,PO-202506-000432,SUP-037,road,承运商13,天津,WH-06,2025-06-29T10:03:00+08:00,2025-06-29T16:03:00+08:00,6,delivered,CG000000002468,45224.98,2026-06-14T13:12:00+08:00
SHP-0002469,PO-202601-000633,SUP-053,road,承运商10,宁波,WH-04,2026-01-10T16:15:00+08:00,2026-01-13T16:15:00+08:00,72,delayed,CG000000002469,55711.97,2026-06-14T14:48:00+08:00
SHP-0002470,PO-202511-000746,SUP-029,rail,承运商24,成都,WH-05,2025-11-05T20:36:00+08:00,2025-11-06T20:36:00+08:00,24,in_transit,CG000000002470,53307.84,2026-06-14T10:55:00+08:00
SHP-0002471,PO-202605-000942,SUP-047,road,承运商02,东莞,WH-06,2026-05-22T13:44:00+08:00,2026-05-22T13:44:00+08:00,0,delivered,CG000000002471,60888.93,2026-06-14T21:34:00+08:00
SHP-0002472,PO-202511-000738,SUP-019,road,承运商17,成都,WH-06,2025-11-23T09:31:00+08:00,2025-11-25T09:31:00+08:00,48,delivered,CG000000002472,55082.69,2026-06-15T05:48:00+08:00
SHP-0002473,PO-202506-000218,SUP-050,sea,承运商07,苏州,WH-03,2025-06-26T01:44:00+08:00,2025-06-26T01:44:00+08:00,0,delivered,CG000000002473,63975.21,2026-06-15T07:20:00+08:00
SHP-0002474,PO-202510-000708,SUP-035,road,承运商03,上海,WH-04,2025-10-17T17:27:00+08:00,2025-10-19T17:27:00+08:00,48,delivered,CG000000002474,28340.08,2026-06-14T16:00:00+08:00
SHP-0002475,PO-202511-000915,SUP-008,rail,承运商10,成都,WH-06,2025-11-26T20:43:00+08:00,2025-11-28T20:43:00+08:00,48,blocked,CG000000002475,6629.21,2026-06-14T21:33:00+08:00
SHP-0002476,PO-202508-000809,SUP-031,sea,承运商19,成都,WH-02,2025-08-15T03:54:00+08:00,2025-08-15T03:54:00+08:00,0,delayed,CG000000002476,3793.42,2026-06-14T17:20:00+08:00
SHP-0002477,PO-202601-001502,SUP-003,sea,承运商02,宁波,WH-02,2026-01-31T07:10:00+08:00,2026-01-31T07:10:00+08:00,0,delivered,CG000000002477,50994.38,2026-06-14T11:08:00+08:00
SHP-0002478,PO-202508-001128,SUP-035,road,承运商12,东莞,WH-01,2025-08-13T16:57:00+08:00,2025-08-13T16:57:00+08:00,0,delivered,CG000000002478,49640.06,2026-06-14T12:18:00+08:00
SHP-0002479,PO-202605-001408,SUP-053,road,承运商03,武汉,WH-02,2026-05-20T12:10:00+08:00,2026-05-20T12:10:00+08:00,0,delayed,CG000000002479,56168.64,2026-06-15T00:10:00+08:00
SHP-0002480,PO-202510-000313,SUP-009,rail,承运商20,成都,WH-03,2025-10-09T20:45:00+08:00,2025-10-11T20:45:00+08:00,48,in_transit,CG000000002480,47249.56,2026-06-15T00:19:00+08:00
SHP-0002481,PO-202604-001493,SUP-040,road,承运商14,东莞,WH-02,2026-05-03T08:28:00+08:00,2026-05-04T08:28:00+08:00,24,in_transit,CG000000002481,29037.91,2026-06-15T06:56:00+08:00
SHP-0002482,PO-202511-001500,SUP-028,road,承运商15,天津,WH-04,2025-11-16T20:37:00+08:00,2025-11-18T20:37:00+08:00,48,delivered,CG000000002482,39078.54,2026-06-14T22:42:00+08:00
SHP-0002483,PO-202507-000888,SUP-022,road,承运商21,东莞,WH-01,2025-07-26T18:18:00+08:00,2025-07-28T18:18:00+08:00,48,delivered,CG000000002483,11006.18,2026-06-14T20:57:00+08:00
SHP-0002484,PO-202510-001374,SUP-036,road,承运商11,成都,WH-04,2025-10-28T07:53:00+08:00,2025-10-28T07:53:00+08:00,0,delayed,CG000000002484,34182.37,2026-06-15T00:02:00+08:00
SHP-0002485,PO-202604-001387,SUP-058,rail,承运商13,宁波,WH-06,2026-05-05T10:05:00+08:00,2026-05-05T10:05:00+08:00,0,in_transit,CG000000002485,15724.77,2026-06-14T08:14:00+08:00
SHP-0002486,PO-202508-000010,SUP-041,road,承运商03,苏州,WH-03,2025-08-08T08:52:00+08:00,2025-08-11T08:52:00+08:00,72,delivered,CG000000002486,37954.62,2026-06-14T20:47:00+08:00
SHP-0002487,PO-202510-000313,SUP-009,sea,承运商19,上海,WH-02,2025-10-09T20:45:00+08:00,2025-10-09T20:45:00+08:00,0,delivered,CG000000002487,56101.77,2026-06-15T01:37:00+08:00
SHP-0002488,PO-202512-001370,SUP-028,road,承运商09,上海,WH-03,2025-12-11T11:05:00+08:00,2025-12-11T11:05:00+08:00,0,delayed,CG000000002488,18457.01,2026-06-14T20:22:00+08:00
SHP-0002489,PO-202601-001315,SUP-054,air,承运商24,天津,WH-06,2026-01-16T09:19:00+08:00,2026-01-17T09:19:00+08:00,24,delayed,CG000000002489,142090.92,2026-06-14T17:34:00+08:00
SHP-0002490,PO-202506-001749,SUP-020,rail,承运商11,东莞,WH-04,2025-07-04T20:36:00+08:00,2025-07-04T20:36:00+08:00,0,delivered,CG000000002490,31614.84,2026-06-15T05:19:00+08:00
SHP-0002491,PO-202507-000288,SUP-033,road,承运商08,杭州,WH-03,2025-08-02T05:18:00+08:00,2025-08-02T05:18:00+08:00,0,in_transit,CG000000002491,14011.52,2026-06-15T07:06:00+08:00
SHP-0002492,PO-202509-000854,SUP-042,sea,承运商22,合肥,WH-04,2025-09-20T20:55:00+08:00,2025-09-20T20:55:00+08:00,0,delivered,CG000000002492,27464.54,2026-06-14T08:43:00+08:00
SHP-0002493,PO-202606-001742,SUP-035,road,承运商24,苏州,WH-03,2026-06-08T21:08:00+08:00,2026-06-08T21:08:00+08:00,0,in_transit,CG000000002493,26024.24,2026-06-14T22:15:00+08:00
SHP-0002494,PO-202605-001425,SUP-059,sea,承运商23,合肥,WH-04,2026-05-08T05:49:00+08:00,2026-05-08T05:49:00+08:00,0,in_transit,CG000000002494,17232.63,2026-06-14T14:35:00+08:00
SHP-0002495,PO-202602-001486,SUP-028,road,承运商19,青岛,WH-03,2026-02-11T23:58:00+08:00,2026-02-12T11:58:00+08:00,12,in_transit,CG000000002495,29767.62,2026-06-15T06:27:00+08:00
SHP-0002496,PO-202507-000814,SUP-024,road,承运商13,天津,WH-03,2025-08-01T08:52:00+08:00,2025-08-03T08:52:00+08:00,48,delivered,CG000000002496,55601.76,2026-06-15T03:44:00+08:00
SHP-0002497,PO-202606-000630,SUP-044,road,承运商19,成都,WH-03,2026-06-18T02:21:00+08:00,2026-06-18T08:21:00+08:00,6,delivered,CG000000002497,25965.91,2026-06-14T16:03:00+08:00
SHP-0002498,PO-202603-000351,SUP-027,road,承运商22,上海,WH-02,2026-04-04T01:06:00+08:00,2026-04-05T01:06:00+08:00,24,delayed,CG000000002498,32530.47,2026-06-15T01:46:00+08:00
SHP-0002499,PO-202509-001261,SUP-060,road,承运商05,宁波,WH-05,2025-09-12T13:28:00+08:00,2025-09-12T13:28:00+08:00,0,in_transit,CG000000002499,55315.86,2026-06-15T01:27:00+08:00
SHP-0002500,PO-202606-001647,SUP-046,road,承运商21,苏州,WH-06,2026-06-18T05:58:00+08:00,2026-06-18T05:58:00+08:00,0,blocked,CG000000002500,38185.33,2026-06-15T01:48:00+08:00
SHP-0002501,PO-202606-000557,SUP-058,sea,承运商19,苏州,WH-06,2026-06-09T01:57:00+08:00,2026-06-11T01:57:00+08:00,48,delivered,CG000000002501,29219.34,2026-06-15T01:50:00+08:00
SHP-0002502,PO-202506-001684,SUP-055,rail,承运商01,宁波,WH-03,2025-06-20T15:39:00+08:00,2025-06-20T15:39:00+08:00,0,in_transit,CG000000002502,12831.63,2026-06-14T20:14:00+08:00
SHP-0002503,PO-202604-000627,SUP-059,rail,承运商07,苏州,WH-02,2026-04-13T11:14:00+08:00,2026-04-13T11:14:00+08:00,0,delayed,CG000000002503,61499.1,2026-06-14T11:42:00+08:00
SHP-0002504,PO-202510-001231,SUP-006,air,承运商17,杭州,WH-05,2025-10-20T14:34:00+08:00,2025-10-23T14:34:00+08:00,72,delayed,CG000000002504,148567.51,2026-06-15T06:43:00+08:00
SHP-0002505,PO-202604-000554,SUP-007,rail,承运商13,成都,WH-04,2026-04-28T21:33:00+08:00,2026-04-28T21:33:00+08:00,0,customs_hold,CG000000002505,65837.09,2026-06-14T20:16:00+08:00
SHP-0002506,PO-202606-001146,SUP-005,rail,承运商01,苏州,WH-02,2026-06-19T10:47:00+08:00,2026-06-19T10:47:00+08:00,0,in_transit,CG000000002506,20753.93,2026-06-15T00:28:00+08:00
SHP-0002507,PO-202606-000557,SUP-058,road,承运商05,成都,WH-05,2026-06-09T01:57:00+08:00,2026-06-09T01:57:00+08:00,0,in_transit,CG000000002507,55204.77,2026-06-14T23:01:00+08:00
SHP-0002508,PO-202604-000674,SUP-041,rail,承运商13,苏州,WH-02,2026-04-23T12:19:00+08:00,2026-04-24T00:19:00+08:00,12,blocked,CG000000002508,64257.27,2026-06-15T00:49:00+08:00
SHP-0002509,PO-202509-001023,SUP-015,sea,承运商20,合肥,WH-01,2025-09-13T08:00:00+08:00,2025-09-13T08:00:00+08:00,0,in_transit,CG000000002509,38696.3,2026-06-15T06:35:00+08:00
SHP-0002510,PO-202506-000797,SUP-028,sea,承运商18,上海,WH-06,2025-06-21T01:07:00+08:00,2025-06-21T01:07:00+08:00,0,in_transit,CG000000002510,30927.99,2026-06-15T02:32:00+08:00
SHP-0002511,PO-202512-000958,SUP-005,sea,承运商12,杭州,WH-05,2025-12-28T05:36:00+08:00,2025-12-30T05:36:00+08:00,48,in_transit,CG000000002511,66357.72,2026-06-15T04:52:00+08:00
SHP-0002512,PO-202512-000136,SUP-042,road,承运商03,成都,WH-05,2025-12-09T23:09:00+08:00,2025-12-09T23:09:00+08:00,0,in_transit,CG000000002512,66533.67,2026-06-15T02:14:00+08:00
SHP-0002513,PO-202605-001614,SUP-005,air,承运商12,宁波,WH-03,2026-05-02T23:04:00+08:00,2026-05-05T23:04:00+08:00,72,in_transit,CG000000002513,130688.97,2026-06-14T10:10:00+08:00
SHP-0002514,PO-202510-000037,SUP-023,air,承运商06,上海,WH-03,2025-10-31T07:12:00+08:00,2025-10-31T07:12:00+08:00,0,in_transit,CG000000002514,132183.18,2026-06-14T23:45:00+08:00
SHP-0002515,PO-202601-000506,SUP-026,road,承运商10,天津,WH-01,2026-01-27T11:16:00+08:00,2026-01-27T11:16:00+08:00,0,delivered,CG000000002515,25623.76,2026-06-14T23:23:00+08:00
SHP-0002516,PO-202605-000419,SUP-002,road,承运商06,成都,WH-01,2026-05-21T20:05:00+08:00,2026-05-22T02:05:00+08:00,6,delayed,CG000000002516,12014.35,2026-06-14T08:24:00+08:00
SHP-0002517,PO-202508-001669,SUP-026,road,承运商17,合肥,WH-04,2025-09-04T09:26:00+08:00,2025-09-04T09:26:00+08:00,0,in_transit,CG000000002517,33036.73,2026-06-15T02:08:00+08:00
SHP-0002518,PO-202511-000047,SUP-032,rail,承运商18,杭州,WH-02,2025-11-17T15:05:00+08:00,2025-11-19T15:05:00+08:00,48,in_transit,CG000000002518,34080.6,2026-06-14T23:30:00+08:00
SHP-0002519,PO-202506-001259,SUP-023,road,承运商12,杭州,WH-01,2025-06-24T12:13:00+08:00,2025-06-24T18:13:00+08:00,6,delivered,CG000000002519,30261.68,2026-06-14T15:09:00+08:00
SHP-0002520,PO-202605-001560,SUP-056,sea,承运商24,杭州,WH-02,2026-05-27T00:37:00+08:00,2026-05-28T00:37:00+08:00,24,in_transit,CG000000002520,6763.57,2026-06-14T17:04:00+08:00
SHP-0002521,PO-202604-000984,SUP-039,sea,承运商16,成都,WH-04,2026-04-14T01:33:00+08:00,2026-04-14T01:33:00+08:00,0,delivered,CG000000002521,41945.82,2026-06-14T21:13:00+08:00
SHP-0002522,PO-202506-000433,SUP-041,rail,承运商05,东莞,WH-01,2025-06-23T04:41:00+08:00,2025-06-23T16:41:00+08:00,12,delivered,CG000000002522,52673.29,2026-06-14T13:21:00+08:00
SHP-0002523,PO-202603-000023,SUP-004,sea,承运商16,天津,WH-03,2026-04-07T03:00:00+08:00,2026-04-09T03:00:00+08:00,48,delayed,CG000000002523,13892.48,2026-06-14T19:43:00+08:00
SHP-0002524,PO-202511-000271,SUP-060,rail,承运商23,青岛,WH-05,2025-11-18T08:23:00+08:00,2025-11-18T08:23:00+08:00,0,customs_hold,CG000000002524,37839.41,2026-06-14T08:23:00+08:00
SHP-0002525,PO-202509-001590,SUP-015,road,承运商16,杭州,WH-01,2025-09-12T19:00:00+08:00,2025-09-12T19:00:00+08:00,0,delayed,CG000000002525,47503.66,2026-06-14T19:04:00+08:00
SHP-0002526,PO-202602-001292,SUP-054,rail,承运商09,上海,WH-01,2026-02-12T19:59:00+08:00,2026-02-12T19:59:00+08:00,0,in_transit,CG000000002526,54580.83,2026-06-14T13:25:00+08:00
SHP-0002527,PO-202511-001793,SUP-010,rail,承运商02,成都,WH-01,2025-11-23T13:33:00+08:00,2025-11-23T13:33:00+08:00,0,delivered,CG000000002527,43030.89,2026-06-14T19:57:00+08:00
SHP-0002528,PO-202604-000538,SUP-052,road,承运商09,合肥,WH-06,2026-05-01T07:45:00+08:00,2026-05-01T07:45:00+08:00,0,in_transit,CG000000002528,60873.05,2026-06-14T08:07:00+08:00
SHP-0002529,PO-202512-001029,SUP-047,rail,承运商05,武汉,WH-06,2025-12-28T05:38:00+08:00,2025-12-28T05:38:00+08:00,0,customs_hold,CG000000002529,46122.95,2026-06-14T23:33:00+08:00
SHP-0002530,PO-202512-000327,SUP-014,road,承运商22,武汉,WH-01,2025-12-27T04:56:00+08:00,2025-12-27T04:56:00+08:00,0,in_transit,CG000000002530,24707.37,2026-06-14T10:03:00+08:00
SHP-0002531,PO-202601-001075,SUP-030,sea,承运商10,东莞,WH-05,2026-01-08T01:50:00+08:00,2026-01-09T01:50:00+08:00,24,delivered,CG000000002531,49775.14,2026-06-15T05:14:00+08:00
SHP-0002532,PO-202508-001001,SUP-027,sea,承运商11,上海,WH-05,2025-08-16T04:35:00+08:00,2025-08-16T04:35:00+08:00,0,delayed,CG000000002532,14389.61,2026-06-14T08:26:00+08:00
SHP-0002533,PO-202603-001701,SUP-005,air,承运商20,苏州,WH-04,2026-03-21T17:50:00+08:00,2026-03-21T17:50:00+08:00,0,delayed,CG000000002533,128933.08,2026-06-14T17:21:00+08:00
SHP-0002534,PO-202601-001277,SUP-018,sea,承运商08,杭州,WH-03,2026-01-24T05:27:00+08:00,2026-01-24T05:27:00+08:00,0,customs_hold,CG000000002534,37960.68,2026-06-14T21:59:00+08:00
SHP-0002535,PO-202507-001306,SUP-036,sea,承运商24,武汉,WH-01,2025-07-21T07:51:00+08:00,2025-07-21T07:51:00+08:00,0,delivered,CG000000002535,25754.57,2026-06-14T12:19:00+08:00
SHP-0002536,PO-202510-000528,SUP-027,sea,承运商21,青岛,WH-03,2025-10-12T17:22:00+08:00,2025-10-13T17:22:00+08:00,24,in_transit,CG000000002536,42694.73,2026-06-15T01:36:00+08:00
SHP-0002537,PO-202511-001542,SUP-031,sea,承运商02,合肥,WH-03,2025-11-16T02:40:00+08:00,2025-11-17T02:40:00+08:00,24,delayed,CG000000002537,49580.47,2026-06-14T10:20:00+08:00
SHP-0002538,PO-202604-000627,SUP-059,road,承运商08,合肥,WH-01,2026-04-13T11:14:00+08:00,2026-04-15T11:14:00+08:00,48,customs_hold,CG000000002538,3797.25,2026-06-14T09:05:00+08:00
SHP-0002539,PO-202512-001370,SUP-028,road,承运商07,杭州,WH-04,2025-12-11T11:05:00+08:00,2025-12-11T11:05:00+08:00,0,delivered,CG000000002539,66416.23,2026-06-15T02:53:00+08:00
SHP-0002540,PO-202512-000580,SUP-050,air,承运商14,东莞,WH-03,2026-01-07T13:00:00+08:00,2026-01-08T01:00:00+08:00,12,in_transit,CG000000002540,138051.68,2026-06-14T19:45:00+08:00
SHP-0002541,PO-202510-000303,SUP-056,road,承运商10,合肥,WH-05,2025-10-15T03:59:00+08:00,2025-10-15T09:59:00+08:00,6,delayed,CG000000002541,43788.93,2026-06-14T21:11:00+08:00
SHP-0002542,PO-202510-001578,SUP-016,road,承运商21,天津,WH-04,2025-10-16T21:47:00+08:00,2025-10-16T21:47:00+08:00,0,delivered,CG000000002542,22154.64,2026-06-14T22:50:00+08:00
SHP-0002543,PO-202603-001554,SUP-030,rail,承运商07,苏州,WH-05,2026-03-16T14:04:00+08:00,2026-03-16T14:04:00+08:00,0,delivered,CG000000002543,42956.78,2026-06-14T09:01:00+08:00
SHP-0002544,PO-202603-000954,SUP-016,sea,承运商17,杭州,WH-03,2026-03-15T04:29:00+08:00,2026-03-18T04:29:00+08:00,72,delivered,CG000000002544,2007.49,2026-06-14T08:05:00+08:00
SHP-0002545,PO-202508-000990,SUP-026,road,承运商17,上海,WH-03,2025-08-19T18:53:00+08:00,2025-08-20T00:53:00+08:00,6,delayed,CG000000002545,36840.73,2026-06-14T17:01:00+08:00
SHP-0002546,PO-202601-001049,SUP-004,road,承运商22,合肥,WH-02,2026-01-06T03:03:00+08:00,2026-01-06T03:03:00+08:00,0,in_transit,CG000000002546,46822.98,2026-06-14T15:27:00+08:00
SHP-0002547,PO-202510-001426,SUP-058,road,承运商01,青岛,WH-06,2025-11-01T13:01:00+08:00,2025-11-01T13:01:00+08:00,0,delivered,CG000000002547,24471.88,2026-06-14T13:15:00+08:00
SHP-0002548,PO-202507-000391,SUP-056,sea,承运商14,上海,WH-03,2025-07-17T20:41:00+08:00,2025-07-17T20:41:00+08:00,0,in_transit,CG000000002548,53525.13,2026-06-14T12:36:00+08:00
SHP-0002549,PO-202511-000392,SUP-055,air,承运商04,苏州,WH-04,2025-11-16T17:06:00+08:00,2025-11-17T17:06:00+08:00,24,in_transit,CG000000002549,82163.17,2026-06-15T01:38:00+08:00
SHP-0002550,PO-202511-001500,SUP-028,road,承运商19,合肥,WH-03,2025-11-16T20:37:00+08:00,2025-11-17T20:37:00+08:00,24,delivered,CG000000002550,45646.51,2026-06-14T10:53:00+08:00
SHP-0002551,PO-202603-000405,SUP-054,sea,承运商21,杭州,WH-04,2026-03-19T07:12:00+08:00,2026-03-19T19:12:00+08:00,12,delivered,CG000000002551,45953.38,2026-06-14T22:57:00+08:00
SHP-0002552,PO-202508-001323,SUP-021,road,承运商04,东莞,WH-06,2025-08-14T02:30:00+08:00,2025-08-14T02:30:00+08:00,0,in_transit,CG000000002552,66429.83,2026-06-14T19:49:00+08:00
SHP-0002553,PO-202510-000324,SUP-012,sea,承运商17,武汉,WH-01,2025-10-27T16:24:00+08:00,2025-10-28T16:24:00+08:00,24,delivered,CG000000002553,61328.58,2026-06-15T02:08:00+08:00
SHP-0002554,PO-202511-000047,SUP-032,rail,承运商22,天津,WH-03,2025-11-17T15:05:00+08:00,2025-11-17T21:05:00+08:00,6,delayed,CG000000002554,43654.77,2026-06-15T00:24:00+08:00
SHP-0002555,PO-202603-000325,SUP-022,rail,承运商18,合肥,WH-05,2026-04-01T00:31:00+08:00,2026-04-03T00:31:00+08:00,48,delivered,CG000000002555,40951.63,2026-06-14T14:30:00+08:00
SHP-0002556,PO-202511-001252,SUP-037,air,承运商19,杭州,WH-01,2025-11-19T20:52:00+08:00,2025-11-21T20:52:00+08:00,48,delivered,CG000000002556,13165.2,2026-06-15T02:03:00+08:00
SHP-0002557,PO-202507-001545,SUP-050,sea,承运商17,苏州,WH-06,2025-08-06T09:19:00+08:00,2025-08-06T21:19:00+08:00,12,in_transit,CG000000002557,49323.42,2026-06-14T19:54:00+08:00
SHP-0002558,PO-202605-001739,SUP-036,rail,承运商02,上海,WH-05,2026-05-10T19:46:00+08:00,2026-05-11T01:46:00+08:00,6,in_transit,CG000000002558,40931.61,2026-06-14T22:53:00+08:00
SHP-0002559,PO-202606-000593,SUP-047,air,承运商21,东莞,WH-02,2026-06-08T07:16:00+08:00,2026-06-08T13:16:00+08:00,6,delivered,CG000000002559,27397.85,2026-06-14T08:28:00+08:00
SHP-0002560,PO-202605-000890,SUP-056,rail,承运商20,苏州,WH-05,2026-05-30T18:32:00+08:00,2026-05-30T18:32:00+08:00,0,in_transit,CG000000002560,35940.25,2026-06-14T16:25:00+08:00
SHP-0002561,PO-202512-000213,SUP-038,sea,承运商15,苏州,WH-04,2025-12-23T01:19:00+08:00,2025-12-23T01:19:00+08:00,0,delayed,CG000000002561,7802.98,2026-06-15T03:02:00+08:00
SHP-0002562,PO-202605-001081,SUP-007,road,承运商04,青岛,WH-04,2026-06-03T14:50:00+08:00,2026-06-03T14:50:00+08:00,0,delayed,CG000000002562,37681.04,2026-06-15T00:03:00+08:00
SHP-0002563,PO-202507-000527,SUP-010,rail,承运商10,上海,WH-03,2025-07-18T08:49:00+08:00,2025-07-18T14:49:00+08:00,6,in_transit,CG000000002563,26524.95,2026-06-15T04:54:00+08:00
SHP-0002564,PO-202511-000082,SUP-010,road,承运商18,上海,WH-05,2025-12-01T00:42:00+08:00,2025-12-01T06:42:00+08:00,6,delivered,CG000000002564,21555.71,2026-06-14T14:06:00+08:00
SHP-0002565,PO-202509-001673,SUP-026,rail,承运商15,天津,WH-06,2025-09-15T21:21:00+08:00,2025-09-17T21:21:00+08:00,48,in_transit,CG000000002565,66514.14,2026-06-14T22:57:00+08:00
SHP-0002566,PO-202511-001719,SUP-060,sea,承运商14,天津,WH-02,2025-11-19T13:54:00+08:00,2025-11-20T13:54:00+08:00,24,delivered,CG000000002566,27275.95,2026-06-15T02:12:00+08:00
SHP-0002567,PO-202510-001256,SUP-012,rail,承运商20,苏州,WH-05,2025-10-08T07:00:00+08:00,2025-10-08T07:00:00+08:00,0,delivered,CG000000002567,32214.27,2026-06-15T01:39:00+08:00
SHP-0002568,PO-202510-001616,SUP-041,air,承运商04,武汉,WH-01,2025-10-28T11:57:00+08:00,2025-10-28T11:57:00+08:00,0,in_transit,CG000000002568,6470.03,2026-06-15T05:47:00+08:00
SHP-0002569,PO-202603-001790,SUP-039,rail,承运商17,上海,WH-03,2026-04-03T13:54:00+08:00,2026-04-03T13:54:00+08:00,0,in_transit,CG000000002569,64505.07,2026-06-14T13:22:00+08:00
SHP-0002570,PO-202510-000321,SUP-013,road,承运商24,上海,WH-01,2025-10-28T23:31:00+08:00,2025-10-28T23:31:00+08:00,0,delivered,CG000000002570,1730.3,2026-06-15T01:35:00+08:00
SHP-0002571,PO-202510-000883,SUP-021,road,承运商02,上海,WH-06,2025-10-22T10:09:00+08:00,2025-10-23T10:09:00+08:00,24,in_transit,CG000000002571,24888.44,2026-06-14T21:33:00+08:00
SHP-0002572,PO-202510-000843,SUP-015,road,承运商03,宁波,WH-03,2025-10-23T08:47:00+08:00,2025-10-24T08:47:00+08:00,24,in_transit,CG000000002572,63686.23,2026-06-15T03:08:00+08:00
SHP-0002573,PO-202604-000062,SUP-046,rail,承运商22,东莞,WH-03,2026-04-18T22:59:00+08:00,2026-04-19T22:59:00+08:00,24,customs_hold,CG000000002573,66122.58,2026-06-15T04:51:00+08:00
SHP-0002574,PO-202511-001718,SUP-016,road,承运商08,成都,WH-06,2025-11-15T16:58:00+08:00,2025-11-16T16:58:00+08:00,24,delayed,CG000000002574,35964.43,2026-06-14T11:08:00+08:00
SHP-0002575,PO-202512-001230,SUP-010,road,承运商13,上海,WH-04,2025-12-27T04:51:00+08:00,2025-12-29T04:51:00+08:00,48,in_transit,CG000000002575,52710.23,2026-06-14T23:05:00+08:00
SHP-0002576,PO-202604-000610,SUP-040,road,承运商19,上海,WH-02,2026-04-30T02:45:00+08:00,2026-04-30T14:45:00+08:00,12,in_transit,CG000000002576,62804.83,2026-06-14T20:26:00+08:00
SHP-0002577,PO-202512-001316,SUP-044,road,承运商12,杭州,WH-06,2025-12-30T17:17:00+08:00,2025-12-30T17:17:00+08:00,0,blocked,CG000000002577,7910.74,2026-06-15T02:10:00+08:00
SHP-0002578,PO-202508-001114,SUP-021,air,承运商05,武汉,WH-05,2025-08-14T10:37:00+08:00,2025-08-14T10:37:00+08:00,0,in_transit,CG000000002578,140752.13,2026-06-15T07:21:00+08:00
SHP-0002579,PO-202509-001154,SUP-022,sea,承运商24,杭州,WH-02,2025-09-24T23:21:00+08:00,2025-09-25T05:21:00+08:00,6,in_transit,CG000000002579,6930.34,2026-06-15T00:26:00+08:00
SHP-0002580,PO-202601-001051,SUP-058,road,承运商15,武汉,WH-02,2026-01-29T18:13:00+08:00,2026-01-29T18:13:00+08:00,0,delivered,CG000000002580,45135.59,2026-06-14T17:03:00+08:00
SHP-0002581,PO-202512-000147,SUP-027,road,承运商09,苏州,WH-02,2025-12-08T20:27:00+08:00,2025-12-08T20:27:00+08:00,0,delayed,CG000000002581,38701.52,2026-06-15T03:09:00+08:00
SHP-0002582,PO-202603-000100,SUP-038,road,承运商24,苏州,WH-03,2026-04-07T15:52:00+08:00,2026-04-07T21:52:00+08:00,6,in_transit,CG000000002582,33635.54,2026-06-15T02:42:00+08:00
SHP-0002583,PO-202508-000916,SUP-028,road,承运商24,杭州,WH-01,2025-08-27T18:07:00+08:00,2025-08-29T18:07:00+08:00,48,delivered,CG000000002583,31195.73,2026-06-15T03:08:00+08:00
SHP-0002584,PO-202512-000375,SUP-002,sea,承运商15,宁波,WH-02,2025-12-27T09:30:00+08:00,2025-12-27T09:30:00+08:00,0,delivered,CG000000002584,21575.18,2026-06-15T00:44:00+08:00
SHP-0002585,PO-202605-001614,SUP-005,sea,承运商10,东莞,WH-05,2026-05-02T23:04:00+08:00,2026-05-03T05:04:00+08:00,6,delivered,CG000000002585,15664.37,2026-06-14T11:16:00+08:00
SHP-0002586,PO-202506-000813,SUP-023,air,承运商12,合肥,WH-01,2025-07-03T07:09:00+08:00,2025-07-05T07:09:00+08:00,48,in_transit,CG000000002586,107033.68,2026-06-14T13:33:00+08:00
SHP-0002587,PO-202506-000937,SUP-005,road,承运商05,上海,WH-05,2025-07-02T07:58:00+08:00,2025-07-03T07:58:00+08:00,24,customs_hold,CG000000002587,61443.35,2026-06-14T21:54:00+08:00
SHP-0002588,PO-202510-000045,SUP-036,air,承运商01,武汉,WH-02,2025-10-12T11:04:00+08:00,2025-10-12T11:04:00+08:00,0,delivered,CG000000002588,81897.16,2026-06-14T19:30:00+08:00
SHP-0002589,PO-202508-000916,SUP-028,road,承运商11,上海,WH-03,2025-08-27T18:07:00+08:00,2025-08-27T18:07:00+08:00,0,in_transit,CG000000002589,40495.21,2026-06-14T21:33:00+08:00
SHP-0002590,PO-202509-000475,SUP-052,road,承运商21,东莞,WH-03,2025-09-18T09:29:00+08:00,2025-09-18T09:29:00+08:00,0,delivered,CG000000002590,18556.99,2026-06-14T21:29:00+08:00
SHP-0002591,PO-202510-000851,SUP-039,road,承运商15,苏州,WH-05,2025-10-25T04:39:00+08:00,2025-10-26T04:39:00+08:00,24,in_transit,CG000000002591,2967.97,2026-06-15T00:17:00+08:00
SHP-0002592,PO-202507-000113,SUP-010,road,承运商04,苏州,WH-04,2025-08-06T02:08:00+08:00,2025-08-06T02:08:00+08:00,0,in_transit,CG000000002592,51271.51,2026-06-15T04:55:00+08:00
SHP-0002593,PO-202602-001061,SUP-041,sea,承运商12,东莞,WH-05,2026-02-05T09:10:00+08:00,2026-02-05T21:10:00+08:00,12,in_transit,CG000000002593,17871.03,2026-06-14T22:22:00+08:00
SHP-0002594,PO-202604-000984,SUP-039,sea,承运商17,东莞,WH-06,2026-04-14T01:33:00+08:00,2026-04-14T01:33:00+08:00,0,delayed,CG000000002594,6547.56,2026-06-14T22:58:00+08:00
SHP-0002595,PO-202508-001417,SUP-005,air,承运商10,宁波,WH-02,2025-08-26T00:34:00+08:00,2025-08-28T00:34:00+08:00,48,delivered,CG000000002595,31174.52,2026-06-15T01:41:00+08:00
SHP-0002596,PO-202601-000922,SUP-052,road,承运商02,苏州,WH-02,2026-01-23T23:11:00+08:00,2026-01-23T23:11:00+08:00,0,in_transit,CG000000002596,52593.35,2026-06-14T09:02:00+08:00
SHP-0002597,PO-202601-000093,SUP-031,sea,承运商18,东莞,WH-01,2026-01-12T06:41:00+08:00,2026-01-12T12:41:00+08:00,6,delayed,CG000000002597,3469.0,2026-06-15T05:43:00+08:00
SHP-0002598,PO-202510-000883,SUP-021,road,承运商12,苏州,WH-01,2025-10-22T10:09:00+08:00,2025-10-24T10:09:00+08:00,48,delayed,CG000000002598,44873.21,2026-06-14T11:08:00+08:00
SHP-0002599,PO-202602-000512,SUP-053,air,承运商01,武汉,WH-04,2026-02-12T00:24:00+08:00,2026-02-12T00:24:00+08:00,0,in_transit,CG000000002599,102180.37,2026-06-14T22:39:00+08:00
SHP-0002600,PO-202509-000475,SUP-052,air,承运商03,天津,WH-04,2025-09-18T09:29:00+08:00,2025-09-18T09:29:00+08:00,0,customs_hold,CG000000002600,5818.47,2026-06-14T14:21:00+08:00
SHP-0002601,PO-202601-001519,SUP-043,road,承运商17,成都,WH-01,2026-01-17T08:28:00+08:00,2026-01-17T08:28:00+08:00,0,delivered,CG000000002601,9229.63,2026-06-15T07:50:00+08:00
SHP-0002602,PO-202507-000141,SUP-023,road,承运商22,苏州,WH-01,2025-07-23T00:11:00+08:00,2025-07-23T06:11:00+08:00,6,in_transit,CG000000002602,53210.62,2026-06-15T01:53:00+08:00
SHP-0002603,PO-202511-000950,SUP-020,road,承运商24,成都,WH-05,2025-11-30T20:01:00+08:00,2025-11-30T20:01:00+08:00,0,in_transit,CG000000002603,10401.27,2026-06-14T21:01:00+08:00
SHP-0002604,PO-202507-001596,SUP-013,air,承运商23,东莞,WH-06,2025-07-31T11:19:00+08:00,2025-08-02T11:19:00+08:00,48,delivered,CG000000002604,17914.92,2026-06-14T16:40:00+08:00
SHP-0002605,PO-202510-001441,SUP-012,road,承运商11,青岛,WH-04,2025-11-03T05:12:00+08:00,2025-11-03T05:12:00+08:00,0,in_transit,CG000000002605,24331.27,2026-06-14T18:52:00+08:00
SHP-0002606,PO-202509-000058,SUP-045,sea,承运商22,合肥,WH-03,2025-09-28T04:17:00+08:00,2025-09-28T16:17:00+08:00,12,delayed,CG000000002606,13186.75,2026-06-14T12:07:00+08:00
SHP-0002607,PO-202508-001799,SUP-048,road,承运商09,上海,WH-03,2025-08-13T09:39:00+08:00,2025-08-13T09:39:00+08:00,0,delivered,CG000000002607,22957.4,2026-06-15T06:47:00+08:00
SHP-0002608,PO-202510-001578,SUP-016,road,承运商23,武汉,WH-02,2025-10-16T21:47:00+08:00,2025-10-16T21:47:00+08:00,0,delayed,CG000000002608,42976.64,2026-06-14T16:10:00+08:00
SHP-0002609,PO-202601-000847,SUP-032,sea,承运商03,上海,WH-05,2026-02-04T01:51:00+08:00,2026-02-04T13:51:00+08:00,12,delivered,CG000000002609,6712.74,2026-06-14T23:33:00+08:00
SHP-0002610,PO-202604-000241,SUP-026,road,承运商01,杭州,WH-02,2026-04-18T21:17:00+08:00,2026-04-18T21:17:00+08:00,0,delivered,CG000000002610,44864.6,2026-06-14T12:03:00+08:00
SHP-0002611,PO-202603-001444,SUP-024,road,承运商21,上海,WH-06,2026-03-08T03:43:00+08:00,2026-03-08T03:43:00+08:00,0,delayed,CG000000002611,66229.9,2026-06-15T00:39:00+08:00
SHP-0002612,PO-202506-001160,SUP-009,sea,承运商04,合肥,WH-05,2025-06-24T19:39:00+08:00,2025-06-25T01:39:00+08:00,6,in_transit,CG000000002612,50119.08,2026-06-14T23:21:00+08:00
SHP-0002613,PO-202506-001176,SUP-046,sea,承运商23,成都,WH-03,2025-06-30T09:59:00+08:00,2025-06-30T09:59:00+08:00,0,delivered,CG000000002613,21463.02,2026-06-14T17:44:00+08:00
SHP-0002614,PO-202508-000820,SUP-022,road,承运商10,上海,WH-02,2025-08-09T15:31:00+08:00,2025-08-09T15:31:00+08:00,0,in_transit,CG000000002614,28652.43,2026-06-14T21:54:00+08:00
SHP-0002615,PO-202602-001594,SUP-003,road,承运商12,东莞,WH-03,2026-03-01T02:03:00+08:00,2026-03-01T02:03:00+08:00,0,delayed,CG000000002615,4468.4,2026-06-15T06:31:00+08:00
SHP-0002616,PO-202512-000864,SUP-052,road,承运商11,天津,WH-02,2025-12-11T18:56:00+08:00,2025-12-12T18:56:00+08:00,24,in_transit,CG000000002616,43233.17,2026-06-14T17:12:00+08:00
SHP-0002617,PO-202605-000677,SUP-025,sea,承运商15,武汉,WH-05,2026-05-11T04:36:00+08:00,2026-05-11T04:36:00+08:00,0,delivered,CG000000002617,4012.83,2026-06-15T04:34:00+08:00
SHP-0002618,PO-202602-001308,SUP-038,sea,承运商19,杭州,WH-06,2026-02-18T17:32:00+08:00,2026-02-18T17:32:00+08:00,0,in_transit,CG000000002618,26290.75,2026-06-14T09:39:00+08:00
SHP-0002619,PO-202604-000454,SUP-046,road,承运商21,合肥,WH-04,2026-04-11T01:11:00+08:00,2026-04-11T07:11:00+08:00,6,delayed,CG000000002619,48042.16,2026-06-15T00:14:00+08:00
SHP-0002620,PO-202507-000025,SUP-017,rail,承运商12,武汉,WH-02,2025-07-06T18:12:00+08:00,2025-07-06T18:12:00+08:00,0,delayed,CG000000002620,2126.01,2026-06-14T11:15:00+08:00
SHP-0002621,PO-202510-000645,SUP-001,road,承运商01,杭州,WH-06,2025-10-19T11:00:00+08:00,2025-10-20T11:00:00+08:00,24,delivered,CG000000002621,32055.53,2026-06-14T22:27:00+08:00
SHP-0002622,PO-202606-001066,SUP-049,sea,承运商24,合肥,WH-03,2026-06-04T05:57:00+08:00,2026-06-04T05:57:00+08:00,0,customs_hold,CG000000002622,58066.14,2026-06-14T16:14:00+08:00
SHP-0002623,PO-202511-001719,SUP-060,rail,承运商04,合肥,WH-01,2025-11-19T13:54:00+08:00,2025-11-19T19:54:00+08:00,6,in_transit,CG000000002623,65954.96,2026-06-14T12:36:00+08:00
SHP-0002624,PO-202605-000995,SUP-053,road,承运商10,苏州,WH-06,2026-05-05T03:07:00+08:00,2026-05-06T03:07:00+08:00,24,delayed,CG000000002624,46011.23,2026-06-14T13:42:00+08:00
SHP-0002625,PO-202510-000724,SUP-011,rail,承运商08,成都,WH-03,2025-10-26T01:52:00+08:00,2025-10-26T07:52:00+08:00,6,delayed,CG000000002625,49695.62,2026-06-14T17:35:00+08:00
SHP-0002626,PO-202604-001166,SUP-051,air,承运商01,青岛,WH-02,2026-05-01T23:34:00+08:00,2026-05-02T05:34:00+08:00,6,delivered,CG000000002626,134210.06,2026-06-14T17:41:00+08:00
SHP-0002627,PO-202604-000943,SUP-017,rail,承运商22,天津,WH-03,2026-04-24T04:22:00+08:00,2026-04-24T04:22:00+08:00,0,delayed,CG000000002627,1843.51,2026-06-14T10:51:00+08:00
SHP-0002628,PO-202506-000699,SUP-060,road,承运商16,天津,WH-02,2025-06-22T19:58:00+08:00,2025-06-22T19:58:00+08:00,0,delivered,CG000000002628,61588.58,2026-06-14T18:36:00+08:00
SHP-0002629,PO-202604-001073,SUP-029,air,承运商18,苏州,WH-04,2026-04-20T07:10:00+08:00,2026-04-20T13:10:00+08:00,6,delayed,CG000000002629,62747.05,2026-06-14T09:11:00+08:00
SHP-0002630,PO-202601-001519,SUP-043,road,承运商02,杭州,WH-04,2026-01-17T08:28:00+08:00,2026-01-17T08:28:00+08:00,0,in_transit,CG000000002630,10315.57,2026-06-14T21:39:00+08:00
SHP-0002631,PO-202509-000595,SUP-003,road,承运商19,武汉,WH-03,2025-09-07T23:26:00+08:00,2025-09-07T23:26:00+08:00,0,delivered,CG000000002631,22379.15,2026-06-14T09:15:00+08:00
SHP-0002632,PO-202605-001431,SUP-001,road,承运商09,青岛,WH-04,2026-05-27T12:29:00+08:00,2026-05-27T12:29:00+08:00,0,in_transit,CG000000002632,29454.15,2026-06-14T21:17:00+08:00
SHP-0002633,PO-202507-000025,SUP-017,road,承运商07,上海,WH-06,2025-07-06T18:12:00+08:00,2025-07-06T18:12:00+08:00,0,in_transit,CG000000002633,35608.94,2026-06-14T16:21:00+08:00
SHP-0002634,PO-202605-000252,SUP-053,road,承运商03,苏州,WH-04,2026-05-09T06:15:00+08:00,2026-05-09T06:15:00+08:00,0,customs_hold,CG000000002634,34519.87,2026-06-15T07:39:00+08:00
SHP-0002635,PO-202605-000307,SUP-033,road,承运商15,宁波,WH-06,2026-05-24T08:37:00+08:00,2026-05-24T08:37:00+08:00,0,in_transit,CG000000002635,26658.06,2026-06-14T18:41:00+08:00
SHP-0002636,PO-202509-000608,SUP-029,road,承运商11,宁波,WH-02,2025-09-11T05:42:00+08:00,2025-09-13T05:42:00+08:00,48,in_transit,CG000000002636,45842.8,2026-06-14T09:17:00+08:00
SHP-0002637,PO-202602-000056,SUP-025,rail,承运商06,宁波,WH-06,2026-03-05T02:32:00+08:00,2026-03-08T02:32:00+08:00,72,in_transit,CG000000002637,30076.13,2026-06-14T19:39:00+08:00
SHP-0002638,PO-202510-001504,SUP-025,road,承运商06,天津,WH-06,2025-11-04T00:17:00+08:00,2025-11-04T00:17:00+08:00,0,in_transit,CG000000002638,37007.39,2026-06-14T08:08:00+08:00
SHP-0002639,PO-202512-001333,SUP-058,road,承运商21,上海,WH-03,2025-12-17T22:20:00+08:00,2025-12-18T04:20:00+08:00,6,delivered,CG000000002639,20656.43,2026-06-14T09:05:00+08:00
SHP-0002640,PO-202604-001725,SUP-038,air,承运商23,宁波,WH-06,2026-05-02T21:16:00+08:00,2026-05-02T21:16:00+08:00,0,delivered,CG000000002640,8958.51,2026-06-14T22:09:00+08:00
SHP-0002641,PO-202601-000244,SUP-002,road,承运商17,武汉,WH-06,2026-01-31T22:42:00+08:00,2026-02-01T04:42:00+08:00,6,in_transit,CG000000002641,32204.91,2026-06-15T00:13:00+08:00
SHP-0002642,PO-202605-000219,SUP-038,sea,承运商08,杭州,WH-03,2026-05-05T01:33:00+08:00,2026-05-05T01:33:00+08:00,0,in_transit,CG000000002642,39011.77,2026-06-15T01:57:00+08:00
SHP-0002643,PO-202601-000709,SUP-010,road,承运商15,武汉,WH-01,2026-01-22T00:03:00+08:00,2026-01-22T00:03:00+08:00,0,in_transit,CG000000002643,27592.29,2026-06-14T08:59:00+08:00
SHP-0002644,PO-202510-000856,SUP-026,air,承运商24,武汉,WH-05,2025-10-28T08:52:00+08:00,2025-10-28T14:52:00+08:00,6,delayed,CG000000002644,150284.81,2026-06-14T17:29:00+08:00
SHP-0002645,PO-202507-001571,SUP-016,sea,承运商05,苏州,WH-06,2025-07-15T04:54:00+08:00,2025-07-16T04:54:00+08:00,24,in_transit,CG000000002645,51027.86,2026-06-14T21:04:00+08:00
SHP-0002646,PO-202511-000651,SUP-037,road,承运商09,成都,WH-01,2025-12-02T02:44:00+08:00,2025-12-02T08:44:00+08:00,6,customs_hold,CG000000002646,53899.3,2026-06-14T15:00:00+08:00
SHP-0002647,PO-202602-001645,SUP-042,road,承运商16,成都,WH-06,2026-02-03T04:56:00+08:00,2026-02-03T04:56:00+08:00,0,in_transit,CG000000002647,3973.55,2026-06-15T02:11:00+08:00
SHP-0002648,PO-202508-000521,SUP-048,road,承运商18,合肥,WH-01,2025-08-06T14:43:00+08:00,2025-08-06T14:43:00+08:00,0,delayed,CG000000002648,14826.45,2026-06-14T19:58:00+08:00
SHP-0002649,PO-202601-001516,SUP-051,road,承运商01,成都,WH-04,2026-02-04T16:21:00+08:00,2026-02-04T16:21:00+08:00,0,in_transit,CG000000002649,63836.34,2026-06-14T23:40:00+08:00
SHP-0002650,PO-202601-000449,SUP-051,air,承运商02,青岛,WH-06,2026-01-08T22:45:00+08:00,2026-01-08T22:45:00+08:00,0,delayed,CG000000002650,134537.45,2026-06-15T00:54:00+08:00
SHP-0002651,PO-202511-001252,SUP-037,rail,承运商06,东莞,WH-04,2025-11-19T20:52:00+08:00,2025-11-19T20:52:00+08:00,0,delivered,CG000000002651,58081.81,2026-06-15T06:46:00+08:00
SHP-0002652,PO-202507-001591,SUP-001,air,承运商18,上海,WH-03,2025-07-14T14:10:00+08:00,2025-07-14T14:10:00+08:00,0,in_transit,CG000000002652,107061.23,2026-06-15T04:50:00+08:00
SHP-0002653,PO-202604-001195,SUP-009,road,承运商15,东莞,WH-03,2026-04-30T18:07:00+08:00,2026-04-30T18:07:00+08:00,0,blocked,CG000000002653,3759.76,2026-06-14T15:33:00+08:00
SHP-0002654,PO-202509-000643,SUP-041,road,承运商05,杭州,WH-03,2025-09-23T05:02:00+08:00,2025-09-23T05:02:00+08:00,0,delayed,CG000000002654,1380.39,2026-06-15T03:56:00+08:00
SHP-0002655,PO-202602-000512,SUP-053,road,承运商16,宁波,WH-04,2026-02-12T00:24:00+08:00,2026-02-12T00:24:00+08:00,0,blocked,CG000000002655,40620.59,2026-06-15T03:56:00+08:00
SHP-0002656,PO-202511-000011,SUP-049,road,承运商20,天津,WH-05,2025-11-22T05:45:00+08:00,2025-11-22T05:45:00+08:00,0,delivered,CG000000002656,42322.1,2026-06-14T10:30:00+08:00
SHP-0002657,PO-202510-001566,SUP-018,road,承运商08,武汉,WH-02,2025-10-12T21:02:00+08:00,2025-10-13T09:02:00+08:00,12,delivered,CG000000002657,6834.89,2026-06-15T07:39:00+08:00
SHP-0002658,PO-202603-001401,SUP-017,rail,承运商18,宁波,WH-04,2026-03-25T06:27:00+08:00,2026-03-27T06:27:00+08:00,48,delivered,CG000000002658,4007.21,2026-06-14T23:02:00+08:00
SHP-0002659,PO-202605-000677,SUP-025,road,承运商18,苏州,WH-04,2026-05-11T04:36:00+08:00,2026-05-13T04:36:00+08:00,48,delayed,CG000000002659,18069.82,2026-06-15T03:51:00+08:00
SHP-0002660,PO-202601-000887,SUP-039,sea,承运商21,杭州,WH-01,2026-01-14T15:16:00+08:00,2026-01-14T15:16:00+08:00,0,delayed,CG000000002660,32549.37,2026-06-14T13:51:00+08:00
SHP-0002661,PO-202603-000178,SUP-045,road,承运商08,杭州,WH-06,2026-03-20T20:46:00+08:00,2026-03-20T20:46:00+08:00,0,delayed,CG000000002661,35701.65,2026-06-14T18:56:00+08:00
SHP-0002662,PO-202506-001232,SUP-049,road,承运商15,杭州,WH-06,2025-06-29T09:12:00+08:00,2025-06-29T15:12:00+08:00,6,in_transit,CG000000002662,41963.89,2026-06-15T03:36:00+08:00
SHP-0002663,PO-202601-001537,SUP-007,sea,承运商11,青岛,WH-05,2026-01-08T12:08:00+08:00,2026-01-11T12:08:00+08:00,72,blocked,CG000000002663,46905.07,2026-06-15T06:30:00+08:00
SHP-0002664,PO-202512-001483,SUP-028,road,承运商20,青岛,WH-05,2025-12-27T00:22:00+08:00,2025-12-27T00:22:00+08:00,0,delayed,CG000000002664,51193.23,2026-06-14T10:51:00+08:00
SHP-0002665,PO-202509-001339,SUP-021,road,承运商11,武汉,WH-05,2025-09-24T18:25:00+08:00,2025-09-24T18:25:00+08:00,0,delivered,CG000000002665,16911.76,2026-06-14T16:25:00+08:00
SHP-0002666,PO-202508-000874,SUP-058,road,承运商07,苏州,WH-02,2025-08-23T16:21:00+08:00,2025-08-24T04:21:00+08:00,12,customs_hold,CG000000002666,63640.61,2026-06-14T11:47:00+08:00
SHP-0002667,PO-202509-001786,SUP-048,road,承运商05,宁波,WH-04,2025-09-11T00:53:00+08:00,2025-09-11T00:53:00+08:00,0,delivered,CG000000002667,40165.51,2026-06-15T06:40:00+08:00
SHP-0002668,PO-202601-000621,SUP-021,road,承运商09,合肥,WH-05,2026-01-14T16:02:00+08:00,2026-01-14T16:02:00+08:00,0,delayed,CG000000002668,61421.75,2026-06-14T11:12:00+08:00
SHP-0002669,PO-202603-001554,SUP-030,road,承运商11,杭州,WH-02,2026-03-16T14:04:00+08:00,2026-03-16T14:04:00+08:00,0,in_transit,CG000000002669,35880.68,2026-06-15T07:39:00+08:00
SHP-0002670,PO-202509-000117,SUP-033,road,承运商03,宁波,WH-03,2025-09-21T11:05:00+08:00,2025-09-21T17:05:00+08:00,6,delivered,CG000000002670,33417.74,2026-06-14T22:54:00+08:00
SHP-0002671,PO-202509-000089,SUP-005,road,承运商06,苏州,WH-01,2025-09-04T16:54:00+08:00,2025-09-07T16:54:00+08:00,72,in_transit,CG000000002671,8365.83,2026-06-14T15:34:00+08:00
SHP-0002672,PO-202509-000783,SUP-026,air,承运商03,杭州,WH-06,2025-09-19T10:58:00+08:00,2025-09-19T10:58:00+08:00,0,delivered,CG000000002672,110892.83,2026-06-15T04:43:00+08:00
SHP-0002673,PO-202506-000384,SUP-007,air,承运商07,杭州,WH-04,2025-07-05T16:26:00+08:00,2025-07-06T04:26:00+08:00,12,in_transit,CG000000002673,79334.99,2026-06-14T23:06:00+08:00
SHP-0002674,PO-202507-001345,SUP-026,sea,承运商23,武汉,WH-01,2025-07-18T16:42:00+08:00,2025-07-20T16:42:00+08:00,48,delivered,CG000000002674,64140.81,2026-06-15T04:06:00+08:00
SHP-0002675,PO-202603-001000,SUP-056,road,承运商05,天津,WH-03,2026-03-26T08:55:00+08:00,2026-03-26T08:55:00+08:00,0,delivered,CG000000002675,16118.17,2026-06-14T21:31:00+08:00
SHP-0002676,PO-202509-001785,SUP-024,road,承运商02,苏州,WH-02,2025-10-03T23:26:00+08:00,2025-10-04T05:26:00+08:00,6,delayed,CG000000002676,43653.4,2026-06-14T17:24:00+08:00
SHP-0002677,PO-202512-000918,SUP-046,sea,承运商04,宁波,WH-01,2025-12-08T17:47:00+08:00,2025-12-08T17:47:00+08:00,0,delivered,CG000000002677,21408.27,2026-06-14T08:02:00+08:00
SHP-0002678,PO-202511-001481,SUP-026,sea,承运商15,宁波,WH-04,2025-11-16T03:21:00+08:00,2025-11-16T03:21:00+08:00,0,delivered,CG000000002678,54816.65,2026-06-14T16:05:00+08:00
SHP-0002679,PO-202509-000471,SUP-016,road,承运商03,宁波,WH-01,2025-09-06T23:40:00+08:00,2025-09-07T05:40:00+08:00,6,delivered,CG000000002679,58216.8,2026-06-14T22:19:00+08:00
SHP-0002680,PO-202510-000499,SUP-019,sea,承运商22,苏州,WH-02,2025-11-06T18:30:00+08:00,2025-11-07T00:30:00+08:00,6,delivered,CG000000002680,57058.78,2026-06-14T08:20:00+08:00
SHP-0002681,PO-202506-001094,SUP-016,air,承运商17,天津,WH-05,2025-06-26T17:25:00+08:00,2025-06-26T17:25:00+08:00,0,delivered,CG000000002681,140982.81,2026-06-14T20:12:00+08:00
SHP-0002682,PO-202510-000415,SUP-013,sea,承运商20,杭州,WH-06,2025-10-22T00:48:00+08:00,2025-10-22T00:48:00+08:00,0,delayed,CG000000002682,36026.4,2026-06-14T08:28:00+08:00
SHP-0002683,PO-202605-001621,SUP-030,road,承运商09,苏州,WH-04,2026-05-17T10:21:00+08:00,2026-05-17T22:21:00+08:00,12,delivered,CG000000002683,16210.25,2026-06-14T16:33:00+08:00
SHP-0002684,PO-202512-001416,SUP-023,road,承运商24,青岛,WH-01,2026-01-06T15:01:00+08:00,2026-01-07T15:01:00+08:00,24,delayed,CG000000002684,62208.44,2026-06-14T08:21:00+08:00
SHP-0002685,PO-202509-000201,SUP-018,air,承运商07,合肥,WH-05,2025-10-05T01:02:00+08:00,2025-10-05T01:02:00+08:00,0,in_transit,CG000000002685,149546.2,2026-06-14T15:49:00+08:00
SHP-0002686,PO-202511-000859,SUP-002,road,承运商24,上海,WH-04,2025-11-23T14:54:00+08:00,2025-11-23T14:54:00+08:00,0,delivered,CG000000002686,16528.03,2026-06-14T17:35:00+08:00
SHP-0002687,PO-202508-001001,SUP-027,sea,承运商17,天津,WH-02,2025-08-16T04:35:00+08:00,2025-08-16T04:35:00+08:00,0,delayed,CG000000002687,2998.91,2026-06-14T13:11:00+08:00
SHP-0002688,PO-202508-000827,SUP-042,road,承运商01,苏州,WH-02,2025-08-26T14:39:00+08:00,2025-08-26T14:39:00+08:00,0,delivered,CG000000002688,38045.19,2026-06-14T21:05:00+08:00
SHP-0002689,PO-202602-000278,SUP-012,air,承运商15,成都,WH-05,2026-02-20T06:14:00+08:00,2026-02-20T18:14:00+08:00,12,delivered,CG000000002689,42268.65,2026-06-15T05:23:00+08:00
SHP-0002690,PO-202510-000368,SUP-016,road,承运商09,东莞,WH-04,2025-10-31T06:51:00+08:00,2025-11-02T06:51:00+08:00,48,in_transit,CG000000002690,42877.26,2026-06-14T13:23:00+08:00
SHP-0002691,PO-202604-001349,SUP-012,road,承运商18,杭州,WH-02,2026-04-18T05:51:00+08:00,2026-04-18T17:51:00+08:00,12,delivered,CG000000002691,38451.25,2026-06-14T13:14:00+08:00
SHP-0002692,PO-202604-001434,SUP-019,road,承运商09,上海,WH-05,2026-04-13T02:22:00+08:00,2026-04-13T02:22:00+08:00,0,delivered,CG000000002692,66329.49,2026-06-14T11:09:00+08:00
SHP-0002693,PO-202511-000004,SUP-058,road,承运商10,杭州,WH-03,2025-11-06T10:03:00+08:00,2025-11-06T10:03:00+08:00,0,delivered,CG000000002693,14793.5,2026-06-14T17:17:00+08:00
SHP-0002694,PO-202507-001345,SUP-026,road,承运商16,天津,WH-03,2025-07-18T16:42:00+08:00,2025-07-18T16:42:00+08:00,0,delivered,CG000000002694,46141.89,2026-06-14T10:50:00+08:00
SHP-0002695,PO-202507-001517,SUP-057,sea,承运商03,上海,WH-05,2025-07-15T01:44:00+08:00,2025-07-16T01:44:00+08:00,24,delivered,CG000000002695,8654.38,2026-06-15T04:55:00+08:00
SHP-0002696,PO-202601-001467,SUP-010,rail,承运商08,宁波,WH-06,2026-01-17T08:50:00+08:00,2026-01-18T08:50:00+08:00,24,in_transit,CG000000002696,25940.39,2026-06-15T02:49:00+08:00
SHP-0002697,PO-202604-000337,SUP-057,road,承运商05,成都,WH-05,2026-04-22T09:53:00+08:00,2026-04-23T09:53:00+08:00,24,delivered,CG000000002697,55078.97,2026-06-14T12:32:00+08:00
SHP-0002698,PO-202510-000160,SUP-051,road,承运商19,合肥,WH-04,2025-10-26T11:23:00+08:00,2025-10-28T11:23:00+08:00,48,delivered,CG000000002698,4987.79,2026-06-14T14:40:00+08:00
SHP-0002699,PO-202603-001164,SUP-018,road,承运商11,武汉,WH-05,2026-03-28T07:41:00+08:00,2026-03-28T07:41:00+08:00,0,delivered,CG000000002699,48145.08,2026-06-15T03:18:00+08:00
SHP-0002700,PO-202603-001548,SUP-017,road,承运商04,青岛,WH-06,2026-03-07T22:41:00+08:00,2026-03-07T22:41:00+08:00,0,delivered,CG000000002700,16993.87,2026-06-15T05:08:00+08:00
SHP-0002701,PO-202605-001712,SUP-060,road,承运商15,宁波,WH-03,2026-05-15T23:28:00+08:00,2026-05-16T23:28:00+08:00,24,delivered,CG000000002701,57434.45,2026-06-14T23:21:00+08:00
SHP-0002702,PO-202510-001626,SUP-047,road,承运商06,合肥,WH-01,2025-10-12T13:48:00+08:00,2025-10-12T13:48:00+08:00,0,in_transit,CG000000002702,4356.79,2026-06-14T21:25:00+08:00
SHP-0002703,PO-202512-000501,SUP-034,sea,承运商17,成都,WH-04,2025-12-28T12:08:00+08:00,2025-12-28T12:08:00+08:00,0,in_transit,CG000000002703,9968.18,2026-06-15T06:06:00+08:00
SHP-0002704,PO-202510-001794,SUP-045,road,承运商13,宁波,WH-04,2025-10-13T01:47:00+08:00,2025-10-14T01:47:00+08:00,24,in_transit,CG000000002704,66786.49,2026-06-15T02:07:00+08:00
SHP-0002705,PO-202605-000972,SUP-034,rail,承运商24,苏州,WH-03,2026-05-14T10:30:00+08:00,2026-05-14T10:30:00+08:00,0,delivered,CG000000002705,37142.91,2026-06-14T23:32:00+08:00
SHP-0002706,PO-202509-000417,SUP-014,road,承运商02,武汉,WH-06,2025-09-18T03:58:00+08:00,2025-09-18T03:58:00+08:00,0,delivered,CG000000002706,23962.32,2026-06-14T20:19:00+08:00
SHP-0002707,PO-202510-000661,SUP-049,road,承运商07,成都,WH-04,2025-10-02T18:38:00+08:00,2025-10-03T18:38:00+08:00,24,in_transit,CG000000002707,44595.29,2026-06-14T20:02:00+08:00
SHP-0002708,PO-202604-000984,SUP-039,sea,承运商12,杭州,WH-01,2026-04-14T01:33:00+08:00,2026-04-14T01:33:00+08:00,0,delayed,CG000000002708,7049.18,2026-06-14T18:32:00+08:00
SHP-0002709,PO-202512-000054,SUP-045,road,承运商18,苏州,WH-04,2025-12-26T06:13:00+08:00,2025-12-27T06:13:00+08:00,24,delivered,CG000000002709,63488.77,2026-06-14T16:16:00+08:00
SHP-0002710,PO-202603-000233,SUP-002,sea,承运商22,天津,WH-04,2026-03-28T19:35:00+08:00,2026-03-29T01:35:00+08:00,6,delivered,CG000000002710,15669.12,2026-06-15T02:54:00+08:00
SHP-0002711,PO-202506-001539,SUP-045,sea,承运商15,合肥,WH-06,2025-07-03T20:17:00+08:00,2025-07-04T02:17:00+08:00,6,blocked,CG000000002711,35176.33,2026-06-15T00:45:00+08:00
SHP-0002712,PO-202512-001171,SUP-042,road,承运商12,杭州,WH-06,2025-12-11T14:57:00+08:00,2025-12-13T14:57:00+08:00,48,delivered,CG000000002712,16313.66,2026-06-15T05:19:00+08:00
SHP-0002713,PO-202606-001737,SUP-049,sea,承运商17,青岛,WH-04,2026-06-14T20:46:00+08:00,2026-06-16T20:46:00+08:00,48,delayed,CG000000002713,65433.84,2026-06-14T09:24:00+08:00
SHP-0002714,PO-202507-000657,SUP-041,road,承运商12,合肥,WH-03,2025-07-29T05:07:00+08:00,2025-07-29T05:07:00+08:00,0,delivered,CG000000002714,54691.99,2026-06-14T09:12:00+08:00
SHP-0002715,PO-202606-001742,SUP-035,road,承运商02,青岛,WH-06,2026-06-08T21:08:00+08:00,2026-06-08T21:08:00+08:00,0,in_transit,CG000000002715,13256.26,2026-06-14T13:10:00+08:00
SHP-0002716,PO-202604-001707,SUP-046,rail,承运商17,合肥,WH-06,2026-04-24T23:32:00+08:00,2026-04-24T23:32:00+08:00,0,delivered,CG000000002716,67111.16,2026-06-14T13:52:00+08:00
SHP-0002717,PO-202512-001121,SUP-002,road,承运商22,杭州,WH-05,2026-01-02T13:23:00+08:00,2026-01-02T13:23:00+08:00,0,delivered,CG000000002717,57385.23,2026-06-14T15:38:00+08:00
SHP-0002718,PO-202604-000138,SUP-001,sea,承运商19,苏州,WH-02,2026-04-14T08:35:00+08:00,2026-04-14T08:35:00+08:00,0,delivered,CG000000002718,22368.11,2026-06-14T19:45:00+08:00
SHP-0002719,PO-202511-001485,SUP-035,sea,承运商09,天津,WH-02,2025-11-16T11:51:00+08:00,2025-11-16T11:51:00+08:00,0,delivered,CG000000002719,8744.24,2026-06-14T19:52:00+08:00
SHP-0002720,PO-202510-001511,SUP-005,road,承运商01,杭州,WH-02,2025-10-31T16:45:00+08:00,2025-11-01T16:45:00+08:00,24,delivered,CG000000002720,4339.77,2026-06-14T22:22:00+08:00
SHP-0002721,PO-202605-000148,SUP-020,road,承运商10,苏州,WH-04,2026-05-13T05:03:00+08:00,2026-05-13T11:03:00+08:00,6,in_transit,CG000000002721,65575.82,2026-06-15T07:26:00+08:00
SHP-0002722,PO-202605-001621,SUP-030,rail,承运商14,上海,WH-01,2026-05-17T10:21:00+08:00,2026-05-17T22:21:00+08:00,12,delayed,CG000000002722,26233.92,2026-06-14T09:10:00+08:00
SHP-0002723,PO-202602-001098,SUP-034,rail,承运商17,宁波,WH-04,2026-02-26T06:45:00+08:00,2026-02-26T06:45:00+08:00,0,in_transit,CG000000002723,20413.46,2026-06-14T11:44:00+08:00
SHP-0002724,PO-202508-001503,SUP-010,rail,承运商11,杭州,WH-06,2025-08-08T04:27:00+08:00,2025-08-08T16:27:00+08:00,12,customs_hold,CG000000002724,38470.23,2026-06-15T03:53:00+08:00
SHP-0002725,PO-202604-000485,SUP-041,road,承运商17,成都,WH-03,2026-04-28T22:20:00+08:00,2026-04-28T22:20:00+08:00,0,delivered,CG000000002725,30242.84,2026-06-15T06:32:00+08:00
SHP-0002726,PO-202601-001495,SUP-045,road,承运商03,东莞,WH-06,2026-01-29T05:30:00+08:00,2026-01-31T05:30:00+08:00,48,in_transit,CG000000002726,26265.12,2026-06-14T11:33:00+08:00
SHP-0002727,PO-202507-000932,SUP-021,road,承运商13,苏州,WH-04,2025-08-01T16:39:00+08:00,2025-08-03T16:39:00+08:00,48,customs_hold,CG000000002727,10205.7,2026-06-14T15:58:00+08:00
SHP-0002728,PO-202605-000219,SUP-038,road,承运商11,宁波,WH-03,2026-05-05T01:33:00+08:00,2026-05-05T01:33:00+08:00,0,delivered,CG000000002728,16867.57,2026-06-14T23:02:00+08:00
SHP-0002729,PO-202605-001203,SUP-020,sea,承运商16,合肥,WH-04,2026-06-05T22:30:00+08:00,2026-06-06T10:30:00+08:00,12,delivered,CG000000002729,33886.5,2026-06-15T01:48:00+08:00
SHP-0002730,PO-202605-001344,SUP-013,sea,承运商20,宁波,WH-06,2026-05-28T10:38:00+08:00,2026-05-28T10:38:00+08:00,0,delivered,CG000000002730,40825.43,2026-06-14T22:21:00+08:00
SHP-0002731,PO-202509-000767,SUP-040,road,承运商09,成都,WH-03,2025-09-09T23:25:00+08:00,2025-09-09T23:25:00+08:00,0,in_transit,CG000000002731,19491.08,2026-06-14T10:17:00+08:00
SHP-0002732,PO-202510-001147,SUP-012,air,承运商13,苏州,WH-01,2025-10-24T14:01:00+08:00,2025-10-24T14:01:00+08:00,0,delivered,CG000000002732,20094.2,2026-06-14T11:00:00+08:00
SHP-0002733,PO-202511-000619,SUP-021,sea,承运商04,上海,WH-06,2025-11-26T23:30:00+08:00,2025-11-27T11:30:00+08:00,12,delivered,CG000000002733,57479.92,2026-06-15T01:38:00+08:00
SHP-0002734,PO-202603-001762,SUP-040,air,承运商14,青岛,WH-06,2026-03-28T15:50:00+08:00,2026-03-31T15:50:00+08:00,72,delivered,CG000000002734,108358.76,2026-06-14T23:35:00+08:00
SHP-0002735,PO-202509-000604,SUP-015,sea,承运商22,青岛,WH-01,2025-09-17T04:56:00+08:00,2025-09-18T04:56:00+08:00,24,in_transit,CG000000002735,46357.46,2026-06-15T02:38:00+08:00
SHP-0002736,PO-202507-000473,SUP-060,rail,承运商06,合肥,WH-04,2025-07-29T13:25:00+08:00,2025-07-29T13:25:00+08:00,0,delivered,CG000000002736,9657.16,2026-06-14T19:20:00+08:00
SHP-0002737,PO-202601-000801,SUP-027,road,承运商06,合肥,WH-01,2026-01-17T22:24:00+08:00,2026-01-17T22:24:00+08:00,0,delivered,CG000000002737,17532.65,2026-06-14T16:58:00+08:00
SHP-0002738,PO-202512-000247,SUP-017,road,承运商24,青岛,WH-01,2025-12-29T06:07:00+08:00,2025-12-31T06:07:00+08:00,48,delayed,CG000000002738,3671.45,2026-06-14T09:52:00+08:00
SHP-0002739,PO-202602-001048,SUP-039,rail,承运商06,合肥,WH-02,2026-02-11T21:08:00+08:00,2026-02-11T21:08:00+08:00,0,delivered,CG000000002739,21580.66,2026-06-14T15:42:00+08:00
SHP-0002740,PO-202605-000250,SUP-053,road,承运商11,杭州,WH-05,2026-05-10T06:23:00+08:00,2026-05-10T18:23:00+08:00,12,delayed,CG000000002740,61355.23,2026-06-15T01:56:00+08:00
SHP-0002741,PO-202507-001596,SUP-013,sea,承运商07,武汉,WH-03,2025-07-31T11:19:00+08:00,2025-08-02T11:19:00+08:00,48,delayed,CG000000002741,19453.47,2026-06-15T01:50:00+08:00
SHP-0002742,PO-202508-000249,SUP-003,sea,承运商18,武汉,WH-01,2025-08-10T02:46:00+08:00,2025-08-10T08:46:00+08:00,6,in_transit,CG000000002742,29315.13,2026-06-14T19:59:00+08:00
SHP-0002743,PO-202603-001282,SUP-017,road,承运商17,合肥,WH-02,2026-04-02T22:14:00+08:00,2026-04-02T22:14:00+08:00,0,delivered,CG000000002743,19611.71,2026-06-14T13:13:00+08:00
SHP-0002744,PO-202606-001558,SUP-033,road,承运商02,天津,WH-01,2026-06-05T19:30:00+08:00,2026-06-05T19:30:00+08:00,0,in_transit,CG000000002744,13393.97,2026-06-15T05:39:00+08:00
SHP-0002745,PO-202605-001170,SUP-031,road,承运商17,杭州,WH-03,2026-05-24T09:27:00+08:00,2026-05-26T09:27:00+08:00,48,delayed,CG000000002745,31209.56,2026-06-14T10:02:00+08:00
SHP-0002746,PO-202508-000827,SUP-042,road,承运商01,成都,WH-06,2025-08-26T14:39:00+08:00,2025-08-27T02:39:00+08:00,12,delivered,CG000000002746,50316.62,2026-06-14T19:09:00+08:00
SHP-0002747,PO-202511-001284,SUP-048,road,承运商02,成都,WH-01,2025-11-29T00:23:00+08:00,2025-12-01T00:23:00+08:00,48,delivered,CG000000002747,33303.34,2026-06-14T08:39:00+08:00
SHP-0002748,PO-202511-000348,SUP-011,road,承运商17,青岛,WH-06,2025-11-26T12:09:00+08:00,2025-11-26T12:09:00+08:00,0,delivered,CG000000002748,33321.93,2026-06-14T17:25:00+08:00
SHP-0002749,PO-202604-001688,SUP-034,road,承运商03,合肥,WH-05,2026-04-22T16:50:00+08:00,2026-04-25T16:50:00+08:00,72,blocked,CG000000002749,1286.71,2026-06-15T02:28:00+08:00
SHP-0002750,PO-202601-000683,SUP-010,sea,承运商05,合肥,WH-03,2026-02-02T11:34:00+08:00,2026-02-02T23:34:00+08:00,12,delivered,CG000000002750,28469.59,2026-06-15T05:31:00+08:00
SHP-0002751,PO-202602-001748,SUP-043,road,承运商22,宁波,WH-06,2026-02-13T11:38:00+08:00,2026-02-13T11:38:00+08:00,0,delivered,CG000000002751,6055.04,2026-06-14T18:32:00+08:00
SHP-0002752,PO-202508-000788,SUP-038,sea,承运商21,苏州,WH-02,2025-08-31T19:55:00+08:00,2025-09-01T07:55:00+08:00,12,delayed,CG000000002752,65334.23,2026-06-14T08:46:00+08:00
SHP-0002753,PO-202509-000643,SUP-041,sea,承运商01,苏州,WH-02,2025-09-23T05:02:00+08:00,2025-09-23T05:02:00+08:00,0,in_transit,CG000000002753,2601.39,2026-06-15T00:55:00+08:00
SHP-0002754,PO-202510-001449,SUP-016,rail,承运商03,合肥,WH-06,2025-10-17T11:18:00+08:00,2025-10-18T11:18:00+08:00,24,delivered,CG000000002754,67758.09,2026-06-14T20:53:00+08:00
SHP-0002755,PO-202605-000404,SUP-052,road,承运商21,合肥,WH-03,2026-05-25T11:52:00+08:00,2026-05-25T11:52:00+08:00,0,in_transit,CG000000002755,16202.56,2026-06-15T02:08:00+08:00
SHP-0002756,PO-202603-000564,SUP-046,rail,承运商17,武汉,WH-04,2026-03-26T08:20:00+08:00,2026-03-26T14:20:00+08:00,6,delayed,CG000000002756,14304.3,2026-06-14T20:42:00+08:00
SHP-0002757,PO-202602-000452,SUP-015,sea,承运商19,苏州,WH-02,2026-02-21T07:20:00+08:00,2026-02-21T07:20:00+08:00,0,delivered,CG000000002757,47179.12,2026-06-14T13:31:00+08:00
SHP-0002758,PO-202604-001528,SUP-050,air,承运商06,成都,WH-01,2026-04-18T10:16:00+08:00,2026-04-18T10:16:00+08:00,0,delivered,CG000000002758,38786.35,2026-06-14T21:31:00+08:00
SHP-0002759,PO-202512-001792,SUP-041,sea,承运商23,东莞,WH-02,2025-12-11T18:45:00+08:00,2025-12-11T18:45:00+08:00,0,in_transit,CG000000002759,30219.13,2026-06-14T15:00:00+08:00
SHP-0002760,PO-202512-001436,SUP-006,road,承运商06,合肥,WH-05,2025-12-06T18:40:00+08:00,2025-12-06T18:40:00+08:00,0,delivered,CG000000002760,42482.79,2026-06-14T10:24:00+08:00
SHP-0002761,PO-202511-000144,SUP-018,air,承运商04,杭州,WH-01,2025-11-08T06:03:00+08:00,2025-11-08T06:03:00+08:00,0,delivered,CG000000002761,55509.88,2026-06-15T02:49:00+08:00
SHP-0002762,PO-202508-000902,SUP-025,road,承运商17,东莞,WH-06,2025-08-25T15:26:00+08:00,2025-08-25T15:26:00+08:00,0,delivered,CG000000002762,7768.23,2026-06-14T23:37:00+08:00
SHP-0002763,PO-202507-001640,SUP-007,road,承运商13,成都,WH-01,2025-07-14T00:36:00+08:00,2025-07-14T00:36:00+08:00,0,delayed,CG000000002763,63881.32,2026-06-14T23:58:00+08:00
SHP-0002764,PO-202510-000906,SUP-036,rail,承运商12,青岛,WH-06,2025-10-13T14:26:00+08:00,2025-10-14T14:26:00+08:00,24,blocked,CG000000002764,21079.2,2026-06-14T13:59:00+08:00
SHP-0002765,PO-202602-000032,SUP-007,road,承运商19,上海,WH-04,2026-02-12T17:51:00+08:00,2026-02-12T17:51:00+08:00,0,delivered,CG000000002765,9375.49,2026-06-14T12:32:00+08:00
SHP-0002766,PO-202511-000074,SUP-004,sea,承运商04,合肥,WH-03,2025-11-06T07:00:00+08:00,2025-11-06T07:00:00+08:00,0,delivered,CG000000002766,43727.14,2026-06-14T09:06:00+08:00
SHP-0002767,PO-202601-001157,SUP-055,sea,承运商08,天津,WH-06,2026-02-01T11:38:00+08:00,2026-02-01T11:38:00+08:00,0,delayed,CG000000002767,54476.37,2026-06-14T13:37:00+08:00
SHP-0002768,PO-202601-001409,SUP-034,air,承运商20,苏州,WH-03,2026-01-23T13:19:00+08:00,2026-01-23T13:19:00+08:00,0,in_transit,CG000000002768,56976.04,2026-06-15T07:15:00+08:00
SHP-0002769,PO-202603-001401,SUP-017,road,承运商09,东莞,WH-02,2026-03-25T06:27:00+08:00,2026-03-25T06:27:00+08:00,0,delivered,CG000000002769,64571.18,2026-06-14T20:06:00+08:00
SHP-0002770,PO-202508-001362,SUP-052,road,承运商10,东莞,WH-04,2025-08-10T09:08:00+08:00,2025-08-10T09:08:00+08:00,0,blocked,CG000000002770,45754.86,2026-06-15T00:27:00+08:00
SHP-0002771,PO-202511-001485,SUP-035,road,承运商08,杭州,WH-06,2025-11-16T11:51:00+08:00,2025-11-19T11:51:00+08:00,72,delivered,CG000000002771,26666.16,2026-06-15T01:23:00+08:00
SHP-0002772,PO-202605-001440,SUP-018,road,承运商12,合肥,WH-01,2026-05-24T23:22:00+08:00,2026-05-24T23:22:00+08:00,0,in_transit,CG000000002772,11447.52,2026-06-14T12:10:00+08:00
SHP-0002773,PO-202605-000836,SUP-045,rail,承运商16,宁波,WH-02,2026-05-09T01:13:00+08:00,2026-05-09T07:13:00+08:00,6,in_transit,CG000000002773,14199.05,2026-06-15T03:32:00+08:00
SHP-0002774,PO-202601-000122,SUP-056,road,承运商06,苏州,WH-06,2026-01-04T22:06:00+08:00,2026-01-04T22:06:00+08:00,0,delivered,CG000000002774,6010.31,2026-06-14T10:14:00+08:00
SHP-0002775,PO-202512-001333,SUP-058,road,承运商15,武汉,WH-03,2025-12-17T22:20:00+08:00,2025-12-20T22:20:00+08:00,72,delivered,CG000000002775,39348.73,2026-06-14T18:44:00+08:00
SHP-0002776,PO-202603-001087,SUP-048,road,承运商18,上海,WH-05,2026-04-02T16:26:00+08:00,2026-04-03T16:26:00+08:00,24,delivered,CG000000002776,8250.04,2026-06-14T09:18:00+08:00
SHP-0002777,PO-202604-000490,SUP-029,road,承运商05,成都,WH-03,2026-05-03T14:38:00+08:00,2026-05-03T14:38:00+08:00,0,in_transit,CG000000002777,67711.97,2026-06-14T14:15:00+08:00
SHP-0002778,PO-202603-001760,SUP-034,rail,承运商04,成都,WH-03,2026-03-07T22:33:00+08:00,2026-03-07T22:33:00+08:00,0,delayed,CG000000002778,12674.36,2026-06-15T07:37:00+08:00
SHP-0002779,PO-202511-000784,SUP-058,road,承运商18,杭州,WH-04,2025-11-28T00:15:00+08:00,2025-11-28T00:15:00+08:00,0,delivered,CG000000002779,67888.16,2026-06-14T16:35:00+08:00
SHP-0002780,PO-202507-000193,SUP-030,rail,承运商23,宁波,WH-04,2025-07-08T15:38:00+08:00,2025-07-10T15:38:00+08:00,48,delayed,CG000000002780,50615.87,2026-06-14T18:44:00+08:00
SHP-0002781,PO-202512-001316,SUP-044,road,承运商22,上海,WH-04,2025-12-30T17:17:00+08:00,2025-12-31T05:17:00+08:00,12,delayed,CG000000002781,18817.31,2026-06-14T20:08:00+08:00
SHP-0002782,PO-202509-000326,SUP-035,sea,承运商24,苏州,WH-06,2025-10-02T03:21:00+08:00,2025-10-02T03:21:00+08:00,0,customs_hold,CG000000002782,3753.39,2026-06-14T21:14:00+08:00
SHP-0002783,PO-202509-000397,SUP-036,road,承运商15,成都,WH-04,2025-09-15T04:41:00+08:00,2025-09-15T04:41:00+08:00,0,delivered,CG000000002783,60485.69,2026-06-14T09:02:00+08:00
SHP-0002784,PO-202601-000269,SUP-010,rail,承运商08,合肥,WH-02,2026-01-22T16:13:00+08:00,2026-01-24T16:13:00+08:00,48,in_transit,CG000000002784,44753.39,2026-06-15T04:16:00+08:00
SHP-0002785,PO-202508-001663,SUP-048,rail,承运商09,武汉,WH-06,2025-08-20T16:46:00+08:00,2025-08-20T22:46:00+08:00,6,in_transit,CG000000002785,21865.1,2026-06-15T07:38:00+08:00
SHP-0002786,PO-202509-000781,SUP-012,air,承运商14,合肥,WH-05,2025-09-14T22:44:00+08:00,2025-09-14T22:44:00+08:00,0,delivered,CG000000002786,53313.8,2026-06-15T03:36:00+08:00
SHP-0002787,PO-202606-001798,SUP-057,road,承运商10,上海,WH-06,2026-06-17T18:54:00+08:00,2026-06-18T00:54:00+08:00,6,delayed,CG000000002787,25816.86,2026-06-14T22:31:00+08:00
SHP-0002788,PO-202603-001037,SUP-036,road,承运商23,合肥,WH-03,2026-03-04T08:26:00+08:00,2026-03-04T08:26:00+08:00,0,in_transit,CG000000002788,48311.04,2026-06-14T13:30:00+08:00
SHP-0002789,PO-202507-001711,SUP-049,air,承运商22,青岛,WH-03,2025-07-22T01:15:00+08:00,2025-07-23T01:15:00+08:00,24,delivered,CG000000002789,60798.77,2026-06-14T21:15:00+08:00
SHP-0002790,PO-202606-001314,SUP-019,road,承运商12,青岛,WH-03,2026-06-17T12:59:00+08:00,2026-06-19T12:59:00+08:00,48,delivered,CG000000002790,14988.85,2026-06-15T05:33:00+08:00
SHP-0002791,PO-202603-001509,SUP-041,road,承运商05,武汉,WH-04,2026-03-20T17:59:00+08:00,2026-03-20T23:59:00+08:00,6,in_transit,CG000000002791,9684.64,2026-06-14T21:50:00+08:00
SHP-0002792,PO-202602-000131,SUP-038,road,承运商19,杭州,WH-03,2026-02-19T13:15:00+08:00,2026-02-20T01:15:00+08:00,12,in_transit,CG000000002792,26642.24,2026-06-15T02:22:00+08:00
SHP-0002793,PO-202510-001550,SUP-031,air,承运商08,天津,WH-03,2025-10-18T22:08:00+08:00,2025-10-18T22:08:00+08:00,0,in_transit,CG000000002793,4408.84,2026-06-14T16:38:00+08:00
SHP-0002794,PO-202508-000128,SUP-002,road,承运商19,合肥,WH-02,2025-08-21T06:31:00+08:00,2025-08-21T06:31:00+08:00,0,blocked,CG000000002794,60133.97,2026-06-14T10:08:00+08:00
SHP-0002795,PO-202602-001342,SUP-050,sea,承运商01,东莞,WH-01,2026-02-04T22:38:00+08:00,2026-02-04T22:38:00+08:00,0,delayed,CG000000002795,52532.15,2026-06-15T04:08:00+08:00
SHP-0002796,PO-202510-000368,SUP-016,road,承运商15,宁波,WH-03,2025-10-31T06:51:00+08:00,2025-10-31T06:51:00+08:00,0,in_transit,CG000000002796,49963.68,2026-06-14T10:40:00+08:00
SHP-0002797,PO-202507-000931,SUP-049,air,承运商08,宁波,WH-03,2025-07-08T12:29:00+08:00,2025-07-09T00:29:00+08:00,12,delivered,CG000000002797,91459.98,2026-06-14T10:44:00+08:00
SHP-0002798,PO-202507-000346,SUP-009,road,承运商05,成都,WH-01,2025-07-05T18:24:00+08:00,2025-07-07T18:24:00+08:00,48,delivered,CG000000002798,20587.36,2026-06-14T11:14:00+08:00
SHP-0002799,PO-202605-000308,SUP-021,rail,承运商02,武汉,WH-03,2026-05-24T00:47:00+08:00,2026-05-26T00:47:00+08:00,48,delivered,CG000000002799,7780.81,2026-06-14T18:47:00+08:00
SHP-0002800,PO-202509-000021,SUP-050,road,承运商05,青岛,WH-05,2025-09-17T13:24:00+08:00,2025-09-18T01:24:00+08:00,12,delayed,CG000000002800,17377.47,2026-06-15T05:06:00+08:00
SHP-0002801,PO-202606-001143,SUP-009,air,承运商17,合肥,WH-06,2026-06-12T06:36:00+08:00,2026-06-12T12:36:00+08:00,6,delivered,CG000000002801,67150.41,2026-06-14T21:03:00+08:00
SHP-0002802,PO-202604-001513,SUP-011,road,承运商17,武汉,WH-05,2026-04-03T02:34:00+08:00,2026-04-03T02:34:00+08:00,0,delivered,CG000000002802,26741.36,2026-06-14T21:22:00+08:00
SHP-0002803,PO-202510-000724,SUP-011,air,承运商10,东莞,WH-05,2025-10-26T01:52:00+08:00,2025-10-26T01:52:00+08:00,0,delivered,CG000000002803,30927.34,2026-06-15T02:16:00+08:00
SHP-0002804,PO-202604-000416,SUP-022,road,承运商22,宁波,WH-02,2026-04-24T23:12:00+08:00,2026-04-24T23:12:00+08:00,0,delivered,CG000000002804,50287.82,2026-06-14T16:13:00+08:00
SHP-0002805,PO-202603-000293,SUP-030,sea,承运商07,杭州,WH-01,2026-03-20T11:34:00+08:00,2026-03-20T11:34:00+08:00,0,in_transit,CG000000002805,23070.35,2026-06-15T01:36:00+08:00
SHP-0002806,PO-202606-001031,SUP-040,road,承运商21,上海,WH-03,2026-06-18T16:56:00+08:00,2026-06-19T04:56:00+08:00,12,delivered,CG000000002806,12506.55,2026-06-15T04:22:00+08:00
SHP-0002807,PO-202605-000150,SUP-043,rail,承运商15,武汉,WH-01,2026-05-14T22:16:00+08:00,2026-05-14T22:16:00+08:00,0,delivered,CG000000002807,45090.35,2026-06-15T02:13:00+08:00
SHP-0002808,PO-202601-001030,SUP-009,sea,承运商05,武汉,WH-02,2026-01-12T17:03:00+08:00,2026-01-12T17:03:00+08:00,0,in_transit,CG000000002808,18912.85,2026-06-15T07:51:00+08:00
SHP-0002809,PO-202604-000372,SUP-049,air,承运商16,青岛,WH-06,2026-05-03T15:27:00+08:00,2026-05-05T15:27:00+08:00,48,delivered,CG000000002809,141145.38,2026-06-15T04:15:00+08:00
SHP-0002810,PO-202508-000517,SUP-008,rail,承运商24,武汉,WH-03,2025-08-04T09:04:00+08:00,2025-08-04T09:04:00+08:00,0,customs_hold,CG000000002810,25169.27,2026-06-14T09:37:00+08:00
SHP-0002811,PO-202507-001443,SUP-009,road,承运商09,成都,WH-02,2025-07-21T17:03:00+08:00,2025-07-23T17:03:00+08:00,48,delivered,CG000000002811,66004.24,2026-06-15T02:47:00+08:00
SHP-0002812,PO-202508-000799,SUP-022,road,承运商22,合肥,WH-01,2025-08-26T10:40:00+08:00,2025-08-28T10:40:00+08:00,48,delivered,CG000000002812,13437.12,2026-06-15T05:06:00+08:00
SHP-0002813,PO-202606-000722,SUP-047,sea,承运商07,苏州,WH-03,2026-06-20T19:05:00+08:00,2026-06-21T19:05:00+08:00,24,delivered,CG000000002813,17282.64,2026-06-15T04:33:00+08:00
SHP-0002814,PO-202604-000739,SUP-004,rail,承运商19,武汉,WH-01,2026-04-28T16:04:00+08:00,2026-04-28T16:04:00+08:00,0,in_transit,CG000000002814,20729.13,2026-06-14T11:22:00+08:00
SHP-0002815,PO-202605-000150,SUP-043,rail,承运商22,宁波,WH-01,2026-05-14T22:16:00+08:00,2026-05-15T10:16:00+08:00,12,delivered,CG000000002815,27551.22,2026-06-14T23:27:00+08:00
SHP-0002816,PO-202605-000422,SUP-048,sea,承运商15,苏州,WH-02,2026-05-14T03:14:00+08:00,2026-05-16T03:14:00+08:00,48,delayed,CG000000002816,54032.8,2026-06-14T23:01:00+08:00
SHP-0002817,PO-202605-000977,SUP-006,air,承运商18,合肥,WH-06,2026-05-15T06:03:00+08:00,2026-05-15T06:03:00+08:00,0,in_transit,CG000000002817,94428.8,2026-06-14T18:44:00+08:00
SHP-0002818,PO-202512-001496,SUP-022,road,承运商05,杭州,WH-04,2025-12-27T17:45:00+08:00,2025-12-27T17:45:00+08:00,0,delivered,CG000000002818,46604.79,2026-06-14T12:39:00+08:00
SHP-0002819,PO-202601-001084,SUP-022,sea,承运商21,东莞,WH-03,2026-01-12T01:51:00+08:00,2026-01-14T01:51:00+08:00,48,in_transit,CG000000002819,26214.81,2026-06-15T02:55:00+08:00
SHP-0002820,PO-202510-000852,SUP-046,rail,承运商01,东莞,WH-01,2025-10-28T03:23:00+08:00,2025-10-28T03:23:00+08:00,0,delivered,CG000000002820,49837.08,2026-06-14T18:21:00+08:00
SHP-0002821,PO-202606-001558,SUP-033,road,承运商17,东莞,WH-01,2026-06-05T19:30:00+08:00,2026-06-05T19:30:00+08:00,0,delivered,CG000000002821,59085.35,2026-06-15T00:05:00+08:00
SHP-0002822,PO-202511-001331,SUP-013,rail,承运商10,青岛,WH-04,2025-12-02T18:26:00+08:00,2025-12-03T18:26:00+08:00,24,delivered,CG000000002822,9800.44,2026-06-14T15:03:00+08:00
SHP-0002823,PO-202601-000258,SUP-029,air,承运商07,东莞,WH-02,2026-01-06T22:53:00+08:00,2026-01-06T22:53:00+08:00,0,in_transit,CG000000002823,40073.35,2026-06-15T07:21:00+08:00
SHP-0002824,PO-202507-000086,SUP-012,road,承运商22,苏州,WH-06,2025-07-24T06:37:00+08:00,2025-07-25T06:37:00+08:00,24,customs_hold,CG000000002824,34009.38,2026-06-14T14:07:00+08:00
SHP-0002825,PO-202606-000877,SUP-041,road,承运商06,青岛,WH-02,2026-06-12T05:33:00+08:00,2026-06-12T05:33:00+08:00,0,customs_hold,CG000000002825,31405.92,2026-06-14T20:23:00+08:00
SHP-0002826,PO-202510-000731,SUP-052,air,承运商11,武汉,WH-01,2025-10-21T08:03:00+08:00,2025-10-21T14:03:00+08:00,6,delivered,CG000000002826,33424.74,2026-06-14T08:13:00+08:00
SHP-0002827,PO-202507-000229,SUP-051,sea,承运商01,天津,WH-03,2025-08-01T12:17:00+08:00,2025-08-02T00:17:00+08:00,12,in_transit,CG000000002827,66171.98,2026-06-14T22:45:00+08:00
SHP-0002828,PO-202511-001242,SUP-053,air,承运商24,合肥,WH-04,2025-11-18T09:10:00+08:00,2025-11-18T09:10:00+08:00,0,delivered,CG000000002828,141448.14,2026-06-15T05:40:00+08:00
SHP-0002829,PO-202506-000725,SUP-055,rail,承运商16,宁波,WH-01,2025-06-21T02:35:00+08:00,2025-06-21T02:35:00+08:00,0,delivered,CG000000002829,64592.63,2026-06-14T23:57:00+08:00
SHP-0002830,PO-202605-001100,SUP-033,road,承运商08,上海,WH-02,2026-06-03T09:28:00+08:00,2026-06-06T09:28:00+08:00,72,delivered,CG000000002830,59691.52,2026-06-14T12:01:00+08:00
SHP-0002831,PO-202506-000971,SUP-021,air,承运商22,合肥,WH-01,2025-06-21T21:48:00+08:00,2025-06-22T09:48:00+08:00,12,delivered,CG000000002831,156107.32,2026-06-14T20:15:00+08:00
SHP-0002832,PO-202507-001275,SUP-006,road,承运商11,杭州,WH-05,2025-07-14T17:37:00+08:00,2025-07-14T17:37:00+08:00,0,in_transit,CG000000002832,58176.59,2026-06-14T08:55:00+08:00
SHP-0002833,PO-202605-000179,SUP-037,road,承运商08,天津,WH-02,2026-05-18T16:12:00+08:00,2026-05-18T16:12:00+08:00,0,delivered,CG000000002833,30683.58,2026-06-14T23:55:00+08:00
SHP-0002834,PO-202604-000802,SUP-035,sea,承运商13,苏州,WH-05,2026-04-16T11:49:00+08:00,2026-04-16T11:49:00+08:00,0,delivered,CG000000002834,46072.83,2026-06-14T19:46:00+08:00
SHP-0002835,PO-202512-000054,SUP-045,rail,承运商21,合肥,WH-04,2025-12-26T06:13:00+08:00,2025-12-26T18:13:00+08:00,12,blocked,CG000000002835,1765.43,2026-06-14T08:40:00+08:00
SHP-0002836,PO-202605-001424,SUP-004,sea,承运商23,青岛,WH-04,2026-05-05T15:26:00+08:00,2026-05-05T21:26:00+08:00,6,delivered,CG000000002836,55089.04,2026-06-14T18:33:00+08:00
SHP-0002837,PO-202604-001730,SUP-023,sea,承运商06,青岛,WH-01,2026-04-22T22:59:00+08:00,2026-04-22T22:59:00+08:00,0,delivered,CG000000002837,51355.15,2026-06-15T01:48:00+08:00
SHP-0002838,PO-202603-001235,SUP-048,road,承运商21,天津,WH-03,2026-03-19T04:32:00+08:00,2026-03-22T04:32:00+08:00,72,in_transit,CG000000002838,43710.21,2026-06-14T21:43:00+08:00
SHP-0002839,PO-202509-001158,SUP-043,sea,承运商20,成都,WH-04,2025-10-04T17:15:00+08:00,2025-10-04T17:15:00+08:00,0,delivered,CG000000002839,27405.83,2026-06-14T16:20:00+08:00
SHP-0002840,PO-202512-001478,SUP-005,sea,承运商09,合肥,WH-06,2025-12-10T14:50:00+08:00,2025-12-11T14:50:00+08:00,24,delivered,CG000000002840,49818.99,2026-06-15T02:26:00+08:00
SHP-0002841,PO-202509-000058,SUP-045,sea,承运商09,青岛,WH-01,2025-09-28T04:17:00+08:00,2025-09-28T04:17:00+08:00,0,delayed,CG000000002841,20714.83,2026-06-14T17:35:00+08:00
SHP-0002842,PO-202604-001423,SUP-024,rail,承运商10,苏州,WH-05,2026-04-09T12:33:00+08:00,2026-04-09T12:33:00+08:00,0,in_transit,CG000000002842,24168.2,2026-06-15T00:15:00+08:00
SHP-0002843,PO-202506-000355,SUP-051,sea,承运商09,杭州,WH-04,2025-07-01T07:18:00+08:00,2025-07-01T13:18:00+08:00,6,delivered,CG000000002843,18095.26,2026-06-14T22:12:00+08:00
SHP-0002844,PO-202510-000832,SUP-027,air,承运商03,合肥,WH-02,2025-10-19T07:12:00+08:00,2025-10-19T13:12:00+08:00,6,delivered,CG000000002844,139293.96,2026-06-14T19:27:00+08:00
SHP-0002845,PO-202602-000503,SUP-014,air,承运商24,天津,WH-06,2026-02-21T06:21:00+08:00,2026-02-21T12:21:00+08:00,6,delivered,CG000000002845,140546.08,2026-06-14T17:10:00+08:00
SHP-0002846,PO-202511-001260,SUP-006,rail,承运商21,东莞,WH-04,2025-11-11T13:34:00+08:00,2025-11-11T19:34:00+08:00,6,delayed,CG000000002846,39076.66,2026-06-15T05:17:00+08:00
SHP-0002847,PO-202509-001125,SUP-003,road,承运商11,上海,WH-02,2025-09-30T17:14:00+08:00,2025-09-30T17:14:00+08:00,0,delivered,CG000000002847,53743.62,2026-06-15T02:50:00+08:00
SHP-0002848,PO-202510-001165,SUP-014,road,承运商24,青岛,WH-04,2025-10-17T17:43:00+08:00,2025-10-17T17:43:00+08:00,0,in_transit,CG000000002848,61113.48,2026-06-14T16:03:00+08:00
SHP-0002849,PO-202506-000704,SUP-021,sea,承运商10,成都,WH-06,2025-07-02T11:16:00+08:00,2025-07-03T11:16:00+08:00,24,delayed,CG000000002849,61950.07,2026-06-14T17:16:00+08:00
SHP-0002850,PO-202512-000227,SUP-006,sea,承运商19,青岛,WH-01,2025-12-08T04:24:00+08:00,2025-12-08T04:24:00+08:00,0,in_transit,CG000000002850,47785.44,2026-06-15T07:04:00+08:00
SHP-0002851,PO-202508-000636,SUP-055,rail,承运商05,成都,WH-01,2025-08-14T20:47:00+08:00,2025-08-14T20:47:00+08:00,0,delivered,CG000000002851,66177.37,2026-06-14T10:12:00+08:00
SHP-0002852,PO-202511-000011,SUP-049,rail,承运商02,东莞,WH-05,2025-11-22T05:45:00+08:00,2025-11-24T05:45:00+08:00,48,in_transit,CG000000002852,67521.59,2026-06-15T04:11:00+08:00
SHP-0002853,PO-202507-001622,SUP-022,road,承运商13,成都,WH-01,2025-07-08T11:31:00+08:00,2025-07-10T11:31:00+08:00,48,in_transit,CG000000002853,17211.03,2026-06-14T08:45:00+08:00
SHP-0002854,PO-202509-000126,SUP-022,road,承运商10,杭州,WH-06,2025-09-11T16:21:00+08:00,2025-09-11T16:21:00+08:00,0,delayed,CG000000002854,56342.78,2026-06-14T11:41:00+08:00
SHP-0002855,PO-202603-000717,SUP-039,road,承运商10,杭州,WH-05,2026-03-20T04:27:00+08:00,2026-03-20T04:27:00+08:00,0,in_transit,CG000000002855,24208.56,2026-06-15T07:55:00+08:00
SHP-0002856,PO-202604-000713,SUP-025,road,承运商06,宁波,WH-05,2026-04-10T20:15:00+08:00,2026-04-12T20:15:00+08:00,48,in_transit,CG000000002856,26511.42,2026-06-15T04:48:00+08:00
SHP-0002857,PO-202509-000129,SUP-011,sea,承运商23,天津,WH-03,2025-09-19T18:39:00+08:00,2025-09-19T18:39:00+08:00,0,in_transit,CG000000002857,54287.09,2026-06-14T10:03:00+08:00
SHP-0002858,PO-202507-000606,SUP-001,road,承运商08,天津,WH-01,2025-07-21T21:25:00+08:00,2025-07-22T09:25:00+08:00,12,delivered,CG000000002858,56371.84,2026-06-15T06:59:00+08:00
SHP-0002859,PO-202509-000166,SUP-024,road,承运商01,宁波,WH-03,2025-09-09T09:20:00+08:00,2025-09-09T09:20:00+08:00,0,delayed,CG000000002859,48362.9,2026-06-15T05:23:00+08:00
SHP-0002860,PO-202512-000247,SUP-017,road,承运商02,苏州,WH-06,2025-12-29T06:07:00+08:00,2025-12-29T06:07:00+08:00,0,customs_hold,CG000000002860,14283.02,2026-06-14T14:44:00+08:00
SHP-0002861,PO-202602-000311,SUP-053,rail,承运商21,武汉,WH-03,2026-03-02T20:20:00+08:00,2026-03-05T20:20:00+08:00,72,delivered,CG000000002861,55093.76,2026-06-15T04:55:00+08:00
SHP-0002862,PO-202603-000880,SUP-013,sea,承运商23,杭州,WH-06,2026-03-17T09:13:00+08:00,2026-03-17T15:13:00+08:00,6,delayed,CG000000002862,63955.68,2026-06-15T02:59:00+08:00
SHP-0002863,PO-202601-000920,SUP-034,road,承运商19,青岛,WH-05,2026-01-23T15:07:00+08:00,2026-01-25T15:07:00+08:00,48,delivered,CG000000002863,55871.69,2026-06-14T13:34:00+08:00
SHP-0002864,PO-202508-001210,SUP-002,road,承运商11,成都,WH-01,2025-08-06T02:44:00+08:00,2025-08-06T08:44:00+08:00,6,in_transit,CG000000002864,34440.7,2026-06-14T20:38:00+08:00
SHP-0002865,PO-202511-000960,SUP-049,sea,承运商05,东莞,WH-04,2025-12-02T10:43:00+08:00,2025-12-02T16:43:00+08:00,6,blocked,CG000000002865,65305.17,2026-06-14T14:37:00+08:00
SHP-0002866,PO-202507-001471,SUP-041,rail,承运商01,东莞,WH-02,2025-07-17T03:02:00+08:00,2025-07-17T03:02:00+08:00,0,in_transit,CG000000002866,55956.55,2026-06-15T06:30:00+08:00
SHP-0002867,PO-202604-001715,SUP-046,air,承运商15,宁波,WH-04,2026-05-02T12:56:00+08:00,2026-05-02T12:56:00+08:00,0,in_transit,CG000000002867,92436.03,2026-06-14T21:27:00+08:00
SHP-0002868,PO-202602-000044,SUP-023,road,承运商01,宁波,WH-05,2026-02-08T20:06:00+08:00,2026-02-08T20:06:00+08:00,0,delivered,CG000000002868,64418.86,2026-06-15T03:58:00+08:00
SHP-0002869,PO-202601-001051,SUP-058,road,承运商14,合肥,WH-05,2026-01-29T18:13:00+08:00,2026-01-30T00:13:00+08:00,6,delayed,CG000000002869,47532.64,2026-06-14T21:56:00+08:00
SHP-0002870,PO-202510-000162,SUP-022,road,承运商14,青岛,WH-02,2025-10-27T23:50:00+08:00,2025-10-27T23:50:00+08:00,0,delivered,CG000000002870,28428.99,2026-06-14T14:13:00+08:00
SHP-0002871,PO-202508-001580,SUP-052,road,承运商08,东莞,WH-06,2025-08-12T15:19:00+08:00,2025-08-12T21:19:00+08:00,6,delivered,CG000000002871,32751.39,2026-06-14T15:43:00+08:00
SHP-0002872,PO-202606-001558,SUP-033,road,承运商08,苏州,WH-03,2026-06-05T19:30:00+08:00,2026-06-05T19:30:00+08:00,0,delayed,CG000000002872,37092.67,2026-06-14T12:32:00+08:00
SHP-0002873,PO-202512-001593,SUP-057,road,承运商16,青岛,WH-03,2025-12-24T14:48:00+08:00,2025-12-24T14:48:00+08:00,0,delivered,CG000000002873,3210.05,2026-06-15T03:27:00+08:00
SHP-0002874,PO-202507-000552,SUP-027,sea,承运商15,合肥,WH-04,2025-07-14T22:32:00+08:00,2025-07-14T22:32:00+08:00,0,delivered,CG000000002874,38787.09,2026-06-14T09:48:00+08:00
SHP-0002875,PO-202511-001309,SUP-059,air,承运商21,杭州,WH-02,2025-11-21T06:31:00+08:00,2025-11-21T18:31:00+08:00,12,in_transit,CG000000002875,50415.6,2026-06-14T23:38:00+08:00
SHP-0002876,PO-202512-001333,SUP-058,road,承运商08,苏州,WH-04,2025-12-17T22:20:00+08:00,2025-12-18T10:20:00+08:00,12,delivered,CG000000002876,65416.05,2026-06-14T17:22:00+08:00
SHP-0002877,PO-202605-000942,SUP-047,road,承运商24,武汉,WH-05,2026-05-22T13:44:00+08:00,2026-05-22T13:44:00+08:00,0,delivered,CG000000002877,57684.44,2026-06-15T02:07:00+08:00
SHP-0002878,PO-202605-000297,SUP-054,road,承运商10,成都,WH-06,2026-05-19T18:30:00+08:00,2026-05-19T18:30:00+08:00,0,delivered,CG000000002878,21685.58,2026-06-14T13:00:00+08:00
SHP-0002879,PO-202511-001697,SUP-005,rail,承运商24,杭州,WH-06,2025-11-21T21:22:00+08:00,2025-11-21T21:22:00+08:00,0,delayed,CG000000002879,38975.83,2026-06-15T04:32:00+08:00
SHP-0002880,PO-202509-001682,SUP-001,rail,承运商05,成都,WH-05,2025-09-19T04:34:00+08:00,2025-09-19T04:34:00+08:00,0,in_transit,CG000000002880,43732.81,2026-06-14T17:10:00+08:00
SHP-0002881,PO-202512-000703,SUP-020,road,承运商17,苏州,WH-02,2025-12-22T23:00:00+08:00,2025-12-22T23:00:00+08:00,0,blocked,CG000000002881,25513.31,2026-06-14T20:16:00+08:00
SHP-0002882,PO-202604-001073,SUP-029,road,承运商20,苏州,WH-03,2026-04-20T07:10:00+08:00,2026-04-21T07:10:00+08:00,24,delayed,CG000000002882,50595.84,2026-06-14T21:39:00+08:00
SHP-0002883,PO-202511-001223,SUP-016,rail,承运商24,合肥,WH-03,2025-11-12T23:15:00+08:00,2025-11-15T23:15:00+08:00,72,delayed,CG000000002883,31702.45,2026-06-14T22:58:00+08:00
SHP-0002884,PO-202512-000541,SUP-009,rail,承运商20,宁波,WH-02,2025-12-08T20:02:00+08:00,2025-12-08T20:02:00+08:00,0,delivered,CG000000002884,67299.57,2026-06-14T11:40:00+08:00
SHP-0002885,PO-202508-001608,SUP-013,road,承运商04,武汉,WH-04,2025-08-29T23:27:00+08:00,2025-08-30T05:27:00+08:00,6,in_transit,CG000000002885,2508.76,2026-06-14T14:22:00+08:00
SHP-0002886,PO-202509-001590,SUP-015,air,承运商05,合肥,WH-02,2025-09-12T19:00:00+08:00,2025-09-13T19:00:00+08:00,24,delivered,CG000000002886,141718.78,2026-06-15T06:02:00+08:00
SHP-0002887,PO-202603-000555,SUP-048,road,承运商11,宁波,WH-03,2026-04-01T04:20:00+08:00,2026-04-01T04:20:00+08:00,0,delivered,CG000000002887,12883.71,2026-06-14T10:29:00+08:00
SHP-0002888,PO-202510-000665,SUP-057,road,承运商17,东莞,WH-02,2025-10-12T22:06:00+08:00,2025-10-12T22:06:00+08:00,0,delayed,CG000000002888,57624.7,2026-06-14T13:57:00+08:00
SHP-0002889,PO-202512-001483,SUP-028,rail,承运商03,上海,WH-01,2025-12-27T00:22:00+08:00,2025-12-27T12:22:00+08:00,12,customs_hold,CG000000002889,63303.94,2026-06-15T04:13:00+08:00
SHP-0002890,PO-202601-000624,SUP-007,road,承运商02,成都,WH-02,2026-01-07T15:55:00+08:00,2026-01-07T21:55:00+08:00,6,customs_hold,CG000000002890,50315.8,2026-06-14T17:18:00+08:00
SHP-0002891,PO-202510-001791,SUP-030,road,承运商22,杭州,WH-03,2025-11-02T09:03:00+08:00,2025-11-05T09:03:00+08:00,72,in_transit,CG000000002891,3824.01,2026-06-15T03:52:00+08:00
SHP-0002892,PO-202603-001392,SUP-016,sea,承运商15,杭州,WH-02,2026-03-15T21:18:00+08:00,2026-03-15T21:18:00+08:00,0,delivered,CG000000002892,59995.13,2026-06-15T05:32:00+08:00
SHP-0002893,PO-202604-001688,SUP-034,road,承运商03,杭州,WH-05,2026-04-22T16:50:00+08:00,2026-04-22T16:50:00+08:00,0,in_transit,CG000000002893,63230.88,2026-06-15T03:58:00+08:00
SHP-0002894,PO-202605-000946,SUP-022,sea,承运商04,青岛,WH-01,2026-05-28T12:12:00+08:00,2026-05-28T12:12:00+08:00,0,delivered,CG000000002894,61879.1,2026-06-14T08:03:00+08:00
SHP-0002895,PO-202512-000318,SUP-015,air,承运商11,合肥,WH-05,2025-12-20T07:44:00+08:00,2025-12-20T07:44:00+08:00,0,delivered,CG000000002895,148652.59,2026-06-15T00:34:00+08:00
SHP-0002896,PO-202606-000292,SUP-024,road,承运商06,合肥,WH-02,2026-06-07T11:13:00+08:00,2026-06-07T17:13:00+08:00,6,delayed,CG000000002896,38574.18,2026-06-15T04:39:00+08:00
SHP-0002897,PO-202605-000157,SUP-009,air,承运商05,成都,WH-02,2026-05-31T00:23:00+08:00,2026-05-31T00:23:00+08:00,0,delivered,CG000000002897,114402.49,2026-06-15T02:06:00+08:00
SHP-0002898,PO-202510-001420,SUP-004,road,承运商01,成都,WH-04,2025-11-01T06:37:00+08:00,2025-11-02T06:37:00+08:00,24,delayed,CG000000002898,32072.69,2026-06-14T16:51:00+08:00
SHP-0002899,PO-202507-001571,SUP-016,road,承运商14,上海,WH-01,2025-07-15T04:54:00+08:00,2025-07-15T04:54:00+08:00,0,delayed,CG000000002899,57688.11,2026-06-15T07:02:00+08:00
SHP-0002900,PO-202510-000951,SUP-052,road,承运商17,合肥,WH-06,2025-10-10T03:01:00+08:00,2025-10-10T03:01:00+08:00,0,blocked,CG000000002900,22333.14,2026-06-15T01:34:00+08:00
SHP-0002901,PO-202508-001669,SUP-026,sea,承运商04,东莞,WH-03,2025-09-04T09:26:00+08:00,2025-09-04T09:26:00+08:00,0,in_transit,CG000000002901,3446.33,2026-06-14T21:14:00+08:00
SHP-0002902,PO-202509-000114,SUP-011,road,承运商05,上海,WH-06,2025-09-16T15:54:00+08:00,2025-09-16T15:54:00+08:00,0,delayed,CG000000002902,52465.97,2026-06-14T21:12:00+08:00
SHP-0002903,PO-202509-000225,SUP-038,road,承运商10,青岛,WH-03,2025-09-28T22:39:00+08:00,2025-09-29T04:39:00+08:00,6,delivered,CG000000002903,53067.01,2026-06-15T07:27:00+08:00
SHP-0002904,PO-202512-001624,SUP-005,sea,承运商08,青岛,WH-06,2025-12-15T11:09:00+08:00,2025-12-15T11:09:00+08:00,0,delivered,CG000000002904,19702.73,2026-06-14T15:00:00+08:00
SHP-0002905,PO-202603-001037,SUP-036,road,承运商01,武汉,WH-06,2026-03-04T08:26:00+08:00,2026-03-04T08:26:00+08:00,0,delayed,CG000000002905,63397.34,2026-06-15T03:42:00+08:00
SHP-0002906,PO-202602-000685,SUP-031,road,承运商20,宁波,WH-03,2026-02-25T01:15:00+08:00,2026-02-27T01:15:00+08:00,48,in_transit,CG000000002906,11283.06,2026-06-14T17:54:00+08:00
SHP-0002907,PO-202508-000128,SUP-002,sea,承运商04,苏州,WH-04,2025-08-21T06:31:00+08:00,2025-08-21T12:31:00+08:00,6,in_transit,CG000000002907,58081.0,2026-06-14T09:19:00+08:00
SHP-0002908,PO-202507-000481,SUP-043,road,承运商24,苏州,WH-01,2025-07-30T03:01:00+08:00,2025-07-30T15:01:00+08:00,12,delivered,CG000000002908,37135.89,2026-06-15T03:20:00+08:00
SHP-0002909,PO-202602-000875,SUP-054,rail,承运商08,成都,WH-01,2026-02-09T00:32:00+08:00,2026-02-11T00:32:00+08:00,48,in_transit,CG000000002909,40451.9,2026-06-15T01:30:00+08:00
SHP-0002910,PO-202506-000690,SUP-039,sea,承运商13,上海,WH-05,2025-06-25T06:04:00+08:00,2025-06-25T18:04:00+08:00,12,in_transit,CG000000002910,11104.17,2026-06-14T14:39:00+08:00
SHP-0002911,PO-202605-000161,SUP-030,air,承运商13,天津,WH-05,2026-05-25T04:52:00+08:00,2026-05-25T04:52:00+08:00,0,customs_hold,CG000000002911,51239.1,2026-06-14T09:46:00+08:00
SHP-0002912,PO-202512-000806,SUP-027,road,承运商03,杭州,WH-05,2025-12-22T13:49:00+08:00,2025-12-22T13:49:00+08:00,0,in_transit,CG000000002912,36366.42,2026-06-14T10:50:00+08:00
SHP-0002913,PO-202509-000380,SUP-017,road,承运商21,天津,WH-04,2025-09-22T09:56:00+08:00,2025-09-22T21:56:00+08:00,12,in_transit,CG000000002913,7369.13,2026-06-14T19:54:00+08:00
SHP-0002914,PO-202510-001484,SUP-008,road,承运商18,苏州,WH-03,2025-10-25T12:55:00+08:00,2025-10-26T00:55:00+08:00,12,delivered,CG000000002914,63337.15,2026-06-15T04:53:00+08:00
SHP-0002915,PO-202509-001603,SUP-003,rail,承运商18,东莞,WH-04,2025-09-22T05:33:00+08:00,2025-09-22T05:33:00+08:00,0,delivered,CG000000002915,9616.9,2026-06-15T01:53:00+08:00
SHP-0002916,PO-202605-001540,SUP-009,rail,承运商21,苏州,WH-05,2026-05-27T00:56:00+08:00,2026-05-28T00:56:00+08:00,24,delayed,CG000000002916,45715.1,2026-06-14T17:58:00+08:00
SHP-0002917,PO-202508-001210,SUP-002,air,承运商18,武汉,WH-03,2025-08-06T02:44:00+08:00,2025-08-06T14:44:00+08:00,12,delivered,CG000000002917,57331.39,2026-06-15T01:49:00+08:00
SHP-0002918,PO-202508-001735,SUP-044,road,承运商08,武汉,WH-06,2025-08-16T10:49:00+08:00,2025-08-16T22:49:00+08:00,12,in_transit,CG000000002918,2414.35,2026-06-15T06:48:00+08:00
SHP-0002919,PO-202511-001685,SUP-048,road,承运商02,武汉,WH-02,2025-11-25T16:02:00+08:00,2025-11-25T22:02:00+08:00,6,in_transit,CG000000002919,32385.56,2026-06-14T14:02:00+08:00
SHP-0002920,PO-202601-000895,SUP-044,road,承运商04,东莞,WH-04,2026-01-19T05:31:00+08:00,2026-01-19T05:31:00+08:00,0,delivered,CG000000002920,16334.28,2026-06-14T20:34:00+08:00
SHP-0002921,PO-202509-001724,SUP-019,road,承运商01,苏州,WH-06,2025-09-10T08:33:00+08:00,2025-09-10T14:33:00+08:00,6,delivered,CG000000002921,2074.38,2026-06-15T03:06:00+08:00
SHP-0002922,PO-202603-000664,SUP-012,rail,承运商16,上海,WH-05,2026-03-21T21:38:00+08:00,2026-03-21T21:38:00+08:00,0,in_transit,CG000000002922,57647.25,2026-06-14T17:36:00+08:00
SHP-0002923,PO-202605-000073,SUP-010,air,承运商21,宁波,WH-05,2026-05-26T14:03:00+08:00,2026-05-27T02:03:00+08:00,12,delivered,CG000000002923,133704.09,2026-06-14T12:30:00+08:00
SHP-0002924,PO-202602-000775,SUP-022,road,承运商03,天津,WH-01,2026-02-22T14:12:00+08:00,2026-02-22T14:12:00+08:00,0,in_transit,CG000000002924,46863.23,2026-06-15T04:42:00+08:00
SHP-0002925,PO-202507-000217,SUP-037,road,承运商02,宁波,WH-04,2025-07-23T12:56:00+08:00,2025-07-23T18:56:00+08:00,6,delivered,CG000000002925,2913.11,2026-06-15T04:42:00+08:00
SHP-0002926,PO-202602-000396,SUP-059,sea,承运商21,青岛,WH-05,2026-02-06T03:43:00+08:00,2026-02-06T03:43:00+08:00,0,delivered,CG000000002926,53701.32,2026-06-15T00:34:00+08:00
SHP-0002927,PO-202507-000968,SUP-057,road,承运商16,宁波,WH-06,2025-07-23T18:35:00+08:00,2025-07-24T18:35:00+08:00,24,in_transit,CG000000002927,22239.23,2026-06-15T03:39:00+08:00
SHP-0002928,PO-202510-000851,SUP-039,road,承运商22,上海,WH-02,2025-10-25T04:39:00+08:00,2025-10-25T04:39:00+08:00,0,in_transit,CG000000002928,47887.34,2026-06-15T01:25:00+08:00
SHP-0002929,PO-202511-001115,SUP-055,rail,承运商18,东莞,WH-05,2025-11-15T02:13:00+08:00,2025-11-15T08:13:00+08:00,6,delivered,CG000000002929,17494.03,2026-06-14T14:10:00+08:00
SHP-0002930,PO-202602-001646,SUP-009,road,承运商09,青岛,WH-01,2026-02-12T15:25:00+08:00,2026-02-12T15:25:00+08:00,0,delivered,CG000000002930,34462.45,2026-06-14T16:50:00+08:00
SHP-0002931,PO-202605-000179,SUP-037,sea,承运商16,天津,WH-02,2026-05-18T16:12:00+08:00,2026-05-18T16:12:00+08:00,0,delivered,CG000000002931,53483.15,2026-06-14T14:20:00+08:00
SHP-0002932,PO-202511-000088,SUP-033,road,承运商12,宁波,WH-01,2025-11-20T15:31:00+08:00,2025-11-21T03:31:00+08:00,12,delivered,CG000000002932,5964.24,2026-06-14T09:42:00+08:00
SHP-0002933,PO-202506-000953,SUP-054,air,承运商15,成都,WH-03,2025-06-23T06:54:00+08:00,2025-06-23T06:54:00+08:00,0,delivered,CG000000002933,126205.87,2026-06-14T11:36:00+08:00
SHP-0002934,PO-202508-000827,SUP-042,sea,承运商23,宁波,WH-04,2025-08-26T14:39:00+08:00,2025-08-26T14:39:00+08:00,0,in_transit,CG000000002934,30270.54,2026-06-14T18:14:00+08:00
SHP-0002935,PO-202511-001770,SUP-023,rail,承运商22,武汉,WH-01,2025-11-04T09:20:00+08:00,2025-11-04T09:20:00+08:00,0,in_transit,CG000000002935,60268.84,2026-06-15T05:47:00+08:00
SHP-0002936,PO-202605-000907,SUP-050,air,承运商06,杭州,WH-03,2026-05-13T03:21:00+08:00,2026-05-15T03:21:00+08:00,48,in_transit,CG000000002936,102771.09,2026-06-14T18:27:00+08:00
SHP-0002937,PO-202603-000246,SUP-009,road,承运商10,上海,WH-02,2026-03-19T03:33:00+08:00,2026-03-19T03:33:00+08:00,0,delivered,CG000000002937,34908.2,2026-06-14T23:29:00+08:00
SHP-0002938,PO-202601-000551,SUP-026,road,承运商16,合肥,WH-04,2026-01-16T10:26:00+08:00,2026-01-16T16:26:00+08:00,6,in_transit,CG000000002938,51428.53,2026-06-15T01:23:00+08:00
SHP-0002939,PO-202508-001002,SUP-051,sea,承运商13,杭州,WH-04,2025-08-09T12:06:00+08:00,2025-08-09T12:06:00+08:00,0,in_transit,CG000000002939,59152.51,2026-06-15T06:11:00+08:00
SHP-0002940,PO-202603-000893,SUP-039,road,承运商06,宁波,WH-06,2026-04-04T18:15:00+08:00,2026-04-05T00:15:00+08:00,6,in_transit,CG000000002940,7278.78,2026-06-14T18:47:00+08:00
SHP-0002941,PO-202511-001052,SUP-025,road,承运商12,天津,WH-02,2025-11-16T20:31:00+08:00,2025-11-16T20:31:00+08:00,0,delivered,CG000000002941,37578.95,2026-06-14T23:56:00+08:00
SHP-0002942,PO-202605-000965,SUP-036,road,承运商03,宁波,WH-04,2026-05-10T15:49:00+08:00,2026-05-11T15:49:00+08:00,24,delivered,CG000000002942,27099.61,2026-06-14T17:07:00+08:00
SHP-0002943,PO-202511-000234,SUP-045,air,承运商02,杭州,WH-04,2025-11-20T12:47:00+08:00,2025-11-20T18:47:00+08:00,6,delivered,CG000000002943,150213.78,2026-06-14T10:10:00+08:00
SHP-0002944,PO-202606-001304,SUP-052,road,承运商19,武汉,WH-03,2026-06-12T02:14:00+08:00,2026-06-12T02:14:00+08:00,0,in_transit,CG000000002944,20188.88,2026-06-14T11:25:00+08:00
SHP-0002945,PO-202506-001634,SUP-048,air,承运商14,天津,WH-03,2025-07-01T07:35:00+08:00,2025-07-01T07:35:00+08:00,0,delivered,CG000000002945,22916.91,2026-06-14T17:37:00+08:00
SHP-0002946,PO-202604-001062,SUP-036,road,承运商08,宁波,WH-04,2026-04-13T16:25:00+08:00,2026-04-15T16:25:00+08:00,48,in_transit,CG000000002946,10264.59,2026-06-15T02:25:00+08:00
SHP-0002947,PO-202603-000079,SUP-034,road,承运商14,青岛,WH-06,2026-04-02T06:51:00+08:00,2026-04-02T06:51:00+08:00,0,in_transit,CG000000002947,46294.39,2026-06-15T00:05:00+08:00
SHP-0002948,PO-202512-001625,SUP-012,rail,承运商23,青岛,WH-01,2026-01-01T22:16:00+08:00,2026-01-01T22:16:00+08:00,0,delivered,CG000000002948,63396.03,2026-06-15T07:00:00+08:00
SHP-0002949,PO-202507-000391,SUP-056,road,承运商13,宁波,WH-05,2025-07-17T20:41:00+08:00,2025-07-19T20:41:00+08:00,48,blocked,CG000000002949,67864.16,2026-06-15T02:06:00+08:00
SHP-0002950,PO-202601-001373,SUP-005,sea,承运商17,上海,WH-06,2026-01-20T01:25:00+08:00,2026-01-20T01:25:00+08:00,0,in_transit,CG000000002950,12111.55,2026-06-14T18:42:00+08:00
SHP-0002951,PO-202509-000253,SUP-033,air,承运商08,苏州,WH-06,2025-09-13T07:34:00+08:00,2025-09-13T07:34:00+08:00,0,delivered,CG000000002951,126695.79,2026-06-14T15:03:00+08:00
SHP-0002952,PO-202601-001519,SUP-043,sea,承运商22,杭州,WH-01,2026-01-17T08:28:00+08:00,2026-01-17T20:28:00+08:00,12,delivered,CG000000002952,55380.86,2026-06-15T06:25:00+08:00
SHP-0002953,PO-202507-000165,SUP-031,sea,承运商11,杭州,WH-02,2025-08-01T23:01:00+08:00,2025-08-02T23:01:00+08:00,24,in_transit,CG000000002953,37537.27,2026-06-15T04:04:00+08:00
SHP-0002954,PO-202509-000114,SUP-011,sea,承运商15,合肥,WH-04,2025-09-16T15:54:00+08:00,2025-09-17T03:54:00+08:00,12,delayed,CG000000002954,41517.51,2026-06-14T16:33:00+08:00
SHP-0002955,PO-202601-000202,SUP-030,rail,承运商04,青岛,WH-05,2026-01-06T08:24:00+08:00,2026-01-06T08:24:00+08:00,0,delivered,CG000000002955,37085.91,2026-06-14T15:14:00+08:00
SHP-0002956,PO-202603-001271,SUP-038,rail,承运商06,青岛,WH-01,2026-04-03T15:20:00+08:00,2026-04-04T15:20:00+08:00,24,delivered,CG000000002956,1588.06,2026-06-14T12:55:00+08:00
SHP-0002957,PO-202509-001150,SUP-035,road,承运商03,东莞,WH-01,2025-09-21T04:33:00+08:00,2025-09-21T04:33:00+08:00,0,delayed,CG000000002957,53079.23,2026-06-15T07:25:00+08:00
SHP-0002958,PO-202604-000962,SUP-027,rail,承运商20,成都,WH-01,2026-04-29T11:52:00+08:00,2026-04-29T23:52:00+08:00,12,delayed,CG000000002958,38196.3,2026-06-14T17:01:00+08:00
SHP-0002959,PO-202602-001078,SUP-025,sea,承运商02,苏州,WH-03,2026-02-26T16:41:00+08:00,2026-02-26T16:41:00+08:00,0,delayed,CG000000002959,29672.99,2026-06-15T04:59:00+08:00
SHP-0002960,PO-202602-000311,SUP-053,road,承运商02,宁波,WH-01,2026-03-02T20:20:00+08:00,2026-03-02T20:20:00+08:00,0,in_transit,CG000000002960,19979.95,2026-06-15T01:45:00+08:00
SHP-0002961,PO-202510-001135,SUP-009,road,承运商11,青岛,WH-05,2025-10-12T00:41:00+08:00,2025-10-12T00:41:00+08:00,0,delivered,CG000000002961,26665.27,2026-06-14T23:09:00+08:00
SHP-0002962,PO-202605-001317,SUP-054,sea,承运商10,青岛,WH-03,2026-05-26T02:25:00+08:00,2026-05-26T14:25:00+08:00,12,delayed,CG000000002962,53179.86,2026-06-15T04:44:00+08:00
SHP-0002963,PO-202605-001520,SUP-044,road,承运商16,上海,WH-02,2026-05-23T06:00:00+08:00,2026-05-23T06:00:00+08:00,0,in_transit,CG000000002963,58895.9,2026-06-15T05:29:00+08:00
SHP-0002964,PO-202507-000545,SUP-019,road,承运商21,合肥,WH-06,2025-07-25T21:49:00+08:00,2025-07-27T21:49:00+08:00,48,delivered,CG000000002964,53206.52,2026-06-14T22:05:00+08:00
SHP-0002965,PO-202605-001303,SUP-054,road,承运商06,苏州,WH-03,2026-05-31T03:30:00+08:00,2026-06-01T03:30:00+08:00,24,in_transit,CG000000002965,29782.73,2026-06-14T13:37:00+08:00
SHP-0002966,PO-202601-000263,SUP-057,road,承运商17,上海,WH-03,2026-01-19T14:30:00+08:00,2026-01-19T14:30:00+08:00,0,in_transit,CG000000002966,30851.74,2026-06-14T08:26:00+08:00
SHP-0002967,PO-202507-000508,SUP-018,sea,承运商20,青岛,WH-01,2025-08-01T09:53:00+08:00,2025-08-01T09:53:00+08:00,0,in_transit,CG000000002967,10720.27,2026-06-14T14:30:00+08:00
SHP-0002968,PO-202603-001686,SUP-001,rail,承运商21,青岛,WH-05,2026-04-01T00:17:00+08:00,2026-04-01T12:17:00+08:00,12,delayed,CG000000002968,20254.94,2026-06-15T02:48:00+08:00
SHP-0002969,PO-202508-001503,SUP-010,rail,承运商23,苏州,WH-01,2025-08-08T04:27:00+08:00,2025-08-08T04:27:00+08:00,0,blocked,CG000000002969,59909.1,2026-06-14T23:34:00+08:00
SHP-0002970,PO-202605-001709,SUP-028,road,承运商14,杭州,WH-03,2026-05-10T01:39:00+08:00,2026-05-10T01:39:00+08:00,0,delivered,CG000000002970,49667.1,2026-06-14T11:47:00+08:00
SHP-0002971,PO-202511-001638,SUP-052,road,承运商05,天津,WH-03,2025-11-27T08:28:00+08:00,2025-11-27T20:28:00+08:00,12,in_transit,CG000000002971,31203.88,2026-06-14T17:15:00+08:00
SHP-0002972,PO-202508-001179,SUP-035,sea,承运商01,成都,WH-02,2025-08-28T06:06:00+08:00,2025-08-28T18:06:00+08:00,12,delivered,CG000000002972,13005.16,2026-06-14T09:40:00+08:00
SHP-0002973,PO-202508-001027,SUP-017,road,承运商02,武汉,WH-04,2025-09-06T06:05:00+08:00,2025-09-06T06:05:00+08:00,0,in_transit,CG000000002973,62821.21,2026-06-14T13:12:00+08:00
SHP-0002974,PO-202507-000288,SUP-033,sea,承运商23,杭州,WH-04,2025-08-02T05:18:00+08:00,2025-08-02T05:18:00+08:00,0,in_transit,CG000000002974,18526.42,2026-06-14T11:59:00+08:00
SHP-0002975,PO-202604-000063,SUP-042,road,承运商10,武汉,WH-01,2026-04-24T16:14:00+08:00,2026-04-25T16:14:00+08:00,24,delivered,CG000000002975,16388.55,2026-06-14T11:43:00+08:00
SHP-0002976,PO-202604-001781,SUP-009,sea,承运商02,宁波,WH-05,2026-04-08T20:39:00+08:00,2026-04-08T20:39:00+08:00,0,delayed,CG000000002976,58682.88,2026-06-14T09:04:00+08:00
SHP-0002977,PO-202512-000042,SUP-053,air,承运商13,上海,WH-04,2026-01-02T11:37:00+08:00,2026-01-02T23:37:00+08:00,12,delivered,CG000000002977,44907.68,2026-06-15T04:21:00+08:00
SHP-0002978,PO-202512-000520,SUP-036,road,承运商08,宁波,WH-06,2026-01-02T03:09:00+08:00,2026-01-02T03:09:00+08:00,0,in_transit,CG000000002978,40520.25,2026-06-15T00:41:00+08:00
SHP-0002979,PO-202604-001579,SUP-054,road,承运商24,青岛,WH-05,2026-04-11T06:38:00+08:00,2026-04-11T18:38:00+08:00,12,delivered,CG000000002979,32713.95,2026-06-14T18:36:00+08:00
SHP-0002980,PO-202602-000032,SUP-007,sea,承运商15,杭州,WH-05,2026-02-12T17:51:00+08:00,2026-02-12T17:51:00+08:00,0,delivered,CG000000002980,18399.41,2026-06-15T03:09:00+08:00
SHP-0002981,PO-202509-000027,SUP-021,road,承运商22,上海,WH-01,2025-09-30T21:24:00+08:00,2025-09-30T21:24:00+08:00,0,in_transit,CG000000002981,58508.03,2026-06-15T01:47:00+08:00
SHP-0002982,PO-202602-001546,SUP-056,road,承运商17,宁波,WH-04,2026-02-26T08:54:00+08:00,2026-02-26T08:54:00+08:00,0,delivered,CG000000002982,5732.07,2026-06-14T14:23:00+08:00
SHP-0002983,PO-202601-001075,SUP-030,rail,承运商20,苏州,WH-06,2026-01-08T01:50:00+08:00,2026-01-08T01:50:00+08:00,0,delivered,CG000000002983,46723.99,2026-06-15T07:21:00+08:00
SHP-0002984,PO-202511-001209,SUP-001,air,承运商17,合肥,WH-06,2025-11-26T02:22:00+08:00,2025-11-26T02:22:00+08:00,0,delivered,CG000000002984,150088.07,2026-06-14T13:31:00+08:00
SHP-0002985,PO-202511-001691,SUP-041,road,承运商09,合肥,WH-02,2025-11-10T08:29:00+08:00,2025-11-12T08:29:00+08:00,48,in_transit,CG000000002985,22432.49,2026-06-14T15:06:00+08:00
SHP-0002986,PO-202601-000683,SUP-010,road,承运商23,青岛,WH-01,2026-02-02T11:34:00+08:00,2026-02-02T11:34:00+08:00,0,in_transit,CG000000002986,37406.58,2026-06-14T20:07:00+08:00
SHP-0002987,PO-202512-001740,SUP-050,road,承运商15,上海,WH-04,2025-12-06T15:42:00+08:00,2025-12-06T15:42:00+08:00,0,delivered,CG000000002987,7700.63,2026-06-15T01:18:00+08:00
SHP-0002988,PO-202507-001060,SUP-002,road,承运商22,东莞,WH-02,2025-08-01T11:32:00+08:00,2025-08-01T23:32:00+08:00,12,delivered,CG000000002988,20188.36,2026-06-14T11:58:00+08:00
SHP-0002989,PO-202512-000412,SUP-036,road,承运商17,宁波,WH-02,2025-12-14T22:06:00+08:00,2025-12-14T22:06:00+08:00,0,delivered,CG000000002989,59689.76,2026-06-14T08:23:00+08:00
SHP-0002990,PO-202601-001501,SUP-013,road,承运商20,合肥,WH-05,2026-01-10T13:49:00+08:00,2026-01-10T13:49:00+08:00,0,delivered,CG000000002990,15068.37,2026-06-14T12:31:00+08:00
SHP-0002991,PO-202511-000881,SUP-035,road,承运商16,青岛,WH-03,2025-12-01T12:46:00+08:00,2025-12-01T12:46:00+08:00,0,in_transit,CG000000002991,39297.09,2026-06-14T10:17:00+08:00
SHP-0002992,PO-202604-000083,SUP-053,road,承运商19,武汉,WH-02,2026-05-04T21:40:00+08:00,2026-05-04T21:40:00+08:00,0,delivered,CG000000002992,21660.0,2026-06-14T22:51:00+08:00
SHP-0002993,PO-202602-000396,SUP-059,road,承运商13,东莞,WH-02,2026-02-06T03:43:00+08:00,2026-02-06T03:43:00+08:00,0,customs_hold,CG000000002993,9823.92,2026-06-14T20:44:00+08:00
SHP-0002994,PO-202605-001431,SUP-001,sea,承运商10,宁波,WH-01,2026-05-27T12:29:00+08:00,2026-05-27T12:29:00+08:00,0,delivered,CG000000002994,27440.41,2026-06-14T18:08:00+08:00
SHP-0002995,PO-202602-000110,SUP-016,road,承运商23,武汉,WH-06,2026-02-26T04:25:00+08:00,2026-02-28T04:25:00+08:00,48,delayed,CG000000002995,17452.01,2026-06-14T16:44:00+08:00
SHP-0002996,PO-202510-001374,SUP-036,road,承运商02,合肥,WH-06,2025-10-28T07:53:00+08:00,2025-10-29T07:53:00+08:00,24,in_transit,CG000000002996,31618.49,2026-06-14T14:44:00+08:00
SHP-0002997,PO-202511-000348,SUP-011,air,承运商11,天津,WH-01,2025-11-26T12:09:00+08:00,2025-11-26T12:09:00+08:00,0,in_transit,CG000000002997,134769.26,2026-06-14T22:17:00+08:00
SHP-0002998,PO-202602-001646,SUP-009,sea,承运商08,杭州,WH-04,2026-02-12T15:25:00+08:00,2026-02-12T15:25:00+08:00,0,customs_hold,CG000000002998,12044.61,2026-06-14T23:31:00+08:00
SHP-0002999,PO-202604-001365,SUP-034,sea,承运商14,杭州,WH-04,2026-05-06T04:51:00+08:00,2026-05-07T04:51:00+08:00,24,delivered,CG000000002999,66076.84,2026-06-14T16:18:00+08:00
SHP-0003000,PO-202507-001054,SUP-036,road,承运商01,上海,WH-04,2025-07-18T15:05:00+08:00,2025-07-18T15:05:00+08:00,0,in_transit,CG000000003000,47260.99,2026-06-14T08:41:00+08:00
