case_id,event_id,scenario,selected_strategy,predicted_delay_hours,actual_delay_hours,predicted_cost,actual_cost,covered_demand_rate,production_downtime_hours,lost_orders,customer_complaints,outcome_status,human_rating,lessons_learned,model_version,parameter_version,created_at
CASE-000001,EVT-000125,台风天气-苏州-125,铁路替代+延期交付,24,18,86032.29,1152186.03,0.63,24,3,16,partial_success,3,优先保障A级客户，并同时验证备用供应商产能、质量与运输可用性。,demo-rule-v1,expert-2026-06,2026-01-13T08:00:00+08:00
CASE-000002,EVT-000155,海关查验延误-武汉-155,接受短期停线+控制现金成本,48,72,758514.12,861080.25,0.6009,12,0,8,success,5,优先保障A级客户，并同时验证备用供应商产能、质量与运输可用性。,demo-rule-v1,expert-2026-06,2025-10-14T08:00:00+08:00
CASE-000003,EVT-000187,质量召回-上海-187,双供应商分单+安全库存锁定,24,24,74200.32,586207.05,0.7788,0,3,7,partial_success,2,优先保障A级客户，并同时验证备用供应商产能、质量与运输可用性。,demo-rule-v1,expert-2026-06,2025-10-05T08:00:00+08:00
CASE-000004,EVT-000134,需求突增-合肥-134,紧急采购+生产计划调整,36,36,569664.71,213305.59,0.6488,48,1,1,success,4,优先保障A级客户，并同时验证备用供应商产能、质量与运输可用性。,demo-rule-v1,expert-2026-06,2025-09-11T08:00:00+08:00
CASE-000005,EVT-000055,需求突增-成都-055,铁路替代+延期交付,72,96,652430.18,518194.17,0.6098,24,3,8,partial_success,3,优先保障A级客户，并同时验证备用供应商产能、质量与运输可用性。,demo-rule-v1,expert-2026-06,2025-09-22T08:00:00+08:00
CASE-000006,EVT-000100,供应商停产-东莞-100,库存重分配+客户分级沟通,24,24,630935.79,856459.49,0.9096,24,3,10,success,3,优先保障A级客户，并同时验证备用供应商产能、质量与运输可用性。,demo-rule-v1,expert-2026-06,2026-03-25T08:00:00+08:00
CASE-000007,EVT-000113,供应商停产-东莞-113,双供应商分单+安全库存锁定,72,84,827730.96,257628.17,0.8247,24,0,6,success,5,优先保障A级客户，并同时验证备用供应商产能、质量与运输可用性。,demo-rule-v1,expert-2026-06,2026-05-21T08:00:00+08:00
CASE-000008,EVT-000132,质量召回-青岛-132,双供应商分单+安全库存锁定,24,18,754901.5,705270.95,0.7343,8,5,15,success,2,优先保障A级客户，并同时验证备用供应商产能、质量与运输可用性。,demo-rule-v1,expert-2026-06,2026-01-16T08:00:00+08:00
CASE-000009,EVT-000115,区域限电-东莞-115,双供应商分单+安全库存锁定,0,0,656627.29,822564.52,0.9355,0,2,10,success,2,优先保障A级客户，并同时验证备用供应商产能、质量与运输可用性。,demo-rule-v1,expert-2026-06,2026-04-09T08:00:00+08:00
CASE-000010,EVT-000198,供应商停产-青岛-198,关键订单空运+备用供应商补货,6,6,748473.64,800320.26,0.8718,8,2,4,failed,3,优先保障A级客户，并同时验证备用供应商产能、质量与运输可用性。,demo-rule-v1,expert-2026-06,2026-02-04T08:00:00+08:00
CASE-000011,EVT-000005,区域限电-宁波-005,双供应商分单+安全库存锁定,6,0,764102.27,961504.49,0.6072,48,2,5,success,3,优先保障A级客户，并同时验证备用供应商产能、质量与运输可用性。,demo-rule-v1,expert-2026-06,2026-05-28T08:00:00+08:00
CASE-000012,EVT-000015,运输节点中断-上海-015,双供应商分单+安全库存锁定,6,6,838455.28,564771.62,0.7872,24,2,10,success,2,优先保障A级客户，并同时验证备用供应商产能、质量与运输可用性。,demo-rule-v1,expert-2026-06,2026-05-27T08:00:00+08:00
CASE-000013,EVT-000200,港口停运-苏州-200,铁路替代+延期交付,6,6,406419.33,764922.14,0.9689,0,2,1,failed,2,优先保障A级客户，并同时验证备用供应商产能、质量与运输可用性。,demo-rule-v1,expert-2026-06,2026-04-12T08:00:00+08:00
CASE-000014,EVT-000084,运输节点中断-合肥-084,铁路替代+延期交付,0,0,51899.1,441425.8,0.5963,12,0,7,success,5,优先保障A级客户，并同时验证备用供应商产能、质量与运输可用性。,demo-rule-v1,expert-2026-06,2026-01-12T08:00:00+08:00
CASE-000015,EVT-000001,运输节点中断-武汉-001,紧急采购+生产计划调整,6,6,336087.22,110572.57,0.6405,0,2,18,success,2,优先保障A级客户，并同时验证备用供应商产能、质量与运输可用性。,demo-rule-v1,expert-2026-06,2025-12-09T08:00:00+08:00
CASE-000016,EVT-000138,台风天气-上海-138,紧急采购+生产计划调整,12,15,67503.35,1119899.97,0.8979,24,5,14,success,4,优先保障A级客户，并同时验证备用供应商产能、质量与运输可用性。,demo-rule-v1,expert-2026-06,2026-01-07T08:00:00+08:00
CASE-000017,EVT-000072,港口停运-东莞-072,铁路替代+延期交付,36,60,117299.07,654273.32,0.9966,24,0,0,success,3,优先保障A级客户，并同时验证备用供应商产能、质量与运输可用性。,demo-rule-v1,expert-2026-06,2026-02-21T08:00:00+08:00
CASE-000018,EVT-000205,区域限电-苏州-205,接受短期停线+控制现金成本,24,24,24279.16,862139.61,0.6376,0,3,17,success,2,优先保障A级客户，并同时验证备用供应商产能、质量与运输可用性。,demo-rule-v1,expert-2026-06,2025-11-01T08:00:00+08:00
CASE-000019,EVT-000009,需求突增-成都-009,接受短期停线+控制现金成本,24,18,120441.4,403933.72,0.891,24,3,16,success,3,优先保障A级客户，并同时验证备用供应商产能、质量与运输可用性。,demo-rule-v1,expert-2026-06,2025-10-04T08:00:00+08:00
CASE-000020,EVT-000195,区域限电-杭州-195,双供应商分单+安全库存锁定,0,12,712200.75,157276.22,0.8235,4,0,13,success,4,优先保障A级客户，并同时验证备用供应商产能、质量与运输可用性。,demo-rule-v1,expert-2026-06,2026-05-25T08:00:00+08:00
CASE-000021,EVT-000207,海关查验延误-青岛-207,关键订单空运+备用供应商补货,72,75,765410.83,29322.62,0.5417,24,0,11,success,2,优先保障A级客户，并同时验证备用供应商产能、质量与运输可用性。,demo-rule-v1,expert-2026-06,2025-06-18T08:00:00+08:00
CASE-000022,EVT-000200,港口停运-苏州-200,紧急采购+生产计划调整,72,84,291939.53,148612.21,0.9058,0,2,3,success,4,优先保障A级客户，并同时验证备用供应商产能、质量与运输可用性。,demo-rule-v1,expert-2026-06,2025-06-20T08:00:00+08:00
CASE-000023,EVT-000047,区域限电-杭州-047,关键订单空运+备用供应商补货,6,30,403918.03,510695.16,0.7826,48,1,17,success,4,优先保障A级客户，并同时验证备用供应商产能、质量与运输可用性。,demo-rule-v1,expert-2026-06,2025-08-04T08:00:00+08:00
CASE-000024,EVT-000220,海关查验延误-杭州-220,双供应商分单+安全库存锁定,72,84,282718.58,207127.7,0.758,12,0,16,success,5,优先保障A级客户，并同时验证备用供应商产能、质量与运输可用性。,demo-rule-v1,expert-2026-06,2026-05-14T08:00:00+08:00
CASE-000025,EVT-000184,海关查验延误-苏州-184,双供应商分单+安全库存锁定,0,0,775152.91,1144054.47,0.7171,0,5,3,partial_success,5,优先保障A级客户，并同时验证备用供应商产能、质量与运输可用性。,demo-rule-v1,expert-2026-06,2026-03-25T08:00:00+08:00
CASE-000026,EVT-000231,运输节点中断-天津-231,库存重分配+客户分级沟通,24,24,212437.65,106228.59,0.5782,48,0,12,success,5,优先保障A级客户，并同时验证备用供应商产能、质量与运输可用性。,demo-rule-v1,expert-2026-06,2026-01-11T08:00:00+08:00
CASE-000027,EVT-000063,供应商停产-天津-063,关键订单空运+备用供应商补货,0,3,874055.28,971244.63,0.7363,0,0,12,partial_success,3,优先保障A级客户，并同时验证备用供应商产能、质量与运输可用性。,demo-rule-v1,expert-2026-06,2026-03-25T08:00:00+08:00
CASE-000028,EVT-000092,台风天气-合肥-092,接受短期停线+控制现金成本,36,48,643653.47,806234.15,0.5543,0,5,18,success,2,优先保障A级客户，并同时验证备用供应商产能、质量与运输可用性。,demo-rule-v1,expert-2026-06,2025-10-30T08:00:00+08:00
CASE-000029,EVT-000027,质量召回-苏州-027,铁路替代+延期交付,48,48,600221.64,989915.38,0.6929,0,1,14,success,3,优先保障A级客户，并同时验证备用供应商产能、质量与运输可用性。,demo-rule-v1,expert-2026-06,2025-09-15T08:00:00+08:00
CASE-000030,EVT-000115,区域限电-东莞-115,紧急采购+生产计划调整,48,48,781944.32,999067.13,0.7251,0,1,4,success,5,优先保障A级客户，并同时验证备用供应商产能、质量与运输可用性。,demo-rule-v1,expert-2026-06,2025-07-08T08:00:00+08:00
CASE-000031,EVT-000067,质量召回-东莞-067,双供应商分单+安全库存锁定,12,6,211914.73,472910.13,0.9358,0,0,14,success,4,优先保障A级客户，并同时验证备用供应商产能、质量与运输可用性。,demo-rule-v1,expert-2026-06,2025-09-14T08:00:00+08:00
CASE-000032,EVT-000232,供应商停产-天津-232,接受短期停线+控制现金成本,12,12,519022.25,329312.24,0.545,24,0,8,success,2,优先保障A级客户，并同时验证备用供应商产能、质量与运输可用性。,demo-rule-v1,expert-2026-06,2026-03-22T08:00:00+08:00
CASE-000033,EVT-000124,区域限电-上海-124,接受短期停线+控制现金成本,24,48,148900.56,1012827.12,0.7663,0,5,1,failed,3,优先保障A级客户，并同时验证备用供应商产能、质量与运输可用性。,demo-rule-v1,expert-2026-06,2025-10-17T08:00:00+08:00
CASE-000034,EVT-000087,区域限电-武汉-087,双供应商分单+安全库存锁定,48,42,827235.52,608169.04,0.885,12,0,4,failed,1,优先保障A级客户，并同时验证备用供应商产能、质量与运输可用性。,demo-rule-v1,expert-2026-06,2026-03-25T08:00:00+08:00
CASE-000035,EVT-000236,质量召回-苏州-236,库存重分配+客户分级沟通,12,12,140126.28,279687.67,0.8363,12,1,17,partial_success,4,优先保障A级客户，并同时验证备用供应商产能、质量与运输可用性。,demo-rule-v1,expert-2026-06,2026-05-30T08:00:00+08:00
CASE-000036,EVT-000102,运输节点中断-杭州-102,双供应商分单+安全库存锁定,6,30,54990.61,1164773.06,0.9295,4,1,6,partial_success,2,优先保障A级客户，并同时验证备用供应商产能、质量与运输可用性。,demo-rule-v1,expert-2026-06,2026-03-22T08:00:00+08:00
CASE-000037,EVT-000030,供应商停产-武汉-030,接受短期停线+控制现金成本,24,18,469187.29,600366.66,0.6155,8,0,12,success,5,优先保障A级客户，并同时验证备用供应商产能、质量与运输可用性。,demo-rule-v1,expert-2026-06,2025-07-28T08:00:00+08:00
CASE-000038,EVT-000189,需求突增-武汉-189,关键订单空运+备用供应商补货,36,30,500653.01,566789.64,0.9989,4,0,6,success,5,优先保障A级客户，并同时验证备用供应商产能、质量与运输可用性。,demo-rule-v1,expert-2026-06,2026-03-13T08:00:00+08:00
CASE-000039,EVT-000159,区域限电-合肥-159,双供应商分单+安全库存锁定,48,72,298500.6,409761.67,0.6155,48,2,9,partial_success,3,优先保障A级客户，并同时验证备用供应商产能、质量与运输可用性。,demo-rule-v1,expert-2026-06,2025-09-14T08:00:00+08:00
CASE-000040,EVT-000225,需求突增-苏州-225,关键订单空运+备用供应商补货,0,3,714561.72,885802.95,0.5296,24,2,4,partial_success,2,优先保障A级客户，并同时验证备用供应商产能、质量与运输可用性。,demo-rule-v1,expert-2026-06,2026-01-15T08:00:00+08:00
CASE-000041,EVT-000211,需求突增-杭州-211,接受短期停线+控制现金成本,0,12,535528.65,739631.23,0.7894,4,0,7,success,2,优先保障A级客户，并同时验证备用供应商产能、质量与运输可用性。,demo-rule-v1,expert-2026-06,2025-10-10T08:00:00+08:00
CASE-000042,EVT-000061,区域限电-成都-061,关键订单空运+备用供应商补货,72,72,253969.82,323984.14,0.9171,0,0,17,partial_success,2,优先保障A级客户，并同时验证备用供应商产能、质量与运输可用性。,demo-rule-v1,expert-2026-06,2025-10-16T08:00:00+08:00
CASE-000043,EVT-000115,区域限电-东莞-115,库存重分配+客户分级沟通,6,6,53669.81,813817.36,0.7599,48,5,14,partial_success,3,优先保障A级客户，并同时验证备用供应商产能、质量与运输可用性。,demo-rule-v1,expert-2026-06,2026-04-08T08:00:00+08:00
CASE-000044,EVT-000218,港口停运-青岛-218,紧急采购+生产计划调整,0,3,638467.4,157366.72,0.6749,0,2,3,partial_success,3,优先保障A级客户，并同时验证备用供应商产能、质量与运输可用性。,demo-rule-v1,expert-2026-06,2026-01-23T08:00:00+08:00
CASE-000045,EVT-000101,台风天气-成都-101,库存重分配+客户分级沟通,48,51,357757.45,929377.1,0.6438,0,3,11,success,3,优先保障A级客户，并同时验证备用供应商产能、质量与运输可用性。,demo-rule-v1,expert-2026-06,2026-03-24T08:00:00+08:00
CASE-000046,EVT-000220,海关查验延误-杭州-220,库存重分配+客户分级沟通,6,30,465136.85,932255.95,0.7438,24,5,5,success,5,优先保障A级客户，并同时验证备用供应商产能、质量与运输可用性。,demo-rule-v1,expert-2026-06,2025-08-06T08:00:00+08:00
CASE-000047,EVT-000145,供应商停产-苏州-145,紧急采购+生产计划调整,72,84,430363.59,985179.46,0.7329,0,1,18,success,3,优先保障A级客户，并同时验证备用供应商产能、质量与运输可用性。,demo-rule-v1,expert-2026-06,2026-05-28T08:00:00+08:00
CASE-000048,EVT-000198,供应商停产-青岛-198,关键订单空运+备用供应商补货,0,0,415282.82,98082.15,0.8686,48,3,0,success,2,优先保障A级客户，并同时验证备用供应商产能、质量与运输可用性。,demo-rule-v1,expert-2026-06,2025-10-07T08:00:00+08:00
CASE-000049,EVT-000161,区域限电-青岛-161,库存重分配+客户分级沟通,0,6,858169.63,34006.0,0.8256,12,3,16,failed,3,优先保障A级客户，并同时验证备用供应商产能、质量与运输可用性。,demo-rule-v1,expert-2026-06,2025-07-19T08:00:00+08:00
CASE-000050,EVT-000137,港口停运-青岛-137,双供应商分单+安全库存锁定,0,0,44083.09,144606.89,0.6468,0,0,15,success,5,优先保障A级客户，并同时验证备用供应商产能、质量与运输可用性。,demo-rule-v1,expert-2026-06,2025-10-12T08:00:00+08:00
CASE-000051,EVT-000155,海关查验延误-武汉-155,关键订单空运+备用供应商补货,24,36,421232.27,630183.6,0.9019,0,2,0,success,4,优先保障A级客户，并同时验证备用供应商产能、质量与运输可用性。,demo-rule-v1,expert-2026-06,2026-01-05T08:00:00+08:00
CASE-000052,EVT-000170,港口停运-青岛-170,双供应商分单+安全库存锁定,12,12,555139.38,317283.36,0.6968,8,5,17,success,2,优先保障A级客户，并同时验证备用供应商产能、质量与运输可用性。,demo-rule-v1,expert-2026-06,2025-07-27T08:00:00+08:00
CASE-000053,EVT-000070,港口停运-宁波-070,紧急采购+生产计划调整,72,72,331417.28,972774.18,0.9135,48,3,15,success,4,优先保障A级客户，并同时验证备用供应商产能、质量与运输可用性。,demo-rule-v1,expert-2026-06,2025-07-20T08:00:00+08:00
CASE-000054,EVT-000172,质量召回-天津-172,库存重分配+客户分级沟通,72,66,349285.83,295370.4,0.8511,8,0,13,partial_success,2,优先保障A级客户，并同时验证备用供应商产能、质量与运输可用性。,demo-rule-v1,expert-2026-06,2026-03-01T08:00:00+08:00
CASE-000055,EVT-000031,供应商停产-苏州-031,铁路替代+延期交付,6,6,369360.23,866130.53,0.7168,4,2,10,partial_success,4,优先保障A级客户，并同时验证备用供应商产能、质量与运输可用性。,demo-rule-v1,expert-2026-06,2026-01-27T08:00:00+08:00
CASE-000056,EVT-000050,海关查验延误-上海-050,双供应商分单+安全库存锁定,6,6,88924.14,886125.3,0.6948,0,5,6,partial_success,4,优先保障A级客户，并同时验证备用供应商产能、质量与运输可用性。,demo-rule-v1,expert-2026-06,2026-05-04T08:00:00+08:00
CASE-000057,EVT-000085,区域限电-东莞-085,紧急采购+生产计划调整,36,39,490919.62,146902.84,0.7114,0,5,7,success,5,优先保障A级客户，并同时验证备用供应商产能、质量与运输可用性。,demo-rule-v1,expert-2026-06,2025-11-25T08:00:00+08:00
CASE-000058,EVT-000005,区域限电-宁波-005,双供应商分单+安全库存锁定,6,30,572898.62,895167.17,0.9166,0,0,1,success,3,优先保障A级客户，并同时验证备用供应商产能、质量与运输可用性。,demo-rule-v1,expert-2026-06,2025-08-25T08:00:00+08:00
CASE-000059,EVT-000179,需求突增-青岛-179,接受短期停线+控制现金成本,6,18,632892.09,452638.79,0.9258,48,0,15,partial_success,2,优先保障A级客户，并同时验证备用供应商产能、质量与运输可用性。,demo-rule-v1,expert-2026-06,2025-07-22T08:00:00+08:00
CASE-000060,EVT-000233,需求突增-宁波-233,双供应商分单+安全库存锁定,0,6,706799.36,774685.15,0.615,4,0,0,success,3,优先保障A级客户，并同时验证备用供应商产能、质量与运输可用性。,demo-rule-v1,expert-2026-06,2026-06-03T08:00:00+08:00
CASE-000061,EVT-000163,区域限电-宁波-163,库存重分配+客户分级沟通,36,60,771522.37,918811.35,0.8564,24,0,9,success,3,优先保障A级客户，并同时验证备用供应商产能、质量与运输可用性。,demo-rule-v1,expert-2026-06,2025-06-21T08:00:00+08:00
CASE-000062,EVT-000140,海关查验延误-上海-140,库存重分配+客户分级沟通,72,78,715906.92,944614.46,0.6676,0,0,5,success,3,优先保障A级客户，并同时验证备用供应商产能、质量与运输可用性。,demo-rule-v1,expert-2026-06,2025-11-01T08:00:00+08:00
CASE-000063,EVT-000094,海关查验延误-苏州-094,紧急采购+生产计划调整,6,0,57096.71,903960.17,0.5951,12,2,0,success,3,优先保障A级客户，并同时验证备用供应商产能、质量与运输可用性。,demo-rule-v1,expert-2026-06,2025-10-10T08:00:00+08:00
CASE-000064,EVT-000035,质量召回-宁波-035,铁路替代+延期交付,72,75,635921.54,670282.69,0.8696,8,2,13,partial_success,5,优先保障A级客户，并同时验证备用供应商产能、质量与运输可用性。,demo-rule-v1,expert-2026-06,2025-11-20T08:00:00+08:00
CASE-000065,EVT-000226,海关查验延误-杭州-226,铁路替代+延期交付,0,24,425553.27,570764.19,0.5964,8,1,5,partial_success,5,优先保障A级客户，并同时验证备用供应商产能、质量与运输可用性。,demo-rule-v1,expert-2026-06,2026-03-24T08:00:00+08:00
CASE-000066,EVT-000210,台风天气-武汉-210,紧急采购+生产计划调整,36,36,832369.84,46591.55,0.8703,0,3,13,success,5,优先保障A级客户，并同时验证备用供应商产能、质量与运输可用性。,demo-rule-v1,expert-2026-06,2026-04-22T08:00:00+08:00
CASE-000067,EVT-000009,需求突增-成都-009,接受短期停线+控制现金成本,72,75,896117.5,827703.44,0.5214,0,5,12,partial_success,5,优先保障A级客户，并同时验证备用供应商产能、质量与运输可用性。,demo-rule-v1,expert-2026-06,2026-05-15T08:00:00+08:00
CASE-000068,EVT-000162,运输节点中断-天津-162,紧急采购+生产计划调整,12,36,825707.65,309307.02,0.6187,48,5,14,success,2,优先保障A级客户，并同时验证备用供应商产能、质量与运输可用性。,demo-rule-v1,expert-2026-06,2025-10-05T08:00:00+08:00
CASE-000069,EVT-000186,供应商停产-青岛-186,铁路替代+延期交付,36,42,89426.56,341698.3,0.7733,48,2,7,success,4,优先保障A级客户，并同时验证备用供应商产能、质量与运输可用性。,demo-rule-v1,expert-2026-06,2026-05-17T08:00:00+08:00
CASE-000070,EVT-000206,港口停运-成都-206,铁路替代+延期交付,24,24,446975.18,780469.08,0.6005,0,0,13,partial_success,2,优先保障A级客户，并同时验证备用供应商产能、质量与运输可用性。,demo-rule-v1,expert-2026-06,2025-11-12T08:00:00+08:00
CASE-000071,EVT-000178,区域限电-武汉-178,双供应商分单+安全库存锁定,12,12,714946.25,544127.95,0.6051,48,2,5,failed,2,优先保障A级客户，并同时验证备用供应商产能、质量与运输可用性。,demo-rule-v1,expert-2026-06,2026-04-18T08:00:00+08:00
CASE-000072,EVT-000221,运输节点中断-武汉-221,关键订单空运+备用供应商补货,48,72,242646.76,808460.23,0.9551,0,1,15,success,2,优先保障A级客户，并同时验证备用供应商产能、质量与运输可用性。,demo-rule-v1,expert-2026-06,2025-06-18T08:00:00+08:00
CASE-000073,EVT-000176,供应商停产-成都-176,铁路替代+延期交付,36,36,439159.97,131879.42,0.5341,0,0,4,success,5,优先保障A级客户，并同时验证备用供应商产能、质量与运输可用性。,demo-rule-v1,expert-2026-06,2025-12-25T08:00:00+08:00
CASE-000074,EVT-000130,海关查验延误-成都-130,关键订单空运+备用供应商补货,24,24,749862.99,28845.2,0.9865,12,0,11,success,4,优先保障A级客户，并同时验证备用供应商产能、质量与运输可用性。,demo-rule-v1,expert-2026-06,2026-02-04T08:00:00+08:00
CASE-000075,EVT-000234,质量召回-东莞-234,紧急采购+生产计划调整,48,48,527107.54,492718.85,0.8078,24,1,12,partial_success,2,优先保障A级客户，并同时验证备用供应商产能、质量与运输可用性。,demo-rule-v1,expert-2026-06,2025-11-06T08:00:00+08:00
CASE-000076,EVT-000131,需求突增-宁波-131,双供应商分单+安全库存锁定,0,3,746636.18,729178.23,0.7315,0,2,3,success,2,优先保障A级客户，并同时验证备用供应商产能、质量与运输可用性。,demo-rule-v1,expert-2026-06,2025-11-28T08:00:00+08:00
CASE-000077,EVT-000222,质量召回-青岛-222,铁路替代+延期交付,48,48,518426.39,504512.03,0.8457,0,3,7,partial_success,2,优先保障A级客户，并同时验证备用供应商产能、质量与运输可用性。,demo-rule-v1,expert-2026-06,2026-01-30T08:00:00+08:00
CASE-000078,EVT-000182,需求突增-天津-182,接受短期停线+控制现金成本,48,51,93077.54,962837.88,0.7311,24,1,9,success,4,优先保障A级客户，并同时验证备用供应商产能、质量与运输可用性。,demo-rule-v1,expert-2026-06,2025-11-23T08:00:00+08:00
CASE-000079,EVT-000021,运输节点中断-上海-021,关键订单空运+备用供应商补货,24,18,467676.24,742419.25,0.6688,24,1,2,failed,3,优先保障A级客户，并同时验证备用供应商产能、质量与运输可用性。,demo-rule-v1,expert-2026-06,2026-04-18T08:00:00+08:00
CASE-000080,EVT-000156,海关查验延误-东莞-156,双供应商分单+安全库存锁定,24,18,555681.52,400094.69,0.6473,24,0,10,partial_success,2,优先保障A级客户，并同时验证备用供应商产能、质量与运输可用性。,demo-rule-v1,expert-2026-06,2026-01-26T08:00:00+08:00
CASE-000081,EVT-000146,海关查验延误-合肥-146,紧急采购+生产计划调整,72,66,650641.91,632335.43,0.8253,0,0,1,partial_success,3,优先保障A级客户，并同时验证备用供应商产能、质量与运输可用性。,demo-rule-v1,expert-2026-06,2025-10-02T08:00:00+08:00
CASE-000082,EVT-000018,台风天气-东莞-018,紧急采购+生产计划调整,0,24,409224.2,130517.22,0.8756,0,2,16,failed,1,优先保障A级客户，并同时验证备用供应商产能、质量与运输可用性。,demo-rule-v1,expert-2026-06,2025-12-11T08:00:00+08:00
CASE-000083,EVT-000124,区域限电-上海-124,紧急采购+生产计划调整,0,6,714772.28,1199807.71,0.8937,4,1,9,failed,1,优先保障A级客户，并同时验证备用供应商产能、质量与运输可用性。,demo-rule-v1,expert-2026-06,2026-01-15T08:00:00+08:00
CASE-000084,EVT-000166,区域限电-成都-166,库存重分配+客户分级沟通,6,6,170989.64,585306.14,0.8371,4,3,5,success,5,优先保障A级客户，并同时验证备用供应商产能、质量与运输可用性。,demo-rule-v1,expert-2026-06,2025-08-23T08:00:00+08:00
CASE-000085,EVT-000041,海关查验延误-武汉-041,关键订单空运+备用供应商补货,48,51,659667.06,115532.7,0.6128,0,2,4,success,5,优先保障A级客户，并同时验证备用供应商产能、质量与运输可用性。,demo-rule-v1,expert-2026-06,2025-12-30T08:00:00+08:00
CASE-000086,EVT-000032,台风天气-成都-032,双供应商分单+安全库存锁定,48,48,615626.81,1097289.4,0.5272,48,0,16,failed,1,优先保障A级客户，并同时验证备用供应商产能、质量与运输可用性。,demo-rule-v1,expert-2026-06,2025-12-10T08:00:00+08:00
CASE-000087,EVT-000069,区域限电-苏州-069,铁路替代+延期交付,12,36,748769.26,502078.2,0.5992,0,3,4,success,5,优先保障A级客户，并同时验证备用供应商产能、质量与运输可用性。,demo-rule-v1,expert-2026-06,2025-09-24T08:00:00+08:00
CASE-000088,EVT-000103,区域限电-苏州-103,库存重分配+客户分级沟通,48,54,445722.64,819458.71,0.7475,4,1,5,failed,2,优先保障A级客户，并同时验证备用供应商产能、质量与运输可用性。,demo-rule-v1,expert-2026-06,2025-10-22T08:00:00+08:00
CASE-000089,EVT-000151,海关查验延误-成都-151,双供应商分单+安全库存锁定,48,48,356016.8,240720.39,0.9975,0,1,12,success,3,优先保障A级客户，并同时验证备用供应商产能、质量与运输可用性。,demo-rule-v1,expert-2026-06,2025-09-17T08:00:00+08:00
CASE-000090,EVT-000167,海关查验延误-上海-167,紧急采购+生产计划调整,48,42,846206.22,985376.14,0.9604,12,2,14,success,5,优先保障A级客户，并同时验证备用供应商产能、质量与运输可用性。,demo-rule-v1,expert-2026-06,2026-03-11T08:00:00+08:00
CASE-000091,EVT-000047,区域限电-杭州-047,铁路替代+延期交付,48,48,871571.99,579520.16,0.7549,0,0,9,success,2,优先保障A级客户，并同时验证备用供应商产能、质量与运输可用性。,demo-rule-v1,expert-2026-06,2025-10-20T08:00:00+08:00
CASE-000092,EVT-000030,供应商停产-武汉-030,关键订单空运+备用供应商补货,72,66,690536.75,792337.36,0.5369,0,5,6,partial_success,4,优先保障A级客户，并同时验证备用供应商产能、质量与运输可用性。,demo-rule-v1,expert-2026-06,2025-08-07T08:00:00+08:00
CASE-000093,EVT-000172,质量召回-天津-172,关键订单空运+备用供应商补货,48,42,715586.56,651880.4,0.9279,0,5,7,success,3,优先保障A级客户，并同时验证备用供应商产能、质量与运输可用性。,demo-rule-v1,expert-2026-06,2026-03-20T08:00:00+08:00
CASE-000094,EVT-000165,质量召回-青岛-165,关键订单空运+备用供应商补货,12,24,471019.17,1131047.18,0.9481,0,1,7,success,5,优先保障A级客户，并同时验证备用供应商产能、质量与运输可用性。,demo-rule-v1,expert-2026-06,2025-11-20T08:00:00+08:00
CASE-000095,EVT-000076,海关查验延误-青岛-076,接受短期停线+控制现金成本,48,60,747675.57,1182094.11,0.5735,0,0,18,success,5,优先保障A级客户，并同时验证备用供应商产能、质量与运输可用性。,demo-rule-v1,expert-2026-06,2026-03-13T08:00:00+08:00
CASE-000096,EVT-000034,区域限电-东莞-034,铁路替代+延期交付,36,48,899831.76,599851.15,0.5705,8,2,15,success,3,优先保障A级客户，并同时验证备用供应商产能、质量与运输可用性。,demo-rule-v1,expert-2026-06,2025-10-06T08:00:00+08:00
CASE-000097,EVT-000158,区域限电-青岛-158,紧急采购+生产计划调整,0,0,724067.99,1138931.82,0.6581,8,0,10,partial_success,4,优先保障A级客户，并同时验证备用供应商产能、质量与运输可用性。,demo-rule-v1,expert-2026-06,2025-10-05T08:00:00+08:00
CASE-000098,EVT-000033,运输节点中断-合肥-033,双供应商分单+安全库存锁定,12,15,118049.6,339014.56,0.7666,12,1,10,success,2,优先保障A级客户，并同时验证备用供应商产能、质量与运输可用性。,demo-rule-v1,expert-2026-06,2026-02-24T08:00:00+08:00
CASE-000099,EVT-000149,海关查验延误-上海-149,库存重分配+客户分级沟通,48,48,511219.75,415200.26,0.7604,12,0,0,success,5,优先保障A级客户，并同时验证备用供应商产能、质量与运输可用性。,demo-rule-v1,expert-2026-06,2026-02-03T08:00:00+08:00
CASE-000100,EVT-000240,运输节点中断-宁波-240,铁路替代+延期交付,0,0,413585.47,535122.42,0.5963,4,0,7,success,2,优先保障A级客户，并同时验证备用供应商产能、质量与运输可用性。,demo-rule-v1,expert-2026-06,2025-11-29T08:00:00+08:00
CASE-000101,EVT-000086,台风天气-天津-086,关键订单空运+备用供应商补货,0,6,310419.31,202921.24,0.8997,4,0,1,success,4,优先保障A级客户，并同时验证备用供应商产能、质量与运输可用性。,demo-rule-v1,expert-2026-06,2026-01-07T08:00:00+08:00
CASE-000102,EVT-000207,海关查验延误-青岛-207,接受短期停线+控制现金成本,24,18,526047.12,505612.34,0.8869,24,2,10,success,3,优先保障A级客户，并同时验证备用供应商产能、质量与运输可用性。,demo-rule-v1,expert-2026-06,2025-12-03T08:00:00+08:00
CASE-000103,EVT-000084,运输节点中断-合肥-084,双供应商分单+安全库存锁定,24,30,207759.42,268012.34,0.5507,4,2,17,success,5,优先保障A级客户，并同时验证备用供应商产能、质量与运输可用性。,demo-rule-v1,expert-2026-06,2025-08-05T08:00:00+08:00
CASE-000104,EVT-000047,区域限电-杭州-047,接受短期停线+控制现金成本,48,48,489689.48,868541.49,0.7252,8,2,13,failed,3,优先保障A级客户，并同时验证备用供应商产能、质量与运输可用性。,demo-rule-v1,expert-2026-06,2026-01-10T08:00:00+08:00
CASE-000105,EVT-000112,供应商停产-东莞-112,紧急采购+生产计划调整,6,0,336975.48,483188.28,0.7968,8,0,10,success,4,优先保障A级客户，并同时验证备用供应商产能、质量与运输可用性。,demo-rule-v1,expert-2026-06,2025-09-07T08:00:00+08:00
CASE-000106,EVT-000019,需求突增-杭州-019,接受短期停线+控制现金成本,24,27,456208.24,541107.04,0.8707,0,2,14,success,4,优先保障A级客户，并同时验证备用供应商产能、质量与运输可用性。,demo-rule-v1,expert-2026-06,2025-06-22T08:00:00+08:00
CASE-000107,EVT-000073,质量召回-天津-073,库存重分配+客户分级沟通,6,6,63835.26,1151245.43,0.627,0,0,15,success,2,优先保障A级客户，并同时验证备用供应商产能、质量与运输可用性。,demo-rule-v1,expert-2026-06,2026-04-27T08:00:00+08:00
CASE-000108,EVT-000169,需求突增-东莞-169,接受短期停线+控制现金成本,6,30,323872.88,46678.61,0.6457,12,5,14,success,5,优先保障A级客户，并同时验证备用供应商产能、质量与运输可用性。,demo-rule-v1,expert-2026-06,2025-12-16T08:00:00+08:00
CASE-000109,EVT-000006,运输节点中断-合肥-006,紧急采购+生产计划调整,0,24,312282.36,795331.24,0.5759,24,5,15,success,2,优先保障A级客户，并同时验证备用供应商产能、质量与运输可用性。,demo-rule-v1,expert-2026-06,2026-05-13T08:00:00+08:00
CASE-000110,EVT-000201,质量召回-宁波-201,关键订单空运+备用供应商补货,12,12,148765.52,940086.11,0.9841,0,2,1,success,5,优先保障A级客户，并同时验证备用供应商产能、质量与运输可用性。,demo-rule-v1,expert-2026-06,2026-01-14T08:00:00+08:00
CASE-000111,EVT-000209,台风天气-合肥-209,库存重分配+客户分级沟通,72,72,575145.75,889846.8,0.7231,0,3,4,partial_success,2,优先保障A级客户，并同时验证备用供应商产能、质量与运输可用性。,demo-rule-v1,expert-2026-06,2025-12-19T08:00:00+08:00
CASE-000112,EVT-000214,区域限电-宁波-214,关键订单空运+备用供应商补货,72,96,29648.66,1064448.02,0.8638,0,1,7,success,4,优先保障A级客户，并同时验证备用供应商产能、质量与运输可用性。,demo-rule-v1,expert-2026-06,2026-01-04T08:00:00+08:00
CASE-000113,EVT-000073,质量召回-天津-073,关键订单空运+备用供应商补货,12,24,573289.55,140178.53,0.8086,12,1,3,success,5,优先保障A级客户，并同时验证备用供应商产能、质量与运输可用性。,demo-rule-v1,expert-2026-06,2026-01-10T08:00:00+08:00
CASE-000114,EVT-000140,海关查验延误-上海-140,接受短期停线+控制现金成本,48,60,151519.34,1159030.34,0.7284,24,1,9,partial_success,2,优先保障A级客户，并同时验证备用供应商产能、质量与运输可用性。,demo-rule-v1,expert-2026-06,2026-02-27T08:00:00+08:00
CASE-000115,EVT-000109,需求突增-杭州-109,铁路替代+延期交付,48,48,391878.67,43133.27,0.8946,0,2,11,success,5,优先保障A级客户，并同时验证备用供应商产能、质量与运输可用性。,demo-rule-v1,expert-2026-06,2026-05-01T08:00:00+08:00
CASE-000116,EVT-000205,区域限电-苏州-205,库存重分配+客户分级沟通,24,36,738147.14,127676.3,0.7129,48,0,13,success,2,优先保障A级客户，并同时验证备用供应商产能、质量与运输可用性。,demo-rule-v1,expert-2026-06,2025-10-21T08:00:00+08:00
CASE-000117,EVT-000079,海关查验延误-苏州-079,库存重分配+客户分级沟通,24,36,264681.43,1003982.76,0.8944,8,1,2,success,3,优先保障A级客户，并同时验证备用供应商产能、质量与运输可用性。,demo-rule-v1,expert-2026-06,2025-10-03T08:00:00+08:00
CASE-000118,EVT-000222,质量召回-青岛-222,双供应商分单+安全库存锁定,72,96,701974.39,652467.13,0.797,0,2,2,success,3,优先保障A级客户，并同时验证备用供应商产能、质量与运输可用性。,demo-rule-v1,expert-2026-06,2026-01-30T08:00:00+08:00
CASE-000119,EVT-000097,质量召回-上海-097,双供应商分单+安全库存锁定,0,24,514921.32,310833.77,0.679,8,1,2,success,3,优先保障A级客户，并同时验证备用供应商产能、质量与运输可用性。,demo-rule-v1,expert-2026-06,2026-05-21T08:00:00+08:00
CASE-000120,EVT-000234,质量召回-东莞-234,双供应商分单+安全库存锁定,0,12,250642.74,378858.3,0.918,12,3,10,success,5,优先保障A级客户，并同时验证备用供应商产能、质量与运输可用性。,demo-rule-v1,expert-2026-06,2026-02-28T08:00:00+08:00
CASE-000121,EVT-000191,台风天气-合肥-191,接受短期停线+控制现金成本,72,96,864445.19,568499.65,0.9564,48,3,5,success,2,优先保障A级客户，并同时验证备用供应商产能、质量与运输可用性。,demo-rule-v1,expert-2026-06,2026-02-11T08:00:00+08:00
CASE-000122,EVT-000071,质量召回-苏州-071,库存重分配+客户分级沟通,6,0,714810.52,565837.82,0.5816,0,2,16,success,3,优先保障A级客户，并同时验证备用供应商产能、质量与运输可用性。,demo-rule-v1,expert-2026-06,2026-05-18T08:00:00+08:00
CASE-000123,EVT-000115,区域限电-东莞-115,接受短期停线+控制现金成本,36,48,770232.9,449014.33,0.7325,0,3,8,success,5,优先保障A级客户，并同时验证备用供应商产能、质量与运输可用性。,demo-rule-v1,expert-2026-06,2026-04-11T08:00:00+08:00
CASE-000124,EVT-000239,台风天气-青岛-239,双供应商分单+安全库存锁定,0,24,869805.57,804327.27,0.9391,8,0,1,failed,2,优先保障A级客户，并同时验证备用供应商产能、质量与运输可用性。,demo-rule-v1,expert-2026-06,2026-01-02T08:00:00+08:00
CASE-000125,EVT-000210,台风天气-武汉-210,库存重分配+客户分级沟通,6,6,75932.47,369904.42,0.6128,0,0,16,success,3,优先保障A级客户，并同时验证备用供应商产能、质量与运输可用性。,demo-rule-v1,expert-2026-06,2026-03-28T08:00:00+08:00
CASE-000126,EVT-000149,海关查验延误-上海-149,库存重分配+客户分级沟通,36,42,490928.81,1190019.93,0.7933,4,0,7,success,3,优先保障A级客户，并同时验证备用供应商产能、质量与运输可用性。,demo-rule-v1,expert-2026-06,2025-12-29T08:00:00+08:00
CASE-000127,EVT-000097,质量召回-上海-097,接受短期停线+控制现金成本,12,15,47199.23,325007.98,0.7606,12,3,0,partial_success,5,优先保障A级客户，并同时验证备用供应商产能、质量与运输可用性。,demo-rule-v1,expert-2026-06,2025-10-20T08:00:00+08:00
CASE-000128,EVT-000191,台风天气-合肥-191,关键订单空运+备用供应商补货,72,96,887633.68,345978.82,0.6608,0,1,7,success,2,优先保障A级客户，并同时验证备用供应商产能、质量与运输可用性。,demo-rule-v1,expert-2026-06,2026-04-21T08:00:00+08:00
CASE-000129,EVT-000225,需求突增-苏州-225,铁路替代+延期交付,12,12,501062.98,787970.48,0.9397,12,0,3,success,2,优先保障A级客户，并同时验证备用供应商产能、质量与运输可用性。,demo-rule-v1,expert-2026-06,2025-06-26T08:00:00+08:00
CASE-000130,EVT-000204,海关查验延误-上海-204,接受短期停线+控制现金成本,12,12,200486.05,999823.99,0.9454,0,5,11,failed,3,优先保障A级客户，并同时验证备用供应商产能、质量与运输可用性。,demo-rule-v1,expert-2026-06,2026-03-16T08:00:00+08:00
CASE-000131,EVT-000168,区域限电-苏州-168,紧急采购+生产计划调整,72,84,274143.56,87347.6,0.6857,4,1,9,failed,2,优先保障A级客户，并同时验证备用供应商产能、质量与运输可用性。,demo-rule-v1,expert-2026-06,2026-05-03T08:00:00+08:00
CASE-000132,EVT-000013,台风天气-苏州-013,关键订单空运+备用供应商补货,36,30,194326.88,888595.45,0.9829,0,5,7,success,4,优先保障A级客户，并同时验证备用供应商产能、质量与运输可用性。,demo-rule-v1,expert-2026-06,2026-04-09T08:00:00+08:00
CASE-000133,EVT-000032,台风天气-成都-032,关键订单空运+备用供应商补货,72,75,559210.48,171989.59,0.797,24,2,9,success,4,优先保障A级客户，并同时验证备用供应商产能、质量与运输可用性。,demo-rule-v1,expert-2026-06,2025-06-22T08:00:00+08:00
CASE-000134,EVT-000129,供应商停产-东莞-129,关键订单空运+备用供应商补货,0,24,550862.34,217711.58,0.7381,0,5,6,success,2,优先保障A级客户，并同时验证备用供应商产能、质量与运输可用性。,demo-rule-v1,expert-2026-06,2026-01-08T08:00:00+08:00
CASE-000135,EVT-000155,海关查验延误-武汉-155,关键订单空运+备用供应商补货,48,54,25959.16,1130950.74,0.9333,0,1,5,success,3,优先保障A级客户，并同时验证备用供应商产能、质量与运输可用性。,demo-rule-v1,expert-2026-06,2025-08-29T08:00:00+08:00
CASE-000136,EVT-000011,台风天气-杭州-011,双供应商分单+安全库存锁定,0,6,722085.2,607602.13,0.6309,12,2,16,success,3,优先保障A级客户，并同时验证备用供应商产能、质量与运输可用性。,demo-rule-v1,expert-2026-06,2026-05-15T08:00:00+08:00
CASE-000137,EVT-000027,质量召回-苏州-027,关键订单空运+备用供应商补货,24,27,250514.02,986330.85,0.5699,0,5,10,success,5,优先保障A级客户，并同时验证备用供应商产能、质量与运输可用性。,demo-rule-v1,expert-2026-06,2026-01-05T08:00:00+08:00
CASE-000138,EVT-000235,供应商停产-苏州-235,关键订单空运+备用供应商补货,0,12,576867.89,659931.8,0.8281,0,1,14,partial_success,4,优先保障A级客户，并同时验证备用供应商产能、质量与运输可用性。,demo-rule-v1,expert-2026-06,2025-07-17T08:00:00+08:00
CASE-000139,EVT-000149,海关查验延误-上海-149,关键订单空运+备用供应商补货,6,18,540480.39,45783.61,0.9118,12,0,0,partial_success,2,优先保障A级客户，并同时验证备用供应商产能、质量与运输可用性。,demo-rule-v1,expert-2026-06,2025-08-11T08:00:00+08:00
CASE-000140,EVT-000136,需求突增-宁波-136,接受短期停线+控制现金成本,12,15,400089.22,387727.19,0.7388,0,3,0,success,5,优先保障A级客户，并同时验证备用供应商产能、质量与运输可用性。,demo-rule-v1,expert-2026-06,2025-12-24T08:00:00+08:00
CASE-000141,EVT-000160,质量召回-宁波-160,库存重分配+客户分级沟通,24,48,423469.59,1005003.32,0.565,8,3,8,success,4,优先保障A级客户，并同时验证备用供应商产能、质量与运输可用性。,demo-rule-v1,expert-2026-06,2025-09-21T08:00:00+08:00
CASE-000142,EVT-000112,供应商停产-东莞-112,库存重分配+客户分级沟通,6,9,835839.79,316786.37,0.7145,0,2,1,success,2,优先保障A级客户，并同时验证备用供应商产能、质量与运输可用性。,demo-rule-v1,expert-2026-06,2025-10-21T08:00:00+08:00
CASE-000143,EVT-000011,台风天气-杭州-011,关键订单空运+备用供应商补货,0,0,178368.8,882160.33,0.8757,12,0,16,success,5,优先保障A级客户，并同时验证备用供应商产能、质量与运输可用性。,demo-rule-v1,expert-2026-06,2025-10-17T08:00:00+08:00
CASE-000144,EVT-000080,质量召回-武汉-080,紧急采购+生产计划调整,72,78,746149.88,397785.67,0.849,48,0,6,success,4,优先保障A级客户，并同时验证备用供应商产能、质量与运输可用性。,demo-rule-v1,expert-2026-06,2026-04-21T08:00:00+08:00
CASE-000145,EVT-000134,需求突增-合肥-134,紧急采购+生产计划调整,72,96,767551.74,110928.01,0.6684,48,3,7,success,2,优先保障A级客户，并同时验证备用供应商产能、质量与运输可用性。,demo-rule-v1,expert-2026-06,2026-01-08T08:00:00+08:00
CASE-000146,EVT-000161,区域限电-青岛-161,铁路替代+延期交付,72,75,226155.02,935513.68,0.6833,0,0,2,failed,3,优先保障A级客户，并同时验证备用供应商产能、质量与运输可用性。,demo-rule-v1,expert-2026-06,2025-08-17T08:00:00+08:00
CASE-000147,EVT-000049,海关查验延误-上海-049,接受短期停线+控制现金成本,24,48,822489.41,117083.5,0.6466,0,0,1,failed,1,优先保障A级客户，并同时验证备用供应商产能、质量与运输可用性。,demo-rule-v1,expert-2026-06,2025-09-11T08:00:00+08:00
CASE-000148,EVT-000120,供应商停产-天津-120,铁路替代+延期交付,72,72,139470.72,266560.73,0.7788,12,0,10,success,5,优先保障A级客户，并同时验证备用供应商产能、质量与运输可用性。,demo-rule-v1,expert-2026-06,2026-04-06T08:00:00+08:00
CASE-000149,EVT-000227,供应商停产-上海-227,接受短期停线+控制现金成本,48,48,652661.83,870771.45,0.61,48,5,17,failed,1,优先保障A级客户，并同时验证备用供应商产能、质量与运输可用性。,demo-rule-v1,expert-2026-06,2026-03-26T08:00:00+08:00
CASE-000150,EVT-000078,海关查验延误-成都-078,关键订单空运+备用供应商补货,48,51,187458.63,1067858.0,0.982,0,0,8,partial_success,4,优先保障A级客户，并同时验证备用供应商产能、质量与运输可用性。,demo-rule-v1,expert-2026-06,2025-08-02T08:00:00+08:00
CASE-000151,EVT-000213,区域限电-武汉-213,紧急采购+生产计划调整,72,66,826652.8,959035.24,0.7398,8,0,10,success,3,优先保障A级客户，并同时验证备用供应商产能、质量与运输可用性。,demo-rule-v1,expert-2026-06,2025-11-13T08:00:00+08:00
CASE-000152,EVT-000193,区域限电-宁波-193,接受短期停线+控制现金成本,0,6,396418.9,135390.32,0.9864,48,0,10,success,4,优先保障A级客户，并同时验证备用供应商产能、质量与运输可用性。,demo-rule-v1,expert-2026-06,2026-04-16T08:00:00+08:00
CASE-000153,EVT-000003,台风天气-成都-003,库存重分配+客户分级沟通,72,84,828168.31,986214.92,0.7602,12,0,4,success,4,优先保障A级客户，并同时验证备用供应商产能、质量与运输可用性。,demo-rule-v1,expert-2026-06,2025-07-08T08:00:00+08:00
CASE-000154,EVT-000118,区域限电-成都-118,紧急采购+生产计划调整,48,72,651924.97,108611.25,0.8963,12,0,0,success,5,优先保障A级客户，并同时验证备用供应商产能、质量与运输可用性。,demo-rule-v1,expert-2026-06,2026-06-09T08:00:00+08:00
CASE-000155,EVT-000121,台风天气-合肥-121,关键订单空运+备用供应商补货,24,48,376988.53,352550.98,0.9066,0,2,14,failed,2,优先保障A级客户，并同时验证备用供应商产能、质量与运输可用性。,demo-rule-v1,expert-2026-06,2026-02-06T08:00:00+08:00
CASE-000156,EVT-000056,运输节点中断-合肥-056,库存重分配+客户分级沟通,0,3,207977.7,287425.6,0.9356,4,3,8,success,4,优先保障A级客户，并同时验证备用供应商产能、质量与运输可用性。,demo-rule-v1,expert-2026-06,2025-08-03T08:00:00+08:00
CASE-000157,EVT-000130,海关查验延误-成都-130,紧急采购+生产计划调整,6,6,155505.48,976483.8,0.7076,4,0,9,failed,1,优先保障A级客户，并同时验证备用供应商产能、质量与运输可用性。,demo-rule-v1,expert-2026-06,2026-03-22T08:00:00+08:00
CASE-000158,EVT-000021,运输节点中断-上海-021,库存重分配+客户分级沟通,24,27,615092.3,761690.06,0.7453,8,1,7,partial_success,4,优先保障A级客户，并同时验证备用供应商产能、质量与运输可用性。,demo-rule-v1,expert-2026-06,2026-03-01T08:00:00+08:00
CASE-000159,EVT-000100,供应商停产-东莞-100,关键订单空运+备用供应商补货,24,48,615097.97,153610.76,0.6603,0,0,15,success,2,优先保障A级客户，并同时验证备用供应商产能、质量与运输可用性。,demo-rule-v1,expert-2026-06,2026-03-02T08:00:00+08:00
CASE-000160,EVT-000112,供应商停产-东莞-112,库存重分配+客户分级沟通,12,12,446098.15,242228.11,0.6345,0,0,18,partial_success,5,优先保障A级客户，并同时验证备用供应商产能、质量与运输可用性。,demo-rule-v1,expert-2026-06,2025-12-03T08:00:00+08:00
CASE-000161,EVT-000022,质量召回-成都-022,双供应商分单+安全库存锁定,72,96,835675.98,545347.33,0.9854,24,0,16,success,3,优先保障A级客户，并同时验证备用供应商产能、质量与运输可用性。,demo-rule-v1,expert-2026-06,2026-03-29T08:00:00+08:00
CASE-000162,EVT-000179,需求突增-青岛-179,铁路替代+延期交付,12,6,629508.73,161757.05,0.5825,48,0,7,partial_success,3,优先保障A级客户，并同时验证备用供应商产能、质量与运输可用性。,demo-rule-v1,expert-2026-06,2026-06-05T08:00:00+08:00
CASE-000163,EVT-000069,区域限电-苏州-069,接受短期停线+控制现金成本,6,6,541098.21,931174.78,0.5377,48,0,5,success,5,优先保障A级客户，并同时验证备用供应商产能、质量与运输可用性。,demo-rule-v1,expert-2026-06,2025-08-19T08:00:00+08:00
CASE-000164,EVT-000231,运输节点中断-天津-231,双供应商分单+安全库存锁定,12,15,748380.77,453226.81,0.574,48,3,2,success,5,优先保障A级客户，并同时验证备用供应商产能、质量与运输可用性。,demo-rule-v1,expert-2026-06,2026-01-29T08:00:00+08:00
CASE-000165,EVT-000214,区域限电-宁波-214,关键订单空运+备用供应商补货,48,48,658367.9,659711.65,0.8635,12,1,14,success,5,优先保障A级客户，并同时验证备用供应商产能、质量与运输可用性。,demo-rule-v1,expert-2026-06,2026-06-11T08:00:00+08:00
CASE-000166,EVT-000238,运输节点中断-杭州-238,关键订单空运+备用供应商补货,36,36,346440.33,937883.01,0.5534,0,2,10,partial_success,4,优先保障A级客户，并同时验证备用供应商产能、质量与运输可用性。,demo-rule-v1,expert-2026-06,2026-02-22T08:00:00+08:00
CASE-000167,EVT-000171,运输节点中断-武汉-171,铁路替代+延期交付,0,3,130266.68,335636.98,0.9787,48,2,4,success,2,优先保障A级客户，并同时验证备用供应商产能、质量与运输可用性。,demo-rule-v1,expert-2026-06,2025-06-16T08:00:00+08:00
CASE-000168,EVT-000172,质量召回-天津-172,接受短期停线+控制现金成本,24,27,562665.27,332086.02,0.8921,48,0,7,success,5,优先保障A级客户，并同时验证备用供应商产能、质量与运输可用性。,demo-rule-v1,expert-2026-06,2026-05-11T08:00:00+08:00
CASE-000169,EVT-000065,需求突增-青岛-065,紧急采购+生产计划调整,36,36,678060.26,672012.01,0.6906,0,5,17,partial_success,4,优先保障A级客户，并同时验证备用供应商产能、质量与运输可用性。,demo-rule-v1,expert-2026-06,2025-06-20T08:00:00+08:00
CASE-000170,EVT-000077,供应商停产-成都-077,接受短期停线+控制现金成本,48,51,420340.79,1073103.1,0.8375,0,0,0,success,5,优先保障A级客户，并同时验证备用供应商产能、质量与运输可用性。,demo-rule-v1,expert-2026-06,2026-06-01T08:00:00+08:00
CASE-000171,EVT-000210,台风天气-武汉-210,关键订单空运+备用供应商补货,6,12,698242.97,918966.14,0.5856,8,1,17,success,5,优先保障A级客户，并同时验证备用供应商产能、质量与运输可用性。,demo-rule-v1,expert-2026-06,2026-03-23T08:00:00+08:00
CASE-000172,EVT-000059,海关查验延误-苏州-059,关键订单空运+备用供应商补货,36,36,751500.35,480290.86,0.5675,0,0,12,partial_success,5,优先保障A级客户，并同时验证备用供应商产能、质量与运输可用性。,demo-rule-v1,expert-2026-06,2025-10-10T08:00:00+08:00
CASE-000173,EVT-000059,海关查验延误-苏州-059,接受短期停线+控制现金成本,0,0,366640.01,729790.43,0.6735,0,5,18,failed,1,优先保障A级客户，并同时验证备用供应商产能、质量与运输可用性。,demo-rule-v1,expert-2026-06,2026-06-09T08:00:00+08:00
CASE-000174,EVT-000180,港口停运-成都-180,铁路替代+延期交付,36,42,374396.47,811297.28,0.9765,8,2,4,success,5,优先保障A级客户，并同时验证备用供应商产能、质量与运输可用性。,demo-rule-v1,expert-2026-06,2026-01-01T08:00:00+08:00
CASE-000175,EVT-000086,台风天气-天津-086,双供应商分单+安全库存锁定,12,6,37512.79,713423.11,0.5985,0,1,8,success,5,优先保障A级客户，并同时验证备用供应商产能、质量与运输可用性。,demo-rule-v1,expert-2026-06,2026-03-16T08:00:00+08:00
CASE-000176,EVT-000138,台风天气-上海-138,库存重分配+客户分级沟通,72,84,617629.44,724557.74,0.85,48,5,9,success,4,优先保障A级客户，并同时验证备用供应商产能、质量与运输可用性。,demo-rule-v1,expert-2026-06,2025-06-29T08:00:00+08:00
CASE-000177,EVT-000097,质量召回-上海-097,紧急采购+生产计划调整,24,18,279819.74,370880.79,0.6291,48,0,6,success,2,优先保障A级客户，并同时验证备用供应商产能、质量与运输可用性。,demo-rule-v1,expert-2026-06,2026-03-21T08:00:00+08:00
CASE-000178,EVT-000060,海关查验延误-杭州-060,双供应商分单+安全库存锁定,0,6,119604.52,412270.15,0.6252,12,0,10,success,3,优先保障A级客户，并同时验证备用供应商产能、质量与运输可用性。,demo-rule-v1,expert-2026-06,2026-01-10T08:00:00+08:00
CASE-000179,EVT-000100,供应商停产-东莞-100,接受短期停线+控制现金成本,72,96,553920.98,1101310.02,0.76,24,0,2,failed,3,优先保障A级客户，并同时验证备用供应商产能、质量与运输可用性。,demo-rule-v1,expert-2026-06,2026-05-26T08:00:00+08:00
CASE-000180,EVT-000235,供应商停产-苏州-235,双供应商分单+安全库存锁定,6,0,490541.04,451008.5,0.6798,4,3,14,success,5,优先保障A级客户，并同时验证备用供应商产能、质量与运输可用性。,demo-rule-v1,expert-2026-06,2026-04-05T08:00:00+08:00
CASE-000181,EVT-000152,海关查验延误-苏州-152,双供应商分单+安全库存锁定,6,18,355590.99,544870.16,0.7772,8,1,14,success,5,优先保障A级客户，并同时验证备用供应商产能、质量与运输可用性。,demo-rule-v1,expert-2026-06,2025-11-29T08:00:00+08:00
CASE-000182,EVT-000071,质量召回-苏州-071,双供应商分单+安全库存锁定,6,30,406565.28,472443.21,0.8558,12,1,5,success,3,优先保障A级客户，并同时验证备用供应商产能、质量与运输可用性。,demo-rule-v1,expert-2026-06,2026-02-07T08:00:00+08:00
CASE-000183,EVT-000199,需求突增-上海-199,关键订单空运+备用供应商补货,12,18,274087.52,220864.47,0.7685,48,0,7,success,5,优先保障A级客户，并同时验证备用供应商产能、质量与运输可用性。,demo-rule-v1,expert-2026-06,2025-09-22T08:00:00+08:00
CASE-000184,EVT-000131,需求突增-宁波-131,库存重分配+客户分级沟通,12,24,626691.19,482686.72,0.5962,8,0,14,success,3,优先保障A级客户，并同时验证备用供应商产能、质量与运输可用性。,demo-rule-v1,expert-2026-06,2026-03-23T08:00:00+08:00
CASE-000185,EVT-000025,海关查验延误-武汉-025,铁路替代+延期交付,24,24,294271.61,1080116.94,0.7932,8,3,5,partial_success,4,优先保障A级客户，并同时验证备用供应商产能、质量与运输可用性。,demo-rule-v1,expert-2026-06,2025-06-28T08:00:00+08:00
CASE-000186,EVT-000062,港口停运-青岛-062,双供应商分单+安全库存锁定,12,12,379441.6,82422.39,0.5874,12,5,17,failed,3,优先保障A级客户，并同时验证备用供应商产能、质量与运输可用性。,demo-rule-v1,expert-2026-06,2025-09-04T08:00:00+08:00
CASE-000187,EVT-000190,区域限电-武汉-190,双供应商分单+安全库存锁定,72,84,872364.63,199347.4,0.7378,48,2,6,success,2,优先保障A级客户，并同时验证备用供应商产能、质量与运输可用性。,demo-rule-v1,expert-2026-06,2025-10-17T08:00:00+08:00
CASE-000188,EVT-000107,港口停运-宁波-107,接受短期停线+控制现金成本,0,3,219193.07,982798.21,0.7886,0,0,8,partial_success,4,优先保障A级客户，并同时验证备用供应商产能、质量与运输可用性。,demo-rule-v1,expert-2026-06,2025-07-10T08:00:00+08:00
CASE-000189,EVT-000166,区域限电-成都-166,双供应商分单+安全库存锁定,12,12,202210.19,159717.05,0.848,48,3,5,failed,1,优先保障A级客户，并同时验证备用供应商产能、质量与运输可用性。,demo-rule-v1,expert-2026-06,2025-10-03T08:00:00+08:00
CASE-000190,EVT-000011,台风天气-杭州-011,关键订单空运+备用供应商补货,72,96,702093.39,1050636.68,0.8839,8,1,12,success,4,优先保障A级客户，并同时验证备用供应商产能、质量与运输可用性。,demo-rule-v1,expert-2026-06,2026-03-15T08:00:00+08:00
CASE-000191,EVT-000015,运输节点中断-上海-015,紧急采购+生产计划调整,72,72,395353.23,543572.05,0.6091,4,0,18,success,3,优先保障A级客户，并同时验证备用供应商产能、质量与运输可用性。,demo-rule-v1,expert-2026-06,2026-01-07T08:00:00+08:00
CASE-000192,EVT-000180,港口停运-成都-180,铁路替代+延期交付,48,54,745566.67,191961.39,0.5269,48,0,15,partial_success,2,优先保障A级客户，并同时验证备用供应商产能、质量与运输可用性。,demo-rule-v1,expert-2026-06,2026-02-10T08:00:00+08:00
CASE-000193,EVT-000150,需求突增-苏州-150,铁路替代+延期交付,12,12,350839.0,749167.15,0.6379,0,0,0,success,3,优先保障A级客户，并同时验证备用供应商产能、质量与运输可用性。,demo-rule-v1,expert-2026-06,2026-01-15T08:00:00+08:00
CASE-000194,EVT-000023,海关查验延误-武汉-023,双供应商分单+安全库存锁定,36,42,815117.64,972667.55,0.5379,0,1,8,success,5,优先保障A级客户，并同时验证备用供应商产能、质量与运输可用性。,demo-rule-v1,expert-2026-06,2026-01-20T08:00:00+08:00
CASE-000195,EVT-000217,运输节点中断-天津-217,接受短期停线+控制现金成本,24,30,381223.99,1138749.56,0.8849,8,2,11,success,2,优先保障A级客户，并同时验证备用供应商产能、质量与运输可用性。,demo-rule-v1,expert-2026-06,2025-10-06T08:00:00+08:00
CASE-000196,EVT-000022,质量召回-成都-022,库存重分配+客户分级沟通,72,96,199850.04,538396.41,0.9876,12,5,10,failed,3,优先保障A级客户，并同时验证备用供应商产能、质量与运输可用性。,demo-rule-v1,expert-2026-06,2026-02-02T08:00:00+08:00
CASE-000197,EVT-000092,台风天气-合肥-092,关键订单空运+备用供应商补货,72,66,81561.7,1030597.98,0.5399,0,0,9,success,5,优先保障A级客户，并同时验证备用供应商产能、质量与运输可用性。,demo-rule-v1,expert-2026-06,2026-01-07T08:00:00+08:00
CASE-000198,EVT-000043,运输节点中断-天津-043,关键订单空运+备用供应商补货,0,0,144630.6,700967.6,0.7806,48,0,3,success,4,优先保障A级客户，并同时验证备用供应商产能、质量与运输可用性。,demo-rule-v1,expert-2026-06,2025-08-12T08:00:00+08:00
CASE-000199,EVT-000180,港口停运-成都-180,接受短期停线+控制现金成本,0,3,285661.79,390754.97,0.9867,24,3,6,success,4,优先保障A级客户，并同时验证备用供应商产能、质量与运输可用性。,demo-rule-v1,expert-2026-06,2026-01-15T08:00:00+08:00
CASE-000200,EVT-000201,质量召回-宁波-201,库存重分配+客户分级沟通,0,6,609607.49,1088202.66,0.8645,0,0,10,success,2,优先保障A级客户，并同时验证备用供应商产能、质量与运输可用性。,demo-rule-v1,expert-2026-06,2026-03-25T08:00:00+08:00
CASE-000201,EVT-000165,质量召回-青岛-165,接受短期停线+控制现金成本,12,6,331926.0,1161406.72,0.839,12,5,9,failed,1,优先保障A级客户，并同时验证备用供应商产能、质量与运输可用性。,demo-rule-v1,expert-2026-06,2025-08-23T08:00:00+08:00
CASE-000202,EVT-000146,海关查验延误-合肥-146,紧急采购+生产计划调整,36,48,527340.05,753101.7,0.6599,48,0,3,partial_success,3,优先保障A级客户，并同时验证备用供应商产能、质量与运输可用性。,demo-rule-v1,expert-2026-06,2025-12-02T08:00:00+08:00
CASE-000203,EVT-000062,港口停运-青岛-062,铁路替代+延期交付,12,12,163823.13,439955.7,0.9283,24,2,18,success,4,优先保障A级客户，并同时验证备用供应商产能、质量与运输可用性。,demo-rule-v1,expert-2026-06,2026-04-15T08:00:00+08:00
CASE-000204,EVT-000126,运输节点中断-杭州-126,双供应商分单+安全库存锁定,24,30,187121.92,298995.47,0.8657,8,3,15,partial_success,5,优先保障A级客户，并同时验证备用供应商产能、质量与运输可用性。,demo-rule-v1,expert-2026-06,2026-05-23T08:00:00+08:00
CASE-000205,EVT-000225,需求突增-苏州-225,铁路替代+延期交付,6,12,481693.12,1085983.16,0.9195,12,5,11,success,3,优先保障A级客户，并同时验证备用供应商产能、质量与运输可用性。,demo-rule-v1,expert-2026-06,2026-05-25T08:00:00+08:00
CASE-000206,EVT-000080,质量召回-武汉-080,库存重分配+客户分级沟通,24,27,161855.84,180184.99,0.5497,0,0,14,partial_success,2,优先保障A级客户，并同时验证备用供应商产能、质量与运输可用性。,demo-rule-v1,expert-2026-06,2026-03-20T08:00:00+08:00
CASE-000207,EVT-000066,港口停运-青岛-066,库存重分配+客户分级沟通,6,30,185848.91,972609.03,0.7709,0,2,5,success,3,优先保障A级客户，并同时验证备用供应商产能、质量与运输可用性。,demo-rule-v1,expert-2026-06,2026-04-21T08:00:00+08:00
CASE-000208,EVT-000074,质量召回-成都-074,库存重分配+客户分级沟通,6,30,103814.61,593404.64,0.7098,4,0,7,success,2,优先保障A级客户，并同时验证备用供应商产能、质量与运输可用性。,demo-rule-v1,expert-2026-06,2026-01-24T08:00:00+08:00
CASE-000209,EVT-000171,运输节点中断-武汉-171,接受短期停线+控制现金成本,0,0,489198.73,1099291.48,0.7553,4,2,5,partial_success,3,优先保障A级客户，并同时验证备用供应商产能、质量与运输可用性。,demo-rule-v1,expert-2026-06,2026-05-31T08:00:00+08:00
CASE-000210,EVT-000233,需求突增-宁波-233,库存重分配+客户分级沟通,36,48,871951.91,793052.56,0.5665,0,0,3,success,4,优先保障A级客户，并同时验证备用供应商产能、质量与运输可用性。,demo-rule-v1,expert-2026-06,2026-03-18T08:00:00+08:00
CASE-000211,EVT-000194,需求突增-宁波-194,紧急采购+生产计划调整,0,3,822716.59,679514.22,0.8501,0,0,5,success,3,优先保障A级客户，并同时验证备用供应商产能、质量与运输可用性。,demo-rule-v1,expert-2026-06,2026-03-08T08:00:00+08:00
CASE-000212,EVT-000100,供应商停产-东莞-100,紧急采购+生产计划调整,6,0,436795.76,994364.22,0.5568,0,3,2,success,4,优先保障A级客户，并同时验证备用供应商产能、质量与运输可用性。,demo-rule-v1,expert-2026-06,2026-02-25T08:00:00+08:00
CASE-000213,EVT-000210,台风天气-武汉-210,铁路替代+延期交付,6,6,879046.23,1063396.15,0.8538,24,1,11,success,5,优先保障A级客户，并同时验证备用供应商产能、质量与运输可用性。,demo-rule-v1,expert-2026-06,2026-06-05T08:00:00+08:00
CASE-000214,EVT-000150,需求突增-苏州-150,紧急采购+生产计划调整,48,48,191971.78,680921.76,0.6392,12,0,15,partial_success,4,优先保障A级客户，并同时验证备用供应商产能、质量与运输可用性。,demo-rule-v1,expert-2026-06,2025-09-15T08:00:00+08:00
CASE-000215,EVT-000174,海关查验延误-宁波-174,接受短期停线+控制现金成本,48,48,529688.96,263998.53,0.7744,8,1,8,success,3,优先保障A级客户，并同时验证备用供应商产能、质量与运输可用性。,demo-rule-v1,expert-2026-06,2026-03-06T08:00:00+08:00
CASE-000216,EVT-000192,供应商停产-东莞-192,铁路替代+延期交付,0,0,86324.18,1198113.04,0.7697,48,0,1,success,3,优先保障A级客户，并同时验证备用供应商产能、质量与运输可用性。,demo-rule-v1,expert-2026-06,2025-09-10T08:00:00+08:00
CASE-000217,EVT-000177,台风天气-上海-177,关键订单空运+备用供应商补货,12,12,669715.34,169547.06,0.9104,4,3,17,success,5,优先保障A级客户，并同时验证备用供应商产能、质量与运输可用性。,demo-rule-v1,expert-2026-06,2025-12-02T08:00:00+08:00
CASE-000218,EVT-000058,海关查验延误-天津-058,关键订单空运+备用供应商补货,12,24,895125.68,1126642.04,0.8379,0,1,15,success,5,优先保障A级客户，并同时验证备用供应商产能、质量与运输可用性。,demo-rule-v1,expert-2026-06,2025-09-27T08:00:00+08:00
CASE-000219,EVT-000193,区域限电-宁波-193,关键订单空运+备用供应商补货,48,54,452862.64,919305.09,0.6999,8,0,18,partial_success,5,优先保障A级客户，并同时验证备用供应商产能、质量与运输可用性。,demo-rule-v1,expert-2026-06,2025-10-19T08:00:00+08:00
CASE-000220,EVT-000111,运输节点中断-杭州-111,铁路替代+延期交付,0,3,841353.9,748162.63,0.548,0,0,0,success,2,优先保障A级客户，并同时验证备用供应商产能、质量与运输可用性。,demo-rule-v1,expert-2026-06,2026-05-26T08:00:00+08:00
CASE-000221,EVT-000085,区域限电-东莞-085,紧急采购+生产计划调整,0,12,236734.59,206581.08,0.7366,12,0,7,partial_success,4,优先保障A级客户，并同时验证备用供应商产能、质量与运输可用性。,demo-rule-v1,expert-2026-06,2025-12-26T08:00:00+08:00
CASE-000222,EVT-000135,供应商停产-青岛-135,关键订单空运+备用供应商补货,36,30,233204.92,603362.5,0.744,4,0,11,success,2,优先保障A级客户，并同时验证备用供应商产能、质量与运输可用性。,demo-rule-v1,expert-2026-06,2025-08-29T08:00:00+08:00
CASE-000223,EVT-000102,运输节点中断-杭州-102,铁路替代+延期交付,0,3,71480.58,1041977.07,0.6662,0,0,18,success,3,优先保障A级客户，并同时验证备用供应商产能、质量与运输可用性。,demo-rule-v1,expert-2026-06,2025-10-09T08:00:00+08:00
CASE-000224,EVT-000055,需求突增-成都-055,库存重分配+客户分级沟通,0,0,516924.36,410066.19,0.6116,48,3,2,partial_success,4,优先保障A级客户，并同时验证备用供应商产能、质量与运输可用性。,demo-rule-v1,expert-2026-06,2026-05-20T08:00:00+08:00
CASE-000225,EVT-000039,台风天气-合肥-039,紧急采购+生产计划调整,36,36,465427.57,636012.43,0.6005,48,3,0,success,2,优先保障A级客户，并同时验证备用供应商产能、质量与运输可用性。,demo-rule-v1,expert-2026-06,2026-05-13T08:00:00+08:00
CASE-000226,EVT-000020,供应商停产-上海-020,紧急采购+生产计划调整,6,30,580025.25,776555.95,0.6954,0,2,14,success,4,优先保障A级客户，并同时验证备用供应商产能、质量与运输可用性。,demo-rule-v1,expert-2026-06,2025-07-13T08:00:00+08:00
CASE-000227,EVT-000167,海关查验延误-上海-167,关键订单空运+备用供应商补货,36,60,894469.37,462954.7,0.7517,48,0,8,success,4,优先保障A级客户，并同时验证备用供应商产能、质量与运输可用性。,demo-rule-v1,expert-2026-06,2025-06-27T08:00:00+08:00
CASE-000228,EVT-000164,需求突增-天津-164,关键订单空运+备用供应商补货,6,30,768896.46,60144.12,0.5778,12,0,15,success,2,优先保障A级客户，并同时验证备用供应商产能、质量与运输可用性。,demo-rule-v1,expert-2026-06,2026-02-23T08:00:00+08:00
CASE-000229,EVT-000140,海关查验延误-上海-140,库存重分配+客户分级沟通,36,36,157027.75,1108345.67,0.8676,24,3,8,success,4,优先保障A级客户，并同时验证备用供应商产能、质量与运输可用性。,demo-rule-v1,expert-2026-06,2026-02-11T08:00:00+08:00
CASE-000230,EVT-000199,需求突增-上海-199,紧急采购+生产计划调整,12,24,376768.16,977913.7,0.8041,0,1,6,success,2,优先保障A级客户，并同时验证备用供应商产能、质量与运输可用性。,demo-rule-v1,expert-2026-06,2025-10-22T08:00:00+08:00
CASE-000231,EVT-000167,海关查验延误-上海-167,关键订单空运+备用供应商补货,6,6,685878.63,774663.68,0.5656,0,5,4,success,2,优先保障A级客户，并同时验证备用供应商产能、质量与运输可用性。,demo-rule-v1,expert-2026-06,2026-01-21T08:00:00+08:00
CASE-000232,EVT-000063,供应商停产-天津-063,双供应商分单+安全库存锁定,72,78,494214.6,96555.74,0.7935,0,0,5,success,2,优先保障A级客户，并同时验证备用供应商产能、质量与运输可用性。,demo-rule-v1,expert-2026-06,2026-05-11T08:00:00+08:00
CASE-000233,EVT-000178,区域限电-武汉-178,接受短期停线+控制现金成本,36,36,678153.44,378925.26,0.5469,0,3,16,success,3,优先保障A级客户，并同时验证备用供应商产能、质量与运输可用性。,demo-rule-v1,expert-2026-06,2026-03-10T08:00:00+08:00
CASE-000234,EVT-000161,区域限电-青岛-161,关键订单空运+备用供应商补货,24,24,662377.65,648439.63,0.996,0,1,16,success,4,优先保障A级客户，并同时验证备用供应商产能、质量与运输可用性。,demo-rule-v1,expert-2026-06,2026-05-30T08:00:00+08:00
CASE-000235,EVT-000238,运输节点中断-杭州-238,关键订单空运+备用供应商补货,24,30,652356.34,349585.53,0.8561,48,0,17,success,4,优先保障A级客户，并同时验证备用供应商产能、质量与运输可用性。,demo-rule-v1,expert-2026-06,2026-04-05T08:00:00+08:00
CASE-000236,EVT-000088,港口停运-天津-088,接受短期停线+控制现金成本,24,18,551911.38,920992.93,0.8855,0,0,0,success,3,优先保障A级客户，并同时验证备用供应商产能、质量与运输可用性。,demo-rule-v1,expert-2026-06,2025-12-16T08:00:00+08:00
CASE-000237,EVT-000033,运输节点中断-合肥-033,紧急采购+生产计划调整,36,39,830086.94,712376.47,0.6018,0,0,16,success,3,优先保障A级客户，并同时验证备用供应商产能、质量与运输可用性。,demo-rule-v1,expert-2026-06,2025-12-15T08:00:00+08:00
CASE-000238,EVT-000103,区域限电-苏州-103,铁路替代+延期交付,48,72,305174.43,1193078.35,0.8265,12,1,12,partial_success,2,优先保障A级客户，并同时验证备用供应商产能、质量与运输可用性。,demo-rule-v1,expert-2026-06,2025-10-27T08:00:00+08:00
CASE-000239,EVT-000204,海关查验延误-上海-204,接受短期停线+控制现金成本,72,66,668861.91,1155536.99,0.8462,8,0,7,failed,1,优先保障A级客户，并同时验证备用供应商产能、质量与运输可用性。,demo-rule-v1,expert-2026-06,2025-08-12T08:00:00+08:00
CASE-000240,EVT-000012,台风天气-青岛-012,铁路替代+延期交付,48,60,897192.35,1096701.26,0.7904,24,0,3,partial_success,3,优先保障A级客户，并同时验证备用供应商产能、质量与运输可用性。,demo-rule-v1,expert-2026-06,2025-06-25T08:00:00+08:00
CASE-000241,EVT-000071,质量召回-苏州-071,库存重分配+客户分级沟通,48,60,562382.64,962866.23,0.8441,48,3,1,success,3,优先保障A级客户，并同时验证备用供应商产能、质量与运输可用性。,demo-rule-v1,expert-2026-06,2026-04-11T08:00:00+08:00
CASE-000242,EVT-000038,区域限电-杭州-038,双供应商分单+安全库存锁定,24,48,303001.68,1108456.18,0.7402,24,3,11,success,5,优先保障A级客户，并同时验证备用供应商产能、质量与运输可用性。,demo-rule-v1,expert-2026-06,2025-08-04T08:00:00+08:00
CASE-000243,EVT-000013,台风天气-苏州-013,库存重分配+客户分级沟通,12,18,399895.15,906726.29,0.6043,8,2,0,success,2,优先保障A级客户，并同时验证备用供应商产能、质量与运输可用性。,demo-rule-v1,expert-2026-06,2026-05-11T08:00:00+08:00
CASE-000244,EVT-000178,区域限电-武汉-178,关键订单空运+备用供应商补货,72,75,493206.27,407728.5,0.761,24,1,15,success,5,优先保障A级客户，并同时验证备用供应商产能、质量与运输可用性。,demo-rule-v1,expert-2026-06,2026-04-26T08:00:00+08:00
CASE-000245,EVT-000212,运输节点中断-合肥-212,紧急采购+生产计划调整,48,48,809141.96,199052.49,0.7378,0,0,8,success,5,优先保障A级客户，并同时验证备用供应商产能、质量与运输可用性。,demo-rule-v1,expert-2026-06,2026-06-04T08:00:00+08:00
CASE-000246,EVT-000195,区域限电-杭州-195,铁路替代+延期交付,12,12,449076.3,799268.15,0.987,0,0,3,success,5,优先保障A级客户，并同时验证备用供应商产能、质量与运输可用性。,demo-rule-v1,expert-2026-06,2026-01-30T08:00:00+08:00
CASE-000247,EVT-000211,需求突增-杭州-211,接受短期停线+控制现金成本,12,15,534785.79,1190540.58,0.5781,0,0,0,partial_success,4,优先保障A级客户，并同时验证备用供应商产能、质量与运输可用性。,demo-rule-v1,expert-2026-06,2026-05-03T08:00:00+08:00
CASE-000248,EVT-000016,质量召回-天津-016,接受短期停线+控制现金成本,24,24,891559.74,183226.2,0.671,12,1,7,success,5,优先保障A级客户，并同时验证备用供应商产能、质量与运输可用性。,demo-rule-v1,expert-2026-06,2025-08-28T08:00:00+08:00
CASE-000249,EVT-000067,质量召回-东莞-067,接受短期停线+控制现金成本,12,12,254379.53,1152865.11,0.9199,0,0,2,success,4,优先保障A级客户，并同时验证备用供应商产能、质量与运输可用性。,demo-rule-v1,expert-2026-06,2026-02-02T08:00:00+08:00
CASE-000250,EVT-000075,台风天气-武汉-075,紧急采购+生产计划调整,36,60,728222.92,660793.79,0.5737,0,0,0,failed,1,优先保障A级客户，并同时验证备用供应商产能、质量与运输可用性。,demo-rule-v1,expert-2026-06,2026-04-09T08:00:00+08:00
CASE-000251,EVT-000224,港口停运-天津-224,铁路替代+延期交付,48,48,239463.01,543061.87,0.8584,0,3,12,success,5,优先保障A级客户，并同时验证备用供应商产能、质量与运输可用性。,demo-rule-v1,expert-2026-06,2025-11-01T08:00:00+08:00
CASE-000252,EVT-000080,质量召回-武汉-080,库存重分配+客户分级沟通,36,39,685567.63,836217.12,0.6175,4,0,18,success,5,优先保障A级客户，并同时验证备用供应商产能、质量与运输可用性。,demo-rule-v1,expert-2026-06,2026-02-19T08:00:00+08:00
CASE-000253,EVT-000015,运输节点中断-上海-015,关键订单空运+备用供应商补货,6,0,662070.75,138497.64,0.946,24,3,2,partial_success,4,优先保障A级客户，并同时验证备用供应商产能、质量与运输可用性。,demo-rule-v1,expert-2026-06,2025-08-14T08:00:00+08:00
CASE-000254,EVT-000038,区域限电-杭州-038,关键订单空运+备用供应商补货,72,96,833718.48,313481.63,0.6919,0,3,3,success,4,优先保障A级客户，并同时验证备用供应商产能、质量与运输可用性。,demo-rule-v1,expert-2026-06,2025-11-18T08:00:00+08:00
CASE-000255,EVT-000184,海关查验延误-苏州-184,关键订单空运+备用供应商补货,12,12,198357.21,1178957.03,0.7911,0,5,1,success,4,优先保障A级客户，并同时验证备用供应商产能、质量与运输可用性。,demo-rule-v1,expert-2026-06,2025-11-26T08:00:00+08:00
CASE-000256,EVT-000023,海关查验延误-武汉-023,接受短期停线+控制现金成本,72,72,561834.7,1029763.58,0.566,48,1,6,success,4,优先保障A级客户，并同时验证备用供应商产能、质量与运输可用性。,demo-rule-v1,expert-2026-06,2025-08-28T08:00:00+08:00
CASE-000257,EVT-000212,运输节点中断-合肥-212,关键订单空运+备用供应商补货,6,30,448061.05,1197909.4,0.6406,48,2,9,partial_success,3,优先保障A级客户，并同时验证备用供应商产能、质量与运输可用性。,demo-rule-v1,expert-2026-06,2025-08-28T08:00:00+08:00
CASE-000258,EVT-000040,供应商停产-苏州-040,关键订单空运+备用供应商补货,48,72,191252.41,600741.43,0.5995,0,0,14,success,3,优先保障A级客户，并同时验证备用供应商产能、质量与运输可用性。,demo-rule-v1,expert-2026-06,2025-11-15T08:00:00+08:00
CASE-000259,EVT-000046,区域限电-东莞-046,接受短期停线+控制现金成本,12,6,255161.06,1072303.69,0.524,48,0,16,success,4,优先保障A级客户，并同时验证备用供应商产能、质量与运输可用性。,demo-rule-v1,expert-2026-06,2026-06-11T08:00:00+08:00
CASE-000260,EVT-000010,台风天气-武汉-010,紧急采购+生产计划调整,36,36,182655.55,500478.85,0.6047,48,5,17,success,5,优先保障A级客户，并同时验证备用供应商产能、质量与运输可用性。,demo-rule-v1,expert-2026-06,2025-07-27T08:00:00+08:00
CASE-000261,EVT-000039,台风天气-合肥-039,库存重分配+客户分级沟通,36,36,327371.13,240801.37,0.8445,12,5,11,partial_success,2,优先保障A级客户，并同时验证备用供应商产能、质量与运输可用性。,demo-rule-v1,expert-2026-06,2025-12-22T08:00:00+08:00
CASE-000262,EVT-000022,质量召回-成都-022,接受短期停线+控制现金成本,6,30,71634.27,204276.28,0.6771,48,0,13,failed,3,优先保障A级客户，并同时验证备用供应商产能、质量与运输可用性。,demo-rule-v1,expert-2026-06,2026-02-06T08:00:00+08:00
CASE-000263,EVT-000187,质量召回-上海-187,关键订单空运+备用供应商补货,6,6,539280.73,69255.07,0.5642,12,1,18,partial_success,3,优先保障A级客户，并同时验证备用供应商产能、质量与运输可用性。,demo-rule-v1,expert-2026-06,2025-12-05T08:00:00+08:00
CASE-000264,EVT-000093,需求突增-青岛-093,关键订单空运+备用供应商补货,72,78,271846.65,1197149.92,0.8783,12,3,6,failed,2,优先保障A级客户，并同时验证备用供应商产能、质量与运输可用性。,demo-rule-v1,expert-2026-06,2025-06-23T08:00:00+08:00
CASE-000265,EVT-000104,需求突增-成都-104,库存重分配+客户分级沟通,72,72,817698.97,117537.98,0.7176,0,2,9,partial_success,2,优先保障A级客户，并同时验证备用供应商产能、质量与运输可用性。,demo-rule-v1,expert-2026-06,2026-01-19T08:00:00+08:00
CASE-000266,EVT-000108,台风天气-杭州-108,紧急采购+生产计划调整,6,18,284933.58,504597.47,0.8458,4,2,10,partial_success,3,优先保障A级客户，并同时验证备用供应商产能、质量与运输可用性。,demo-rule-v1,expert-2026-06,2025-07-11T08:00:00+08:00
CASE-000267,EVT-000226,海关查验延误-杭州-226,紧急采购+生产计划调整,6,18,694495.18,843646.71,0.6762,24,0,13,success,5,优先保障A级客户，并同时验证备用供应商产能、质量与运输可用性。,demo-rule-v1,expert-2026-06,2025-07-23T08:00:00+08:00
CASE-000268,EVT-000078,海关查验延误-成都-078,双供应商分单+安全库存锁定,36,36,681749.66,446367.39,0.9965,24,0,16,success,5,优先保障A级客户，并同时验证备用供应商产能、质量与运输可用性。,demo-rule-v1,expert-2026-06,2025-06-30T08:00:00+08:00
CASE-000269,EVT-000147,需求突增-苏州-147,接受短期停线+控制现金成本,48,60,630562.83,162131.16,0.9859,48,3,17,failed,1,优先保障A级客户，并同时验证备用供应商产能、质量与运输可用性。,demo-rule-v1,expert-2026-06,2025-07-16T08:00:00+08:00
CASE-000270,EVT-000056,运输节点中断-合肥-056,库存重分配+客户分级沟通,72,84,257190.5,482866.75,0.9432,12,1,9,success,4,优先保障A级客户，并同时验证备用供应商产能、质量与运输可用性。,demo-rule-v1,expert-2026-06,2026-05-01T08:00:00+08:00
CASE-000271,EVT-000236,质量召回-苏州-236,关键订单空运+备用供应商补货,72,66,26563.16,296425.18,0.9615,48,0,7,success,3,优先保障A级客户，并同时验证备用供应商产能、质量与运输可用性。,demo-rule-v1,expert-2026-06,2026-04-23T08:00:00+08:00
CASE-000272,EVT-000080,质量召回-武汉-080,铁路替代+延期交付,0,6,473125.14,1091684.45,0.5829,24,5,2,success,2,优先保障A级客户，并同时验证备用供应商产能、质量与运输可用性。,demo-rule-v1,expert-2026-06,2025-07-21T08:00:00+08:00
CASE-000273,EVT-000161,区域限电-青岛-161,紧急采购+生产计划调整,12,36,527504.48,1141163.24,0.7507,0,0,8,success,3,优先保障A级客户，并同时验证备用供应商产能、质量与运输可用性。,demo-rule-v1,expert-2026-06,2026-06-09T08:00:00+08:00
CASE-000274,EVT-000239,台风天气-青岛-239,紧急采购+生产计划调整,6,6,789760.7,443823.63,0.8919,24,2,18,partial_success,4,优先保障A级客户，并同时验证备用供应商产能、质量与运输可用性。,demo-rule-v1,expert-2026-06,2026-05-14T08:00:00+08:00
CASE-000275,EVT-000138,台风天气-上海-138,双供应商分单+安全库存锁定,6,12,458084.11,550146.34,0.8487,48,0,8,success,5,优先保障A级客户，并同时验证备用供应商产能、质量与运输可用性。,demo-rule-v1,expert-2026-06,2025-12-14T08:00:00+08:00
CASE-000276,EVT-000017,需求突增-杭州-017,紧急采购+生产计划调整,36,42,363308.46,918826.22,0.9784,0,5,12,success,4,优先保障A级客户，并同时验证备用供应商产能、质量与运输可用性。,demo-rule-v1,expert-2026-06,2025-09-11T08:00:00+08:00
CASE-000277,EVT-000056,运输节点中断-合肥-056,库存重分配+客户分级沟通,0,0,369298.23,487878.56,0.9095,24,3,9,success,3,优先保障A级客户，并同时验证备用供应商产能、质量与运输可用性。,demo-rule-v1,expert-2026-06,2026-05-16T08:00:00+08:00
CASE-000278,EVT-000107,港口停运-宁波-107,库存重分配+客户分级沟通,72,75,229028.54,148164.1,0.5592,0,1,4,success,5,优先保障A级客户，并同时验证备用供应商产能、质量与运输可用性。,demo-rule-v1,expert-2026-06,2026-04-28T08:00:00+08:00
CASE-000279,EVT-000076,海关查验延误-青岛-076,关键订单空运+备用供应商补货,6,9,719703.19,49488.12,0.7607,12,0,0,success,2,优先保障A级客户，并同时验证备用供应商产能、质量与运输可用性。,demo-rule-v1,expert-2026-06,2026-01-06T08:00:00+08:00
CASE-000280,EVT-000013,台风天气-苏州-013,双供应商分单+安全库存锁定,12,36,497524.73,618273.82,0.6666,24,0,18,success,3,优先保障A级客户，并同时验证备用供应商产能、质量与运输可用性。,demo-rule-v1,expert-2026-06,2025-09-25T08:00:00+08:00
CASE-000281,EVT-000014,运输节点中断-苏州-014,库存重分配+客户分级沟通,12,24,518685.06,572569.5,0.8616,8,1,4,success,2,优先保障A级客户，并同时验证备用供应商产能、质量与运输可用性。,demo-rule-v1,expert-2026-06,2025-12-25T08:00:00+08:00
CASE-000282,EVT-000002,海关查验延误-苏州-002,接受短期停线+控制现金成本,24,24,378690.31,143406.79,0.9993,4,1,5,success,2,优先保障A级客户，并同时验证备用供应商产能、质量与运输可用性。,demo-rule-v1,expert-2026-06,2025-09-28T08:00:00+08:00
CASE-000283,EVT-000098,台风天气-杭州-098,双供应商分单+安全库存锁定,6,6,163725.64,1091659.92,0.8448,12,0,16,partial_success,4,优先保障A级客户，并同时验证备用供应商产能、质量与运输可用性。,demo-rule-v1,expert-2026-06,2026-01-02T08:00:00+08:00
CASE-000284,EVT-000134,需求突增-合肥-134,双供应商分单+安全库存锁定,36,36,90008.85,851939.19,0.6898,4,0,10,success,2,优先保障A级客户，并同时验证备用供应商产能、质量与运输可用性。,demo-rule-v1,expert-2026-06,2025-07-22T08:00:00+08:00
CASE-000285,EVT-000097,质量召回-上海-097,紧急采购+生产计划调整,36,36,774395.17,269703.11,0.8132,0,5,15,partial_success,5,优先保障A级客户，并同时验证备用供应商产能、质量与运输可用性。,demo-rule-v1,expert-2026-06,2025-09-29T08:00:00+08:00
CASE-000286,EVT-000234,质量召回-东莞-234,紧急采购+生产计划调整,0,0,895550.87,896528.51,0.6855,0,2,3,failed,1,优先保障A级客户，并同时验证备用供应商产能、质量与运输可用性。,demo-rule-v1,expert-2026-06,2026-01-06T08:00:00+08:00
CASE-000287,EVT-000100,供应商停产-东莞-100,紧急采购+生产计划调整,36,60,612945.95,976868.76,0.6805,0,3,16,success,5,优先保障A级客户，并同时验证备用供应商产能、质量与运输可用性。,demo-rule-v1,expert-2026-06,2026-04-16T08:00:00+08:00
CASE-000288,EVT-000011,台风天气-杭州-011,关键订单空运+备用供应商补货,48,42,285609.51,490489.15,0.925,8,3,9,partial_success,2,优先保障A级客户，并同时验证备用供应商产能、质量与运输可用性。,demo-rule-v1,expert-2026-06,2025-07-01T08:00:00+08:00
CASE-000289,EVT-000160,质量召回-宁波-160,库存重分配+客户分级沟通,12,12,103639.57,49300.05,0.9688,0,2,0,success,5,优先保障A级客户，并同时验证备用供应商产能、质量与运输可用性。,demo-rule-v1,expert-2026-06,2026-04-22T08:00:00+08:00
CASE-000290,EVT-000115,区域限电-东莞-115,接受短期停线+控制现金成本,0,12,811837.81,1045028.12,0.9062,4,0,0,success,5,优先保障A级客户，并同时验证备用供应商产能、质量与运输可用性。,demo-rule-v1,expert-2026-06,2026-01-20T08:00:00+08:00
CASE-000291,EVT-000042,港口停运-东莞-042,紧急采购+生产计划调整,6,6,315362.73,1154121.63,0.6895,24,1,1,success,5,优先保障A级客户，并同时验证备用供应商产能、质量与运输可用性。,demo-rule-v1,expert-2026-06,2025-12-23T08:00:00+08:00
CASE-000292,EVT-000061,区域限电-成都-061,接受短期停线+控制现金成本,6,6,189722.49,382003.9,0.5968,48,0,5,success,2,优先保障A级客户，并同时验证备用供应商产能、质量与运输可用性。,demo-rule-v1,expert-2026-06,2025-09-08T08:00:00+08:00
CASE-000293,EVT-000171,运输节点中断-武汉-171,紧急采购+生产计划调整,72,66,229114.13,195030.44,0.6022,0,0,17,success,2,优先保障A级客户，并同时验证备用供应商产能、质量与运输可用性。,demo-rule-v1,expert-2026-06,2026-05-25T08:00:00+08:00
CASE-000294,EVT-000119,需求突增-宁波-119,双供应商分单+安全库存锁定,48,48,845216.39,528434.06,0.9759,48,5,7,failed,2,优先保障A级客户，并同时验证备用供应商产能、质量与运输可用性。,demo-rule-v1,expert-2026-06,2026-05-20T08:00:00+08:00
CASE-000295,EVT-000195,区域限电-杭州-195,库存重分配+客户分级沟通,12,24,893696.51,257670.33,0.7844,24,2,14,success,2,优先保障A级客户，并同时验证备用供应商产能、质量与运输可用性。,demo-rule-v1,expert-2026-06,2026-05-15T08:00:00+08:00
CASE-000296,EVT-000122,区域限电-上海-122,双供应商分单+安全库存锁定,48,72,124062.95,1122343.52,0.526,0,0,14,partial_success,2,优先保障A级客户，并同时验证备用供应商产能、质量与运输可用性。,demo-rule-v1,expert-2026-06,2026-01-07T08:00:00+08:00
CASE-000297,EVT-000140,海关查验延误-上海-140,关键订单空运+备用供应商补货,24,30,771968.13,133345.93,0.839,0,1,17,success,2,优先保障A级客户，并同时验证备用供应商产能、质量与运输可用性。,demo-rule-v1,expert-2026-06,2026-01-27T08:00:00+08:00
CASE-000298,EVT-000088,港口停运-天津-088,双供应商分单+安全库存锁定,6,6,660763.91,454571.15,0.5973,12,2,3,success,4,优先保障A级客户，并同时验证备用供应商产能、质量与运输可用性。,demo-rule-v1,expert-2026-06,2026-04-25T08:00:00+08:00
CASE-000299,EVT-000237,需求突增-苏州-237,铁路替代+延期交付,48,42,93361.1,872105.35,0.733,0,2,1,success,2,优先保障A级客户，并同时验证备用供应商产能、质量与运输可用性。,demo-rule-v1,expert-2026-06,2025-10-07T08:00:00+08:00
CASE-000300,EVT-000192,供应商停产-东莞-192,铁路替代+延期交付,0,3,752139.66,1192029.66,0.5248,48,3,1,success,3,优先保障A级客户，并同时验证备用供应商产能、质量与运输可用性。,demo-rule-v1,expert-2026-06,2025-07-05T08:00:00+08:00
CASE-000301,EVT-000150,需求突增-苏州-150,库存重分配+客户分级沟通,36,36,531596.34,551311.2,0.9751,0,5,5,success,5,优先保障A级客户，并同时验证备用供应商产能、质量与运输可用性。,demo-rule-v1,expert-2026-06,2025-10-07T08:00:00+08:00
CASE-000302,EVT-000133,运输节点中断-合肥-133,接受短期停线+控制现金成本,6,6,230905.12,1076636.8,0.5844,0,0,3,success,4,优先保障A级客户，并同时验证备用供应商产能、质量与运输可用性。,demo-rule-v1,expert-2026-06,2026-05-06T08:00:00+08:00
CASE-000303,EVT-000141,港口停运-东莞-141,铁路替代+延期交付,36,30,144770.05,314707.13,0.5979,0,0,11,partial_success,5,优先保障A级客户，并同时验证备用供应商产能、质量与运输可用性。,demo-rule-v1,expert-2026-06,2026-03-22T08:00:00+08:00
CASE-000304,EVT-000070,港口停运-宁波-070,紧急采购+生产计划调整,72,66,763855.37,830389.32,0.9122,4,0,15,success,4,优先保障A级客户，并同时验证备用供应商产能、质量与运输可用性。,demo-rule-v1,expert-2026-06,2026-06-06T08:00:00+08:00
CASE-000305,EVT-000232,供应商停产-天津-232,双供应商分单+安全库存锁定,6,9,881905.64,902983.21,0.8632,0,0,11,success,4,优先保障A级客户，并同时验证备用供应商产能、质量与运输可用性。,demo-rule-v1,expert-2026-06,2025-07-21T08:00:00+08:00
CASE-000306,EVT-000095,需求突增-武汉-095,库存重分配+客户分级沟通,24,36,103795.94,182724.12,0.7485,8,0,8,failed,1,优先保障A级客户，并同时验证备用供应商产能、质量与运输可用性。,demo-rule-v1,expert-2026-06,2026-02-20T08:00:00+08:00
CASE-000307,EVT-000151,海关查验延误-成都-151,接受短期停线+控制现金成本,0,6,854588.07,803544.6,0.6562,0,1,13,success,2,优先保障A级客户，并同时验证备用供应商产能、质量与运输可用性。,demo-rule-v1,expert-2026-06,2026-02-26T08:00:00+08:00
CASE-000308,EVT-000005,区域限电-宁波-005,库存重分配+客户分级沟通,36,39,638594.16,351994.88,0.8922,0,1,5,success,4,优先保障A级客户，并同时验证备用供应商产能、质量与运输可用性。,demo-rule-v1,expert-2026-06,2026-03-25T08:00:00+08:00
CASE-000309,EVT-000031,供应商停产-苏州-031,铁路替代+延期交付,72,75,98135.13,621765.0,0.873,0,0,2,failed,3,优先保障A级客户，并同时验证备用供应商产能、质量与运输可用性。,demo-rule-v1,expert-2026-06,2025-07-18T08:00:00+08:00
CASE-000310,EVT-000208,海关查验延误-苏州-208,双供应商分单+安全库存锁定,24,48,279724.84,985689.44,0.6801,8,3,8,partial_success,2,优先保障A级客户，并同时验证备用供应商产能、质量与运输可用性。,demo-rule-v1,expert-2026-06,2025-07-22T08:00:00+08:00
CASE-000311,EVT-000159,区域限电-合肥-159,接受短期停线+控制现金成本,12,6,61120.67,746059.24,0.7084,4,0,14,success,3,优先保障A级客户，并同时验证备用供应商产能、质量与运输可用性。,demo-rule-v1,expert-2026-06,2026-05-15T08:00:00+08:00
CASE-000312,EVT-000190,区域限电-武汉-190,铁路替代+延期交付,48,60,740671.5,1102044.22,0.8071,0,3,8,partial_success,3,优先保障A级客户，并同时验证备用供应商产能、质量与运输可用性。,demo-rule-v1,expert-2026-06,2025-07-19T08:00:00+08:00
CASE-000313,EVT-000027,质量召回-苏州-027,铁路替代+延期交付,12,24,636921.1,242081.19,0.6153,48,5,16,success,2,优先保障A级客户，并同时验证备用供应商产能、质量与运输可用性。,demo-rule-v1,expert-2026-06,2026-03-18T08:00:00+08:00
CASE-000314,EVT-000093,需求突增-青岛-093,紧急采购+生产计划调整,48,48,453067.0,827905.29,0.7998,12,3,2,partial_success,3,优先保障A级客户，并同时验证备用供应商产能、质量与运输可用性。,demo-rule-v1,expert-2026-06,2025-07-21T08:00:00+08:00
CASE-000315,EVT-000197,海关查验延误-东莞-197,铁路替代+延期交付,36,36,536574.31,903383.13,0.8541,8,5,5,success,3,优先保障A级客户，并同时验证备用供应商产能、质量与运输可用性。,demo-rule-v1,expert-2026-06,2025-12-27T08:00:00+08:00
CASE-000316,EVT-000052,需求突增-上海-052,铁路替代+延期交付,12,12,890109.91,910059.66,0.5703,0,0,4,success,5,优先保障A级客户，并同时验证备用供应商产能、质量与运输可用性。,demo-rule-v1,expert-2026-06,2026-04-06T08:00:00+08:00
CASE-000317,EVT-000036,质量召回-天津-036,库存重分配+客户分级沟通,12,18,413041.45,104250.36,0.9465,0,0,18,partial_success,2,优先保障A级客户，并同时验证备用供应商产能、质量与运输可用性。,demo-rule-v1,expert-2026-06,2026-06-10T08:00:00+08:00
CASE-000318,EVT-000213,区域限电-武汉-213,铁路替代+延期交付,6,0,565768.96,333690.68,0.8506,24,2,11,partial_success,5,优先保障A级客户，并同时验证备用供应商产能、质量与运输可用性。,demo-rule-v1,expert-2026-06,2025-06-28T08:00:00+08:00
CASE-000319,EVT-000012,台风天气-青岛-012,双供应商分单+安全库存锁定,0,0,371476.1,859810.39,0.9535,0,5,13,success,3,优先保障A级客户，并同时验证备用供应商产能、质量与运输可用性。,demo-rule-v1,expert-2026-06,2025-07-13T08:00:00+08:00
CASE-000320,EVT-000155,海关查验延误-武汉-155,库存重分配+客户分级沟通,24,24,197273.06,760680.19,0.5984,12,0,9,success,3,优先保障A级客户，并同时验证备用供应商产能、质量与运输可用性。,demo-rule-v1,expert-2026-06,2025-11-06T08:00:00+08:00
CASE-000321,EVT-000162,运输节点中断-天津-162,关键订单空运+备用供应商补货,6,6,282084.82,984589.82,0.8601,0,3,10,success,2,优先保障A级客户，并同时验证备用供应商产能、质量与运输可用性。,demo-rule-v1,expert-2026-06,2025-10-05T08:00:00+08:00
CASE-000322,EVT-000206,港口停运-成都-206,接受短期停线+控制现金成本,36,60,877032.01,93377.09,0.9542,48,0,9,success,4,优先保障A级客户，并同时验证备用供应商产能、质量与运输可用性。,demo-rule-v1,expert-2026-06,2026-02-28T08:00:00+08:00
CASE-000323,EVT-000213,区域限电-武汉-213,库存重分配+客户分级沟通,0,12,678525.6,276816.24,0.7968,8,2,17,partial_success,2,优先保障A级客户，并同时验证备用供应商产能、质量与运输可用性。,demo-rule-v1,expert-2026-06,2025-10-18T08:00:00+08:00
CASE-000324,EVT-000019,需求突增-杭州-019,接受短期停线+控制现金成本,48,72,528941.89,836266.85,0.7348,24,3,5,success,3,优先保障A级客户，并同时验证备用供应商产能、质量与运输可用性。,demo-rule-v1,expert-2026-06,2026-04-20T08:00:00+08:00
CASE-000325,EVT-000130,海关查验延误-成都-130,关键订单空运+备用供应商补货,72,72,861900.37,454505.95,0.8998,4,0,0,failed,3,优先保障A级客户，并同时验证备用供应商产能、质量与运输可用性。,demo-rule-v1,expert-2026-06,2026-03-08T08:00:00+08:00
CASE-000326,EVT-000008,运输节点中断-青岛-008,关键订单空运+备用供应商补货,72,78,139343.42,361850.48,0.7517,0,0,17,success,3,优先保障A级客户，并同时验证备用供应商产能、质量与运输可用性。,demo-rule-v1,expert-2026-06,2026-03-23T08:00:00+08:00
CASE-000327,EVT-000195,区域限电-杭州-195,铁路替代+延期交付,48,51,627208.81,485706.54,0.8761,4,5,3,success,2,优先保障A级客户，并同时验证备用供应商产能、质量与运输可用性。,demo-rule-v1,expert-2026-06,2025-08-15T08:00:00+08:00
CASE-000328,EVT-000184,海关查验延误-苏州-184,库存重分配+客户分级沟通,24,27,559498.68,62228.91,0.8595,4,0,10,partial_success,2,优先保障A级客户，并同时验证备用供应商产能、质量与运输可用性。,demo-rule-v1,expert-2026-06,2025-08-14T08:00:00+08:00
CASE-000329,EVT-000162,运输节点中断-天津-162,铁路替代+延期交付,24,48,31879.99,946554.93,0.533,0,2,14,success,4,优先保障A级客户，并同时验证备用供应商产能、质量与运输可用性。,demo-rule-v1,expert-2026-06,2025-07-15T08:00:00+08:00
CASE-000330,EVT-000176,供应商停产-成都-176,关键订单空运+备用供应商补货,48,48,354334.94,994823.86,0.9438,8,0,7,partial_success,2,优先保障A级客户，并同时验证备用供应商产能、质量与运输可用性。,demo-rule-v1,expert-2026-06,2025-12-19T08:00:00+08:00
CASE-000331,EVT-000013,台风天气-苏州-013,接受短期停线+控制现金成本,36,36,377502.18,671621.46,0.9487,8,2,4,partial_success,3,优先保障A级客户，并同时验证备用供应商产能、质量与运输可用性。,demo-rule-v1,expert-2026-06,2025-08-24T08:00:00+08:00
CASE-000332,EVT-000211,需求突增-杭州-211,双供应商分单+安全库存锁定,24,24,300703.41,970352.25,0.6881,48,0,15,success,2,优先保障A级客户，并同时验证备用供应商产能、质量与运输可用性。,demo-rule-v1,expert-2026-06,2026-03-17T08:00:00+08:00
CASE-000333,EVT-000230,运输节点中断-成都-230,库存重分配+客户分级沟通,6,12,251250.24,354359.49,0.9633,24,0,15,success,5,优先保障A级客户，并同时验证备用供应商产能、质量与运输可用性。,demo-rule-v1,expert-2026-06,2026-06-04T08:00:00+08:00
CASE-000334,EVT-000102,运输节点中断-杭州-102,铁路替代+延期交付,48,60,253023.43,482640.81,0.5493,0,0,5,success,5,优先保障A级客户，并同时验证备用供应商产能、质量与运输可用性。,demo-rule-v1,expert-2026-06,2025-12-17T08:00:00+08:00
CASE-000335,EVT-000181,质量召回-青岛-181,接受短期停线+控制现金成本,24,30,55679.01,610975.98,0.635,0,5,8,success,2,优先保障A级客户，并同时验证备用供应商产能、质量与运输可用性。,demo-rule-v1,expert-2026-06,2026-03-25T08:00:00+08:00
CASE-000336,EVT-000149,海关查验延误-上海-149,紧急采购+生产计划调整,12,6,665728.93,1102209.48,0.6194,8,0,10,success,3,优先保障A级客户，并同时验证备用供应商产能、质量与运输可用性。,demo-rule-v1,expert-2026-06,2025-10-27T08:00:00+08:00
CASE-000337,EVT-000232,供应商停产-天津-232,接受短期停线+控制现金成本,72,72,58784.69,836712.42,0.815,0,5,8,partial_success,3,优先保障A级客户，并同时验证备用供应商产能、质量与运输可用性。,demo-rule-v1,expert-2026-06,2025-07-15T08:00:00+08:00
CASE-000338,EVT-000076,海关查验延误-青岛-076,紧急采购+生产计划调整,48,48,462206.57,1123428.37,0.8067,0,0,7,success,2,优先保障A级客户，并同时验证备用供应商产能、质量与运输可用性。,demo-rule-v1,expert-2026-06,2026-02-10T08:00:00+08:00
CASE-000339,EVT-000086,台风天气-天津-086,库存重分配+客户分级沟通,24,30,682852.3,802125.43,0.8092,24,5,11,success,5,优先保障A级客户，并同时验证备用供应商产能、质量与运输可用性。,demo-rule-v1,expert-2026-06,2026-05-14T08:00:00+08:00
CASE-000340,EVT-000206,港口停运-成都-206,关键订单空运+备用供应商补货,12,18,155106.64,263895.91,0.8944,12,0,15,success,3,优先保障A级客户，并同时验证备用供应商产能、质量与运输可用性。,demo-rule-v1,expert-2026-06,2025-11-25T08:00:00+08:00
CASE-000341,EVT-000208,海关查验延误-苏州-208,铁路替代+延期交付,6,12,409315.85,914685.9,0.8471,48,2,17,partial_success,5,优先保障A级客户，并同时验证备用供应商产能、质量与运输可用性。,demo-rule-v1,expert-2026-06,2026-03-28T08:00:00+08:00
CASE-000342,EVT-000064,质量召回-天津-064,接受短期停线+控制现金成本,0,0,464103.6,352933.23,0.5524,24,0,10,success,5,优先保障A级客户，并同时验证备用供应商产能、质量与运输可用性。,demo-rule-v1,expert-2026-06,2025-11-01T08:00:00+08:00
CASE-000343,EVT-000119,需求突增-宁波-119,紧急采购+生产计划调整,0,3,879740.44,525280.1,0.9908,8,0,4,success,3,优先保障A级客户，并同时验证备用供应商产能、质量与运输可用性。,demo-rule-v1,expert-2026-06,2025-09-17T08:00:00+08:00
CASE-000344,EVT-000209,台风天气-合肥-209,紧急采购+生产计划调整,0,0,351482.86,927930.81,0.7924,0,0,3,success,2,优先保障A级客户，并同时验证备用供应商产能、质量与运输可用性。,demo-rule-v1,expert-2026-06,2025-08-05T08:00:00+08:00
CASE-000345,EVT-000156,海关查验延误-东莞-156,关键订单空运+备用供应商补货,72,66,490698.03,1196327.23,0.8872,4,0,14,success,3,优先保障A级客户，并同时验证备用供应商产能、质量与运输可用性。,demo-rule-v1,expert-2026-06,2026-01-06T08:00:00+08:00
CASE-000346,EVT-000159,区域限电-合肥-159,紧急采购+生产计划调整,36,48,860617.79,94359.32,0.8558,0,0,6,success,5,优先保障A级客户，并同时验证备用供应商产能、质量与运输可用性。,demo-rule-v1,expert-2026-06,2025-12-08T08:00:00+08:00
CASE-000347,EVT-000114,运输节点中断-宁波-114,库存重分配+客户分级沟通,48,72,567357.64,760578.76,0.8868,48,0,15,success,4,优先保障A级客户，并同时验证备用供应商产能、质量与运输可用性。,demo-rule-v1,expert-2026-06,2026-03-18T08:00:00+08:00
CASE-000348,EVT-000219,运输节点中断-成都-219,库存重分配+客户分级沟通,24,48,566930.17,1196474.56,0.7125,4,2,4,success,5,优先保障A级客户，并同时验证备用供应商产能、质量与运输可用性。,demo-rule-v1,expert-2026-06,2026-01-12T08:00:00+08:00
CASE-000349,EVT-000082,质量召回-上海-082,铁路替代+延期交付,48,48,664248.84,770839.18,0.9671,0,1,14,success,4,优先保障A级客户，并同时验证备用供应商产能、质量与运输可用性。,demo-rule-v1,expert-2026-06,2026-04-24T08:00:00+08:00
CASE-000350,EVT-000231,运输节点中断-天津-231,接受短期停线+控制现金成本,12,12,731685.33,588128.26,0.7782,0,1,18,success,4,优先保障A级客户，并同时验证备用供应商产能、质量与运输可用性。,demo-rule-v1,expert-2026-06,2026-01-30T08:00:00+08:00
CASE-000351,EVT-000160,质量召回-宁波-160,关键订单空运+备用供应商补货,6,18,735096.2,372430.0,0.7864,48,0,4,partial_success,4,优先保障A级客户，并同时验证备用供应商产能、质量与运输可用性。,demo-rule-v1,expert-2026-06,2025-07-15T08:00:00+08:00
CASE-000352,EVT-000063,供应商停产-天津-063,接受短期停线+控制现金成本,48,51,230075.76,1068598.94,0.5868,0,1,3,success,3,优先保障A级客户，并同时验证备用供应商产能、质量与运输可用性。,demo-rule-v1,expert-2026-06,2025-08-19T08:00:00+08:00
CASE-000353,EVT-000084,运输节点中断-合肥-084,接受短期停线+控制现金成本,48,60,146537.82,706659.63,0.8175,12,2,18,success,3,优先保障A级客户，并同时验证备用供应商产能、质量与运输可用性。,demo-rule-v1,expert-2026-06,2026-04-01T08:00:00+08:00
CASE-000354,EVT-000011,台风天气-杭州-011,双供应商分单+安全库存锁定,6,30,811327.1,905447.47,0.8225,8,1,18,success,3,优先保障A级客户，并同时验证备用供应商产能、质量与运输可用性。,demo-rule-v1,expert-2026-06,2026-02-24T08:00:00+08:00
CASE-000355,EVT-000141,港口停运-东莞-141,接受短期停线+控制现金成本,36,30,345696.57,1182344.19,0.7512,0,0,3,success,5,优先保障A级客户，并同时验证备用供应商产能、质量与运输可用性。,demo-rule-v1,expert-2026-06,2025-11-06T08:00:00+08:00
CASE-000356,EVT-000097,质量召回-上海-097,关键订单空运+备用供应商补货,12,12,654633.3,522332.06,0.7242,48,0,16,partial_success,2,优先保障A级客户，并同时验证备用供应商产能、质量与运输可用性。,demo-rule-v1,expert-2026-06,2026-06-09T08:00:00+08:00
CASE-000357,EVT-000018,台风天气-东莞-018,紧急采购+生产计划调整,36,48,605175.33,1015879.81,0.9341,48,2,2,failed,1,优先保障A级客户，并同时验证备用供应商产能、质量与运输可用性。,demo-rule-v1,expert-2026-06,2025-06-15T08:00:00+08:00
CASE-000358,EVT-000169,需求突增-东莞-169,铁路替代+延期交付,12,18,396952.27,193976.41,0.7464,0,5,5,partial_success,5,优先保障A级客户，并同时验证备用供应商产能、质量与运输可用性。,demo-rule-v1,expert-2026-06,2025-08-13T08:00:00+08:00
CASE-000359,EVT-000227,供应商停产-上海-227,双供应商分单+安全库存锁定,48,60,700045.71,204027.82,0.597,4,0,7,success,4,优先保障A级客户，并同时验证备用供应商产能、质量与运输可用性。,demo-rule-v1,expert-2026-06,2025-12-03T08:00:00+08:00
CASE-000360,EVT-000114,运输节点中断-宁波-114,关键订单空运+备用供应商补货,72,75,420406.22,423775.52,0.6519,0,2,0,success,5,优先保障A级客户，并同时验证备用供应商产能、质量与运输可用性。,demo-rule-v1,expert-2026-06,2026-03-17T08:00:00+08:00
CASE-000361,EVT-000159,区域限电-合肥-159,铁路替代+延期交付,6,0,238580.68,836299.52,0.7903,24,0,9,failed,1,优先保障A级客户，并同时验证备用供应商产能、质量与运输可用性。,demo-rule-v1,expert-2026-06,2026-02-16T08:00:00+08:00
CASE-000362,EVT-000158,区域限电-青岛-158,接受短期停线+控制现金成本,6,0,466373.92,79328.52,0.9456,0,0,9,success,5,优先保障A级客户，并同时验证备用供应商产能、质量与运输可用性。,demo-rule-v1,expert-2026-06,2025-09-01T08:00:00+08:00
CASE-000363,EVT-000101,台风天气-成都-101,双供应商分单+安全库存锁定,12,15,155133.3,130680.27,0.5985,8,5,11,success,5,优先保障A级客户，并同时验证备用供应商产能、质量与运输可用性。,demo-rule-v1,expert-2026-06,2025-12-13T08:00:00+08:00
CASE-000364,EVT-000213,区域限电-武汉-213,关键订单空运+备用供应商补货,24,36,692838.11,1074672.2,0.9835,0,2,5,failed,1,优先保障A级客户，并同时验证备用供应商产能、质量与运输可用性。,demo-rule-v1,expert-2026-06,2026-06-11T08:00:00+08:00
CASE-000365,EVT-000116,区域限电-东莞-116,紧急采购+生产计划调整,24,24,618883.66,534362.69,0.7532,0,2,8,success,4,优先保障A级客户，并同时验证备用供应商产能、质量与运输可用性。,demo-rule-v1,expert-2026-06,2026-02-08T08:00:00+08:00
CASE-000366,EVT-000234,质量召回-东莞-234,库存重分配+客户分级沟通,24,24,110646.23,778092.32,0.7004,12,0,6,success,3,优先保障A级客户，并同时验证备用供应商产能、质量与运输可用性。,demo-rule-v1,expert-2026-06,2025-06-29T08:00:00+08:00
CASE-000367,EVT-000186,供应商停产-青岛-186,库存重分配+客户分级沟通,0,6,36010.5,920501.35,0.8474,48,2,16,success,4,优先保障A级客户，并同时验证备用供应商产能、质量与运输可用性。,demo-rule-v1,expert-2026-06,2025-08-01T08:00:00+08:00
CASE-000368,EVT-000143,质量召回-苏州-143,库存重分配+客户分级沟通,0,24,354653.29,78452.9,0.9283,48,0,11,success,5,优先保障A级客户，并同时验证备用供应商产能、质量与运输可用性。,demo-rule-v1,expert-2026-06,2025-12-05T08:00:00+08:00
CASE-000369,EVT-000155,海关查验延误-武汉-155,库存重分配+客户分级沟通,72,78,117926.28,864506.12,0.527,0,0,17,success,4,优先保障A级客户，并同时验证备用供应商产能、质量与运输可用性。,demo-rule-v1,expert-2026-06,2025-07-13T08:00:00+08:00
CASE-000370,EVT-000020,供应商停产-上海-020,接受短期停线+控制现金成本,0,0,638146.19,867175.65,0.7654,4,0,10,success,5,优先保障A级客户，并同时验证备用供应商产能、质量与运输可用性。,demo-rule-v1,expert-2026-06,2026-05-22T08:00:00+08:00
CASE-000371,EVT-000125,台风天气-苏州-125,双供应商分单+安全库存锁定,48,60,317826.39,981277.41,0.7318,0,2,10,partial_success,5,优先保障A级客户，并同时验证备用供应商产能、质量与运输可用性。,demo-rule-v1,expert-2026-06,2026-05-30T08:00:00+08:00
CASE-000372,EVT-000029,需求突增-武汉-029,接受短期停线+控制现金成本,12,12,539134.92,320002.91,0.6041,8,0,7,success,3,优先保障A级客户，并同时验证备用供应商产能、质量与运输可用性。,demo-rule-v1,expert-2026-06,2025-10-18T08:00:00+08:00
CASE-000373,EVT-000043,运输节点中断-天津-043,接受短期停线+控制现金成本,36,60,149504.83,910555.94,0.7382,0,0,4,success,5,优先保障A级客户，并同时验证备用供应商产能、质量与运输可用性。,demo-rule-v1,expert-2026-06,2025-06-20T08:00:00+08:00
CASE-000374,EVT-000116,区域限电-东莞-116,关键订单空运+备用供应商补货,24,18,659619.64,842655.39,0.6777,0,0,15,success,3,优先保障A级客户，并同时验证备用供应商产能、质量与运输可用性。,demo-rule-v1,expert-2026-06,2026-03-18T08:00:00+08:00
CASE-000375,EVT-000046,区域限电-东莞-046,铁路替代+延期交付,0,6,582733.37,405956.27,0.6079,8,1,0,success,2,优先保障A级客户，并同时验证备用供应商产能、质量与运输可用性。,demo-rule-v1,expert-2026-06,2026-05-11T08:00:00+08:00
CASE-000376,EVT-000113,供应商停产-东莞-113,库存重分配+客户分级沟通,48,48,98946.42,828815.5,0.5708,4,1,15,success,2,优先保障A级客户，并同时验证备用供应商产能、质量与运输可用性。,demo-rule-v1,expert-2026-06,2026-06-04T08:00:00+08:00
CASE-000377,EVT-000122,区域限电-上海-122,关键订单空运+备用供应商补货,36,48,67298.1,1073417.85,0.6098,0,0,7,partial_success,5,优先保障A级客户，并同时验证备用供应商产能、质量与运输可用性。,demo-rule-v1,expert-2026-06,2025-10-25T08:00:00+08:00
CASE-000378,EVT-000048,区域限电-青岛-048,接受短期停线+控制现金成本,36,48,807606.96,657392.66,0.8543,0,3,2,success,5,优先保障A级客户，并同时验证备用供应商产能、质量与运输可用性。,demo-rule-v1,expert-2026-06,2025-11-30T08:00:00+08:00
CASE-000379,EVT-000041,海关查验延误-武汉-041,双供应商分单+安全库存锁定,24,24,440226.15,261039.75,0.7837,4,0,14,success,2,优先保障A级客户，并同时验证备用供应商产能、质量与运输可用性。,demo-rule-v1,expert-2026-06,2025-10-06T08:00:00+08:00
CASE-000380,EVT-000128,运输节点中断-上海-128,库存重分配+客户分级沟通,72,78,272437.69,961797.38,0.771,0,1,6,success,2,优先保障A级客户，并同时验证备用供应商产能、质量与运输可用性。,demo-rule-v1,expert-2026-06,2025-09-16T08:00:00+08:00
CASE-000381,EVT-000228,运输节点中断-东莞-228,铁路替代+延期交付,24,24,603284.82,41764.21,0.946,0,2,1,success,5,优先保障A级客户，并同时验证备用供应商产能、质量与运输可用性。,demo-rule-v1,expert-2026-06,2026-04-16T08:00:00+08:00
CASE-000382,EVT-000188,海关查验延误-上海-188,铁路替代+延期交付,48,48,666753.03,198137.86,0.5605,0,0,18,partial_success,5,优先保障A级客户，并同时验证备用供应商产能、质量与运输可用性。,demo-rule-v1,expert-2026-06,2026-04-21T08:00:00+08:00
CASE-000383,EVT-000194,需求突增-宁波-194,库存重分配+客户分级沟通,12,15,719981.86,445865.78,0.6462,4,0,6,success,5,优先保障A级客户，并同时验证备用供应商产能、质量与运输可用性。,demo-rule-v1,expert-2026-06,2026-05-08T08:00:00+08:00
CASE-000384,EVT-000211,需求突增-杭州-211,紧急采购+生产计划调整,12,24,114714.11,237371.53,0.8874,0,0,17,success,4,优先保障A级客户，并同时验证备用供应商产能、质量与运输可用性。,demo-rule-v1,expert-2026-06,2025-08-03T08:00:00+08:00
CASE-000385,EVT-000183,台风天气-成都-183,双供应商分单+安全库存锁定,36,42,28712.67,29271.8,0.8971,4,3,5,failed,3,优先保障A级客户，并同时验证备用供应商产能、质量与运输可用性。,demo-rule-v1,expert-2026-06,2026-05-22T08:00:00+08:00
CASE-000386,EVT-000188,海关查验延误-上海-188,接受短期停线+控制现金成本,36,36,250647.68,426159.49,0.8381,24,5,9,success,3,优先保障A级客户，并同时验证备用供应商产能、质量与运输可用性。,demo-rule-v1,expert-2026-06,2026-04-22T08:00:00+08:00
CASE-000387,EVT-000096,供应商停产-武汉-096,接受短期停线+控制现金成本,24,24,642893.58,132403.31,0.6105,8,1,3,success,5,优先保障A级客户，并同时验证备用供应商产能、质量与运输可用性。,demo-rule-v1,expert-2026-06,2026-02-26T08:00:00+08:00
CASE-000388,EVT-000134,需求突增-合肥-134,紧急采购+生产计划调整,48,48,368049.2,513179.55,0.6523,48,0,4,success,5,优先保障A级客户，并同时验证备用供应商产能、质量与运输可用性。,demo-rule-v1,expert-2026-06,2026-03-26T08:00:00+08:00
CASE-000389,EVT-000088,港口停运-天津-088,库存重分配+客户分级沟通,72,84,319678.61,631935.1,0.63,48,3,3,success,5,优先保障A级客户，并同时验证备用供应商产能、质量与运输可用性。,demo-rule-v1,expert-2026-06,2026-06-04T08:00:00+08:00
CASE-000390,EVT-000148,需求突增-武汉-148,关键订单空运+备用供应商补货,0,6,269578.27,575215.5,0.6498,48,1,12,success,5,优先保障A级客户，并同时验证备用供应商产能、质量与运输可用性。,demo-rule-v1,expert-2026-06,2025-06-22T08:00:00+08:00
CASE-000391,EVT-000164,需求突增-天津-164,双供应商分单+安全库存锁定,48,42,52120.54,386155.48,0.9495,0,1,0,partial_success,5,优先保障A级客户，并同时验证备用供应商产能、质量与运输可用性。,demo-rule-v1,expert-2026-06,2026-03-05T08:00:00+08:00
CASE-000392,EVT-000198,供应商停产-青岛-198,关键订单空运+备用供应商补货,48,54,446227.17,469251.78,0.8165,8,5,6,success,5,优先保障A级客户，并同时验证备用供应商产能、质量与运输可用性。,demo-rule-v1,expert-2026-06,2026-05-30T08:00:00+08:00
CASE-000393,EVT-000187,质量召回-上海-187,铁路替代+延期交付,6,6,739796.01,891719.8,0.9397,48,2,15,success,5,优先保障A级客户，并同时验证备用供应商产能、质量与运输可用性。,demo-rule-v1,expert-2026-06,2025-09-30T08:00:00+08:00
CASE-000394,EVT-000217,运输节点中断-天津-217,铁路替代+延期交付,0,12,816051.91,506926.04,0.6138,12,1,7,success,5,优先保障A级客户，并同时验证备用供应商产能、质量与运输可用性。,demo-rule-v1,expert-2026-06,2026-01-21T08:00:00+08:00
CASE-000395,EVT-000104,需求突增-成都-104,库存重分配+客户分级沟通,36,60,713434.69,48970.53,0.8335,4,2,6,success,2,优先保障A级客户，并同时验证备用供应商产能、质量与运输可用性。,demo-rule-v1,expert-2026-06,2025-11-04T08:00:00+08:00
CASE-000396,EVT-000153,运输节点中断-苏州-153,紧急采购+生产计划调整,12,24,149179.86,779661.07,0.8482,24,5,10,success,2,优先保障A级客户，并同时验证备用供应商产能、质量与运输可用性。,demo-rule-v1,expert-2026-06,2025-07-28T08:00:00+08:00
CASE-000397,EVT-000212,运输节点中断-合肥-212,双供应商分单+安全库存锁定,24,30,597850.39,495632.96,0.5659,0,3,13,partial_success,5,优先保障A级客户，并同时验证备用供应商产能、质量与运输可用性。,demo-rule-v1,expert-2026-06,2025-10-08T08:00:00+08:00
CASE-000398,EVT-000005,区域限电-宁波-005,紧急采购+生产计划调整,0,0,23967.62,332488.41,0.9298,4,0,14,partial_success,5,优先保障A级客户，并同时验证备用供应商产能、质量与运输可用性。,demo-rule-v1,expert-2026-06,2025-11-10T08:00:00+08:00
CASE-000399,EVT-000092,台风天气-合肥-092,库存重分配+客户分级沟通,24,24,558869.74,688822.53,0.8079,8,0,6,partial_success,5,优先保障A级客户，并同时验证备用供应商产能、质量与运输可用性。,demo-rule-v1,expert-2026-06,2025-08-21T08:00:00+08:00
CASE-000400,EVT-000220,海关查验延误-杭州-220,紧急采购+生产计划调整,48,54,849479.38,1031165.36,0.8613,8,0,7,success,2,优先保障A级客户，并同时验证备用供应商产能、质量与运输可用性。,demo-rule-v1,expert-2026-06,2025-08-30T08:00:00+08:00
CASE-000401,EVT-000111,运输节点中断-杭州-111,接受短期停线+控制现金成本,12,12,378552.15,1197448.77,0.6198,0,3,12,success,4,优先保障A级客户，并同时验证备用供应商产能、质量与运输可用性。,demo-rule-v1,expert-2026-06,2025-06-26T08:00:00+08:00
CASE-000402,EVT-000015,运输节点中断-上海-015,关键订单空运+备用供应商补货,48,42,871752.99,463111.09,0.8046,0,3,4,partial_success,2,优先保障A级客户，并同时验证备用供应商产能、质量与运输可用性。,demo-rule-v1,expert-2026-06,2025-10-23T08:00:00+08:00
CASE-000403,EVT-000109,需求突增-杭州-109,库存重分配+客户分级沟通,36,36,824950.76,1105927.93,0.5425,8,0,0,success,2,优先保障A级客户，并同时验证备用供应商产能、质量与运输可用性。,demo-rule-v1,expert-2026-06,2025-10-21T08:00:00+08:00
CASE-000404,EVT-000007,需求突增-成都-007,双供应商分单+安全库存锁定,6,30,411026.81,801678.56,0.9125,24,5,4,success,5,优先保障A级客户，并同时验证备用供应商产能、质量与运输可用性。,demo-rule-v1,expert-2026-06,2025-09-14T08:00:00+08:00
CASE-000405,EVT-000192,供应商停产-东莞-192,关键订单空运+备用供应商补货,72,66,66949.44,559269.53,0.7353,24,0,9,partial_success,5,优先保障A级客户，并同时验证备用供应商产能、质量与运输可用性。,demo-rule-v1,expert-2026-06,2025-10-18T08:00:00+08:00
CASE-000406,EVT-000227,供应商停产-上海-227,关键订单空运+备用供应商补货,48,54,653341.0,107723.13,0.9177,0,0,2,success,5,优先保障A级客户，并同时验证备用供应商产能、质量与运输可用性。,demo-rule-v1,expert-2026-06,2025-11-10T08:00:00+08:00
CASE-000407,EVT-000199,需求突增-上海-199,双供应商分单+安全库存锁定,6,6,451663.42,142667.41,0.6078,0,0,10,success,4,优先保障A级客户，并同时验证备用供应商产能、质量与运输可用性。,demo-rule-v1,expert-2026-06,2025-07-04T08:00:00+08:00
CASE-000408,EVT-000124,区域限电-上海-124,双供应商分单+安全库存锁定,48,72,287735.26,694803.94,0.5344,0,0,15,partial_success,2,优先保障A级客户，并同时验证备用供应商产能、质量与运输可用性。,demo-rule-v1,expert-2026-06,2025-06-25T08:00:00+08:00
CASE-000409,EVT-000175,区域限电-苏州-175,双供应商分单+安全库存锁定,24,48,318037.06,592811.28,0.8775,0,0,17,success,5,优先保障A级客户，并同时验证备用供应商产能、质量与运输可用性。,demo-rule-v1,expert-2026-06,2025-09-02T08:00:00+08:00
CASE-000410,EVT-000153,运输节点中断-苏州-153,紧急采购+生产计划调整,6,6,600568.26,363706.69,0.9578,0,3,8,success,5,优先保障A级客户，并同时验证备用供应商产能、质量与运输可用性。,demo-rule-v1,expert-2026-06,2025-06-29T08:00:00+08:00
CASE-000411,EVT-000065,需求突增-青岛-065,接受短期停线+控制现金成本,12,12,573552.61,281991.07,0.8534,48,3,13,failed,3,优先保障A级客户，并同时验证备用供应商产能、质量与运输可用性。,demo-rule-v1,expert-2026-06,2025-09-30T08:00:00+08:00
CASE-000412,EVT-000067,质量召回-东莞-067,铁路替代+延期交付,24,36,424531.43,896589.98,0.5571,0,1,10,success,5,优先保障A级客户，并同时验证备用供应商产能、质量与运输可用性。,demo-rule-v1,expert-2026-06,2026-04-17T08:00:00+08:00
CASE-000413,EVT-000115,区域限电-东莞-115,紧急采购+生产计划调整,0,6,411413.19,375825.25,0.7479,4,1,5,success,4,优先保障A级客户，并同时验证备用供应商产能、质量与运输可用性。,demo-rule-v1,expert-2026-06,2026-05-22T08:00:00+08:00
CASE-000414,EVT-000158,区域限电-青岛-158,紧急采购+生产计划调整,24,27,348245.23,827651.68,0.7059,24,0,16,failed,3,优先保障A级客户，并同时验证备用供应商产能、质量与运输可用性。,demo-rule-v1,expert-2026-06,2026-03-07T08:00:00+08:00
CASE-000415,EVT-000159,区域限电-合肥-159,紧急采购+生产计划调整,12,24,625758.13,826053.05,0.8568,24,0,17,success,5,优先保障A级客户，并同时验证备用供应商产能、质量与运输可用性。,demo-rule-v1,expert-2026-06,2026-05-15T08:00:00+08:00
CASE-000416,EVT-000177,台风天气-上海-177,关键订单空运+备用供应商补货,6,0,475166.8,149534.17,0.9903,4,3,8,success,3,优先保障A级客户，并同时验证备用供应商产能、质量与运输可用性。,demo-rule-v1,expert-2026-06,2026-01-07T08:00:00+08:00
CASE-000417,EVT-000196,海关查验延误-天津-196,接受短期停线+控制现金成本,0,12,894092.72,646653.38,0.6536,12,0,2,success,2,优先保障A级客户，并同时验证备用供应商产能、质量与运输可用性。,demo-rule-v1,expert-2026-06,2025-09-21T08:00:00+08:00
CASE-000418,EVT-000130,海关查验延误-成都-130,接受短期停线+控制现金成本,72,72,869538.7,121638.39,0.7201,12,0,18,success,3,优先保障A级客户，并同时验证备用供应商产能、质量与运输可用性。,demo-rule-v1,expert-2026-06,2025-10-11T08:00:00+08:00
CASE-000419,EVT-000064,质量召回-天津-064,接受短期停线+控制现金成本,72,78,758091.88,1199561.84,0.602,0,1,14,success,5,优先保障A级客户，并同时验证备用供应商产能、质量与运输可用性。,demo-rule-v1,expert-2026-06,2026-03-22T08:00:00+08:00
CASE-000420,EVT-000130,海关查验延误-成都-130,紧急采购+生产计划调整,36,39,397043.21,119627.48,0.995,24,0,4,partial_success,2,优先保障A级客户，并同时验证备用供应商产能、质量与运输可用性。,demo-rule-v1,expert-2026-06,2026-04-26T08:00:00+08:00
CASE-000421,EVT-000169,需求突增-东莞-169,接受短期停线+控制现金成本,6,9,613887.21,929163.09,0.5522,4,1,8,partial_success,5,优先保障A级客户，并同时验证备用供应商产能、质量与运输可用性。,demo-rule-v1,expert-2026-06,2026-02-12T08:00:00+08:00
CASE-000422,EVT-000139,海关查验延误-天津-139,关键订单空运+备用供应商补货,0,0,640331.32,519418.59,0.8299,8,0,3,success,4,优先保障A级客户，并同时验证备用供应商产能、质量与运输可用性。,demo-rule-v1,expert-2026-06,2026-03-21T08:00:00+08:00
CASE-000423,EVT-000188,海关查验延误-上海-188,铁路替代+延期交付,48,48,53660.77,928704.53,0.9225,8,1,2,success,2,优先保障A级客户，并同时验证备用供应商产能、质量与运输可用性。,demo-rule-v1,expert-2026-06,2026-01-14T08:00:00+08:00
CASE-000424,EVT-000116,区域限电-东莞-116,库存重分配+客户分级沟通,72,75,120281.93,1050756.86,0.6258,48,0,14,success,3,优先保障A级客户，并同时验证备用供应商产能、质量与运输可用性。,demo-rule-v1,expert-2026-06,2026-06-11T08:00:00+08:00
CASE-000425,EVT-000195,区域限电-杭州-195,紧急采购+生产计划调整,12,12,411729.21,833481.68,0.6464,48,2,5,success,3,优先保障A级客户，并同时验证备用供应商产能、质量与运输可用性。,demo-rule-v1,expert-2026-06,2026-01-24T08:00:00+08:00
CASE-000426,EVT-000090,港口停运-武汉-090,关键订单空运+备用供应商补货,36,36,573899.52,653766.66,0.585,48,0,0,partial_success,2,优先保障A级客户，并同时验证备用供应商产能、质量与运输可用性。,demo-rule-v1,expert-2026-06,2025-09-07T08:00:00+08:00
CASE-000427,EVT-000001,运输节点中断-武汉-001,接受短期停线+控制现金成本,48,48,804343.77,425695.87,0.7199,0,5,6,success,4,优先保障A级客户，并同时验证备用供应商产能、质量与运输可用性。,demo-rule-v1,expert-2026-06,2025-12-25T08:00:00+08:00
CASE-000428,EVT-000099,质量召回-宁波-099,双供应商分单+安全库存锁定,72,72,760917.97,1148155.82,0.6481,4,2,15,success,2,优先保障A级客户，并同时验证备用供应商产能、质量与运输可用性。,demo-rule-v1,expert-2026-06,2026-05-18T08:00:00+08:00
CASE-000429,EVT-000139,海关查验延误-天津-139,库存重分配+客户分级沟通,12,15,882538.87,195175.48,0.9798,0,1,18,failed,2,优先保障A级客户，并同时验证备用供应商产能、质量与运输可用性。,demo-rule-v1,expert-2026-06,2025-11-17T08:00:00+08:00
CASE-000430,EVT-000013,台风天气-苏州-013,紧急采购+生产计划调整,6,30,854470.96,744011.73,0.5421,24,2,18,success,5,优先保障A级客户，并同时验证备用供应商产能、质量与运输可用性。,demo-rule-v1,expert-2026-06,2025-12-20T08:00:00+08:00
CASE-000431,EVT-000105,港口停运-天津-105,双供应商分单+安全库存锁定,36,60,784938.91,576335.2,0.8062,12,5,5,success,2,优先保障A级客户，并同时验证备用供应商产能、质量与运输可用性。,demo-rule-v1,expert-2026-06,2025-12-21T08:00:00+08:00
CASE-000432,EVT-000029,需求突增-武汉-029,双供应商分单+安全库存锁定,24,48,180201.55,511065.72,0.8073,48,1,11,partial_success,2,优先保障A级客户，并同时验证备用供应商产能、质量与运输可用性。,demo-rule-v1,expert-2026-06,2025-07-31T08:00:00+08:00
CASE-000433,EVT-000166,区域限电-成都-166,接受短期停线+控制现金成本,48,48,164288.76,845188.95,0.8727,0,3,3,success,2,优先保障A级客户，并同时验证备用供应商产能、质量与运输可用性。,demo-rule-v1,expert-2026-06,2025-11-04T08:00:00+08:00
CASE-000434,EVT-000026,区域限电-青岛-026,接受短期停线+控制现金成本,36,36,678288.67,42680.85,0.8027,4,1,8,partial_success,4,优先保障A级客户，并同时验证备用供应商产能、质量与运输可用性。,demo-rule-v1,expert-2026-06,2025-06-24T08:00:00+08:00
CASE-000435,EVT-000061,区域限电-成都-061,接受短期停线+控制现金成本,72,72,454230.42,791416.37,0.5321,12,0,10,success,3,优先保障A级客户，并同时验证备用供应商产能、质量与运输可用性。,demo-rule-v1,expert-2026-06,2026-01-19T08:00:00+08:00
CASE-000436,EVT-000236,质量召回-苏州-236,双供应商分单+安全库存锁定,36,39,540204.83,571645.77,0.9921,24,0,17,success,3,优先保障A级客户，并同时验证备用供应商产能、质量与运输可用性。,demo-rule-v1,expert-2026-06,2026-04-16T08:00:00+08:00
CASE-000437,EVT-000180,港口停运-成都-180,库存重分配+客户分级沟通,72,66,834928.25,772277.56,0.5401,8,2,0,success,3,优先保障A级客户，并同时验证备用供应商产能、质量与运输可用性。,demo-rule-v1,expert-2026-06,2026-06-10T08:00:00+08:00
CASE-000438,EVT-000187,质量召回-上海-187,库存重分配+客户分级沟通,0,24,856694.79,845009.61,0.545,0,1,3,success,4,优先保障A级客户，并同时验证备用供应商产能、质量与运输可用性。,demo-rule-v1,expert-2026-06,2026-04-05T08:00:00+08:00
CASE-000439,EVT-000058,海关查验延误-天津-058,关键订单空运+备用供应商补货,24,48,812615.99,785406.7,0.553,0,0,5,partial_success,4,优先保障A级客户，并同时验证备用供应商产能、质量与运输可用性。,demo-rule-v1,expert-2026-06,2026-02-06T08:00:00+08:00
CASE-000440,EVT-000126,运输节点中断-杭州-126,库存重分配+客户分级沟通,12,12,300220.19,271616.0,0.6777,0,5,9,success,2,优先保障A级客户，并同时验证备用供应商产能、质量与运输可用性。,demo-rule-v1,expert-2026-06,2025-11-19T08:00:00+08:00
CASE-000441,EVT-000237,需求突增-苏州-237,紧急采购+生产计划调整,0,0,398675.1,153402.92,0.654,0,2,17,success,5,优先保障A级客户，并同时验证备用供应商产能、质量与运输可用性。,demo-rule-v1,expert-2026-06,2025-06-22T08:00:00+08:00
CASE-000442,EVT-000235,供应商停产-苏州-235,库存重分配+客户分级沟通,36,30,783294.3,668994.57,0.6418,0,1,1,partial_success,5,优先保障A级客户，并同时验证备用供应商产能、质量与运输可用性。,demo-rule-v1,expert-2026-06,2025-10-01T08:00:00+08:00
CASE-000443,EVT-000164,需求突增-天津-164,双供应商分单+安全库存锁定,24,18,484439.74,431185.12,0.5815,12,0,16,partial_success,5,优先保障A级客户，并同时验证备用供应商产能、质量与运输可用性。,demo-rule-v1,expert-2026-06,2025-09-19T08:00:00+08:00
CASE-000444,EVT-000055,需求突增-成都-055,铁路替代+延期交付,72,66,343455.94,216027.26,0.5337,0,0,1,success,5,优先保障A级客户，并同时验证备用供应商产能、质量与运输可用性。,demo-rule-v1,expert-2026-06,2026-02-16T08:00:00+08:00
CASE-000445,EVT-000030,供应商停产-武汉-030,紧急采购+生产计划调整,0,12,688455.23,131179.08,0.6389,0,3,0,success,3,优先保障A级客户，并同时验证备用供应商产能、质量与运输可用性。,demo-rule-v1,expert-2026-06,2025-07-14T08:00:00+08:00
CASE-000446,EVT-000236,质量召回-苏州-236,关键订单空运+备用供应商补货,12,24,803921.68,443209.58,0.8139,48,0,7,partial_success,2,优先保障A级客户，并同时验证备用供应商产能、质量与运输可用性。,demo-rule-v1,expert-2026-06,2025-06-20T08:00:00+08:00
CASE-000447,EVT-000017,需求突增-杭州-017,接受短期停线+控制现金成本,6,30,552892.23,450130.88,0.9968,24,5,4,success,3,优先保障A级客户，并同时验证备用供应商产能、质量与运输可用性。,demo-rule-v1,expert-2026-06,2026-02-13T08:00:00+08:00
CASE-000448,EVT-000195,区域限电-杭州-195,接受短期停线+控制现金成本,36,30,846639.06,783122.7,0.915,12,1,5,partial_success,2,优先保障A级客户，并同时验证备用供应商产能、质量与运输可用性。,demo-rule-v1,expert-2026-06,2025-09-26T08:00:00+08:00
CASE-000449,EVT-000079,海关查验延误-苏州-079,紧急采购+生产计划调整,72,75,757390.04,742648.19,0.5315,24,0,11,success,2,优先保障A级客户，并同时验证备用供应商产能、质量与运输可用性。,demo-rule-v1,expert-2026-06,2025-12-12T08:00:00+08:00
CASE-000450,EVT-000047,区域限电-杭州-047,铁路替代+延期交付,0,24,294774.1,404837.01,0.951,12,3,11,failed,3,优先保障A级客户，并同时验证备用供应商产能、质量与运输可用性。,demo-rule-v1,expert-2026-06,2025-06-22T08:00:00+08:00
CASE-000451,EVT-000115,区域限电-东莞-115,接受短期停线+控制现金成本,12,6,363837.08,409736.98,0.9681,48,0,3,success,4,优先保障A级客户，并同时验证备用供应商产能、质量与运输可用性。,demo-rule-v1,expert-2026-06,2025-08-19T08:00:00+08:00
CASE-000452,EVT-000192,供应商停产-东莞-192,库存重分配+客户分级沟通,48,60,421024.93,218715.34,0.5944,0,5,13,success,5,优先保障A级客户，并同时验证备用供应商产能、质量与运输可用性。,demo-rule-v1,expert-2026-06,2026-04-17T08:00:00+08:00
CASE-000453,EVT-000018,台风天气-东莞-018,双供应商分单+安全库存锁定,72,72,758002.53,662869.39,0.6012,24,2,18,partial_success,4,优先保障A级客户，并同时验证备用供应商产能、质量与运输可用性。,demo-rule-v1,expert-2026-06,2026-05-26T08:00:00+08:00
CASE-000454,EVT-000009,需求突增-成都-009,铁路替代+延期交付,24,48,668533.68,1152663.86,0.5938,48,0,11,success,3,优先保障A级客户，并同时验证备用供应商产能、质量与运输可用性。,demo-rule-v1,expert-2026-06,2026-01-26T08:00:00+08:00
CASE-000455,EVT-000058,海关查验延误-天津-058,紧急采购+生产计划调整,0,3,616135.86,63410.81,0.5572,0,3,0,partial_success,5,优先保障A级客户，并同时验证备用供应商产能、质量与运输可用性。,demo-rule-v1,expert-2026-06,2026-04-16T08:00:00+08:00
CASE-000456,EVT-000075,台风天气-武汉-075,双供应商分单+安全库存锁定,36,39,218759.76,617388.5,0.5563,0,1,0,partial_success,3,优先保障A级客户，并同时验证备用供应商产能、质量与运输可用性。,demo-rule-v1,expert-2026-06,2025-09-03T08:00:00+08:00
CASE-000457,EVT-000217,运输节点中断-天津-217,紧急采购+生产计划调整,6,6,355630.63,408317.42,0.6142,4,0,13,success,4,优先保障A级客户，并同时验证备用供应商产能、质量与运输可用性。,demo-rule-v1,expert-2026-06,2025-09-15T08:00:00+08:00
CASE-000458,EVT-000224,港口停运-天津-224,关键订单空运+备用供应商补货,0,6,550462.25,737531.39,0.8456,12,0,4,success,2,优先保障A级客户，并同时验证备用供应商产能、质量与运输可用性。,demo-rule-v1,expert-2026-06,2026-02-18T08:00:00+08:00
CASE-000459,EVT-000149,海关查验延误-上海-149,库存重分配+客户分级沟通,6,18,471006.28,520396.05,0.6642,12,0,12,success,5,优先保障A级客户，并同时验证备用供应商产能、质量与运输可用性。,demo-rule-v1,expert-2026-06,2025-10-12T08:00:00+08:00
CASE-000460,EVT-000106,需求突增-苏州-106,库存重分配+客户分级沟通,6,12,32919.4,725301.13,0.6735,24,1,18,success,3,优先保障A级客户，并同时验证备用供应商产能、质量与运输可用性。,demo-rule-v1,expert-2026-06,2026-06-11T08:00:00+08:00
CASE-000461,EVT-000075,台风天气-武汉-075,铁路替代+延期交付,48,42,633894.14,434466.88,0.9727,24,0,14,success,5,优先保障A级客户，并同时验证备用供应商产能、质量与运输可用性。,demo-rule-v1,expert-2026-06,2026-05-23T08:00:00+08:00
CASE-000462,EVT-000012,台风天气-青岛-012,铁路替代+延期交付,48,72,572150.38,191905.32,0.873,8,1,0,partial_success,5,优先保障A级客户，并同时验证备用供应商产能、质量与运输可用性。,demo-rule-v1,expert-2026-06,2025-10-25T08:00:00+08:00
CASE-000463,EVT-000031,供应商停产-苏州-031,紧急采购+生产计划调整,12,18,122767.13,55668.91,0.8002,0,5,11,success,2,优先保障A级客户，并同时验证备用供应商产能、质量与运输可用性。,demo-rule-v1,expert-2026-06,2025-07-19T08:00:00+08:00
CASE-000464,EVT-000142,需求突增-宁波-142,接受短期停线+控制现金成本,36,36,701941.75,299303.32,0.7069,24,0,8,success,3,优先保障A级客户，并同时验证备用供应商产能、质量与运输可用性。,demo-rule-v1,expert-2026-06,2025-09-15T08:00:00+08:00
CASE-000465,EVT-000102,运输节点中断-杭州-102,双供应商分单+安全库存锁定,36,39,587269.27,277032.76,0.9562,12,3,6,success,5,优先保障A级客户，并同时验证备用供应商产能、质量与运输可用性。,demo-rule-v1,expert-2026-06,2025-08-18T08:00:00+08:00
CASE-000466,EVT-000009,需求突增-成都-009,铁路替代+延期交付,48,48,404017.9,152081.99,0.8296,0,3,14,partial_success,2,优先保障A级客户，并同时验证备用供应商产能、质量与运输可用性。,demo-rule-v1,expert-2026-06,2025-06-19T08:00:00+08:00
CASE-000467,EVT-000013,台风天气-苏州-013,铁路替代+延期交付,6,6,281638.67,1031572.54,0.9177,0,2,16,failed,3,优先保障A级客户，并同时验证备用供应商产能、质量与运输可用性。,demo-rule-v1,expert-2026-06,2026-05-03T08:00:00+08:00
CASE-000468,EVT-000099,质量召回-宁波-099,铁路替代+延期交付,36,48,682505.92,497132.79,0.8766,0,0,11,success,3,优先保障A级客户，并同时验证备用供应商产能、质量与运输可用性。,demo-rule-v1,expert-2026-06,2026-02-25T08:00:00+08:00
CASE-000469,EVT-000071,质量召回-苏州-071,接受短期停线+控制现金成本,6,30,622088.36,887896.84,0.6702,12,0,14,partial_success,4,优先保障A级客户，并同时验证备用供应商产能、质量与运输可用性。,demo-rule-v1,expert-2026-06,2025-12-22T08:00:00+08:00
CASE-000470,EVT-000236,质量召回-苏州-236,紧急采购+生产计划调整,72,66,139765.92,1155105.78,0.6872,0,3,13,success,4,优先保障A级客户，并同时验证备用供应商产能、质量与运输可用性。,demo-rule-v1,expert-2026-06,2025-09-24T08:00:00+08:00
CASE-000471,EVT-000223,区域限电-合肥-223,双供应商分单+安全库存锁定,6,0,598608.17,413292.99,0.7035,0,0,13,partial_success,3,优先保障A级客户，并同时验证备用供应商产能、质量与运输可用性。,demo-rule-v1,expert-2026-06,2025-11-21T08:00:00+08:00
CASE-000472,EVT-000193,区域限电-宁波-193,接受短期停线+控制现金成本,72,78,348852.04,91086.07,0.7482,24,0,0,partial_success,5,优先保障A级客户，并同时验证备用供应商产能、质量与运输可用性。,demo-rule-v1,expert-2026-06,2026-01-20T08:00:00+08:00
CASE-000473,EVT-000035,质量召回-宁波-035,双供应商分单+安全库存锁定,0,0,273939.56,493399.31,0.7197,8,0,3,success,4,优先保障A级客户，并同时验证备用供应商产能、质量与运输可用性。,demo-rule-v1,expert-2026-06,2025-09-26T08:00:00+08:00
CASE-000474,EVT-000202,台风天气-武汉-202,铁路替代+延期交付,72,96,364300.57,951651.65,0.8013,12,3,0,partial_success,2,优先保障A级客户，并同时验证备用供应商产能、质量与运输可用性。,demo-rule-v1,expert-2026-06,2026-03-07T08:00:00+08:00
CASE-000475,EVT-000039,台风天气-合肥-039,库存重分配+客户分级沟通,0,0,292520.68,400413.12,0.8899,12,0,17,success,4,优先保障A级客户，并同时验证备用供应商产能、质量与运输可用性。,demo-rule-v1,expert-2026-06,2026-03-22T08:00:00+08:00
CASE-000476,EVT-000019,需求突增-杭州-019,铁路替代+延期交付,24,24,453685.86,196130.95,0.6321,8,1,2,success,4,优先保障A级客户，并同时验证备用供应商产能、质量与运输可用性。,demo-rule-v1,expert-2026-06,2026-05-12T08:00:00+08:00
CASE-000477,EVT-000189,需求突增-武汉-189,关键订单空运+备用供应商补货,6,0,434647.7,1004025.55,0.6095,12,0,10,success,2,优先保障A级客户，并同时验证备用供应商产能、质量与运输可用性。,demo-rule-v1,expert-2026-06,2025-12-31T08:00:00+08:00
CASE-000478,EVT-000041,海关查验延误-武汉-041,库存重分配+客户分级沟通,36,30,403101.73,328593.56,0.6278,48,3,18,failed,3,优先保障A级客户，并同时验证备用供应商产能、质量与运输可用性。,demo-rule-v1,expert-2026-06,2026-01-14T08:00:00+08:00
CASE-000479,EVT-000220,海关查验延误-杭州-220,接受短期停线+控制现金成本,0,0,605219.39,311969.3,0.8553,0,0,12,partial_success,4,优先保障A级客户，并同时验证备用供应商产能、质量与运输可用性。,demo-rule-v1,expert-2026-06,2026-01-04T08:00:00+08:00
CASE-000480,EVT-000071,质量召回-苏州-071,紧急采购+生产计划调整,36,36,244364.82,568066.24,0.7938,0,2,15,success,3,优先保障A级客户，并同时验证备用供应商产能、质量与运输可用性。,demo-rule-v1,expert-2026-06,2026-01-18T08:00:00+08:00
CASE-000481,EVT-000055,需求突增-成都-055,双供应商分单+安全库存锁定,6,9,231992.23,862115.86,0.6271,4,3,11,partial_success,2,优先保障A级客户，并同时验证备用供应商产能、质量与运输可用性。,demo-rule-v1,expert-2026-06,2025-07-08T08:00:00+08:00
CASE-000482,EVT-000105,港口停运-天津-105,库存重分配+客户分级沟通,24,24,88011.25,64163.71,0.778,12,2,3,success,2,优先保障A级客户，并同时验证备用供应商产能、质量与运输可用性。,demo-rule-v1,expert-2026-06,2025-07-14T08:00:00+08:00
CASE-000483,EVT-000222,质量召回-青岛-222,紧急采购+生产计划调整,72,96,82217.79,699760.53,0.5966,48,3,8,partial_success,5,优先保障A级客户，并同时验证备用供应商产能、质量与运输可用性。,demo-rule-v1,expert-2026-06,2025-07-05T08:00:00+08:00
CASE-000484,EVT-000031,供应商停产-苏州-031,库存重分配+客户分级沟通,36,36,520112.48,208600.22,0.6346,8,0,0,success,3,优先保障A级客户，并同时验证备用供应商产能、质量与运输可用性。,demo-rule-v1,expert-2026-06,2025-12-25T08:00:00+08:00
CASE-000485,EVT-000054,运输节点中断-成都-054,双供应商分单+安全库存锁定,24,27,539739.01,1070256.73,0.9937,0,0,5,success,3,优先保障A级客户，并同时验证备用供应商产能、质量与运输可用性。,demo-rule-v1,expert-2026-06,2025-10-20T08:00:00+08:00
CASE-000486,EVT-000124,区域限电-上海-124,库存重分配+客户分级沟通,72,78,116856.13,223195.57,0.569,12,3,16,partial_success,3,优先保障A级客户，并同时验证备用供应商产能、质量与运输可用性。,demo-rule-v1,expert-2026-06,2026-02-24T08:00:00+08:00
CASE-000487,EVT-000200,港口停运-苏州-200,关键订单空运+备用供应商补货,24,30,314257.12,1099991.92,0.5715,8,0,7,partial_success,5,优先保障A级客户，并同时验证备用供应商产能、质量与运输可用性。,demo-rule-v1,expert-2026-06,2026-02-19T08:00:00+08:00
CASE-000488,EVT-000100,供应商停产-东莞-100,紧急采购+生产计划调整,0,24,447998.0,936026.96,0.7705,0,5,2,failed,1,优先保障A级客户，并同时验证备用供应商产能、质量与运输可用性。,demo-rule-v1,expert-2026-06,2025-12-25T08:00:00+08:00
CASE-000489,EVT-000136,需求突增-宁波-136,库存重分配+客户分级沟通,72,72,463282.45,1194237.8,0.9023,48,0,6,partial_success,5,优先保障A级客户，并同时验证备用供应商产能、质量与运输可用性。,demo-rule-v1,expert-2026-06,2026-04-01T08:00:00+08:00
CASE-000490,EVT-000084,运输节点中断-合肥-084,双供应商分单+安全库存锁定,72,96,30422.46,997809.75,0.8074,0,0,13,success,2,优先保障A级客户，并同时验证备用供应商产能、质量与运输可用性。,demo-rule-v1,expert-2026-06,2026-03-21T08:00:00+08:00
CASE-000491,EVT-000140,海关查验延误-上海-140,库存重分配+客户分级沟通,6,6,457730.41,498983.45,0.9613,8,3,18,success,5,优先保障A级客户，并同时验证备用供应商产能、质量与运输可用性。,demo-rule-v1,expert-2026-06,2026-05-26T08:00:00+08:00
CASE-000492,EVT-000067,质量召回-东莞-067,铁路替代+延期交付,48,48,419086.82,763811.94,0.6905,12,1,1,success,2,优先保障A级客户，并同时验证备用供应商产能、质量与运输可用性。,demo-rule-v1,expert-2026-06,2025-10-20T08:00:00+08:00
CASE-000493,EVT-000055,需求突增-成都-055,接受短期停线+控制现金成本,48,42,484469.88,47420.86,0.7101,24,0,18,success,4,优先保障A级客户，并同时验证备用供应商产能、质量与运输可用性。,demo-rule-v1,expert-2026-06,2025-11-23T08:00:00+08:00
CASE-000494,EVT-000074,质量召回-成都-074,接受短期停线+控制现金成本,72,75,231985.9,1022704.8,0.6637,0,0,17,failed,2,优先保障A级客户，并同时验证备用供应商产能、质量与运输可用性。,demo-rule-v1,expert-2026-06,2026-02-21T08:00:00+08:00
CASE-000495,EVT-000143,质量召回-苏州-143,接受短期停线+控制现金成本,0,0,102677.94,1029115.64,0.7892,0,1,8,success,3,优先保障A级客户，并同时验证备用供应商产能、质量与运输可用性。,demo-rule-v1,expert-2026-06,2026-05-07T08:00:00+08:00
CASE-000496,EVT-000160,质量召回-宁波-160,双供应商分单+安全库存锁定,48,60,543000.2,479964.4,0.7919,0,5,7,success,5,优先保障A级客户，并同时验证备用供应商产能、质量与运输可用性。,demo-rule-v1,expert-2026-06,2025-09-21T08:00:00+08:00
CASE-000497,EVT-000029,需求突增-武汉-029,库存重分配+客户分级沟通,6,30,487039.1,623941.46,0.739,8,3,13,partial_success,3,优先保障A级客户，并同时验证备用供应商产能、质量与运输可用性。,demo-rule-v1,expert-2026-06,2026-01-20T08:00:00+08:00
CASE-000498,EVT-000074,质量召回-成都-074,双供应商分单+安全库存锁定,6,6,345287.08,230250.27,0.5727,4,0,12,success,2,优先保障A级客户，并同时验证备用供应商产能、质量与运输可用性。,demo-rule-v1,expert-2026-06,2026-05-13T08:00:00+08:00
CASE-000499,EVT-000142,需求突增-宁波-142,紧急采购+生产计划调整,12,12,445395.04,918042.51,0.6683,8,1,2,failed,2,优先保障A级客户，并同时验证备用供应商产能、质量与运输可用性。,demo-rule-v1,expert-2026-06,2025-08-09T08:00:00+08:00
CASE-000500,EVT-000173,港口停运-东莞-173,接受短期停线+控制现金成本,6,0,765296.67,638348.37,0.9724,0,0,4,partial_success,3,优先保障A级客户，并同时验证备用供应商产能、质量与运输可用性。,demo-rule-v1,expert-2026-06,2026-03-30T08:00:00+08:00
CASE-000501,EVT-000234,质量召回-东莞-234,接受短期停线+控制现金成本,48,54,437198.92,205691.83,0.9751,48,3,14,success,3,优先保障A级客户，并同时验证备用供应商产能、质量与运输可用性。,demo-rule-v1,expert-2026-06,2026-05-30T08:00:00+08:00
CASE-000502,EVT-000135,供应商停产-青岛-135,库存重分配+客户分级沟通,24,48,478931.4,679962.71,0.6876,0,1,9,success,3,优先保障A级客户，并同时验证备用供应商产能、质量与运输可用性。,demo-rule-v1,expert-2026-06,2025-09-24T08:00:00+08:00
CASE-000503,EVT-000150,需求突增-苏州-150,铁路替代+延期交付,36,30,598612.91,369165.69,0.7145,0,0,4,success,5,优先保障A级客户，并同时验证备用供应商产能、质量与运输可用性。,demo-rule-v1,expert-2026-06,2025-09-30T08:00:00+08:00
CASE-000504,EVT-000230,运输节点中断-成都-230,库存重分配+客户分级沟通,0,3,490391.15,623939.36,0.8429,8,0,14,success,4,优先保障A级客户，并同时验证备用供应商产能、质量与运输可用性。,demo-rule-v1,expert-2026-06,2025-11-30T08:00:00+08:00
CASE-000505,EVT-000083,港口停运-上海-083,紧急采购+生产计划调整,12,12,556142.08,391744.96,0.8683,0,5,17,partial_success,3,优先保障A级客户，并同时验证备用供应商产能、质量与运输可用性。,demo-rule-v1,expert-2026-06,2026-03-10T08:00:00+08:00
CASE-000506,EVT-000208,海关查验延误-苏州-208,紧急采购+生产计划调整,24,36,513977.51,596705.06,0.8132,8,0,6,success,4,优先保障A级客户，并同时验证备用供应商产能、质量与运输可用性。,demo-rule-v1,expert-2026-06,2025-08-24T08:00:00+08:00
CASE-000507,EVT-000196,海关查验延误-天津-196,铁路替代+延期交付,48,48,845366.12,177362.87,0.7604,4,0,14,success,4,优先保障A级客户，并同时验证备用供应商产能、质量与运输可用性。,demo-rule-v1,expert-2026-06,2025-12-07T08:00:00+08:00
CASE-000508,EVT-000112,供应商停产-东莞-112,紧急采购+生产计划调整,24,30,416396.58,1034443.04,0.6502,0,0,1,success,5,优先保障A级客户，并同时验证备用供应商产能、质量与运输可用性。,demo-rule-v1,expert-2026-06,2026-04-02T08:00:00+08:00
CASE-000509,EVT-000137,港口停运-青岛-137,接受短期停线+控制现金成本,12,12,639925.45,121747.91,0.5453,48,0,5,failed,1,优先保障A级客户，并同时验证备用供应商产能、质量与运输可用性。,demo-rule-v1,expert-2026-06,2026-02-13T08:00:00+08:00
CASE-000510,EVT-000217,运输节点中断-天津-217,接受短期停线+控制现金成本,72,84,743827.04,83239.36,0.8106,48,3,14,partial_success,4,优先保障A级客户，并同时验证备用供应商产能、质量与运输可用性。,demo-rule-v1,expert-2026-06,2026-03-01T08:00:00+08:00
CASE-000511,EVT-000206,港口停运-成都-206,紧急采购+生产计划调整,72,84,673121.77,544440.89,0.8343,0,5,0,success,5,优先保障A级客户，并同时验证备用供应商产能、质量与运输可用性。,demo-rule-v1,expert-2026-06,2025-08-17T08:00:00+08:00
CASE-000512,EVT-000218,港口停运-青岛-218,紧急采购+生产计划调整,36,36,443007.54,420846.09,0.5984,24,0,14,partial_success,3,优先保障A级客户，并同时验证备用供应商产能、质量与运输可用性。,demo-rule-v1,expert-2026-06,2025-07-18T08:00:00+08:00
CASE-000513,EVT-000219,运输节点中断-成都-219,双供应商分单+安全库存锁定,72,66,711281.32,768300.9,0.8921,0,0,12,success,3,优先保障A级客户，并同时验证备用供应商产能、质量与运输可用性。,demo-rule-v1,expert-2026-06,2026-04-23T08:00:00+08:00
CASE-000514,EVT-000197,海关查验延误-东莞-197,铁路替代+延期交付,36,39,481358.53,1086330.92,0.8461,0,0,3,success,5,优先保障A级客户，并同时验证备用供应商产能、质量与运输可用性。,demo-rule-v1,expert-2026-06,2026-05-09T08:00:00+08:00
CASE-000515,EVT-000028,运输节点中断-苏州-028,双供应商分单+安全库存锁定,24,30,221050.36,236513.06,0.9126,0,0,16,success,2,优先保障A级客户，并同时验证备用供应商产能、质量与运输可用性。,demo-rule-v1,expert-2026-06,2026-01-19T08:00:00+08:00
CASE-000516,EVT-000117,港口停运-上海-117,铁路替代+延期交付,12,12,677862.34,543379.28,0.9011,0,5,15,success,3,优先保障A级客户，并同时验证备用供应商产能、质量与运输可用性。,demo-rule-v1,expert-2026-06,2026-04-17T08:00:00+08:00
CASE-000517,EVT-000082,质量召回-上海-082,紧急采购+生产计划调整,6,6,354726.91,802877.78,0.887,8,0,15,success,4,优先保障A级客户，并同时验证备用供应商产能、质量与运输可用性。,demo-rule-v1,expert-2026-06,2025-10-27T08:00:00+08:00
CASE-000518,EVT-000140,海关查验延误-上海-140,紧急采购+生产计划调整,12,36,814787.27,338892.19,0.9255,0,0,18,failed,1,优先保障A级客户，并同时验证备用供应商产能、质量与运输可用性。,demo-rule-v1,expert-2026-06,2026-05-10T08:00:00+08:00
CASE-000519,EVT-000184,海关查验延误-苏州-184,关键订单空运+备用供应商补货,6,30,727972.38,417759.81,0.764,8,5,4,success,5,优先保障A级客户，并同时验证备用供应商产能、质量与运输可用性。,demo-rule-v1,expert-2026-06,2025-06-19T08:00:00+08:00
CASE-000520,EVT-000023,海关查验延误-武汉-023,紧急采购+生产计划调整,12,12,156738.67,530464.07,0.9351,0,2,12,success,3,优先保障A级客户，并同时验证备用供应商产能、质量与运输可用性。,demo-rule-v1,expert-2026-06,2025-12-27T08:00:00+08:00
CASE-000521,EVT-000034,区域限电-东莞-034,关键订单空运+备用供应商补货,72,84,124647.98,126880.34,0.9609,24,0,7,success,4,优先保障A级客户，并同时验证备用供应商产能、质量与运输可用性。,demo-rule-v1,expert-2026-06,2026-03-28T08:00:00+08:00
CASE-000522,EVT-000212,运输节点中断-合肥-212,双供应商分单+安全库存锁定,6,12,836827.79,564752.25,0.5529,24,2,3,partial_success,4,优先保障A级客户，并同时验证备用供应商产能、质量与运输可用性。,demo-rule-v1,expert-2026-06,2026-06-01T08:00:00+08:00
CASE-000523,EVT-000236,质量召回-苏州-236,接受短期停线+控制现金成本,72,96,819268.06,1042134.7,0.9989,0,1,7,success,5,优先保障A级客户，并同时验证备用供应商产能、质量与运输可用性。,demo-rule-v1,expert-2026-06,2025-12-17T08:00:00+08:00
CASE-000524,EVT-000112,供应商停产-东莞-112,紧急采购+生产计划调整,0,12,797987.92,1044255.8,0.8033,0,0,5,success,5,优先保障A级客户，并同时验证备用供应商产能、质量与运输可用性。,demo-rule-v1,expert-2026-06,2025-12-06T08:00:00+08:00
CASE-000525,EVT-000077,供应商停产-成都-077,接受短期停线+控制现金成本,48,48,196169.17,122170.24,0.8576,0,3,10,partial_success,4,优先保障A级客户，并同时验证备用供应商产能、质量与运输可用性。,demo-rule-v1,expert-2026-06,2025-07-04T08:00:00+08:00
CASE-000526,EVT-000075,台风天气-武汉-075,接受短期停线+控制现金成本,72,72,165889.17,843866.25,0.9891,0,5,6,partial_success,3,优先保障A级客户，并同时验证备用供应商产能、质量与运输可用性。,demo-rule-v1,expert-2026-06,2026-05-26T08:00:00+08:00
CASE-000527,EVT-000030,供应商停产-武汉-030,紧急采购+生产计划调整,6,9,549518.01,1045619.01,0.586,12,0,14,failed,1,优先保障A级客户，并同时验证备用供应商产能、质量与运输可用性。,demo-rule-v1,expert-2026-06,2026-05-18T08:00:00+08:00
CASE-000528,EVT-000031,供应商停产-苏州-031,双供应商分单+安全库存锁定,12,6,262678.53,468287.61,0.9977,0,3,5,partial_success,4,优先保障A级客户，并同时验证备用供应商产能、质量与运输可用性。,demo-rule-v1,expert-2026-06,2025-07-14T08:00:00+08:00
CASE-000529,EVT-000136,需求突增-宁波-136,双供应商分单+安全库存锁定,0,6,401810.5,89257.47,0.7563,12,5,4,success,5,优先保障A级客户，并同时验证备用供应商产能、质量与运输可用性。,demo-rule-v1,expert-2026-06,2026-05-17T08:00:00+08:00
CASE-000530,EVT-000108,台风天气-杭州-108,接受短期停线+控制现金成本,6,6,727766.17,267110.93,0.886,12,1,17,failed,1,优先保障A级客户，并同时验证备用供应商产能、质量与运输可用性。,demo-rule-v1,expert-2026-06,2026-04-25T08:00:00+08:00
CASE-000531,EVT-000182,需求突增-天津-182,双供应商分单+安全库存锁定,36,36,862047.94,463785.51,0.9601,12,5,11,failed,1,优先保障A级客户，并同时验证备用供应商产能、质量与运输可用性。,demo-rule-v1,expert-2026-06,2026-06-09T08:00:00+08:00
CASE-000532,EVT-000130,海关查验延误-成都-130,紧急采购+生产计划调整,48,48,659467.76,1082850.97,0.9831,48,0,0,success,4,优先保障A级客户，并同时验证备用供应商产能、质量与运输可用性。,demo-rule-v1,expert-2026-06,2026-01-05T08:00:00+08:00
CASE-000533,EVT-000009,需求突增-成都-009,铁路替代+延期交付,24,30,847723.7,982172.35,0.9736,0,2,3,success,5,优先保障A级客户，并同时验证备用供应商产能、质量与运输可用性。,demo-rule-v1,expert-2026-06,2025-09-19T08:00:00+08:00
CASE-000534,EVT-000014,运输节点中断-苏州-014,接受短期停线+控制现金成本,48,72,662605.23,720715.03,0.9942,0,2,16,success,5,优先保障A级客户，并同时验证备用供应商产能、质量与运输可用性。,demo-rule-v1,expert-2026-06,2026-05-16T08:00:00+08:00
CASE-000535,EVT-000065,需求突增-青岛-065,接受短期停线+控制现金成本,12,15,581191.76,870820.67,0.7828,0,0,3,success,2,优先保障A级客户，并同时验证备用供应商产能、质量与运输可用性。,demo-rule-v1,expert-2026-06,2025-10-05T08:00:00+08:00
CASE-000536,EVT-000216,运输节点中断-宁波-216,紧急采购+生产计划调整,72,78,174410.47,345295.43,0.6905,0,3,9,success,2,优先保障A级客户，并同时验证备用供应商产能、质量与运输可用性。,demo-rule-v1,expert-2026-06,2026-03-03T08:00:00+08:00
CASE-000537,EVT-000147,需求突增-苏州-147,库存重分配+客户分级沟通,12,18,734776.25,834118.51,0.6499,0,0,15,success,4,优先保障A级客户，并同时验证备用供应商产能、质量与运输可用性。,demo-rule-v1,expert-2026-06,2025-10-28T08:00:00+08:00
CASE-000538,EVT-000037,港口停运-天津-037,关键订单空运+备用供应商补货,72,78,704522.71,210341.99,0.5323,48,0,12,success,3,优先保障A级客户，并同时验证备用供应商产能、质量与运输可用性。,demo-rule-v1,expert-2026-06,2026-06-09T08:00:00+08:00
CASE-000539,EVT-000152,海关查验延误-苏州-152,库存重分配+客户分级沟通,0,0,539322.53,917745.54,0.8802,0,0,6,success,5,优先保障A级客户，并同时验证备用供应商产能、质量与运输可用性。,demo-rule-v1,expert-2026-06,2025-09-30T08:00:00+08:00
CASE-000540,EVT-000088,港口停运-天津-088,双供应商分单+安全库存锁定,12,18,311417.58,88819.36,0.9943,48,1,16,success,5,优先保障A级客户，并同时验证备用供应商产能、质量与运输可用性。,demo-rule-v1,expert-2026-06,2025-08-22T08:00:00+08:00
CASE-000541,EVT-000172,质量召回-天津-172,紧急采购+生产计划调整,36,30,261080.96,462384.46,0.9623,24,1,14,success,4,优先保障A级客户，并同时验证备用供应商产能、质量与运输可用性。,demo-rule-v1,expert-2026-06,2026-03-29T08:00:00+08:00
CASE-000542,EVT-000111,运输节点中断-杭州-111,紧急采购+生产计划调整,24,27,588776.6,1194513.67,0.9049,48,0,9,failed,2,优先保障A级客户，并同时验证备用供应商产能、质量与运输可用性。,demo-rule-v1,expert-2026-06,2025-11-12T08:00:00+08:00
CASE-000543,EVT-000073,质量召回-天津-073,关键订单空运+备用供应商补货,6,6,229131.49,549096.72,0.981,24,0,7,success,3,优先保障A级客户，并同时验证备用供应商产能、质量与运输可用性。,demo-rule-v1,expert-2026-06,2025-06-16T08:00:00+08:00
CASE-000544,EVT-000127,质量召回-天津-127,接受短期停线+控制现金成本,36,42,454999.22,738547.82,0.7322,4,0,8,failed,3,优先保障A级客户，并同时验证备用供应商产能、质量与运输可用性。,demo-rule-v1,expert-2026-06,2026-04-30T08:00:00+08:00
CASE-000545,EVT-000046,区域限电-东莞-046,铁路替代+延期交付,48,48,805967.24,1161952.39,0.7088,8,2,10,success,2,优先保障A级客户，并同时验证备用供应商产能、质量与运输可用性。,demo-rule-v1,expert-2026-06,2025-10-06T08:00:00+08:00
CASE-000546,EVT-000162,运输节点中断-天津-162,接受短期停线+控制现金成本,24,48,558639.17,699651.26,0.5797,8,3,16,partial_success,4,优先保障A级客户，并同时验证备用供应商产能、质量与运输可用性。,demo-rule-v1,expert-2026-06,2026-02-07T08:00:00+08:00
CASE-000547,EVT-000076,海关查验延误-青岛-076,关键订单空运+备用供应商补货,12,12,166184.95,164027.59,0.5535,4,3,2,partial_success,3,优先保障A级客户，并同时验证备用供应商产能、质量与运输可用性。,demo-rule-v1,expert-2026-06,2026-05-25T08:00:00+08:00
CASE-000548,EVT-000064,质量召回-天津-064,紧急采购+生产计划调整,36,36,178087.98,78093.75,0.6288,12,2,10,failed,1,优先保障A级客户，并同时验证备用供应商产能、质量与运输可用性。,demo-rule-v1,expert-2026-06,2025-08-25T08:00:00+08:00
CASE-000549,EVT-000193,区域限电-宁波-193,紧急采购+生产计划调整,6,6,634602.7,285293.05,0.7506,8,1,16,success,4,优先保障A级客户，并同时验证备用供应商产能、质量与运输可用性。,demo-rule-v1,expert-2026-06,2025-12-03T08:00:00+08:00
CASE-000550,EVT-000001,运输节点中断-武汉-001,紧急采购+生产计划调整,24,24,794785.06,639387.93,0.6593,48,5,3,partial_success,3,优先保障A级客户，并同时验证备用供应商产能、质量与运输可用性。,demo-rule-v1,expert-2026-06,2025-07-15T08:00:00+08:00
CASE-000551,EVT-000046,区域限电-东莞-046,关键订单空运+备用供应商补货,24,48,470097.63,934846.66,0.5822,0,3,6,success,4,优先保障A级客户，并同时验证备用供应商产能、质量与运输可用性。,demo-rule-v1,expert-2026-06,2026-01-23T08:00:00+08:00
CASE-000552,EVT-000056,运输节点中断-合肥-056,双供应商分单+安全库存锁定,48,48,709033.13,1011731.68,0.6359,48,0,11,success,5,优先保障A级客户，并同时验证备用供应商产能、质量与运输可用性。,demo-rule-v1,expert-2026-06,2025-08-05T08:00:00+08:00
CASE-000553,EVT-000099,质量召回-宁波-099,铁路替代+延期交付,48,48,226311.52,269377.75,0.526,0,2,17,success,4,优先保障A级客户，并同时验证备用供应商产能、质量与运输可用性。,demo-rule-v1,expert-2026-06,2025-09-13T08:00:00+08:00
CASE-000554,EVT-000078,海关查验延误-成都-078,接受短期停线+控制现金成本,0,0,251245.98,96980.46,0.6867,0,2,14,success,5,优先保障A级客户，并同时验证备用供应商产能、质量与运输可用性。,demo-rule-v1,expert-2026-06,2025-08-15T08:00:00+08:00
CASE-000555,EVT-000117,港口停运-上海-117,双供应商分单+安全库存锁定,72,84,850050.7,880108.64,0.5481,0,0,1,success,2,优先保障A级客户，并同时验证备用供应商产能、质量与运输可用性。,demo-rule-v1,expert-2026-06,2025-11-10T08:00:00+08:00
CASE-000556,EVT-000189,需求突增-武汉-189,接受短期停线+控制现金成本,6,6,331648.43,1017427.41,0.7356,4,1,5,success,2,优先保障A级客户，并同时验证备用供应商产能、质量与运输可用性。,demo-rule-v1,expert-2026-06,2025-12-19T08:00:00+08:00
CASE-000557,EVT-000080,质量召回-武汉-080,双供应商分单+安全库存锁定,24,18,863828.13,837105.96,0.8926,0,0,17,success,2,优先保障A级客户，并同时验证备用供应商产能、质量与运输可用性。,demo-rule-v1,expert-2026-06,2026-04-05T08:00:00+08:00
CASE-000558,EVT-000158,区域限电-青岛-158,库存重分配+客户分级沟通,24,48,190587.33,515473.48,0.558,0,0,16,success,4,优先保障A级客户，并同时验证备用供应商产能、质量与运输可用性。,demo-rule-v1,expert-2026-06,2025-12-18T08:00:00+08:00
CASE-000559,EVT-000219,运输节点中断-成都-219,铁路替代+延期交付,24,18,874285.59,917915.61,0.9209,0,0,10,failed,1,优先保障A级客户，并同时验证备用供应商产能、质量与运输可用性。,demo-rule-v1,expert-2026-06,2026-02-20T08:00:00+08:00
CASE-000560,EVT-000104,需求突增-成都-104,关键订单空运+备用供应商补货,72,75,878632.28,804277.83,0.8733,12,0,14,partial_success,3,优先保障A级客户，并同时验证备用供应商产能、质量与运输可用性。,demo-rule-v1,expert-2026-06,2026-02-28T08:00:00+08:00
CASE-000561,EVT-000105,港口停运-天津-105,关键订单空运+备用供应商补货,72,96,786407.31,1130629.48,0.5815,12,5,2,partial_success,5,优先保障A级客户，并同时验证备用供应商产能、质量与运输可用性。,demo-rule-v1,expert-2026-06,2026-01-22T08:00:00+08:00
CASE-000562,EVT-000101,台风天气-成都-101,铁路替代+延期交付,48,54,419771.29,1087681.8,0.5407,8,0,10,partial_success,4,优先保障A级客户，并同时验证备用供应商产能、质量与运输可用性。,demo-rule-v1,expert-2026-06,2025-08-04T08:00:00+08:00
CASE-000563,EVT-000073,质量召回-天津-073,紧急采购+生产计划调整,12,12,38486.88,740376.58,0.7951,24,1,4,success,3,优先保障A级客户，并同时验证备用供应商产能、质量与运输可用性。,demo-rule-v1,expert-2026-06,2026-06-04T08:00:00+08:00
CASE-000564,EVT-000042,港口停运-东莞-042,铁路替代+延期交付,6,18,112769.18,1175097.86,0.6024,8,0,5,success,2,优先保障A级客户，并同时验证备用供应商产能、质量与运输可用性。,demo-rule-v1,expert-2026-06,2026-05-13T08:00:00+08:00
CASE-000565,EVT-000152,海关查验延误-苏州-152,双供应商分单+安全库存锁定,6,0,536223.59,843426.97,0.6514,0,0,10,partial_success,5,优先保障A级客户，并同时验证备用供应商产能、质量与运输可用性。,demo-rule-v1,expert-2026-06,2025-11-04T08:00:00+08:00
CASE-000566,EVT-000088,港口停运-天津-088,双供应商分单+安全库存锁定,6,30,32797.08,154334.83,0.9875,0,3,18,partial_success,5,优先保障A级客户，并同时验证备用供应商产能、质量与运输可用性。,demo-rule-v1,expert-2026-06,2025-07-13T08:00:00+08:00
CASE-000567,EVT-000014,运输节点中断-苏州-014,关键订单空运+备用供应商补货,24,24,645468.25,943743.08,0.8333,24,0,11,success,5,优先保障A级客户，并同时验证备用供应商产能、质量与运输可用性。,demo-rule-v1,expert-2026-06,2026-01-30T08:00:00+08:00
CASE-000568,EVT-000118,区域限电-成都-118,铁路替代+延期交付,12,15,675265.2,599398.77,0.9201,12,0,13,success,3,优先保障A级客户，并同时验证备用供应商产能、质量与运输可用性。,demo-rule-v1,expert-2026-06,2025-11-19T08:00:00+08:00
CASE-000569,EVT-000165,质量召回-青岛-165,双供应商分单+安全库存锁定,0,0,79894.12,661390.58,0.7386,24,5,10,success,2,优先保障A级客户，并同时验证备用供应商产能、质量与运输可用性。,demo-rule-v1,expert-2026-06,2026-04-06T08:00:00+08:00
CASE-000570,EVT-000078,海关查验延误-成都-078,紧急采购+生产计划调整,24,30,218009.07,302023.7,0.7762,4,5,15,success,2,优先保障A级客户，并同时验证备用供应商产能、质量与运输可用性。,demo-rule-v1,expert-2026-06,2025-08-15T08:00:00+08:00
CASE-000571,EVT-000173,港口停运-东莞-173,接受短期停线+控制现金成本,24,18,423894.28,883762.12,0.9382,0,0,17,success,4,优先保障A级客户，并同时验证备用供应商产能、质量与运输可用性。,demo-rule-v1,expert-2026-06,2026-03-03T08:00:00+08:00
CASE-000572,EVT-000065,需求突增-青岛-065,铁路替代+延期交付,6,12,525556.86,131120.64,0.6122,24,0,2,failed,1,优先保障A级客户，并同时验证备用供应商产能、质量与运输可用性。,demo-rule-v1,expert-2026-06,2026-02-12T08:00:00+08:00
CASE-000573,EVT-000207,海关查验延误-青岛-207,铁路替代+延期交付,12,15,73570.74,1075708.4,0.5672,48,0,5,success,4,优先保障A级客户，并同时验证备用供应商产能、质量与运输可用性。,demo-rule-v1,expert-2026-06,2025-11-03T08:00:00+08:00
CASE-000574,EVT-000101,台风天气-成都-101,铁路替代+延期交付,12,12,680455.78,1092383.12,0.726,12,2,18,success,5,优先保障A级客户，并同时验证备用供应商产能、质量与运输可用性。,demo-rule-v1,expert-2026-06,2026-02-04T08:00:00+08:00
CASE-000575,EVT-000098,台风天气-杭州-098,关键订单空运+备用供应商补货,6,12,220744.95,275481.91,0.6324,12,0,4,success,3,优先保障A级客户，并同时验证备用供应商产能、质量与运输可用性。,demo-rule-v1,expert-2026-06,2025-10-25T08:00:00+08:00
CASE-000576,EVT-000066,港口停运-青岛-066,库存重分配+客户分级沟通,6,9,126890.4,1105079.11,0.786,8,0,14,success,3,优先保障A级客户，并同时验证备用供应商产能、质量与运输可用性。,demo-rule-v1,expert-2026-06,2025-09-05T08:00:00+08:00
CASE-000577,EVT-000027,质量召回-苏州-027,关键订单空运+备用供应商补货,0,12,290983.77,483425.04,0.7825,0,2,8,failed,3,优先保障A级客户，并同时验证备用供应商产能、质量与运输可用性。,demo-rule-v1,expert-2026-06,2025-08-26T08:00:00+08:00
CASE-000578,EVT-000131,需求突增-宁波-131,接受短期停线+控制现金成本,36,39,806055.53,306891.04,0.9524,0,0,0,success,3,优先保障A级客户，并同时验证备用供应商产能、质量与运输可用性。,demo-rule-v1,expert-2026-06,2026-04-05T08:00:00+08:00
CASE-000579,EVT-000235,供应商停产-苏州-235,库存重分配+客户分级沟通,36,48,720919.64,538249.34,0.7976,0,2,14,partial_success,4,优先保障A级客户，并同时验证备用供应商产能、质量与运输可用性。,demo-rule-v1,expert-2026-06,2025-08-25T08:00:00+08:00
CASE-000580,EVT-000087,区域限电-武汉-087,紧急采购+生产计划调整,6,0,890567.87,418108.28,0.9386,0,0,13,partial_success,3,优先保障A级客户，并同时验证备用供应商产能、质量与运输可用性。,demo-rule-v1,expert-2026-06,2025-12-04T08:00:00+08:00
CASE-000581,EVT-000051,区域限电-合肥-051,紧急采购+生产计划调整,24,27,290540.38,168979.84,0.7248,0,0,6,failed,1,优先保障A级客户，并同时验证备用供应商产能、质量与运输可用性。,demo-rule-v1,expert-2026-06,2025-08-14T08:00:00+08:00
CASE-000582,EVT-000068,海关查验延误-武汉-068,紧急采购+生产计划调整,48,72,158301.54,103965.22,0.7494,24,5,6,success,5,优先保障A级客户，并同时验证备用供应商产能、质量与运输可用性。,demo-rule-v1,expert-2026-06,2025-10-09T08:00:00+08:00
CASE-000583,EVT-000052,需求突增-上海-052,关键订单空运+备用供应商补货,6,30,847686.31,702490.24,0.7978,0,0,14,partial_success,5,优先保障A级客户，并同时验证备用供应商产能、质量与运输可用性。,demo-rule-v1,expert-2026-06,2025-12-31T08:00:00+08:00
CASE-000584,EVT-000102,运输节点中断-杭州-102,铁路替代+延期交付,0,24,810450.1,425789.61,0.81,48,2,2,success,4,优先保障A级客户，并同时验证备用供应商产能、质量与运输可用性。,demo-rule-v1,expert-2026-06,2025-11-07T08:00:00+08:00
CASE-000585,EVT-000198,供应商停产-青岛-198,库存重分配+客户分级沟通,6,9,158821.11,261005.16,0.8807,4,5,8,success,3,优先保障A级客户，并同时验证备用供应商产能、质量与运输可用性。,demo-rule-v1,expert-2026-06,2025-11-07T08:00:00+08:00
CASE-000586,EVT-000037,港口停运-天津-037,紧急采购+生产计划调整,36,36,112962.92,115387.99,0.8717,48,5,7,success,3,优先保障A级客户，并同时验证备用供应商产能、质量与运输可用性。,demo-rule-v1,expert-2026-06,2026-01-15T08:00:00+08:00
CASE-000587,EVT-000132,质量召回-青岛-132,库存重分配+客户分级沟通,48,42,504953.44,469459.1,0.8609,4,2,6,partial_success,2,优先保障A级客户，并同时验证备用供应商产能、质量与运输可用性。,demo-rule-v1,expert-2026-06,2025-09-01T08:00:00+08:00
CASE-000588,EVT-000170,港口停运-青岛-170,双供应商分单+安全库存锁定,36,36,328276.06,444451.29,0.7016,8,1,11,success,3,优先保障A级客户，并同时验证备用供应商产能、质量与运输可用性。,demo-rule-v1,expert-2026-06,2025-09-16T08:00:00+08:00
CASE-000589,EVT-000083,港口停运-上海-083,接受短期停线+控制现金成本,36,39,488441.19,544725.22,0.6154,0,3,13,success,3,优先保障A级客户，并同时验证备用供应商产能、质量与运输可用性。,demo-rule-v1,expert-2026-06,2025-10-13T08:00:00+08:00
CASE-000590,EVT-000084,运输节点中断-合肥-084,接受短期停线+控制现金成本,0,12,70091.06,753878.77,0.5743,4,0,14,success,5,优先保障A级客户，并同时验证备用供应商产能、质量与运输可用性。,demo-rule-v1,expert-2026-06,2025-11-11T08:00:00+08:00
CASE-000591,EVT-000172,质量召回-天津-172,关键订单空运+备用供应商补货,72,84,33144.19,617126.85,0.8596,8,0,18,success,4,优先保障A级客户，并同时验证备用供应商产能、质量与运输可用性。,demo-rule-v1,expert-2026-06,2025-12-16T08:00:00+08:00
CASE-000592,EVT-000196,海关查验延误-天津-196,接受短期停线+控制现金成本,36,42,512287.11,946161.92,0.932,0,3,3,partial_success,2,优先保障A级客户，并同时验证备用供应商产能、质量与运输可用性。,demo-rule-v1,expert-2026-06,2026-03-23T08:00:00+08:00
CASE-000593,EVT-000149,海关查验延误-上海-149,接受短期停线+控制现金成本,36,48,774220.2,493996.61,0.8767,48,3,2,partial_success,2,优先保障A级客户，并同时验证备用供应商产能、质量与运输可用性。,demo-rule-v1,expert-2026-06,2026-02-12T08:00:00+08:00
CASE-000594,EVT-000183,台风天气-成都-183,库存重分配+客户分级沟通,0,24,290517.91,890356.69,0.8813,48,1,6,success,2,优先保障A级客户，并同时验证备用供应商产能、质量与运输可用性。,demo-rule-v1,expert-2026-06,2025-09-28T08:00:00+08:00
CASE-000595,EVT-000060,海关查验延误-杭州-060,接受短期停线+控制现金成本,6,6,597979.32,472048.65,0.5258,12,0,14,success,3,优先保障A级客户，并同时验证备用供应商产能、质量与运输可用性。,demo-rule-v1,expert-2026-06,2025-08-10T08:00:00+08:00
CASE-000596,EVT-000084,运输节点中断-合肥-084,双供应商分单+安全库存锁定,0,0,822980.29,407903.88,0.9857,12,1,10,partial_success,4,优先保障A级客户，并同时验证备用供应商产能、质量与运输可用性。,demo-rule-v1,expert-2026-06,2025-12-06T08:00:00+08:00
CASE-000597,EVT-000226,海关查验延误-杭州-226,关键订单空运+备用供应商补货,48,60,889840.57,583019.3,0.8235,12,5,8,success,3,优先保障A级客户，并同时验证备用供应商产能、质量与运输可用性。,demo-rule-v1,expert-2026-06,2026-03-16T08:00:00+08:00
CASE-000598,EVT-000023,海关查验延误-武汉-023,紧急采购+生产计划调整,24,30,613816.41,624808.26,0.958,8,0,4,success,5,优先保障A级客户，并同时验证备用供应商产能、质量与运输可用性。,demo-rule-v1,expert-2026-06,2025-11-11T08:00:00+08:00
CASE-000599,EVT-000150,需求突增-苏州-150,库存重分配+客户分级沟通,48,54,656313.0,229789.14,0.8748,0,3,7,failed,1,优先保障A级客户，并同时验证备用供应商产能、质量与运输可用性。,demo-rule-v1,expert-2026-06,2026-06-09T08:00:00+08:00
CASE-000600,EVT-000001,运输节点中断-武汉-001,库存重分配+客户分级沟通,0,0,444453.65,854463.7,0.5377,0,2,11,success,2,优先保障A级客户，并同时验证备用供应商产能、质量与运输可用性。,demo-rule-v1,expert-2026-06,2026-04-26T08:00:00+08:00
