inventory_id,material_id,warehouse_id,on_hand_qty,allocated_qty,available_qty,in_transit_qty,quality_hold_qty,safety_stock_qty,reorder_point_qty,average_unit_cost,last_counted_at,updated_at
INV-0001-01,MAT-0001,WH-01,786,30,756,100,4,351,473,174.9,2026-05-20T08:00:00+08:00,2026-06-15T05:13:00+08:00
INV-0001-02,MAT-0001,WH-02,531,8,523,299,12,351,473,174.9,2026-05-16T08:00:00+08:00,2026-06-15T06:43:00+08:00
INV-0001-03,MAT-0001,WH-03,312,16,296,284,11,351,473,174.9,2026-05-17T08:00:00+08:00,2026-06-15T07:16:00+08:00
INV-0001-04,MAT-0001,WH-04,269,89,180,398,5,351,473,174.9,2026-06-15T08:00:00+08:00,2026-06-15T06:58:00+08:00
INV-0001-05,MAT-0001,WH-05,366,100,266,409,9,351,473,174.9,2026-06-04T08:00:00+08:00,2026-06-15T06:26:00+08:00
INV-0001-06,MAT-0001,WH-06,556,170,386,79,14,351,473,174.9,2026-05-29T08:00:00+08:00,2026-06-15T05:43:00+08:00
INV-0002-01,MAT-0002,WH-01,1055,259,796,98,14,489,660,1108.39,2026-05-17T08:00:00+08:00,2026-06-15T05:50:00+08:00
INV-0002-02,MAT-0002,WH-02,628,92,536,315,4,489,660,1108.39,2026-06-12T08:00:00+08:00,2026-06-15T05:49:00+08:00
INV-0002-03,MAT-0002,WH-03,126,12,114,534,4,489,660,1108.39,2026-05-22T08:00:00+08:00,2026-06-15T05:43:00+08:00
INV-0002-04,MAT-0002,WH-04,754,172,582,54,28,489,660,1108.39,2026-05-29T08:00:00+08:00,2026-06-15T05:49:00+08:00
INV-0002-05,MAT-0002,WH-05,791,212,579,550,23,489,660,1108.39,2026-06-05T08:00:00+08:00,2026-06-15T07:18:00+08:00
INV-0002-06,MAT-0002,WH-06,342,38,304,183,2,489,660,1108.39,2026-06-12T08:00:00+08:00,2026-06-15T07:16:00+08:00
INV-0003-01,MAT-0003,WH-01,1283,244,1039,487,0,600,811,267.98,2026-05-17T08:00:00+08:00,2026-06-15T06:30:00+08:00
INV-0003-02,MAT-0003,WH-02,538,52,486,506,14,600,811,267.98,2026-06-13T08:00:00+08:00,2026-06-15T05:50:00+08:00
INV-0003-03,MAT-0003,WH-03,685,217,468,85,15,600,811,267.98,2026-05-23T08:00:00+08:00,2026-06-15T05:00:00+08:00
INV-0003-04,MAT-0003,WH-04,377,30,347,709,11,600,811,267.98,2026-06-14T08:00:00+08:00,2026-06-15T05:32:00+08:00
INV-0003-05,MAT-0003,WH-05,966,104,862,347,6,600,811,267.98,2026-05-16T08:00:00+08:00,2026-06-15T07:13:00+08:00
INV-0003-06,MAT-0003,WH-06,125,36,89,693,2,600,811,267.98,2026-05-28T08:00:00+08:00,2026-06-15T05:59:00+08:00
INV-0004-01,MAT-0004,WH-01,253,33,220,322,5,322,435,351.05,2026-05-23T08:00:00+08:00,2026-06-15T07:27:00+08:00
INV-0004-02,MAT-0004,WH-02,249,22,227,99,1,322,435,351.05,2026-05-19T08:00:00+08:00,2026-06-15T06:14:00+08:00
INV-0004-03,MAT-0004,WH-03,254,30,224,177,2,322,435,351.05,2026-06-05T08:00:00+08:00,2026-06-15T05:49:00+08:00
INV-0004-04,MAT-0004,WH-04,722,78,644,367,8,322,435,351.05,2026-06-03T08:00:00+08:00,2026-06-15T05:40:00+08:00
INV-0004-05,MAT-0004,WH-05,333,62,271,63,0,322,435,351.05,2026-06-07T08:00:00+08:00,2026-06-15T05:00:00+08:00
INV-0004-06,MAT-0004,WH-06,182,38,144,81,7,322,435,351.05,2026-05-22T08:00:00+08:00,2026-06-15T05:28:00+08:00
INV-0005-01,MAT-0005,WH-01,656,207,449,231,2,891,1202,358.96,2026-06-14T08:00:00+08:00,2026-06-15T06:07:00+08:00
INV-0005-02,MAT-0005,WH-02,1227,53,1174,547,37,891,1202,358.96,2026-06-15T08:00:00+08:00,2026-06-15T06:48:00+08:00
INV-0005-03,MAT-0005,WH-03,1033,278,755,136,36,891,1202,358.96,2026-06-14T08:00:00+08:00,2026-06-15T06:14:00+08:00
INV-0005-04,MAT-0005,WH-04,2027,419,1608,55,63,891,1202,358.96,2026-05-24T08:00:00+08:00,2026-06-15T06:39:00+08:00
INV-0005-05,MAT-0005,WH-05,436,20,416,1030,14,891,1202,358.96,2026-06-03T08:00:00+08:00,2026-06-15T06:37:00+08:00
INV-0005-06,MAT-0005,WH-06,371,17,354,728,1,891,1202,358.96,2026-05-25T08:00:00+08:00,2026-06-15T06:58:00+08:00
INV-0006-01,MAT-0006,WH-01,283,2,281,59,5,125,168,344.89,2026-06-02T08:00:00+08:00,2026-06-15T07:50:00+08:00
INV-0006-02,MAT-0006,WH-02,190,20,170,145,4,125,168,344.89,2026-06-08T08:00:00+08:00,2026-06-15T05:33:00+08:00
INV-0006-03,MAT-0006,WH-03,291,86,205,107,10,125,168,344.89,2026-06-10T08:00:00+08:00,2026-06-15T06:15:00+08:00
INV-0006-04,MAT-0006,WH-04,297,88,209,15,7,125,168,344.89,2026-06-05T08:00:00+08:00,2026-06-15T05:31:00+08:00
INV-0006-05,MAT-0006,WH-05,49,9,40,15,1,125,168,344.89,2026-05-24T08:00:00+08:00,2026-06-15T06:30:00+08:00
INV-0006-06,MAT-0006,WH-06,278,50,228,111,1,125,168,344.89,2026-06-14T08:00:00+08:00,2026-06-15T05:31:00+08:00
INV-0007-01,MAT-0007,WH-01,3640,400,3240,145,59,2846,3843,1079.96,2026-06-06T08:00:00+08:00,2026-06-15T06:40:00+08:00
INV-0007-02,MAT-0007,WH-02,4072,45,4027,962,102,2846,3843,1079.96,2026-05-28T08:00:00+08:00,2026-06-15T06:47:00+08:00
INV-0007-03,MAT-0007,WH-03,2366,163,2203,1650,13,2846,3843,1079.96,2026-06-10T08:00:00+08:00,2026-06-15T05:20:00+08:00
INV-0007-04,MAT-0007,WH-04,5525,1793,3732,932,55,2846,3843,1079.96,2026-05-29T08:00:00+08:00,2026-06-15T06:18:00+08:00
INV-0007-05,MAT-0007,WH-05,1006,108,898,1873,26,2846,3843,1079.96,2026-06-03T08:00:00+08:00,2026-06-15T05:45:00+08:00
INV-0007-06,MAT-0007,WH-06,2036,98,1938,2223,2,2846,3843,1079.96,2026-05-19T08:00:00+08:00,2026-06-15T07:53:00+08:00
INV-0008-01,MAT-0008,WH-01,1537,517,1020,810,39,1347,1818,357.22,2026-05-18T08:00:00+08:00,2026-06-15T05:28:00+08:00
INV-0008-02,MAT-0008,WH-02,2773,128,2645,1178,30,1347,1818,357.22,2026-05-23T08:00:00+08:00,2026-06-15T05:24:00+08:00
INV-0008-03,MAT-0008,WH-03,1815,529,1286,826,42,1347,1818,357.22,2026-05-21T08:00:00+08:00,2026-06-15T05:08:00+08:00
INV-0008-04,MAT-0008,WH-04,1179,252,927,350,34,1347,1818,357.22,2026-06-01T08:00:00+08:00,2026-06-15T06:08:00+08:00
INV-0008-05,MAT-0008,WH-05,534,88,446,676,5,1347,1818,357.22,2026-06-12T08:00:00+08:00,2026-06-15T06:45:00+08:00
INV-0008-06,MAT-0008,WH-06,1754,23,1731,1585,20,1347,1818,357.22,2026-06-01T08:00:00+08:00,2026-06-15T05:54:00+08:00
INV-0009-01,MAT-0009,WH-01,1304,267,1037,207,6,597,806,48.15,2026-05-21T08:00:00+08:00,2026-06-15T06:02:00+08:00
INV-0009-02,MAT-0009,WH-02,531,133,398,360,0,597,806,48.15,2026-05-18T08:00:00+08:00,2026-06-15T06:35:00+08:00
INV-0009-03,MAT-0009,WH-03,1347,446,901,137,39,597,806,48.15,2026-06-05T08:00:00+08:00,2026-06-15T05:50:00+08:00
INV-0009-04,MAT-0009,WH-04,374,9,365,257,8,597,806,48.15,2026-06-11T08:00:00+08:00,2026-06-15T07:47:00+08:00
INV-0009-05,MAT-0009,WH-05,119,13,106,359,3,597,806,48.15,2026-06-05T08:00:00+08:00,2026-06-15T05:44:00+08:00
INV-0009-06,MAT-0009,WH-06,615,10,605,31,5,597,806,48.15,2026-05-24T08:00:00+08:00,2026-06-15T07:26:00+08:00
INV-0010-01,MAT-0010,WH-01,739,100,639,403,15,769,1038,701.77,2026-05-28T08:00:00+08:00,2026-06-15T07:19:00+08:00
INV-0010-02,MAT-0010,WH-02,369,63,306,52,12,769,1038,701.77,2026-05-19T08:00:00+08:00,2026-06-15T06:15:00+08:00
INV-0010-03,MAT-0010,WH-03,792,68,724,761,18,769,1038,701.77,2026-05-28T08:00:00+08:00,2026-06-15T07:28:00+08:00
INV-0010-04,MAT-0010,WH-04,1714,115,1599,297,23,769,1038,701.77,2026-05-29T08:00:00+08:00,2026-06-15T07:37:00+08:00
INV-0010-05,MAT-0010,WH-05,1511,160,1351,55,15,769,1038,701.77,2026-06-06T08:00:00+08:00,2026-06-15T07:47:00+08:00
INV-0010-06,MAT-0010,WH-06,555,134,421,393,1,769,1038,701.77,2026-06-02T08:00:00+08:00,2026-06-15T06:00:00+08:00
INV-0011-01,MAT-0011,WH-01,265,26,239,581,6,651,878,7.25,2026-05-31T08:00:00+08:00,2026-06-15T06:21:00+08:00
INV-0011-02,MAT-0011,WH-02,1082,267,815,767,19,651,878,7.25,2026-05-25T08:00:00+08:00,2026-06-15T07:29:00+08:00
INV-0011-03,MAT-0011,WH-03,1447,199,1248,43,27,651,878,7.25,2026-05-21T08:00:00+08:00,2026-06-15T05:03:00+08:00
INV-0011-04,MAT-0011,WH-04,296,85,211,199,6,651,878,7.25,2026-05-23T08:00:00+08:00,2026-06-15T06:14:00+08:00
INV-0011-05,MAT-0011,WH-05,347,86,261,724,0,651,878,7.25,2026-06-04T08:00:00+08:00,2026-06-15T05:58:00+08:00
INV-0011-06,MAT-0011,WH-06,763,20,743,282,4,651,878,7.25,2026-05-21T08:00:00+08:00,2026-06-15T05:22:00+08:00
INV-0012-01,MAT-0012,WH-01,576,77,499,159,21,1248,1684,741.27,2026-05-29T08:00:00+08:00,2026-06-15T07:10:00+08:00
INV-0012-02,MAT-0012,WH-02,1587,180,1407,1231,44,1248,1684,741.27,2026-05-31T08:00:00+08:00,2026-06-15T06:43:00+08:00
INV-0012-03,MAT-0012,WH-03,285,88,197,1464,9,1248,1684,741.27,2026-06-06T08:00:00+08:00,2026-06-15T07:09:00+08:00
INV-0012-04,MAT-0012,WH-04,2745,763,1982,609,37,1248,1684,741.27,2026-06-10T08:00:00+08:00,2026-06-15T06:30:00+08:00
INV-0012-05,MAT-0012,WH-05,597,193,404,1472,2,1248,1684,741.27,2026-05-29T08:00:00+08:00,2026-06-15T05:17:00+08:00
INV-0012-06,MAT-0012,WH-06,2948,181,2767,1003,6,1248,1684,741.27,2026-05-21T08:00:00+08:00,2026-06-15T05:56:00+08:00
INV-0013-01,MAT-0013,WH-01,65,0,65,74,1,298,402,945.16,2026-06-13T08:00:00+08:00,2026-06-15T05:46:00+08:00
INV-0013-02,MAT-0013,WH-02,414,134,280,256,11,298,402,945.16,2026-06-04T08:00:00+08:00,2026-06-15T05:38:00+08:00
INV-0013-03,MAT-0013,WH-03,492,133,359,278,4,298,402,945.16,2026-06-07T08:00:00+08:00,2026-06-15T05:00:00+08:00
INV-0013-04,MAT-0013,WH-04,648,73,575,17,0,298,402,945.16,2026-05-24T08:00:00+08:00,2026-06-15T07:46:00+08:00
INV-0013-05,MAT-0013,WH-05,558,190,368,170,0,298,402,945.16,2026-05-17T08:00:00+08:00,2026-06-15T07:07:00+08:00
INV-0013-06,MAT-0013,WH-06,611,199,412,31,19,298,402,945.16,2026-06-14T08:00:00+08:00,2026-06-15T05:14:00+08:00
INV-0014-01,MAT-0014,WH-01,24,3,21,8,0,19,25,252.49,2026-05-22T08:00:00+08:00,2026-06-15T07:01:00+08:00
INV-0014-02,MAT-0014,WH-02,37,6,31,0,0,19,25,252.49,2026-05-20T08:00:00+08:00,2026-06-15T06:42:00+08:00
INV-0014-03,MAT-0014,WH-03,37,6,31,22,0,19,25,252.49,2026-06-15T08:00:00+08:00,2026-06-15T07:43:00+08:00
INV-0014-04,MAT-0014,WH-04,29,1,28,5,0,19,25,252.49,2026-06-05T08:00:00+08:00,2026-06-15T07:41:00+08:00
INV-0014-05,MAT-0014,WH-05,10,0,10,17,0,19,25,252.49,2026-06-05T08:00:00+08:00,2026-06-15T06:56:00+08:00
INV-0014-06,MAT-0014,WH-06,40,9,31,5,0,19,25,252.49,2026-05-31T08:00:00+08:00,2026-06-15T07:59:00+08:00
INV-0015-01,MAT-0015,WH-01,4829,977,3852,2814,136,2706,3654,286.89,2026-06-04T08:00:00+08:00,2026-06-15T07:56:00+08:00
INV-0015-02,MAT-0015,WH-02,3297,282,3015,2272,10,2706,3654,286.89,2026-06-13T08:00:00+08:00,2026-06-15T07:40:00+08:00
INV-0015-03,MAT-0015,WH-03,1405,452,953,960,28,2706,3654,286.89,2026-06-14T08:00:00+08:00,2026-06-15T07:15:00+08:00
INV-0015-04,MAT-0015,WH-04,2045,70,1975,1053,4,2706,3654,286.89,2026-05-18T08:00:00+08:00,2026-06-15T07:08:00+08:00
INV-0015-05,MAT-0015,WH-05,2294,93,2201,1714,71,2706,3654,286.89,2026-06-11T08:00:00+08:00,2026-06-15T07:56:00+08:00
INV-0015-06,MAT-0015,WH-06,5438,1722,3716,445,207,2706,3654,286.89,2026-05-28T08:00:00+08:00,2026-06-15T07:40:00+08:00
INV-0016-01,MAT-0016,WH-01,79,4,75,67,2,110,148,215.07,2026-05-16T08:00:00+08:00,2026-06-15T06:40:00+08:00
INV-0016-02,MAT-0016,WH-02,91,31,60,93,1,110,148,215.07,2026-06-12T08:00:00+08:00,2026-06-15T06:37:00+08:00
INV-0016-03,MAT-0016,WH-03,90,8,82,79,3,110,148,215.07,2026-05-29T08:00:00+08:00,2026-06-15T05:36:00+08:00
INV-0016-04,MAT-0016,WH-04,93,0,93,100,3,110,148,215.07,2026-05-25T08:00:00+08:00,2026-06-15T06:53:00+08:00
INV-0016-05,MAT-0016,WH-05,206,49,157,109,1,110,148,215.07,2026-06-03T08:00:00+08:00,2026-06-15T07:10:00+08:00
INV-0016-06,MAT-0016,WH-06,241,18,223,115,9,110,148,215.07,2026-06-08T08:00:00+08:00,2026-06-15T05:59:00+08:00
INV-0017-01,MAT-0017,WH-01,5818,710,5108,754,65,3476,4693,73.54,2026-05-16T08:00:00+08:00,2026-06-15T07:53:00+08:00
INV-0017-02,MAT-0017,WH-02,3462,739,2723,2248,18,3476,4693,73.54,2026-05-26T08:00:00+08:00,2026-06-15T05:42:00+08:00
INV-0017-03,MAT-0017,WH-03,3625,515,3110,4022,140,3476,4693,73.54,2026-05-25T08:00:00+08:00,2026-06-15T07:30:00+08:00
INV-0017-04,MAT-0017,WH-04,1761,169,1592,3610,18,3476,4693,73.54,2026-06-03T08:00:00+08:00,2026-06-15T07:13:00+08:00
INV-0017-05,MAT-0017,WH-05,5705,1358,4347,2969,46,3476,4693,73.54,2026-06-07T08:00:00+08:00,2026-06-15T05:41:00+08:00
INV-0017-06,MAT-0017,WH-06,5407,62,5345,901,175,3476,4693,73.54,2026-05-30T08:00:00+08:00,2026-06-15T08:00:00+08:00
INV-0018-01,MAT-0018,WH-01,2860,66,2794,1154,78,1941,2620,28.89,2026-05-28T08:00:00+08:00,2026-06-15T05:58:00+08:00
INV-0018-02,MAT-0018,WH-02,1659,337,1322,1258,10,1941,2620,28.89,2026-05-18T08:00:00+08:00,2026-06-15T07:29:00+08:00
INV-0018-03,MAT-0018,WH-03,3331,1146,2185,1999,26,1941,2620,28.89,2026-05-24T08:00:00+08:00,2026-06-15T05:55:00+08:00
INV-0018-04,MAT-0018,WH-04,657,29,628,1760,23,1941,2620,28.89,2026-06-01T08:00:00+08:00,2026-06-15T06:07:00+08:00
INV-0018-05,MAT-0018,WH-05,3075,283,2792,1474,20,1941,2620,28.89,2026-06-07T08:00:00+08:00,2026-06-15T07:04:00+08:00
INV-0018-06,MAT-0018,WH-06,1258,323,935,1424,27,1941,2620,28.89,2026-05-24T08:00:00+08:00,2026-06-15T05:52:00+08:00
INV-0019-01,MAT-0019,WH-01,179,39,140,6,4,238,321,29.07,2026-05-27T08:00:00+08:00,2026-06-15T07:37:00+08:00
INV-0019-02,MAT-0019,WH-02,212,41,171,237,4,238,321,29.07,2026-06-08T08:00:00+08:00,2026-06-15T07:09:00+08:00
INV-0019-03,MAT-0019,WH-03,148,3,145,83,4,238,321,29.07,2026-06-09T08:00:00+08:00,2026-06-15T05:13:00+08:00
INV-0019-04,MAT-0019,WH-04,498,94,404,267,13,238,321,29.07,2026-06-14T08:00:00+08:00,2026-06-15T05:28:00+08:00
INV-0019-05,MAT-0019,WH-05,169,58,111,24,2,238,321,29.07,2026-06-12T08:00:00+08:00,2026-06-15T05:45:00+08:00
INV-0019-06,MAT-0019,WH-06,342,14,328,27,6,238,321,29.07,2026-05-20T08:00:00+08:00,2026-06-15T06:24:00+08:00
INV-0020-01,MAT-0020,WH-01,388,86,302,193,0,325,438,201.31,2026-06-07T08:00:00+08:00,2026-06-15T07:17:00+08:00
INV-0020-02,MAT-0020,WH-02,743,182,561,136,17,325,438,201.31,2026-05-30T08:00:00+08:00,2026-06-15T06:30:00+08:00
INV-0020-03,MAT-0020,WH-03,453,30,423,179,10,325,438,201.31,2026-05-31T08:00:00+08:00,2026-06-15T06:42:00+08:00
INV-0020-04,MAT-0020,WH-04,154,16,138,207,2,325,438,201.31,2026-05-16T08:00:00+08:00,2026-06-15T07:28:00+08:00
INV-0020-05,MAT-0020,WH-05,454,20,434,70,11,325,438,201.31,2026-06-13T08:00:00+08:00,2026-06-15T06:05:00+08:00
INV-0020-06,MAT-0020,WH-06,483,154,329,191,15,325,438,201.31,2026-05-26T08:00:00+08:00,2026-06-15T06:32:00+08:00
INV-0021-01,MAT-0021,WH-01,259,35,224,102,5,116,157,11.07,2026-05-21T08:00:00+08:00,2026-06-15T06:59:00+08:00
INV-0021-02,MAT-0021,WH-02,24,3,21,119,0,116,157,11.07,2026-06-14T08:00:00+08:00,2026-06-15T05:14:00+08:00
INV-0021-03,MAT-0021,WH-03,223,51,172,52,3,116,157,11.07,2026-06-04T08:00:00+08:00,2026-06-15T05:18:00+08:00
INV-0021-04,MAT-0021,WH-04,260,37,223,131,8,116,157,11.07,2026-06-14T08:00:00+08:00,2026-06-15T07:42:00+08:00
INV-0021-05,MAT-0021,WH-05,115,23,92,29,0,116,157,11.07,2026-06-12T08:00:00+08:00,2026-06-15T07:08:00+08:00
INV-0021-06,MAT-0021,WH-06,194,41,153,6,1,116,157,11.07,2026-05-23T08:00:00+08:00,2026-06-15T06:40:00+08:00
INV-0022-01,MAT-0022,WH-01,295,21,274,35,5,141,190,65.56,2026-05-27T08:00:00+08:00,2026-06-15T07:55:00+08:00
INV-0022-02,MAT-0022,WH-02,67,18,49,117,0,141,190,65.56,2026-05-23T08:00:00+08:00,2026-06-15T05:17:00+08:00
INV-0022-03,MAT-0022,WH-03,67,20,47,67,2,141,190,65.56,2026-05-18T08:00:00+08:00,2026-06-15T07:02:00+08:00
INV-0022-04,MAT-0022,WH-04,88,23,65,98,2,141,190,65.56,2026-05-31T08:00:00+08:00,2026-06-15T05:38:00+08:00
INV-0022-05,MAT-0022,WH-05,143,28,115,138,5,141,190,65.56,2026-05-26T08:00:00+08:00,2026-06-15T07:31:00+08:00
INV-0022-06,MAT-0022,WH-06,147,26,121,24,3,141,190,65.56,2026-05-31T08:00:00+08:00,2026-06-15T07:26:00+08:00
INV-0023-01,MAT-0023,WH-01,443,6,437,499,5,766,1034,354.18,2026-05-21T08:00:00+08:00,2026-06-15T06:06:00+08:00
INV-0023-02,MAT-0023,WH-02,414,132,282,139,2,766,1034,354.18,2026-06-09T08:00:00+08:00,2026-06-15T05:28:00+08:00
INV-0023-03,MAT-0023,WH-03,1300,50,1250,4,43,766,1034,354.18,2026-05-27T08:00:00+08:00,2026-06-15T07:53:00+08:00
INV-0023-04,MAT-0023,WH-04,221,63,158,101,3,766,1034,354.18,2026-06-10T08:00:00+08:00,2026-06-15T05:15:00+08:00
INV-0023-05,MAT-0023,WH-05,1674,495,1179,647,39,766,1034,354.18,2026-05-22T08:00:00+08:00,2026-06-15T06:12:00+08:00
INV-0023-06,MAT-0023,WH-06,440,52,388,582,8,766,1034,354.18,2026-06-06T08:00:00+08:00,2026-06-15T06:43:00+08:00
INV-0024-01,MAT-0024,WH-01,406,102,304,108,2,195,263,17.6,2026-06-05T08:00:00+08:00,2026-06-15T07:39:00+08:00
INV-0024-02,MAT-0024,WH-02,413,115,298,197,10,195,263,17.6,2026-05-22T08:00:00+08:00,2026-06-15T06:54:00+08:00
INV-0024-03,MAT-0024,WH-03,197,7,190,120,6,195,263,17.6,2026-06-13T08:00:00+08:00,2026-06-15T06:05:00+08:00
INV-0024-04,MAT-0024,WH-04,110,23,87,26,1,195,263,17.6,2026-06-15T08:00:00+08:00,2026-06-15T06:51:00+08:00
INV-0024-05,MAT-0024,WH-05,318,85,233,12,3,195,263,17.6,2026-05-29T08:00:00+08:00,2026-06-15T05:23:00+08:00
INV-0024-06,MAT-0024,WH-06,181,46,135,57,4,195,263,17.6,2026-05-16T08:00:00+08:00,2026-06-15T07:29:00+08:00
INV-0025-01,MAT-0025,WH-01,444,8,436,278,16,765,1033,707.23,2026-06-14T08:00:00+08:00,2026-06-15T06:51:00+08:00
INV-0025-02,MAT-0025,WH-02,581,15,566,289,9,765,1033,707.23,2026-05-16T08:00:00+08:00,2026-06-15T07:21:00+08:00
INV-0025-03,MAT-0025,WH-03,725,34,691,366,1,765,1033,707.23,2026-06-12T08:00:00+08:00,2026-06-15T06:07:00+08:00
INV-0025-04,MAT-0025,WH-04,1693,36,1657,733,16,765,1033,707.23,2026-06-08T08:00:00+08:00,2026-06-15T05:15:00+08:00
INV-0025-05,MAT-0025,WH-05,1563,203,1360,659,19,765,1033,707.23,2026-05-25T08:00:00+08:00,2026-06-15T06:28:00+08:00
INV-0025-06,MAT-0025,WH-06,159,41,118,482,3,765,1033,707.23,2026-06-09T08:00:00+08:00,2026-06-15T06:35:00+08:00
INV-0026-01,MAT-0026,WH-01,638,215,423,47,8,637,860,875.87,2026-06-09T08:00:00+08:00,2026-06-15T05:52:00+08:00
INV-0026-02,MAT-0026,WH-02,476,8,468,40,11,637,860,875.87,2026-05-27T08:00:00+08:00,2026-06-15T06:15:00+08:00
INV-0026-03,MAT-0026,WH-03,553,135,418,471,17,637,860,875.87,2026-06-15T08:00:00+08:00,2026-06-15T06:50:00+08:00
INV-0026-04,MAT-0026,WH-04,623,48,575,181,7,637,860,875.87,2026-06-06T08:00:00+08:00,2026-06-15T07:48:00+08:00
INV-0026-05,MAT-0026,WH-05,586,186,400,295,4,637,860,875.87,2026-05-19T08:00:00+08:00,2026-06-15T06:22:00+08:00
INV-0026-06,MAT-0026,WH-06,366,85,281,572,0,637,860,875.87,2026-06-12T08:00:00+08:00,2026-06-15T07:24:00+08:00
INV-0027-01,MAT-0027,WH-01,995,115,880,211,36,583,787,617.83,2026-06-15T08:00:00+08:00,2026-06-15T05:53:00+08:00
INV-0027-02,MAT-0027,WH-02,1303,126,1177,276,11,583,787,617.83,2026-06-14T08:00:00+08:00,2026-06-15T07:33:00+08:00
INV-0027-03,MAT-0027,WH-03,797,27,770,423,14,583,787,617.83,2026-06-06T08:00:00+08:00,2026-06-15T06:08:00+08:00
INV-0027-04,MAT-0027,WH-04,1132,96,1036,661,6,583,787,617.83,2026-05-28T08:00:00+08:00,2026-06-15T05:21:00+08:00
INV-0027-05,MAT-0027,WH-05,1268,360,908,255,30,583,787,617.83,2026-05-18T08:00:00+08:00,2026-06-15T05:57:00+08:00
INV-0027-06,MAT-0027,WH-06,1023,295,728,188,14,583,787,617.83,2026-06-02T08:00:00+08:00,2026-06-15T07:57:00+08:00
INV-0028-01,MAT-0028,WH-01,409,32,377,58,15,170,230,1031.79,2026-05-26T08:00:00+08:00,2026-06-15T06:07:00+08:00
INV-0028-02,MAT-0028,WH-02,235,67,168,175,7,170,230,1031.79,2026-05-20T08:00:00+08:00,2026-06-15T06:38:00+08:00
INV-0028-03,MAT-0028,WH-03,296,58,238,85,11,170,230,1031.79,2026-05-27T08:00:00+08:00,2026-06-15T05:30:00+08:00
INV-0028-04,MAT-0028,WH-04,169,15,154,76,6,170,230,1031.79,2026-06-04T08:00:00+08:00,2026-06-15T06:51:00+08:00
INV-0028-05,MAT-0028,WH-05,53,13,40,7,1,170,230,1031.79,2026-05-20T08:00:00+08:00,2026-06-15T07:08:00+08:00
INV-0028-06,MAT-0028,WH-06,303,83,220,194,11,170,230,1031.79,2026-05-19T08:00:00+08:00,2026-06-15T05:10:00+08:00
INV-0029-01,MAT-0029,WH-01,467,77,390,301,5,400,541,386.6,2026-05-30T08:00:00+08:00,2026-06-15T07:31:00+08:00
INV-0029-02,MAT-0029,WH-02,672,13,659,93,26,400,541,386.6,2026-06-09T08:00:00+08:00,2026-06-15T06:50:00+08:00
INV-0029-03,MAT-0029,WH-03,631,49,582,134,14,400,541,386.6,2026-06-10T08:00:00+08:00,2026-06-15T07:16:00+08:00
INV-0029-04,MAT-0029,WH-04,779,117,662,224,10,400,541,386.6,2026-05-17T08:00:00+08:00,2026-06-15T07:12:00+08:00
INV-0029-05,MAT-0029,WH-05,615,96,519,77,3,400,541,386.6,2026-06-09T08:00:00+08:00,2026-06-15T05:39:00+08:00
INV-0029-06,MAT-0029,WH-06,508,130,378,224,7,400,541,386.6,2026-06-11T08:00:00+08:00,2026-06-15T06:41:00+08:00
INV-0030-01,MAT-0030,WH-01,49,1,48,13,0,29,39,21.7,2026-05-31T08:00:00+08:00,2026-06-15T06:51:00+08:00
INV-0030-02,MAT-0030,WH-02,53,12,41,25,0,29,39,21.7,2026-05-30T08:00:00+08:00,2026-06-15T06:12:00+08:00
INV-0030-03,MAT-0030,WH-03,60,6,54,2,2,29,39,21.7,2026-06-13T08:00:00+08:00,2026-06-15T06:32:00+08:00
INV-0030-04,MAT-0030,WH-04,60,20,40,16,0,29,39,21.7,2026-05-21T08:00:00+08:00,2026-06-15T06:00:00+08:00
INV-0030-05,MAT-0030,WH-05,5,0,5,4,0,29,39,21.7,2026-05-16T08:00:00+08:00,2026-06-15T06:11:00+08:00
INV-0030-06,MAT-0030,WH-06,10,3,7,16,0,29,39,21.7,2026-06-03T08:00:00+08:00,2026-06-15T06:10:00+08:00
INV-0031-01,MAT-0031,WH-01,273,32,241,169,2,145,196,568.88,2026-06-06T08:00:00+08:00,2026-06-15T06:07:00+08:00
INV-0031-02,MAT-0031,WH-02,115,24,91,84,4,145,196,568.88,2026-06-10T08:00:00+08:00,2026-06-15T07:05:00+08:00
INV-0031-03,MAT-0031,WH-03,246,49,197,171,7,145,196,568.88,2026-05-26T08:00:00+08:00,2026-06-15T06:17:00+08:00
INV-0031-04,MAT-0031,WH-04,317,30,287,132,2,145,196,568.88,2026-05-20T08:00:00+08:00,2026-06-15T07:40:00+08:00
INV-0031-05,MAT-0031,WH-05,342,76,266,118,7,145,196,568.88,2026-06-04T08:00:00+08:00,2026-06-15T06:15:00+08:00
INV-0031-06,MAT-0031,WH-06,335,7,328,35,12,145,196,568.88,2026-06-04T08:00:00+08:00,2026-06-15T07:14:00+08:00
INV-0032-01,MAT-0032,WH-01,227,20,207,109,8,98,132,354.07,2026-06-03T08:00:00+08:00,2026-06-15T05:51:00+08:00
INV-0032-02,MAT-0032,WH-02,186,35,151,112,2,98,132,354.07,2026-05-21T08:00:00+08:00,2026-06-15T05:07:00+08:00
INV-0032-03,MAT-0032,WH-03,190,45,145,65,5,98,132,354.07,2026-05-29T08:00:00+08:00,2026-06-15T05:01:00+08:00
INV-0032-04,MAT-0032,WH-04,195,8,187,76,5,98,132,354.07,2026-06-07T08:00:00+08:00,2026-06-15T06:53:00+08:00
INV-0032-05,MAT-0032,WH-05,59,9,50,48,0,98,132,354.07,2026-06-12T08:00:00+08:00,2026-06-15T05:02:00+08:00
INV-0032-06,MAT-0032,WH-06,184,29,155,64,6,98,132,354.07,2026-05-23T08:00:00+08:00,2026-06-15T07:06:00+08:00
INV-0033-01,MAT-0033,WH-01,1386,302,1084,524,10,584,788,147.59,2026-05-19T08:00:00+08:00,2026-06-15T07:02:00+08:00
INV-0033-02,MAT-0033,WH-02,223,15,208,676,4,584,788,147.59,2026-05-28T08:00:00+08:00,2026-06-15T05:43:00+08:00
INV-0033-03,MAT-0033,WH-03,584,120,464,651,11,584,788,147.59,2026-06-12T08:00:00+08:00,2026-06-15T05:53:00+08:00
INV-0033-04,MAT-0033,WH-04,535,4,531,700,7,584,788,147.59,2026-05-30T08:00:00+08:00,2026-06-15T06:01:00+08:00
INV-0033-05,MAT-0033,WH-05,143,8,135,336,0,584,788,147.59,2026-05-22T08:00:00+08:00,2026-06-15T07:50:00+08:00
INV-0033-06,MAT-0033,WH-06,1234,197,1037,124,21,584,788,147.59,2026-05-18T08:00:00+08:00,2026-06-15T07:53:00+08:00
INV-0034-01,MAT-0034,WH-01,765,103,662,314,11,575,777,39.35,2026-06-01T08:00:00+08:00,2026-06-15T06:29:00+08:00
INV-0034-02,MAT-0034,WH-02,564,160,404,312,19,575,777,39.35,2026-05-17T08:00:00+08:00,2026-06-15T06:51:00+08:00
INV-0034-03,MAT-0034,WH-03,653,223,430,108,4,575,777,39.35,2026-06-11T08:00:00+08:00,2026-06-15T07:34:00+08:00
INV-0034-04,MAT-0034,WH-04,1065,127,938,63,15,575,777,39.35,2026-06-03T08:00:00+08:00,2026-06-15T07:52:00+08:00
INV-0034-05,MAT-0034,WH-05,356,77,279,141,6,575,777,39.35,2026-05-22T08:00:00+08:00,2026-06-15T07:35:00+08:00
INV-0034-06,MAT-0034,WH-06,1261,9,1252,54,33,575,777,39.35,2026-06-04T08:00:00+08:00,2026-06-15T06:16:00+08:00
INV-0035-01,MAT-0035,WH-01,242,7,235,124,7,121,164,10.25,2026-06-10T08:00:00+08:00,2026-06-15T07:46:00+08:00
INV-0035-02,MAT-0035,WH-02,104,27,77,42,1,121,164,10.25,2026-06-09T08:00:00+08:00,2026-06-15T06:43:00+08:00
INV-0035-03,MAT-0035,WH-03,135,33,102,6,4,121,164,10.25,2026-06-11T08:00:00+08:00,2026-06-15T07:56:00+08:00
INV-0035-04,MAT-0035,WH-04,98,8,90,135,1,121,164,10.25,2026-05-31T08:00:00+08:00,2026-06-15T05:35:00+08:00
INV-0035-05,MAT-0035,WH-05,195,19,176,132,7,121,164,10.25,2026-06-04T08:00:00+08:00,2026-06-15T05:35:00+08:00
INV-0035-06,MAT-0035,WH-06,124,23,101,135,3,121,164,10.25,2026-06-11T08:00:00+08:00,2026-06-15T05:46:00+08:00
INV-0036-01,MAT-0036,WH-01,498,13,485,611,7,559,754,95.51,2026-05-31T08:00:00+08:00,2026-06-15T07:32:00+08:00
INV-0036-02,MAT-0036,WH-02,1156,251,905,225,23,559,754,95.51,2026-06-09T08:00:00+08:00,2026-06-15T05:13:00+08:00
INV-0036-03,MAT-0036,WH-03,1070,99,971,219,39,559,754,95.51,2026-06-08T08:00:00+08:00,2026-06-15T05:34:00+08:00
INV-0036-04,MAT-0036,WH-04,606,9,597,402,19,559,754,95.51,2026-06-07T08:00:00+08:00,2026-06-15T06:59:00+08:00
INV-0036-05,MAT-0036,WH-05,1021,315,706,22,5,559,754,95.51,2026-06-05T08:00:00+08:00,2026-06-15T06:42:00+08:00
INV-0036-06,MAT-0036,WH-06,1034,252,782,402,39,559,754,95.51,2026-05-17T08:00:00+08:00,2026-06-15T07:36:00+08:00
INV-0037-01,MAT-0037,WH-01,1350,364,986,188,10,582,785,565.27,2026-05-26T08:00:00+08:00,2026-06-15T05:57:00+08:00
INV-0037-02,MAT-0037,WH-02,500,106,394,664,18,582,785,565.27,2026-05-31T08:00:00+08:00,2026-06-15T06:52:00+08:00
INV-0037-03,MAT-0037,WH-03,942,117,825,118,23,582,785,565.27,2026-06-15T08:00:00+08:00,2026-06-15T06:45:00+08:00
INV-0037-04,MAT-0037,WH-04,641,146,495,185,2,582,785,565.27,2026-06-06T08:00:00+08:00,2026-06-15T06:53:00+08:00
INV-0037-05,MAT-0037,WH-05,970,213,757,265,36,582,785,565.27,2026-05-29T08:00:00+08:00,2026-06-15T05:15:00+08:00
INV-0037-06,MAT-0037,WH-06,1302,24,1278,408,3,582,785,565.27,2026-06-14T08:00:00+08:00,2026-06-15T05:54:00+08:00
INV-0038-01,MAT-0038,WH-01,1688,152,1536,762,42,1098,1482,500.81,2026-05-23T08:00:00+08:00,2026-06-15T06:32:00+08:00
INV-0038-02,MAT-0038,WH-02,390,69,321,1069,8,1098,1482,500.81,2026-06-08T08:00:00+08:00,2026-06-15T05:07:00+08:00
INV-0038-03,MAT-0038,WH-03,1498,117,1381,885,45,1098,1482,500.81,2026-05-24T08:00:00+08:00,2026-06-15T07:21:00+08:00
INV-0038-04,MAT-0038,WH-04,292,90,202,51,6,1098,1482,500.81,2026-05-22T08:00:00+08:00,2026-06-15T05:43:00+08:00
INV-0038-05,MAT-0038,WH-05,1378,256,1122,1313,23,1098,1482,500.81,2026-06-01T08:00:00+08:00,2026-06-15T06:38:00+08:00
INV-0038-06,MAT-0038,WH-06,2049,68,1981,424,0,1098,1482,500.81,2026-06-08T08:00:00+08:00,2026-06-15T07:37:00+08:00
INV-0039-01,MAT-0039,WH-01,746,82,664,151,26,382,516,914.27,2026-05-28T08:00:00+08:00,2026-06-15T06:30:00+08:00
INV-0039-02,MAT-0039,WH-02,824,24,800,168,10,382,516,914.27,2026-06-11T08:00:00+08:00,2026-06-15T05:20:00+08:00
INV-0039-03,MAT-0039,WH-03,530,114,416,255,9,382,516,914.27,2026-06-03T08:00:00+08:00,2026-06-15T06:39:00+08:00
INV-0039-04,MAT-0039,WH-04,810,248,562,39,21,382,516,914.27,2026-06-13T08:00:00+08:00,2026-06-15T06:23:00+08:00
INV-0039-05,MAT-0039,WH-05,563,152,411,151,0,382,516,914.27,2026-06-04T08:00:00+08:00,2026-06-15T05:31:00+08:00
INV-0039-06,MAT-0039,WH-06,718,99,619,247,27,382,516,914.27,2026-06-09T08:00:00+08:00,2026-06-15T05:52:00+08:00
INV-0040-01,MAT-0040,WH-01,326,19,307,123,11,340,459,23.46,2026-05-26T08:00:00+08:00,2026-06-15T07:42:00+08:00
INV-0040-02,MAT-0040,WH-02,328,5,323,306,3,340,459,23.46,2026-06-11T08:00:00+08:00,2026-06-15T07:52:00+08:00
INV-0040-03,MAT-0040,WH-03,633,112,521,263,8,340,459,23.46,2026-06-04T08:00:00+08:00,2026-06-15T06:43:00+08:00
INV-0040-04,MAT-0040,WH-04,357,98,259,147,5,340,459,23.46,2026-06-10T08:00:00+08:00,2026-06-15T07:39:00+08:00
INV-0040-05,MAT-0040,WH-05,647,169,478,294,18,340,459,23.46,2026-05-24T08:00:00+08:00,2026-06-15T07:08:00+08:00
INV-0040-06,MAT-0040,WH-06,92,9,83,271,1,340,459,23.46,2026-05-24T08:00:00+08:00,2026-06-15T06:39:00+08:00
INV-0041-01,MAT-0041,WH-01,463,100,363,219,2,397,536,346.11,2026-06-08T08:00:00+08:00,2026-06-15T05:37:00+08:00
INV-0041-02,MAT-0041,WH-02,918,38,880,308,19,397,536,346.11,2026-05-30T08:00:00+08:00,2026-06-15T05:17:00+08:00
INV-0041-03,MAT-0041,WH-03,630,190,440,176,22,397,536,346.11,2026-05-22T08:00:00+08:00,2026-06-15T06:10:00+08:00
INV-0041-04,MAT-0041,WH-04,614,154,460,385,22,397,536,346.11,2026-06-10T08:00:00+08:00,2026-06-15T07:28:00+08:00
INV-0041-05,MAT-0041,WH-05,721,168,553,457,21,397,536,346.11,2026-05-28T08:00:00+08:00,2026-06-15T05:01:00+08:00
INV-0041-06,MAT-0041,WH-06,113,34,79,396,2,397,536,346.11,2026-06-04T08:00:00+08:00,2026-06-15T06:20:00+08:00
INV-0042-01,MAT-0042,WH-01,8175,1089,7086,1324,17,4041,5455,447.13,2026-06-14T08:00:00+08:00,2026-06-15T06:37:00+08:00
INV-0042-02,MAT-0042,WH-02,6931,1023,5908,846,138,4041,5455,447.13,2026-05-25T08:00:00+08:00,2026-06-15T07:35:00+08:00
INV-0042-03,MAT-0042,WH-03,2166,565,1601,3289,26,4041,5455,447.13,2026-05-16T08:00:00+08:00,2026-06-15T05:59:00+08:00
INV-0042-04,MAT-0042,WH-04,7298,1563,5735,705,168,4041,5455,447.13,2026-06-15T08:00:00+08:00,2026-06-15T06:47:00+08:00
INV-0042-05,MAT-0042,WH-05,6033,744,5289,303,213,4041,5455,447.13,2026-06-13T08:00:00+08:00,2026-06-15T07:27:00+08:00
INV-0042-06,MAT-0042,WH-06,9158,2435,6723,4283,199,4041,5455,447.13,2026-06-10T08:00:00+08:00,2026-06-15T05:00:00+08:00
INV-0043-01,MAT-0043,WH-01,381,26,355,265,14,253,342,270.5,2026-05-18T08:00:00+08:00,2026-06-15T07:23:00+08:00
INV-0043-02,MAT-0043,WH-02,297,21,276,289,11,253,342,270.5,2026-06-04T08:00:00+08:00,2026-06-15T05:55:00+08:00
INV-0043-03,MAT-0043,WH-03,304,94,210,43,3,253,342,270.5,2026-06-12T08:00:00+08:00,2026-06-15T07:25:00+08:00
INV-0043-04,MAT-0043,WH-04,282,36,246,263,7,253,342,270.5,2026-06-03T08:00:00+08:00,2026-06-15T07:34:00+08:00
INV-0043-05,MAT-0043,WH-05,343,29,314,238,2,253,342,270.5,2026-06-01T08:00:00+08:00,2026-06-15T06:26:00+08:00
INV-0043-06,MAT-0043,WH-06,326,9,317,18,9,253,342,270.5,2026-05-24T08:00:00+08:00,2026-06-15T07:52:00+08:00
INV-0044-01,MAT-0044,WH-01,240,66,174,193,2,340,459,14.35,2026-06-08T08:00:00+08:00,2026-06-15T06:57:00+08:00
INV-0044-02,MAT-0044,WH-02,264,37,227,344,4,340,459,14.35,2026-05-23T08:00:00+08:00,2026-06-15T06:39:00+08:00
INV-0044-03,MAT-0044,WH-03,576,107,469,2,16,340,459,14.35,2026-05-31T08:00:00+08:00,2026-06-15T07:32:00+08:00
INV-0044-04,MAT-0044,WH-04,445,125,320,183,0,340,459,14.35,2026-05-25T08:00:00+08:00,2026-06-15T05:25:00+08:00
INV-0044-05,MAT-0044,WH-05,326,43,283,17,1,340,459,14.35,2026-06-12T08:00:00+08:00,2026-06-15T07:03:00+08:00
INV-0044-06,MAT-0044,WH-06,711,25,686,169,16,340,459,14.35,2026-05-23T08:00:00+08:00,2026-06-15T05:59:00+08:00
INV-0045-01,MAT-0045,WH-01,239,29,210,198,2,168,227,22.0,2026-05-17T08:00:00+08:00,2026-06-15T06:54:00+08:00
INV-0045-02,MAT-0045,WH-02,94,12,82,145,1,168,227,22.0,2026-06-10T08:00:00+08:00,2026-06-15T06:34:00+08:00
INV-0045-03,MAT-0045,WH-03,57,13,44,61,0,168,227,22.0,2026-05-28T08:00:00+08:00,2026-06-15T05:24:00+08:00
INV-0045-04,MAT-0045,WH-04,71,20,51,170,1,168,227,22.0,2026-05-17T08:00:00+08:00,2026-06-15T07:14:00+08:00
INV-0045-05,MAT-0045,WH-05,98,8,90,26,3,168,227,22.0,2026-05-25T08:00:00+08:00,2026-06-15T06:17:00+08:00
INV-0045-06,MAT-0045,WH-06,305,6,299,167,5,168,227,22.0,2026-06-12T08:00:00+08:00,2026-06-15T07:38:00+08:00
INV-0046-01,MAT-0046,WH-01,2350,430,1920,76,31,1381,1864,1080.22,2026-05-21T08:00:00+08:00,2026-06-15T06:25:00+08:00
INV-0046-02,MAT-0046,WH-02,2574,349,2225,103,97,1381,1864,1080.22,2026-06-12T08:00:00+08:00,2026-06-15T06:21:00+08:00
INV-0046-03,MAT-0046,WH-03,3055,763,2292,399,62,1381,1864,1080.22,2026-06-06T08:00:00+08:00,2026-06-15T07:58:00+08:00
INV-0046-04,MAT-0046,WH-04,1507,442,1065,1475,56,1381,1864,1080.22,2026-06-11T08:00:00+08:00,2026-06-15T06:00:00+08:00
INV-0046-05,MAT-0046,WH-05,1068,128,940,1221,32,1381,1864,1080.22,2026-06-01T08:00:00+08:00,2026-06-15T05:09:00+08:00
INV-0046-06,MAT-0046,WH-06,1413,491,922,391,45,1381,1864,1080.22,2026-06-11T08:00:00+08:00,2026-06-15T05:53:00+08:00
INV-0047-01,MAT-0047,WH-01,905,74,831,24,35,826,1115,413.44,2026-05-19T08:00:00+08:00,2026-06-15T05:09:00+08:00
INV-0047-02,MAT-0047,WH-02,1161,281,880,528,21,826,1115,413.44,2026-06-12T08:00:00+08:00,2026-06-15T05:17:00+08:00
INV-0047-03,MAT-0047,WH-03,481,54,427,619,1,826,1115,413.44,2026-05-24T08:00:00+08:00,2026-06-15T07:33:00+08:00
INV-0047-04,MAT-0047,WH-04,468,30,438,155,2,826,1115,413.44,2026-06-13T08:00:00+08:00,2026-06-15T07:05:00+08:00
INV-0047-05,MAT-0047,WH-05,1631,499,1132,440,21,826,1115,413.44,2026-05-24T08:00:00+08:00,2026-06-15T05:49:00+08:00
INV-0047-06,MAT-0047,WH-06,1346,364,982,653,23,826,1115,413.44,2026-06-09T08:00:00+08:00,2026-06-15T07:36:00+08:00
INV-0048-01,MAT-0048,WH-01,1092,260,832,168,25,545,736,15.8,2026-06-14T08:00:00+08:00,2026-06-15T07:09:00+08:00
INV-0048-02,MAT-0048,WH-02,1162,245,917,369,23,545,736,15.8,2026-06-09T08:00:00+08:00,2026-06-15T06:50:00+08:00
INV-0048-03,MAT-0048,WH-03,1112,379,733,256,0,545,736,15.8,2026-05-24T08:00:00+08:00,2026-06-15T06:33:00+08:00
INV-0048-04,MAT-0048,WH-04,1032,187,845,569,0,545,736,15.8,2026-06-13T08:00:00+08:00,2026-06-15T05:49:00+08:00
INV-0048-05,MAT-0048,WH-05,1243,360,883,455,8,545,736,15.8,2026-05-17T08:00:00+08:00,2026-06-15T07:49:00+08:00
INV-0048-06,MAT-0048,WH-06,794,141,653,596,23,545,736,15.8,2026-05-29T08:00:00+08:00,2026-06-15T06:34:00+08:00
INV-0049-01,MAT-0049,WH-01,1247,122,1125,210,14,546,738,3.78,2026-06-07T08:00:00+08:00,2026-06-15T06:06:00+08:00
INV-0049-02,MAT-0049,WH-02,957,113,844,381,30,546,738,3.78,2026-05-16T08:00:00+08:00,2026-06-15T05:51:00+08:00
INV-0049-03,MAT-0049,WH-03,380,49,331,464,0,546,738,3.78,2026-05-18T08:00:00+08:00,2026-06-15T07:07:00+08:00
INV-0049-04,MAT-0049,WH-04,504,137,367,530,1,546,738,3.78,2026-06-15T08:00:00+08:00,2026-06-15T05:03:00+08:00
INV-0049-05,MAT-0049,WH-05,130,33,97,627,4,546,738,3.78,2026-06-03T08:00:00+08:00,2026-06-15T06:36:00+08:00
INV-0049-06,MAT-0049,WH-06,692,3,689,427,8,546,738,3.78,2026-05-24T08:00:00+08:00,2026-06-15T06:35:00+08:00
INV-0050-01,MAT-0050,WH-01,1840,330,1510,984,21,2543,3433,599.47,2026-06-12T08:00:00+08:00,2026-06-15T05:00:00+08:00
INV-0050-02,MAT-0050,WH-02,2424,673,1751,661,57,2543,3433,599.47,2026-06-04T08:00:00+08:00,2026-06-15T06:49:00+08:00
INV-0050-03,MAT-0050,WH-03,1003,240,763,1040,10,2543,3433,599.47,2026-06-05T08:00:00+08:00,2026-06-15T07:17:00+08:00
INV-0050-04,MAT-0050,WH-04,1597,42,1555,2495,19,2543,3433,599.47,2026-05-19T08:00:00+08:00,2026-06-15T06:07:00+08:00
INV-0050-05,MAT-0050,WH-05,4912,1190,3722,2795,1,2543,3433,599.47,2026-06-06T08:00:00+08:00,2026-06-15T05:25:00+08:00
INV-0050-06,MAT-0050,WH-06,4214,13,4201,2698,99,2543,3433,599.47,2026-06-01T08:00:00+08:00,2026-06-15T06:40:00+08:00
INV-0051-01,MAT-0051,WH-01,771,121,650,285,25,370,499,45.08,2026-05-28T08:00:00+08:00,2026-06-15T07:20:00+08:00
INV-0051-02,MAT-0051,WH-02,108,33,75,250,2,370,499,45.08,2026-05-21T08:00:00+08:00,2026-06-15T05:01:00+08:00
INV-0051-03,MAT-0051,WH-03,414,44,370,292,3,370,499,45.08,2026-06-07T08:00:00+08:00,2026-06-15T05:17:00+08:00
INV-0051-04,MAT-0051,WH-04,544,141,403,284,5,370,499,45.08,2026-06-10T08:00:00+08:00,2026-06-15T05:42:00+08:00
INV-0051-05,MAT-0051,WH-05,502,147,355,288,15,370,499,45.08,2026-06-08T08:00:00+08:00,2026-06-15T06:08:00+08:00
INV-0051-06,MAT-0051,WH-06,249,76,173,149,2,370,499,45.08,2026-05-28T08:00:00+08:00,2026-06-15T06:10:00+08:00
INV-0052-01,MAT-0052,WH-01,458,32,426,644,10,685,924,80.81,2026-05-24T08:00:00+08:00,2026-06-15T06:03:00+08:00
INV-0052-02,MAT-0052,WH-02,1511,224,1287,112,56,685,924,80.81,2026-05-31T08:00:00+08:00,2026-06-15T07:11:00+08:00
INV-0052-03,MAT-0052,WH-03,306,71,235,317,0,685,924,80.81,2026-05-31T08:00:00+08:00,2026-06-15T07:43:00+08:00
INV-0052-04,MAT-0052,WH-04,951,232,719,428,3,685,924,80.81,2026-06-01T08:00:00+08:00,2026-06-15T06:48:00+08:00
INV-0052-05,MAT-0052,WH-05,410,108,302,685,0,685,924,80.81,2026-06-10T08:00:00+08:00,2026-06-15T06:40:00+08:00
INV-0052-06,MAT-0052,WH-06,1099,257,842,95,38,685,924,80.81,2026-05-26T08:00:00+08:00,2026-06-15T07:25:00+08:00
INV-0053-01,MAT-0053,WH-01,587,162,425,125,0,296,400,28.19,2026-05-23T08:00:00+08:00,2026-06-15T05:53:00+08:00
INV-0053-02,MAT-0053,WH-02,628,181,447,104,4,296,400,28.19,2026-05-24T08:00:00+08:00,2026-06-15T05:34:00+08:00
INV-0053-03,MAT-0053,WH-03,398,25,373,252,10,296,400,28.19,2026-06-14T08:00:00+08:00,2026-06-15T07:49:00+08:00
INV-0053-04,MAT-0053,WH-04,67,21,46,191,0,296,400,28.19,2026-05-17T08:00:00+08:00,2026-06-15T07:39:00+08:00
INV-0053-05,MAT-0053,WH-05,540,105,435,355,14,296,400,28.19,2026-05-22T08:00:00+08:00,2026-06-15T07:28:00+08:00
INV-0053-06,MAT-0053,WH-06,410,96,314,48,10,296,400,28.19,2026-05-19T08:00:00+08:00,2026-06-15T06:20:00+08:00
INV-0054-01,MAT-0054,WH-01,173,36,137,96,1,111,150,658.09,2026-05-24T08:00:00+08:00,2026-06-15T06:00:00+08:00
INV-0054-02,MAT-0054,WH-02,185,59,126,131,0,111,150,658.09,2026-06-04T08:00:00+08:00,2026-06-15T07:10:00+08:00
INV-0054-03,MAT-0054,WH-03,95,32,63,67,3,111,150,658.09,2026-06-03T08:00:00+08:00,2026-06-15T07:01:00+08:00
INV-0054-04,MAT-0054,WH-04,70,2,68,15,0,111,150,658.09,2026-06-12T08:00:00+08:00,2026-06-15T05:39:00+08:00
INV-0054-05,MAT-0054,WH-05,205,23,182,128,2,111,150,658.09,2026-06-15T08:00:00+08:00,2026-06-15T06:48:00+08:00
INV-0054-06,MAT-0054,WH-06,114,1,113,118,1,111,150,658.09,2026-05-25T08:00:00+08:00,2026-06-15T05:17:00+08:00
INV-0055-01,MAT-0055,WH-01,323,84,239,502,2,567,766,487.14,2026-06-06T08:00:00+08:00,2026-06-15T06:46:00+08:00
INV-0055-02,MAT-0055,WH-02,158,21,137,515,0,567,766,487.14,2026-05-22T08:00:00+08:00,2026-06-15T06:35:00+08:00
INV-0055-03,MAT-0055,WH-03,308,103,205,99,9,567,766,487.14,2026-05-26T08:00:00+08:00,2026-06-15T07:55:00+08:00
INV-0055-04,MAT-0055,WH-04,293,40,253,402,6,567,766,487.14,2026-06-04T08:00:00+08:00,2026-06-15T05:01:00+08:00
INV-0055-05,MAT-0055,WH-05,1306,235,1071,280,36,567,766,487.14,2026-05-21T08:00:00+08:00,2026-06-15T06:31:00+08:00
INV-0055-06,MAT-0055,WH-06,1275,272,1003,79,27,567,766,487.14,2026-05-29T08:00:00+08:00,2026-06-15T07:11:00+08:00
INV-0056-01,MAT-0056,WH-01,667,70,597,192,16,1296,1749,296.98,2026-06-05T08:00:00+08:00,2026-06-15T06:11:00+08:00
INV-0056-02,MAT-0056,WH-02,369,15,354,610,5,1296,1749,296.98,2026-05-22T08:00:00+08:00,2026-06-15T05:07:00+08:00
INV-0056-03,MAT-0056,WH-03,792,203,589,641,26,1296,1749,296.98,2026-06-07T08:00:00+08:00,2026-06-15T06:39:00+08:00
INV-0056-04,MAT-0056,WH-04,2543,632,1911,268,81,1296,1749,296.98,2026-05-22T08:00:00+08:00,2026-06-15T07:49:00+08:00
INV-0056-05,MAT-0056,WH-05,392,65,327,156,3,1296,1749,296.98,2026-06-12T08:00:00+08:00,2026-06-15T06:29:00+08:00
INV-0056-06,MAT-0056,WH-06,1952,653,1299,175,22,1296,1749,296.98,2026-06-05T08:00:00+08:00,2026-06-15T05:51:00+08:00
INV-0057-01,MAT-0057,WH-01,399,64,335,715,3,1246,1682,137.52,2026-05-28T08:00:00+08:00,2026-06-15T05:30:00+08:00
INV-0057-02,MAT-0057,WH-02,1258,224,1034,614,8,1246,1682,137.52,2026-05-17T08:00:00+08:00,2026-06-15T07:34:00+08:00
INV-0057-03,MAT-0057,WH-03,2480,263,2217,668,19,1246,1682,137.52,2026-06-11T08:00:00+08:00,2026-06-15T07:46:00+08:00
INV-0057-04,MAT-0057,WH-04,1386,417,969,572,36,1246,1682,137.52,2026-06-01T08:00:00+08:00,2026-06-15T06:25:00+08:00
INV-0057-05,MAT-0057,WH-05,2700,683,2017,1402,42,1246,1682,137.52,2026-06-12T08:00:00+08:00,2026-06-15T07:30:00+08:00
INV-0057-06,MAT-0057,WH-06,2265,733,1532,194,68,1246,1682,137.52,2026-06-06T08:00:00+08:00,2026-06-15T06:06:00+08:00
INV-0058-01,MAT-0058,WH-01,573,63,510,981,5,1264,1707,485.32,2026-05-30T08:00:00+08:00,2026-06-15T05:50:00+08:00
INV-0058-02,MAT-0058,WH-02,613,12,601,1027,19,1264,1707,485.32,2026-05-23T08:00:00+08:00,2026-06-15T07:46:00+08:00
INV-0058-03,MAT-0058,WH-03,1546,158,1388,1433,9,1264,1707,485.32,2026-06-07T08:00:00+08:00,2026-06-15T06:15:00+08:00
INV-0058-04,MAT-0058,WH-04,2945,996,1949,1206,22,1264,1707,485.32,2026-06-08T08:00:00+08:00,2026-06-15T06:17:00+08:00
INV-0058-05,MAT-0058,WH-05,2017,294,1723,883,46,1264,1707,485.32,2026-05-21T08:00:00+08:00,2026-06-15T06:55:00+08:00
INV-0058-06,MAT-0058,WH-06,1891,467,1424,1149,60,1264,1707,485.32,2026-05-27T08:00:00+08:00,2026-06-15T05:49:00+08:00
INV-0059-01,MAT-0059,WH-01,3434,1177,2257,1595,107,2324,3137,744.15,2026-05-30T08:00:00+08:00,2026-06-15T05:42:00+08:00
INV-0059-02,MAT-0059,WH-02,3046,407,2639,1216,31,2324,3137,744.15,2026-05-26T08:00:00+08:00,2026-06-15T06:41:00+08:00
INV-0059-03,MAT-0059,WH-03,5365,1679,3686,2138,48,2324,3137,744.15,2026-05-21T08:00:00+08:00,2026-06-15T07:55:00+08:00
INV-0059-04,MAT-0059,WH-04,1868,410,1458,2186,52,2324,3137,744.15,2026-05-29T08:00:00+08:00,2026-06-15T05:18:00+08:00
INV-0059-05,MAT-0059,WH-05,4254,1193,3061,384,103,2324,3137,744.15,2026-05-31T08:00:00+08:00,2026-06-15T07:55:00+08:00
INV-0059-06,MAT-0059,WH-06,4532,678,3854,41,42,2324,3137,744.15,2026-05-20T08:00:00+08:00,2026-06-15T05:11:00+08:00
INV-0060-01,MAT-0060,WH-01,2214,146,2068,1192,7,1096,1480,481.55,2026-05-20T08:00:00+08:00,2026-06-15T05:21:00+08:00
INV-0060-02,MAT-0060,WH-02,1749,40,1709,395,12,1096,1480,481.55,2026-06-06T08:00:00+08:00,2026-06-15T05:14:00+08:00
INV-0060-03,MAT-0060,WH-03,1069,161,908,1101,27,1096,1480,481.55,2026-05-17T08:00:00+08:00,2026-06-15T05:24:00+08:00
INV-0060-04,MAT-0060,WH-04,1852,6,1846,166,0,1096,1480,481.55,2026-06-10T08:00:00+08:00,2026-06-15T05:14:00+08:00
INV-0060-05,MAT-0060,WH-05,2244,318,1926,233,62,1096,1480,481.55,2026-06-13T08:00:00+08:00,2026-06-15T06:28:00+08:00
INV-0060-06,MAT-0060,WH-06,960,205,755,1283,32,1096,1480,481.55,2026-06-09T08:00:00+08:00,2026-06-15T07:54:00+08:00
INV-0061-01,MAT-0061,WH-01,958,65,893,459,35,528,712,308.6,2026-06-04T08:00:00+08:00,2026-06-15T06:04:00+08:00
INV-0061-02,MAT-0061,WH-02,192,29,163,262,7,528,712,308.6,2026-05-31T08:00:00+08:00,2026-06-15T05:50:00+08:00
INV-0061-03,MAT-0061,WH-03,603,61,542,200,11,528,712,308.6,2026-05-30T08:00:00+08:00,2026-06-15T07:22:00+08:00
INV-0061-04,MAT-0061,WH-04,1071,18,1053,226,32,528,712,308.6,2026-06-04T08:00:00+08:00,2026-06-15T07:45:00+08:00
INV-0061-05,MAT-0061,WH-05,1244,154,1090,595,4,528,712,308.6,2026-06-08T08:00:00+08:00,2026-06-15T06:07:00+08:00
INV-0061-06,MAT-0061,WH-06,429,64,365,571,5,528,712,308.6,2026-05-17T08:00:00+08:00,2026-06-15T07:04:00+08:00
INV-0062-01,MAT-0062,WH-01,115,7,108,49,2,79,107,912.33,2026-06-09T08:00:00+08:00,2026-06-15T05:31:00+08:00
INV-0062-02,MAT-0062,WH-02,54,14,40,52,1,79,107,912.33,2026-05-16T08:00:00+08:00,2026-06-15T07:15:00+08:00
INV-0062-03,MAT-0062,WH-03,185,39,146,82,6,79,107,912.33,2026-05-17T08:00:00+08:00,2026-06-15T05:27:00+08:00
INV-0062-04,MAT-0062,WH-04,98,32,66,42,0,79,107,912.33,2026-05-21T08:00:00+08:00,2026-06-15T07:31:00+08:00
INV-0062-05,MAT-0062,WH-05,129,41,88,26,3,79,107,912.33,2026-05-17T08:00:00+08:00,2026-06-15T05:38:00+08:00
INV-0062-06,MAT-0062,WH-06,139,30,109,30,3,79,107,912.33,2026-05-31T08:00:00+08:00,2026-06-15T06:12:00+08:00
INV-0063-01,MAT-0063,WH-01,847,58,789,66,6,961,1298,94.79,2026-06-12T08:00:00+08:00,2026-06-15T05:45:00+08:00
INV-0063-02,MAT-0063,WH-02,650,58,592,170,23,961,1298,94.79,2026-05-16T08:00:00+08:00,2026-06-15T06:21:00+08:00
INV-0063-03,MAT-0063,WH-03,1326,134,1192,202,4,961,1298,94.79,2026-05-22T08:00:00+08:00,2026-06-15T07:21:00+08:00
INV-0063-04,MAT-0063,WH-04,601,78,523,469,16,961,1298,94.79,2026-06-15T08:00:00+08:00,2026-06-15T06:39:00+08:00
INV-0063-05,MAT-0063,WH-05,2299,459,1840,714,54,961,1298,94.79,2026-06-02T08:00:00+08:00,2026-06-15T06:15:00+08:00
INV-0063-06,MAT-0063,WH-06,1648,63,1585,310,58,961,1298,94.79,2026-06-01T08:00:00+08:00,2026-06-15T06:06:00+08:00
INV-0064-01,MAT-0064,WH-01,619,187,432,327,18,672,907,99.12,2026-05-22T08:00:00+08:00,2026-06-15T05:33:00+08:00
INV-0064-02,MAT-0064,WH-02,1200,213,987,560,30,672,907,99.12,2026-06-09T08:00:00+08:00,2026-06-15T05:59:00+08:00
INV-0064-03,MAT-0064,WH-03,325,40,285,255,4,672,907,99.12,2026-05-24T08:00:00+08:00,2026-06-15T07:54:00+08:00
INV-0064-04,MAT-0064,WH-04,252,59,193,224,6,672,907,99.12,2026-05-30T08:00:00+08:00,2026-06-15T05:26:00+08:00
INV-0064-05,MAT-0064,WH-05,327,109,218,488,11,672,907,99.12,2026-05-28T08:00:00+08:00,2026-06-15T05:39:00+08:00
INV-0064-06,MAT-0064,WH-06,1047,345,702,92,17,672,907,99.12,2026-05-26T08:00:00+08:00,2026-06-15T06:58:00+08:00
INV-0065-01,MAT-0065,WH-01,292,100,192,168,10,342,462,365.72,2026-05-29T08:00:00+08:00,2026-06-15T05:20:00+08:00
INV-0065-02,MAT-0065,WH-02,454,92,362,368,13,342,462,365.72,2026-06-10T08:00:00+08:00,2026-06-15T07:36:00+08:00
INV-0065-03,MAT-0065,WH-03,399,67,332,262,13,342,462,365.72,2026-06-01T08:00:00+08:00,2026-06-15T05:30:00+08:00
INV-0065-04,MAT-0065,WH-04,545,3,542,366,3,342,462,365.72,2026-05-27T08:00:00+08:00,2026-06-15T07:01:00+08:00
INV-0065-05,MAT-0065,WH-05,370,15,355,237,9,342,462,365.72,2026-06-14T08:00:00+08:00,2026-06-15T05:42:00+08:00
INV-0065-06,MAT-0065,WH-06,662,74,588,5,13,342,462,365.72,2026-05-20T08:00:00+08:00,2026-06-15T05:17:00+08:00
INV-0066-01,MAT-0066,WH-01,2456,188,2268,494,92,1035,1397,154.55,2026-05-22T08:00:00+08:00,2026-06-15T07:06:00+08:00
INV-0066-02,MAT-0066,WH-02,1450,110,1340,807,30,1035,1397,154.55,2026-06-07T08:00:00+08:00,2026-06-15T07:27:00+08:00
INV-0066-03,MAT-0066,WH-03,2238,419,1819,1153,5,1035,1397,154.55,2026-05-23T08:00:00+08:00,2026-06-15T07:52:00+08:00
INV-0066-04,MAT-0066,WH-04,877,277,600,589,9,1035,1397,154.55,2026-06-01T08:00:00+08:00,2026-06-15T05:18:00+08:00
INV-0066-05,MAT-0066,WH-05,1230,396,834,548,1,1035,1397,154.55,2026-05-26T08:00:00+08:00,2026-06-15T05:45:00+08:00
INV-0066-06,MAT-0066,WH-06,1405,156,1249,579,21,1035,1397,154.55,2026-06-03T08:00:00+08:00,2026-06-15T07:41:00+08:00
INV-0067-01,MAT-0067,WH-01,1232,51,1181,861,40,901,1217,57.07,2026-05-17T08:00:00+08:00,2026-06-15T05:18:00+08:00
INV-0067-02,MAT-0067,WH-02,1846,535,1311,801,0,901,1217,57.07,2026-06-02T08:00:00+08:00,2026-06-15T06:49:00+08:00
INV-0067-03,MAT-0067,WH-03,1379,67,1312,774,52,901,1217,57.07,2026-05-21T08:00:00+08:00,2026-06-15T07:35:00+08:00
INV-0067-04,MAT-0067,WH-04,953,263,690,355,26,901,1217,57.07,2026-05-29T08:00:00+08:00,2026-06-15T07:50:00+08:00
INV-0067-05,MAT-0067,WH-05,2143,414,1729,1049,77,901,1217,57.07,2026-06-05T08:00:00+08:00,2026-06-15T07:34:00+08:00
INV-0067-06,MAT-0067,WH-06,1935,522,1413,485,51,901,1217,57.07,2026-06-08T08:00:00+08:00,2026-06-15T05:34:00+08:00
INV-0068-01,MAT-0068,WH-01,1234,104,1130,670,22,829,1119,110.19,2026-05-26T08:00:00+08:00,2026-06-15T06:58:00+08:00
INV-0068-02,MAT-0068,WH-02,239,36,203,765,1,829,1119,110.19,2026-05-26T08:00:00+08:00,2026-06-15T08:00:00+08:00
INV-0068-03,MAT-0068,WH-03,1285,126,1159,772,0,829,1119,110.19,2026-05-23T08:00:00+08:00,2026-06-15T07:09:00+08:00
INV-0068-04,MAT-0068,WH-04,1337,278,1059,114,51,829,1119,110.19,2026-06-02T08:00:00+08:00,2026-06-15T05:36:00+08:00
INV-0068-05,MAT-0068,WH-05,1820,615,1205,900,48,829,1119,110.19,2026-05-25T08:00:00+08:00,2026-06-15T05:04:00+08:00
INV-0068-06,MAT-0068,WH-06,938,32,906,356,30,829,1119,110.19,2026-06-05T08:00:00+08:00,2026-06-15T07:59:00+08:00
INV-0069-01,MAT-0069,WH-01,91,19,72,43,1,80,108,453.03,2026-06-07T08:00:00+08:00,2026-06-15T06:19:00+08:00
INV-0069-02,MAT-0069,WH-02,91,0,91,42,2,80,108,453.03,2026-06-04T08:00:00+08:00,2026-06-15T06:51:00+08:00
INV-0069-03,MAT-0069,WH-03,115,9,106,62,1,80,108,453.03,2026-05-17T08:00:00+08:00,2026-06-15T07:39:00+08:00
INV-0069-04,MAT-0069,WH-04,124,29,95,42,2,80,108,453.03,2026-06-05T08:00:00+08:00,2026-06-15T07:35:00+08:00
INV-0069-05,MAT-0069,WH-05,184,10,174,64,3,80,108,453.03,2026-06-09T08:00:00+08:00,2026-06-15T07:32:00+08:00
INV-0069-06,MAT-0069,WH-06,157,3,154,71,5,80,108,453.03,2026-06-10T08:00:00+08:00,2026-06-15T05:24:00+08:00
INV-0070-01,MAT-0070,WH-01,1243,249,994,348,43,692,934,120.93,2026-05-16T08:00:00+08:00,2026-06-15T07:37:00+08:00
INV-0070-02,MAT-0070,WH-02,545,81,464,500,2,692,934,120.93,2026-06-07T08:00:00+08:00,2026-06-15T05:35:00+08:00
INV-0070-03,MAT-0070,WH-03,1196,310,886,761,36,692,934,120.93,2026-06-14T08:00:00+08:00,2026-06-15T06:48:00+08:00
INV-0070-04,MAT-0070,WH-04,732,64,668,391,27,692,934,120.93,2026-06-01T08:00:00+08:00,2026-06-15T07:11:00+08:00
INV-0070-05,MAT-0070,WH-05,1206,203,1003,493,33,692,934,120.93,2026-06-09T08:00:00+08:00,2026-06-15T05:25:00+08:00
INV-0070-06,MAT-0070,WH-06,505,74,431,662,18,692,934,120.93,2026-05-20T08:00:00+08:00,2026-06-15T06:37:00+08:00
INV-0071-01,MAT-0071,WH-01,299,6,293,72,0,130,176,26.19,2026-06-12T08:00:00+08:00,2026-06-15T05:59:00+08:00
INV-0071-02,MAT-0071,WH-02,33,5,28,126,0,130,176,26.19,2026-06-06T08:00:00+08:00,2026-06-15T06:32:00+08:00
INV-0071-03,MAT-0071,WH-03,58,14,44,78,0,130,176,26.19,2026-06-05T08:00:00+08:00,2026-06-15T05:06:00+08:00
INV-0071-04,MAT-0071,WH-04,303,100,203,145,7,130,176,26.19,2026-05-17T08:00:00+08:00,2026-06-15T06:02:00+08:00
INV-0071-05,MAT-0071,WH-05,84,0,84,148,2,130,176,26.19,2026-06-11T08:00:00+08:00,2026-06-15T06:49:00+08:00
INV-0071-06,MAT-0071,WH-06,143,7,136,126,1,130,176,26.19,2026-06-04T08:00:00+08:00,2026-06-15T06:31:00+08:00
INV-0072-01,MAT-0072,WH-01,37,3,34,43,1,48,64,868.52,2026-05-24T08:00:00+08:00,2026-06-15T05:12:00+08:00
INV-0072-02,MAT-0072,WH-02,108,31,77,34,3,48,64,868.52,2026-05-20T08:00:00+08:00,2026-06-15T05:22:00+08:00
INV-0072-03,MAT-0072,WH-03,92,4,88,11,1,48,64,868.52,2026-06-06T08:00:00+08:00,2026-06-15T06:28:00+08:00
INV-0072-04,MAT-0072,WH-04,61,10,51,18,0,48,64,868.52,2026-06-06T08:00:00+08:00,2026-06-15T07:34:00+08:00
INV-0072-05,MAT-0072,WH-05,9,0,9,41,0,48,64,868.52,2026-06-15T08:00:00+08:00,2026-06-15T05:23:00+08:00
INV-0072-06,MAT-0072,WH-06,27,5,22,0,0,48,64,868.52,2026-06-10T08:00:00+08:00,2026-06-15T07:15:00+08:00
INV-0073-01,MAT-0073,WH-01,17,2,15,7,0,70,95,20.7,2026-05-23T08:00:00+08:00,2026-06-15T07:51:00+08:00
INV-0073-02,MAT-0073,WH-02,39,5,34,51,1,70,95,20.7,2026-06-02T08:00:00+08:00,2026-06-15T07:07:00+08:00
INV-0073-03,MAT-0073,WH-03,157,33,124,44,3,70,95,20.7,2026-06-08T08:00:00+08:00,2026-06-15T06:07:00+08:00
INV-0073-04,MAT-0073,WH-04,70,4,66,64,1,70,95,20.7,2026-05-23T08:00:00+08:00,2026-06-15T07:17:00+08:00
INV-0073-05,MAT-0073,WH-05,62,16,46,3,0,70,95,20.7,2026-06-03T08:00:00+08:00,2026-06-15T05:40:00+08:00
INV-0073-06,MAT-0073,WH-06,122,9,113,11,0,70,95,20.7,2026-05-21T08:00:00+08:00,2026-06-15T06:43:00+08:00
INV-0074-01,MAT-0074,WH-01,98,4,94,343,3,308,415,15.51,2026-06-04T08:00:00+08:00,2026-06-15T06:16:00+08:00
INV-0074-02,MAT-0074,WH-02,434,19,415,191,7,308,415,15.51,2026-06-03T08:00:00+08:00,2026-06-15T05:59:00+08:00
INV-0074-03,MAT-0074,WH-03,551,119,432,188,21,308,415,15.51,2026-06-07T08:00:00+08:00,2026-06-15T06:21:00+08:00
INV-0074-04,MAT-0074,WH-04,221,60,161,357,2,308,415,15.51,2026-05-16T08:00:00+08:00,2026-06-15T07:54:00+08:00
INV-0074-05,MAT-0074,WH-05,383,132,251,237,2,308,415,15.51,2026-05-24T08:00:00+08:00,2026-06-15T05:42:00+08:00
INV-0074-06,MAT-0074,WH-06,308,100,208,249,11,308,415,15.51,2026-05-18T08:00:00+08:00,2026-06-15T07:22:00+08:00
INV-0075-01,MAT-0075,WH-01,40,8,32,68,0,144,194,202.89,2026-05-23T08:00:00+08:00,2026-06-15T05:42:00+08:00
INV-0075-02,MAT-0075,WH-02,331,83,248,7,10,144,194,202.89,2026-06-13T08:00:00+08:00,2026-06-15T07:53:00+08:00
INV-0075-03,MAT-0075,WH-03,217,68,149,74,0,144,194,202.89,2026-05-21T08:00:00+08:00,2026-06-15T07:27:00+08:00
INV-0075-04,MAT-0075,WH-04,163,48,115,127,3,144,194,202.89,2026-05-28T08:00:00+08:00,2026-06-15T07:03:00+08:00
INV-0075-05,MAT-0075,WH-05,253,86,167,83,2,144,194,202.89,2026-05-25T08:00:00+08:00,2026-06-15T06:13:00+08:00
INV-0075-06,MAT-0075,WH-06,167,33,134,101,6,144,194,202.89,2026-06-01T08:00:00+08:00,2026-06-15T06:53:00+08:00
INV-0076-01,MAT-0076,WH-01,175,15,160,246,4,234,316,248.81,2026-06-13T08:00:00+08:00,2026-06-15T07:15:00+08:00
INV-0076-02,MAT-0076,WH-02,316,52,264,155,8,234,316,248.81,2026-05-21T08:00:00+08:00,2026-06-15T06:34:00+08:00
INV-0076-03,MAT-0076,WH-03,551,160,391,189,10,234,316,248.81,2026-06-01T08:00:00+08:00,2026-06-15T06:47:00+08:00
INV-0076-04,MAT-0076,WH-04,373,93,280,267,12,234,316,248.81,2026-06-10T08:00:00+08:00,2026-06-15T08:00:00+08:00
INV-0076-05,MAT-0076,WH-05,214,25,189,115,6,234,316,248.81,2026-06-03T08:00:00+08:00,2026-06-15T06:23:00+08:00
INV-0076-06,MAT-0076,WH-06,128,17,111,80,0,234,316,248.81,2026-05-29T08:00:00+08:00,2026-06-15T06:50:00+08:00
INV-0077-01,MAT-0077,WH-01,298,73,225,253,3,285,385,5.43,2026-05-30T08:00:00+08:00,2026-06-15T07:51:00+08:00
INV-0077-02,MAT-0077,WH-02,511,172,339,250,9,285,385,5.43,2026-05-24T08:00:00+08:00,2026-06-15T07:21:00+08:00
INV-0077-03,MAT-0077,WH-03,72,6,66,18,1,285,385,5.43,2026-06-10T08:00:00+08:00,2026-06-15T05:41:00+08:00
INV-0077-04,MAT-0077,WH-04,513,16,497,58,0,285,385,5.43,2026-05-19T08:00:00+08:00,2026-06-15T06:46:00+08:00
INV-0077-05,MAT-0077,WH-05,215,60,155,248,4,285,385,5.43,2026-06-12T08:00:00+08:00,2026-06-15T05:59:00+08:00
INV-0077-06,MAT-0077,WH-06,233,64,169,295,0,285,385,5.43,2026-05-21T08:00:00+08:00,2026-06-15T07:45:00+08:00
INV-0078-01,MAT-0078,WH-01,827,126,701,891,24,1339,1808,213.52,2026-06-09T08:00:00+08:00,2026-06-15T07:30:00+08:00
INV-0078-02,MAT-0078,WH-02,2514,182,2332,362,37,1339,1808,213.52,2026-05-26T08:00:00+08:00,2026-06-15T07:52:00+08:00
INV-0078-03,MAT-0078,WH-03,2727,305,2422,951,74,1339,1808,213.52,2026-05-22T08:00:00+08:00,2026-06-15T06:23:00+08:00
INV-0078-04,MAT-0078,WH-04,1453,45,1408,1328,54,1339,1808,213.52,2026-05-21T08:00:00+08:00,2026-06-15T05:42:00+08:00
INV-0078-05,MAT-0078,WH-05,781,178,603,40,17,1339,1808,213.52,2026-06-15T08:00:00+08:00,2026-06-15T07:03:00+08:00
INV-0078-06,MAT-0078,WH-06,1548,361,1187,1382,54,1339,1808,213.52,2026-06-03T08:00:00+08:00,2026-06-15T07:40:00+08:00
INV-0079-01,MAT-0079,WH-01,2566,52,2514,68,80,1185,1599,39.98,2026-05-24T08:00:00+08:00,2026-06-15T07:02:00+08:00
INV-0079-02,MAT-0079,WH-02,2269,399,1870,807,40,1185,1599,39.98,2026-06-05T08:00:00+08:00,2026-06-15T05:13:00+08:00
INV-0079-03,MAT-0079,WH-03,1176,111,1065,476,33,1185,1599,39.98,2026-05-30T08:00:00+08:00,2026-06-15T06:23:00+08:00
INV-0079-04,MAT-0079,WH-04,1660,277,1383,278,9,1185,1599,39.98,2026-06-08T08:00:00+08:00,2026-06-15T06:00:00+08:00
INV-0079-05,MAT-0079,WH-05,2665,916,1749,110,76,1185,1599,39.98,2026-06-07T08:00:00+08:00,2026-06-15T05:02:00+08:00
INV-0079-06,MAT-0079,WH-06,991,211,780,333,30,1185,1599,39.98,2026-05-24T08:00:00+08:00,2026-06-15T07:57:00+08:00
INV-0080-01,MAT-0080,WH-01,1534,472,1062,259,32,680,919,199.37,2026-06-15T08:00:00+08:00,2026-06-15T06:55:00+08:00
INV-0080-02,MAT-0080,WH-02,193,31,162,606,6,680,919,199.37,2026-06-06T08:00:00+08:00,2026-06-15T06:31:00+08:00
INV-0080-03,MAT-0080,WH-03,812,82,730,242,2,680,919,199.37,2026-06-11T08:00:00+08:00,2026-06-15T05:15:00+08:00
INV-0080-04,MAT-0080,WH-04,269,76,193,770,2,680,919,199.37,2026-05-19T08:00:00+08:00,2026-06-15T05:10:00+08:00
INV-0080-05,MAT-0080,WH-05,1189,378,811,606,35,680,919,199.37,2026-05-30T08:00:00+08:00,2026-06-15T07:17:00+08:00
INV-0080-06,MAT-0080,WH-06,626,64,562,704,6,680,919,199.37,2026-06-04T08:00:00+08:00,2026-06-15T05:14:00+08:00
INV-0081-01,MAT-0081,WH-01,1818,402,1416,154,54,3234,4365,523.81,2026-06-04T08:00:00+08:00,2026-06-15T06:24:00+08:00
INV-0081-02,MAT-0081,WH-02,4848,455,4393,3551,125,3234,4365,523.81,2026-05-23T08:00:00+08:00,2026-06-15T06:38:00+08:00
INV-0081-03,MAT-0081,WH-03,7476,980,6496,1352,87,3234,4365,523.81,2026-05-24T08:00:00+08:00,2026-06-15T05:48:00+08:00
INV-0081-04,MAT-0081,WH-04,2478,200,2278,1031,55,3234,4365,523.81,2026-05-28T08:00:00+08:00,2026-06-15T06:52:00+08:00
INV-0081-05,MAT-0081,WH-05,6617,2246,4371,1448,210,3234,4365,523.81,2026-06-10T08:00:00+08:00,2026-06-15T05:34:00+08:00
INV-0081-06,MAT-0081,WH-06,3091,370,2721,3290,95,3234,4365,523.81,2026-06-11T08:00:00+08:00,2026-06-15T06:29:00+08:00
INV-0082-01,MAT-0082,WH-01,901,226,675,96,8,454,613,314.76,2026-06-09T08:00:00+08:00,2026-06-15T06:43:00+08:00
INV-0082-02,MAT-0082,WH-02,543,69,474,381,2,454,613,314.76,2026-05-17T08:00:00+08:00,2026-06-15T07:36:00+08:00
INV-0082-03,MAT-0082,WH-03,684,73,611,164,26,454,613,314.76,2026-05-18T08:00:00+08:00,2026-06-15T05:46:00+08:00
INV-0082-04,MAT-0082,WH-04,341,86,255,305,6,454,613,314.76,2026-05-24T08:00:00+08:00,2026-06-15T05:26:00+08:00
INV-0082-05,MAT-0082,WH-05,654,19,635,299,12,454,613,314.76,2026-05-24T08:00:00+08:00,2026-06-15T05:29:00+08:00
INV-0082-06,MAT-0082,WH-06,92,0,92,66,3,454,613,314.76,2026-05-28T08:00:00+08:00,2026-06-15T07:38:00+08:00
INV-0083-01,MAT-0083,WH-01,106,12,94,34,0,64,87,246.81,2026-06-15T08:00:00+08:00,2026-06-15T05:57:00+08:00
INV-0083-02,MAT-0083,WH-02,69,4,65,75,0,64,87,246.81,2026-06-11T08:00:00+08:00,2026-06-15T07:46:00+08:00
INV-0083-03,MAT-0083,WH-03,56,18,38,23,0,64,87,246.81,2026-06-14T08:00:00+08:00,2026-06-15T07:28:00+08:00
INV-0083-04,MAT-0083,WH-04,27,0,27,25,0,64,87,246.81,2026-05-30T08:00:00+08:00,2026-06-15T05:28:00+08:00
INV-0083-05,MAT-0083,WH-05,91,25,66,61,1,64,87,246.81,2026-05-17T08:00:00+08:00,2026-06-15T06:28:00+08:00
INV-0083-06,MAT-0083,WH-06,34,2,32,5,0,64,87,246.81,2026-06-11T08:00:00+08:00,2026-06-15T06:41:00+08:00
INV-0084-01,MAT-0084,WH-01,206,2,204,93,1,106,143,365.75,2026-06-15T08:00:00+08:00,2026-06-15T06:10:00+08:00
INV-0084-02,MAT-0084,WH-02,105,0,105,2,3,106,143,365.75,2026-06-02T08:00:00+08:00,2026-06-15T06:15:00+08:00
INV-0084-03,MAT-0084,WH-03,106,6,100,24,1,106,143,365.75,2026-05-27T08:00:00+08:00,2026-06-15T07:28:00+08:00
INV-0084-04,MAT-0084,WH-04,128,6,122,18,4,106,143,365.75,2026-05-30T08:00:00+08:00,2026-06-15T05:23:00+08:00
INV-0084-05,MAT-0084,WH-05,198,7,191,25,1,106,143,365.75,2026-05-28T08:00:00+08:00,2026-06-15T05:56:00+08:00
INV-0084-06,MAT-0084,WH-06,108,5,103,10,2,106,143,365.75,2026-05-22T08:00:00+08:00,2026-06-15T06:33:00+08:00
INV-0085-01,MAT-0085,WH-01,849,183,666,210,12,450,607,455.67,2026-05-18T08:00:00+08:00,2026-06-15T05:53:00+08:00
INV-0085-02,MAT-0085,WH-02,653,84,569,27,21,450,607,455.67,2026-06-07T08:00:00+08:00,2026-06-15T06:33:00+08:00
INV-0085-03,MAT-0085,WH-03,457,133,324,470,14,450,607,455.67,2026-05-17T08:00:00+08:00,2026-06-15T05:01:00+08:00
INV-0085-04,MAT-0085,WH-04,717,91,626,397,20,450,607,455.67,2026-06-04T08:00:00+08:00,2026-06-15T06:59:00+08:00
INV-0085-05,MAT-0085,WH-05,1026,198,828,506,30,450,607,455.67,2026-05-16T08:00:00+08:00,2026-06-15T07:44:00+08:00
INV-0085-06,MAT-0085,WH-06,595,41,554,233,17,450,607,455.67,2026-06-15T08:00:00+08:00,2026-06-15T07:09:00+08:00
INV-0086-01,MAT-0086,WH-01,176,32,144,366,3,453,611,94.14,2026-06-03T08:00:00+08:00,2026-06-15T06:38:00+08:00
INV-0086-02,MAT-0086,WH-02,866,178,688,460,13,453,611,94.14,2026-06-01T08:00:00+08:00,2026-06-15T07:30:00+08:00
INV-0086-03,MAT-0086,WH-03,233,48,185,135,5,453,611,94.14,2026-06-13T08:00:00+08:00,2026-06-15T07:34:00+08:00
INV-0086-04,MAT-0086,WH-04,433,13,420,451,7,453,611,94.14,2026-05-22T08:00:00+08:00,2026-06-15T06:22:00+08:00
INV-0086-05,MAT-0086,WH-05,462,52,410,310,14,453,611,94.14,2026-06-02T08:00:00+08:00,2026-06-15T05:43:00+08:00
INV-0086-06,MAT-0086,WH-06,793,49,744,211,4,453,611,94.14,2026-06-11T08:00:00+08:00,2026-06-15T07:00:00+08:00
INV-0087-01,MAT-0087,WH-01,418,94,324,450,1,976,1318,36.24,2026-05-26T08:00:00+08:00,2026-06-15T06:07:00+08:00
INV-0087-02,MAT-0087,WH-02,1922,462,1460,300,22,976,1318,36.24,2026-05-21T08:00:00+08:00,2026-06-15T07:37:00+08:00
INV-0087-03,MAT-0087,WH-03,250,51,199,60,4,976,1318,36.24,2026-05-23T08:00:00+08:00,2026-06-15T05:27:00+08:00
INV-0087-04,MAT-0087,WH-04,1982,677,1305,880,43,976,1318,36.24,2026-05-26T08:00:00+08:00,2026-06-15T07:28:00+08:00
INV-0087-05,MAT-0087,WH-05,1148,112,1036,137,25,976,1318,36.24,2026-05-21T08:00:00+08:00,2026-06-15T07:52:00+08:00
INV-0087-06,MAT-0087,WH-06,1913,484,1429,224,6,976,1318,36.24,2026-05-29T08:00:00+08:00,2026-06-15T06:59:00+08:00
INV-0088-01,MAT-0088,WH-01,2147,189,1958,1170,24,2067,2790,447.49,2026-06-02T08:00:00+08:00,2026-06-15T06:29:00+08:00
INV-0088-02,MAT-0088,WH-02,3566,408,3158,1108,96,2067,2790,447.49,2026-06-11T08:00:00+08:00,2026-06-15T06:14:00+08:00
INV-0088-03,MAT-0088,WH-03,1350,85,1265,1116,25,2067,2790,447.49,2026-06-10T08:00:00+08:00,2026-06-15T06:08:00+08:00
INV-0088-04,MAT-0088,WH-04,1153,348,805,221,36,2067,2790,447.49,2026-05-21T08:00:00+08:00,2026-06-15T06:27:00+08:00
INV-0088-05,MAT-0088,WH-05,1737,59,1678,1141,21,2067,2790,447.49,2026-05-22T08:00:00+08:00,2026-06-15T07:39:00+08:00
INV-0088-06,MAT-0088,WH-06,2154,48,2106,2205,85,2067,2790,447.49,2026-05-30T08:00:00+08:00,2026-06-15T06:32:00+08:00
INV-0089-01,MAT-0089,WH-01,3454,107,3347,1922,98,1703,2299,219.98,2026-06-09T08:00:00+08:00,2026-06-15T05:01:00+08:00
INV-0089-02,MAT-0089,WH-02,354,109,245,1921,6,1703,2299,219.98,2026-05-23T08:00:00+08:00,2026-06-15T07:43:00+08:00
INV-0089-03,MAT-0089,WH-03,3606,1088,2518,841,94,1703,2299,219.98,2026-05-29T08:00:00+08:00,2026-06-15T05:39:00+08:00
INV-0089-04,MAT-0089,WH-04,731,45,686,430,8,1703,2299,219.98,2026-05-17T08:00:00+08:00,2026-06-15T05:29:00+08:00
INV-0089-05,MAT-0089,WH-05,1799,137,1662,1128,26,1703,2299,219.98,2026-05-29T08:00:00+08:00,2026-06-15T05:34:00+08:00
INV-0089-06,MAT-0089,WH-06,1184,300,884,1358,7,1703,2299,219.98,2026-06-13T08:00:00+08:00,2026-06-15T07:27:00+08:00
INV-0090-01,MAT-0090,WH-01,1343,440,903,648,38,583,787,3.74,2026-05-20T08:00:00+08:00,2026-06-15T07:10:00+08:00
INV-0090-02,MAT-0090,WH-02,546,0,546,664,7,583,787,3.74,2026-05-27T08:00:00+08:00,2026-06-15T07:10:00+08:00
INV-0090-03,MAT-0090,WH-03,595,118,477,672,2,583,787,3.74,2026-05-26T08:00:00+08:00,2026-06-15T05:44:00+08:00
INV-0090-04,MAT-0090,WH-04,367,123,244,202,2,583,787,3.74,2026-06-14T08:00:00+08:00,2026-06-15T05:27:00+08:00
INV-0090-05,MAT-0090,WH-05,1319,89,1230,358,4,583,787,3.74,2026-05-18T08:00:00+08:00,2026-06-15T05:19:00+08:00
INV-0090-06,MAT-0090,WH-06,124,42,82,638,0,583,787,3.74,2026-06-09T08:00:00+08:00,2026-06-15T07:10:00+08:00
INV-0091-01,MAT-0091,WH-01,776,1,775,267,2,459,619,65.05,2026-05-19T08:00:00+08:00,2026-06-15T05:22:00+08:00
INV-0091-02,MAT-0091,WH-02,117,0,117,348,3,459,619,65.05,2026-06-10T08:00:00+08:00,2026-06-15T05:15:00+08:00
INV-0091-03,MAT-0091,WH-03,1026,73,953,270,8,459,619,65.05,2026-05-24T08:00:00+08:00,2026-06-15T07:31:00+08:00
INV-0091-04,MAT-0091,WH-04,644,200,444,146,1,459,619,65.05,2026-06-01T08:00:00+08:00,2026-06-15T05:40:00+08:00
INV-0091-05,MAT-0091,WH-05,691,106,585,546,6,459,619,65.05,2026-06-03T08:00:00+08:00,2026-06-15T06:22:00+08:00
INV-0091-06,MAT-0091,WH-06,933,176,757,167,2,459,619,65.05,2026-06-02T08:00:00+08:00,2026-06-15T06:28:00+08:00
INV-0092-01,MAT-0092,WH-01,286,59,227,452,4,477,644,152.17,2026-06-06T08:00:00+08:00,2026-06-15T05:25:00+08:00
INV-0092-02,MAT-0092,WH-02,549,188,361,137,6,477,644,152.17,2026-05-22T08:00:00+08:00,2026-06-15T06:08:00+08:00
INV-0092-03,MAT-0092,WH-03,833,169,664,61,16,477,644,152.17,2026-06-08T08:00:00+08:00,2026-06-15T06:53:00+08:00
INV-0092-04,MAT-0092,WH-04,640,219,421,443,24,477,644,152.17,2026-06-13T08:00:00+08:00,2026-06-15T06:13:00+08:00
INV-0092-05,MAT-0092,WH-05,364,92,272,219,13,477,644,152.17,2026-06-09T08:00:00+08:00,2026-06-15T07:32:00+08:00
INV-0092-06,MAT-0092,WH-06,799,165,634,428,20,477,644,152.17,2026-06-06T08:00:00+08:00,2026-06-15T07:01:00+08:00
INV-0093-01,MAT-0093,WH-01,207,46,161,446,7,536,724,911.12,2026-06-10T08:00:00+08:00,2026-06-15T06:52:00+08:00
INV-0093-02,MAT-0093,WH-02,1250,363,887,609,43,536,724,911.12,2026-06-02T08:00:00+08:00,2026-06-15T06:28:00+08:00
INV-0093-03,MAT-0093,WH-03,387,120,267,474,2,536,724,911.12,2026-05-31T08:00:00+08:00,2026-06-15T07:12:00+08:00
INV-0093-04,MAT-0093,WH-04,323,95,228,82,11,536,724,911.12,2026-06-07T08:00:00+08:00,2026-06-15T05:50:00+08:00
INV-0093-05,MAT-0093,WH-05,691,73,618,577,9,536,724,911.12,2026-05-17T08:00:00+08:00,2026-06-15T07:18:00+08:00
INV-0093-06,MAT-0093,WH-06,864,145,719,229,11,536,724,911.12,2026-05-25T08:00:00+08:00,2026-06-15T07:48:00+08:00
INV-0094-01,MAT-0094,WH-01,279,84,195,453,5,517,698,182.84,2026-06-08T08:00:00+08:00,2026-06-15T06:37:00+08:00
INV-0094-02,MAT-0094,WH-02,441,77,364,89,6,517,698,182.84,2026-06-13T08:00:00+08:00,2026-06-15T07:38:00+08:00
INV-0094-03,MAT-0094,WH-03,1060,340,720,351,2,517,698,182.84,2026-05-17T08:00:00+08:00,2026-06-15T07:20:00+08:00
INV-0094-04,MAT-0094,WH-04,300,12,288,350,3,517,698,182.84,2026-06-12T08:00:00+08:00,2026-06-15T07:23:00+08:00
INV-0094-05,MAT-0094,WH-05,560,111,449,94,17,517,698,182.84,2026-06-08T08:00:00+08:00,2026-06-15T06:56:00+08:00
INV-0094-06,MAT-0094,WH-06,1074,231,843,303,27,517,698,182.84,2026-06-06T08:00:00+08:00,2026-06-15T05:49:00+08:00
INV-0095-01,MAT-0095,WH-01,1558,335,1223,241,56,945,1275,323.1,2026-05-20T08:00:00+08:00,2026-06-15T05:48:00+08:00
INV-0095-02,MAT-0095,WH-02,1454,140,1314,229,30,945,1275,323.1,2026-06-03T08:00:00+08:00,2026-06-15T06:58:00+08:00
INV-0095-03,MAT-0095,WH-03,531,6,525,1056,14,945,1275,323.1,2026-06-07T08:00:00+08:00,2026-06-15T07:37:00+08:00
INV-0095-04,MAT-0095,WH-04,1023,187,836,692,0,945,1275,323.1,2026-05-24T08:00:00+08:00,2026-06-15T06:18:00+08:00
INV-0095-05,MAT-0095,WH-05,491,13,478,235,15,945,1275,323.1,2026-06-02T08:00:00+08:00,2026-06-15T05:55:00+08:00
INV-0095-06,MAT-0095,WH-06,1199,101,1098,602,22,945,1275,323.1,2026-05-29T08:00:00+08:00,2026-06-15T07:28:00+08:00
INV-0096-01,MAT-0096,WH-01,298,69,229,11,10,140,189,248.33,2026-06-11T08:00:00+08:00,2026-06-15T06:47:00+08:00
INV-0096-02,MAT-0096,WH-02,78,25,53,52,1,140,189,248.33,2026-06-15T08:00:00+08:00,2026-06-15T06:43:00+08:00
INV-0096-03,MAT-0096,WH-03,99,10,89,165,2,140,189,248.33,2026-06-02T08:00:00+08:00,2026-06-15T05:06:00+08:00
INV-0096-04,MAT-0096,WH-04,314,76,238,90,11,140,189,248.33,2026-06-14T08:00:00+08:00,2026-06-15T05:12:00+08:00
INV-0096-05,MAT-0096,WH-05,319,47,272,120,7,140,189,248.33,2026-05-28T08:00:00+08:00,2026-06-15T05:35:00+08:00
INV-0096-06,MAT-0096,WH-06,75,1,74,94,1,140,189,248.33,2026-05-28T08:00:00+08:00,2026-06-15T05:29:00+08:00
INV-0097-01,MAT-0097,WH-01,1445,196,1249,1418,2,1324,1788,767.52,2026-06-14T08:00:00+08:00,2026-06-15T05:43:00+08:00
INV-0097-02,MAT-0097,WH-02,2594,508,2086,603,42,1324,1788,767.52,2026-05-23T08:00:00+08:00,2026-06-15T05:52:00+08:00
INV-0097-03,MAT-0097,WH-03,2314,133,2181,474,66,1324,1788,767.52,2026-06-15T08:00:00+08:00,2026-06-15T07:19:00+08:00
INV-0097-04,MAT-0097,WH-04,2694,302,2392,809,51,1324,1788,767.52,2026-06-15T08:00:00+08:00,2026-06-15T07:38:00+08:00
INV-0097-05,MAT-0097,WH-05,2464,85,2379,445,55,1324,1788,767.52,2026-06-13T08:00:00+08:00,2026-06-15T05:34:00+08:00
INV-0097-06,MAT-0097,WH-06,939,296,643,1237,1,1324,1788,767.52,2026-06-15T08:00:00+08:00,2026-06-15T07:18:00+08:00
INV-0098-01,MAT-0098,WH-01,2263,59,2204,68,88,1065,1437,86.69,2026-05-25T08:00:00+08:00,2026-06-15T07:44:00+08:00
INV-0098-02,MAT-0098,WH-02,1518,390,1128,718,4,1065,1437,86.69,2026-05-18T08:00:00+08:00,2026-06-15T05:20:00+08:00
INV-0098-03,MAT-0098,WH-03,1566,370,1196,446,48,1065,1437,86.69,2026-05-25T08:00:00+08:00,2026-06-15T05:24:00+08:00
INV-0098-04,MAT-0098,WH-04,403,68,335,44,7,1065,1437,86.69,2026-05-26T08:00:00+08:00,2026-06-15T05:36:00+08:00
INV-0098-05,MAT-0098,WH-05,1051,93,958,613,30,1065,1437,86.69,2026-05-22T08:00:00+08:00,2026-06-15T07:16:00+08:00
INV-0098-06,MAT-0098,WH-06,881,0,881,1127,27,1065,1437,86.69,2026-05-25T08:00:00+08:00,2026-06-15T07:01:00+08:00
INV-0099-01,MAT-0099,WH-01,985,222,763,297,34,497,671,40.49,2026-06-01T08:00:00+08:00,2026-06-15T06:07:00+08:00
INV-0099-02,MAT-0099,WH-02,1046,285,761,423,33,497,671,40.49,2026-06-11T08:00:00+08:00,2026-06-15T06:39:00+08:00
INV-0099-03,MAT-0099,WH-03,1036,16,1020,331,8,497,671,40.49,2026-06-07T08:00:00+08:00,2026-06-15T07:31:00+08:00
INV-0099-04,MAT-0099,WH-04,560,86,474,248,6,497,671,40.49,2026-05-26T08:00:00+08:00,2026-06-15T05:46:00+08:00
INV-0099-05,MAT-0099,WH-05,457,37,420,537,15,497,671,40.49,2026-06-01T08:00:00+08:00,2026-06-15T07:22:00+08:00
INV-0099-06,MAT-0099,WH-06,855,102,753,508,10,497,671,40.49,2026-06-09T08:00:00+08:00,2026-06-15T05:21:00+08:00
INV-0100-01,MAT-0100,WH-01,973,48,925,547,9,624,842,282.58,2026-05-26T08:00:00+08:00,2026-06-15T07:18:00+08:00
INV-0100-02,MAT-0100,WH-02,274,47,227,324,4,624,842,282.58,2026-06-15T08:00:00+08:00,2026-06-15T07:05:00+08:00
INV-0100-03,MAT-0100,WH-03,196,64,132,488,4,624,842,282.58,2026-05-27T08:00:00+08:00,2026-06-15T06:54:00+08:00
INV-0100-04,MAT-0100,WH-04,299,86,213,609,5,624,842,282.58,2026-06-12T08:00:00+08:00,2026-06-15T06:14:00+08:00
INV-0100-05,MAT-0100,WH-05,1400,184,1216,392,49,624,842,282.58,2026-05-19T08:00:00+08:00,2026-06-15T07:51:00+08:00
INV-0100-06,MAT-0100,WH-06,1496,97,1399,461,52,624,842,282.58,2026-05-31T08:00:00+08:00,2026-06-15T07:09:00+08:00
INV-0101-01,MAT-0101,WH-01,21,6,15,8,0,30,40,356.23,2026-05-25T08:00:00+08:00,2026-06-15T06:01:00+08:00
INV-0101-02,MAT-0101,WH-02,59,7,52,1,0,30,40,356.23,2026-05-20T08:00:00+08:00,2026-06-15T06:03:00+08:00
INV-0101-03,MAT-0101,WH-03,17,4,13,21,0,30,40,356.23,2026-05-18T08:00:00+08:00,2026-06-15T06:48:00+08:00
INV-0101-04,MAT-0101,WH-04,6,0,6,14,0,30,40,356.23,2026-06-04T08:00:00+08:00,2026-06-15T06:43:00+08:00
INV-0101-05,MAT-0101,WH-05,46,11,35,11,0,30,40,356.23,2026-06-15T08:00:00+08:00,2026-06-15T07:06:00+08:00
INV-0101-06,MAT-0101,WH-06,58,4,54,13,0,30,40,356.23,2026-05-27T08:00:00+08:00,2026-06-15T05:12:00+08:00
INV-0102-01,MAT-0102,WH-01,78,26,52,17,1,45,61,41.49,2026-05-30T08:00:00+08:00,2026-06-15T05:56:00+08:00
INV-0102-02,MAT-0102,WH-02,109,29,80,34,3,45,61,41.49,2026-06-02T08:00:00+08:00,2026-06-15T07:47:00+08:00
INV-0102-03,MAT-0102,WH-03,24,4,20,26,0,45,61,41.49,2026-06-02T08:00:00+08:00,2026-06-15T06:15:00+08:00
INV-0102-04,MAT-0102,WH-04,15,2,13,45,0,45,61,41.49,2026-05-25T08:00:00+08:00,2026-06-15T05:39:00+08:00
INV-0102-05,MAT-0102,WH-05,51,7,44,10,0,45,61,41.49,2026-05-29T08:00:00+08:00,2026-06-15T05:03:00+08:00
INV-0102-06,MAT-0102,WH-06,37,6,31,26,0,45,61,41.49,2026-05-22T08:00:00+08:00,2026-06-15T06:56:00+08:00
INV-0103-01,MAT-0103,WH-01,1086,274,812,270,19,496,670,621.11,2026-05-30T08:00:00+08:00,2026-06-15T05:38:00+08:00
INV-0103-02,MAT-0103,WH-02,610,75,535,579,13,496,670,621.11,2026-06-08T08:00:00+08:00,2026-06-15T05:46:00+08:00
INV-0103-03,MAT-0103,WH-03,278,40,238,12,0,496,670,621.11,2026-06-02T08:00:00+08:00,2026-06-15T05:05:00+08:00
INV-0103-04,MAT-0103,WH-04,484,120,364,448,3,496,670,621.11,2026-05-20T08:00:00+08:00,2026-06-15T07:24:00+08:00
INV-0103-05,MAT-0103,WH-05,317,41,276,281,6,496,670,621.11,2026-05-19T08:00:00+08:00,2026-06-15T05:48:00+08:00
INV-0103-06,MAT-0103,WH-06,997,134,863,37,38,496,670,621.11,2026-06-06T08:00:00+08:00,2026-06-15T06:05:00+08:00
INV-0104-01,MAT-0104,WH-01,111,22,89,145,2,291,392,728.18,2026-06-06T08:00:00+08:00,2026-06-15T05:09:00+08:00
INV-0104-02,MAT-0104,WH-02,400,42,358,286,11,291,392,728.18,2026-06-13T08:00:00+08:00,2026-06-15T06:31:00+08:00
INV-0104-03,MAT-0104,WH-03,239,16,223,252,5,291,392,728.18,2026-05-26T08:00:00+08:00,2026-06-15T06:08:00+08:00
INV-0104-04,MAT-0104,WH-04,371,7,364,235,10,291,392,728.18,2026-05-31T08:00:00+08:00,2026-06-15T05:27:00+08:00
INV-0104-05,MAT-0104,WH-05,268,56,212,106,3,291,392,728.18,2026-06-02T08:00:00+08:00,2026-06-15T06:11:00+08:00
INV-0104-06,MAT-0104,WH-06,338,96,242,104,13,291,392,728.18,2026-05-31T08:00:00+08:00,2026-06-15T05:52:00+08:00
INV-0105-01,MAT-0105,WH-01,1878,296,1582,380,8,843,1138,600.14,2026-05-25T08:00:00+08:00,2026-06-15T07:20:00+08:00
INV-0105-02,MAT-0105,WH-02,1133,206,927,412,10,843,1138,600.14,2026-06-14T08:00:00+08:00,2026-06-15T07:12:00+08:00
INV-0105-03,MAT-0105,WH-03,818,89,729,473,26,843,1138,600.14,2026-06-05T08:00:00+08:00,2026-06-15T06:46:00+08:00
INV-0105-04,MAT-0105,WH-04,1857,407,1450,810,69,843,1138,600.14,2026-05-30T08:00:00+08:00,2026-06-15T05:00:00+08:00
INV-0105-05,MAT-0105,WH-05,1854,615,1239,557,56,843,1138,600.14,2026-06-07T08:00:00+08:00,2026-06-15T05:54:00+08:00
INV-0105-06,MAT-0105,WH-06,1116,34,1082,584,24,843,1138,600.14,2026-06-01T08:00:00+08:00,2026-06-15T05:47:00+08:00
INV-0106-01,MAT-0106,WH-01,1531,483,1048,264,4,700,945,608.12,2026-05-31T08:00:00+08:00,2026-06-15T07:14:00+08:00
INV-0106-02,MAT-0106,WH-02,652,141,511,659,21,700,945,608.12,2026-05-25T08:00:00+08:00,2026-06-15T06:40:00+08:00
INV-0106-03,MAT-0106,WH-03,1174,66,1108,719,12,700,945,608.12,2026-05-16T08:00:00+08:00,2026-06-15T06:46:00+08:00
INV-0106-04,MAT-0106,WH-04,687,131,556,121,15,700,945,608.12,2026-05-21T08:00:00+08:00,2026-06-15T06:23:00+08:00
INV-0106-05,MAT-0106,WH-05,433,69,364,449,7,700,945,608.12,2026-06-01T08:00:00+08:00,2026-06-15T07:35:00+08:00
INV-0106-06,MAT-0106,WH-06,712,26,686,361,0,700,945,608.12,2026-05-30T08:00:00+08:00,2026-06-15T06:50:00+08:00
INV-0107-01,MAT-0107,WH-01,1819,97,1722,222,51,1153,1557,341.98,2026-06-04T08:00:00+08:00,2026-06-15T05:44:00+08:00
INV-0107-02,MAT-0107,WH-02,1924,458,1466,1020,44,1153,1557,341.98,2026-05-26T08:00:00+08:00,2026-06-15T07:57:00+08:00
INV-0107-03,MAT-0107,WH-03,1844,629,1215,49,42,1153,1557,341.98,2026-06-10T08:00:00+08:00,2026-06-15T07:38:00+08:00
INV-0107-04,MAT-0107,WH-04,1616,25,1591,132,49,1153,1557,341.98,2026-05-23T08:00:00+08:00,2026-06-15T06:06:00+08:00
INV-0107-05,MAT-0107,WH-05,943,148,795,1175,16,1153,1557,341.98,2026-05-16T08:00:00+08:00,2026-06-15T07:21:00+08:00
INV-0107-06,MAT-0107,WH-06,872,65,807,712,16,1153,1557,341.98,2026-06-07T08:00:00+08:00,2026-06-15T06:02:00+08:00
INV-0108-01,MAT-0108,WH-01,650,217,433,43,14,1231,1662,248.6,2026-05-28T08:00:00+08:00,2026-06-15T07:10:00+08:00
INV-0108-02,MAT-0108,WH-02,2443,453,1990,21,71,1231,1662,248.6,2026-06-13T08:00:00+08:00,2026-06-15T06:20:00+08:00
INV-0108-03,MAT-0108,WH-03,2947,806,2141,437,5,1231,1662,248.6,2026-05-18T08:00:00+08:00,2026-06-15T06:16:00+08:00
INV-0108-04,MAT-0108,WH-04,1962,397,1565,1413,27,1231,1662,248.6,2026-06-03T08:00:00+08:00,2026-06-15T05:47:00+08:00
INV-0108-05,MAT-0108,WH-05,783,265,518,1232,28,1231,1662,248.6,2026-06-10T08:00:00+08:00,2026-06-15T06:45:00+08:00
INV-0108-06,MAT-0108,WH-06,943,150,793,692,6,1231,1662,248.6,2026-06-10T08:00:00+08:00,2026-06-15T06:52:00+08:00
INV-0109-01,MAT-0109,WH-01,334,54,280,249,0,370,500,32.36,2026-06-02T08:00:00+08:00,2026-06-15T07:11:00+08:00
INV-0109-02,MAT-0109,WH-02,348,104,244,395,4,370,500,32.36,2026-05-29T08:00:00+08:00,2026-06-15T06:36:00+08:00
INV-0109-03,MAT-0109,WH-03,152,5,147,206,1,370,500,32.36,2026-06-04T08:00:00+08:00,2026-06-15T05:11:00+08:00
INV-0109-04,MAT-0109,WH-04,414,24,390,112,5,370,500,32.36,2026-05-19T08:00:00+08:00,2026-06-15T07:39:00+08:00
INV-0109-05,MAT-0109,WH-05,809,180,629,38,20,370,500,32.36,2026-05-17T08:00:00+08:00,2026-06-15T06:39:00+08:00
INV-0109-06,MAT-0109,WH-06,223,22,201,341,6,370,500,32.36,2026-05-27T08:00:00+08:00,2026-06-15T07:06:00+08:00
INV-0110-01,MAT-0110,WH-01,1869,25,1844,222,59,811,1095,14.96,2026-05-28T08:00:00+08:00,2026-06-15T05:53:00+08:00
INV-0110-02,MAT-0110,WH-02,777,178,599,383,6,811,1095,14.96,2026-06-06T08:00:00+08:00,2026-06-15T07:40:00+08:00
INV-0110-03,MAT-0110,WH-03,1434,450,984,749,29,811,1095,14.96,2026-05-18T08:00:00+08:00,2026-06-15T07:40:00+08:00
INV-0110-04,MAT-0110,WH-04,1742,214,1528,130,39,811,1095,14.96,2026-05-21T08:00:00+08:00,2026-06-15T06:28:00+08:00
INV-0110-05,MAT-0110,WH-05,584,129,455,860,1,811,1095,14.96,2026-05-18T08:00:00+08:00,2026-06-15T05:34:00+08:00
INV-0110-06,MAT-0110,WH-06,844,282,562,50,4,811,1095,14.96,2026-06-01T08:00:00+08:00,2026-06-15T07:02:00+08:00
INV-0111-01,MAT-0111,WH-01,706,4,702,326,3,395,534,42.47,2026-05-27T08:00:00+08:00,2026-06-15T06:38:00+08:00
INV-0111-02,MAT-0111,WH-02,503,89,414,233,0,395,534,42.47,2026-05-31T08:00:00+08:00,2026-06-15T05:55:00+08:00
INV-0111-03,MAT-0111,WH-03,911,147,764,389,26,395,534,42.47,2026-05-28T08:00:00+08:00,2026-06-15T07:28:00+08:00
INV-0111-04,MAT-0111,WH-04,703,172,531,194,0,395,534,42.47,2026-05-19T08:00:00+08:00,2026-06-15T07:25:00+08:00
INV-0111-05,MAT-0111,WH-05,256,35,221,190,6,395,534,42.47,2026-05-21T08:00:00+08:00,2026-06-15T07:16:00+08:00
INV-0111-06,MAT-0111,WH-06,533,57,476,307,13,395,534,42.47,2026-05-17T08:00:00+08:00,2026-06-15T06:45:00+08:00
INV-0112-01,MAT-0112,WH-01,2423,445,1978,772,1,3042,4107,16.8,2026-05-26T08:00:00+08:00,2026-06-15T05:39:00+08:00
INV-0112-02,MAT-0112,WH-02,2190,703,1487,2256,29,3042,4107,16.8,2026-06-11T08:00:00+08:00,2026-06-15T06:53:00+08:00
INV-0112-03,MAT-0112,WH-03,7037,766,6271,323,151,3042,4107,16.8,2026-05-21T08:00:00+08:00,2026-06-15T06:42:00+08:00
INV-0112-04,MAT-0112,WH-04,3301,864,2437,3521,87,3042,4107,16.8,2026-05-29T08:00:00+08:00,2026-06-15T05:54:00+08:00
INV-0112-05,MAT-0112,WH-05,793,6,787,2627,29,3042,4107,16.8,2026-05-23T08:00:00+08:00,2026-06-15T05:29:00+08:00
INV-0112-06,MAT-0112,WH-06,7252,1082,6170,1591,128,3042,4107,16.8,2026-06-06T08:00:00+08:00,2026-06-15T05:41:00+08:00
INV-0113-01,MAT-0113,WH-01,317,35,282,221,2,682,921,84.19,2026-06-02T08:00:00+08:00,2026-06-15T05:45:00+08:00
INV-0113-02,MAT-0113,WH-02,1105,1,1104,725,15,682,921,84.19,2026-06-06T08:00:00+08:00,2026-06-15T06:06:00+08:00
INV-0113-03,MAT-0113,WH-03,599,100,499,570,10,682,921,84.19,2026-06-07T08:00:00+08:00,2026-06-15T05:13:00+08:00
INV-0113-04,MAT-0113,WH-04,549,12,537,247,5,682,921,84.19,2026-06-04T08:00:00+08:00,2026-06-15T05:12:00+08:00
INV-0113-05,MAT-0113,WH-05,1546,247,1299,32,60,682,921,84.19,2026-05-27T08:00:00+08:00,2026-06-15T07:40:00+08:00
INV-0113-06,MAT-0113,WH-06,1069,234,835,271,12,682,921,84.19,2026-06-09T08:00:00+08:00,2026-06-15T05:04:00+08:00
INV-0114-01,MAT-0114,WH-01,82,18,64,58,2,75,102,215.76,2026-06-06T08:00:00+08:00,2026-06-15T07:48:00+08:00
INV-0114-02,MAT-0114,WH-02,60,16,44,76,2,75,102,215.76,2026-06-15T08:00:00+08:00,2026-06-15T06:13:00+08:00
INV-0114-03,MAT-0114,WH-03,25,4,21,15,0,75,102,215.76,2026-05-17T08:00:00+08:00,2026-06-15T05:20:00+08:00
INV-0114-04,MAT-0114,WH-04,36,0,36,31,0,75,102,215.76,2026-05-30T08:00:00+08:00,2026-06-15T06:42:00+08:00
INV-0114-05,MAT-0114,WH-05,27,3,24,46,0,75,102,215.76,2026-06-04T08:00:00+08:00,2026-06-15T07:20:00+08:00
INV-0114-06,MAT-0114,WH-06,165,17,148,85,2,75,102,215.76,2026-06-10T08:00:00+08:00,2026-06-15T07:15:00+08:00
INV-0115-01,MAT-0115,WH-01,4503,678,3825,1802,71,4181,5644,348.34,2026-06-15T08:00:00+08:00,2026-06-15T07:06:00+08:00
INV-0115-02,MAT-0115,WH-02,8285,499,7786,3020,168,4181,5644,348.34,2026-06-06T08:00:00+08:00,2026-06-15T05:50:00+08:00
INV-0115-03,MAT-0115,WH-03,1559,400,1159,4690,0,4181,5644,348.34,2026-06-07T08:00:00+08:00,2026-06-15T07:45:00+08:00
INV-0115-04,MAT-0115,WH-04,9014,1990,7024,4065,146,4181,5644,348.34,2026-05-22T08:00:00+08:00,2026-06-15T05:14:00+08:00
INV-0115-05,MAT-0115,WH-05,3266,240,3026,2562,33,4181,5644,348.34,2026-05-26T08:00:00+08:00,2026-06-15T06:43:00+08:00
INV-0115-06,MAT-0115,WH-06,6311,686,5625,1501,77,4181,5644,348.34,2026-06-15T08:00:00+08:00,2026-06-15T05:04:00+08:00
INV-0116-01,MAT-0116,WH-01,2267,100,2167,2843,52,3635,4907,99.89,2026-05-22T08:00:00+08:00,2026-06-15T07:31:00+08:00
INV-0116-02,MAT-0116,WH-02,7475,1736,5739,2477,2,3635,4907,99.89,2026-05-20T08:00:00+08:00,2026-06-15T07:34:00+08:00
INV-0116-03,MAT-0116,WH-03,7121,329,6792,129,79,3635,4907,99.89,2026-05-27T08:00:00+08:00,2026-06-15T05:11:00+08:00
INV-0116-04,MAT-0116,WH-04,4892,1135,3757,3987,27,3635,4907,99.89,2026-06-14T08:00:00+08:00,2026-06-15T06:11:00+08:00
INV-0116-05,MAT-0116,WH-05,2447,265,2182,2911,18,3635,4907,99.89,2026-06-09T08:00:00+08:00,2026-06-15T05:02:00+08:00
INV-0116-06,MAT-0116,WH-06,1694,419,1275,3616,61,3635,4907,99.89,2026-05-31T08:00:00+08:00,2026-06-15T06:11:00+08:00
INV-0117-01,MAT-0117,WH-01,294,24,270,90,4,348,470,185.14,2026-06-06T08:00:00+08:00,2026-06-15T05:32:00+08:00
INV-0117-02,MAT-0117,WH-02,94,6,88,71,3,348,470,185.14,2026-05-17T08:00:00+08:00,2026-06-15T05:05:00+08:00
INV-0117-03,MAT-0117,WH-03,797,223,574,151,23,348,470,185.14,2026-06-10T08:00:00+08:00,2026-06-15T05:36:00+08:00
INV-0117-04,MAT-0117,WH-04,769,262,507,230,23,348,470,185.14,2026-06-11T08:00:00+08:00,2026-06-15T06:36:00+08:00
INV-0117-05,MAT-0117,WH-05,408,7,401,275,14,348,470,185.14,2026-05-26T08:00:00+08:00,2026-06-15T05:33:00+08:00
INV-0117-06,MAT-0117,WH-06,498,107,391,295,11,348,470,185.14,2026-06-04T08:00:00+08:00,2026-06-15T05:19:00+08:00
INV-0118-01,MAT-0118,WH-01,205,35,170,209,2,308,415,337.1,2026-05-30T08:00:00+08:00,2026-06-15T05:36:00+08:00
INV-0118-02,MAT-0118,WH-02,413,78,335,362,7,308,415,337.1,2026-05-18T08:00:00+08:00,2026-06-15T06:08:00+08:00
INV-0118-03,MAT-0118,WH-03,146,6,140,147,3,308,415,337.1,2026-05-17T08:00:00+08:00,2026-06-15T06:05:00+08:00
INV-0118-04,MAT-0118,WH-04,186,39,147,99,1,308,415,337.1,2026-05-28T08:00:00+08:00,2026-06-15T05:48:00+08:00
INV-0118-05,MAT-0118,WH-05,199,11,188,207,5,308,415,337.1,2026-06-04T08:00:00+08:00,2026-06-15T07:16:00+08:00
INV-0118-06,MAT-0118,WH-06,118,11,107,310,4,308,415,337.1,2026-06-01T08:00:00+08:00,2026-06-15T06:44:00+08:00
INV-0119-01,MAT-0119,WH-01,420,87,333,303,11,355,479,2.36,2026-06-13T08:00:00+08:00,2026-06-15T05:21:00+08:00
INV-0119-02,MAT-0119,WH-02,581,156,425,255,15,355,479,2.36,2026-05-30T08:00:00+08:00,2026-06-15T05:53:00+08:00
INV-0119-03,MAT-0119,WH-03,472,30,442,30,0,355,479,2.36,2026-06-09T08:00:00+08:00,2026-06-15T07:46:00+08:00
INV-0119-04,MAT-0119,WH-04,565,31,534,76,3,355,479,2.36,2026-06-08T08:00:00+08:00,2026-06-15T07:18:00+08:00
INV-0119-05,MAT-0119,WH-05,148,33,115,210,1,355,479,2.36,2026-05-23T08:00:00+08:00,2026-06-15T05:05:00+08:00
INV-0119-06,MAT-0119,WH-06,473,46,427,25,8,355,479,2.36,2026-05-20T08:00:00+08:00,2026-06-15T07:17:00+08:00
INV-0120-01,MAT-0120,WH-01,284,25,259,130,8,135,182,15.17,2026-05-30T08:00:00+08:00,2026-06-15T06:32:00+08:00
INV-0120-02,MAT-0120,WH-02,83,2,81,48,1,135,182,15.17,2026-05-28T08:00:00+08:00,2026-06-15T06:58:00+08:00
INV-0120-03,MAT-0120,WH-03,94,23,71,134,0,135,182,15.17,2026-05-20T08:00:00+08:00,2026-06-15T06:56:00+08:00
INV-0120-04,MAT-0120,WH-04,237,74,163,17,2,135,182,15.17,2026-06-02T08:00:00+08:00,2026-06-15T06:53:00+08:00
INV-0120-05,MAT-0120,WH-05,219,33,186,27,0,135,182,15.17,2026-05-23T08:00:00+08:00,2026-06-15T06:41:00+08:00
INV-0120-06,MAT-0120,WH-06,123,27,96,24,4,135,182,15.17,2026-06-10T08:00:00+08:00,2026-06-15T05:47:00+08:00
INV-0121-01,MAT-0121,WH-01,2007,325,1682,2014,30,1740,2349,160.35,2026-06-05T08:00:00+08:00,2026-06-15T06:55:00+08:00
INV-0121-02,MAT-0121,WH-02,1655,308,1347,1413,8,1740,2349,160.35,2026-05-25T08:00:00+08:00,2026-06-15T07:19:00+08:00
INV-0121-03,MAT-0121,WH-03,3337,1039,2298,369,71,1740,2349,160.35,2026-05-17T08:00:00+08:00,2026-06-15T06:13:00+08:00
INV-0121-04,MAT-0121,WH-04,3315,125,3190,1821,11,1740,2349,160.35,2026-06-09T08:00:00+08:00,2026-06-15T07:16:00+08:00
INV-0121-05,MAT-0121,WH-05,3965,982,2983,1997,135,1740,2349,160.35,2026-05-24T08:00:00+08:00,2026-06-15T06:14:00+08:00
INV-0121-06,MAT-0121,WH-06,1939,318,1621,165,4,1740,2349,160.35,2026-06-11T08:00:00+08:00,2026-06-15T07:09:00+08:00
INV-0122-01,MAT-0122,WH-01,442,43,399,2,8,675,911,77.46,2026-05-16T08:00:00+08:00,2026-06-15T06:43:00+08:00
INV-0122-02,MAT-0122,WH-02,1312,455,857,565,42,675,911,77.46,2026-05-17T08:00:00+08:00,2026-06-15T07:21:00+08:00
INV-0122-03,MAT-0122,WH-03,1546,430,1116,770,20,675,911,77.46,2026-06-11T08:00:00+08:00,2026-06-15T05:08:00+08:00
INV-0122-04,MAT-0122,WH-04,1182,368,814,371,18,675,911,77.46,2026-06-11T08:00:00+08:00,2026-06-15T07:06:00+08:00
INV-0122-05,MAT-0122,WH-05,499,92,407,688,13,675,911,77.46,2026-05-21T08:00:00+08:00,2026-06-15T06:03:00+08:00
INV-0122-06,MAT-0122,WH-06,408,135,273,450,8,675,911,77.46,2026-05-27T08:00:00+08:00,2026-06-15T06:33:00+08:00
INV-0123-01,MAT-0123,WH-01,1239,231,1008,336,6,660,891,125.96,2026-05-30T08:00:00+08:00,2026-06-15T06:13:00+08:00
INV-0123-02,MAT-0123,WH-02,222,22,200,464,6,660,891,125.96,2026-05-20T08:00:00+08:00,2026-06-15T06:18:00+08:00
INV-0123-03,MAT-0123,WH-03,479,15,464,152,16,660,891,125.96,2026-05-31T08:00:00+08:00,2026-06-15T06:33:00+08:00
INV-0123-04,MAT-0123,WH-04,1147,171,976,39,21,660,891,125.96,2026-06-10T08:00:00+08:00,2026-06-15T07:34:00+08:00
INV-0123-05,MAT-0123,WH-05,1179,111,1068,224,32,660,891,125.96,2026-05-24T08:00:00+08:00,2026-06-15T05:55:00+08:00
INV-0123-06,MAT-0123,WH-06,621,105,516,382,4,660,891,125.96,2026-06-02T08:00:00+08:00,2026-06-15T05:21:00+08:00
INV-0124-01,MAT-0124,WH-01,367,98,269,42,5,340,459,449.98,2026-05-20T08:00:00+08:00,2026-06-15T05:39:00+08:00
INV-0124-02,MAT-0124,WH-02,492,0,492,80,17,340,459,449.98,2026-06-07T08:00:00+08:00,2026-06-15T06:49:00+08:00
INV-0124-03,MAT-0124,WH-03,121,18,103,148,1,340,459,449.98,2026-06-07T08:00:00+08:00,2026-06-15T08:00:00+08:00
INV-0124-04,MAT-0124,WH-04,486,143,343,351,14,340,459,449.98,2026-05-24T08:00:00+08:00,2026-06-15T07:32:00+08:00
INV-0124-05,MAT-0124,WH-05,588,157,431,381,1,340,459,449.98,2026-05-20T08:00:00+08:00,2026-06-15T05:52:00+08:00
INV-0124-06,MAT-0124,WH-06,513,31,482,381,7,340,459,449.98,2026-06-13T08:00:00+08:00,2026-06-15T05:28:00+08:00
INV-0125-01,MAT-0125,WH-01,91,3,88,58,1,118,159,797.63,2026-05-29T08:00:00+08:00,2026-06-15T06:58:00+08:00
INV-0125-02,MAT-0125,WH-02,176,14,162,75,1,118,159,797.63,2026-06-15T08:00:00+08:00,2026-06-15T07:02:00+08:00
INV-0125-03,MAT-0125,WH-03,43,10,33,54,1,118,159,797.63,2026-05-31T08:00:00+08:00,2026-06-15T06:35:00+08:00
INV-0125-04,MAT-0125,WH-04,158,11,147,139,2,118,159,797.63,2026-06-06T08:00:00+08:00,2026-06-15T06:41:00+08:00
INV-0125-05,MAT-0125,WH-05,118,1,117,121,0,118,159,797.63,2026-05-27T08:00:00+08:00,2026-06-15T07:50:00+08:00
INV-0125-06,MAT-0125,WH-06,176,5,171,44,6,118,159,797.63,2026-05-23T08:00:00+08:00,2026-06-15T07:39:00+08:00
INV-0126-01,MAT-0126,WH-01,297,80,217,13,5,129,174,431.48,2026-06-03T08:00:00+08:00,2026-06-15T07:29:00+08:00
INV-0126-02,MAT-0126,WH-02,122,24,98,52,4,129,174,431.48,2026-05-20T08:00:00+08:00,2026-06-15T05:30:00+08:00
INV-0126-03,MAT-0126,WH-03,148,19,129,144,1,129,174,431.48,2026-06-14T08:00:00+08:00,2026-06-15T07:53:00+08:00
INV-0126-04,MAT-0126,WH-04,54,7,47,30,1,129,174,431.48,2026-05-24T08:00:00+08:00,2026-06-15T06:51:00+08:00
INV-0126-05,MAT-0126,WH-05,233,12,221,94,3,129,174,431.48,2026-06-08T08:00:00+08:00,2026-06-15T06:35:00+08:00
INV-0126-06,MAT-0126,WH-06,95,16,79,150,2,129,174,431.48,2026-06-14T08:00:00+08:00,2026-06-15T07:51:00+08:00
INV-0127-01,MAT-0127,WH-01,32,8,24,99,0,88,119,903.9,2026-05-31T08:00:00+08:00,2026-06-15T06:37:00+08:00
INV-0127-02,MAT-0127,WH-02,210,52,158,66,7,88,119,903.9,2026-06-09T08:00:00+08:00,2026-06-15T06:54:00+08:00
INV-0127-03,MAT-0127,WH-03,116,12,104,83,4,88,119,903.9,2026-06-03T08:00:00+08:00,2026-06-15T06:01:00+08:00
INV-0127-04,MAT-0127,WH-04,115,14,101,34,3,88,119,903.9,2026-05-29T08:00:00+08:00,2026-06-15T05:43:00+08:00
INV-0127-05,MAT-0127,WH-05,89,26,63,15,3,88,119,903.9,2026-05-30T08:00:00+08:00,2026-06-15T07:52:00+08:00
INV-0127-06,MAT-0127,WH-06,146,42,104,73,4,88,119,903.9,2026-06-01T08:00:00+08:00,2026-06-15T06:20:00+08:00
INV-0128-01,MAT-0128,WH-01,7281,1872,5409,2999,205,3850,5197,42.7,2026-06-03T08:00:00+08:00,2026-06-15T05:51:00+08:00
INV-0128-02,MAT-0128,WH-02,6451,1828,4623,184,18,3850,5197,42.7,2026-06-06T08:00:00+08:00,2026-06-15T05:01:00+08:00
INV-0128-03,MAT-0128,WH-03,9001,55,8946,3332,310,3850,5197,42.7,2026-05-30T08:00:00+08:00,2026-06-15T06:27:00+08:00
INV-0128-04,MAT-0128,WH-04,2991,433,2558,4141,43,3850,5197,42.7,2026-05-21T08:00:00+08:00,2026-06-15T05:09:00+08:00
INV-0128-05,MAT-0128,WH-05,4434,1459,2975,2414,41,3850,5197,42.7,2026-05-23T08:00:00+08:00,2026-06-15T06:54:00+08:00
INV-0128-06,MAT-0128,WH-06,7224,1579,5645,3713,30,3850,5197,42.7,2026-06-13T08:00:00+08:00,2026-06-15T07:51:00+08:00
INV-0129-01,MAT-0129,WH-01,1654,118,1536,1416,61,1311,1769,472.38,2026-05-20T08:00:00+08:00,2026-06-15T05:45:00+08:00
INV-0129-02,MAT-0129,WH-02,3021,618,2403,562,70,1311,1769,472.38,2026-06-02T08:00:00+08:00,2026-06-15T05:30:00+08:00
INV-0129-03,MAT-0129,WH-03,374,36,338,597,7,1311,1769,472.38,2026-06-03T08:00:00+08:00,2026-06-15T05:21:00+08:00
INV-0129-04,MAT-0129,WH-04,684,153,531,741,0,1311,1769,472.38,2026-06-07T08:00:00+08:00,2026-06-15T07:42:00+08:00
INV-0129-05,MAT-0129,WH-05,2116,482,1634,798,21,1311,1769,472.38,2026-06-14T08:00:00+08:00,2026-06-15T06:05:00+08:00
INV-0129-06,MAT-0129,WH-06,2048,700,1348,1369,69,1311,1769,472.38,2026-06-05T08:00:00+08:00,2026-06-15T05:22:00+08:00
INV-0130-01,MAT-0130,WH-01,750,107,643,402,26,469,633,507.15,2026-06-06T08:00:00+08:00,2026-06-15T05:46:00+08:00
INV-0130-02,MAT-0130,WH-02,567,63,504,260,21,469,633,507.15,2026-06-03T08:00:00+08:00,2026-06-15T07:26:00+08:00
INV-0130-03,MAT-0130,WH-03,518,161,357,130,12,469,633,507.15,2026-06-13T08:00:00+08:00,2026-06-15T05:45:00+08:00
INV-0130-04,MAT-0130,WH-04,263,42,221,432,6,469,633,507.15,2026-05-26T08:00:00+08:00,2026-06-15T07:49:00+08:00
INV-0130-05,MAT-0130,WH-05,109,28,81,392,2,469,633,507.15,2026-06-04T08:00:00+08:00,2026-06-15T07:20:00+08:00
INV-0130-06,MAT-0130,WH-06,556,56,500,345,21,469,633,507.15,2026-06-01T08:00:00+08:00,2026-06-15T06:05:00+08:00
INV-0131-01,MAT-0131,WH-01,1182,42,1140,23,45,1305,1761,492.45,2026-05-24T08:00:00+08:00,2026-06-15T06:05:00+08:00
INV-0131-02,MAT-0131,WH-02,2444,774,1670,1198,72,1305,1761,492.45,2026-05-18T08:00:00+08:00,2026-06-15T05:07:00+08:00
INV-0131-03,MAT-0131,WH-03,2269,410,1859,910,53,1305,1761,492.45,2026-05-21T08:00:00+08:00,2026-06-15T06:06:00+08:00
INV-0131-04,MAT-0131,WH-04,2756,639,2117,796,82,1305,1761,492.45,2026-05-29T08:00:00+08:00,2026-06-15T05:49:00+08:00
INV-0131-05,MAT-0131,WH-05,2875,628,2247,1335,15,1305,1761,492.45,2026-05-20T08:00:00+08:00,2026-06-15T07:08:00+08:00
INV-0131-06,MAT-0131,WH-06,967,272,695,259,36,1305,1761,492.45,2026-05-27T08:00:00+08:00,2026-06-15T06:14:00+08:00
INV-0132-01,MAT-0132,WH-01,757,80,677,285,14,450,607,39.22,2026-05-28T08:00:00+08:00,2026-06-15T07:36:00+08:00
INV-0132-02,MAT-0132,WH-02,1036,16,1020,313,21,450,607,39.22,2026-06-11T08:00:00+08:00,2026-06-15T05:12:00+08:00
INV-0132-03,MAT-0132,WH-03,350,105,245,190,9,450,607,39.22,2026-06-08T08:00:00+08:00,2026-06-15T06:05:00+08:00
INV-0132-04,MAT-0132,WH-04,581,193,388,287,1,450,607,39.22,2026-05-18T08:00:00+08:00,2026-06-15T05:38:00+08:00
INV-0132-05,MAT-0132,WH-05,165,52,113,518,6,450,607,39.22,2026-05-26T08:00:00+08:00,2026-06-15T07:38:00+08:00
INV-0132-06,MAT-0132,WH-06,282,35,247,125,10,450,607,39.22,2026-05-17T08:00:00+08:00,2026-06-15T06:47:00+08:00
INV-0133-01,MAT-0133,WH-01,398,47,351,258,10,570,769,46.05,2026-06-13T08:00:00+08:00,2026-06-15T05:01:00+08:00
INV-0133-02,MAT-0133,WH-02,920,32,888,403,12,570,769,46.05,2026-05-28T08:00:00+08:00,2026-06-15T07:29:00+08:00
INV-0133-03,MAT-0133,WH-03,1129,235,894,157,8,570,769,46.05,2026-05-27T08:00:00+08:00,2026-06-15T05:07:00+08:00
INV-0133-04,MAT-0133,WH-04,609,130,479,398,7,570,769,46.05,2026-06-08T08:00:00+08:00,2026-06-15T06:32:00+08:00
INV-0133-05,MAT-0133,WH-05,941,288,653,98,13,570,769,46.05,2026-06-15T08:00:00+08:00,2026-06-15T06:37:00+08:00
INV-0133-06,MAT-0133,WH-06,1195,71,1124,659,15,570,769,46.05,2026-06-06T08:00:00+08:00,2026-06-15T05:49:00+08:00
INV-0134-01,MAT-0134,WH-01,1504,80,1424,661,44,757,1022,209.34,2026-05-22T08:00:00+08:00,2026-06-15T07:51:00+08:00
INV-0134-02,MAT-0134,WH-02,648,37,611,512,25,757,1022,209.34,2026-05-30T08:00:00+08:00,2026-06-15T06:36:00+08:00
INV-0134-03,MAT-0134,WH-03,790,257,533,344,22,757,1022,209.34,2026-06-07T08:00:00+08:00,2026-06-15T05:10:00+08:00
INV-0134-04,MAT-0134,WH-04,1710,555,1155,61,4,757,1022,209.34,2026-05-30T08:00:00+08:00,2026-06-15T05:13:00+08:00
INV-0134-05,MAT-0134,WH-05,1202,16,1186,639,1,757,1022,209.34,2026-06-15T08:00:00+08:00,2026-06-15T07:27:00+08:00
INV-0134-06,MAT-0134,WH-06,1521,156,1365,371,32,757,1022,209.34,2026-06-13T08:00:00+08:00,2026-06-15T07:34:00+08:00
INV-0135-01,MAT-0135,WH-01,539,9,530,412,2,437,590,33.28,2026-06-06T08:00:00+08:00,2026-06-15T05:35:00+08:00
INV-0135-02,MAT-0135,WH-02,615,165,450,132,22,437,590,33.28,2026-06-07T08:00:00+08:00,2026-06-15T07:56:00+08:00
INV-0135-03,MAT-0135,WH-03,1044,286,758,258,9,437,590,33.28,2026-05-29T08:00:00+08:00,2026-06-15T05:03:00+08:00
INV-0135-04,MAT-0135,WH-04,87,2,85,447,1,437,590,33.28,2026-05-20T08:00:00+08:00,2026-06-15T05:53:00+08:00
INV-0135-05,MAT-0135,WH-05,1012,66,946,142,17,437,590,33.28,2026-05-20T08:00:00+08:00,2026-06-15T07:48:00+08:00
INV-0135-06,MAT-0135,WH-06,765,153,612,17,27,437,590,33.28,2026-05-16T08:00:00+08:00,2026-06-15T06:27:00+08:00
INV-0136-01,MAT-0136,WH-01,1374,4,1370,693,34,1152,1555,690.84,2026-05-16T08:00:00+08:00,2026-06-15T07:49:00+08:00
INV-0136-02,MAT-0136,WH-02,1420,209,1211,1338,47,1152,1555,690.84,2026-06-03T08:00:00+08:00,2026-06-15T07:44:00+08:00
INV-0136-03,MAT-0136,WH-03,559,133,426,175,3,1152,1555,690.84,2026-05-17T08:00:00+08:00,2026-06-15T06:09:00+08:00
INV-0136-04,MAT-0136,WH-04,744,107,637,263,20,1152,1555,690.84,2026-05-22T08:00:00+08:00,2026-06-15T06:24:00+08:00
INV-0136-05,MAT-0136,WH-05,1846,523,1323,47,54,1152,1555,690.84,2026-05-22T08:00:00+08:00,2026-06-15T07:53:00+08:00
INV-0136-06,MAT-0136,WH-06,2297,209,2088,91,4,1152,1555,690.84,2026-06-04T08:00:00+08:00,2026-06-15T05:46:00+08:00
INV-0137-01,MAT-0137,WH-01,45,1,44,12,0,80,108,993.56,2026-05-25T08:00:00+08:00,2026-06-15T06:31:00+08:00
INV-0137-02,MAT-0137,WH-02,176,60,116,67,6,80,108,993.56,2026-06-05T08:00:00+08:00,2026-06-15T07:59:00+08:00
INV-0137-03,MAT-0137,WH-03,185,39,146,62,6,80,108,993.56,2026-05-26T08:00:00+08:00,2026-06-15T05:45:00+08:00
INV-0137-04,MAT-0137,WH-04,119,40,79,41,2,80,108,993.56,2026-05-27T08:00:00+08:00,2026-06-15T07:13:00+08:00
INV-0137-05,MAT-0137,WH-05,125,16,109,50,3,80,108,993.56,2026-06-08T08:00:00+08:00,2026-06-15T06:18:00+08:00
INV-0137-06,MAT-0137,WH-06,76,20,56,8,2,80,108,993.56,2026-05-17T08:00:00+08:00,2026-06-15T05:37:00+08:00
INV-0138-01,MAT-0138,WH-01,967,66,901,175,35,525,708,153.6,2026-06-04T08:00:00+08:00,2026-06-15T05:22:00+08:00
INV-0138-02,MAT-0138,WH-02,409,105,304,72,4,525,708,153.6,2026-06-11T08:00:00+08:00,2026-06-15T06:46:00+08:00
INV-0138-03,MAT-0138,WH-03,351,20,331,349,4,525,708,153.6,2026-05-25T08:00:00+08:00,2026-06-15T07:09:00+08:00
INV-0138-04,MAT-0138,WH-04,947,286,661,112,34,525,708,153.6,2026-05-25T08:00:00+08:00,2026-06-15T05:31:00+08:00
INV-0138-05,MAT-0138,WH-05,325,106,219,415,2,525,708,153.6,2026-05-21T08:00:00+08:00,2026-06-15T06:34:00+08:00
INV-0138-06,MAT-0138,WH-06,1083,137,946,443,7,525,708,153.6,2026-06-06T08:00:00+08:00,2026-06-15T05:57:00+08:00
INV-0139-01,MAT-0139,WH-01,2149,229,1920,1051,26,993,1340,194.88,2026-05-17T08:00:00+08:00,2026-06-15T07:47:00+08:00
INV-0139-02,MAT-0139,WH-02,2209,277,1932,1112,54,993,1340,194.88,2026-06-03T08:00:00+08:00,2026-06-15T07:31:00+08:00
INV-0139-03,MAT-0139,WH-03,669,135,534,980,11,993,1340,194.88,2026-06-13T08:00:00+08:00,2026-06-15T07:19:00+08:00
INV-0139-04,MAT-0139,WH-04,348,112,236,469,2,993,1340,194.88,2026-06-07T08:00:00+08:00,2026-06-15T05:54:00+08:00
INV-0139-05,MAT-0139,WH-05,1519,75,1444,883,25,993,1340,194.88,2026-06-11T08:00:00+08:00,2026-06-15T07:52:00+08:00
INV-0139-06,MAT-0139,WH-06,2022,567,1455,703,53,993,1340,194.88,2026-06-15T08:00:00+08:00,2026-06-15T06:46:00+08:00
INV-0140-01,MAT-0140,WH-01,975,98,877,176,36,634,856,145.41,2026-05-31T08:00:00+08:00,2026-06-15T07:06:00+08:00
INV-0140-02,MAT-0140,WH-02,1410,472,938,707,42,634,856,145.41,2026-06-04T08:00:00+08:00,2026-06-15T05:00:00+08:00
INV-0140-03,MAT-0140,WH-03,401,27,374,700,9,634,856,145.41,2026-05-31T08:00:00+08:00,2026-06-15T07:33:00+08:00
INV-0140-04,MAT-0140,WH-04,1076,88,988,333,40,634,856,145.41,2026-06-05T08:00:00+08:00,2026-06-15T07:34:00+08:00
INV-0140-05,MAT-0140,WH-05,882,208,674,18,9,634,856,145.41,2026-06-12T08:00:00+08:00,2026-06-15T06:46:00+08:00
INV-0140-06,MAT-0140,WH-06,190,9,181,459,6,634,856,145.41,2026-05-31T08:00:00+08:00,2026-06-15T06:19:00+08:00
INV-0141-01,MAT-0141,WH-01,563,37,526,72,12,300,405,199.43,2026-05-28T08:00:00+08:00,2026-06-15T06:04:00+08:00
INV-0141-02,MAT-0141,WH-02,111,17,94,314,2,300,405,199.43,2026-06-07T08:00:00+08:00,2026-06-15T05:37:00+08:00
INV-0141-03,MAT-0141,WH-03,642,47,595,179,19,300,405,199.43,2026-05-27T08:00:00+08:00,2026-06-15T06:44:00+08:00
INV-0141-04,MAT-0141,WH-04,226,33,193,309,7,300,405,199.43,2026-06-05T08:00:00+08:00,2026-06-15T07:19:00+08:00
INV-0141-05,MAT-0141,WH-05,541,157,384,143,19,300,405,199.43,2026-05-30T08:00:00+08:00,2026-06-15T07:15:00+08:00
INV-0141-06,MAT-0141,WH-06,210,24,186,141,2,300,405,199.43,2026-05-27T08:00:00+08:00,2026-06-15T07:07:00+08:00
INV-0142-01,MAT-0142,WH-01,583,78,505,412,8,459,619,388.32,2026-05-27T08:00:00+08:00,2026-06-15T05:09:00+08:00
INV-0142-02,MAT-0142,WH-02,343,71,272,152,4,459,619,388.32,2026-05-17T08:00:00+08:00,2026-06-15T06:28:00+08:00
INV-0142-03,MAT-0142,WH-03,473,50,423,122,3,459,619,388.32,2026-06-03T08:00:00+08:00,2026-06-15T05:50:00+08:00
INV-0142-04,MAT-0142,WH-04,954,119,835,311,3,459,619,388.32,2026-06-09T08:00:00+08:00,2026-06-15T07:15:00+08:00
INV-0142-05,MAT-0142,WH-05,315,54,261,101,9,459,619,388.32,2026-06-14T08:00:00+08:00,2026-06-15T07:19:00+08:00
INV-0142-06,MAT-0142,WH-06,506,84,422,404,18,459,619,388.32,2026-06-07T08:00:00+08:00,2026-06-15T06:36:00+08:00
INV-0143-01,MAT-0143,WH-01,397,11,386,329,13,564,761,930.89,2026-05-25T08:00:00+08:00,2026-06-15T05:23:00+08:00
INV-0143-02,MAT-0143,WH-02,683,163,520,654,19,564,761,930.89,2026-06-12T08:00:00+08:00,2026-06-15T05:58:00+08:00
INV-0143-03,MAT-0143,WH-03,1094,36,1058,88,30,564,761,930.89,2026-06-12T08:00:00+08:00,2026-06-15T07:28:00+08:00
INV-0143-04,MAT-0143,WH-04,436,51,385,327,5,564,761,930.89,2026-05-17T08:00:00+08:00,2026-06-15T06:52:00+08:00
INV-0143-05,MAT-0143,WH-05,829,13,816,69,23,564,761,930.89,2026-06-08T08:00:00+08:00,2026-06-15T06:21:00+08:00
INV-0143-06,MAT-0143,WH-06,501,45,456,652,17,564,761,930.89,2026-05-26T08:00:00+08:00,2026-06-15T06:25:00+08:00
INV-0144-01,MAT-0144,WH-01,325,100,225,257,6,220,297,11.29,2026-06-05T08:00:00+08:00,2026-06-15T07:03:00+08:00
INV-0144-02,MAT-0144,WH-02,229,14,215,62,4,220,297,11.29,2026-06-01T08:00:00+08:00,2026-06-15T06:16:00+08:00
INV-0144-03,MAT-0144,WH-03,524,131,393,213,2,220,297,11.29,2026-06-08T08:00:00+08:00,2026-06-15T07:50:00+08:00
INV-0144-04,MAT-0144,WH-04,67,22,45,163,1,220,297,11.29,2026-05-24T08:00:00+08:00,2026-06-15T06:50:00+08:00
INV-0144-05,MAT-0144,WH-05,280,92,188,81,0,220,297,11.29,2026-06-02T08:00:00+08:00,2026-06-15T05:04:00+08:00
INV-0144-06,MAT-0144,WH-06,81,8,73,115,2,220,297,11.29,2026-06-11T08:00:00+08:00,2026-06-15T06:37:00+08:00
INV-0145-01,MAT-0145,WH-01,753,41,712,68,26,557,752,89.41,2026-06-13T08:00:00+08:00,2026-06-15T05:31:00+08:00
INV-0145-02,MAT-0145,WH-02,478,27,451,212,8,557,752,89.41,2026-06-06T08:00:00+08:00,2026-06-15T05:25:00+08:00
INV-0145-03,MAT-0145,WH-03,318,44,274,83,8,557,752,89.41,2026-05-19T08:00:00+08:00,2026-06-15T07:35:00+08:00
INV-0145-04,MAT-0145,WH-04,1143,369,774,618,43,557,752,89.41,2026-05-19T08:00:00+08:00,2026-06-15T06:11:00+08:00
INV-0145-05,MAT-0145,WH-05,1233,258,975,618,8,557,752,89.41,2026-06-01T08:00:00+08:00,2026-06-15T07:39:00+08:00
INV-0145-06,MAT-0145,WH-06,565,158,407,517,1,557,752,89.41,2026-05-29T08:00:00+08:00,2026-06-15T06:28:00+08:00
INV-0146-01,MAT-0146,WH-01,680,9,671,997,25,1180,1593,506.1,2026-06-04T08:00:00+08:00,2026-06-15T07:00:00+08:00
INV-0146-02,MAT-0146,WH-02,765,115,650,710,25,1180,1593,506.1,2026-06-15T08:00:00+08:00,2026-06-15T05:08:00+08:00
INV-0146-03,MAT-0146,WH-03,1278,7,1271,132,15,1180,1593,506.1,2026-06-07T08:00:00+08:00,2026-06-15T05:20:00+08:00
INV-0146-04,MAT-0146,WH-04,2792,533,2259,985,76,1180,1593,506.1,2026-05-22T08:00:00+08:00,2026-06-15T05:52:00+08:00
INV-0146-05,MAT-0146,WH-05,2047,293,1754,68,72,1180,1593,506.1,2026-06-11T08:00:00+08:00,2026-06-15T06:08:00+08:00
INV-0146-06,MAT-0146,WH-06,741,34,707,1389,0,1180,1593,506.1,2026-05-22T08:00:00+08:00,2026-06-15T05:50:00+08:00
INV-0147-01,MAT-0147,WH-01,394,7,387,67,0,382,516,515.21,2026-05-21T08:00:00+08:00,2026-06-15T05:16:00+08:00
INV-0147-02,MAT-0147,WH-02,567,126,441,194,4,382,516,515.21,2026-05-25T08:00:00+08:00,2026-06-15T06:25:00+08:00
INV-0147-03,MAT-0147,WH-03,631,152,479,364,18,382,516,515.21,2026-05-16T08:00:00+08:00,2026-06-15T06:24:00+08:00
INV-0147-04,MAT-0147,WH-04,806,98,708,199,21,382,516,515.21,2026-06-07T08:00:00+08:00,2026-06-15T06:33:00+08:00
INV-0147-05,MAT-0147,WH-05,611,23,588,107,17,382,516,515.21,2026-05-25T08:00:00+08:00,2026-06-15T06:13:00+08:00
INV-0147-06,MAT-0147,WH-06,185,31,154,37,1,382,516,515.21,2026-06-15T08:00:00+08:00,2026-06-15T05:50:00+08:00
INV-0148-01,MAT-0148,WH-01,359,55,304,409,9,733,990,6.48,2026-05-26T08:00:00+08:00,2026-06-15T07:07:00+08:00
INV-0148-02,MAT-0148,WH-02,540,39,501,596,9,733,990,6.48,2026-05-26T08:00:00+08:00,2026-06-15T07:38:00+08:00
INV-0148-03,MAT-0148,WH-03,1084,221,863,596,8,733,990,6.48,2026-05-30T08:00:00+08:00,2026-06-15T06:40:00+08:00
INV-0148-04,MAT-0148,WH-04,490,40,450,260,13,733,990,6.48,2026-06-01T08:00:00+08:00,2026-06-15T06:54:00+08:00
INV-0148-05,MAT-0148,WH-05,1341,332,1009,411,43,733,990,6.48,2026-06-06T08:00:00+08:00,2026-06-15T05:14:00+08:00
INV-0148-06,MAT-0148,WH-06,797,91,706,100,17,733,990,6.48,2026-05-17T08:00:00+08:00,2026-06-15T06:58:00+08:00
INV-0149-01,MAT-0149,WH-01,107,11,96,66,4,82,111,175.18,2026-05-24T08:00:00+08:00,2026-06-15T07:24:00+08:00
INV-0149-02,MAT-0149,WH-02,21,1,20,9,0,82,111,175.18,2026-05-21T08:00:00+08:00,2026-06-15T07:28:00+08:00
INV-0149-03,MAT-0149,WH-03,166,7,159,47,0,82,111,175.18,2026-06-07T08:00:00+08:00,2026-06-15T07:16:00+08:00
INV-0149-04,MAT-0149,WH-04,123,15,108,57,1,82,111,175.18,2026-05-26T08:00:00+08:00,2026-06-15T06:41:00+08:00
INV-0149-05,MAT-0149,WH-05,190,44,146,57,3,82,111,175.18,2026-05-24T08:00:00+08:00,2026-06-15T07:49:00+08:00
INV-0149-06,MAT-0149,WH-06,115,29,86,64,1,82,111,175.18,2026-05-17T08:00:00+08:00,2026-06-15T06:01:00+08:00
INV-0150-01,MAT-0150,WH-01,1196,74,1122,1023,22,1153,1557,13.48,2026-05-28T08:00:00+08:00,2026-06-15T07:21:00+08:00
INV-0150-02,MAT-0150,WH-02,2697,777,1920,97,71,1153,1557,13.48,2026-06-06T08:00:00+08:00,2026-06-15T07:32:00+08:00
INV-0150-03,MAT-0150,WH-03,1067,269,798,606,1,1153,1557,13.48,2026-05-26T08:00:00+08:00,2026-06-15T05:39:00+08:00
INV-0150-04,MAT-0150,WH-04,799,231,568,907,14,1153,1557,13.48,2026-05-21T08:00:00+08:00,2026-06-15T06:30:00+08:00
INV-0150-05,MAT-0150,WH-05,2087,671,1416,997,29,1153,1557,13.48,2026-06-11T08:00:00+08:00,2026-06-15T06:19:00+08:00
INV-0150-06,MAT-0150,WH-06,288,65,223,503,8,1153,1557,13.48,2026-06-15T08:00:00+08:00,2026-06-15T06:39:00+08:00
INV-0151-01,MAT-0151,WH-01,467,1,466,94,1,260,352,135.38,2026-06-06T08:00:00+08:00,2026-06-15T06:25:00+08:00
INV-0151-02,MAT-0151,WH-02,205,68,137,293,6,260,352,135.38,2026-05-17T08:00:00+08:00,2026-06-15T07:11:00+08:00
INV-0151-03,MAT-0151,WH-03,127,43,84,282,0,260,352,135.38,2026-06-11T08:00:00+08:00,2026-06-15T07:14:00+08:00
INV-0151-04,MAT-0151,WH-04,377,95,282,112,8,260,352,135.38,2026-05-26T08:00:00+08:00,2026-06-15T05:41:00+08:00
INV-0151-05,MAT-0151,WH-05,265,46,219,143,10,260,352,135.38,2026-06-08T08:00:00+08:00,2026-06-15T07:12:00+08:00
INV-0151-06,MAT-0151,WH-06,581,25,556,121,5,260,352,135.38,2026-06-01T08:00:00+08:00,2026-06-15T06:30:00+08:00
INV-0152-01,MAT-0152,WH-01,771,2,769,380,23,615,830,524.83,2026-05-22T08:00:00+08:00,2026-06-15T06:52:00+08:00
INV-0152-02,MAT-0152,WH-02,634,174,460,219,17,615,830,524.83,2026-05-16T08:00:00+08:00,2026-06-15T07:06:00+08:00
INV-0152-03,MAT-0152,WH-03,131,4,127,673,0,615,830,524.83,2026-06-02T08:00:00+08:00,2026-06-15T07:07:00+08:00
INV-0152-04,MAT-0152,WH-04,532,81,451,423,20,615,830,524.83,2026-05-30T08:00:00+08:00,2026-06-15T06:17:00+08:00
INV-0152-05,MAT-0152,WH-05,1065,263,802,261,36,615,830,524.83,2026-06-05T08:00:00+08:00,2026-06-15T07:39:00+08:00
INV-0152-06,MAT-0152,WH-06,1073,161,912,635,13,615,830,524.83,2026-06-10T08:00:00+08:00,2026-06-15T05:04:00+08:00
INV-0153-01,MAT-0153,WH-01,945,61,884,25,15,429,579,308.49,2026-05-29T08:00:00+08:00,2026-06-15T06:53:00+08:00
INV-0153-02,MAT-0153,WH-02,256,65,191,78,4,429,579,308.49,2026-05-28T08:00:00+08:00,2026-06-15T06:44:00+08:00
INV-0153-03,MAT-0153,WH-03,155,11,144,6,1,429,579,308.49,2026-06-03T08:00:00+08:00,2026-06-15T06:43:00+08:00
INV-0153-04,MAT-0153,WH-04,671,74,597,417,11,429,579,308.49,2026-05-18T08:00:00+08:00,2026-06-15T06:53:00+08:00
INV-0153-05,MAT-0153,WH-05,619,86,533,445,7,429,579,308.49,2026-05-25T08:00:00+08:00,2026-06-15T05:22:00+08:00
INV-0153-06,MAT-0153,WH-06,546,119,427,328,2,429,579,308.49,2026-05-30T08:00:00+08:00,2026-06-15T06:41:00+08:00
INV-0154-01,MAT-0154,WH-01,481,122,359,196,2,569,768,85.69,2026-05-27T08:00:00+08:00,2026-06-15T07:22:00+08:00
INV-0154-02,MAT-0154,WH-02,417,83,334,501,8,569,768,85.69,2026-05-21T08:00:00+08:00,2026-06-15T07:38:00+08:00
INV-0154-03,MAT-0154,WH-03,778,75,703,361,19,569,768,85.69,2026-05-27T08:00:00+08:00,2026-06-15T05:05:00+08:00
INV-0154-04,MAT-0154,WH-04,955,205,750,462,14,569,768,85.69,2026-06-08T08:00:00+08:00,2026-06-15T06:03:00+08:00
INV-0154-05,MAT-0154,WH-05,290,73,217,514,0,569,768,85.69,2026-05-20T08:00:00+08:00,2026-06-15T07:27:00+08:00
INV-0154-06,MAT-0154,WH-06,1069,206,863,81,18,569,768,85.69,2026-05-23T08:00:00+08:00,2026-06-15T05:12:00+08:00
INV-0155-01,MAT-0155,WH-01,245,25,220,334,6,401,542,101.07,2026-06-03T08:00:00+08:00,2026-06-15T05:40:00+08:00
INV-0155-02,MAT-0155,WH-02,671,228,443,334,18,401,542,101.07,2026-05-30T08:00:00+08:00,2026-06-15T07:29:00+08:00
INV-0155-03,MAT-0155,WH-03,900,206,694,13,13,401,542,101.07,2026-06-11T08:00:00+08:00,2026-06-15T07:10:00+08:00
INV-0155-04,MAT-0155,WH-04,111,22,89,406,0,401,542,101.07,2026-05-26T08:00:00+08:00,2026-06-15T05:15:00+08:00
INV-0155-05,MAT-0155,WH-05,394,89,305,109,12,401,542,101.07,2026-06-14T08:00:00+08:00,2026-06-15T06:34:00+08:00
INV-0155-06,MAT-0155,WH-06,628,98,530,349,10,401,542,101.07,2026-05-16T08:00:00+08:00,2026-06-15T06:11:00+08:00
INV-0156-01,MAT-0156,WH-01,5271,132,5139,195,150,2431,3282,16.48,2026-05-28T08:00:00+08:00,2026-06-15T07:43:00+08:00
INV-0156-02,MAT-0156,WH-02,2394,158,2236,2678,89,2431,3282,16.48,2026-05-30T08:00:00+08:00,2026-06-15T06:17:00+08:00
INV-0156-03,MAT-0156,WH-03,585,1,584,556,8,2431,3282,16.48,2026-06-10T08:00:00+08:00,2026-06-15T06:24:00+08:00
INV-0156-04,MAT-0156,WH-04,1104,187,917,623,30,2431,3282,16.48,2026-06-12T08:00:00+08:00,2026-06-15T07:17:00+08:00
INV-0156-05,MAT-0156,WH-05,5563,260,5303,331,163,2431,3282,16.48,2026-06-13T08:00:00+08:00,2026-06-15T06:45:00+08:00
INV-0156-06,MAT-0156,WH-06,3745,713,3032,1360,83,2431,3282,16.48,2026-06-09T08:00:00+08:00,2026-06-15T06:42:00+08:00
INV-0157-01,MAT-0157,WH-01,240,55,185,109,3,268,362,191.18,2026-06-13T08:00:00+08:00,2026-06-15T05:38:00+08:00
INV-0157-02,MAT-0157,WH-02,102,29,73,253,3,268,362,191.18,2026-05-17T08:00:00+08:00,2026-06-15T08:00:00+08:00
INV-0157-03,MAT-0157,WH-03,228,3,225,203,2,268,362,191.18,2026-06-04T08:00:00+08:00,2026-06-15T06:16:00+08:00
INV-0157-04,MAT-0157,WH-04,225,33,192,88,0,268,362,191.18,2026-05-24T08:00:00+08:00,2026-06-15T05:20:00+08:00
INV-0157-05,MAT-0157,WH-05,248,53,195,309,1,268,362,191.18,2026-06-11T08:00:00+08:00,2026-06-15T07:38:00+08:00
INV-0157-06,MAT-0157,WH-06,260,29,231,257,7,268,362,191.18,2026-06-06T08:00:00+08:00,2026-06-15T07:37:00+08:00
INV-0158-01,MAT-0158,WH-01,178,51,127,333,6,609,822,36.67,2026-06-03T08:00:00+08:00,2026-06-15T05:09:00+08:00
INV-0158-02,MAT-0158,WH-02,1092,82,1010,334,4,609,822,36.67,2026-06-08T08:00:00+08:00,2026-06-15T07:33:00+08:00
INV-0158-03,MAT-0158,WH-03,1085,203,882,32,2,609,822,36.67,2026-06-13T08:00:00+08:00,2026-06-15T07:38:00+08:00
INV-0158-04,MAT-0158,WH-04,422,124,298,270,9,609,822,36.67,2026-06-01T08:00:00+08:00,2026-06-15T06:40:00+08:00
INV-0158-05,MAT-0158,WH-05,741,124,617,435,15,609,822,36.67,2026-06-13T08:00:00+08:00,2026-06-15T05:37:00+08:00
INV-0158-06,MAT-0158,WH-06,1456,301,1155,211,47,609,822,36.67,2026-05-17T08:00:00+08:00,2026-06-15T05:46:00+08:00
INV-0159-01,MAT-0159,WH-01,1607,286,1321,443,33,1164,1571,14.62,2026-06-08T08:00:00+08:00,2026-06-15T07:30:00+08:00
INV-0159-02,MAT-0159,WH-02,2699,123,2576,408,84,1164,1571,14.62,2026-05-24T08:00:00+08:00,2026-06-15T07:31:00+08:00
INV-0159-03,MAT-0159,WH-03,1813,373,1440,1311,30,1164,1571,14.62,2026-05-21T08:00:00+08:00,2026-06-15T07:49:00+08:00
INV-0159-04,MAT-0159,WH-04,2249,43,2206,1034,32,1164,1571,14.62,2026-05-17T08:00:00+08:00,2026-06-15T05:39:00+08:00
INV-0159-05,MAT-0159,WH-05,311,66,245,1279,6,1164,1571,14.62,2026-06-14T08:00:00+08:00,2026-06-15T06:03:00+08:00
INV-0159-06,MAT-0159,WH-06,1265,147,1118,1144,49,1164,1571,14.62,2026-05-30T08:00:00+08:00,2026-06-15T07:49:00+08:00
INV-0160-01,MAT-0160,WH-01,417,56,361,216,9,205,277,299.36,2026-05-28T08:00:00+08:00,2026-06-15T07:58:00+08:00
INV-0160-02,MAT-0160,WH-02,268,84,184,224,4,205,277,299.36,2026-05-20T08:00:00+08:00,2026-06-15T06:43:00+08:00
INV-0160-03,MAT-0160,WH-03,160,48,112,37,0,205,277,299.36,2026-05-30T08:00:00+08:00,2026-06-15T06:54:00+08:00
INV-0160-04,MAT-0160,WH-04,325,99,226,72,12,205,277,299.36,2026-06-15T08:00:00+08:00,2026-06-15T05:22:00+08:00
INV-0160-05,MAT-0160,WH-05,48,13,35,12,0,205,277,299.36,2026-05-27T08:00:00+08:00,2026-06-15T05:50:00+08:00
INV-0160-06,MAT-0160,WH-06,322,3,319,149,6,205,277,299.36,2026-05-24T08:00:00+08:00,2026-06-15T07:55:00+08:00
INV-0161-01,MAT-0161,WH-01,1982,473,1509,1022,42,1308,1765,433.3,2026-06-13T08:00:00+08:00,2026-06-15T05:55:00+08:00
INV-0161-02,MAT-0161,WH-02,502,50,452,35,5,1308,1765,433.3,2026-06-12T08:00:00+08:00,2026-06-15T05:21:00+08:00
INV-0161-03,MAT-0161,WH-03,2686,856,1830,200,14,1308,1765,433.3,2026-06-02T08:00:00+08:00,2026-06-15T07:58:00+08:00
INV-0161-04,MAT-0161,WH-04,1075,288,787,1208,25,1308,1765,433.3,2026-05-22T08:00:00+08:00,2026-06-15T06:10:00+08:00
INV-0161-05,MAT-0161,WH-05,1917,636,1281,545,69,1308,1765,433.3,2026-05-31T08:00:00+08:00,2026-06-15T06:11:00+08:00
INV-0161-06,MAT-0161,WH-06,552,167,385,226,13,1308,1765,433.3,2026-06-14T08:00:00+08:00,2026-06-15T06:34:00+08:00
INV-0162-01,MAT-0162,WH-01,1512,271,1241,315,5,864,1166,41.94,2026-05-25T08:00:00+08:00,2026-06-15T06:30:00+08:00
INV-0162-02,MAT-0162,WH-02,1895,226,1669,586,11,864,1166,41.94,2026-06-06T08:00:00+08:00,2026-06-15T07:47:00+08:00
INV-0162-03,MAT-0162,WH-03,604,183,421,737,18,864,1166,41.94,2026-05-31T08:00:00+08:00,2026-06-15T05:34:00+08:00
INV-0162-04,MAT-0162,WH-04,194,41,153,521,3,864,1166,41.94,2026-05-18T08:00:00+08:00,2026-06-15T05:26:00+08:00
INV-0162-05,MAT-0162,WH-05,1970,513,1457,213,49,864,1166,41.94,2026-05-29T08:00:00+08:00,2026-06-15T06:14:00+08:00
INV-0162-06,MAT-0162,WH-06,2023,580,1443,683,50,864,1166,41.94,2026-06-09T08:00:00+08:00,2026-06-15T07:19:00+08:00
INV-0163-01,MAT-0163,WH-01,20,5,15,68,0,72,97,462.4,2026-06-12T08:00:00+08:00,2026-06-15T05:03:00+08:00
INV-0163-02,MAT-0163,WH-02,73,7,66,73,2,72,97,462.4,2026-06-10T08:00:00+08:00,2026-06-15T07:00:00+08:00
INV-0163-03,MAT-0163,WH-03,58,9,49,16,1,72,97,462.4,2026-06-05T08:00:00+08:00,2026-06-15T05:57:00+08:00
INV-0163-04,MAT-0163,WH-04,127,29,98,6,2,72,97,462.4,2026-06-07T08:00:00+08:00,2026-06-15T07:01:00+08:00
INV-0163-05,MAT-0163,WH-05,39,1,38,5,1,72,97,462.4,2026-05-26T08:00:00+08:00,2026-06-15T05:13:00+08:00
INV-0163-06,MAT-0163,WH-06,119,38,81,48,3,72,97,462.4,2026-05-30T08:00:00+08:00,2026-06-15T06:59:00+08:00
INV-0164-01,MAT-0164,WH-01,633,84,549,10,7,619,836,609.94,2026-05-28T08:00:00+08:00,2026-06-15T07:32:00+08:00
INV-0164-02,MAT-0164,WH-02,480,111,369,575,15,619,836,609.94,2026-05-27T08:00:00+08:00,2026-06-15T07:31:00+08:00
INV-0164-03,MAT-0164,WH-03,433,117,316,494,9,619,836,609.94,2026-05-21T08:00:00+08:00,2026-06-15T05:29:00+08:00
INV-0164-04,MAT-0164,WH-04,970,236,734,218,19,619,836,609.94,2026-06-07T08:00:00+08:00,2026-06-15T07:00:00+08:00
INV-0164-05,MAT-0164,WH-05,1036,155,881,142,20,619,836,609.94,2026-05-29T08:00:00+08:00,2026-06-15T06:55:00+08:00
INV-0164-06,MAT-0164,WH-06,802,24,778,454,21,619,836,609.94,2026-06-14T08:00:00+08:00,2026-06-15T07:12:00+08:00
INV-0165-01,MAT-0165,WH-01,853,38,815,236,32,777,1048,317.87,2026-06-15T08:00:00+08:00,2026-06-15T06:38:00+08:00
INV-0165-02,MAT-0165,WH-02,434,74,360,205,14,777,1048,317.87,2026-06-12T08:00:00+08:00,2026-06-15T05:57:00+08:00
INV-0165-03,MAT-0165,WH-03,1192,414,778,838,27,777,1048,317.87,2026-06-13T08:00:00+08:00,2026-06-15T05:54:00+08:00
INV-0165-04,MAT-0165,WH-04,1227,382,845,811,2,777,1048,317.87,2026-05-29T08:00:00+08:00,2026-06-15T05:18:00+08:00
INV-0165-05,MAT-0165,WH-05,1848,118,1730,134,1,777,1048,317.87,2026-06-03T08:00:00+08:00,2026-06-15T05:02:00+08:00
INV-0165-06,MAT-0165,WH-06,162,10,152,842,5,777,1048,317.87,2026-05-16T08:00:00+08:00,2026-06-15T07:22:00+08:00
INV-0166-01,MAT-0166,WH-01,927,50,877,168,36,550,743,582.18,2026-06-07T08:00:00+08:00,2026-06-15T05:14:00+08:00
INV-0166-02,MAT-0166,WH-02,223,43,180,434,7,550,743,582.18,2026-05-23T08:00:00+08:00,2026-06-15T05:22:00+08:00
INV-0166-03,MAT-0166,WH-03,141,36,105,323,2,550,743,582.18,2026-06-02T08:00:00+08:00,2026-06-15T06:53:00+08:00
INV-0166-04,MAT-0166,WH-04,693,78,615,169,3,550,743,582.18,2026-06-05T08:00:00+08:00,2026-06-15T05:29:00+08:00
INV-0166-05,MAT-0166,WH-05,1201,98,1103,185,1,550,743,582.18,2026-06-11T08:00:00+08:00,2026-06-15T06:17:00+08:00
INV-0166-06,MAT-0166,WH-06,272,18,254,269,3,550,743,582.18,2026-06-03T08:00:00+08:00,2026-06-15T06:09:00+08:00
INV-0167-01,MAT-0167,WH-01,2899,692,2207,1379,4,1493,2016,86.62,2026-06-02T08:00:00+08:00,2026-06-15T05:49:00+08:00
INV-0167-02,MAT-0167,WH-02,3359,1108,2251,737,89,1493,2016,86.62,2026-06-11T08:00:00+08:00,2026-06-15T07:43:00+08:00
INV-0167-03,MAT-0167,WH-03,752,208,544,579,3,1493,2016,86.62,2026-05-29T08:00:00+08:00,2026-06-15T06:23:00+08:00
INV-0167-04,MAT-0167,WH-04,2824,764,2060,138,79,1493,2016,86.62,2026-06-13T08:00:00+08:00,2026-06-15T05:36:00+08:00
INV-0167-05,MAT-0167,WH-05,2052,645,1407,1345,32,1493,2016,86.62,2026-05-26T08:00:00+08:00,2026-06-15T07:45:00+08:00
INV-0167-06,MAT-0167,WH-06,2936,844,2092,1016,102,1493,2016,86.62,2026-06-09T08:00:00+08:00,2026-06-15T08:00:00+08:00
INV-0168-01,MAT-0168,WH-01,17,5,12,12,0,43,58,490.26,2026-05-18T08:00:00+08:00,2026-06-15T05:08:00+08:00
INV-0168-02,MAT-0168,WH-02,62,12,50,30,0,43,58,490.26,2026-05-18T08:00:00+08:00,2026-06-15T07:30:00+08:00
INV-0168-03,MAT-0168,WH-03,90,24,66,11,3,43,58,490.26,2026-05-23T08:00:00+08:00,2026-06-15T05:54:00+08:00
INV-0168-04,MAT-0168,WH-04,63,12,51,5,1,43,58,490.26,2026-05-29T08:00:00+08:00,2026-06-15T05:47:00+08:00
INV-0168-05,MAT-0168,WH-05,9,0,9,49,0,43,58,490.26,2026-06-01T08:00:00+08:00,2026-06-15T05:19:00+08:00
INV-0168-06,MAT-0168,WH-06,35,10,25,51,0,43,58,490.26,2026-05-16T08:00:00+08:00,2026-06-15T05:11:00+08:00
INV-0169-01,MAT-0169,WH-01,168,35,133,180,2,642,867,37.41,2026-05-19T08:00:00+08:00,2026-06-15T05:27:00+08:00
INV-0169-02,MAT-0169,WH-02,779,69,710,491,1,642,867,37.41,2026-05-22T08:00:00+08:00,2026-06-15T07:56:00+08:00
INV-0169-03,MAT-0169,WH-03,1413,21,1392,601,51,642,867,37.41,2026-06-15T08:00:00+08:00,2026-06-15T07:14:00+08:00
INV-0169-04,MAT-0169,WH-04,335,84,251,204,7,642,867,37.41,2026-06-12T08:00:00+08:00,2026-06-15T06:40:00+08:00
INV-0169-05,MAT-0169,WH-05,1017,267,750,390,8,642,867,37.41,2026-06-06T08:00:00+08:00,2026-06-15T06:58:00+08:00
INV-0169-06,MAT-0169,WH-06,1392,309,1083,254,22,642,867,37.41,2026-06-03T08:00:00+08:00,2026-06-15T07:41:00+08:00
INV-0170-01,MAT-0170,WH-01,194,34,160,121,6,236,319,187.94,2026-06-03T08:00:00+08:00,2026-06-15T07:14:00+08:00
INV-0170-02,MAT-0170,WH-02,511,69,442,189,6,236,319,187.94,2026-06-13T08:00:00+08:00,2026-06-15T06:04:00+08:00
INV-0170-03,MAT-0170,WH-03,167,44,123,267,6,236,319,187.94,2026-05-26T08:00:00+08:00,2026-06-15T07:32:00+08:00
INV-0170-04,MAT-0170,WH-04,416,26,390,155,7,236,319,187.94,2026-05-18T08:00:00+08:00,2026-06-15T07:17:00+08:00
INV-0170-05,MAT-0170,WH-05,482,165,317,80,12,236,319,187.94,2026-05-25T08:00:00+08:00,2026-06-15T07:55:00+08:00
INV-0170-06,MAT-0170,WH-06,279,58,221,254,1,236,319,187.94,2026-05-31T08:00:00+08:00,2026-06-15T07:32:00+08:00
INV-0171-01,MAT-0171,WH-01,1684,90,1594,557,26,976,1318,1091.83,2026-06-11T08:00:00+08:00,2026-06-15T07:58:00+08:00
INV-0171-02,MAT-0171,WH-02,2093,670,1423,646,54,976,1318,1091.83,2026-06-10T08:00:00+08:00,2026-06-15T05:29:00+08:00
INV-0171-03,MAT-0171,WH-03,2014,159,1855,1128,69,976,1318,1091.83,2026-06-11T08:00:00+08:00,2026-06-15T05:18:00+08:00
INV-0171-04,MAT-0171,WH-04,1898,421,1477,692,26,976,1318,1091.83,2026-05-28T08:00:00+08:00,2026-06-15T05:10:00+08:00
INV-0171-05,MAT-0171,WH-05,1318,414,904,585,49,976,1318,1091.83,2026-05-16T08:00:00+08:00,2026-06-15T06:37:00+08:00
INV-0171-06,MAT-0171,WH-06,285,70,215,843,2,976,1318,1091.83,2026-06-02T08:00:00+08:00,2026-06-15T07:50:00+08:00
INV-0172-01,MAT-0172,WH-01,1742,62,1680,315,48,1068,1441,561.85,2026-05-29T08:00:00+08:00,2026-06-15T06:46:00+08:00
INV-0172-02,MAT-0172,WH-02,2517,429,2088,220,22,1068,1441,561.85,2026-05-19T08:00:00+08:00,2026-06-15T05:06:00+08:00
INV-0172-03,MAT-0172,WH-03,966,216,750,163,29,1068,1441,561.85,2026-05-18T08:00:00+08:00,2026-06-15T05:16:00+08:00
INV-0172-04,MAT-0172,WH-04,1497,244,1253,561,45,1068,1441,561.85,2026-05-20T08:00:00+08:00,2026-06-15T07:09:00+08:00
INV-0172-05,MAT-0172,WH-05,2408,212,2196,179,38,1068,1441,561.85,2026-05-21T08:00:00+08:00,2026-06-15T07:37:00+08:00
INV-0172-06,MAT-0172,WH-06,921,42,879,661,19,1068,1441,561.85,2026-06-12T08:00:00+08:00,2026-06-15T06:22:00+08:00
INV-0173-01,MAT-0173,WH-01,1053,248,805,262,27,617,833,777.01,2026-06-06T08:00:00+08:00,2026-06-15T07:35:00+08:00
INV-0173-02,MAT-0173,WH-02,1409,181,1228,479,3,617,833,777.01,2026-05-23T08:00:00+08:00,2026-06-15T07:30:00+08:00
INV-0173-03,MAT-0173,WH-03,1115,56,1059,645,9,617,833,777.01,2026-06-07T08:00:00+08:00,2026-06-15T07:20:00+08:00
INV-0173-04,MAT-0173,WH-04,1000,86,914,178,5,617,833,777.01,2026-06-13T08:00:00+08:00,2026-06-15T06:58:00+08:00
INV-0173-05,MAT-0173,WH-05,803,140,663,235,8,617,833,777.01,2026-06-13T08:00:00+08:00,2026-06-15T06:18:00+08:00
INV-0173-06,MAT-0173,WH-06,1186,12,1174,48,28,617,833,777.01,2026-05-22T08:00:00+08:00,2026-06-15T06:51:00+08:00
INV-0174-01,MAT-0174,WH-01,765,62,703,234,29,440,595,4.39,2026-06-03T08:00:00+08:00,2026-06-15T07:30:00+08:00
INV-0174-02,MAT-0174,WH-02,961,45,916,249,13,440,595,4.39,2026-06-11T08:00:00+08:00,2026-06-15T06:57:00+08:00
INV-0174-03,MAT-0174,WH-03,735,87,648,498,19,440,595,4.39,2026-06-14T08:00:00+08:00,2026-06-15T06:00:00+08:00
INV-0174-04,MAT-0174,WH-04,359,48,311,408,11,440,595,4.39,2026-05-31T08:00:00+08:00,2026-06-15T05:39:00+08:00
INV-0174-05,MAT-0174,WH-05,952,109,843,37,36,440,595,4.39,2026-06-14T08:00:00+08:00,2026-06-15T05:37:00+08:00
INV-0174-06,MAT-0174,WH-06,1035,160,875,493,34,440,595,4.39,2026-06-10T08:00:00+08:00,2026-06-15T06:33:00+08:00
INV-0175-01,MAT-0175,WH-01,754,73,681,325,0,669,903,464.71,2026-06-14T08:00:00+08:00,2026-06-15T07:15:00+08:00
INV-0175-02,MAT-0175,WH-02,1581,233,1348,645,20,669,903,464.71,2026-05-25T08:00:00+08:00,2026-06-15T05:00:00+08:00
INV-0175-03,MAT-0175,WH-03,1237,161,1076,409,1,669,903,464.71,2026-05-20T08:00:00+08:00,2026-06-15T06:26:00+08:00
INV-0175-04,MAT-0175,WH-04,561,50,511,184,3,669,903,464.71,2026-06-11T08:00:00+08:00,2026-06-15T06:53:00+08:00
INV-0175-05,MAT-0175,WH-05,914,41,873,690,33,669,903,464.71,2026-05-25T08:00:00+08:00,2026-06-15T05:53:00+08:00
INV-0175-06,MAT-0175,WH-06,1188,293,895,87,30,669,903,464.71,2026-05-27T08:00:00+08:00,2026-06-15T05:08:00+08:00
INV-0176-01,MAT-0176,WH-01,722,61,661,429,1,420,568,897.76,2026-06-08T08:00:00+08:00,2026-06-15T05:09:00+08:00
INV-0176-02,MAT-0176,WH-02,246,17,229,232,7,420,568,897.76,2026-06-07T08:00:00+08:00,2026-06-15T06:43:00+08:00
INV-0176-03,MAT-0176,WH-03,461,124,337,291,13,420,568,897.76,2026-06-04T08:00:00+08:00,2026-06-15T05:57:00+08:00
INV-0176-04,MAT-0176,WH-04,289,24,265,362,1,420,568,897.76,2026-05-27T08:00:00+08:00,2026-06-15T06:53:00+08:00
INV-0176-05,MAT-0176,WH-05,766,20,746,141,10,420,568,897.76,2026-05-29T08:00:00+08:00,2026-06-15T05:52:00+08:00
INV-0176-06,MAT-0176,WH-06,261,82,179,110,8,420,568,897.76,2026-05-28T08:00:00+08:00,2026-06-15T06:46:00+08:00
INV-0177-01,MAT-0177,WH-01,31,0,31,18,0,49,66,573.02,2026-06-03T08:00:00+08:00,2026-06-15T05:23:00+08:00
INV-0177-02,MAT-0177,WH-02,55,10,45,27,0,49,66,573.02,2026-06-10T08:00:00+08:00,2026-06-15T05:49:00+08:00
INV-0177-03,MAT-0177,WH-03,56,8,48,58,1,49,66,573.02,2026-06-13T08:00:00+08:00,2026-06-15T06:34:00+08:00
INV-0177-04,MAT-0177,WH-04,91,18,73,16,0,49,66,573.02,2026-05-20T08:00:00+08:00,2026-06-15T05:35:00+08:00
INV-0177-05,MAT-0177,WH-05,60,5,55,9,1,49,66,573.02,2026-05-24T08:00:00+08:00,2026-06-15T07:00:00+08:00
INV-0177-06,MAT-0177,WH-06,33,6,27,27,1,49,66,573.02,2026-05-23T08:00:00+08:00,2026-06-15T07:48:00+08:00
INV-0178-01,MAT-0178,WH-01,256,15,241,80,9,196,265,349.25,2026-05-18T08:00:00+08:00,2026-06-15T05:07:00+08:00
INV-0178-02,MAT-0178,WH-02,322,60,262,78,11,196,265,349.25,2026-05-24T08:00:00+08:00,2026-06-15T05:38:00+08:00
INV-0178-03,MAT-0178,WH-03,291,70,221,117,4,196,265,349.25,2026-05-28T08:00:00+08:00,2026-06-15T06:32:00+08:00
INV-0178-04,MAT-0178,WH-04,344,94,250,145,2,196,265,349.25,2026-05-22T08:00:00+08:00,2026-06-15T05:45:00+08:00
INV-0178-05,MAT-0178,WH-05,115,26,89,55,4,196,265,349.25,2026-06-09T08:00:00+08:00,2026-06-15T05:00:00+08:00
INV-0178-06,MAT-0178,WH-06,191,14,177,167,6,196,265,349.25,2026-05-24T08:00:00+08:00,2026-06-15T05:47:00+08:00
INV-0179-01,MAT-0179,WH-01,4607,49,4558,959,50,1960,2646,556.76,2026-06-02T08:00:00+08:00,2026-06-15T05:07:00+08:00
INV-0179-02,MAT-0179,WH-02,3289,89,3200,562,5,1960,2646,556.76,2026-06-15T08:00:00+08:00,2026-06-15T06:14:00+08:00
INV-0179-03,MAT-0179,WH-03,655,79,576,2129,20,1960,2646,556.76,2026-06-05T08:00:00+08:00,2026-06-15T07:17:00+08:00
INV-0179-04,MAT-0179,WH-04,1087,150,937,785,7,1960,2646,556.76,2026-06-04T08:00:00+08:00,2026-06-15T06:25:00+08:00
INV-0179-05,MAT-0179,WH-05,4532,1451,3081,126,133,1960,2646,556.76,2026-05-23T08:00:00+08:00,2026-06-15T07:45:00+08:00
INV-0179-06,MAT-0179,WH-06,4158,1039,3119,1995,138,1960,2646,556.76,2026-05-24T08:00:00+08:00,2026-06-15T07:15:00+08:00
INV-0180-01,MAT-0180,WH-01,305,96,209,550,0,739,997,152.18,2026-05-31T08:00:00+08:00,2026-06-15T07:07:00+08:00
INV-0180-02,MAT-0180,WH-02,164,16,148,573,2,739,997,152.18,2026-06-08T08:00:00+08:00,2026-06-15T05:55:00+08:00
INV-0180-03,MAT-0180,WH-03,1190,307,883,487,25,739,997,152.18,2026-06-12T08:00:00+08:00,2026-06-15T07:05:00+08:00
INV-0180-04,MAT-0180,WH-04,528,110,418,780,17,739,997,152.18,2026-05-21T08:00:00+08:00,2026-06-15T06:12:00+08:00
INV-0180-05,MAT-0180,WH-05,385,32,353,314,10,739,997,152.18,2026-06-05T08:00:00+08:00,2026-06-15T05:53:00+08:00
INV-0180-06,MAT-0180,WH-06,1103,288,815,568,16,739,997,152.18,2026-05-29T08:00:00+08:00,2026-06-15T05:01:00+08:00
INV-0181-01,MAT-0181,WH-01,114,3,111,225,2,404,545,210.02,2026-06-07T08:00:00+08:00,2026-06-15T06:30:00+08:00
INV-0181-02,MAT-0181,WH-02,357,51,306,424,5,404,545,210.02,2026-06-02T08:00:00+08:00,2026-06-15T07:18:00+08:00
INV-0181-03,MAT-0181,WH-03,436,47,389,288,3,404,545,210.02,2026-05-20T08:00:00+08:00,2026-06-15T05:19:00+08:00
INV-0181-04,MAT-0181,WH-04,752,243,509,245,4,404,545,210.02,2026-06-09T08:00:00+08:00,2026-06-15T07:15:00+08:00
INV-0181-05,MAT-0181,WH-05,703,209,494,198,5,404,545,210.02,2026-05-27T08:00:00+08:00,2026-06-15T07:28:00+08:00
INV-0181-06,MAT-0181,WH-06,206,19,187,371,6,404,545,210.02,2026-06-05T08:00:00+08:00,2026-06-15T06:23:00+08:00
INV-0182-01,MAT-0182,WH-01,891,29,862,226,31,388,524,338.88,2026-06-02T08:00:00+08:00,2026-06-15T07:22:00+08:00
INV-0182-02,MAT-0182,WH-02,876,230,646,332,30,388,524,338.88,2026-06-06T08:00:00+08:00,2026-06-15T06:00:00+08:00
INV-0182-03,MAT-0182,WH-03,259,19,240,393,1,388,524,338.88,2026-05-25T08:00:00+08:00,2026-06-15T07:18:00+08:00
INV-0182-04,MAT-0182,WH-04,743,240,503,284,5,388,524,338.88,2026-05-18T08:00:00+08:00,2026-06-15T06:48:00+08:00
INV-0182-05,MAT-0182,WH-05,216,66,150,187,0,388,524,338.88,2026-05-23T08:00:00+08:00,2026-06-15T07:19:00+08:00
INV-0182-06,MAT-0182,WH-06,744,117,627,168,4,388,524,338.88,2026-06-13T08:00:00+08:00,2026-06-15T05:24:00+08:00
INV-0183-01,MAT-0183,WH-01,850,105,745,219,30,397,536,77.45,2026-05-19T08:00:00+08:00,2026-06-15T07:43:00+08:00
INV-0183-02,MAT-0183,WH-02,314,40,274,79,5,397,536,77.45,2026-06-12T08:00:00+08:00,2026-06-15T07:00:00+08:00
INV-0183-03,MAT-0183,WH-03,652,178,474,286,21,397,536,77.45,2026-05-19T08:00:00+08:00,2026-06-15T06:48:00+08:00
INV-0183-04,MAT-0183,WH-04,95,16,79,423,3,397,536,77.45,2026-06-09T08:00:00+08:00,2026-06-15T05:18:00+08:00
INV-0183-05,MAT-0183,WH-05,467,6,461,464,16,397,536,77.45,2026-06-05T08:00:00+08:00,2026-06-15T05:12:00+08:00
INV-0183-06,MAT-0183,WH-06,714,73,641,374,17,397,536,77.45,2026-05-18T08:00:00+08:00,2026-06-15T05:59:00+08:00
INV-0184-01,MAT-0184,WH-01,4884,467,4417,2602,2,2963,4000,259.45,2026-05-22T08:00:00+08:00,2026-06-15T06:00:00+08:00
INV-0184-02,MAT-0184,WH-02,1974,341,1633,2096,38,2963,4000,259.45,2026-06-02T08:00:00+08:00,2026-06-15T07:53:00+08:00
INV-0184-03,MAT-0184,WH-03,2792,73,2719,2175,33,2963,4000,259.45,2026-05-19T08:00:00+08:00,2026-06-15T05:58:00+08:00
INV-0184-04,MAT-0184,WH-04,2346,711,1635,698,89,2963,4000,259.45,2026-05-25T08:00:00+08:00,2026-06-15T05:20:00+08:00
INV-0184-05,MAT-0184,WH-05,4483,960,3523,1537,51,2963,4000,259.45,2026-06-01T08:00:00+08:00,2026-06-15T06:32:00+08:00
INV-0184-06,MAT-0184,WH-06,3242,332,2910,1654,18,2963,4000,259.45,2026-06-07T08:00:00+08:00,2026-06-15T06:16:00+08:00
INV-0185-01,MAT-0185,WH-01,1619,272,1347,984,48,987,1332,518.24,2026-06-01T08:00:00+08:00,2026-06-15T07:20:00+08:00
INV-0185-02,MAT-0185,WH-02,1923,20,1903,827,37,987,1332,518.24,2026-06-01T08:00:00+08:00,2026-06-15T05:29:00+08:00
INV-0185-03,MAT-0185,WH-03,709,115,594,362,10,987,1332,518.24,2026-06-04T08:00:00+08:00,2026-06-15T07:28:00+08:00
INV-0185-04,MAT-0185,WH-04,1997,288,1709,696,44,987,1332,518.24,2026-06-02T08:00:00+08:00,2026-06-15T07:49:00+08:00
INV-0185-05,MAT-0185,WH-05,1892,393,1499,880,63,987,1332,518.24,2026-06-14T08:00:00+08:00,2026-06-15T07:15:00+08:00
INV-0185-06,MAT-0185,WH-06,1154,23,1131,900,38,987,1332,518.24,2026-06-08T08:00:00+08:00,2026-06-15T06:20:00+08:00
INV-0186-01,MAT-0186,WH-01,109,29,80,133,0,165,222,390.93,2026-05-17T08:00:00+08:00,2026-06-15T05:13:00+08:00
INV-0186-02,MAT-0186,WH-02,155,22,133,27,0,165,222,390.93,2026-05-28T08:00:00+08:00,2026-06-15T05:52:00+08:00
INV-0186-03,MAT-0186,WH-03,96,24,72,132,3,165,222,390.93,2026-05-23T08:00:00+08:00,2026-06-15T07:34:00+08:00
INV-0186-04,MAT-0186,WH-04,271,58,213,23,1,165,222,390.93,2026-05-16T08:00:00+08:00,2026-06-15T05:12:00+08:00
INV-0186-05,MAT-0186,WH-05,261,68,193,184,9,165,222,390.93,2026-06-15T08:00:00+08:00,2026-06-15T06:26:00+08:00
INV-0186-06,MAT-0186,WH-06,349,78,271,107,4,165,222,390.93,2026-06-09T08:00:00+08:00,2026-06-15T07:43:00+08:00
INV-0187-01,MAT-0187,WH-01,1427,107,1320,265,23,804,1085,27.18,2026-06-05T08:00:00+08:00,2026-06-15T06:37:00+08:00
INV-0187-02,MAT-0187,WH-02,262,82,180,270,1,804,1085,27.18,2026-05-30T08:00:00+08:00,2026-06-15T05:38:00+08:00
INV-0187-03,MAT-0187,WH-03,1368,78,1290,689,38,804,1085,27.18,2026-06-02T08:00:00+08:00,2026-06-15T05:37:00+08:00
INV-0187-04,MAT-0187,WH-04,1698,326,1372,91,17,804,1085,27.18,2026-05-23T08:00:00+08:00,2026-06-15T07:40:00+08:00
INV-0187-05,MAT-0187,WH-05,1846,545,1301,866,63,804,1085,27.18,2026-05-23T08:00:00+08:00,2026-06-15T07:04:00+08:00
INV-0187-06,MAT-0187,WH-06,1508,471,1037,715,24,804,1085,27.18,2026-06-10T08:00:00+08:00,2026-06-15T07:39:00+08:00
INV-0188-01,MAT-0188,WH-01,860,156,704,712,4,718,969,85.78,2026-05-25T08:00:00+08:00,2026-06-15T07:48:00+08:00
INV-0188-02,MAT-0188,WH-02,245,1,244,679,4,718,969,85.78,2026-06-08T08:00:00+08:00,2026-06-15T05:13:00+08:00
INV-0188-03,MAT-0188,WH-03,1029,52,977,360,21,718,969,85.78,2026-06-01T08:00:00+08:00,2026-06-15T05:45:00+08:00
INV-0188-04,MAT-0188,WH-04,529,52,477,508,16,718,969,85.78,2026-05-30T08:00:00+08:00,2026-06-15T05:19:00+08:00
INV-0188-05,MAT-0188,WH-05,1030,309,721,180,29,718,969,85.78,2026-06-12T08:00:00+08:00,2026-06-15T05:49:00+08:00
INV-0188-06,MAT-0188,WH-06,505,165,340,404,13,718,969,85.78,2026-06-01T08:00:00+08:00,2026-06-15T05:41:00+08:00
INV-0189-01,MAT-0189,WH-01,205,52,153,244,7,222,300,844.68,2026-05-30T08:00:00+08:00,2026-06-15T06:01:00+08:00
INV-0189-02,MAT-0189,WH-02,327,110,217,34,6,222,300,844.68,2026-05-18T08:00:00+08:00,2026-06-15T06:12:00+08:00
INV-0189-03,MAT-0189,WH-03,349,48,301,33,1,222,300,844.68,2026-05-18T08:00:00+08:00,2026-06-15T07:57:00+08:00
INV-0189-04,MAT-0189,WH-04,154,25,129,139,3,222,300,844.68,2026-06-03T08:00:00+08:00,2026-06-15T06:17:00+08:00
INV-0189-05,MAT-0189,WH-05,443,46,397,19,7,222,300,844.68,2026-05-17T08:00:00+08:00,2026-06-15T05:47:00+08:00
INV-0189-06,MAT-0189,WH-06,444,154,290,135,0,222,300,844.68,2026-05-17T08:00:00+08:00,2026-06-15T06:31:00+08:00
INV-0190-01,MAT-0190,WH-01,584,64,520,110,22,527,711,151.75,2026-06-07T08:00:00+08:00,2026-06-15T06:42:00+08:00
INV-0190-02,MAT-0190,WH-02,234,62,172,376,8,527,711,151.75,2026-05-29T08:00:00+08:00,2026-06-15T05:05:00+08:00
INV-0190-03,MAT-0190,WH-03,831,116,715,458,25,527,711,151.75,2026-05-27T08:00:00+08:00,2026-06-15T06:05:00+08:00
INV-0190-04,MAT-0190,WH-04,708,158,550,240,18,527,711,151.75,2026-05-18T08:00:00+08:00,2026-06-15T07:10:00+08:00
INV-0190-05,MAT-0190,WH-05,734,200,534,154,19,527,711,151.75,2026-05-29T08:00:00+08:00,2026-06-15T07:47:00+08:00
INV-0190-06,MAT-0190,WH-06,784,214,570,522,26,527,711,151.75,2026-06-08T08:00:00+08:00,2026-06-15T05:37:00+08:00
INV-0191-01,MAT-0191,WH-01,158,51,107,278,3,428,578,307.48,2026-05-25T08:00:00+08:00,2026-06-15T07:23:00+08:00
INV-0191-02,MAT-0191,WH-02,662,53,609,464,4,428,578,307.48,2026-06-03T08:00:00+08:00,2026-06-15T07:09:00+08:00
INV-0191-03,MAT-0191,WH-03,487,58,429,440,16,428,578,307.48,2026-05-21T08:00:00+08:00,2026-06-15T07:32:00+08:00
INV-0191-04,MAT-0191,WH-04,579,140,439,150,8,428,578,307.48,2026-05-20T08:00:00+08:00,2026-06-15T06:32:00+08:00
INV-0191-05,MAT-0191,WH-05,956,19,937,183,15,428,578,307.48,2026-05-26T08:00:00+08:00,2026-06-15T06:41:00+08:00
INV-0191-06,MAT-0191,WH-06,98,31,67,35,3,428,578,307.48,2026-05-21T08:00:00+08:00,2026-06-15T07:50:00+08:00
INV-0192-01,MAT-0192,WH-01,115,1,114,85,0,302,408,86.16,2026-05-20T08:00:00+08:00,2026-06-15T07:05:00+08:00
INV-0192-02,MAT-0192,WH-02,383,6,377,300,9,302,408,86.16,2026-05-17T08:00:00+08:00,2026-06-15T07:34:00+08:00
INV-0192-03,MAT-0192,WH-03,272,11,261,355,6,302,408,86.16,2026-06-14T08:00:00+08:00,2026-06-15T06:48:00+08:00
INV-0192-04,MAT-0192,WH-04,498,42,456,356,15,302,408,86.16,2026-05-24T08:00:00+08:00,2026-06-15T05:03:00+08:00
INV-0192-05,MAT-0192,WH-05,286,94,192,167,2,302,408,86.16,2026-06-03T08:00:00+08:00,2026-06-15T07:58:00+08:00
INV-0192-06,MAT-0192,WH-06,603,21,582,178,6,302,408,86.16,2026-06-09T08:00:00+08:00,2026-06-15T06:25:00+08:00
INV-0193-01,MAT-0193,WH-01,129,43,86,102,1,151,204,147.13,2026-06-11T08:00:00+08:00,2026-06-15T07:16:00+08:00
INV-0193-02,MAT-0193,WH-02,176,38,138,25,4,151,204,147.13,2026-06-10T08:00:00+08:00,2026-06-15T06:48:00+08:00
INV-0193-03,MAT-0193,WH-03,191,6,185,149,7,151,204,147.13,2026-06-07T08:00:00+08:00,2026-06-15T06:55:00+08:00
INV-0193-04,MAT-0193,WH-04,289,19,270,25,10,151,204,147.13,2026-05-18T08:00:00+08:00,2026-06-15T07:54:00+08:00
INV-0193-05,MAT-0193,WH-05,263,31,232,76,9,151,204,147.13,2026-05-16T08:00:00+08:00,2026-06-15T07:22:00+08:00
INV-0193-06,MAT-0193,WH-06,112,32,80,139,2,151,204,147.13,2026-05-27T08:00:00+08:00,2026-06-15T07:44:00+08:00
INV-0194-01,MAT-0194,WH-01,614,156,458,65,15,354,478,13.96,2026-06-13T08:00:00+08:00,2026-06-15T05:00:00+08:00
INV-0194-02,MAT-0194,WH-02,199,14,185,179,2,354,478,13.96,2026-06-08T08:00:00+08:00,2026-06-15T06:08:00+08:00
INV-0194-03,MAT-0194,WH-03,437,35,402,103,0,354,478,13.96,2026-05-23T08:00:00+08:00,2026-06-15T05:14:00+08:00
INV-0194-04,MAT-0194,WH-04,135,20,115,404,1,354,478,13.96,2026-05-27T08:00:00+08:00,2026-06-15T05:41:00+08:00
INV-0194-05,MAT-0194,WH-05,505,38,467,63,16,354,478,13.96,2026-05-26T08:00:00+08:00,2026-06-15T07:31:00+08:00
INV-0194-06,MAT-0194,WH-06,587,135,452,120,21,354,478,13.96,2026-06-03T08:00:00+08:00,2026-06-15T07:25:00+08:00
INV-0195-01,MAT-0195,WH-01,923,316,607,520,3,575,776,1.37,2026-06-01T08:00:00+08:00,2026-06-15T05:26:00+08:00
INV-0195-02,MAT-0195,WH-02,743,111,632,177,12,575,776,1.37,2026-06-01T08:00:00+08:00,2026-06-15T06:56:00+08:00
INV-0195-03,MAT-0195,WH-03,827,31,796,66,15,575,776,1.37,2026-05-19T08:00:00+08:00,2026-06-15T06:30:00+08:00
INV-0195-04,MAT-0195,WH-04,203,27,176,336,0,575,776,1.37,2026-05-20T08:00:00+08:00,2026-06-15T05:26:00+08:00
INV-0195-05,MAT-0195,WH-05,877,199,678,527,11,575,776,1.37,2026-06-15T08:00:00+08:00,2026-06-15T06:26:00+08:00
INV-0195-06,MAT-0195,WH-06,604,70,534,662,16,575,776,1.37,2026-05-28T08:00:00+08:00,2026-06-15T05:27:00+08:00
INV-0196-01,MAT-0196,WH-01,947,116,831,740,27,639,862,71.07,2026-06-05T08:00:00+08:00,2026-06-15T06:49:00+08:00
INV-0196-02,MAT-0196,WH-02,1037,227,810,320,5,639,862,71.07,2026-05-16T08:00:00+08:00,2026-06-15T07:22:00+08:00
INV-0196-03,MAT-0196,WH-03,1080,236,844,491,8,639,862,71.07,2026-05-23T08:00:00+08:00,2026-06-15T07:35:00+08:00
INV-0196-04,MAT-0196,WH-04,1526,257,1269,503,48,639,862,71.07,2026-05-25T08:00:00+08:00,2026-06-15T06:02:00+08:00
INV-0196-05,MAT-0196,WH-05,1072,55,1017,722,36,639,862,71.07,2026-06-04T08:00:00+08:00,2026-06-15T07:58:00+08:00
INV-0196-06,MAT-0196,WH-06,1037,49,988,714,5,639,862,71.07,2026-05-25T08:00:00+08:00,2026-06-15T07:59:00+08:00
INV-0197-01,MAT-0197,WH-01,165,6,159,259,0,372,502,351.73,2026-05-20T08:00:00+08:00,2026-06-15T07:10:00+08:00
INV-0197-02,MAT-0197,WH-02,517,160,357,333,15,372,502,351.73,2026-05-24T08:00:00+08:00,2026-06-15T06:38:00+08:00
INV-0197-03,MAT-0197,WH-03,867,119,748,80,34,372,502,351.73,2026-06-13T08:00:00+08:00,2026-06-15T07:03:00+08:00
INV-0197-04,MAT-0197,WH-04,599,158,441,283,0,372,502,351.73,2026-06-08T08:00:00+08:00,2026-06-15T07:08:00+08:00
INV-0197-05,MAT-0197,WH-05,691,13,678,304,23,372,502,351.73,2026-05-29T08:00:00+08:00,2026-06-15T07:49:00+08:00
INV-0197-06,MAT-0197,WH-06,202,33,169,137,6,372,502,351.73,2026-05-26T08:00:00+08:00,2026-06-15T06:42:00+08:00
INV-0198-01,MAT-0198,WH-01,283,60,223,154,9,286,386,17.52,2026-05-27T08:00:00+08:00,2026-06-15T07:01:00+08:00
INV-0198-02,MAT-0198,WH-02,624,148,476,283,16,286,386,17.52,2026-05-30T08:00:00+08:00,2026-06-15T06:14:00+08:00
INV-0198-03,MAT-0198,WH-03,176,40,136,196,5,286,386,17.52,2026-06-06T08:00:00+08:00,2026-06-15T05:47:00+08:00
INV-0198-04,MAT-0198,WH-04,174,57,117,0,4,286,386,17.52,2026-06-03T08:00:00+08:00,2026-06-15T07:50:00+08:00
INV-0198-05,MAT-0198,WH-05,143,31,112,30,0,286,386,17.52,2026-06-13T08:00:00+08:00,2026-06-15T05:09:00+08:00
INV-0198-06,MAT-0198,WH-06,649,124,525,166,19,286,386,17.52,2026-06-13T08:00:00+08:00,2026-06-15T05:57:00+08:00
INV-0199-01,MAT-0199,WH-01,441,134,307,121,8,321,433,519.1,2026-05-21T08:00:00+08:00,2026-06-15T06:23:00+08:00
INV-0199-02,MAT-0199,WH-02,575,85,490,130,6,321,433,519.1,2026-05-19T08:00:00+08:00,2026-06-15T05:32:00+08:00
INV-0199-03,MAT-0199,WH-03,290,66,224,194,8,321,433,519.1,2026-05-20T08:00:00+08:00,2026-06-15T05:34:00+08:00
INV-0199-04,MAT-0199,WH-04,516,25,491,250,7,321,433,519.1,2026-05-25T08:00:00+08:00,2026-06-15T06:05:00+08:00
INV-0199-05,MAT-0199,WH-05,667,206,461,10,17,321,433,519.1,2026-06-12T08:00:00+08:00,2026-06-15T06:17:00+08:00
INV-0199-06,MAT-0199,WH-06,71,7,64,194,0,321,433,519.1,2026-06-02T08:00:00+08:00,2026-06-15T07:24:00+08:00
INV-0200-01,MAT-0200,WH-01,1574,483,1091,23,1,897,1210,400.35,2026-06-10T08:00:00+08:00,2026-06-15T07:23:00+08:00
INV-0200-02,MAT-0200,WH-02,1454,323,1131,605,46,897,1210,400.35,2026-05-29T08:00:00+08:00,2026-06-15T06:02:00+08:00
INV-0200-03,MAT-0200,WH-03,979,132,847,640,2,897,1210,400.35,2026-05-19T08:00:00+08:00,2026-06-15T05:21:00+08:00
INV-0200-04,MAT-0200,WH-04,773,197,576,219,28,897,1210,400.35,2026-06-10T08:00:00+08:00,2026-06-15T06:09:00+08:00
INV-0200-05,MAT-0200,WH-05,1149,326,823,895,9,897,1210,400.35,2026-05-17T08:00:00+08:00,2026-06-15T06:02:00+08:00
INV-0200-06,MAT-0200,WH-06,1687,462,1225,179,41,897,1210,400.35,2026-05-30T08:00:00+08:00,2026-06-15T05:32:00+08:00
INV-0201-01,MAT-0201,WH-01,205,7,198,771,4,727,982,385.49,2026-05-31T08:00:00+08:00,2026-06-15T07:17:00+08:00
INV-0201-02,MAT-0201,WH-02,1387,42,1345,579,48,727,982,385.49,2026-05-27T08:00:00+08:00,2026-06-15T05:01:00+08:00
INV-0201-03,MAT-0201,WH-03,1062,168,894,506,10,727,982,385.49,2026-05-29T08:00:00+08:00,2026-06-15T05:30:00+08:00
INV-0201-04,MAT-0201,WH-04,474,20,454,441,6,727,982,385.49,2026-05-24T08:00:00+08:00,2026-06-15T07:56:00+08:00
INV-0201-05,MAT-0201,WH-05,290,79,211,385,3,727,982,385.49,2026-06-06T08:00:00+08:00,2026-06-15T05:05:00+08:00
INV-0201-06,MAT-0201,WH-06,219,69,150,491,5,727,982,385.49,2026-05-31T08:00:00+08:00,2026-06-15T05:00:00+08:00
INV-0202-01,MAT-0202,WH-01,615,85,530,99,8,333,450,427.84,2026-05-20T08:00:00+08:00,2026-06-15T05:02:00+08:00
INV-0202-02,MAT-0202,WH-02,558,126,432,81,1,333,450,427.84,2026-06-04T08:00:00+08:00,2026-06-15T07:38:00+08:00
INV-0202-03,MAT-0202,WH-03,648,195,453,183,24,333,450,427.84,2026-06-03T08:00:00+08:00,2026-06-15T07:03:00+08:00
INV-0202-04,MAT-0202,WH-04,194,7,187,244,2,333,450,427.84,2026-05-28T08:00:00+08:00,2026-06-15T05:35:00+08:00
INV-0202-05,MAT-0202,WH-05,564,102,462,160,5,333,450,427.84,2026-05-18T08:00:00+08:00,2026-06-15T05:48:00+08:00
INV-0202-06,MAT-0202,WH-06,706,140,566,214,11,333,450,427.84,2026-05-25T08:00:00+08:00,2026-06-15T08:00:00+08:00
INV-0203-01,MAT-0203,WH-01,1040,361,679,1241,32,1209,1632,502.83,2026-05-27T08:00:00+08:00,2026-06-15T05:47:00+08:00
INV-0203-02,MAT-0203,WH-02,1465,183,1282,1219,2,1209,1632,502.83,2026-05-16T08:00:00+08:00,2026-06-15T06:39:00+08:00
INV-0203-03,MAT-0203,WH-03,1166,89,1077,282,42,1209,1632,502.83,2026-05-31T08:00:00+08:00,2026-06-15T06:52:00+08:00
INV-0203-04,MAT-0203,WH-04,444,8,436,27,7,1209,1632,502.83,2026-06-13T08:00:00+08:00,2026-06-15T06:35:00+08:00
INV-0203-05,MAT-0203,WH-05,959,134,825,333,22,1209,1632,502.83,2026-06-03T08:00:00+08:00,2026-06-15T06:07:00+08:00
INV-0203-06,MAT-0203,WH-06,343,72,271,232,1,1209,1632,502.83,2026-06-09T08:00:00+08:00,2026-06-15T06:13:00+08:00
INV-0204-01,MAT-0204,WH-01,548,135,413,249,5,247,334,185.62,2026-05-23T08:00:00+08:00,2026-06-15T05:31:00+08:00
INV-0204-02,MAT-0204,WH-02,117,40,77,218,0,247,334,185.62,2026-05-30T08:00:00+08:00,2026-06-15T06:49:00+08:00
INV-0204-03,MAT-0204,WH-03,93,7,86,253,2,247,334,185.62,2026-05-17T08:00:00+08:00,2026-06-15T07:11:00+08:00
INV-0204-04,MAT-0204,WH-04,400,35,365,222,10,247,334,185.62,2026-05-27T08:00:00+08:00,2026-06-15T06:34:00+08:00
INV-0204-05,MAT-0204,WH-05,569,27,542,99,11,247,334,185.62,2026-06-05T08:00:00+08:00,2026-06-15T07:47:00+08:00
INV-0204-06,MAT-0204,WH-06,579,180,399,153,19,247,334,185.62,2026-06-14T08:00:00+08:00,2026-06-15T07:45:00+08:00
INV-0205-01,MAT-0205,WH-01,198,5,193,45,2,690,931,298.28,2026-05-20T08:00:00+08:00,2026-06-15T07:58:00+08:00
INV-0205-02,MAT-0205,WH-02,490,125,365,315,10,690,931,298.28,2026-05-29T08:00:00+08:00,2026-06-15T05:48:00+08:00
INV-0205-03,MAT-0205,WH-03,1623,556,1067,627,20,690,931,298.28,2026-05-22T08:00:00+08:00,2026-06-15T06:13:00+08:00
INV-0205-04,MAT-0205,WH-04,364,40,324,712,9,690,931,298.28,2026-06-05T08:00:00+08:00,2026-06-15T06:20:00+08:00
INV-0205-05,MAT-0205,WH-05,439,46,393,782,16,690,931,298.28,2026-06-15T08:00:00+08:00,2026-06-15T06:13:00+08:00
INV-0205-06,MAT-0205,WH-06,720,94,626,557,18,690,931,298.28,2026-06-10T08:00:00+08:00,2026-06-15T06:12:00+08:00
INV-0206-01,MAT-0206,WH-01,551,57,494,355,11,361,488,75.41,2026-06-07T08:00:00+08:00,2026-06-15T05:24:00+08:00
INV-0206-02,MAT-0206,WH-02,835,240,595,17,3,361,488,75.41,2026-05-26T08:00:00+08:00,2026-06-15T07:58:00+08:00
INV-0206-03,MAT-0206,WH-03,384,74,310,2,8,361,488,75.41,2026-05-18T08:00:00+08:00,2026-06-15T06:36:00+08:00
INV-0206-04,MAT-0206,WH-04,553,166,387,146,18,361,488,75.41,2026-05-27T08:00:00+08:00,2026-06-15T07:57:00+08:00
INV-0206-05,MAT-0206,WH-05,239,78,161,41,1,361,488,75.41,2026-06-06T08:00:00+08:00,2026-06-15T07:37:00+08:00
INV-0206-06,MAT-0206,WH-06,170,15,155,103,2,361,488,75.41,2026-06-08T08:00:00+08:00,2026-06-15T05:08:00+08:00
INV-0207-01,MAT-0207,WH-01,264,23,241,108,2,834,1125,257.9,2026-05-30T08:00:00+08:00,2026-06-15T07:27:00+08:00
INV-0207-02,MAT-0207,WH-02,1436,346,1090,659,39,834,1125,257.9,2026-06-13T08:00:00+08:00,2026-06-15T06:28:00+08:00
INV-0207-03,MAT-0207,WH-03,1447,363,1084,305,37,834,1125,257.9,2026-06-15T08:00:00+08:00,2026-06-15T05:34:00+08:00
INV-0207-04,MAT-0207,WH-04,212,48,164,672,7,834,1125,257.9,2026-05-20T08:00:00+08:00,2026-06-15T07:49:00+08:00
INV-0207-05,MAT-0207,WH-05,836,125,711,643,24,834,1125,257.9,2026-05-29T08:00:00+08:00,2026-06-15T06:31:00+08:00
INV-0207-06,MAT-0207,WH-06,526,150,376,433,11,834,1125,257.9,2026-06-13T08:00:00+08:00,2026-06-15T06:40:00+08:00
INV-0208-01,MAT-0208,WH-01,169,21,148,37,5,331,447,126.66,2026-05-27T08:00:00+08:00,2026-06-15T07:13:00+08:00
INV-0208-02,MAT-0208,WH-02,519,33,486,348,0,331,447,126.66,2026-05-20T08:00:00+08:00,2026-06-15T07:26:00+08:00
INV-0208-03,MAT-0208,WH-03,598,68,530,127,1,331,447,126.66,2026-05-26T08:00:00+08:00,2026-06-15T05:03:00+08:00
INV-0208-04,MAT-0208,WH-04,691,27,664,278,2,331,447,126.66,2026-06-01T08:00:00+08:00,2026-06-15T05:17:00+08:00
INV-0208-05,MAT-0208,WH-05,629,65,564,162,2,331,447,126.66,2026-05-23T08:00:00+08:00,2026-06-15T05:08:00+08:00
INV-0208-06,MAT-0208,WH-06,488,63,425,117,3,331,447,126.66,2026-05-31T08:00:00+08:00,2026-06-15T05:35:00+08:00
INV-0209-01,MAT-0209,WH-01,926,247,679,389,29,574,775,1016.51,2026-06-08T08:00:00+08:00,2026-06-15T05:32:00+08:00
INV-0209-02,MAT-0209,WH-02,530,168,362,238,6,574,775,1016.51,2026-05-24T08:00:00+08:00,2026-06-15T05:38:00+08:00
INV-0209-03,MAT-0209,WH-03,127,38,89,657,1,574,775,1016.51,2026-05-19T08:00:00+08:00,2026-06-15T07:58:00+08:00
INV-0209-04,MAT-0209,WH-04,426,135,291,393,7,574,775,1016.51,2026-06-05T08:00:00+08:00,2026-06-15T05:39:00+08:00
INV-0209-05,MAT-0209,WH-05,1023,251,772,327,29,574,775,1016.51,2026-05-20T08:00:00+08:00,2026-06-15T05:11:00+08:00
INV-0209-06,MAT-0209,WH-06,150,45,105,112,3,574,775,1016.51,2026-05-24T08:00:00+08:00,2026-06-15T07:47:00+08:00
INV-0210-01,MAT-0210,WH-01,263,82,181,586,7,655,885,61.61,2026-06-05T08:00:00+08:00,2026-06-15T06:51:00+08:00
INV-0210-02,MAT-0210,WH-02,1356,42,1314,616,32,655,885,61.61,2026-06-13T08:00:00+08:00,2026-06-15T06:06:00+08:00
INV-0210-03,MAT-0210,WH-03,1409,388,1021,506,53,655,885,61.61,2026-05-29T08:00:00+08:00,2026-06-15T07:10:00+08:00
INV-0210-04,MAT-0210,WH-04,1471,168,1303,763,53,655,885,61.61,2026-05-23T08:00:00+08:00,2026-06-15T07:58:00+08:00
INV-0210-05,MAT-0210,WH-05,1451,129,1322,773,12,655,885,61.61,2026-06-15T08:00:00+08:00,2026-06-15T06:22:00+08:00
INV-0210-06,MAT-0210,WH-06,870,86,784,243,6,655,885,61.61,2026-05-29T08:00:00+08:00,2026-06-15T06:51:00+08:00
INV-0211-01,MAT-0211,WH-01,6891,1010,5881,544,211,3761,5077,860.1,2026-05-19T08:00:00+08:00,2026-06-15T05:35:00+08:00
INV-0211-02,MAT-0211,WH-02,8964,807,8157,1696,262,3761,5077,860.1,2026-06-15T08:00:00+08:00,2026-06-15T06:06:00+08:00
INV-0211-03,MAT-0211,WH-03,6020,1542,4478,3379,129,3761,5077,860.1,2026-06-06T08:00:00+08:00,2026-06-15T05:57:00+08:00
INV-0211-04,MAT-0211,WH-04,1840,354,1486,1268,70,3761,5077,860.1,2026-06-06T08:00:00+08:00,2026-06-15T07:11:00+08:00
INV-0211-05,MAT-0211,WH-05,6634,1844,4790,2696,231,3761,5077,860.1,2026-06-11T08:00:00+08:00,2026-06-15T06:13:00+08:00
INV-0211-06,MAT-0211,WH-06,1148,233,915,2021,32,3761,5077,860.1,2026-06-14T08:00:00+08:00,2026-06-15T06:19:00+08:00
INV-0212-01,MAT-0212,WH-01,4544,35,4509,3318,89,3402,4592,313.48,2026-06-07T08:00:00+08:00,2026-06-15T07:20:00+08:00
INV-0212-02,MAT-0212,WH-02,6127,568,5559,1644,136,3402,4592,313.48,2026-05-18T08:00:00+08:00,2026-06-15T05:38:00+08:00
INV-0212-03,MAT-0212,WH-03,4385,256,4129,1146,113,3402,4592,313.48,2026-05-22T08:00:00+08:00,2026-06-15T05:27:00+08:00
INV-0212-04,MAT-0212,WH-04,3154,143,3011,649,104,3402,4592,313.48,2026-06-04T08:00:00+08:00,2026-06-15T05:54:00+08:00
INV-0212-05,MAT-0212,WH-05,1297,318,979,2895,48,3402,4592,313.48,2026-06-14T08:00:00+08:00,2026-06-15T05:16:00+08:00
INV-0212-06,MAT-0212,WH-06,1949,404,1545,4011,65,3402,4592,313.48,2026-05-31T08:00:00+08:00,2026-06-15T07:57:00+08:00
INV-0213-01,MAT-0213,WH-01,956,251,705,314,25,462,624,313.31,2026-06-06T08:00:00+08:00,2026-06-15T05:37:00+08:00
INV-0213-02,MAT-0213,WH-02,348,112,236,47,11,462,624,313.31,2026-06-13T08:00:00+08:00,2026-06-15T06:12:00+08:00
INV-0213-03,MAT-0213,WH-03,213,11,202,221,2,462,624,313.31,2026-06-03T08:00:00+08:00,2026-06-15T05:56:00+08:00
INV-0213-04,MAT-0213,WH-04,414,62,352,166,5,462,624,313.31,2026-06-07T08:00:00+08:00,2026-06-15T05:19:00+08:00
INV-0213-05,MAT-0213,WH-05,862,265,597,464,30,462,624,313.31,2026-05-30T08:00:00+08:00,2026-06-15T06:20:00+08:00
INV-0213-06,MAT-0213,WH-06,805,31,774,473,2,462,624,313.31,2026-05-30T08:00:00+08:00,2026-06-15T07:25:00+08:00
INV-0214-01,MAT-0214,WH-01,176,25,151,52,6,95,129,152.9,2026-06-12T08:00:00+08:00,2026-06-15T05:31:00+08:00
INV-0214-02,MAT-0214,WH-02,155,41,114,61,5,95,129,152.9,2026-05-27T08:00:00+08:00,2026-06-15T07:05:00+08:00
INV-0214-03,MAT-0214,WH-03,81,10,71,83,2,95,129,152.9,2026-05-26T08:00:00+08:00,2026-06-15T06:32:00+08:00
INV-0214-04,MAT-0214,WH-04,181,28,153,79,4,95,129,152.9,2026-05-20T08:00:00+08:00,2026-06-15T06:16:00+08:00
INV-0214-05,MAT-0214,WH-05,36,10,26,62,0,95,129,152.9,2026-06-01T08:00:00+08:00,2026-06-15T07:51:00+08:00
INV-0214-06,MAT-0214,WH-06,45,15,30,48,0,95,129,152.9,2026-05-20T08:00:00+08:00,2026-06-15T05:04:00+08:00
INV-0215-01,MAT-0215,WH-01,2245,147,2098,2096,47,2198,2967,71.58,2026-06-13T08:00:00+08:00,2026-06-15T06:29:00+08:00
INV-0215-02,MAT-0215,WH-02,1884,364,1520,2561,15,2198,2967,71.58,2026-05-22T08:00:00+08:00,2026-06-15T05:17:00+08:00
INV-0215-03,MAT-0215,WH-03,4160,939,3221,903,92,2198,2967,71.58,2026-06-15T08:00:00+08:00,2026-06-15T05:23:00+08:00
INV-0215-04,MAT-0215,WH-04,1010,267,743,2355,16,2198,2967,71.58,2026-06-13T08:00:00+08:00,2026-06-15T06:07:00+08:00
INV-0215-05,MAT-0215,WH-05,4920,565,4355,2176,144,2198,2967,71.58,2026-05-22T08:00:00+08:00,2026-06-15T06:23:00+08:00
INV-0215-06,MAT-0215,WH-06,4958,1449,3509,1984,57,2198,2967,71.58,2026-06-15T08:00:00+08:00,2026-06-15T07:25:00+08:00
INV-0216-01,MAT-0216,WH-01,1250,160,1090,148,9,879,1186,120.11,2026-06-02T08:00:00+08:00,2026-06-15T06:49:00+08:00
INV-0216-02,MAT-0216,WH-02,1214,52,1162,136,45,879,1186,120.11,2026-05-22T08:00:00+08:00,2026-06-15T07:55:00+08:00
INV-0216-03,MAT-0216,WH-03,1821,298,1523,400,0,879,1186,120.11,2026-05-23T08:00:00+08:00,2026-06-15T06:02:00+08:00
INV-0216-04,MAT-0216,WH-04,833,47,786,632,14,879,1186,120.11,2026-05-26T08:00:00+08:00,2026-06-15T05:24:00+08:00
INV-0216-05,MAT-0216,WH-05,1261,171,1090,430,49,879,1186,120.11,2026-06-09T08:00:00+08:00,2026-06-15T06:32:00+08:00
INV-0216-06,MAT-0216,WH-06,1218,333,885,393,6,879,1186,120.11,2026-05-17T08:00:00+08:00,2026-06-15T06:32:00+08:00
INV-0217-01,MAT-0217,WH-01,369,91,278,339,4,434,586,283.44,2026-06-05T08:00:00+08:00,2026-06-15T05:19:00+08:00
INV-0217-02,MAT-0217,WH-02,916,225,691,149,14,434,586,283.44,2026-06-08T08:00:00+08:00,2026-06-15T05:54:00+08:00
INV-0217-03,MAT-0217,WH-03,1019,317,702,351,17,434,586,283.44,2026-05-17T08:00:00+08:00,2026-06-15T05:39:00+08:00
INV-0217-04,MAT-0217,WH-04,902,106,796,469,4,434,586,283.44,2026-05-17T08:00:00+08:00,2026-06-15T05:30:00+08:00
INV-0217-05,MAT-0217,WH-05,194,6,188,459,3,434,586,283.44,2026-05-21T08:00:00+08:00,2026-06-15T07:05:00+08:00
INV-0217-06,MAT-0217,WH-06,990,212,778,43,31,434,586,283.44,2026-05-20T08:00:00+08:00,2026-06-15T05:25:00+08:00
INV-0218-01,MAT-0218,WH-01,482,161,321,801,10,753,1016,154.04,2026-05-16T08:00:00+08:00,2026-06-15T05:45:00+08:00
INV-0218-02,MAT-0218,WH-02,959,99,860,417,9,753,1016,154.04,2026-06-11T08:00:00+08:00,2026-06-15T06:46:00+08:00
INV-0218-03,MAT-0218,WH-03,1385,351,1034,409,16,753,1016,154.04,2026-05-30T08:00:00+08:00,2026-06-15T07:55:00+08:00
INV-0218-04,MAT-0218,WH-04,1573,179,1394,664,7,753,1016,154.04,2026-05-20T08:00:00+08:00,2026-06-15T07:10:00+08:00
INV-0218-05,MAT-0218,WH-05,1055,97,958,861,13,753,1016,154.04,2026-06-02T08:00:00+08:00,2026-06-15T06:55:00+08:00
INV-0218-06,MAT-0218,WH-06,608,170,438,182,17,753,1016,154.04,2026-05-21T08:00:00+08:00,2026-06-15T05:34:00+08:00
INV-0219-01,MAT-0219,WH-01,877,259,618,637,14,925,1249,24.74,2026-06-05T08:00:00+08:00,2026-06-15T05:31:00+08:00
INV-0219-02,MAT-0219,WH-02,970,3,967,370,0,925,1249,24.74,2026-05-18T08:00:00+08:00,2026-06-15T07:29:00+08:00
INV-0219-03,MAT-0219,WH-03,2165,333,1832,736,75,925,1249,24.74,2026-06-09T08:00:00+08:00,2026-06-15T07:46:00+08:00
INV-0219-04,MAT-0219,WH-04,544,117,427,15,1,925,1249,24.74,2026-06-02T08:00:00+08:00,2026-06-15T06:24:00+08:00
INV-0219-05,MAT-0219,WH-05,1250,254,996,273,22,925,1249,24.74,2026-05-28T08:00:00+08:00,2026-06-15T07:55:00+08:00
INV-0219-06,MAT-0219,WH-06,1702,137,1565,168,16,925,1249,24.74,2026-06-07T08:00:00+08:00,2026-06-15T07:28:00+08:00
INV-0220-01,MAT-0220,WH-01,320,98,222,526,6,922,1245,263.26,2026-05-31T08:00:00+08:00,2026-06-15T07:30:00+08:00
INV-0220-02,MAT-0220,WH-02,2151,176,1975,250,26,922,1245,263.26,2026-05-17T08:00:00+08:00,2026-06-15T05:02:00+08:00
INV-0220-03,MAT-0220,WH-03,1887,592,1295,40,57,922,1245,263.26,2026-06-04T08:00:00+08:00,2026-06-15T05:44:00+08:00
INV-0220-04,MAT-0220,WH-04,819,248,571,392,25,922,1245,263.26,2026-05-22T08:00:00+08:00,2026-06-15T07:56:00+08:00
INV-0220-05,MAT-0220,WH-05,2078,672,1406,304,56,922,1245,263.26,2026-05-31T08:00:00+08:00,2026-06-15T05:16:00+08:00
INV-0220-06,MAT-0220,WH-06,867,273,594,132,33,922,1245,263.26,2026-06-12T08:00:00+08:00,2026-06-15T07:24:00+08:00
INV-0221-01,MAT-0221,WH-01,26,1,25,48,0,87,118,243.1,2026-05-25T08:00:00+08:00,2026-06-15T07:34:00+08:00
INV-0221-02,MAT-0221,WH-02,96,19,77,64,2,87,118,243.1,2026-05-28T08:00:00+08:00,2026-06-15T07:15:00+08:00
INV-0221-03,MAT-0221,WH-03,105,20,85,29,2,87,118,243.1,2026-06-08T08:00:00+08:00,2026-06-15T05:08:00+08:00
INV-0221-04,MAT-0221,WH-04,103,20,83,10,2,87,118,243.1,2026-05-18T08:00:00+08:00,2026-06-15T07:21:00+08:00
INV-0221-05,MAT-0221,WH-05,55,13,42,101,1,87,118,243.1,2026-06-12T08:00:00+08:00,2026-06-15T05:27:00+08:00
INV-0221-06,MAT-0221,WH-06,20,3,17,50,0,87,118,243.1,2026-06-15T08:00:00+08:00,2026-06-15T06:25:00+08:00
INV-0222-01,MAT-0222,WH-01,127,8,119,44,3,54,72,491.59,2026-05-21T08:00:00+08:00,2026-06-15T07:30:00+08:00
INV-0222-02,MAT-0222,WH-02,49,5,44,18,0,54,72,491.59,2026-05-22T08:00:00+08:00,2026-06-15T07:58:00+08:00
INV-0222-03,MAT-0222,WH-03,66,4,62,18,1,54,72,491.59,2026-05-24T08:00:00+08:00,2026-06-15T05:57:00+08:00
INV-0222-04,MAT-0222,WH-04,44,9,35,32,1,54,72,491.59,2026-05-31T08:00:00+08:00,2026-06-15T05:49:00+08:00
INV-0222-05,MAT-0222,WH-05,16,1,15,44,0,54,72,491.59,2026-06-13T08:00:00+08:00,2026-06-15T07:41:00+08:00
INV-0222-06,MAT-0222,WH-06,127,35,92,18,0,54,72,491.59,2026-06-07T08:00:00+08:00,2026-06-15T05:14:00+08:00
INV-0223-01,MAT-0223,WH-01,205,32,173,270,3,231,311,512.87,2026-06-01T08:00:00+08:00,2026-06-15T05:42:00+08:00
INV-0223-02,MAT-0223,WH-02,464,147,317,204,4,231,311,512.87,2026-06-09T08:00:00+08:00,2026-06-15T06:23:00+08:00
INV-0223-03,MAT-0223,WH-03,471,25,446,31,14,231,311,512.87,2026-06-05T08:00:00+08:00,2026-06-15T05:45:00+08:00
INV-0223-04,MAT-0223,WH-04,316,34,282,216,12,231,311,512.87,2026-06-07T08:00:00+08:00,2026-06-15T07:18:00+08:00
INV-0223-05,MAT-0223,WH-05,169,39,130,207,2,231,311,512.87,2026-05-19T08:00:00+08:00,2026-06-15T07:45:00+08:00
INV-0223-06,MAT-0223,WH-06,478,56,422,275,16,231,311,512.87,2026-05-24T08:00:00+08:00,2026-06-15T05:12:00+08:00
INV-0224-01,MAT-0224,WH-01,538,149,389,439,17,723,976,291.58,2026-05-29T08:00:00+08:00,2026-06-15T06:50:00+08:00
INV-0224-02,MAT-0224,WH-02,1196,97,1099,858,26,723,976,291.58,2026-06-07T08:00:00+08:00,2026-06-15T07:34:00+08:00
INV-0224-03,MAT-0224,WH-03,162,56,106,546,1,723,976,291.58,2026-06-01T08:00:00+08:00,2026-06-15T07:28:00+08:00
INV-0224-04,MAT-0224,WH-04,681,27,654,506,5,723,976,291.58,2026-05-25T08:00:00+08:00,2026-06-15T06:58:00+08:00
INV-0224-05,MAT-0224,WH-05,1708,2,1706,253,45,723,976,291.58,2026-05-28T08:00:00+08:00,2026-06-15T07:02:00+08:00
INV-0224-06,MAT-0224,WH-06,1327,226,1101,32,4,723,976,291.58,2026-05-30T08:00:00+08:00,2026-06-15T07:11:00+08:00
INV-0225-01,MAT-0225,WH-01,1378,198,1180,1554,7,2436,3288,664.28,2026-06-09T08:00:00+08:00,2026-06-15T07:33:00+08:00
INV-0225-02,MAT-0225,WH-02,4456,593,3863,1025,100,2436,3288,664.28,2026-06-10T08:00:00+08:00,2026-06-15T07:04:00+08:00
INV-0225-03,MAT-0225,WH-03,1281,364,917,1250,16,2436,3288,664.28,2026-05-19T08:00:00+08:00,2026-06-15T06:07:00+08:00
INV-0225-04,MAT-0225,WH-04,4127,285,3842,8,74,2436,3288,664.28,2026-06-08T08:00:00+08:00,2026-06-15T05:51:00+08:00
INV-0225-05,MAT-0225,WH-05,974,326,648,153,5,2436,3288,664.28,2026-06-07T08:00:00+08:00,2026-06-15T05:12:00+08:00
INV-0225-06,MAT-0225,WH-06,1410,127,1283,848,35,2436,3288,664.28,2026-06-08T08:00:00+08:00,2026-06-15T06:51:00+08:00
INV-0226-01,MAT-0226,WH-01,560,65,495,382,15,433,585,280.22,2026-05-26T08:00:00+08:00,2026-06-15T06:34:00+08:00
INV-0226-02,MAT-0226,WH-02,397,0,397,320,2,433,585,280.22,2026-06-11T08:00:00+08:00,2026-06-15T05:23:00+08:00
INV-0226-03,MAT-0226,WH-03,523,66,457,465,10,433,585,280.22,2026-05-20T08:00:00+08:00,2026-06-15T06:38:00+08:00
INV-0226-04,MAT-0226,WH-04,346,63,283,401,1,433,585,280.22,2026-06-03T08:00:00+08:00,2026-06-15T05:04:00+08:00
INV-0226-05,MAT-0226,WH-05,395,137,258,201,5,433,585,280.22,2026-06-10T08:00:00+08:00,2026-06-15T05:37:00+08:00
INV-0226-06,MAT-0226,WH-06,200,5,195,114,6,433,585,280.22,2026-06-06T08:00:00+08:00,2026-06-15T06:07:00+08:00
INV-0227-01,MAT-0227,WH-01,415,68,347,326,10,725,979,750.29,2026-06-14T08:00:00+08:00,2026-06-15T05:10:00+08:00
INV-0227-02,MAT-0227,WH-02,1595,459,1136,779,38,725,979,750.29,2026-05-27T08:00:00+08:00,2026-06-15T05:04:00+08:00
INV-0227-03,MAT-0227,WH-03,518,140,378,599,5,725,979,750.29,2026-05-18T08:00:00+08:00,2026-06-15T07:35:00+08:00
INV-0227-04,MAT-0227,WH-04,397,115,282,810,1,725,979,750.29,2026-05-26T08:00:00+08:00,2026-06-15T05:01:00+08:00
INV-0227-05,MAT-0227,WH-05,1092,322,770,270,42,725,979,750.29,2026-05-29T08:00:00+08:00,2026-06-15T05:24:00+08:00
INV-0227-06,MAT-0227,WH-06,1202,8,1194,280,34,725,979,750.29,2026-06-05T08:00:00+08:00,2026-06-15T07:41:00+08:00
INV-0228-01,MAT-0228,WH-01,383,41,342,52,9,305,412,7.86,2026-05-22T08:00:00+08:00,2026-06-15T07:52:00+08:00
INV-0228-02,MAT-0228,WH-02,352,51,301,173,8,305,412,7.86,2026-06-09T08:00:00+08:00,2026-06-15T07:31:00+08:00
INV-0228-03,MAT-0228,WH-03,446,48,398,322,0,305,412,7.86,2026-06-13T08:00:00+08:00,2026-06-15T06:54:00+08:00
INV-0228-04,MAT-0228,WH-04,629,194,435,247,24,305,412,7.86,2026-05-28T08:00:00+08:00,2026-06-15T07:20:00+08:00
INV-0228-05,MAT-0228,WH-05,579,124,455,214,8,305,412,7.86,2026-05-17T08:00:00+08:00,2026-06-15T07:05:00+08:00
INV-0228-06,MAT-0228,WH-06,539,51,488,200,17,305,412,7.86,2026-06-05T08:00:00+08:00,2026-06-15T07:11:00+08:00
INV-0229-01,MAT-0229,WH-01,277,18,259,773,3,861,1162,335.06,2026-06-03T08:00:00+08:00,2026-06-15T07:25:00+08:00
INV-0229-02,MAT-0229,WH-02,1837,288,1549,121,14,861,1162,335.06,2026-05-30T08:00:00+08:00,2026-06-15T06:22:00+08:00
INV-0229-03,MAT-0229,WH-03,533,91,442,600,14,861,1162,335.06,2026-06-11T08:00:00+08:00,2026-06-15T05:05:00+08:00
INV-0229-04,MAT-0229,WH-04,667,217,450,641,12,861,1162,335.06,2026-05-23T08:00:00+08:00,2026-06-15T05:55:00+08:00
INV-0229-05,MAT-0229,WH-05,1370,213,1157,608,49,861,1162,335.06,2026-06-06T08:00:00+08:00,2026-06-15T07:39:00+08:00
INV-0229-06,MAT-0229,WH-06,470,96,374,419,10,861,1162,335.06,2026-05-22T08:00:00+08:00,2026-06-15T05:05:00+08:00
INV-0230-01,MAT-0230,WH-01,1155,381,774,257,4,560,757,890.27,2026-06-01T08:00:00+08:00,2026-06-15T07:37:00+08:00
INV-0230-02,MAT-0230,WH-02,1000,269,731,56,33,560,757,890.27,2026-06-08T08:00:00+08:00,2026-06-15T06:02:00+08:00
INV-0230-03,MAT-0230,WH-03,669,195,474,325,6,560,757,890.27,2026-05-18T08:00:00+08:00,2026-06-15T05:18:00+08:00
INV-0230-04,MAT-0230,WH-04,858,237,621,295,9,560,757,890.27,2026-05-22T08:00:00+08:00,2026-06-15T07:09:00+08:00
INV-0230-05,MAT-0230,WH-05,526,5,521,556,5,560,757,890.27,2026-06-10T08:00:00+08:00,2026-06-15T06:02:00+08:00
INV-0230-06,MAT-0230,WH-06,174,54,120,644,4,560,757,890.27,2026-06-14T08:00:00+08:00,2026-06-15T06:29:00+08:00
INV-0231-01,MAT-0231,WH-01,2687,882,1805,589,85,1267,1711,293.15,2026-06-07T08:00:00+08:00,2026-06-15T06:39:00+08:00
INV-0231-02,MAT-0231,WH-02,2721,182,2539,1010,52,1267,1711,293.15,2026-06-10T08:00:00+08:00,2026-06-15T05:11:00+08:00
INV-0231-03,MAT-0231,WH-03,554,68,486,1242,16,1267,1711,293.15,2026-05-22T08:00:00+08:00,2026-06-15T07:52:00+08:00
INV-0231-04,MAT-0231,WH-04,876,3,873,1401,5,1267,1711,293.15,2026-06-11T08:00:00+08:00,2026-06-15T06:10:00+08:00
INV-0231-05,MAT-0231,WH-05,2097,72,2025,752,25,1267,1711,293.15,2026-05-16T08:00:00+08:00,2026-06-15T06:41:00+08:00
INV-0231-06,MAT-0231,WH-06,1500,39,1461,153,58,1267,1711,293.15,2026-06-11T08:00:00+08:00,2026-06-15T05:32:00+08:00
INV-0232-01,MAT-0232,WH-01,87,3,84,42,0,40,54,840.75,2026-06-12T08:00:00+08:00,2026-06-15T05:34:00+08:00
INV-0232-02,MAT-0232,WH-02,80,24,56,8,2,40,54,840.75,2026-05-19T08:00:00+08:00,2026-06-15T06:32:00+08:00
INV-0232-03,MAT-0232,WH-03,32,9,23,43,0,40,54,840.75,2026-05-23T08:00:00+08:00,2026-06-15T05:35:00+08:00
INV-0232-04,MAT-0232,WH-04,68,3,65,10,1,40,54,840.75,2026-05-25T08:00:00+08:00,2026-06-15T05:18:00+08:00
INV-0232-05,MAT-0232,WH-05,84,17,67,9,2,40,54,840.75,2026-06-13T08:00:00+08:00,2026-06-15T05:23:00+08:00
INV-0232-06,MAT-0232,WH-06,21,7,14,35,0,40,54,840.75,2026-06-08T08:00:00+08:00,2026-06-15T05:40:00+08:00
INV-0233-01,MAT-0233,WH-01,643,150,493,323,12,680,918,27.04,2026-06-07T08:00:00+08:00,2026-06-15T07:54:00+08:00
INV-0233-02,MAT-0233,WH-02,1178,394,784,736,6,680,918,27.04,2026-05-19T08:00:00+08:00,2026-06-15T05:15:00+08:00
INV-0233-03,MAT-0233,WH-03,1509,223,1286,208,15,680,918,27.04,2026-05-26T08:00:00+08:00,2026-06-15T07:19:00+08:00
INV-0233-04,MAT-0233,WH-04,188,58,130,128,4,680,918,27.04,2026-06-08T08:00:00+08:00,2026-06-15T07:00:00+08:00
INV-0233-05,MAT-0233,WH-05,1315,92,1223,497,37,680,918,27.04,2026-05-28T08:00:00+08:00,2026-06-15T06:13:00+08:00
INV-0233-06,MAT-0233,WH-06,1488,146,1342,674,12,680,918,27.04,2026-05-25T08:00:00+08:00,2026-06-15T07:24:00+08:00
INV-0234-01,MAT-0234,WH-01,209,73,136,301,2,280,378,145.19,2026-05-30T08:00:00+08:00,2026-06-15T05:16:00+08:00
INV-0234-02,MAT-0234,WH-02,537,181,356,12,3,280,378,145.19,2026-06-01T08:00:00+08:00,2026-06-15T07:28:00+08:00
INV-0234-03,MAT-0234,WH-03,517,144,373,30,19,280,378,145.19,2026-06-02T08:00:00+08:00,2026-06-15T06:28:00+08:00
INV-0234-04,MAT-0234,WH-04,69,17,52,168,2,280,378,145.19,2026-05-18T08:00:00+08:00,2026-06-15T06:53:00+08:00
INV-0234-05,MAT-0234,WH-05,433,139,294,18,9,280,378,145.19,2026-05-24T08:00:00+08:00,2026-06-15T07:43:00+08:00
INV-0234-06,MAT-0234,WH-06,494,98,396,315,14,280,378,145.19,2026-06-12T08:00:00+08:00,2026-06-15T07:54:00+08:00
INV-0235-01,MAT-0235,WH-01,160,19,141,181,0,170,229,145.23,2026-05-26T08:00:00+08:00,2026-06-15T07:44:00+08:00
INV-0235-02,MAT-0235,WH-02,381,122,259,123,9,170,229,145.23,2026-05-26T08:00:00+08:00,2026-06-15T07:10:00+08:00
INV-0235-03,MAT-0235,WH-03,129,17,112,20,4,170,229,145.23,2026-05-24T08:00:00+08:00,2026-06-15T05:17:00+08:00
INV-0235-04,MAT-0235,WH-04,366,109,257,153,3,170,229,145.23,2026-05-25T08:00:00+08:00,2026-06-15T05:31:00+08:00
INV-0235-05,MAT-0235,WH-05,266,8,258,19,4,170,229,145.23,2026-06-02T08:00:00+08:00,2026-06-15T07:52:00+08:00
INV-0235-06,MAT-0235,WH-06,389,112,277,35,2,170,229,145.23,2026-05-31T08:00:00+08:00,2026-06-15T07:15:00+08:00
INV-0236-01,MAT-0236,WH-01,501,163,338,161,4,366,494,515.16,2026-05-24T08:00:00+08:00,2026-06-15T07:16:00+08:00
INV-0236-02,MAT-0236,WH-02,607,161,446,118,16,366,494,515.16,2026-06-03T08:00:00+08:00,2026-06-15T06:07:00+08:00
INV-0236-03,MAT-0236,WH-03,182,38,144,259,3,366,494,515.16,2026-05-21T08:00:00+08:00,2026-06-15T07:07:00+08:00
INV-0236-04,MAT-0236,WH-04,439,27,412,436,2,366,494,515.16,2026-05-22T08:00:00+08:00,2026-06-15T06:54:00+08:00
INV-0236-05,MAT-0236,WH-05,182,42,140,244,3,366,494,515.16,2026-06-15T08:00:00+08:00,2026-06-15T05:28:00+08:00
INV-0236-06,MAT-0236,WH-06,125,34,91,302,0,366,494,515.16,2026-05-24T08:00:00+08:00,2026-06-15T06:41:00+08:00
INV-0237-01,MAT-0237,WH-01,88,6,82,36,0,37,50,44.55,2026-06-04T08:00:00+08:00,2026-06-15T07:33:00+08:00
INV-0237-02,MAT-0237,WH-02,46,6,40,32,1,37,50,44.55,2026-05-17T08:00:00+08:00,2026-06-15T06:50:00+08:00
INV-0237-03,MAT-0237,WH-03,82,4,78,25,2,37,50,44.55,2026-06-02T08:00:00+08:00,2026-06-15T05:15:00+08:00
INV-0237-04,MAT-0237,WH-04,52,8,44,34,0,37,50,44.55,2026-06-11T08:00:00+08:00,2026-06-15T06:00:00+08:00
INV-0237-05,MAT-0237,WH-05,89,0,89,13,1,37,50,44.55,2026-05-20T08:00:00+08:00,2026-06-15T05:25:00+08:00
INV-0237-06,MAT-0237,WH-06,31,2,29,5,0,37,50,44.55,2026-05-23T08:00:00+08:00,2026-06-15T05:40:00+08:00
INV-0238-01,MAT-0238,WH-01,1190,398,792,365,47,541,731,122.31,2026-06-13T08:00:00+08:00,2026-06-15T07:50:00+08:00
INV-0238-02,MAT-0238,WH-02,143,47,96,632,3,541,731,122.31,2026-06-02T08:00:00+08:00,2026-06-15T07:40:00+08:00
INV-0238-03,MAT-0238,WH-03,244,70,174,107,0,541,731,122.31,2026-06-07T08:00:00+08:00,2026-06-15T05:08:00+08:00
INV-0238-04,MAT-0238,WH-04,1101,167,934,443,7,541,731,122.31,2026-06-02T08:00:00+08:00,2026-06-15T07:15:00+08:00
INV-0238-05,MAT-0238,WH-05,180,9,171,422,1,541,731,122.31,2026-06-06T08:00:00+08:00,2026-06-15T06:42:00+08:00
INV-0238-06,MAT-0238,WH-06,421,130,291,308,6,541,731,122.31,2026-06-11T08:00:00+08:00,2026-06-15T07:57:00+08:00
INV-0239-01,MAT-0239,WH-01,1656,305,1351,329,28,793,1071,436.54,2026-05-17T08:00:00+08:00,2026-06-15T07:33:00+08:00
INV-0239-02,MAT-0239,WH-02,1578,439,1139,793,6,793,1071,436.54,2026-05-22T08:00:00+08:00,2026-06-15T07:31:00+08:00
INV-0239-03,MAT-0239,WH-03,1553,390,1163,627,45,793,1071,436.54,2026-06-11T08:00:00+08:00,2026-06-15T07:38:00+08:00
INV-0239-04,MAT-0239,WH-04,1389,248,1141,356,22,793,1071,436.54,2026-06-13T08:00:00+08:00,2026-06-15T06:07:00+08:00
INV-0239-05,MAT-0239,WH-05,939,135,804,488,26,793,1071,436.54,2026-05-22T08:00:00+08:00,2026-06-15T05:22:00+08:00
INV-0239-06,MAT-0239,WH-06,1547,385,1162,430,13,793,1071,436.54,2026-06-11T08:00:00+08:00,2026-06-15T07:30:00+08:00
INV-0240-01,MAT-0240,WH-01,169,51,118,512,6,690,931,109.3,2026-06-04T08:00:00+08:00,2026-06-15T07:35:00+08:00
INV-0240-02,MAT-0240,WH-02,1468,384,1084,165,32,690,931,109.3,2026-05-26T08:00:00+08:00,2026-06-15T05:00:00+08:00
INV-0240-03,MAT-0240,WH-03,584,42,542,480,9,690,931,109.3,2026-06-02T08:00:00+08:00,2026-06-15T05:09:00+08:00
INV-0240-04,MAT-0240,WH-04,1324,247,1077,397,4,690,931,109.3,2026-05-26T08:00:00+08:00,2026-06-15T07:11:00+08:00
INV-0240-05,MAT-0240,WH-05,269,37,232,182,0,690,931,109.3,2026-06-08T08:00:00+08:00,2026-06-15T06:47:00+08:00
INV-0240-06,MAT-0240,WH-06,1221,68,1153,553,38,690,931,109.3,2026-06-12T08:00:00+08:00,2026-06-15T06:19:00+08:00
