purchase_order_id,supplier_id,order_created_at,expected_arrival_at,purchase_status,currency,order_amount,payment_terms_days,buyer,line_count,updated_at
PO-202602-000001,SUP-012,2026-02-18T03:10:00+08:00,2026-02-25T03:10:00+08:00,draft,CNY,89992.32,15,战略采购组,1,2026-02-26T03:10:00+08:00
PO-202601-000002,SUP-022,2026-01-25T11:04:00+08:00,2026-01-30T11:04:00+08:00,received,CNY,12193164.2,90,采购二组,3,2026-02-24T11:04:00+08:00
PO-202511-000003,SUP-027,2025-11-11T14:34:00+08:00,2025-11-15T14:34:00+08:00,cancelled,CNY,5736564.19,30,采购二组,2,2025-12-14T14:34:00+08:00
PO-202511-000004,SUP-058,2025-11-01T10:03:00+08:00,2025-11-06T10:03:00+08:00,received,CNY,11533352.43,30,采购一组,4,2025-12-05T10:03:00+08:00
PO-202510-000005,SUP-001,2025-10-07T19:55:00+08:00,2025-10-12T19:55:00+08:00,received,CNY,2644065.35,45,采购一组,3,2025-10-22T19:55:00+08:00
PO-202512-000006,SUP-034,2025-12-02T03:32:00+08:00,2025-12-09T03:32:00+08:00,received,CNY,1036215.96,60,战略采购组,2,2025-12-17T03:32:00+08:00
PO-202605-000007,SUP-044,2026-05-13T03:32:00+08:00,2026-05-18T03:32:00+08:00,confirmed,CNY,12047185.67,45,采购一组,3,2026-06-04T03:32:00+08:00
PO-202605-000008,SUP-058,2026-05-11T08:13:00+08:00,2026-05-16T08:13:00+08:00,received,CNY,2024616.22,15,战略采购组,1,2026-06-15T08:00:00+08:00
PO-202509-000009,SUP-020,2025-09-19T00:48:00+08:00,2025-09-26T00:48:00+08:00,received,CNY,1782176.4,90,采购二组,1,2025-10-27T00:48:00+08:00
PO-202508-000010,SUP-041,2025-08-04T08:52:00+08:00,2025-08-08T08:52:00+08:00,delayed,CNY,4343655.98,90,采购一组,4,2025-09-09T08:52:00+08:00
PO-202511-000011,SUP-049,2025-11-19T05:45:00+08:00,2025-11-22T05:45:00+08:00,received,CNY,282561.29,30,采购二组,2,2025-12-16T05:45:00+08:00
PO-202604-000012,SUP-043,2026-04-21T20:00:00+08:00,2026-04-26T20:00:00+08:00,received,CNY,7903953.06,45,战略采购组,2,2026-04-29T20:00:00+08:00
PO-202512-000013,SUP-044,2025-12-30T01:06:00+08:00,2026-01-04T01:06:00+08:00,received,CNY,2104851.68,60,战略采购组,2,2026-01-01T01:06:00+08:00
PO-202509-000014,SUP-047,2025-09-08T06:33:00+08:00,2025-09-12T06:33:00+08:00,received,CNY,6823434.94,15,战略采购组,2,2025-10-03T06:33:00+08:00
PO-202602-000015,SUP-003,2026-02-12T23:56:00+08:00,2026-02-19T23:56:00+08:00,received,CNY,2630081.84,15,采购二组,4,2026-03-19T23:56:00+08:00
PO-202508-000016,SUP-051,2025-08-29T11:34:00+08:00,2025-09-03T11:34:00+08:00,in_transit,CNY,5885913.77,15,采购一组,3,2025-09-04T11:34:00+08:00
PO-202510-000017,SUP-058,2025-10-24T15:33:00+08:00,2025-10-31T15:33:00+08:00,in_transit,CNY,2207191.28,90,采购一组,3,2025-11-25T15:33:00+08:00
PO-202508-000018,SUP-025,2025-08-10T16:11:00+08:00,2025-08-15T16:11:00+08:00,draft,CNY,121626.36,15,采购一组,1,2025-09-08T16:11:00+08:00
PO-202507-000019,SUP-029,2025-07-26T16:23:00+08:00,2025-08-02T16:23:00+08:00,received,CNY,10312948.17,30,采购一组,4,2025-09-04T16:23:00+08:00
PO-202511-000020,SUP-002,2025-11-16T02:10:00+08:00,2025-11-23T02:10:00+08:00,in_transit,CNY,2997745.86,60,采购一组,2,2025-12-30T02:10:00+08:00
PO-202509-000021,SUP-050,2025-09-10T13:24:00+08:00,2025-09-17T13:24:00+08:00,in_transit,CNY,8301898.86,90,战略采购组,3,2025-10-17T13:24:00+08:00
PO-202508-000022,SUP-011,2025-08-23T05:07:00+08:00,2025-08-30T05:07:00+08:00,delayed,CNY,10599812.87,30,采购一组,4,2025-09-03T05:07:00+08:00
PO-202603-000023,SUP-004,2026-03-31T03:00:00+08:00,2026-04-07T03:00:00+08:00,received,CNY,6737665.7,15,战略采购组,3,2026-05-12T03:00:00+08:00
PO-202511-000024,SUP-036,2025-11-15T08:20:00+08:00,2025-11-20T08:20:00+08:00,received,CNY,8026731.84,90,采购二组,2,2025-11-30T08:20:00+08:00
PO-202507-000025,SUP-017,2025-07-02T18:12:00+08:00,2025-07-06T18:12:00+08:00,received,CNY,8151639.8,15,采购二组,3,2025-07-10T18:12:00+08:00
PO-202511-000026,SUP-037,2025-11-13T11:30:00+08:00,2025-11-17T11:30:00+08:00,received,CNY,1396000.47,15,采购一组,3,2025-11-15T11:30:00+08:00
PO-202509-000027,SUP-021,2025-09-26T21:24:00+08:00,2025-09-30T21:24:00+08:00,received,CNY,4209861.72,15,采购二组,3,2025-11-03T21:24:00+08:00
PO-202602-000028,SUP-045,2026-02-21T14:43:00+08:00,2026-02-28T14:43:00+08:00,received,CNY,1121467.01,15,采购二组,3,2026-03-03T14:43:00+08:00
PO-202605-000029,SUP-034,2026-05-26T02:31:00+08:00,2026-05-27T14:31:00+08:00,confirmed,CNY,2993381.88,30,采购二组,1,2026-06-15T08:00:00+08:00
PO-202606-000030,SUP-016,2026-06-07T07:08:00+08:00,2026-06-14T07:08:00+08:00,delayed,CNY,16631948.99,60,采购一组,4,2026-06-15T08:00:00+08:00
PO-202604-000031,SUP-056,2026-04-25T23:45:00+08:00,2026-05-02T23:45:00+08:00,delayed,CNY,8795131.61,15,采购一组,2,2026-06-01T23:45:00+08:00
PO-202602-000032,SUP-007,2026-02-10T17:51:00+08:00,2026-02-12T17:51:00+08:00,received,CNY,7456.68,45,战略采购组,1,2026-03-14T17:51:00+08:00
PO-202507-000033,SUP-050,2025-07-25T18:01:00+08:00,2025-07-30T18:01:00+08:00,confirmed,CNY,864829.38,15,采购二组,3,2025-08-26T18:01:00+08:00
PO-202510-000034,SUP-007,2025-10-15T20:28:00+08:00,2025-10-19T20:28:00+08:00,received,CNY,15338414.56,60,采购二组,4,2025-11-14T20:28:00+08:00
PO-202508-000035,SUP-041,2025-08-16T13:40:00+08:00,2025-08-20T13:40:00+08:00,in_transit,CNY,550221.85,30,采购二组,3,2025-09-30T13:40:00+08:00
PO-202507-000036,SUP-033,2025-07-03T19:39:00+08:00,2025-07-05T07:39:00+08:00,delayed,CNY,7503298.3,90,战略采购组,3,2025-07-20T19:39:00+08:00
PO-202510-000037,SUP-023,2025-10-27T07:12:00+08:00,2025-10-31T07:12:00+08:00,received,CNY,7635376.91,60,采购二组,2,2025-11-03T07:12:00+08:00
PO-202604-000038,SUP-060,2026-04-29T14:20:00+08:00,2026-05-03T14:20:00+08:00,received,CNY,19101586.51,45,采购一组,4,2026-05-31T14:20:00+08:00
PO-202512-000039,SUP-009,2025-12-29T03:40:00+08:00,2026-01-03T03:40:00+08:00,delayed,CNY,7275890.51,45,战略采购组,2,2026-01-17T03:40:00+08:00
PO-202602-000040,SUP-007,2026-02-16T09:20:00+08:00,2026-02-20T09:20:00+08:00,confirmed,CNY,9662680.4,15,采购二组,2,2026-03-01T09:20:00+08:00
PO-202601-000041,SUP-027,2026-01-23T05:03:00+08:00,2026-01-27T05:03:00+08:00,received,CNY,2636603.94,60,战略采购组,2,2026-02-08T05:03:00+08:00
PO-202512-000042,SUP-053,2025-12-26T11:37:00+08:00,2026-01-02T11:37:00+08:00,received,CNY,7045537.73,60,采购一组,3,2025-12-30T11:37:00+08:00
PO-202605-000043,SUP-022,2026-05-22T06:50:00+08:00,2026-05-29T06:50:00+08:00,in_transit,CNY,2722063.61,60,采购二组,3,2026-05-23T06:50:00+08:00
PO-202602-000044,SUP-023,2026-02-03T20:06:00+08:00,2026-02-08T20:06:00+08:00,in_transit,CNY,1811682.74,90,战略采购组,2,2026-02-18T20:06:00+08:00
PO-202510-000045,SUP-036,2025-10-07T11:04:00+08:00,2025-10-12T11:04:00+08:00,received,CNY,1755283.4,15,战略采购组,3,2025-10-19T11:04:00+08:00
PO-202604-000046,SUP-060,2026-04-13T17:00:00+08:00,2026-04-20T17:00:00+08:00,received,CNY,3561643.09,45,采购一组,3,2026-05-18T17:00:00+08:00
PO-202511-000047,SUP-032,2025-11-15T15:05:00+08:00,2025-11-17T15:05:00+08:00,in_transit,CNY,2021661.18,45,战略采购组,1,2025-12-16T15:05:00+08:00
PO-202507-000048,SUP-045,2025-07-10T23:31:00+08:00,2025-07-17T23:31:00+08:00,received,CNY,4510817.79,15,战略采购组,4,2025-08-01T23:31:00+08:00
PO-202604-000049,SUP-048,2026-04-22T07:53:00+08:00,2026-04-29T07:53:00+08:00,draft,CNY,5163220.21,15,战略采购组,2,2026-05-05T07:53:00+08:00
PO-202604-000050,SUP-048,2026-04-07T08:12:00+08:00,2026-04-14T08:12:00+08:00,in_transit,CNY,1452334.38,15,采购一组,2,2026-05-04T08:12:00+08:00
PO-202509-000051,SUP-008,2025-09-24T18:00:00+08:00,2025-09-28T18:00:00+08:00,delayed,CNY,2562470.03,30,采购二组,2,2025-09-30T18:00:00+08:00
PO-202511-000052,SUP-007,2025-11-22T08:17:00+08:00,2025-11-29T08:17:00+08:00,confirmed,CNY,6729777.79,15,战略采购组,3,2025-12-28T08:17:00+08:00
PO-202509-000053,SUP-018,2025-09-24T21:24:00+08:00,2025-09-26T21:24:00+08:00,received,CNY,1096529.28,30,采购二组,2,2025-10-15T21:24:00+08:00
PO-202512-000054,SUP-045,2025-12-21T06:13:00+08:00,2025-12-26T06:13:00+08:00,received,CNY,2053657.4,45,采购一组,1,2026-01-15T06:13:00+08:00
PO-202605-000055,SUP-051,2026-05-03T07:12:00+08:00,2026-05-10T07:12:00+08:00,draft,CNY,12564446.42,60,战略采购组,4,2026-06-01T07:12:00+08:00
PO-202602-000056,SUP-025,2026-02-26T02:32:00+08:00,2026-03-05T02:32:00+08:00,confirmed,CNY,2000527.65,90,采购一组,3,2026-02-28T02:32:00+08:00
PO-202511-000057,SUP-047,2025-11-22T10:01:00+08:00,2025-11-29T10:01:00+08:00,received,CNY,5379494.46,60,采购一组,4,2025-11-22T10:01:00+08:00
PO-202509-000058,SUP-045,2025-09-21T04:17:00+08:00,2025-09-28T04:17:00+08:00,confirmed,CNY,9791808.34,30,采购二组,3,2025-10-22T04:17:00+08:00
PO-202601-000059,SUP-042,2026-01-26T18:16:00+08:00,2026-01-30T18:16:00+08:00,draft,CNY,2971912.34,60,战略采购组,2,2026-02-19T18:16:00+08:00
PO-202511-000060,SUP-035,2025-11-15T15:38:00+08:00,2025-11-20T15:38:00+08:00,received,CNY,8567512.11,90,战略采购组,2,2025-11-27T15:38:00+08:00
PO-202512-000061,SUP-004,2025-12-10T12:24:00+08:00,2025-12-17T12:24:00+08:00,draft,CNY,297419.04,45,采购二组,1,2025-12-14T12:24:00+08:00
PO-202604-000062,SUP-046,2026-04-17T10:59:00+08:00,2026-04-18T22:59:00+08:00,delayed,CNY,2940624.0,30,采购二组,2,2026-05-24T10:59:00+08:00
PO-202604-000063,SUP-042,2026-04-23T16:14:00+08:00,2026-04-24T16:14:00+08:00,in_transit,CNY,4325772.96,90,战略采购组,1,2026-05-29T16:14:00+08:00
PO-202507-000064,SUP-054,2025-07-09T06:32:00+08:00,2025-07-16T06:32:00+08:00,in_transit,CNY,2323424.36,30,采购二组,4,2025-07-17T06:32:00+08:00
PO-202509-000065,SUP-054,2025-09-20T03:06:00+08:00,2025-09-25T03:06:00+08:00,received,CNY,1781827.66,45,战略采购组,2,2025-10-04T03:06:00+08:00
PO-202507-000066,SUP-035,2025-07-04T19:50:00+08:00,2025-07-06T07:50:00+08:00,received,CNY,6545398.98,30,采购二组,2,2025-07-23T19:50:00+08:00
PO-202603-000067,SUP-008,2026-03-15T17:14:00+08:00,2026-03-22T17:14:00+08:00,delayed,CNY,1721989.8,45,采购一组,1,2026-03-15T17:14:00+08:00
PO-202511-000068,SUP-015,2025-11-20T16:48:00+08:00,2025-11-27T16:48:00+08:00,received,CNY,1632299.88,60,采购二组,1,2025-11-28T16:48:00+08:00
PO-202602-000069,SUP-013,2026-02-11T10:57:00+08:00,2026-02-14T10:57:00+08:00,delayed,CNY,10896893.25,60,采购二组,1,2026-03-10T10:57:00+08:00
PO-202506-000070,SUP-056,2025-06-22T01:46:00+08:00,2025-06-24T01:46:00+08:00,received,CNY,2327613.78,60,战略采购组,2,2025-07-11T01:46:00+08:00
PO-202603-000071,SUP-021,2026-03-29T00:20:00+08:00,2026-04-01T00:20:00+08:00,confirmed,CNY,1464049.8,60,战略采购组,2,2026-05-06T00:20:00+08:00
PO-202511-000072,SUP-058,2025-11-11T14:56:00+08:00,2025-11-16T14:56:00+08:00,received,CNY,4629194.96,15,战略采购组,2,2025-11-13T14:56:00+08:00
PO-202605-000073,SUP-010,2026-05-22T14:03:00+08:00,2026-05-26T14:03:00+08:00,in_transit,CNY,1460575.48,45,采购一组,1,2026-06-15T08:00:00+08:00
PO-202511-000074,SUP-004,2025-11-02T07:00:00+08:00,2025-11-06T07:00:00+08:00,received,CNY,4994563.49,60,采购一组,2,2025-12-08T07:00:00+08:00
PO-202506-000075,SUP-035,2025-06-25T07:15:00+08:00,2025-06-30T07:15:00+08:00,received,CNY,4172213.99,30,采购二组,3,2025-07-01T07:15:00+08:00
PO-202512-000076,SUP-026,2025-12-26T20:12:00+08:00,2026-01-02T20:12:00+08:00,received,CNY,8611273.92,60,采购二组,4,2026-01-14T20:12:00+08:00
PO-202511-000077,SUP-055,2025-11-28T11:14:00+08:00,2025-12-03T11:14:00+08:00,cancelled,CNY,3695452.8,90,采购二组,4,2025-12-10T11:14:00+08:00
PO-202604-000078,SUP-044,2026-04-03T03:51:00+08:00,2026-04-10T03:51:00+08:00,received,CNY,11549351.89,60,采购二组,2,2026-05-05T03:51:00+08:00
PO-202603-000079,SUP-034,2026-03-29T06:51:00+08:00,2026-04-02T06:51:00+08:00,received,CNY,5862143.0,60,采购二组,4,2026-05-03T06:51:00+08:00
PO-202604-000080,SUP-053,2026-04-27T03:47:00+08:00,2026-05-01T03:47:00+08:00,cancelled,CNY,2776594.51,60,采购一组,2,2026-05-24T03:47:00+08:00
PO-202603-000081,SUP-041,2026-03-03T02:48:00+08:00,2026-03-10T02:48:00+08:00,confirmed,CNY,6360387.77,60,采购二组,4,2026-04-17T02:48:00+08:00
PO-202511-000082,SUP-010,2025-11-27T00:42:00+08:00,2025-12-01T00:42:00+08:00,received,CNY,3438958.53,15,战略采购组,3,2025-12-30T00:42:00+08:00
PO-202604-000083,SUP-053,2026-04-30T21:40:00+08:00,2026-05-04T21:40:00+08:00,confirmed,CNY,1348333.58,15,战略采购组,1,2026-05-15T21:40:00+08:00
PO-202507-000084,SUP-042,2025-07-13T21:02:00+08:00,2025-07-17T21:02:00+08:00,in_transit,CNY,5847873.46,15,战略采购组,4,2025-08-17T21:02:00+08:00
PO-202603-000085,SUP-026,2026-03-05T07:18:00+08:00,2026-03-12T07:18:00+08:00,received,CNY,2981885.82,45,采购一组,2,2026-03-27T07:18:00+08:00
PO-202507-000086,SUP-012,2025-07-22T18:37:00+08:00,2025-07-24T06:37:00+08:00,in_transit,CNY,6521320.3,30,战略采购组,1,2025-08-30T18:37:00+08:00
PO-202606-000087,SUP-003,2026-06-01T15:24:00+08:00,2026-06-08T15:24:00+08:00,in_transit,CNY,15827750.84,15,战略采购组,2,2026-06-15T08:00:00+08:00
PO-202511-000088,SUP-033,2025-11-18T15:31:00+08:00,2025-11-20T15:31:00+08:00,in_transit,CNY,957750.4,45,战略采购组,2,2025-12-11T15:31:00+08:00
PO-202509-000089,SUP-005,2025-09-02T16:54:00+08:00,2025-09-04T16:54:00+08:00,confirmed,CNY,869817.09,90,采购二组,3,2025-09-13T16:54:00+08:00
PO-202605-000090,SUP-056,2026-05-21T16:18:00+08:00,2026-05-23T16:18:00+08:00,confirmed,CNY,7090515.48,30,战略采购组,4,2026-06-15T08:00:00+08:00
PO-202601-000091,SUP-010,2026-01-03T20:15:00+08:00,2026-01-08T20:15:00+08:00,confirmed,CNY,6373943.48,90,采购一组,3,2026-02-17T20:15:00+08:00
PO-202509-000092,SUP-043,2025-09-26T05:29:00+08:00,2025-10-01T05:29:00+08:00,confirmed,CNY,5002097.38,45,采购一组,2,2025-10-10T05:29:00+08:00
PO-202601-000093,SUP-031,2026-01-05T06:41:00+08:00,2026-01-12T06:41:00+08:00,confirmed,CNY,12708009.18,60,采购一组,4,2026-02-19T06:41:00+08:00
PO-202511-000094,SUP-060,2025-11-26T09:48:00+08:00,2025-12-03T09:48:00+08:00,received,CNY,131879.63,30,采购二组,3,2025-12-14T09:48:00+08:00
PO-202510-000095,SUP-056,2025-10-24T10:23:00+08:00,2025-10-31T10:23:00+08:00,received,CNY,5364751.73,15,采购一组,1,2025-12-04T10:23:00+08:00
PO-202508-000096,SUP-060,2025-08-10T08:55:00+08:00,2025-08-14T08:55:00+08:00,received,CNY,3245720.13,30,战略采购组,2,2025-09-24T08:55:00+08:00
PO-202509-000097,SUP-060,2025-09-02T22:25:00+08:00,2025-09-06T22:25:00+08:00,received,CNY,12347493.36,15,战略采购组,4,2025-10-07T22:25:00+08:00
PO-202603-000098,SUP-030,2026-03-19T05:03:00+08:00,2026-03-24T05:03:00+08:00,cancelled,CNY,6472762.99,60,采购二组,3,2026-04-10T05:03:00+08:00
PO-202601-000099,SUP-005,2026-01-24T16:18:00+08:00,2026-01-29T16:18:00+08:00,received,CNY,291604.65,90,采购一组,2,2026-02-19T16:18:00+08:00
PO-202603-000100,SUP-038,2026-03-31T15:52:00+08:00,2026-04-07T15:52:00+08:00,received,CNY,12186791.87,30,战略采购组,4,2026-04-08T15:52:00+08:00
PO-202509-000101,SUP-036,2025-09-09T06:54:00+08:00,2025-09-14T06:54:00+08:00,received,CNY,4900624.4,45,采购二组,1,2025-10-12T06:54:00+08:00
PO-202508-000102,SUP-032,2025-08-04T02:10:00+08:00,2025-08-09T02:10:00+08:00,draft,CNY,4349330.5,15,战略采购组,4,2025-09-08T02:10:00+08:00
PO-202603-000103,SUP-031,2026-03-20T11:13:00+08:00,2026-03-24T11:13:00+08:00,received,CNY,5002570.26,15,战略采购组,3,2026-04-15T11:13:00+08:00
PO-202510-000104,SUP-041,2025-10-30T22:56:00+08:00,2025-11-03T22:56:00+08:00,delayed,CNY,1305856.74,30,战略采购组,2,2025-10-31T22:56:00+08:00
PO-202511-000105,SUP-013,2025-11-30T18:00:00+08:00,2025-12-05T18:00:00+08:00,received,CNY,7417510.98,30,采购二组,4,2025-12-21T18:00:00+08:00
PO-202602-000106,SUP-015,2026-02-13T19:21:00+08:00,2026-02-17T19:21:00+08:00,confirmed,CNY,409284.27,45,采购二组,1,2026-02-25T19:21:00+08:00
PO-202507-000107,SUP-033,2025-07-08T17:22:00+08:00,2025-07-12T17:22:00+08:00,draft,CNY,9634156.08,45,战略采购组,3,2025-07-29T17:22:00+08:00
PO-202508-000108,SUP-059,2025-08-17T01:01:00+08:00,2025-08-19T01:01:00+08:00,draft,CNY,17697.68,30,采购一组,1,2025-08-28T01:01:00+08:00
PO-202601-000109,SUP-034,2026-01-10T08:18:00+08:00,2026-01-12T08:18:00+08:00,received,CNY,2293241.64,30,采购二组,2,2026-02-15T08:18:00+08:00
PO-202602-000110,SUP-016,2026-02-19T04:25:00+08:00,2026-02-26T04:25:00+08:00,delayed,CNY,2340627.42,45,采购一组,2,2026-03-23T04:25:00+08:00
PO-202605-000111,SUP-021,2026-05-13T09:48:00+08:00,2026-05-20T09:48:00+08:00,received,CNY,9944099.05,45,采购二组,4,2026-06-15T08:00:00+08:00
PO-202508-000112,SUP-047,2025-08-24T07:11:00+08:00,2025-08-29T07:11:00+08:00,in_transit,CNY,4662905.18,15,战略采购组,2,2025-09-02T07:11:00+08:00
PO-202507-000113,SUP-010,2025-07-30T02:08:00+08:00,2025-08-06T02:08:00+08:00,confirmed,CNY,1264605.1,15,采购二组,4,2025-09-09T02:08:00+08:00
PO-202509-000114,SUP-011,2025-09-15T03:54:00+08:00,2025-09-16T15:54:00+08:00,confirmed,CNY,5522573.39,45,采购一组,1,2025-10-04T03:54:00+08:00
PO-202512-000115,SUP-027,2025-12-21T16:53:00+08:00,2025-12-25T16:53:00+08:00,received,CNY,3006902.6,60,采购一组,3,2026-01-18T16:53:00+08:00
PO-202601-000116,SUP-038,2026-01-13T05:49:00+08:00,2026-01-14T17:49:00+08:00,cancelled,CNY,954439.16,60,采购二组,1,2026-01-20T05:49:00+08:00
PO-202509-000117,SUP-033,2025-09-19T11:05:00+08:00,2025-09-21T11:05:00+08:00,received,CNY,1761402.98,30,战略采购组,1,2025-10-05T11:05:00+08:00
PO-202602-000118,SUP-039,2026-02-23T20:44:00+08:00,2026-02-28T20:44:00+08:00,delayed,CNY,15368624.13,90,采购一组,4,2026-04-06T20:44:00+08:00
PO-202605-000119,SUP-014,2026-05-15T20:32:00+08:00,2026-05-20T20:32:00+08:00,received,CNY,6381915.96,90,采购二组,3,2026-06-13T20:32:00+08:00
PO-202512-000120,SUP-037,2025-12-22T01:01:00+08:00,2025-12-26T01:01:00+08:00,received,CNY,1446919.92,30,采购二组,4,2026-01-28T01:01:00+08:00
PO-202509-000121,SUP-032,2025-09-20T10:58:00+08:00,2025-09-23T10:58:00+08:00,received,CNY,7635394.33,60,采购二组,3,2025-10-08T10:58:00+08:00
PO-202601-000122,SUP-056,2026-01-03T10:06:00+08:00,2026-01-04T22:06:00+08:00,delayed,CNY,3087397.72,15,采购二组,1,2026-02-15T10:06:00+08:00
PO-202604-000123,SUP-028,2026-04-11T02:40:00+08:00,2026-04-15T02:40:00+08:00,in_transit,CNY,3854963.75,45,采购二组,4,2026-05-26T02:40:00+08:00
PO-202604-000124,SUP-035,2026-04-05T14:53:00+08:00,2026-04-10T14:53:00+08:00,received,CNY,9114724.72,30,采购一组,2,2026-04-05T14:53:00+08:00
PO-202511-000125,SUP-020,2025-11-09T06:32:00+08:00,2025-11-12T06:32:00+08:00,draft,CNY,17213565.52,30,战略采购组,3,2025-11-29T06:32:00+08:00
PO-202509-000126,SUP-022,2025-09-06T16:21:00+08:00,2025-09-11T16:21:00+08:00,received,CNY,4581198.74,90,采购一组,3,2025-10-11T16:21:00+08:00
PO-202508-000127,SUP-015,2025-08-16T06:09:00+08:00,2025-08-23T06:09:00+08:00,received,CNY,5909038.4,30,战略采购组,1,2025-09-01T06:09:00+08:00
PO-202508-000128,SUP-002,2025-08-17T06:31:00+08:00,2025-08-21T06:31:00+08:00,received,CNY,6676285.88,90,采购二组,3,2025-08-17T06:31:00+08:00
PO-202509-000129,SUP-011,2025-09-12T18:39:00+08:00,2025-09-19T18:39:00+08:00,delayed,CNY,2457107.59,30,采购一组,4,2025-10-13T18:39:00+08:00
PO-202606-000130,SUP-028,2026-06-14T16:41:00+08:00,2026-06-21T16:41:00+08:00,delayed,CNY,6592353.01,15,采购二组,4,2026-06-15T08:00:00+08:00
PO-202602-000131,SUP-038,2026-02-18T01:15:00+08:00,2026-02-19T13:15:00+08:00,in_transit,CNY,1698887.41,60,战略采购组,1,2026-03-12T01:15:00+08:00
PO-202605-000132,SUP-036,2026-05-09T19:12:00+08:00,2026-05-14T19:12:00+08:00,confirmed,CNY,12661791.28,15,战略采购组,2,2026-06-03T19:12:00+08:00
PO-202602-000133,SUP-003,2026-02-11T04:28:00+08:00,2026-02-12T16:28:00+08:00,confirmed,CNY,3113588.01,90,采购二组,1,2026-03-07T04:28:00+08:00
PO-202508-000134,SUP-033,2025-08-17T00:06:00+08:00,2025-08-21T00:06:00+08:00,in_transit,CNY,1411320.52,60,采购二组,2,2025-09-08T00:06:00+08:00
PO-202512-000135,SUP-052,2025-12-09T00:04:00+08:00,2025-12-16T00:04:00+08:00,delayed,CNY,512336.99,45,采购一组,2,2025-12-30T00:04:00+08:00
PO-202512-000136,SUP-042,2025-12-02T23:09:00+08:00,2025-12-09T23:09:00+08:00,received,CNY,7165631.61,45,采购一组,3,2025-12-30T23:09:00+08:00
PO-202507-000137,SUP-031,2025-07-23T13:12:00+08:00,2025-07-28T13:12:00+08:00,draft,CNY,5962515.24,60,采购一组,3,2025-09-03T13:12:00+08:00
PO-202604-000138,SUP-001,2026-04-12T20:35:00+08:00,2026-04-14T08:35:00+08:00,received,CNY,2159277.12,45,采购二组,1,2026-04-28T20:35:00+08:00
PO-202510-000139,SUP-030,2025-10-07T18:38:00+08:00,2025-10-12T18:38:00+08:00,confirmed,CNY,6656089.77,45,采购二组,4,2025-10-24T18:38:00+08:00
PO-202507-000140,SUP-044,2025-07-09T23:43:00+08:00,2025-07-11T23:43:00+08:00,confirmed,CNY,1592555.64,90,采购一组,1,2025-07-16T23:43:00+08:00
PO-202507-000141,SUP-023,2025-07-18T00:11:00+08:00,2025-07-23T00:11:00+08:00,in_transit,CNY,14227601.58,15,采购二组,4,2025-08-03T00:11:00+08:00
PO-202601-000142,SUP-055,2026-01-08T12:08:00+08:00,2026-01-09T12:08:00+08:00,received,CNY,4139136.5,15,采购二组,1,2026-02-13T12:08:00+08:00
PO-202512-000143,SUP-046,2025-12-07T21:52:00+08:00,2025-12-10T21:52:00+08:00,received,CNY,2092550.23,90,采购二组,2,2025-12-30T21:52:00+08:00
PO-202511-000144,SUP-018,2025-11-03T06:03:00+08:00,2025-11-08T06:03:00+08:00,delayed,CNY,5547761.17,90,采购二组,2,2025-11-20T06:03:00+08:00
PO-202510-000145,SUP-013,2025-10-01T16:07:00+08:00,2025-10-06T16:07:00+08:00,delayed,CNY,5936874.02,60,战略采购组,2,2025-10-15T16:07:00+08:00
PO-202604-000146,SUP-011,2026-04-09T15:09:00+08:00,2026-04-16T15:09:00+08:00,delayed,CNY,87545.92,30,采购一组,1,2026-05-16T15:09:00+08:00
PO-202512-000147,SUP-027,2025-12-04T20:27:00+08:00,2025-12-08T20:27:00+08:00,received,CNY,14951470.3,30,战略采购组,4,2025-12-25T20:27:00+08:00
PO-202605-000148,SUP-020,2026-05-12T05:03:00+08:00,2026-05-13T05:03:00+08:00,confirmed,CNY,12323181.15,45,采购一组,1,2026-06-15T08:00:00+08:00
PO-202511-000149,SUP-017,2025-11-21T05:44:00+08:00,2025-11-28T05:44:00+08:00,received,CNY,2875549.8,30,采购二组,2,2025-11-25T05:44:00+08:00
PO-202605-000150,SUP-043,2026-05-09T22:16:00+08:00,2026-05-14T22:16:00+08:00,confirmed,CNY,6321222.72,90,战略采购组,2,2026-06-05T22:16:00+08:00
PO-202507-000151,SUP-031,2025-07-06T06:56:00+08:00,2025-07-10T06:56:00+08:00,confirmed,CNY,942096.0,45,采购二组,1,2025-07-16T06:56:00+08:00
PO-202508-000152,SUP-053,2025-08-19T05:11:00+08:00,2025-08-26T05:11:00+08:00,received,CNY,11285047.77,60,采购二组,4,2025-09-08T05:11:00+08:00
PO-202507-000153,SUP-003,2025-07-27T16:18:00+08:00,2025-07-31T16:18:00+08:00,delayed,CNY,2228457.52,45,采购一组,1,2025-09-09T16:18:00+08:00
PO-202511-000154,SUP-034,2025-11-25T13:38:00+08:00,2025-11-30T13:38:00+08:00,received,CNY,6747604.77,60,战略采购组,4,2026-01-01T13:38:00+08:00
PO-202606-000155,SUP-035,2026-06-14T09:33:00+08:00,2026-06-16T09:33:00+08:00,confirmed,CNY,2772489.03,90,采购二组,3,2026-06-15T08:00:00+08:00
PO-202508-000156,SUP-035,2025-08-16T02:25:00+08:00,2025-08-17T14:25:00+08:00,delayed,CNY,8661925.44,30,战略采购组,2,2025-09-18T02:25:00+08:00
PO-202605-000157,SUP-009,2026-05-27T00:23:00+08:00,2026-05-31T00:23:00+08:00,received,CNY,7219629.47,60,采购二组,3,2026-06-15T08:00:00+08:00
PO-202511-000158,SUP-007,2025-11-21T18:32:00+08:00,2025-11-28T18:32:00+08:00,received,CNY,2034075.72,60,采购二组,2,2025-12-18T18:32:00+08:00
PO-202511-000159,SUP-022,2025-11-18T17:47:00+08:00,2025-11-25T17:47:00+08:00,in_transit,CNY,167233.12,90,战略采购组,1,2025-11-29T17:47:00+08:00
PO-202510-000160,SUP-051,2025-10-24T11:23:00+08:00,2025-10-26T11:23:00+08:00,in_transit,CNY,754095.3,45,战略采购组,1,2025-11-29T11:23:00+08:00
PO-202605-000161,SUP-030,2026-05-21T04:52:00+08:00,2026-05-25T04:52:00+08:00,received,CNY,8376343.67,15,采购一组,3,2026-06-15T08:00:00+08:00
PO-202510-000162,SUP-022,2025-10-22T23:50:00+08:00,2025-10-27T23:50:00+08:00,in_transit,CNY,13645542.5,30,采购二组,2,2025-12-06T23:50:00+08:00
PO-202512-000163,SUP-011,2025-12-25T03:54:00+08:00,2025-12-30T03:54:00+08:00,in_transit,CNY,2759409.93,90,采购一组,4,2026-01-21T03:54:00+08:00
PO-202510-000164,SUP-027,2025-10-28T01:46:00+08:00,2025-11-01T01:46:00+08:00,confirmed,CNY,2538986.56,30,采购二组,2,2025-11-18T01:46:00+08:00
PO-202507-000165,SUP-031,2025-07-27T23:01:00+08:00,2025-08-01T23:01:00+08:00,received,CNY,14373369.99,15,战略采购组,4,2025-07-29T23:01:00+08:00
PO-202509-000166,SUP-024,2025-09-08T09:20:00+08:00,2025-09-09T09:20:00+08:00,received,CNY,436717.2,15,战略采购组,1,2025-10-15T09:20:00+08:00
PO-202605-000167,SUP-012,2026-05-31T12:01:00+08:00,2026-06-01T12:01:00+08:00,received,CNY,1669911.0,15,采购二组,1,2026-06-15T08:00:00+08:00
PO-202605-000168,SUP-048,2026-05-26T15:28:00+08:00,2026-05-31T15:28:00+08:00,received,CNY,12705934.44,45,采购一组,3,2026-06-15T08:00:00+08:00
PO-202508-000169,SUP-048,2025-08-21T17:52:00+08:00,2025-08-26T17:52:00+08:00,draft,CNY,10896811.2,30,采购二组,1,2025-09-29T17:52:00+08:00
PO-202512-000170,SUP-056,2025-12-12T00:20:00+08:00,2025-12-13T12:20:00+08:00,cancelled,CNY,7676303.07,90,战略采购组,1,2026-01-13T00:20:00+08:00
PO-202604-000171,SUP-058,2026-04-06T08:06:00+08:00,2026-04-11T08:06:00+08:00,received,CNY,4784369.68,60,战略采购组,2,2026-05-17T08:06:00+08:00
PO-202604-000172,SUP-024,2026-04-24T04:39:00+08:00,2026-04-28T04:39:00+08:00,received,CNY,5174699.87,60,采购二组,2,2026-05-05T04:39:00+08:00
PO-202511-000173,SUP-018,2025-11-19T03:45:00+08:00,2025-11-26T03:45:00+08:00,received,CNY,1299079.92,90,战略采购组,2,2025-12-01T03:45:00+08:00
PO-202601-000174,SUP-007,2026-01-21T07:25:00+08:00,2026-01-26T07:25:00+08:00,in_transit,CNY,11942600.61,45,采购一组,4,2026-02-02T07:25:00+08:00
PO-202603-000175,SUP-054,2026-03-13T11:45:00+08:00,2026-03-20T11:45:00+08:00,in_transit,CNY,8337020.82,45,采购二组,4,2026-04-11T11:45:00+08:00
PO-202512-000176,SUP-043,2025-12-27T12:13:00+08:00,2025-12-30T12:13:00+08:00,confirmed,CNY,1753500.46,15,战略采购组,2,2026-01-24T12:13:00+08:00
PO-202605-000177,SUP-026,2026-05-01T16:40:00+08:00,2026-05-08T16:40:00+08:00,confirmed,CNY,6469055.28,15,采购一组,2,2026-05-26T16:40:00+08:00
PO-202603-000178,SUP-045,2026-03-19T08:46:00+08:00,2026-03-20T20:46:00+08:00,received,CNY,3264249.44,15,采购一组,1,2026-03-22T08:46:00+08:00
PO-202605-000179,SUP-037,2026-05-11T16:12:00+08:00,2026-05-18T16:12:00+08:00,received,CNY,3316504.85,30,战略采购组,4,2026-05-28T16:12:00+08:00
PO-202508-000180,SUP-017,2025-08-08T00:06:00+08:00,2025-08-12T00:06:00+08:00,confirmed,CNY,15511621.95,30,战略采购组,4,2025-08-11T00:06:00+08:00
PO-202509-000181,SUP-028,2025-09-06T15:18:00+08:00,2025-09-10T15:18:00+08:00,confirmed,CNY,5541749.42,45,战略采购组,3,2025-09-08T15:18:00+08:00
PO-202509-000182,SUP-023,2025-09-15T13:25:00+08:00,2025-09-20T13:25:00+08:00,received,CNY,9463297.65,90,战略采购组,2,2025-10-19T13:25:00+08:00
PO-202601-000183,SUP-023,2026-01-05T21:03:00+08:00,2026-01-12T21:03:00+08:00,cancelled,CNY,2517360.28,60,采购二组,3,2026-01-09T21:03:00+08:00
PO-202602-000184,SUP-013,2026-02-06T17:46:00+08:00,2026-02-08T17:46:00+08:00,confirmed,CNY,3266793.73,15,采购一组,2,2026-03-03T17:46:00+08:00
PO-202605-000185,SUP-034,2026-05-18T04:30:00+08:00,2026-05-23T04:30:00+08:00,received,CNY,11713145.39,45,战略采购组,2,2026-06-15T08:00:00+08:00
PO-202508-000186,SUP-017,2025-08-04T17:38:00+08:00,2025-08-05T17:38:00+08:00,in_transit,CNY,8597410.96,30,采购二组,2,2025-08-19T17:38:00+08:00
PO-202604-000187,SUP-049,2026-04-25T12:56:00+08:00,2026-04-30T12:56:00+08:00,delayed,CNY,9524875.59,30,战略采购组,4,2026-05-03T12:56:00+08:00
PO-202602-000188,SUP-053,2026-02-13T16:07:00+08:00,2026-02-17T16:07:00+08:00,received,CNY,1425874.42,15,战略采购组,2,2026-03-24T16:07:00+08:00
PO-202604-000189,SUP-022,2026-04-27T04:34:00+08:00,2026-05-01T04:34:00+08:00,received,CNY,6612003.85,60,战略采购组,2,2026-05-21T04:34:00+08:00
PO-202512-000190,SUP-048,2025-12-04T11:22:00+08:00,2025-12-11T11:22:00+08:00,received,CNY,2805803.38,90,战略采购组,4,2025-12-10T11:22:00+08:00
PO-202507-000191,SUP-007,2025-07-12T06:58:00+08:00,2025-07-19T06:58:00+08:00,received,CNY,391211.52,45,采购二组,1,2025-07-21T06:58:00+08:00
PO-202510-000192,SUP-057,2025-10-06T08:27:00+08:00,2025-10-11T08:27:00+08:00,received,CNY,9647549.83,45,战略采购组,4,2025-10-29T08:27:00+08:00
PO-202507-000193,SUP-030,2025-07-03T15:38:00+08:00,2025-07-08T15:38:00+08:00,delayed,CNY,20774264.72,60,采购一组,4,2025-08-01T15:38:00+08:00
PO-202602-000194,SUP-025,2026-02-12T04:16:00+08:00,2026-02-13T04:16:00+08:00,received,CNY,2410.92,45,采购一组,1,2026-03-11T04:16:00+08:00
PO-202512-000195,SUP-011,2025-12-27T16:22:00+08:00,2026-01-03T16:22:00+08:00,delayed,CNY,2361796.29,45,采购二组,4,2026-01-31T16:22:00+08:00
PO-202511-000196,SUP-048,2025-11-09T20:11:00+08:00,2025-11-14T20:11:00+08:00,received,CNY,6351737.15,30,采购二组,3,2025-12-04T20:11:00+08:00
PO-202604-000197,SUP-048,2026-04-15T06:55:00+08:00,2026-04-22T06:55:00+08:00,delayed,CNY,284430.32,60,采购二组,3,2026-05-21T06:55:00+08:00
PO-202512-000198,SUP-019,2025-12-10T11:24:00+08:00,2025-12-15T11:24:00+08:00,received,CNY,4594713.94,15,战略采购组,2,2026-01-15T11:24:00+08:00
PO-202509-000199,SUP-015,2025-09-05T23:15:00+08:00,2025-09-10T23:15:00+08:00,confirmed,CNY,1999757.32,15,战略采购组,2,2025-10-11T23:15:00+08:00
PO-202512-000200,SUP-023,2025-12-24T22:24:00+08:00,2025-12-29T22:24:00+08:00,confirmed,CNY,2796320.52,60,战略采购组,3,2026-01-15T22:24:00+08:00
PO-202509-000201,SUP-018,2025-09-28T01:02:00+08:00,2025-10-05T01:02:00+08:00,in_transit,CNY,80714.82,90,采购二组,1,2025-10-21T01:02:00+08:00
PO-202601-000202,SUP-030,2026-01-01T08:24:00+08:00,2026-01-06T08:24:00+08:00,received,CNY,3058266.97,90,战略采购组,1,2026-02-04T08:24:00+08:00
PO-202507-000203,SUP-056,2025-07-02T00:21:00+08:00,2025-07-06T00:21:00+08:00,received,CNY,12621896.8,60,战略采购组,1,2025-07-14T00:21:00+08:00
PO-202511-000204,SUP-020,2025-11-18T10:44:00+08:00,2025-11-22T10:44:00+08:00,in_transit,CNY,1248866.44,90,战略采购组,1,2025-11-30T10:44:00+08:00
PO-202509-000205,SUP-040,2025-09-14T17:44:00+08:00,2025-09-16T05:44:00+08:00,in_transit,CNY,440480.3,30,采购一组,1,2025-10-02T17:44:00+08:00
PO-202506-000206,SUP-031,2025-06-26T16:10:00+08:00,2025-07-01T16:10:00+08:00,delayed,CNY,1403495.52,30,采购二组,2,2025-07-14T16:10:00+08:00
PO-202512-000207,SUP-040,2025-12-12T13:41:00+08:00,2025-12-19T13:41:00+08:00,delayed,CNY,2319396.25,45,采购一组,2,2026-01-26T13:41:00+08:00
PO-202601-000208,SUP-008,2026-01-06T08:50:00+08:00,2026-01-11T08:50:00+08:00,cancelled,CNY,12507003.07,15,采购二组,4,2026-02-02T08:50:00+08:00
PO-202604-000209,SUP-031,2026-04-08T23:31:00+08:00,2026-04-15T23:31:00+08:00,confirmed,CNY,2984117.28,45,采购二组,3,2026-05-20T23:31:00+08:00
PO-202512-000210,SUP-029,2025-12-27T11:38:00+08:00,2025-12-30T11:38:00+08:00,in_transit,CNY,4505430.64,15,采购一组,2,2026-01-31T11:38:00+08:00
PO-202602-000211,SUP-011,2026-02-09T18:03:00+08:00,2026-02-14T18:03:00+08:00,received,CNY,3607193.67,60,采购一组,4,2026-03-13T18:03:00+08:00
PO-202604-000212,SUP-037,2026-04-15T10:53:00+08:00,2026-04-20T10:53:00+08:00,confirmed,CNY,2742586.58,45,采购一组,2,2026-05-30T10:53:00+08:00
PO-202512-000213,SUP-038,2025-12-16T01:19:00+08:00,2025-12-23T01:19:00+08:00,received,CNY,7328089.35,90,战略采购组,4,2026-01-17T01:19:00+08:00
PO-202603-000214,SUP-048,2026-03-16T15:40:00+08:00,2026-03-21T15:40:00+08:00,draft,CNY,1584326.89,90,采购一组,2,2026-03-16T15:40:00+08:00
PO-202512-000215,SUP-022,2025-12-18T04:48:00+08:00,2025-12-23T04:48:00+08:00,in_transit,CNY,8764282.43,15,采购一组,4,2026-01-15T04:48:00+08:00
PO-202602-000216,SUP-039,2026-02-07T11:07:00+08:00,2026-02-12T11:07:00+08:00,delayed,CNY,6841045.57,30,采购一组,3,2026-03-08T11:07:00+08:00
PO-202507-000217,SUP-037,2025-07-19T12:56:00+08:00,2025-07-23T12:56:00+08:00,delayed,CNY,1766250.32,60,采购一组,1,2025-07-29T12:56:00+08:00
PO-202506-000218,SUP-050,2025-06-24T13:44:00+08:00,2025-06-26T01:44:00+08:00,confirmed,CNY,3855710.21,90,采购一组,3,2025-08-04T13:44:00+08:00
PO-202605-000219,SUP-038,2026-05-03T13:33:00+08:00,2026-05-05T01:33:00+08:00,in_transit,CNY,4067914.0,30,采购二组,2,2026-06-15T08:00:00+08:00
PO-202506-000220,SUP-005,2025-06-23T21:47:00+08:00,2025-06-26T21:47:00+08:00,in_transit,CNY,6643263.44,45,战略采购组,3,2025-06-30T21:47:00+08:00
PO-202603-000221,SUP-029,2026-03-01T12:15:00+08:00,2026-03-03T12:15:00+08:00,received,CNY,9634211.59,60,采购一组,2,2026-03-02T12:15:00+08:00
PO-202601-000222,SUP-023,2026-01-26T10:03:00+08:00,2026-02-02T10:03:00+08:00,confirmed,CNY,1694236.43,90,采购一组,3,2026-03-11T10:03:00+08:00
PO-202605-000223,SUP-001,2026-05-02T03:00:00+08:00,2026-05-07T03:00:00+08:00,in_transit,CNY,4011979.48,45,采购二组,2,2026-05-10T03:00:00+08:00
PO-202508-000224,SUP-007,2025-08-15T03:24:00+08:00,2025-08-20T03:24:00+08:00,in_transit,CNY,3770039.83,45,战略采购组,2,2025-09-16T03:24:00+08:00
PO-202509-000225,SUP-038,2025-09-21T22:39:00+08:00,2025-09-28T22:39:00+08:00,received,CNY,10368125.28,60,采购一组,2,2025-10-02T22:39:00+08:00
PO-202509-000226,SUP-038,2025-09-01T06:21:00+08:00,2025-09-08T06:21:00+08:00,received,CNY,8427025.52,90,采购二组,3,2025-10-02T06:21:00+08:00
PO-202512-000227,SUP-006,2025-12-01T04:24:00+08:00,2025-12-08T04:24:00+08:00,received,CNY,8757390.38,15,采购二组,4,2025-12-27T04:24:00+08:00
PO-202601-000228,SUP-020,2026-01-08T05:31:00+08:00,2026-01-15T05:31:00+08:00,received,CNY,521955.48,60,采购二组,1,2026-02-14T05:31:00+08:00
PO-202507-000229,SUP-051,2025-07-25T12:17:00+08:00,2025-08-01T12:17:00+08:00,in_transit,CNY,10655046.65,60,采购二组,2,2025-08-29T12:17:00+08:00
PO-202512-000230,SUP-032,2025-12-22T01:20:00+08:00,2025-12-29T01:20:00+08:00,in_transit,CNY,12300856.17,45,采购一组,4,2026-01-19T01:20:00+08:00
PO-202512-000231,SUP-029,2025-12-03T16:42:00+08:00,2025-12-10T16:42:00+08:00,received,CNY,865505.94,15,战略采购组,2,2026-01-14T16:42:00+08:00
PO-202509-000232,SUP-030,2025-09-05T03:16:00+08:00,2025-09-10T03:16:00+08:00,received,CNY,1843936.15,15,采购二组,3,2025-10-10T03:16:00+08:00
PO-202603-000233,SUP-002,2026-03-21T19:35:00+08:00,2026-03-28T19:35:00+08:00,cancelled,CNY,2302834.11,30,采购二组,4,2026-03-24T19:35:00+08:00
PO-202511-000234,SUP-045,2025-11-13T12:47:00+08:00,2025-11-20T12:47:00+08:00,delayed,CNY,6368990.73,90,采购一组,3,2025-12-12T12:47:00+08:00
PO-202601-000235,SUP-021,2026-01-07T22:05:00+08:00,2026-01-11T22:05:00+08:00,confirmed,CNY,501855.22,30,采购二组,2,2026-02-05T22:05:00+08:00
PO-202602-000236,SUP-019,2026-02-07T15:17:00+08:00,2026-02-12T15:17:00+08:00,in_transit,CNY,3934198.55,45,采购二组,4,2026-03-12T15:17:00+08:00
PO-202601-000237,SUP-017,2026-01-24T00:34:00+08:00,2026-01-31T00:34:00+08:00,confirmed,CNY,14970616.08,15,采购二组,3,2026-02-06T00:34:00+08:00
PO-202601-000238,SUP-026,2026-01-22T02:05:00+08:00,2026-01-27T02:05:00+08:00,received,CNY,2031384.46,90,战略采购组,2,2026-02-26T02:05:00+08:00
PO-202507-000239,SUP-054,2025-07-07T04:50:00+08:00,2025-07-14T04:50:00+08:00,received,CNY,4924642.84,60,战略采购组,4,2025-08-02T04:50:00+08:00
PO-202602-000240,SUP-009,2026-02-01T22:50:00+08:00,2026-02-05T22:50:00+08:00,in_transit,CNY,15491595.53,60,采购一组,4,2026-02-12T22:50:00+08:00
PO-202604-000241,SUP-026,2026-04-11T21:17:00+08:00,2026-04-18T21:17:00+08:00,in_transit,CNY,1398603.22,45,采购一组,2,2026-05-20T21:17:00+08:00
PO-202603-000242,SUP-014,2026-03-04T09:29:00+08:00,2026-03-11T09:29:00+08:00,received,CNY,7134212.15,45,采购二组,3,2026-03-17T09:29:00+08:00
PO-202508-000243,SUP-002,2025-08-05T21:35:00+08:00,2025-08-12T21:35:00+08:00,confirmed,CNY,2821938.32,15,战略采购组,4,2025-08-11T21:35:00+08:00
PO-202601-000244,SUP-002,2026-01-30T10:42:00+08:00,2026-01-31T22:42:00+08:00,confirmed,CNY,762642.0,60,战略采购组,1,2026-02-04T10:42:00+08:00
PO-202508-000245,SUP-027,2025-08-13T20:39:00+08:00,2025-08-16T20:39:00+08:00,confirmed,CNY,4788585.2,15,采购二组,3,2025-09-09T20:39:00+08:00
PO-202603-000246,SUP-009,2026-03-12T03:33:00+08:00,2026-03-19T03:33:00+08:00,delayed,CNY,4799744.49,60,采购二组,3,2026-04-13T03:33:00+08:00
PO-202512-000247,SUP-017,2025-12-22T06:07:00+08:00,2025-12-29T06:07:00+08:00,received,CNY,2489215.82,15,战略采购组,3,2026-01-19T06:07:00+08:00
PO-202509-000248,SUP-034,2025-09-13T03:33:00+08:00,2025-09-20T03:33:00+08:00,delayed,CNY,849151.71,30,战略采购组,3,2025-09-24T03:33:00+08:00
PO-202508-000249,SUP-003,2025-08-05T02:46:00+08:00,2025-08-10T02:46:00+08:00,confirmed,CNY,240948.56,60,采购二组,2,2025-08-18T02:46:00+08:00
PO-202605-000250,SUP-053,2026-05-03T06:23:00+08:00,2026-05-10T06:23:00+08:00,received,CNY,6103194.08,60,战略采购组,3,2026-05-07T06:23:00+08:00
PO-202606-000251,SUP-006,2026-06-05T02:43:00+08:00,2026-06-10T02:43:00+08:00,received,CNY,6002405.18,60,采购二组,3,2026-06-15T08:00:00+08:00
PO-202605-000252,SUP-053,2026-05-04T06:15:00+08:00,2026-05-09T06:15:00+08:00,received,CNY,2144428.34,90,采购二组,3,2026-05-22T06:15:00+08:00
PO-202509-000253,SUP-033,2025-09-09T07:34:00+08:00,2025-09-13T07:34:00+08:00,received,CNY,7014690.23,90,采购一组,4,2025-10-01T07:34:00+08:00
PO-202510-000254,SUP-007,2025-10-06T14:11:00+08:00,2025-10-11T14:11:00+08:00,draft,CNY,1518910.38,60,采购二组,3,2025-11-09T14:11:00+08:00
PO-202512-000255,SUP-024,2025-12-31T05:55:00+08:00,2026-01-05T05:55:00+08:00,confirmed,CNY,4774961.82,30,采购一组,2,2026-02-09T05:55:00+08:00
PO-202509-000256,SUP-051,2025-09-27T08:19:00+08:00,2025-10-02T08:19:00+08:00,received,CNY,1581834.2,60,采购一组,1,2025-09-27T08:19:00+08:00
PO-202508-000257,SUP-023,2025-08-03T09:45:00+08:00,2025-08-08T09:45:00+08:00,confirmed,CNY,9052964.05,45,采购一组,1,2025-09-17T09:45:00+08:00
PO-202601-000258,SUP-029,2026-01-05T22:53:00+08:00,2026-01-06T22:53:00+08:00,received,CNY,1153828.69,60,采购一组,2,2026-01-24T22:53:00+08:00
PO-202507-000259,SUP-042,2025-07-20T02:05:00+08:00,2025-07-24T02:05:00+08:00,received,CNY,3916976.69,15,战略采购组,3,2025-08-01T02:05:00+08:00
PO-202604-000260,SUP-039,2026-04-29T19:41:00+08:00,2026-05-03T19:41:00+08:00,received,CNY,10306998.88,90,采购二组,4,2026-05-01T19:41:00+08:00
PO-202601-000261,SUP-051,2026-01-29T05:57:00+08:00,2026-02-05T05:57:00+08:00,in_transit,CNY,9546616.97,15,采购二组,3,2026-03-05T05:57:00+08:00
PO-202606-000262,SUP-041,2026-06-08T04:30:00+08:00,2026-06-12T04:30:00+08:00,received,CNY,1128882.23,90,采购一组,3,2026-06-15T08:00:00+08:00
PO-202601-000263,SUP-057,2026-01-16T14:30:00+08:00,2026-01-19T14:30:00+08:00,received,CNY,6477917.57,60,采购一组,2,2026-02-14T14:30:00+08:00
PO-202604-000264,SUP-055,2026-04-05T08:51:00+08:00,2026-04-06T20:51:00+08:00,delayed,CNY,357244.29,60,采购二组,2,2026-04-19T08:51:00+08:00
PO-202605-000265,SUP-013,2026-05-11T20:57:00+08:00,2026-05-16T20:57:00+08:00,in_transit,CNY,5348331.38,90,采购一组,4,2026-06-14T20:57:00+08:00
PO-202509-000266,SUP-026,2025-09-14T10:47:00+08:00,2025-09-21T10:47:00+08:00,confirmed,CNY,11893332.92,90,战略采购组,3,2025-09-14T10:47:00+08:00
PO-202603-000267,SUP-029,2026-03-05T19:45:00+08:00,2026-03-12T19:45:00+08:00,draft,CNY,8708917.69,30,战略采购组,2,2026-04-09T19:45:00+08:00
PO-202512-000268,SUP-004,2025-12-19T02:23:00+08:00,2025-12-23T02:23:00+08:00,received,CNY,9663970.69,90,采购一组,2,2026-01-12T02:23:00+08:00
PO-202601-000269,SUP-010,2026-01-18T16:13:00+08:00,2026-01-22T16:13:00+08:00,delayed,CNY,6598827.47,45,战略采购组,2,2026-02-27T16:13:00+08:00
PO-202512-000270,SUP-008,2025-12-25T06:55:00+08:00,2025-12-27T06:55:00+08:00,received,CNY,3234896.81,90,采购一组,3,2026-01-22T06:55:00+08:00
PO-202511-000271,SUP-060,2025-11-14T08:23:00+08:00,2025-11-18T08:23:00+08:00,in_transit,CNY,10905850.79,30,战略采购组,3,2025-12-21T08:23:00+08:00
PO-202604-000272,SUP-058,2026-04-01T21:54:00+08:00,2026-04-08T21:54:00+08:00,delayed,CNY,11145494.74,90,采购一组,3,2026-05-16T21:54:00+08:00
PO-202604-000273,SUP-032,2026-04-13T23:50:00+08:00,2026-04-16T23:50:00+08:00,in_transit,CNY,4406988.46,90,采购一组,1,2026-04-13T23:50:00+08:00
PO-202605-000274,SUP-058,2026-05-16T22:16:00+08:00,2026-05-18T10:16:00+08:00,received,CNY,10628306.2,30,采购一组,4,2026-06-15T08:00:00+08:00
PO-202603-000275,SUP-042,2026-03-22T22:50:00+08:00,2026-03-26T22:50:00+08:00,received,CNY,2325329.66,45,采购二组,2,2026-03-22T22:50:00+08:00
PO-202511-000276,SUP-058,2025-11-08T09:24:00+08:00,2025-11-13T09:24:00+08:00,cancelled,CNY,3013032.01,45,采购一组,3,2025-12-08T09:24:00+08:00
PO-202508-000277,SUP-024,2025-08-26T00:57:00+08:00,2025-08-31T00:57:00+08:00,delayed,CNY,711007.34,45,采购一组,2,2025-08-30T00:57:00+08:00
PO-202602-000278,SUP-012,2026-02-16T06:14:00+08:00,2026-02-20T06:14:00+08:00,received,CNY,8188032.67,90,采购二组,3,2026-02-26T06:14:00+08:00
PO-202510-000279,SUP-039,2025-10-24T05:28:00+08:00,2025-10-29T05:28:00+08:00,delayed,CNY,11851818.34,15,战略采购组,4,2025-11-26T05:28:00+08:00
PO-202509-000280,SUP-042,2025-09-21T06:29:00+08:00,2025-09-26T06:29:00+08:00,received,CNY,10561889.81,60,战略采购组,3,2025-10-28T06:29:00+08:00
PO-202601-000281,SUP-042,2026-01-26T12:01:00+08:00,2026-01-28T12:01:00+08:00,in_transit,CNY,8544746.1,15,战略采购组,2,2026-02-27T12:01:00+08:00
PO-202511-000282,SUP-043,2025-11-08T02:20:00+08:00,2025-11-13T02:20:00+08:00,in_transit,CNY,31389284.45,15,战略采购组,4,2025-12-16T02:20:00+08:00
PO-202510-000283,SUP-005,2025-10-11T12:03:00+08:00,2025-10-13T12:03:00+08:00,received,CNY,9865120.68,90,采购二组,4,2025-10-18T12:03:00+08:00
PO-202603-000284,SUP-026,2026-03-04T20:10:00+08:00,2026-03-11T20:10:00+08:00,received,CNY,2573871.3,45,采购一组,2,2026-03-31T20:10:00+08:00
PO-202507-000285,SUP-049,2025-07-14T16:42:00+08:00,2025-07-19T16:42:00+08:00,received,CNY,16565419.6,60,战略采购组,3,2025-08-22T16:42:00+08:00
PO-202601-000286,SUP-021,2026-01-15T19:53:00+08:00,2026-01-20T19:53:00+08:00,delayed,CNY,1579733.92,15,采购二组,2,2026-01-21T19:53:00+08:00
PO-202603-000287,SUP-050,2026-03-12T01:28:00+08:00,2026-03-13T13:28:00+08:00,draft,CNY,9132077.05,15,战略采购组,2,2026-04-20T01:28:00+08:00
PO-202507-000288,SUP-033,2025-07-31T17:18:00+08:00,2025-08-02T05:18:00+08:00,received,CNY,3546697.59,90,采购一组,1,2025-08-02T17:18:00+08:00
PO-202506-000289,SUP-005,2025-06-16T11:33:00+08:00,2025-06-17T23:33:00+08:00,in_transit,CNY,4156511.84,45,战略采购组,1,2025-07-04T11:33:00+08:00
PO-202602-000290,SUP-002,2026-02-02T06:16:00+08:00,2026-02-06T06:16:00+08:00,draft,CNY,5099111.15,60,战略采购组,2,2026-02-25T06:16:00+08:00
PO-202511-000291,SUP-059,2025-11-02T21:35:00+08:00,2025-11-09T21:35:00+08:00,in_transit,CNY,6182852.81,60,采购二组,2,2025-11-27T21:35:00+08:00
PO-202606-000292,SUP-024,2026-06-02T11:13:00+08:00,2026-06-07T11:13:00+08:00,received,CNY,12352505.11,30,战略采购组,3,2026-06-15T08:00:00+08:00
PO-202603-000293,SUP-030,2026-03-15T11:34:00+08:00,2026-03-20T11:34:00+08:00,delayed,CNY,8283602.96,90,采购二组,4,2026-04-27T11:34:00+08:00
PO-202509-000294,SUP-051,2025-09-19T23:36:00+08:00,2025-09-26T23:36:00+08:00,received,CNY,3806134.84,60,战略采购组,3,2025-10-23T23:36:00+08:00
PO-202601-000295,SUP-025,2026-01-16T20:26:00+08:00,2026-01-23T20:26:00+08:00,draft,CNY,832885.98,90,采购一组,4,2026-01-25T20:26:00+08:00
PO-202601-000296,SUP-041,2026-01-24T23:54:00+08:00,2026-01-28T23:54:00+08:00,delayed,CNY,815512.94,15,战略采购组,1,2026-02-23T23:54:00+08:00
PO-202605-000297,SUP-054,2026-05-18T18:30:00+08:00,2026-05-19T18:30:00+08:00,delayed,CNY,4094913.75,30,采购二组,1,2026-06-03T18:30:00+08:00
PO-202510-000298,SUP-007,2025-10-22T11:57:00+08:00,2025-10-24T11:57:00+08:00,in_transit,CNY,7521973.23,30,战略采购组,2,2025-11-15T11:57:00+08:00
PO-202510-000299,SUP-043,2025-10-13T00:23:00+08:00,2025-10-18T00:23:00+08:00,delayed,CNY,4588572.25,60,采购二组,3,2025-10-17T00:23:00+08:00
PO-202508-000300,SUP-018,2025-08-06T09:10:00+08:00,2025-08-13T09:10:00+08:00,draft,CNY,2532522.93,90,采购一组,3,2025-08-08T09:10:00+08:00
PO-202507-000301,SUP-016,2025-07-16T14:46:00+08:00,2025-07-23T14:46:00+08:00,confirmed,CNY,1891080.36,30,战略采购组,1,2025-07-19T14:46:00+08:00
PO-202509-000302,SUP-054,2025-09-09T10:45:00+08:00,2025-09-16T10:45:00+08:00,draft,CNY,3677040.84,60,采购一组,2,2025-09-14T10:45:00+08:00
PO-202510-000303,SUP-056,2025-10-12T03:59:00+08:00,2025-10-15T03:59:00+08:00,delayed,CNY,3533733.14,30,采购一组,1,2025-10-27T03:59:00+08:00
PO-202509-000304,SUP-018,2025-09-14T22:26:00+08:00,2025-09-21T22:26:00+08:00,received,CNY,69090.42,90,战略采购组,1,2025-09-17T22:26:00+08:00
PO-202511-000305,SUP-043,2025-11-08T15:13:00+08:00,2025-11-12T15:13:00+08:00,delayed,CNY,5068465.99,90,战略采购组,3,2025-11-27T15:13:00+08:00
PO-202604-000306,SUP-007,2026-04-30T17:06:00+08:00,2026-05-07T17:06:00+08:00,received,CNY,1359566.57,15,采购一组,3,2026-05-08T17:06:00+08:00
PO-202605-000307,SUP-033,2026-05-21T08:37:00+08:00,2026-05-24T08:37:00+08:00,confirmed,CNY,3767341.93,90,战略采购组,3,2026-06-15T08:00:00+08:00
PO-202605-000308,SUP-021,2026-05-23T00:47:00+08:00,2026-05-24T00:47:00+08:00,in_transit,CNY,645853.77,45,战略采购组,2,2026-06-15T08:00:00+08:00
PO-202605-000309,SUP-015,2026-05-02T01:37:00+08:00,2026-05-09T01:37:00+08:00,received,CNY,8877757.4,90,采购一组,2,2026-05-22T01:37:00+08:00
PO-202508-000310,SUP-018,2025-08-18T22:29:00+08:00,2025-08-23T22:29:00+08:00,received,CNY,6766318.67,30,采购一组,2,2025-09-15T22:29:00+08:00
PO-202602-000311,SUP-053,2026-02-28T20:20:00+08:00,2026-03-02T20:20:00+08:00,delayed,CNY,559992.5,45,战略采购组,1,2026-04-02T20:20:00+08:00
PO-202512-000312,SUP-059,2025-12-27T01:59:00+08:00,2025-12-31T01:59:00+08:00,received,CNY,5141092.59,90,采购一组,3,2026-01-26T01:59:00+08:00
PO-202510-000313,SUP-009,2025-10-02T20:45:00+08:00,2025-10-09T20:45:00+08:00,cancelled,CNY,17581602.24,15,采购一组,3,2025-11-11T20:45:00+08:00
PO-202606-000314,SUP-041,2026-06-06T19:54:00+08:00,2026-06-13T19:54:00+08:00,confirmed,CNY,1756060.01,30,采购一组,2,2026-06-15T08:00:00+08:00
PO-202602-000315,SUP-015,2026-02-16T04:02:00+08:00,2026-02-23T04:02:00+08:00,received,CNY,9560122.3,90,采购一组,2,2026-03-09T04:02:00+08:00
PO-202602-000316,SUP-004,2026-02-16T00:01:00+08:00,2026-02-20T00:01:00+08:00,in_transit,CNY,12833600.27,30,采购一组,3,2026-04-01T00:01:00+08:00
PO-202507-000317,SUP-012,2025-07-31T01:43:00+08:00,2025-08-07T01:43:00+08:00,received,CNY,11185797.52,90,战略采购组,4,2025-08-19T01:43:00+08:00
PO-202512-000318,SUP-015,2025-12-13T07:44:00+08:00,2025-12-20T07:44:00+08:00,confirmed,CNY,9727354.13,60,采购二组,3,2026-01-25T07:44:00+08:00
PO-202604-000319,SUP-058,2026-04-19T03:45:00+08:00,2026-04-26T03:45:00+08:00,delayed,CNY,4580516.33,90,战略采购组,3,2026-04-28T03:45:00+08:00
PO-202604-000320,SUP-035,2026-04-23T18:55:00+08:00,2026-04-28T18:55:00+08:00,in_transit,CNY,1878369.79,45,采购二组,3,2026-05-20T18:55:00+08:00
PO-202510-000321,SUP-013,2025-10-21T23:31:00+08:00,2025-10-28T23:31:00+08:00,received,CNY,16501766.62,90,战略采购组,4,2025-11-18T23:31:00+08:00
PO-202509-000322,SUP-053,2025-09-23T04:23:00+08:00,2025-09-27T04:23:00+08:00,confirmed,CNY,633425.27,90,战略采购组,1,2025-11-06T04:23:00+08:00
PO-202510-000323,SUP-019,2025-10-31T14:13:00+08:00,2025-11-05T14:13:00+08:00,received,CNY,3207156.68,90,采购二组,3,2025-12-04T14:13:00+08:00
PO-202510-000324,SUP-012,2025-10-23T16:24:00+08:00,2025-10-27T16:24:00+08:00,in_transit,CNY,3617405.19,60,采购二组,2,2025-11-25T16:24:00+08:00
PO-202603-000325,SUP-022,2026-03-30T00:31:00+08:00,2026-04-01T00:31:00+08:00,in_transit,CNY,709701.88,45,采购二组,1,2026-04-14T00:31:00+08:00
PO-202509-000326,SUP-035,2025-09-30T03:21:00+08:00,2025-10-02T03:21:00+08:00,received,CNY,6452293.7,90,采购二组,3,2025-10-15T03:21:00+08:00
PO-202512-000327,SUP-014,2025-12-22T04:56:00+08:00,2025-12-27T04:56:00+08:00,received,CNY,8101438.75,30,战略采购组,3,2025-12-30T04:56:00+08:00
PO-202511-000328,SUP-052,2025-11-20T13:21:00+08:00,2025-11-23T13:21:00+08:00,received,CNY,1093774.19,60,采购二组,2,2025-12-26T13:21:00+08:00
PO-202511-000329,SUP-027,2025-11-19T12:29:00+08:00,2025-11-23T12:29:00+08:00,delayed,CNY,5431858.65,45,采购二组,2,2026-01-01T12:29:00+08:00
PO-202507-000330,SUP-038,2025-07-15T10:59:00+08:00,2025-07-22T10:59:00+08:00,received,CNY,20366954.86,15,采购二组,4,2025-07-19T10:59:00+08:00
PO-202509-000331,SUP-030,2025-09-26T19:17:00+08:00,2025-10-01T19:17:00+08:00,confirmed,CNY,153678.96,45,采购一组,1,2025-11-04T19:17:00+08:00
PO-202507-000332,SUP-016,2025-07-25T13:31:00+08:00,2025-07-30T13:31:00+08:00,received,CNY,10658604.88,45,采购一组,3,2025-08-29T13:31:00+08:00
PO-202510-000333,SUP-058,2025-10-05T10:43:00+08:00,2025-10-06T22:43:00+08:00,received,CNY,2094776.35,45,采购一组,1,2025-10-09T10:43:00+08:00
PO-202507-000334,SUP-015,2025-07-16T16:01:00+08:00,2025-07-23T16:01:00+08:00,draft,CNY,6334990.46,45,战略采购组,4,2025-08-11T16:01:00+08:00
PO-202604-000335,SUP-007,2026-04-03T05:41:00+08:00,2026-04-10T05:41:00+08:00,received,CNY,1693104.84,60,采购二组,2,2026-04-09T05:41:00+08:00
PO-202602-000336,SUP-019,2026-02-10T20:40:00+08:00,2026-02-17T20:40:00+08:00,confirmed,CNY,4263190.59,15,采购二组,4,2026-03-26T20:40:00+08:00
PO-202604-000337,SUP-057,2026-04-15T09:53:00+08:00,2026-04-22T09:53:00+08:00,received,CNY,4998216.75,45,采购一组,3,2026-04-28T09:53:00+08:00
PO-202604-000338,SUP-042,2026-04-07T10:18:00+08:00,2026-04-10T10:18:00+08:00,delayed,CNY,2249502.8,15,采购二组,3,2026-04-12T10:18:00+08:00
PO-202509-000339,SUP-046,2025-09-12T13:00:00+08:00,2025-09-16T13:00:00+08:00,confirmed,CNY,2980774.16,45,采购二组,1,2025-10-02T13:00:00+08:00
PO-202606-000340,SUP-006,2026-06-10T22:22:00+08:00,2026-06-13T22:22:00+08:00,received,CNY,546915.01,15,战略采购组,1,2026-06-15T08:00:00+08:00
PO-202511-000341,SUP-017,2025-11-10T04:31:00+08:00,2025-11-17T04:31:00+08:00,confirmed,CNY,5089633.38,60,采购二组,1,2025-11-29T04:31:00+08:00
PO-202601-000342,SUP-013,2026-01-07T09:18:00+08:00,2026-01-10T09:18:00+08:00,received,CNY,7667704.66,60,战略采购组,3,2026-01-12T09:18:00+08:00
PO-202509-000343,SUP-002,2025-09-17T13:45:00+08:00,2025-09-24T13:45:00+08:00,in_transit,CNY,3215384.36,45,战略采购组,2,2025-10-04T13:45:00+08:00
PO-202512-000344,SUP-026,2025-12-12T18:40:00+08:00,2025-12-19T18:40:00+08:00,received,CNY,9347371.56,60,采购二组,4,2026-01-15T18:40:00+08:00
PO-202606-000345,SUP-025,2026-06-02T14:38:00+08:00,2026-06-03T14:38:00+08:00,received,CNY,46424.64,15,采购一组,1,2026-06-15T08:00:00+08:00
PO-202507-000346,SUP-009,2025-07-01T18:24:00+08:00,2025-07-05T18:24:00+08:00,cancelled,CNY,471449.3,30,战略采购组,2,2025-07-09T18:24:00+08:00
PO-202512-000347,SUP-002,2025-12-31T22:33:00+08:00,2026-01-07T22:33:00+08:00,received,CNY,1989473.64,45,采购二组,1,2026-01-14T22:33:00+08:00
PO-202511-000348,SUP-011,2025-11-21T12:09:00+08:00,2025-11-26T12:09:00+08:00,confirmed,CNY,78473.92,15,战略采购组,1,2025-12-10T12:09:00+08:00
PO-202601-000349,SUP-029,2026-01-11T18:58:00+08:00,2026-01-14T18:58:00+08:00,confirmed,CNY,10052869.7,30,采购二组,3,2026-01-28T18:58:00+08:00
PO-202604-000350,SUP-029,2026-04-06T18:55:00+08:00,2026-04-13T18:55:00+08:00,received,CNY,14687258.48,60,战略采购组,4,2026-04-11T18:55:00+08:00
PO-202603-000351,SUP-027,2026-03-31T01:06:00+08:00,2026-04-04T01:06:00+08:00,cancelled,CNY,6988909.43,90,采购二组,3,2026-05-10T01:06:00+08:00
PO-202510-000352,SUP-024,2025-10-19T09:15:00+08:00,2025-10-20T21:15:00+08:00,received,CNY,3355039.38,90,采购一组,1,2025-11-12T09:15:00+08:00
PO-202508-000353,SUP-011,2025-08-16T16:52:00+08:00,2025-08-21T16:52:00+08:00,received,CNY,20039239.53,90,战略采购组,4,2025-08-17T16:52:00+08:00
PO-202507-000354,SUP-054,2025-07-02T03:53:00+08:00,2025-07-07T03:53:00+08:00,received,CNY,6579823.02,45,战略采购组,3,2025-07-20T03:53:00+08:00
PO-202506-000355,SUP-051,2025-06-26T07:18:00+08:00,2025-07-01T07:18:00+08:00,received,CNY,7050228.37,45,采购二组,4,2025-08-05T07:18:00+08:00
PO-202507-000356,SUP-031,2025-07-26T18:57:00+08:00,2025-08-02T18:57:00+08:00,delayed,CNY,14542155.67,90,采购一组,2,2025-07-31T18:57:00+08:00
PO-202605-000357,SUP-022,2026-05-31T06:00:00+08:00,2026-06-04T06:00:00+08:00,received,CNY,3720168.96,60,采购二组,4,2026-06-13T06:00:00+08:00
PO-202511-000358,SUP-059,2025-11-19T23:11:00+08:00,2025-11-23T23:11:00+08:00,received,CNY,5893105.5,90,战略采购组,1,2025-12-22T23:11:00+08:00
PO-202512-000359,SUP-059,2025-12-15T12:58:00+08:00,2025-12-22T12:58:00+08:00,in_transit,CNY,12244554.02,90,采购一组,4,2025-12-25T12:58:00+08:00
PO-202509-000360,SUP-040,2025-09-23T22:17:00+08:00,2025-09-26T22:17:00+08:00,confirmed,CNY,5706815.71,15,采购二组,4,2025-09-29T22:17:00+08:00
PO-202508-000361,SUP-003,2025-08-22T01:15:00+08:00,2025-08-23T01:15:00+08:00,in_transit,CNY,3503840.32,15,采购一组,1,2025-10-06T01:15:00+08:00
PO-202606-000362,SUP-017,2026-06-02T07:52:00+08:00,2026-06-06T07:52:00+08:00,delayed,CNY,1561818.24,30,采购二组,1,2026-06-08T07:52:00+08:00
PO-202511-000363,SUP-035,2025-11-28T14:02:00+08:00,2025-11-30T14:02:00+08:00,confirmed,CNY,2200805.06,45,战略采购组,3,2025-12-16T14:02:00+08:00
PO-202604-000364,SUP-052,2026-04-03T19:40:00+08:00,2026-04-08T19:40:00+08:00,received,CNY,6042377.87,90,战略采购组,4,2026-04-14T19:40:00+08:00
PO-202604-000365,SUP-056,2026-04-12T05:56:00+08:00,2026-04-14T05:56:00+08:00,in_transit,CNY,7341515.76,60,采购一组,2,2026-05-07T05:56:00+08:00
PO-202602-000366,SUP-047,2026-02-26T05:25:00+08:00,2026-03-05T05:25:00+08:00,delayed,CNY,5177787.07,15,采购一组,2,2026-03-26T05:25:00+08:00
PO-202606-000367,SUP-018,2026-06-06T20:12:00+08:00,2026-06-10T20:12:00+08:00,in_transit,CNY,716368.14,15,战略采购组,1,2026-06-15T08:00:00+08:00
PO-202510-000368,SUP-016,2025-10-24T06:51:00+08:00,2025-10-31T06:51:00+08:00,delayed,CNY,10942888.75,15,采购二组,4,2025-11-30T06:51:00+08:00
PO-202507-000369,SUP-050,2025-07-07T19:53:00+08:00,2025-07-09T07:53:00+08:00,confirmed,CNY,2318913.14,60,战略采购组,2,2025-07-26T19:53:00+08:00
PO-202511-000370,SUP-005,2025-11-12T04:40:00+08:00,2025-11-17T04:40:00+08:00,confirmed,CNY,2146225.27,60,采购二组,2,2025-12-19T04:40:00+08:00
PO-202605-000371,SUP-058,2026-05-05T12:30:00+08:00,2026-05-09T12:30:00+08:00,received,CNY,4052294.56,60,战略采购组,1,2026-06-04T12:30:00+08:00
PO-202604-000372,SUP-049,2026-04-30T15:27:00+08:00,2026-05-03T15:27:00+08:00,received,CNY,4571944.51,30,采购一组,4,2026-04-30T15:27:00+08:00
PO-202507-000373,SUP-012,2025-07-31T15:34:00+08:00,2025-08-01T15:34:00+08:00,in_transit,CNY,475524.8,15,采购二组,1,2025-08-16T15:34:00+08:00
PO-202507-000374,SUP-020,2025-07-28T15:05:00+08:00,2025-08-04T15:05:00+08:00,received,CNY,10771763.76,45,采购二组,3,2025-08-01T15:05:00+08:00
PO-202512-000375,SUP-002,2025-12-20T09:30:00+08:00,2025-12-27T09:30:00+08:00,received,CNY,2086458.5,60,战略采购组,2,2025-12-31T09:30:00+08:00
PO-202601-000376,SUP-027,2026-01-30T03:42:00+08:00,2026-02-03T03:42:00+08:00,received,CNY,11169643.41,90,采购二组,4,2026-02-06T03:42:00+08:00
PO-202510-000377,SUP-041,2025-10-10T10:51:00+08:00,2025-10-17T10:51:00+08:00,received,CNY,6738829.19,90,采购一组,3,2025-11-11T10:51:00+08:00
PO-202509-000378,SUP-024,2025-09-23T18:29:00+08:00,2025-09-25T18:29:00+08:00,received,CNY,3142955.97,45,采购一组,1,2025-10-12T18:29:00+08:00
PO-202508-000379,SUP-014,2025-08-18T11:59:00+08:00,2025-08-20T11:59:00+08:00,received,CNY,9682403.38,90,采购一组,1,2025-09-25T11:59:00+08:00
PO-202509-000380,SUP-017,2025-09-18T09:56:00+08:00,2025-09-22T09:56:00+08:00,received,CNY,1746742.2,45,采购一组,1,2025-10-22T09:56:00+08:00
PO-202509-000381,SUP-010,2025-09-08T13:21:00+08:00,2025-09-13T13:21:00+08:00,received,CNY,3713261.77,90,采购一组,4,2025-10-02T13:21:00+08:00
PO-202512-000382,SUP-048,2025-12-01T11:43:00+08:00,2025-12-03T11:43:00+08:00,received,CNY,9866603.37,90,采购二组,3,2026-01-06T11:43:00+08:00
PO-202508-000383,SUP-060,2025-08-02T13:06:00+08:00,2025-08-09T13:06:00+08:00,delayed,CNY,5610303.15,90,战略采购组,4,2025-09-13T13:06:00+08:00
PO-202506-000384,SUP-007,2025-06-30T16:26:00+08:00,2025-07-05T16:26:00+08:00,in_transit,CNY,1031182.23,15,采购一组,1,2025-08-11T16:26:00+08:00
PO-202510-000385,SUP-015,2025-10-08T19:06:00+08:00,2025-10-10T07:06:00+08:00,received,CNY,2875416.0,30,采购一组,2,2025-11-01T19:06:00+08:00
PO-202509-000386,SUP-053,2025-09-19T11:56:00+08:00,2025-09-21T11:56:00+08:00,confirmed,CNY,9878363.75,30,采购二组,3,2025-10-13T11:56:00+08:00
PO-202510-000387,SUP-036,2025-10-10T12:16:00+08:00,2025-10-12T00:16:00+08:00,received,CNY,14362183.69,30,战略采购组,2,2025-11-14T12:16:00+08:00
PO-202508-000388,SUP-048,2025-08-28T13:04:00+08:00,2025-09-02T13:04:00+08:00,in_transit,CNY,630742.08,15,采购二组,1,2025-09-24T13:04:00+08:00
PO-202605-000389,SUP-028,2026-05-25T19:26:00+08:00,2026-05-29T19:26:00+08:00,in_transit,CNY,6905874.1,60,采购二组,3,2026-06-14T19:26:00+08:00
PO-202601-000390,SUP-005,2026-01-08T19:33:00+08:00,2026-01-10T07:33:00+08:00,draft,CNY,118230.2,45,采购二组,1,2026-01-13T19:33:00+08:00
PO-202507-000391,SUP-056,2025-07-12T20:41:00+08:00,2025-07-17T20:41:00+08:00,in_transit,CNY,14205573.12,15,采购一组,4,2025-08-01T20:41:00+08:00
PO-202511-000392,SUP-055,2025-11-15T17:06:00+08:00,2025-11-16T17:06:00+08:00,confirmed,CNY,2034602.16,15,采购一组,1,2025-12-26T17:06:00+08:00
PO-202509-000393,SUP-059,2025-09-22T18:34:00+08:00,2025-09-29T18:34:00+08:00,in_transit,CNY,2436100.45,90,战略采购组,2,2025-10-09T18:34:00+08:00
PO-202606-000394,SUP-007,2026-06-02T09:06:00+08:00,2026-06-05T09:06:00+08:00,in_transit,CNY,200023.95,90,采购一组,1,2026-06-08T09:06:00+08:00
PO-202509-000395,SUP-045,2025-09-16T12:41:00+08:00,2025-09-23T12:41:00+08:00,received,CNY,2504300.67,60,采购一组,2,2025-10-01T12:41:00+08:00
PO-202602-000396,SUP-059,2026-02-01T03:43:00+08:00,2026-02-06T03:43:00+08:00,received,CNY,852246.4,90,采购二组,3,2026-02-11T03:43:00+08:00
PO-202509-000397,SUP-036,2025-09-13T16:41:00+08:00,2025-09-15T04:41:00+08:00,confirmed,CNY,2566560.53,60,采购一组,3,2025-10-23T16:41:00+08:00
PO-202508-000398,SUP-036,2025-08-25T11:53:00+08:00,2025-08-30T11:53:00+08:00,received,CNY,1819808.72,15,采购二组,2,2025-09-19T11:53:00+08:00
PO-202509-000399,SUP-009,2025-09-15T02:02:00+08:00,2025-09-16T02:02:00+08:00,delayed,CNY,8091184.01,90,战略采购组,1,2025-09-18T02:02:00+08:00
PO-202507-000400,SUP-055,2025-07-16T13:20:00+08:00,2025-07-18T01:20:00+08:00,delayed,CNY,1922847.01,60,战略采购组,3,2025-08-01T13:20:00+08:00
PO-202606-000401,SUP-006,2026-06-04T19:19:00+08:00,2026-06-06T19:19:00+08:00,confirmed,CNY,8588168.42,45,采购一组,1,2026-06-15T08:00:00+08:00
PO-202606-000402,SUP-007,2026-06-14T11:24:00+08:00,2026-06-18T11:24:00+08:00,delayed,CNY,3495486.45,45,战略采购组,2,2026-06-15T08:00:00+08:00
PO-202508-000403,SUP-049,2025-08-01T08:45:00+08:00,2025-08-04T08:45:00+08:00,draft,CNY,4957263.92,90,采购一组,3,2025-08-11T08:45:00+08:00
PO-202605-000404,SUP-052,2026-05-18T11:52:00+08:00,2026-05-25T11:52:00+08:00,received,CNY,8594995.84,15,采购二组,2,2026-05-26T11:52:00+08:00
PO-202603-000405,SUP-054,2026-03-16T07:12:00+08:00,2026-03-19T07:12:00+08:00,delayed,CNY,683697.61,60,战略采购组,3,2026-03-22T07:12:00+08:00
PO-202511-000406,SUP-002,2025-11-25T09:29:00+08:00,2025-11-29T09:29:00+08:00,confirmed,CNY,2931274.98,60,战略采购组,2,2026-01-03T09:29:00+08:00
PO-202511-000407,SUP-029,2025-11-03T21:35:00+08:00,2025-11-10T21:35:00+08:00,in_transit,CNY,3247541.89,30,采购一组,1,2025-12-17T21:35:00+08:00
PO-202605-000408,SUP-004,2026-05-08T21:17:00+08:00,2026-05-09T21:17:00+08:00,confirmed,CNY,83992.72,60,采购二组,1,2026-05-12T21:17:00+08:00
PO-202604-000409,SUP-015,2026-04-22T13:10:00+08:00,2026-04-26T13:10:00+08:00,received,CNY,821759.0,60,采购二组,2,2026-06-05T13:10:00+08:00
PO-202508-000410,SUP-050,2025-08-06T18:30:00+08:00,2025-08-08T18:30:00+08:00,draft,CNY,3547085.6,45,采购二组,1,2025-09-08T18:30:00+08:00
PO-202508-000411,SUP-057,2025-08-03T14:13:00+08:00,2025-08-10T14:13:00+08:00,received,CNY,7970826.72,30,采购一组,3,2025-08-30T14:13:00+08:00
PO-202512-000412,SUP-036,2025-12-11T22:06:00+08:00,2025-12-14T22:06:00+08:00,confirmed,CNY,9728463.25,90,采购二组,4,2026-01-04T22:06:00+08:00
PO-202604-000413,SUP-017,2026-04-11T16:53:00+08:00,2026-04-15T16:53:00+08:00,confirmed,CNY,5755560.78,15,采购二组,4,2026-05-26T16:53:00+08:00
PO-202512-000414,SUP-022,2025-12-18T17:12:00+08:00,2025-12-22T17:12:00+08:00,confirmed,CNY,2986792.32,30,战略采购组,1,2025-12-21T17:12:00+08:00
PO-202510-000415,SUP-013,2025-10-15T00:48:00+08:00,2025-10-22T00:48:00+08:00,received,CNY,3611423.63,15,战略采购组,3,2025-11-23T00:48:00+08:00
PO-202604-000416,SUP-022,2026-04-20T23:12:00+08:00,2026-04-24T23:12:00+08:00,received,CNY,1784212.36,45,采购一组,2,2026-05-11T23:12:00+08:00
PO-202509-000417,SUP-014,2025-09-11T03:58:00+08:00,2025-09-18T03:58:00+08:00,delayed,CNY,18179671.43,45,战略采购组,4,2025-10-18T03:58:00+08:00
PO-202602-000418,SUP-011,2026-02-08T07:44:00+08:00,2026-02-15T07:44:00+08:00,draft,CNY,12510985.36,30,战略采购组,4,2026-03-22T07:44:00+08:00
PO-202605-000419,SUP-002,2026-05-16T20:05:00+08:00,2026-05-21T20:05:00+08:00,received,CNY,2298168.95,45,采购一组,3,2026-05-26T20:05:00+08:00
PO-202602-000420,SUP-010,2026-02-26T05:34:00+08:00,2026-03-02T05:34:00+08:00,received,CNY,1586607.88,90,采购二组,1,2026-04-02T05:34:00+08:00
PO-202508-000421,SUP-007,2025-08-09T12:09:00+08:00,2025-08-13T12:09:00+08:00,received,CNY,319521.0,30,采购一组,2,2025-09-15T12:09:00+08:00
PO-202605-000422,SUP-048,2026-05-09T03:14:00+08:00,2026-05-14T03:14:00+08:00,in_transit,CNY,24076.25,45,战略采购组,1,2026-06-15T08:00:00+08:00
PO-202603-000423,SUP-024,2026-03-16T04:08:00+08:00,2026-03-21T04:08:00+08:00,in_transit,CNY,7051073.36,90,战略采购组,3,2026-04-28T04:08:00+08:00
PO-202506-000424,SUP-007,2025-06-27T17:10:00+08:00,2025-06-29T05:10:00+08:00,confirmed,CNY,4955562.45,15,采购一组,1,2025-06-28T17:10:00+08:00
PO-202603-000425,SUP-031,2026-03-18T21:20:00+08:00,2026-03-21T21:20:00+08:00,confirmed,CNY,1611245.95,15,采购一组,2,2026-04-08T21:20:00+08:00
PO-202507-000426,SUP-058,2025-07-17T03:32:00+08:00,2025-07-24T03:32:00+08:00,delayed,CNY,1890092.43,15,采购一组,3,2025-08-16T03:32:00+08:00
PO-202508-000427,SUP-021,2025-08-30T04:02:00+08:00,2025-09-02T04:02:00+08:00,received,CNY,8334776.49,60,采购一组,2,2025-09-09T04:02:00+08:00
PO-202606-000428,SUP-020,2026-06-14T12:23:00+08:00,2026-06-17T12:23:00+08:00,received,CNY,2998780.05,30,采购一组,1,2026-06-15T08:00:00+08:00
PO-202602-000429,SUP-059,2026-02-02T15:11:00+08:00,2026-02-09T15:11:00+08:00,received,CNY,993266.69,60,采购二组,2,2026-03-14T15:11:00+08:00
PO-202507-000430,SUP-001,2025-07-01T11:43:00+08:00,2025-07-06T11:43:00+08:00,received,CNY,787748.86,45,采购二组,3,2025-07-26T11:43:00+08:00
PO-202604-000431,SUP-005,2026-04-17T03:32:00+08:00,2026-04-20T03:32:00+08:00,confirmed,CNY,3120352.9,60,采购一组,4,2026-04-25T03:32:00+08:00
PO-202506-000432,SUP-037,2025-06-25T10:03:00+08:00,2025-06-29T10:03:00+08:00,received,CNY,3209778.74,45,采购一组,2,2025-07-01T10:03:00+08:00
PO-202506-000433,SUP-041,2025-06-19T04:41:00+08:00,2025-06-23T04:41:00+08:00,received,CNY,5668062.47,90,采购一组,4,2025-07-13T04:41:00+08:00
PO-202509-000434,SUP-047,2025-09-16T02:28:00+08:00,2025-09-21T02:28:00+08:00,delayed,CNY,5685751.68,60,采购一组,2,2025-09-23T02:28:00+08:00
PO-202606-000435,SUP-030,2026-06-10T17:55:00+08:00,2026-06-15T17:55:00+08:00,confirmed,CNY,441335.22,90,采购一组,2,2026-06-15T08:00:00+08:00
PO-202509-000436,SUP-026,2025-09-26T02:52:00+08:00,2025-10-03T02:52:00+08:00,confirmed,CNY,457216.7,45,采购二组,2,2025-10-25T02:52:00+08:00
PO-202511-000437,SUP-045,2025-11-27T18:59:00+08:00,2025-12-02T18:59:00+08:00,received,CNY,3014019.18,45,采购一组,1,2025-12-06T18:59:00+08:00
PO-202606-000438,SUP-020,2026-06-15T02:03:00+08:00,2026-06-18T02:03:00+08:00,draft,CNY,270099.06,90,采购二组,1,2026-06-15T08:00:00+08:00
PO-202603-000439,SUP-015,2026-03-24T21:26:00+08:00,2026-03-31T21:26:00+08:00,confirmed,CNY,976160.76,60,战略采购组,3,2026-04-03T21:26:00+08:00
PO-202603-000440,SUP-004,2026-03-20T16:25:00+08:00,2026-03-23T16:25:00+08:00,delayed,CNY,13175710.23,15,采购一组,3,2026-03-29T16:25:00+08:00
PO-202603-000441,SUP-016,2026-03-12T12:40:00+08:00,2026-03-19T12:40:00+08:00,delayed,CNY,9647510.3,45,采购二组,3,2026-04-15T12:40:00+08:00
PO-202604-000442,SUP-032,2026-04-09T16:03:00+08:00,2026-04-16T16:03:00+08:00,delayed,CNY,11654778.42,15,采购一组,3,2026-04-11T16:03:00+08:00
PO-202602-000443,SUP-049,2026-02-12T19:07:00+08:00,2026-02-14T07:07:00+08:00,draft,CNY,1298671.1,90,采购二组,2,2026-03-02T19:07:00+08:00
PO-202602-000444,SUP-019,2026-02-26T04:35:00+08:00,2026-02-27T16:35:00+08:00,received,CNY,1368892.0,90,采购二组,2,2026-04-03T04:35:00+08:00
PO-202512-000445,SUP-020,2025-12-11T06:48:00+08:00,2025-12-12T06:48:00+08:00,in_transit,CNY,451036.89,90,采购二组,1,2025-12-22T06:48:00+08:00
PO-202604-000446,SUP-001,2026-04-26T06:37:00+08:00,2026-04-28T06:37:00+08:00,draft,CNY,693150.66,15,采购二组,2,2026-06-09T06:37:00+08:00
PO-202605-000447,SUP-031,2026-05-22T05:06:00+08:00,2026-05-23T05:06:00+08:00,received,CNY,277317.72,30,战略采购组,1,2026-06-08T05:06:00+08:00
PO-202604-000448,SUP-029,2026-04-26T12:47:00+08:00,2026-05-01T12:47:00+08:00,confirmed,CNY,1473564.61,90,采购二组,2,2026-05-28T12:47:00+08:00
PO-202601-000449,SUP-051,2026-01-01T22:45:00+08:00,2026-01-08T22:45:00+08:00,received,CNY,13779558.43,45,采购二组,4,2026-01-08T22:45:00+08:00
PO-202511-000450,SUP-016,2025-11-02T16:07:00+08:00,2025-11-04T16:07:00+08:00,received,CNY,9066357.34,30,采购一组,3,2025-12-03T16:07:00+08:00
PO-202604-000451,SUP-039,2026-04-20T12:44:00+08:00,2026-04-23T12:44:00+08:00,received,CNY,5364795.23,30,采购一组,4,2026-04-26T12:44:00+08:00
PO-202602-000452,SUP-015,2026-02-16T07:20:00+08:00,2026-02-21T07:20:00+08:00,received,CNY,2948079.36,15,采购二组,2,2026-03-13T07:20:00+08:00
PO-202604-000453,SUP-012,2026-04-07T05:44:00+08:00,2026-04-14T05:44:00+08:00,received,CNY,897399.66,30,采购一组,2,2026-04-11T05:44:00+08:00
PO-202604-000454,SUP-046,2026-04-04T01:11:00+08:00,2026-04-11T01:11:00+08:00,in_transit,CNY,7511198.14,30,采购一组,4,2026-04-16T01:11:00+08:00
PO-202605-000455,SUP-017,2026-05-11T06:56:00+08:00,2026-05-18T06:56:00+08:00,received,CNY,3818031.17,60,战略采购组,4,2026-06-15T08:00:00+08:00
PO-202601-000456,SUP-047,2026-01-23T10:44:00+08:00,2026-01-24T10:44:00+08:00,received,CNY,1856602.14,30,战略采购组,1,2026-01-29T10:44:00+08:00
PO-202511-000457,SUP-034,2025-11-13T13:56:00+08:00,2025-11-20T13:56:00+08:00,cancelled,CNY,14280785.43,60,采购一组,3,2025-12-20T13:56:00+08:00
PO-202511-000458,SUP-028,2025-11-22T12:11:00+08:00,2025-11-24T00:11:00+08:00,received,CNY,2666466.3,15,采购一组,1,2025-12-27T12:11:00+08:00
PO-202508-000459,SUP-027,2025-08-22T02:27:00+08:00,2025-08-26T02:27:00+08:00,in_transit,CNY,12252027.9,60,采购一组,4,2025-10-04T02:27:00+08:00
PO-202604-000460,SUP-025,2026-04-23T04:09:00+08:00,2026-04-28T04:09:00+08:00,in_transit,CNY,2889930.36,15,采购二组,2,2026-04-28T04:09:00+08:00
PO-202511-000461,SUP-029,2025-11-06T13:58:00+08:00,2025-11-08T13:58:00+08:00,received,CNY,1493513.3,15,采购二组,1,2025-11-28T13:58:00+08:00
PO-202601-000462,SUP-048,2026-01-21T11:05:00+08:00,2026-01-26T11:05:00+08:00,received,CNY,11102916.38,45,战略采购组,3,2026-01-27T11:05:00+08:00
PO-202507-000463,SUP-035,2025-07-11T23:03:00+08:00,2025-07-14T23:03:00+08:00,received,CNY,4368682.16,30,采购二组,2,2025-07-16T23:03:00+08:00
PO-202509-000464,SUP-025,2025-09-05T01:16:00+08:00,2025-09-10T01:16:00+08:00,cancelled,CNY,1205389.8,30,采购一组,2,2025-10-02T01:16:00+08:00
PO-202603-000465,SUP-057,2026-03-08T15:07:00+08:00,2026-03-11T15:07:00+08:00,received,CNY,448981.01,45,采购二组,3,2026-04-18T15:07:00+08:00
PO-202604-000466,SUP-021,2026-04-23T21:53:00+08:00,2026-04-27T21:53:00+08:00,received,CNY,1932040.94,15,战略采购组,1,2026-05-02T21:53:00+08:00
PO-202512-000467,SUP-005,2025-12-17T23:38:00+08:00,2025-12-24T23:38:00+08:00,received,CNY,2552296.55,45,采购二组,4,2026-01-12T23:38:00+08:00
PO-202511-000468,SUP-056,2025-11-13T21:09:00+08:00,2025-11-15T21:09:00+08:00,confirmed,CNY,490728.96,60,战略采购组,1,2025-12-04T21:09:00+08:00
PO-202603-000469,SUP-044,2026-03-19T17:55:00+08:00,2026-03-26T17:55:00+08:00,received,CNY,10351020.79,45,采购一组,4,2026-04-17T17:55:00+08:00
PO-202507-000470,SUP-047,2025-07-27T05:20:00+08:00,2025-08-03T05:20:00+08:00,received,CNY,4010141.92,45,采购一组,2,2025-09-01T05:20:00+08:00
PO-202509-000471,SUP-016,2025-09-01T23:40:00+08:00,2025-09-06T23:40:00+08:00,confirmed,CNY,3666366.99,60,采购二组,1,2025-09-13T23:40:00+08:00
PO-202601-000472,SUP-038,2026-01-17T02:01:00+08:00,2026-01-24T02:01:00+08:00,confirmed,CNY,2078778.65,60,采购二组,2,2026-01-26T02:01:00+08:00
PO-202507-000473,SUP-060,2025-07-24T13:25:00+08:00,2025-07-29T13:25:00+08:00,received,CNY,1294127.49,30,采购一组,1,2025-08-16T13:25:00+08:00
PO-202510-000474,SUP-060,2025-10-06T01:09:00+08:00,2025-10-13T01:09:00+08:00,received,CNY,388660.97,90,战略采购组,2,2025-11-15T01:09:00+08:00
PO-202509-000475,SUP-052,2025-09-15T09:29:00+08:00,2025-09-18T09:29:00+08:00,confirmed,CNY,7277880.54,45,战略采购组,1,2025-10-23T09:29:00+08:00
PO-202509-000476,SUP-043,2025-09-18T17:57:00+08:00,2025-09-22T17:57:00+08:00,received,CNY,36139.0,45,采购一组,1,2025-11-01T17:57:00+08:00
PO-202512-000477,SUP-047,2025-12-08T02:41:00+08:00,2025-12-12T02:41:00+08:00,delayed,CNY,8223669.3,60,战略采购组,1,2025-12-18T02:41:00+08:00
PO-202601-000478,SUP-047,2026-01-11T00:30:00+08:00,2026-01-15T00:30:00+08:00,received,CNY,13116796.9,15,采购一组,4,2026-01-24T00:30:00+08:00
PO-202602-000479,SUP-023,2026-02-07T05:44:00+08:00,2026-02-08T05:44:00+08:00,in_transit,CNY,3663655.6,60,采购二组,1,2026-03-24T05:44:00+08:00
PO-202603-000480,SUP-032,2026-03-01T02:29:00+08:00,2026-03-08T02:29:00+08:00,confirmed,CNY,5198030.69,15,采购二组,3,2026-04-01T02:29:00+08:00
PO-202507-000481,SUP-043,2025-07-25T03:01:00+08:00,2025-07-30T03:01:00+08:00,received,CNY,1640641.92,45,采购二组,1,2025-07-26T03:01:00+08:00
PO-202604-000482,SUP-009,2026-04-05T16:09:00+08:00,2026-04-12T16:09:00+08:00,in_transit,CNY,5751704.4,90,战略采购组,1,2026-04-10T16:09:00+08:00
PO-202601-000483,SUP-044,2026-01-25T11:07:00+08:00,2026-02-01T11:07:00+08:00,confirmed,CNY,3250708.84,45,采购一组,1,2026-01-30T11:07:00+08:00
PO-202605-000484,SUP-014,2026-05-03T11:28:00+08:00,2026-05-08T11:28:00+08:00,received,CNY,4115554.63,90,采购二组,3,2026-06-15T08:00:00+08:00
PO-202604-000485,SUP-041,2026-04-24T22:20:00+08:00,2026-04-28T22:20:00+08:00,delayed,CNY,5245076.56,30,战略采购组,4,2026-05-08T22:20:00+08:00
PO-202507-000486,SUP-056,2025-07-07T09:58:00+08:00,2025-07-12T09:58:00+08:00,confirmed,CNY,5853225.21,30,采购二组,3,2025-08-20T09:58:00+08:00
PO-202511-000487,SUP-038,2025-11-26T17:50:00+08:00,2025-11-28T05:50:00+08:00,received,CNY,2127483.79,30,采购二组,1,2025-12-22T17:50:00+08:00
PO-202605-000488,SUP-037,2026-05-04T21:38:00+08:00,2026-05-09T21:38:00+08:00,received,CNY,6477990.01,60,采购一组,4,2026-05-09T21:38:00+08:00
PO-202506-000489,SUP-025,2025-06-26T00:33:00+08:00,2025-07-03T00:33:00+08:00,received,CNY,3699659.42,45,战略采购组,3,2025-08-01T00:33:00+08:00
PO-202604-000490,SUP-029,2026-04-26T14:38:00+08:00,2026-05-03T14:38:00+08:00,in_transit,CNY,6557625.13,90,采购二组,1,2026-06-04T14:38:00+08:00
PO-202510-000491,SUP-041,2025-10-14T13:24:00+08:00,2025-10-15T13:24:00+08:00,in_transit,CNY,1249110.66,15,采购二组,1,2025-11-28T13:24:00+08:00
PO-202510-000492,SUP-046,2025-10-24T22:06:00+08:00,2025-10-29T22:06:00+08:00,received,CNY,73284.8,60,采购二组,1,2025-11-03T22:06:00+08:00
PO-202602-000493,SUP-033,2026-02-13T08:25:00+08:00,2026-02-16T08:25:00+08:00,in_transit,CNY,3987155.86,90,采购二组,4,2026-03-23T08:25:00+08:00
PO-202604-000494,SUP-027,2026-04-06T04:09:00+08:00,2026-04-10T04:09:00+08:00,delayed,CNY,8667418.64,90,战略采购组,2,2026-04-10T04:09:00+08:00
PO-202507-000495,SUP-029,2025-07-01T08:55:00+08:00,2025-07-04T08:55:00+08:00,received,CNY,15243954.75,15,战略采购组,4,2025-07-25T08:55:00+08:00
PO-202507-000496,SUP-022,2025-07-15T18:46:00+08:00,2025-07-22T18:46:00+08:00,received,CNY,10854437.1,30,采购二组,1,2025-08-07T18:46:00+08:00
PO-202509-000497,SUP-046,2025-09-28T04:46:00+08:00,2025-10-01T04:46:00+08:00,confirmed,CNY,3757449.61,90,战略采购组,1,2025-10-13T04:46:00+08:00
PO-202510-000498,SUP-040,2025-10-09T00:25:00+08:00,2025-10-12T00:25:00+08:00,received,CNY,1422100.15,60,采购一组,2,2025-10-26T00:25:00+08:00
PO-202510-000499,SUP-019,2025-10-30T18:30:00+08:00,2025-11-06T18:30:00+08:00,delayed,CNY,527654.69,30,战略采购组,2,2025-12-03T18:30:00+08:00
PO-202604-000500,SUP-056,2026-04-23T01:53:00+08:00,2026-04-25T01:53:00+08:00,in_transit,CNY,2827707.18,15,战略采购组,2,2026-05-13T01:53:00+08:00
PO-202512-000501,SUP-034,2025-12-27T12:08:00+08:00,2025-12-28T12:08:00+08:00,received,CNY,3605637.14,60,采购二组,2,2026-01-06T12:08:00+08:00
PO-202601-000502,SUP-050,2026-01-07T08:24:00+08:00,2026-01-08T20:24:00+08:00,received,CNY,8189741.53,15,采购二组,2,2026-02-06T08:24:00+08:00
PO-202602-000503,SUP-014,2026-02-16T06:21:00+08:00,2026-02-21T06:21:00+08:00,in_transit,CNY,4886294.27,60,战略采购组,1,2026-02-19T06:21:00+08:00
PO-202510-000504,SUP-026,2025-10-14T12:26:00+08:00,2025-10-16T12:26:00+08:00,received,CNY,722708.1,90,战略采购组,1,2025-11-12T12:26:00+08:00
PO-202512-000505,SUP-056,2025-12-30T09:45:00+08:00,2026-01-06T09:45:00+08:00,received,CNY,13075346.46,45,采购一组,3,2026-01-19T09:45:00+08:00
PO-202601-000506,SUP-026,2026-01-25T11:16:00+08:00,2026-01-27T11:16:00+08:00,delayed,CNY,295294.16,45,采购一组,1,2026-03-04T11:16:00+08:00
PO-202510-000507,SUP-001,2025-10-20T18:20:00+08:00,2025-10-24T18:20:00+08:00,confirmed,CNY,1112384.0,60,战略采购组,1,2025-11-05T18:20:00+08:00
PO-202507-000508,SUP-018,2025-07-28T09:53:00+08:00,2025-08-01T09:53:00+08:00,received,CNY,5334723.62,45,战略采购组,3,2025-08-19T09:53:00+08:00
PO-202508-000509,SUP-035,2025-08-25T03:52:00+08:00,2025-08-28T03:52:00+08:00,in_transit,CNY,1980358.88,60,采购二组,2,2025-09-01T03:52:00+08:00
PO-202603-000510,SUP-004,2026-03-07T10:25:00+08:00,2026-03-08T10:25:00+08:00,received,CNY,58861.04,45,战略采购组,1,2026-03-10T10:25:00+08:00
PO-202511-000511,SUP-056,2025-11-14T07:19:00+08:00,2025-11-19T07:19:00+08:00,received,CNY,20712831.77,45,战略采购组,4,2025-12-04T07:19:00+08:00
PO-202602-000512,SUP-053,2026-02-07T00:24:00+08:00,2026-02-12T00:24:00+08:00,in_transit,CNY,4794968.5,15,采购二组,1,2026-03-17T00:24:00+08:00
PO-202511-000513,SUP-046,2025-11-01T11:07:00+08:00,2025-11-08T11:07:00+08:00,received,CNY,5601333.42,60,采购一组,2,2025-12-08T11:07:00+08:00
PO-202602-000514,SUP-049,2026-02-20T02:57:00+08:00,2026-02-21T02:57:00+08:00,received,CNY,95739.84,30,采购二组,1,2026-03-20T02:57:00+08:00
PO-202601-000515,SUP-049,2026-01-02T08:49:00+08:00,2026-01-04T08:49:00+08:00,received,CNY,5071294.84,90,采购一组,1,2026-01-26T08:49:00+08:00
PO-202507-000516,SUP-021,2025-07-03T10:12:00+08:00,2025-07-08T10:12:00+08:00,delayed,CNY,1026918.82,90,采购一组,2,2025-07-17T10:12:00+08:00
PO-202508-000517,SUP-008,2025-08-01T09:04:00+08:00,2025-08-04T09:04:00+08:00,received,CNY,7544448.3,60,战略采购组,4,2025-08-27T09:04:00+08:00
PO-202603-000518,SUP-047,2026-03-09T03:06:00+08:00,2026-03-16T03:06:00+08:00,received,CNY,13738435.36,90,采购二组,3,2026-04-08T03:06:00+08:00
PO-202605-000519,SUP-006,2026-05-11T14:50:00+08:00,2026-05-13T02:50:00+08:00,received,CNY,163988.55,15,采购二组,1,2026-05-18T14:50:00+08:00
PO-202512-000520,SUP-036,2025-12-30T03:09:00+08:00,2026-01-02T03:09:00+08:00,received,CNY,4974676.12,45,采购二组,2,2026-01-24T03:09:00+08:00
PO-202508-000521,SUP-048,2025-08-01T14:43:00+08:00,2025-08-06T14:43:00+08:00,confirmed,CNY,16850407.59,90,采购一组,4,2025-08-11T14:43:00+08:00
PO-202507-000522,SUP-041,2025-07-25T07:31:00+08:00,2025-07-27T07:31:00+08:00,draft,CNY,364220.75,30,采购二组,2,2025-08-18T07:31:00+08:00
PO-202510-000523,SUP-053,2025-10-23T21:38:00+08:00,2025-10-28T21:38:00+08:00,draft,CNY,10381150.78,15,采购一组,2,2025-11-15T21:38:00+08:00
PO-202511-000524,SUP-040,2025-11-22T02:41:00+08:00,2025-11-25T02:41:00+08:00,received,CNY,6167897.15,60,采购一组,4,2025-12-05T02:41:00+08:00
PO-202602-000525,SUP-039,2026-02-21T20:55:00+08:00,2026-02-28T20:55:00+08:00,in_transit,CNY,4778811.57,60,采购二组,4,2026-02-23T20:55:00+08:00
PO-202603-000526,SUP-001,2026-03-28T00:53:00+08:00,2026-04-02T00:53:00+08:00,in_transit,CNY,6492.9,90,采购一组,1,2026-03-31T00:53:00+08:00
PO-202507-000527,SUP-010,2025-07-11T08:49:00+08:00,2025-07-18T08:49:00+08:00,received,CNY,661659.74,90,采购一组,4,2025-07-15T08:49:00+08:00
PO-202510-000528,SUP-027,2025-10-08T17:22:00+08:00,2025-10-12T17:22:00+08:00,confirmed,CNY,4861963.62,30,采购二组,2,2025-10-15T17:22:00+08:00
PO-202507-000529,SUP-049,2025-07-21T08:15:00+08:00,2025-07-24T08:15:00+08:00,confirmed,CNY,3123191.25,60,采购二组,1,2025-07-26T08:15:00+08:00
PO-202507-000530,SUP-035,2025-07-12T06:54:00+08:00,2025-07-13T18:54:00+08:00,confirmed,CNY,2272824.27,45,采购一组,1,2025-08-07T06:54:00+08:00
PO-202508-000531,SUP-044,2025-08-16T00:57:00+08:00,2025-08-23T00:57:00+08:00,confirmed,CNY,13174687.33,60,战略采购组,4,2025-08-20T00:57:00+08:00
PO-202509-000532,SUP-057,2025-09-08T10:16:00+08:00,2025-09-12T10:16:00+08:00,received,CNY,253795.74,90,采购一组,1,2025-10-18T10:16:00+08:00
PO-202509-000533,SUP-041,2025-09-10T07:16:00+08:00,2025-09-17T07:16:00+08:00,in_transit,CNY,1391430.72,30,采购一组,4,2025-09-19T07:16:00+08:00
PO-202603-000534,SUP-003,2026-03-13T10:35:00+08:00,2026-03-20T10:35:00+08:00,draft,CNY,7585929.75,30,采购二组,3,2026-03-14T10:35:00+08:00
PO-202508-000535,SUP-027,2025-08-27T04:06:00+08:00,2025-08-31T04:06:00+08:00,in_transit,CNY,12793549.98,90,采购二组,4,2025-10-06T04:06:00+08:00
PO-202507-000536,SUP-040,2025-07-02T19:37:00+08:00,2025-07-05T19:37:00+08:00,received,CNY,1119737.21,45,采购二组,2,2025-07-20T19:37:00+08:00
PO-202602-000537,SUP-022,2026-02-22T14:09:00+08:00,2026-02-24T02:09:00+08:00,in_transit,CNY,1638384.76,90,采购二组,2,2026-04-06T14:09:00+08:00
PO-202604-000538,SUP-052,2026-04-26T07:45:00+08:00,2026-05-01T07:45:00+08:00,received,CNY,1082673.59,90,采购一组,2,2026-06-03T07:45:00+08:00
PO-202508-000539,SUP-052,2025-08-27T02:52:00+08:00,2025-09-01T02:52:00+08:00,in_transit,CNY,463675.84,15,采购一组,2,2025-10-06T02:52:00+08:00
PO-202606-000540,SUP-022,2026-06-13T05:36:00+08:00,2026-06-16T05:36:00+08:00,received,CNY,1709720.88,60,战略采购组,2,2026-06-15T08:00:00+08:00
PO-202512-000541,SUP-009,2025-12-01T20:02:00+08:00,2025-12-08T20:02:00+08:00,received,CNY,18041581.28,45,采购一组,4,2026-01-02T20:02:00+08:00
PO-202506-000542,SUP-031,2025-06-21T07:32:00+08:00,2025-06-24T07:32:00+08:00,received,CNY,89012.0,45,战略采购组,1,2025-07-21T07:32:00+08:00
PO-202602-000543,SUP-020,2026-02-09T23:59:00+08:00,2026-02-14T23:59:00+08:00,received,CNY,21287260.4,45,采购一组,4,2026-03-18T23:59:00+08:00
PO-202604-000544,SUP-002,2026-04-26T13:26:00+08:00,2026-04-28T01:26:00+08:00,received,CNY,2017791.0,30,采购二组,1,2026-06-08T13:26:00+08:00
PO-202507-000545,SUP-019,2025-07-18T21:49:00+08:00,2025-07-25T21:49:00+08:00,delayed,CNY,1628346.1,45,战略采购组,3,2025-08-20T21:49:00+08:00
PO-202605-000546,SUP-019,2026-05-07T15:38:00+08:00,2026-05-10T15:38:00+08:00,received,CNY,1790055.02,45,采购一组,3,2026-06-15T08:00:00+08:00
PO-202510-000547,SUP-020,2025-10-17T07:14:00+08:00,2025-10-20T07:14:00+08:00,in_transit,CNY,21793250.66,15,战略采购组,3,2025-11-17T07:14:00+08:00
PO-202509-000548,SUP-030,2025-09-14T17:04:00+08:00,2025-09-19T17:04:00+08:00,received,CNY,607869.46,60,采购一组,2,2025-09-30T17:04:00+08:00
PO-202508-000549,SUP-018,2025-08-11T19:38:00+08:00,2025-08-15T19:38:00+08:00,received,CNY,473932.96,30,战略采购组,1,2025-08-30T19:38:00+08:00
PO-202508-000550,SUP-059,2025-08-02T15:57:00+08:00,2025-08-06T15:57:00+08:00,received,CNY,11638872.6,30,战略采购组,4,2025-08-22T15:57:00+08:00
PO-202601-000551,SUP-026,2026-01-09T10:26:00+08:00,2026-01-16T10:26:00+08:00,received,CNY,9238833.06,30,采购二组,3,2026-01-25T10:26:00+08:00
PO-202507-000552,SUP-027,2025-07-10T22:32:00+08:00,2025-07-14T22:32:00+08:00,delayed,CNY,10781325.01,15,采购一组,3,2025-07-21T22:32:00+08:00
PO-202605-000553,SUP-026,2026-05-21T07:05:00+08:00,2026-05-23T07:05:00+08:00,confirmed,CNY,2677953.6,30,战略采购组,1,2026-05-30T07:05:00+08:00
PO-202604-000554,SUP-007,2026-04-24T21:33:00+08:00,2026-04-28T21:33:00+08:00,received,CNY,432625.05,30,采购二组,1,2026-05-15T21:33:00+08:00
PO-202603-000555,SUP-048,2026-03-27T04:20:00+08:00,2026-04-01T04:20:00+08:00,in_transit,CNY,2592356.03,60,采购一组,3,2026-04-24T04:20:00+08:00
PO-202510-000556,SUP-005,2025-10-17T17:02:00+08:00,2025-10-20T17:02:00+08:00,confirmed,CNY,49281.78,30,采购二组,1,2025-11-12T17:02:00+08:00
PO-202606-000557,SUP-058,2026-06-02T01:57:00+08:00,2026-06-09T01:57:00+08:00,in_transit,CNY,3679875.62,90,采购一组,3,2026-06-15T08:00:00+08:00
PO-202604-000558,SUP-008,2026-04-17T16:04:00+08:00,2026-04-22T16:04:00+08:00,confirmed,CNY,1997242.54,60,战略采购组,2,2026-05-25T16:04:00+08:00
PO-202601-000559,SUP-047,2026-01-26T06:42:00+08:00,2026-01-29T06:42:00+08:00,in_transit,CNY,399409.92,60,采购一组,1,2026-02-04T06:42:00+08:00
PO-202601-000560,SUP-019,2026-01-15T16:08:00+08:00,2026-01-17T16:08:00+08:00,delayed,CNY,1490927.84,90,采购一组,1,2026-02-07T16:08:00+08:00
PO-202512-000561,SUP-033,2025-12-23T06:10:00+08:00,2025-12-26T06:10:00+08:00,received,CNY,3741970.78,30,采购一组,4,2025-12-31T06:10:00+08:00
PO-202605-000562,SUP-028,2026-05-11T07:50:00+08:00,2026-05-15T07:50:00+08:00,draft,CNY,3549479.53,15,采购二组,4,2026-05-17T07:50:00+08:00
PO-202506-000563,SUP-009,2025-06-24T10:48:00+08:00,2025-07-01T10:48:00+08:00,delayed,CNY,7023535.67,60,采购一组,4,2025-07-21T10:48:00+08:00
PO-202603-000564,SUP-046,2026-03-21T08:20:00+08:00,2026-03-26T08:20:00+08:00,in_transit,CNY,7705027.38,45,战略采购组,4,2026-03-25T08:20:00+08:00
PO-202606-000565,SUP-003,2026-06-09T15:14:00+08:00,2026-06-16T15:14:00+08:00,received,CNY,9642206.36,45,采购一组,3,2026-06-15T08:00:00+08:00
PO-202508-000566,SUP-054,2025-08-24T12:21:00+08:00,2025-08-27T12:21:00+08:00,received,CNY,1134924.93,90,战略采购组,2,2025-09-22T12:21:00+08:00
PO-202507-000567,SUP-012,2025-07-31T01:32:00+08:00,2025-08-05T01:32:00+08:00,in_transit,CNY,9623156.93,45,采购二组,3,2025-08-16T01:32:00+08:00
PO-202604-000568,SUP-026,2026-04-21T23:58:00+08:00,2026-04-26T23:58:00+08:00,draft,CNY,872316.52,30,采购一组,2,2026-05-29T23:58:00+08:00
PO-202510-000569,SUP-041,2025-10-20T15:40:00+08:00,2025-10-24T15:40:00+08:00,in_transit,CNY,292937.25,90,采购一组,1,2025-10-31T15:40:00+08:00
PO-202603-000570,SUP-024,2026-03-07T19:52:00+08:00,2026-03-11T19:52:00+08:00,received,CNY,2110516.21,45,战略采购组,2,2026-04-08T19:52:00+08:00
PO-202606-000571,SUP-015,2026-06-01T22:19:00+08:00,2026-06-08T22:19:00+08:00,delayed,CNY,2485737.6,60,采购一组,1,2026-06-09T22:19:00+08:00
PO-202604-000572,SUP-002,2026-04-26T00:12:00+08:00,2026-04-27T12:12:00+08:00,in_transit,CNY,200407.5,30,战略采购组,1,2026-05-22T00:12:00+08:00
PO-202605-000573,SUP-054,2026-05-25T07:46:00+08:00,2026-05-26T19:46:00+08:00,confirmed,CNY,301822.66,90,采购一组,2,2026-06-15T08:00:00+08:00
PO-202511-000574,SUP-011,2025-11-21T23:29:00+08:00,2025-11-26T23:29:00+08:00,confirmed,CNY,3906759.68,60,战略采购组,2,2025-12-10T23:29:00+08:00
PO-202511-000575,SUP-001,2025-11-06T07:01:00+08:00,2025-11-07T07:01:00+08:00,received,CNY,130914.85,30,采购一组,1,2025-11-14T07:01:00+08:00
PO-202511-000576,SUP-053,2025-11-11T09:37:00+08:00,2025-11-15T09:37:00+08:00,received,CNY,939360.24,90,采购一组,1,2025-11-28T09:37:00+08:00
PO-202507-000577,SUP-007,2025-07-14T22:55:00+08:00,2025-07-21T22:55:00+08:00,delayed,CNY,1070147.96,30,采购一组,1,2025-07-22T22:55:00+08:00
PO-202606-000578,SUP-020,2026-06-14T05:30:00+08:00,2026-06-17T05:30:00+08:00,cancelled,CNY,2717367.93,90,战略采购组,2,2026-06-15T08:00:00+08:00
PO-202602-000579,SUP-016,2026-02-20T23:13:00+08:00,2026-02-22T11:13:00+08:00,received,CNY,7300389.6,30,采购二组,1,2026-04-05T23:13:00+08:00
PO-202512-000580,SUP-050,2025-12-31T13:00:00+08:00,2026-01-07T13:00:00+08:00,delayed,CNY,25966877.91,45,采购一组,4,2026-01-26T13:00:00+08:00
PO-202507-000581,SUP-007,2025-07-23T23:35:00+08:00,2025-07-26T23:35:00+08:00,draft,CNY,7115519.45,30,采购二组,4,2025-09-02T23:35:00+08:00
PO-202507-000582,SUP-041,2025-07-29T17:08:00+08:00,2025-08-05T17:08:00+08:00,received,CNY,4266013.57,45,采购一组,4,2025-08-28T17:08:00+08:00
PO-202508-000583,SUP-030,2025-08-11T05:52:00+08:00,2025-08-16T05:52:00+08:00,received,CNY,12032308.46,90,战略采购组,4,2025-09-16T05:52:00+08:00
PO-202603-000584,SUP-043,2026-03-31T08:12:00+08:00,2026-04-04T08:12:00+08:00,confirmed,CNY,9824111.9,45,采购二组,2,2026-05-07T08:12:00+08:00
PO-202511-000585,SUP-004,2025-11-18T18:24:00+08:00,2025-11-22T18:24:00+08:00,delayed,CNY,14373950.49,30,战略采购组,4,2025-12-14T18:24:00+08:00
PO-202506-000586,SUP-037,2025-06-16T07:33:00+08:00,2025-06-23T07:33:00+08:00,delayed,CNY,10321725.92,45,采购二组,3,2025-06-30T07:33:00+08:00
PO-202601-000587,SUP-014,2026-01-08T17:17:00+08:00,2026-01-12T17:17:00+08:00,draft,CNY,5750340.74,30,战略采购组,2,2026-01-17T17:17:00+08:00
PO-202605-000588,SUP-013,2026-05-31T04:38:00+08:00,2026-06-07T04:38:00+08:00,in_transit,CNY,13068669.64,90,采购二组,4,2026-06-15T08:00:00+08:00
PO-202604-000589,SUP-033,2026-04-02T17:45:00+08:00,2026-04-06T17:45:00+08:00,received,CNY,7714525.15,45,采购二组,3,2026-04-02T17:45:00+08:00
PO-202506-000590,SUP-030,2025-06-27T11:51:00+08:00,2025-07-02T11:51:00+08:00,received,CNY,6076737.14,15,采购二组,4,2025-07-18T11:51:00+08:00
PO-202510-000591,SUP-049,2025-10-12T20:59:00+08:00,2025-10-17T20:59:00+08:00,received,CNY,2154585.5,30,战略采购组,2,2025-10-17T20:59:00+08:00
PO-202604-000592,SUP-051,2026-04-22T23:23:00+08:00,2026-04-29T23:23:00+08:00,received,CNY,787833.48,60,战略采购组,2,2026-05-09T23:23:00+08:00
PO-202606-000593,SUP-047,2026-06-01T07:16:00+08:00,2026-06-08T07:16:00+08:00,in_transit,CNY,2151491.73,60,战略采购组,3,2026-06-15T08:00:00+08:00
PO-202601-000594,SUP-029,2026-01-02T07:46:00+08:00,2026-01-05T07:46:00+08:00,confirmed,CNY,5361678.1,45,采购一组,4,2026-01-07T07:46:00+08:00
PO-202509-000595,SUP-003,2025-09-02T23:26:00+08:00,2025-09-07T23:26:00+08:00,received,CNY,7567324.6,30,采购一组,4,2025-09-12T23:26:00+08:00
PO-202507-000596,SUP-018,2025-07-22T18:09:00+08:00,2025-07-26T18:09:00+08:00,received,CNY,1317330.0,15,战略采购组,1,2025-08-27T18:09:00+08:00
PO-202601-000597,SUP-012,2026-01-21T06:28:00+08:00,2026-01-26T06:28:00+08:00,received,CNY,12652499.58,30,战略采购组,2,2026-01-30T06:28:00+08:00
PO-202509-000598,SUP-059,2025-09-23T16:17:00+08:00,2025-09-30T16:17:00+08:00,received,CNY,1231993.44,15,采购二组,4,2025-10-16T16:17:00+08:00
PO-202507-000599,SUP-038,2025-07-30T22:11:00+08:00,2025-08-01T10:11:00+08:00,received,CNY,4758237.66,15,战略采购组,2,2025-08-26T22:11:00+08:00
PO-202511-000600,SUP-050,2025-11-09T14:34:00+08:00,2025-11-11T02:34:00+08:00,in_transit,CNY,3963414.37,90,战略采购组,3,2025-12-08T14:34:00+08:00
PO-202510-000601,SUP-040,2025-10-04T18:15:00+08:00,2025-10-11T18:15:00+08:00,received,CNY,6873274.17,60,采购二组,4,2025-11-05T18:15:00+08:00
PO-202603-000602,SUP-023,2026-03-26T16:38:00+08:00,2026-04-02T16:38:00+08:00,confirmed,CNY,3524832.54,60,采购二组,1,2026-04-22T16:38:00+08:00
PO-202604-000603,SUP-046,2026-04-25T23:19:00+08:00,2026-04-29T23:19:00+08:00,confirmed,CNY,5483369.25,30,采购二组,4,2026-04-26T23:19:00+08:00
PO-202509-000604,SUP-015,2025-09-10T04:56:00+08:00,2025-09-17T04:56:00+08:00,confirmed,CNY,1775591.96,30,战略采购组,4,2025-10-22T04:56:00+08:00
PO-202509-000605,SUP-038,2025-09-05T13:52:00+08:00,2025-09-12T13:52:00+08:00,confirmed,CNY,19337580.66,15,采购二组,4,2025-10-10T13:52:00+08:00
PO-202507-000606,SUP-001,2025-07-17T21:25:00+08:00,2025-07-21T21:25:00+08:00,in_transit,CNY,1077382.62,90,战略采购组,2,2025-08-16T21:25:00+08:00
PO-202511-000607,SUP-036,2025-11-14T15:24:00+08:00,2025-11-16T03:24:00+08:00,in_transit,CNY,117285.1,45,采购一组,2,2025-11-26T15:24:00+08:00
PO-202509-000608,SUP-029,2025-09-08T05:42:00+08:00,2025-09-11T05:42:00+08:00,confirmed,CNY,12590179.77,45,战略采购组,4,2025-10-02T05:42:00+08:00
PO-202509-000609,SUP-015,2025-09-28T03:52:00+08:00,2025-10-05T03:52:00+08:00,in_transit,CNY,11815374.34,60,战略采购组,4,2025-10-10T03:52:00+08:00
PO-202604-000610,SUP-040,2026-04-27T02:45:00+08:00,2026-04-30T02:45:00+08:00,received,CNY,4684.09,90,战略采购组,1,2026-05-02T02:45:00+08:00
PO-202506-000611,SUP-017,2025-06-25T03:57:00+08:00,2025-06-29T03:57:00+08:00,received,CNY,2339706.84,30,战略采购组,3,2025-07-21T03:57:00+08:00
PO-202605-000612,SUP-012,2026-05-01T10:54:00+08:00,2026-05-05T10:54:00+08:00,in_transit,CNY,116783.94,90,采购二组,1,2026-05-01T10:54:00+08:00
PO-202511-000613,SUP-026,2025-11-22T15:14:00+08:00,2025-11-29T15:14:00+08:00,draft,CNY,3769967.45,60,采购一组,2,2025-12-10T15:14:00+08:00
PO-202606-000614,SUP-022,2026-06-07T13:16:00+08:00,2026-06-12T13:16:00+08:00,confirmed,CNY,9115870.9,45,采购一组,3,2026-06-15T08:00:00+08:00
PO-202604-000615,SUP-038,2026-04-08T03:24:00+08:00,2026-04-09T15:24:00+08:00,cancelled,CNY,16037103.82,30,采购一组,3,2026-05-21T03:24:00+08:00
PO-202603-000616,SUP-023,2026-03-31T09:20:00+08:00,2026-04-02T09:20:00+08:00,received,CNY,1025143.46,90,战略采购组,1,2026-05-05T09:20:00+08:00
PO-202605-000617,SUP-012,2026-05-13T19:16:00+08:00,2026-05-17T19:16:00+08:00,delayed,CNY,3586684.01,15,采购一组,4,2026-05-23T19:16:00+08:00
PO-202603-000618,SUP-042,2026-03-13T01:54:00+08:00,2026-03-20T01:54:00+08:00,received,CNY,3516439.75,15,采购一组,4,2026-03-22T01:54:00+08:00
PO-202511-000619,SUP-021,2025-11-22T23:30:00+08:00,2025-11-26T23:30:00+08:00,confirmed,CNY,1726805.15,60,采购一组,1,2025-12-12T23:30:00+08:00
PO-202605-000620,SUP-059,2026-05-26T18:36:00+08:00,2026-06-02T18:36:00+08:00,received,CNY,9002030.9,15,采购一组,4,2026-06-15T08:00:00+08:00
PO-202601-000621,SUP-021,2026-01-07T16:02:00+08:00,2026-01-14T16:02:00+08:00,received,CNY,6892604.29,90,采购二组,3,2026-02-02T16:02:00+08:00
PO-202508-000622,SUP-041,2025-08-23T18:47:00+08:00,2025-08-26T18:47:00+08:00,in_transit,CNY,8406728.6,45,采购一组,3,2025-09-22T18:47:00+08:00
PO-202604-000623,SUP-013,2026-04-26T07:37:00+08:00,2026-05-03T07:37:00+08:00,in_transit,CNY,8067598.67,45,采购一组,2,2026-06-03T07:37:00+08:00
PO-202601-000624,SUP-007,2026-01-02T15:55:00+08:00,2026-01-07T15:55:00+08:00,received,CNY,4504602.7,45,采购一组,2,2026-02-02T15:55:00+08:00
PO-202511-000625,SUP-033,2025-11-23T14:38:00+08:00,2025-11-26T14:38:00+08:00,received,CNY,7573740.88,15,采购一组,4,2026-01-06T14:38:00+08:00
PO-202601-000626,SUP-021,2026-01-04T14:27:00+08:00,2026-01-11T14:27:00+08:00,delayed,CNY,12196303.21,45,战略采购组,4,2026-02-06T14:27:00+08:00
PO-202604-000627,SUP-059,2026-04-06T11:14:00+08:00,2026-04-13T11:14:00+08:00,in_transit,CNY,90333.32,90,战略采购组,1,2026-05-19T11:14:00+08:00
PO-202511-000628,SUP-005,2025-11-30T19:35:00+08:00,2025-12-02T07:35:00+08:00,in_transit,CNY,2323127.04,90,采购一组,1,2025-12-01T19:35:00+08:00
PO-202603-000629,SUP-036,2026-03-25T17:02:00+08:00,2026-03-27T17:02:00+08:00,in_transit,CNY,15226189.38,45,战略采购组,3,2026-04-19T17:02:00+08:00
PO-202606-000630,SUP-044,2026-06-13T02:21:00+08:00,2026-06-18T02:21:00+08:00,received,CNY,6649446.8,90,采购一组,3,2026-06-15T08:00:00+08:00
PO-202507-000631,SUP-039,2025-07-05T01:31:00+08:00,2025-07-06T13:31:00+08:00,delayed,CNY,210583.92,30,采购一组,1,2025-07-27T01:31:00+08:00
PO-202512-000632,SUP-006,2025-12-29T15:06:00+08:00,2026-01-03T15:06:00+08:00,confirmed,CNY,2382754.0,90,采购二组,1,2026-02-09T15:06:00+08:00
PO-202601-000633,SUP-053,2026-01-06T16:15:00+08:00,2026-01-10T16:15:00+08:00,in_transit,CNY,10266463.95,90,采购二组,4,2026-01-28T16:15:00+08:00
PO-202509-000634,SUP-014,2025-09-10T03:41:00+08:00,2025-09-17T03:41:00+08:00,confirmed,CNY,24593941.73,60,战略采购组,4,2025-09-13T03:41:00+08:00
PO-202601-000635,SUP-054,2026-01-10T12:16:00+08:00,2026-01-11T12:16:00+08:00,in_transit,CNY,241544.5,45,战略采购组,1,2026-02-03T12:16:00+08:00
PO-202508-000636,SUP-055,2025-08-09T20:47:00+08:00,2025-08-14T20:47:00+08:00,confirmed,CNY,572045.94,15,战略采购组,2,2025-09-13T20:47:00+08:00
PO-202510-000637,SUP-055,2025-10-09T22:57:00+08:00,2025-10-12T22:57:00+08:00,received,CNY,3242253.26,30,采购二组,2,2025-10-17T22:57:00+08:00
PO-202507-000638,SUP-009,2025-07-11T13:07:00+08:00,2025-07-13T01:07:00+08:00,delayed,CNY,21896.0,30,采购一组,1,2025-08-12T13:07:00+08:00
PO-202510-000639,SUP-035,2025-10-08T19:06:00+08:00,2025-10-09T19:06:00+08:00,received,CNY,2468506.21,45,采购一组,1,2025-10-19T19:06:00+08:00
PO-202602-000640,SUP-029,2026-02-22T04:29:00+08:00,2026-02-23T04:29:00+08:00,received,CNY,1802309.74,45,战略采购组,1,2026-03-05T04:29:00+08:00
PO-202601-000641,SUP-051,2026-01-25T20:24:00+08:00,2026-01-29T20:24:00+08:00,in_transit,CNY,678652.34,15,采购二组,2,2026-02-21T20:24:00+08:00
PO-202511-000642,SUP-042,2025-11-23T03:57:00+08:00,2025-11-27T03:57:00+08:00,cancelled,CNY,9515978.23,60,采购一组,4,2026-01-05T03:57:00+08:00
PO-202509-000643,SUP-041,2025-09-21T05:02:00+08:00,2025-09-23T05:02:00+08:00,in_transit,CNY,4782323.98,45,战略采购组,2,2025-11-02T05:02:00+08:00
PO-202604-000644,SUP-014,2026-04-11T00:24:00+08:00,2026-04-18T00:24:00+08:00,confirmed,CNY,14933869.17,30,采购二组,4,2026-05-05T00:24:00+08:00
PO-202510-000645,SUP-001,2025-10-12T11:00:00+08:00,2025-10-19T11:00:00+08:00,received,CNY,2137866.21,15,采购二组,1,2025-11-18T11:00:00+08:00
PO-202604-000646,SUP-041,2026-04-14T09:10:00+08:00,2026-04-17T09:10:00+08:00,draft,CNY,2378136.6,15,战略采购组,1,2026-04-22T09:10:00+08:00
PO-202603-000647,SUP-060,2026-03-21T10:49:00+08:00,2026-03-28T10:49:00+08:00,delayed,CNY,1566477.1,60,采购一组,3,2026-04-26T10:49:00+08:00
PO-202604-000648,SUP-018,2026-04-29T10:43:00+08:00,2026-05-06T10:43:00+08:00,in_transit,CNY,12808483.53,45,采购一组,4,2026-04-29T10:43:00+08:00
PO-202604-000649,SUP-038,2026-04-05T07:12:00+08:00,2026-04-06T19:12:00+08:00,received,CNY,1131448.4,15,战略采购组,1,2026-04-30T07:12:00+08:00
PO-202506-000650,SUP-015,2025-06-19T09:37:00+08:00,2025-06-26T09:37:00+08:00,received,CNY,12160268.16,45,采购二组,3,2025-07-19T09:37:00+08:00
PO-202511-000651,SUP-037,2025-11-28T02:44:00+08:00,2025-12-02T02:44:00+08:00,received,CNY,3518701.41,45,采购一组,2,2026-01-06T02:44:00+08:00
PO-202507-000652,SUP-008,2025-07-04T11:42:00+08:00,2025-07-05T11:42:00+08:00,received,CNY,4539873.15,30,战略采购组,1,2025-08-06T11:42:00+08:00
PO-202508-000653,SUP-052,2025-08-17T11:28:00+08:00,2025-08-20T11:28:00+08:00,received,CNY,1772125.8,60,战略采购组,2,2025-09-14T11:28:00+08:00
PO-202604-000654,SUP-024,2026-04-15T17:43:00+08:00,2026-04-20T17:43:00+08:00,in_transit,CNY,12607373.14,90,采购一组,4,2026-04-16T17:43:00+08:00
PO-202604-000655,SUP-035,2026-04-03T03:19:00+08:00,2026-04-08T03:19:00+08:00,received,CNY,1432154.4,90,采购一组,1,2026-04-04T03:19:00+08:00
PO-202508-000656,SUP-029,2025-08-13T11:06:00+08:00,2025-08-18T11:06:00+08:00,received,CNY,4665243.25,15,采购一组,4,2025-09-19T11:06:00+08:00
PO-202507-000657,SUP-041,2025-07-27T05:07:00+08:00,2025-07-29T05:07:00+08:00,in_transit,CNY,1036455.32,90,采购一组,2,2025-08-02T05:07:00+08:00
PO-202509-000658,SUP-004,2025-09-10T23:29:00+08:00,2025-09-14T23:29:00+08:00,received,CNY,9697827.77,90,采购二组,2,2025-10-18T23:29:00+08:00
PO-202509-000659,SUP-010,2025-09-22T04:32:00+08:00,2025-09-26T04:32:00+08:00,in_transit,CNY,4405758.37,90,战略采购组,3,2025-10-01T04:32:00+08:00
PO-202603-000660,SUP-052,2026-03-01T19:00:00+08:00,2026-03-04T19:00:00+08:00,confirmed,CNY,177131.56,60,战略采购组,2,2026-03-31T19:00:00+08:00
PO-202510-000661,SUP-049,2025-10-01T06:38:00+08:00,2025-10-02T18:38:00+08:00,received,CNY,129972.54,30,采购一组,1,2025-11-11T06:38:00+08:00
PO-202512-000662,SUP-054,2025-12-14T01:23:00+08:00,2025-12-18T01:23:00+08:00,received,CNY,11471643.65,60,战略采购组,4,2025-12-31T01:23:00+08:00
PO-202507-000663,SUP-055,2025-07-20T07:34:00+08:00,2025-07-25T07:34:00+08:00,draft,CNY,924881.24,45,采购二组,4,2025-07-24T07:34:00+08:00
PO-202603-000664,SUP-012,2026-03-14T21:38:00+08:00,2026-03-21T21:38:00+08:00,received,CNY,3812060.65,15,战略采购组,4,2026-03-15T21:38:00+08:00
PO-202510-000665,SUP-057,2025-10-10T22:06:00+08:00,2025-10-12T22:06:00+08:00,confirmed,CNY,4697726.63,15,采购二组,2,2025-10-19T22:06:00+08:00
PO-202604-000666,SUP-039,2026-04-03T21:12:00+08:00,2026-04-07T21:12:00+08:00,delayed,CNY,14290115.14,90,采购二组,4,2026-04-25T21:12:00+08:00
PO-202508-000667,SUP-060,2025-08-09T13:01:00+08:00,2025-08-16T13:01:00+08:00,received,CNY,2679197.14,30,采购一组,4,2025-09-23T13:01:00+08:00
PO-202601-000668,SUP-012,2026-01-18T18:01:00+08:00,2026-01-25T18:01:00+08:00,confirmed,CNY,4367706.76,15,采购一组,4,2026-02-20T18:01:00+08:00
PO-202606-000669,SUP-009,2026-06-10T13:09:00+08:00,2026-06-17T13:09:00+08:00,received,CNY,7154798.8,45,采购二组,3,2026-06-15T08:00:00+08:00
PO-202603-000670,SUP-002,2026-03-05T07:03:00+08:00,2026-03-09T07:03:00+08:00,confirmed,CNY,2376479.04,30,采购一组,1,2026-04-02T07:03:00+08:00
PO-202510-000671,SUP-053,2025-10-14T16:26:00+08:00,2025-10-19T16:26:00+08:00,confirmed,CNY,5621662.94,30,采购一组,4,2025-11-18T16:26:00+08:00
PO-202511-000672,SUP-031,2025-11-13T12:55:00+08:00,2025-11-20T12:55:00+08:00,received,CNY,86299.66,60,战略采购组,1,2025-12-23T12:55:00+08:00
PO-202512-000673,SUP-060,2025-12-28T13:44:00+08:00,2025-12-30T13:44:00+08:00,in_transit,CNY,12538060.02,30,采购一组,2,2026-01-26T13:44:00+08:00
PO-202604-000674,SUP-041,2026-04-19T12:19:00+08:00,2026-04-23T12:19:00+08:00,delayed,CNY,113505.75,90,战略采购组,1,2026-05-18T12:19:00+08:00
PO-202603-000675,SUP-028,2026-03-18T23:36:00+08:00,2026-03-22T23:36:00+08:00,received,CNY,14808237.96,30,采购一组,3,2026-03-24T23:36:00+08:00
PO-202602-000676,SUP-032,2026-02-23T11:59:00+08:00,2026-02-28T11:59:00+08:00,confirmed,CNY,183113.35,90,采购二组,1,2026-03-12T11:59:00+08:00
PO-202605-000677,SUP-025,2026-05-04T04:36:00+08:00,2026-05-11T04:36:00+08:00,received,CNY,2765293.02,60,采购二组,2,2026-05-19T04:36:00+08:00
PO-202603-000678,SUP-049,2026-03-27T00:03:00+08:00,2026-03-30T00:03:00+08:00,received,CNY,12011715.43,90,战略采购组,3,2026-03-30T00:03:00+08:00
PO-202511-000679,SUP-035,2025-11-01T20:02:00+08:00,2025-11-05T20:02:00+08:00,in_transit,CNY,6294003.71,30,采购一组,4,2025-11-24T20:02:00+08:00
PO-202601-000680,SUP-041,2026-01-22T00:06:00+08:00,2026-01-26T00:06:00+08:00,received,CNY,3790624.27,15,采购一组,3,2026-02-15T00:06:00+08:00
PO-202510-000681,SUP-019,2025-10-01T10:53:00+08:00,2025-10-08T10:53:00+08:00,received,CNY,1245968.88,60,采购一组,4,2025-10-11T10:53:00+08:00
PO-202510-000682,SUP-024,2025-10-07T13:46:00+08:00,2025-10-12T13:46:00+08:00,confirmed,CNY,7230394.75,45,采购二组,4,2025-10-20T13:46:00+08:00
PO-202601-000683,SUP-010,2026-01-30T11:34:00+08:00,2026-02-02T11:34:00+08:00,in_transit,CNY,1088263.59,60,战略采购组,2,2026-02-02T11:34:00+08:00
PO-202604-000684,SUP-006,2026-04-23T07:47:00+08:00,2026-04-30T07:47:00+08:00,delayed,CNY,8333841.64,60,采购一组,4,2026-04-23T07:47:00+08:00
PO-202602-000685,SUP-031,2026-02-20T01:15:00+08:00,2026-02-25T01:15:00+08:00,received,CNY,10451864.97,45,采购二组,3,2026-04-04T01:15:00+08:00
PO-202606-000686,SUP-015,2026-06-05T20:49:00+08:00,2026-06-09T20:49:00+08:00,received,CNY,255892.44,30,采购一组,1,2026-06-15T08:00:00+08:00
PO-202604-000687,SUP-037,2026-04-25T10:25:00+08:00,2026-04-29T10:25:00+08:00,received,CNY,6558435.14,90,采购二组,1,2026-05-03T10:25:00+08:00
PO-202511-000688,SUP-021,2025-11-22T05:39:00+08:00,2025-11-23T05:39:00+08:00,in_transit,CNY,440019.52,45,战略采购组,2,2025-12-17T05:39:00+08:00
PO-202602-000689,SUP-049,2026-02-18T07:48:00+08:00,2026-02-23T07:48:00+08:00,received,CNY,2075190.04,90,采购二组,1,2026-03-10T07:48:00+08:00
PO-202506-000690,SUP-039,2025-06-18T06:04:00+08:00,2025-06-25T06:04:00+08:00,confirmed,CNY,14953201.74,30,战略采购组,4,2025-07-05T06:04:00+08:00
PO-202603-000691,SUP-009,2026-03-03T14:41:00+08:00,2026-03-10T14:41:00+08:00,draft,CNY,15178418.02,30,采购一组,4,2026-04-15T14:41:00+08:00
PO-202507-000692,SUP-039,2025-07-09T12:54:00+08:00,2025-07-14T12:54:00+08:00,received,CNY,297752.4,45,采购二组,1,2025-07-31T12:54:00+08:00
PO-202603-000693,SUP-011,2026-03-25T20:31:00+08:00,2026-03-30T20:31:00+08:00,received,CNY,201778.5,60,采购一组,1,2026-04-02T20:31:00+08:00
PO-202603-000694,SUP-026,2026-03-20T14:50:00+08:00,2026-03-23T14:50:00+08:00,received,CNY,10946745.1,45,采购二组,2,2026-04-02T14:50:00+08:00
PO-202509-000695,SUP-009,2025-09-08T01:26:00+08:00,2025-09-15T01:26:00+08:00,received,CNY,12869564.27,15,战略采购组,3,2025-09-24T01:26:00+08:00
PO-202605-000696,SUP-015,2026-05-04T11:07:00+08:00,2026-05-05T11:07:00+08:00,delayed,CNY,5963226.44,90,战略采购组,2,2026-05-19T11:07:00+08:00
PO-202508-000697,SUP-057,2025-08-13T01:19:00+08:00,2025-08-18T01:19:00+08:00,delayed,CNY,1829491.6,45,采购二组,4,2025-08-18T01:19:00+08:00
PO-202605-000698,SUP-006,2026-05-15T05:41:00+08:00,2026-05-22T05:41:00+08:00,confirmed,CNY,11369826.32,45,采购一组,2,2026-06-15T08:00:00+08:00
PO-202506-000699,SUP-060,2025-06-20T19:58:00+08:00,2025-06-22T19:58:00+08:00,in_transit,CNY,355599.1,15,采购一组,1,2025-06-28T19:58:00+08:00
PO-202510-000700,SUP-060,2025-10-04T17:59:00+08:00,2025-10-09T17:59:00+08:00,received,CNY,8703246.58,15,战略采购组,4,2025-10-07T17:59:00+08:00
PO-202603-000701,SUP-035,2026-03-25T23:53:00+08:00,2026-03-27T23:53:00+08:00,received,CNY,5719296.3,45,采购二组,4,2026-04-10T23:53:00+08:00
PO-202512-000702,SUP-037,2025-12-28T16:20:00+08:00,2026-01-04T16:20:00+08:00,in_transit,CNY,2583245.33,60,采购一组,2,2026-01-30T16:20:00+08:00
PO-202512-000703,SUP-020,2025-12-19T23:00:00+08:00,2025-12-22T23:00:00+08:00,received,CNY,3338165.6,30,采购二组,1,2025-12-27T23:00:00+08:00
PO-202506-000704,SUP-021,2025-06-25T11:16:00+08:00,2025-07-02T11:16:00+08:00,received,CNY,9210003.91,90,采购一组,4,2025-07-09T11:16:00+08:00
PO-202510-000705,SUP-041,2025-10-10T21:33:00+08:00,2025-10-17T21:33:00+08:00,draft,CNY,7782376.82,15,采购二组,4,2025-10-11T21:33:00+08:00
PO-202508-000706,SUP-021,2025-08-25T12:13:00+08:00,2025-08-29T12:13:00+08:00,in_transit,CNY,5763876.04,15,战略采购组,4,2025-09-11T12:13:00+08:00
PO-202511-000707,SUP-003,2025-11-06T12:12:00+08:00,2025-11-11T12:12:00+08:00,in_transit,CNY,14931431.1,30,战略采购组,3,2025-11-13T12:12:00+08:00
PO-202510-000708,SUP-035,2025-10-14T17:27:00+08:00,2025-10-17T17:27:00+08:00,received,CNY,1439466.33,45,战略采购组,3,2025-11-03T17:27:00+08:00
PO-202601-000709,SUP-010,2026-01-15T00:03:00+08:00,2026-01-22T00:03:00+08:00,delayed,CNY,9497430.3,45,采购二组,4,2026-01-18T00:03:00+08:00
PO-202509-000710,SUP-055,2025-09-30T18:34:00+08:00,2025-10-05T18:34:00+08:00,confirmed,CNY,3643848.1,90,采购二组,1,2025-10-09T18:34:00+08:00
PO-202510-000711,SUP-036,2025-10-19T01:21:00+08:00,2025-10-23T01:21:00+08:00,received,CNY,4468526.73,15,采购一组,2,2025-10-24T01:21:00+08:00
PO-202511-000712,SUP-012,2025-11-26T20:05:00+08:00,2025-12-03T20:05:00+08:00,received,CNY,1922481.24,90,采购一组,2,2026-01-07T20:05:00+08:00
PO-202604-000713,SUP-025,2026-04-06T20:15:00+08:00,2026-04-10T20:15:00+08:00,delayed,CNY,2172364.41,30,战略采购组,2,2026-04-11T20:15:00+08:00
PO-202506-000714,SUP-003,2025-06-24T09:23:00+08:00,2025-06-25T09:23:00+08:00,draft,CNY,2904584.32,30,战略采购组,1,2025-08-03T09:23:00+08:00
PO-202601-000715,SUP-007,2026-01-10T22:09:00+08:00,2026-01-17T22:09:00+08:00,in_transit,CNY,7817250.06,30,采购一组,4,2026-02-05T22:09:00+08:00
PO-202602-000716,SUP-013,2026-02-25T18:38:00+08:00,2026-03-04T18:38:00+08:00,confirmed,CNY,1278111.18,30,采购一组,2,2026-03-28T18:38:00+08:00
PO-202603-000717,SUP-039,2026-03-15T04:27:00+08:00,2026-03-20T04:27:00+08:00,confirmed,CNY,14738254.5,90,采购二组,3,2026-04-16T04:27:00+08:00
PO-202604-000718,SUP-025,2026-04-08T15:00:00+08:00,2026-04-13T15:00:00+08:00,in_transit,CNY,3860843.48,90,采购一组,3,2026-05-23T15:00:00+08:00
PO-202602-000719,SUP-039,2026-02-17T04:17:00+08:00,2026-02-21T04:17:00+08:00,received,CNY,3407588.22,15,采购二组,3,2026-04-01T04:17:00+08:00
PO-202506-000720,SUP-023,2025-06-30T02:09:00+08:00,2025-07-05T02:09:00+08:00,in_transit,CNY,10473131.12,45,战略采购组,3,2025-07-15T02:09:00+08:00
PO-202604-000721,SUP-012,2026-04-25T03:02:00+08:00,2026-04-26T03:02:00+08:00,received,CNY,9891654.5,30,采购二组,1,2026-04-26T03:02:00+08:00
PO-202606-000722,SUP-047,2026-06-13T19:05:00+08:00,2026-06-20T19:05:00+08:00,delayed,CNY,2711130.62,15,战略采购组,3,2026-06-15T08:00:00+08:00
PO-202508-000723,SUP-033,2025-08-22T21:31:00+08:00,2025-08-24T21:31:00+08:00,in_transit,CNY,2767887.12,15,采购一组,1,2025-09-12T21:31:00+08:00
PO-202510-000724,SUP-011,2025-10-19T01:52:00+08:00,2025-10-26T01:52:00+08:00,received,CNY,1705580.44,90,采购二组,3,2025-11-11T01:52:00+08:00
PO-202506-000725,SUP-055,2025-06-16T02:35:00+08:00,2025-06-21T02:35:00+08:00,received,CNY,1078307.5,45,采购一组,2,2025-07-26T02:35:00+08:00
PO-202508-000726,SUP-060,2025-08-14T11:14:00+08:00,2025-08-21T11:14:00+08:00,draft,CNY,7930146.4,45,采购一组,4,2025-09-16T11:14:00+08:00
PO-202603-000727,SUP-030,2026-03-11T16:33:00+08:00,2026-03-16T16:33:00+08:00,received,CNY,8367774.65,15,战略采购组,4,2026-03-19T16:33:00+08:00
PO-202511-000728,SUP-016,2025-11-27T02:13:00+08:00,2025-12-04T02:13:00+08:00,confirmed,CNY,7074500.82,15,采购一组,4,2025-12-14T02:13:00+08:00
PO-202603-000729,SUP-049,2026-03-11T07:05:00+08:00,2026-03-16T07:05:00+08:00,received,CNY,7584207.21,30,战略采购组,2,2026-04-22T07:05:00+08:00
PO-202508-000730,SUP-056,2025-08-18T05:48:00+08:00,2025-08-25T05:48:00+08:00,confirmed,CNY,6943021.48,15,采购二组,4,2025-09-21T05:48:00+08:00
PO-202510-000731,SUP-052,2025-10-16T08:03:00+08:00,2025-10-21T08:03:00+08:00,in_transit,CNY,3934522.84,30,战略采购组,4,2025-11-29T08:03:00+08:00
PO-202604-000732,SUP-026,2026-04-08T21:26:00+08:00,2026-04-15T21:26:00+08:00,received,CNY,6411931.04,60,采购二组,4,2026-05-05T21:26:00+08:00
PO-202602-000733,SUP-012,2026-02-10T17:07:00+08:00,2026-02-17T17:07:00+08:00,received,CNY,3364426.47,90,采购二组,3,2026-03-14T17:07:00+08:00
PO-202604-000734,SUP-035,2026-04-09T10:31:00+08:00,2026-04-14T10:31:00+08:00,confirmed,CNY,13749913.76,90,采购二组,4,2026-04-11T10:31:00+08:00
PO-202606-000735,SUP-039,2026-06-11T11:06:00+08:00,2026-06-16T11:06:00+08:00,in_transit,CNY,13555738.61,30,采购一组,3,2026-06-15T08:00:00+08:00
PO-202506-000736,SUP-034,2025-06-16T13:28:00+08:00,2025-06-23T13:28:00+08:00,delayed,CNY,3535207.58,15,采购一组,3,2025-07-10T13:28:00+08:00
PO-202602-000737,SUP-051,2026-02-26T02:50:00+08:00,2026-03-05T02:50:00+08:00,received,CNY,7203343.4,60,战略采购组,2,2026-03-08T02:50:00+08:00
PO-202511-000738,SUP-019,2025-11-18T09:31:00+08:00,2025-11-23T09:31:00+08:00,received,CNY,3895646.72,90,战略采购组,3,2026-01-01T09:31:00+08:00
PO-202604-000739,SUP-004,2026-04-24T16:04:00+08:00,2026-04-28T16:04:00+08:00,received,CNY,19788009.31,90,采购二组,4,2026-05-18T16:04:00+08:00
PO-202508-000740,SUP-048,2025-08-06T01:56:00+08:00,2025-08-13T01:56:00+08:00,received,CNY,9729028.35,30,战略采购组,3,2025-09-09T01:56:00+08:00
PO-202509-000741,SUP-018,2025-09-01T03:48:00+08:00,2025-09-08T03:48:00+08:00,confirmed,CNY,9684244.87,45,采购二组,3,2025-09-14T03:48:00+08:00
PO-202605-000742,SUP-004,2026-05-20T08:05:00+08:00,2026-05-24T08:05:00+08:00,cancelled,CNY,13325079.74,60,采购一组,3,2026-06-15T08:00:00+08:00
PO-202509-000743,SUP-015,2025-09-12T16:50:00+08:00,2025-09-19T16:50:00+08:00,received,CNY,10005052.68,15,采购一组,4,2025-10-15T16:50:00+08:00
PO-202509-000744,SUP-035,2025-09-04T04:22:00+08:00,2025-09-06T04:22:00+08:00,received,CNY,2892546.13,60,采购一组,2,2025-09-23T04:22:00+08:00
PO-202606-000745,SUP-036,2026-06-09T06:06:00+08:00,2026-06-10T18:06:00+08:00,draft,CNY,84599.4,60,战略采购组,1,2026-06-15T08:00:00+08:00
PO-202511-000746,SUP-029,2025-11-02T20:36:00+08:00,2025-11-05T20:36:00+08:00,confirmed,CNY,4712128.35,90,采购二组,4,2025-11-25T20:36:00+08:00
PO-202508-000747,SUP-048,2025-08-10T13:14:00+08:00,2025-08-15T13:14:00+08:00,draft,CNY,10477848.6,30,采购二组,2,2025-09-04T13:14:00+08:00
PO-202601-000748,SUP-028,2026-01-23T03:33:00+08:00,2026-01-26T03:33:00+08:00,received,CNY,11661136.06,60,采购一组,3,2026-02-16T03:33:00+08:00
PO-202605-000749,SUP-040,2026-05-12T17:58:00+08:00,2026-05-19T17:58:00+08:00,received,CNY,1151731.85,45,采购二组,3,2026-05-22T17:58:00+08:00
PO-202508-000750,SUP-016,2025-08-19T07:35:00+08:00,2025-08-24T07:35:00+08:00,cancelled,CNY,6479481.26,30,战略采购组,2,2025-09-11T07:35:00+08:00
PO-202511-000751,SUP-050,2025-11-08T21:11:00+08:00,2025-11-13T21:11:00+08:00,delayed,CNY,9059637.1,60,采购二组,4,2025-12-23T21:11:00+08:00
PO-202604-000752,SUP-036,2026-04-04T07:48:00+08:00,2026-04-09T07:48:00+08:00,received,CNY,773421.49,60,采购二组,4,2026-05-11T07:48:00+08:00
PO-202604-000753,SUP-046,2026-04-24T00:21:00+08:00,2026-05-01T00:21:00+08:00,received,CNY,2543876.53,60,战略采购组,4,2026-06-02T00:21:00+08:00
PO-202512-000754,SUP-055,2025-12-30T21:21:00+08:00,2026-01-04T21:21:00+08:00,delayed,CNY,124770.48,45,战略采购组,1,2026-01-01T21:21:00+08:00
PO-202507-000755,SUP-059,2025-07-30T07:48:00+08:00,2025-08-06T07:48:00+08:00,received,CNY,14107202.6,15,采购一组,4,2025-08-04T07:48:00+08:00
PO-202512-000756,SUP-024,2025-12-02T06:44:00+08:00,2025-12-09T06:44:00+08:00,received,CNY,6395093.24,60,战略采购组,3,2026-01-05T06:44:00+08:00
PO-202601-000757,SUP-002,2026-01-30T08:21:00+08:00,2026-02-03T08:21:00+08:00,in_transit,CNY,2435052.25,45,采购二组,2,2026-03-08T08:21:00+08:00
PO-202512-000758,SUP-036,2025-12-04T04:27:00+08:00,2025-12-11T04:27:00+08:00,received,CNY,1239821.71,15,采购二组,2,2025-12-07T04:27:00+08:00
PO-202509-000759,SUP-032,2025-09-26T12:49:00+08:00,2025-10-03T12:49:00+08:00,received,CNY,3867579.61,15,采购一组,3,2025-10-02T12:49:00+08:00
PO-202506-000760,SUP-018,2025-06-28T04:31:00+08:00,2025-07-02T04:31:00+08:00,confirmed,CNY,996036.42,30,战略采购组,3,2025-07-15T04:31:00+08:00
PO-202509-000761,SUP-007,2025-09-08T03:02:00+08:00,2025-09-11T03:02:00+08:00,confirmed,CNY,318578.55,45,战略采购组,1,2025-10-14T03:02:00+08:00
PO-202601-000762,SUP-053,2026-01-07T08:52:00+08:00,2026-01-08T20:52:00+08:00,draft,CNY,5773740.9,15,采购二组,1,2026-01-16T08:52:00+08:00
PO-202605-000763,SUP-044,2026-05-15T14:32:00+08:00,2026-05-17T14:32:00+08:00,delayed,CNY,3538521.4,90,采购二组,2,2026-05-28T14:32:00+08:00
PO-202604-000764,SUP-038,2026-04-28T12:57:00+08:00,2026-05-05T12:57:00+08:00,received,CNY,1628912.96,15,采购二组,1,2026-05-20T12:57:00+08:00
PO-202606-000765,SUP-060,2026-06-04T11:03:00+08:00,2026-06-09T11:03:00+08:00,confirmed,CNY,1209371.96,60,采购二组,2,2026-06-15T08:00:00+08:00
PO-202509-000766,SUP-015,2025-09-17T19:25:00+08:00,2025-09-19T07:25:00+08:00,in_transit,CNY,274073.24,30,采购一组,2,2025-09-25T19:25:00+08:00
PO-202509-000767,SUP-040,2025-09-06T23:25:00+08:00,2025-09-09T23:25:00+08:00,received,CNY,20750093.48,30,战略采购组,4,2025-09-09T23:25:00+08:00
PO-202605-000768,SUP-011,2026-05-22T18:01:00+08:00,2026-05-29T18:01:00+08:00,draft,CNY,4455738.76,60,采购一组,3,2026-06-15T08:00:00+08:00
PO-202509-000769,SUP-047,2025-09-30T14:23:00+08:00,2025-10-07T14:23:00+08:00,received,CNY,3458965.78,45,战略采购组,4,2025-10-24T14:23:00+08:00
PO-202508-000770,SUP-005,2025-08-20T18:22:00+08:00,2025-08-27T18:22:00+08:00,delayed,CNY,6663434.27,15,采购一组,3,2025-10-01T18:22:00+08:00
PO-202605-000771,SUP-024,2026-05-02T23:04:00+08:00,2026-05-05T23:04:00+08:00,confirmed,CNY,8653194.66,90,战略采购组,2,2026-05-14T23:04:00+08:00
PO-202510-000772,SUP-026,2025-10-30T03:41:00+08:00,2025-11-02T03:41:00+08:00,delayed,CNY,11926935.95,30,采购二组,2,2025-11-07T03:41:00+08:00
PO-202512-000773,SUP-019,2025-12-11T21:52:00+08:00,2025-12-16T21:52:00+08:00,confirmed,CNY,6558944.93,60,采购一组,4,2026-01-25T21:52:00+08:00
PO-202605-000774,SUP-039,2026-05-13T01:08:00+08:00,2026-05-18T01:08:00+08:00,in_transit,CNY,521885.52,60,战略采购组,2,2026-06-15T08:00:00+08:00
PO-202602-000775,SUP-022,2026-02-17T14:12:00+08:00,2026-02-22T14:12:00+08:00,received,CNY,7752154.14,30,战略采购组,3,2026-03-29T14:12:00+08:00
PO-202512-000776,SUP-024,2025-12-05T02:38:00+08:00,2025-12-10T02:38:00+08:00,cancelled,CNY,2617584.52,15,战略采购组,2,2025-12-11T02:38:00+08:00
PO-202512-000777,SUP-041,2025-12-20T12:42:00+08:00,2025-12-22T12:42:00+08:00,in_transit,CNY,3964046.54,30,采购二组,2,2026-01-21T12:42:00+08:00
PO-202605-000778,SUP-019,2026-05-16T04:08:00+08:00,2026-05-19T04:08:00+08:00,confirmed,CNY,4197495.59,30,采购一组,2,2026-05-25T04:08:00+08:00
PO-202512-000779,SUP-015,2025-12-25T13:07:00+08:00,2025-12-29T13:07:00+08:00,received,CNY,827757.09,45,战略采购组,1,2026-01-14T13:07:00+08:00
PO-202511-000780,SUP-020,2025-11-08T00:17:00+08:00,2025-11-09T00:17:00+08:00,confirmed,CNY,2403208.95,30,采购二组,1,2025-12-14T00:17:00+08:00
PO-202509-000781,SUP-012,2025-09-10T22:44:00+08:00,2025-09-14T22:44:00+08:00,received,CNY,4625308.88,90,采购一组,2,2025-09-23T22:44:00+08:00
PO-202511-000782,SUP-001,2025-11-10T08:55:00+08:00,2025-11-15T08:55:00+08:00,delayed,CNY,8717166.24,15,采购一组,4,2025-12-22T08:55:00+08:00
PO-202509-000783,SUP-026,2025-09-14T10:58:00+08:00,2025-09-19T10:58:00+08:00,confirmed,CNY,5048947.11,15,采购一组,4,2025-09-27T10:58:00+08:00
PO-202511-000784,SUP-058,2025-11-21T00:15:00+08:00,2025-11-28T00:15:00+08:00,received,CNY,173145.06,90,采购一组,1,2026-01-04T00:15:00+08:00
PO-202506-000785,SUP-041,2025-06-26T18:58:00+08:00,2025-06-30T18:58:00+08:00,draft,CNY,481446.35,30,战略采购组,2,2025-07-18T18:58:00+08:00
PO-202511-000786,SUP-037,2025-11-10T11:18:00+08:00,2025-11-15T11:18:00+08:00,confirmed,CNY,3997864.84,60,采购二组,2,2025-12-14T11:18:00+08:00
PO-202601-000787,SUP-049,2026-01-10T15:40:00+08:00,2026-01-15T15:40:00+08:00,confirmed,CNY,15361361.33,30,战略采购组,4,2026-01-29T15:40:00+08:00
PO-202508-000788,SUP-038,2025-08-24T19:55:00+08:00,2025-08-31T19:55:00+08:00,delayed,CNY,5054122.82,30,采购二组,2,2025-09-13T19:55:00+08:00
PO-202511-000789,SUP-001,2025-11-01T10:07:00+08:00,2025-11-06T10:07:00+08:00,received,CNY,8158642.03,60,战略采购组,2,2025-12-03T10:07:00+08:00
PO-202604-000790,SUP-006,2026-04-26T17:48:00+08:00,2026-05-01T17:48:00+08:00,received,CNY,5623804.06,90,采购二组,1,2026-06-08T17:48:00+08:00
PO-202602-000791,SUP-026,2026-02-17T11:29:00+08:00,2026-02-24T11:29:00+08:00,confirmed,CNY,1428162.74,30,采购二组,3,2026-03-13T11:29:00+08:00
PO-202506-000792,SUP-039,2025-06-22T10:53:00+08:00,2025-06-27T10:53:00+08:00,draft,CNY,1194354.36,15,战略采购组,2,2025-07-04T10:53:00+08:00
PO-202605-000793,SUP-024,2026-05-02T21:03:00+08:00,2026-05-06T21:03:00+08:00,received,CNY,2046511.12,45,采购一组,2,2026-05-06T21:03:00+08:00
PO-202512-000794,SUP-014,2025-12-04T03:11:00+08:00,2025-12-11T03:11:00+08:00,delayed,CNY,13641470.02,15,战略采购组,4,2026-01-01T03:11:00+08:00
PO-202511-000795,SUP-040,2025-11-25T13:47:00+08:00,2025-11-28T13:47:00+08:00,received,CNY,3658778.32,15,战略采购组,2,2025-12-03T13:47:00+08:00
PO-202510-000796,SUP-023,2025-10-08T14:53:00+08:00,2025-10-13T14:53:00+08:00,in_transit,CNY,12389017.65,60,采购二组,4,2025-10-09T14:53:00+08:00
PO-202506-000797,SUP-028,2025-06-20T01:07:00+08:00,2025-06-21T01:07:00+08:00,received,CNY,152060.45,60,采购二组,1,2025-07-04T01:07:00+08:00
PO-202602-000798,SUP-001,2026-02-15T08:22:00+08:00,2026-02-22T08:22:00+08:00,draft,CNY,1906786.33,60,采购一组,3,2026-03-04T08:22:00+08:00
PO-202508-000799,SUP-022,2025-08-21T10:40:00+08:00,2025-08-26T10:40:00+08:00,received,CNY,7153309.42,15,采购二组,2,2025-10-01T10:40:00+08:00
PO-202606-000800,SUP-029,2026-06-12T02:30:00+08:00,2026-06-15T02:30:00+08:00,received,CNY,1302235.38,60,采购一组,2,2026-06-15T08:00:00+08:00
PO-202601-000801,SUP-027,2026-01-13T22:24:00+08:00,2026-01-17T22:24:00+08:00,received,CNY,9400158.04,90,采购二组,4,2026-01-21T22:24:00+08:00
PO-202604-000802,SUP-035,2026-04-15T11:49:00+08:00,2026-04-16T11:49:00+08:00,delayed,CNY,6435655.1,30,战略采购组,1,2026-05-22T11:49:00+08:00
PO-202603-000803,SUP-011,2026-03-21T17:12:00+08:00,2026-03-26T17:12:00+08:00,confirmed,CNY,2012495.03,60,采购一组,4,2026-04-11T17:12:00+08:00
PO-202507-000804,SUP-010,2025-07-04T20:34:00+08:00,2025-07-09T20:34:00+08:00,delayed,CNY,10217672.14,60,战略采购组,4,2025-07-31T20:34:00+08:00
PO-202509-000805,SUP-008,2025-09-19T17:47:00+08:00,2025-09-24T17:47:00+08:00,draft,CNY,1066102.95,30,战略采购组,1,2025-11-03T17:47:00+08:00
PO-202512-000806,SUP-027,2025-12-18T13:49:00+08:00,2025-12-22T13:49:00+08:00,cancelled,CNY,4124710.09,90,采购二组,2,2025-12-29T13:49:00+08:00
PO-202605-000807,SUP-045,2026-05-03T07:43:00+08:00,2026-05-10T07:43:00+08:00,received,CNY,10057620.79,30,采购一组,1,2026-06-12T07:43:00+08:00
PO-202511-000808,SUP-013,2025-11-24T12:49:00+08:00,2025-11-29T12:49:00+08:00,confirmed,CNY,11021846.3,15,战略采购组,4,2025-11-24T12:49:00+08:00
PO-202508-000809,SUP-031,2025-08-14T03:54:00+08:00,2025-08-15T03:54:00+08:00,received,CNY,66536.37,60,采购一组,1,2025-08-24T03:54:00+08:00
PO-202508-000810,SUP-003,2025-08-08T19:54:00+08:00,2025-08-12T19:54:00+08:00,received,CNY,7587120.56,15,采购二组,4,2025-09-14T19:54:00+08:00
PO-202602-000811,SUP-002,2026-02-25T17:28:00+08:00,2026-02-27T05:28:00+08:00,draft,CNY,190358.74,15,战略采购组,1,2026-03-20T17:28:00+08:00
PO-202603-000812,SUP-060,2026-03-20T04:19:00+08:00,2026-03-24T04:19:00+08:00,delayed,CNY,8630585.49,30,采购二组,2,2026-04-13T04:19:00+08:00
PO-202506-000813,SUP-023,2025-06-26T07:09:00+08:00,2025-07-03T07:09:00+08:00,in_transit,CNY,10362348.32,60,采购二组,3,2025-07-31T07:09:00+08:00
PO-202507-000814,SUP-024,2025-07-27T08:52:00+08:00,2025-08-01T08:52:00+08:00,in_transit,CNY,5760538.72,60,战略采购组,2,2025-08-23T08:52:00+08:00
PO-202510-000815,SUP-012,2025-10-20T12:28:00+08:00,2025-10-27T12:28:00+08:00,received,CNY,4385960.6,60,战略采购组,3,2025-10-29T12:28:00+08:00
PO-202507-000816,SUP-051,2025-07-24T05:25:00+08:00,2025-07-28T05:25:00+08:00,received,CNY,6824766.84,30,采购一组,3,2025-09-04T05:25:00+08:00
PO-202510-000817,SUP-012,2025-10-13T19:04:00+08:00,2025-10-18T19:04:00+08:00,received,CNY,12721086.9,60,采购二组,2,2025-11-19T19:04:00+08:00
PO-202510-000818,SUP-022,2025-10-14T11:52:00+08:00,2025-10-21T11:52:00+08:00,received,CNY,10892173.96,30,战略采购组,3,2025-10-19T11:52:00+08:00
PO-202508-000819,SUP-036,2025-08-14T18:18:00+08:00,2025-08-19T18:18:00+08:00,confirmed,CNY,2175861.38,30,采购二组,3,2025-08-16T18:18:00+08:00
PO-202508-000820,SUP-022,2025-08-08T15:31:00+08:00,2025-08-09T15:31:00+08:00,received,CNY,82016.8,45,采购二组,1,2025-08-22T15:31:00+08:00
PO-202511-000821,SUP-007,2025-11-15T15:10:00+08:00,2025-11-22T15:10:00+08:00,received,CNY,8057251.35,15,采购二组,4,2025-12-22T15:10:00+08:00
PO-202511-000822,SUP-009,2025-11-02T08:11:00+08:00,2025-11-09T08:11:00+08:00,cancelled,CNY,6525325.95,60,采购二组,4,2025-12-17T08:11:00+08:00
PO-202604-000823,SUP-017,2026-04-14T08:22:00+08:00,2026-04-21T08:22:00+08:00,in_transit,CNY,393048.99,60,采购二组,2,2026-05-23T08:22:00+08:00
PO-202512-000824,SUP-044,2025-12-20T01:23:00+08:00,2025-12-27T01:23:00+08:00,received,CNY,16387226.74,15,战略采购组,4,2026-01-20T01:23:00+08:00
PO-202605-000825,SUP-009,2026-05-03T11:20:00+08:00,2026-05-10T11:20:00+08:00,confirmed,CNY,10085538.36,90,战略采购组,3,2026-06-11T11:20:00+08:00
PO-202507-000826,SUP-022,2025-07-08T11:19:00+08:00,2025-07-13T11:19:00+08:00,delayed,CNY,13232023.12,60,采购一组,1,2025-08-17T11:19:00+08:00
PO-202508-000827,SUP-042,2025-08-19T14:39:00+08:00,2025-08-26T14:39:00+08:00,confirmed,CNY,12091752.93,60,战略采购组,3,2025-09-24T14:39:00+08:00
PO-202507-000828,SUP-060,2025-07-17T19:06:00+08:00,2025-07-21T19:06:00+08:00,draft,CNY,13225.92,45,采购一组,1,2025-08-07T19:06:00+08:00
PO-202508-000829,SUP-034,2025-08-15T13:11:00+08:00,2025-08-17T13:11:00+08:00,received,CNY,7729473.88,60,采购一组,4,2025-09-29T13:11:00+08:00
PO-202510-000830,SUP-004,2025-10-05T14:16:00+08:00,2025-10-08T14:16:00+08:00,delayed,CNY,1720638.32,60,采购一组,3,2025-10-07T14:16:00+08:00
PO-202511-000831,SUP-032,2025-11-29T22:00:00+08:00,2025-12-04T22:00:00+08:00,received,CNY,5715161.84,60,采购一组,4,2025-12-02T22:00:00+08:00
PO-202510-000832,SUP-027,2025-10-17T07:12:00+08:00,2025-10-19T07:12:00+08:00,in_transit,CNY,6141721.74,90,采购二组,2,2025-11-22T07:12:00+08:00
PO-202512-000833,SUP-015,2025-12-21T15:26:00+08:00,2025-12-22T15:26:00+08:00,in_transit,CNY,1262179.49,90,战略采购组,2,2026-01-15T15:26:00+08:00
PO-202605-000834,SUP-014,2026-05-30T10:51:00+08:00,2026-06-06T10:51:00+08:00,received,CNY,441899.05,60,采购一组,1,2026-06-09T10:51:00+08:00
PO-202509-000835,SUP-038,2025-09-09T22:55:00+08:00,2025-09-13T22:55:00+08:00,confirmed,CNY,4841445.0,45,战略采购组,1,2025-10-11T22:55:00+08:00
PO-202605-000836,SUP-045,2026-05-02T01:13:00+08:00,2026-05-09T01:13:00+08:00,received,CNY,379140.2,90,采购一组,2,2026-05-22T01:13:00+08:00
PO-202510-000837,SUP-032,2025-10-02T04:22:00+08:00,2025-10-05T04:22:00+08:00,in_transit,CNY,2530676.06,15,采购一组,4,2025-11-03T04:22:00+08:00
PO-202508-000838,SUP-060,2025-08-30T20:11:00+08:00,2025-08-31T20:11:00+08:00,received,CNY,337113.96,45,战略采购组,1,2025-09-19T20:11:00+08:00
PO-202508-000839,SUP-052,2025-08-28T14:40:00+08:00,2025-09-02T14:40:00+08:00,draft,CNY,12547465.55,45,战略采购组,4,2025-09-18T14:40:00+08:00
PO-202507-000840,SUP-060,2025-07-13T12:37:00+08:00,2025-07-20T12:37:00+08:00,received,CNY,1729756.35,90,采购一组,1,2025-08-10T12:37:00+08:00
PO-202506-000841,SUP-050,2025-06-24T14:42:00+08:00,2025-06-29T14:42:00+08:00,in_transit,CNY,10226621.08,30,采购一组,4,2025-07-30T14:42:00+08:00
PO-202605-000842,SUP-049,2026-05-27T13:47:00+08:00,2026-05-29T01:47:00+08:00,confirmed,CNY,2707177.55,45,战略采购组,1,2026-05-28T13:47:00+08:00
PO-202510-000843,SUP-015,2025-10-19T08:47:00+08:00,2025-10-23T08:47:00+08:00,received,CNY,3508568.33,30,采购一组,4,2025-10-27T08:47:00+08:00
PO-202509-000844,SUP-018,2025-09-05T13:30:00+08:00,2025-09-07T13:30:00+08:00,in_transit,CNY,110015.88,90,采购一组,1,2025-10-03T13:30:00+08:00
PO-202512-000845,SUP-009,2025-12-02T11:36:00+08:00,2025-12-09T11:36:00+08:00,confirmed,CNY,3394714.84,60,采购一组,2,2026-01-09T11:36:00+08:00
PO-202507-000846,SUP-056,2025-07-31T04:29:00+08:00,2025-08-07T04:29:00+08:00,confirmed,CNY,5984081.52,45,战略采购组,3,2025-09-09T04:29:00+08:00
PO-202601-000847,SUP-032,2026-01-30T01:51:00+08:00,2026-02-04T01:51:00+08:00,received,CNY,2387297.65,45,战略采购组,1,2026-03-10T01:51:00+08:00
PO-202512-000848,SUP-012,2025-12-11T19:56:00+08:00,2025-12-18T19:56:00+08:00,received,CNY,4928744.04,30,采购一组,4,2025-12-11T19:56:00+08:00
PO-202511-000849,SUP-060,2025-11-14T17:54:00+08:00,2025-11-21T17:54:00+08:00,received,CNY,8048855.93,15,采购一组,4,2025-12-05T17:54:00+08:00
PO-202511-000850,SUP-039,2025-11-09T13:19:00+08:00,2025-11-13T13:19:00+08:00,received,CNY,13575134.83,90,采购二组,3,2025-11-19T13:19:00+08:00
PO-202510-000851,SUP-039,2025-10-20T04:39:00+08:00,2025-10-25T04:39:00+08:00,received,CNY,11893989.96,45,战略采购组,3,2025-11-11T04:39:00+08:00
PO-202510-000852,SUP-046,2025-10-26T03:23:00+08:00,2025-10-28T03:23:00+08:00,confirmed,CNY,11038030.15,90,采购二组,4,2025-11-05T03:23:00+08:00
PO-202510-000853,SUP-027,2025-10-07T01:06:00+08:00,2025-10-11T01:06:00+08:00,delayed,CNY,6685824.59,45,战略采购组,3,2025-10-13T01:06:00+08:00
PO-202509-000854,SUP-042,2025-09-15T20:55:00+08:00,2025-09-20T20:55:00+08:00,cancelled,CNY,5441382.9,60,战略采购组,3,2025-10-06T20:55:00+08:00
PO-202606-000855,SUP-013,2026-06-03T00:14:00+08:00,2026-06-06T00:14:00+08:00,in_transit,CNY,120106.35,30,采购一组,1,2026-06-15T08:00:00+08:00
PO-202510-000856,SUP-026,2025-10-25T08:52:00+08:00,2025-10-28T08:52:00+08:00,delayed,CNY,1149735.6,60,战略采购组,1,2025-11-22T08:52:00+08:00
PO-202602-000857,SUP-014,2026-02-23T22:29:00+08:00,2026-03-02T22:29:00+08:00,received,CNY,5958487.98,90,战略采购组,4,2026-03-26T22:29:00+08:00
PO-202507-000858,SUP-052,2025-07-06T11:22:00+08:00,2025-07-11T11:22:00+08:00,received,CNY,10169276.31,60,采购二组,2,2025-07-06T11:22:00+08:00
PO-202511-000859,SUP-002,2025-11-22T02:54:00+08:00,2025-11-23T14:54:00+08:00,in_transit,CNY,95085.0,45,采购二组,1,2025-11-24T02:54:00+08:00
PO-202506-000860,SUP-052,2025-06-18T01:09:00+08:00,2025-06-25T01:09:00+08:00,received,CNY,387843.84,45,采购二组,1,2025-07-29T01:09:00+08:00
PO-202602-000861,SUP-020,2026-02-26T11:14:00+08:00,2026-03-02T11:14:00+08:00,delayed,CNY,1450873.48,45,采购一组,1,2026-04-07T11:14:00+08:00
PO-202508-000862,SUP-050,2025-08-03T16:02:00+08:00,2025-08-08T16:02:00+08:00,received,CNY,11096393.39,90,战略采购组,4,2025-08-21T16:02:00+08:00
PO-202507-000863,SUP-052,2025-07-14T07:49:00+08:00,2025-07-19T07:49:00+08:00,in_transit,CNY,4824563.02,15,战略采购组,3,2025-08-06T07:49:00+08:00
PO-202512-000864,SUP-052,2025-12-08T18:56:00+08:00,2025-12-11T18:56:00+08:00,in_transit,CNY,1243344.2,15,采购一组,2,2025-12-08T18:56:00+08:00
PO-202510-000865,SUP-040,2025-10-01T23:11:00+08:00,2025-10-04T23:11:00+08:00,received,CNY,7021200.91,90,采购一组,3,2025-10-31T23:11:00+08:00
PO-202602-000866,SUP-036,2026-02-04T17:42:00+08:00,2026-02-09T17:42:00+08:00,in_transit,CNY,280913.82,15,采购一组,2,2026-02-27T17:42:00+08:00
PO-202509-000867,SUP-007,2025-09-27T08:59:00+08:00,2025-10-02T08:59:00+08:00,received,CNY,2203151.01,90,采购二组,3,2025-11-04T08:59:00+08:00
PO-202603-000868,SUP-008,2026-03-24T06:37:00+08:00,2026-03-29T06:37:00+08:00,delayed,CNY,9132761.04,60,采购二组,3,2026-04-03T06:37:00+08:00
PO-202603-000869,SUP-036,2026-03-28T09:52:00+08:00,2026-03-29T09:52:00+08:00,draft,CNY,4862108.82,45,战略采购组,1,2026-05-01T09:52:00+08:00
PO-202604-000870,SUP-056,2026-04-17T06:02:00+08:00,2026-04-20T06:02:00+08:00,received,CNY,2706632.35,15,采购一组,2,2026-05-10T06:02:00+08:00
PO-202604-000871,SUP-015,2026-04-09T10:24:00+08:00,2026-04-10T22:24:00+08:00,received,CNY,33971.6,30,采购一组,1,2026-04-09T10:24:00+08:00
PO-202508-000872,SUP-043,2025-08-28T11:37:00+08:00,2025-09-01T11:37:00+08:00,delayed,CNY,4524621.29,90,采购二组,2,2025-09-22T11:37:00+08:00
PO-202510-000873,SUP-053,2025-10-12T12:49:00+08:00,2025-10-16T12:49:00+08:00,confirmed,CNY,580767.73,45,采购二组,2,2025-11-15T12:49:00+08:00
PO-202508-000874,SUP-058,2025-08-20T16:21:00+08:00,2025-08-23T16:21:00+08:00,received,CNY,3865348.04,30,采购二组,2,2025-08-28T16:21:00+08:00
PO-202602-000875,SUP-054,2026-02-04T00:32:00+08:00,2026-02-09T00:32:00+08:00,confirmed,CNY,2604265.14,45,战略采购组,4,2026-02-21T00:32:00+08:00
PO-202601-000876,SUP-021,2026-01-24T22:11:00+08:00,2026-01-31T22:11:00+08:00,received,CNY,3361614.38,30,战略采购组,4,2026-02-03T22:11:00+08:00
PO-202606-000877,SUP-041,2026-06-08T05:33:00+08:00,2026-06-12T05:33:00+08:00,delayed,CNY,5656640.77,90,采购二组,4,2026-06-15T08:00:00+08:00
PO-202509-000878,SUP-023,2025-09-02T12:02:00+08:00,2025-09-09T12:02:00+08:00,delayed,CNY,10779272.12,45,战略采购组,4,2025-09-27T12:02:00+08:00
PO-202506-000879,SUP-003,2025-06-27T17:22:00+08:00,2025-07-04T17:22:00+08:00,received,CNY,293689.6,90,采购二组,1,2025-08-09T17:22:00+08:00
PO-202603-000880,SUP-013,2026-03-10T09:13:00+08:00,2026-03-17T09:13:00+08:00,received,CNY,19405639.53,30,采购二组,3,2026-04-19T09:13:00+08:00
PO-202511-000881,SUP-035,2025-11-26T12:46:00+08:00,2025-12-01T12:46:00+08:00,in_transit,CNY,2170340.31,60,采购一组,2,2026-01-09T12:46:00+08:00
PO-202508-000882,SUP-028,2025-08-08T21:13:00+08:00,2025-08-15T21:13:00+08:00,draft,CNY,477545.5,60,采购一组,2,2025-09-08T21:13:00+08:00
PO-202510-000883,SUP-021,2025-10-15T10:09:00+08:00,2025-10-22T10:09:00+08:00,confirmed,CNY,6730084.81,45,采购一组,2,2025-11-04T10:09:00+08:00
PO-202604-000884,SUP-036,2026-04-23T14:13:00+08:00,2026-04-28T14:13:00+08:00,delayed,CNY,7764579.22,60,采购二组,3,2026-05-18T14:13:00+08:00
PO-202602-000885,SUP-019,2026-02-01T13:15:00+08:00,2026-02-08T13:15:00+08:00,confirmed,CNY,896681.16,15,采购一组,2,2026-02-24T13:15:00+08:00
PO-202509-000886,SUP-041,2025-09-23T19:10:00+08:00,2025-09-30T19:10:00+08:00,received,CNY,1757297.14,60,采购一组,2,2025-09-28T19:10:00+08:00
PO-202601-000887,SUP-039,2026-01-09T15:16:00+08:00,2026-01-14T15:16:00+08:00,received,CNY,6158030.2,15,战略采购组,2,2026-02-14T15:16:00+08:00
PO-202507-000888,SUP-022,2025-07-22T18:18:00+08:00,2025-07-26T18:18:00+08:00,confirmed,CNY,2131660.8,90,采购二组,1,2025-07-22T18:18:00+08:00
PO-202507-000889,SUP-001,2025-07-03T18:24:00+08:00,2025-07-10T18:24:00+08:00,cancelled,CNY,5104081.55,45,采购一组,3,2025-08-16T18:24:00+08:00
PO-202605-000890,SUP-056,2026-05-28T18:32:00+08:00,2026-05-30T18:32:00+08:00,received,CNY,780898.23,45,采购一组,1,2026-06-15T08:00:00+08:00
PO-202508-000891,SUP-045,2025-08-15T13:13:00+08:00,2025-08-22T13:13:00+08:00,received,CNY,714347.51,60,采购二组,3,2025-09-14T13:13:00+08:00
PO-202510-000892,SUP-015,2025-10-19T06:29:00+08:00,2025-10-24T06:29:00+08:00,received,CNY,6113316.39,90,采购一组,3,2025-11-15T06:29:00+08:00
PO-202603-000893,SUP-039,2026-03-31T18:15:00+08:00,2026-04-04T18:15:00+08:00,in_transit,CNY,7942879.28,45,战略采购组,2,2026-04-29T18:15:00+08:00
PO-202511-000894,SUP-049,2025-11-14T17:18:00+08:00,2025-11-17T17:18:00+08:00,received,CNY,10397317.23,45,采购二组,4,2025-11-21T17:18:00+08:00
PO-202601-000895,SUP-044,2026-01-12T05:31:00+08:00,2026-01-19T05:31:00+08:00,received,CNY,15384981.16,15,战略采购组,2,2026-02-05T05:31:00+08:00
PO-202511-000896,SUP-045,2025-11-12T20:07:00+08:00,2025-11-19T20:07:00+08:00,received,CNY,18402.49,15,采购一组,2,2025-11-18T20:07:00+08:00
PO-202506-000897,SUP-017,2025-06-28T06:26:00+08:00,2025-07-02T06:26:00+08:00,cancelled,CNY,10443100.93,90,采购二组,4,2025-07-26T06:26:00+08:00
PO-202510-000898,SUP-044,2025-10-16T21:07:00+08:00,2025-10-23T21:07:00+08:00,confirmed,CNY,9042930.06,30,采购二组,3,2025-11-06T21:07:00+08:00
PO-202601-000899,SUP-022,2026-01-06T01:39:00+08:00,2026-01-10T01:39:00+08:00,confirmed,CNY,9934735.07,90,采购一组,4,2026-02-18T01:39:00+08:00
PO-202512-000900,SUP-042,2025-12-16T07:15:00+08:00,2025-12-23T07:15:00+08:00,received,CNY,9446563.94,30,采购二组,4,2026-01-20T07:15:00+08:00
PO-202602-000901,SUP-021,2026-02-01T21:18:00+08:00,2026-02-08T21:18:00+08:00,delayed,CNY,4774705.0,15,采购一组,1,2026-03-16T21:18:00+08:00
PO-202508-000902,SUP-025,2025-08-18T15:26:00+08:00,2025-08-25T15:26:00+08:00,received,CNY,2917127.48,45,采购二组,4,2025-09-23T15:26:00+08:00
PO-202507-000903,SUP-004,2025-07-26T22:55:00+08:00,2025-07-28T22:55:00+08:00,received,CNY,3012076.83,90,采购一组,2,2025-08-03T22:55:00+08:00
PO-202508-000904,SUP-026,2025-08-23T22:47:00+08:00,2025-08-30T22:47:00+08:00,received,CNY,6185767.87,90,采购二组,3,2025-08-23T22:47:00+08:00
PO-202508-000905,SUP-056,2025-08-13T23:58:00+08:00,2025-08-18T23:58:00+08:00,received,CNY,745077.64,60,采购二组,1,2025-09-22T23:58:00+08:00
PO-202510-000906,SUP-036,2025-10-12T14:26:00+08:00,2025-10-13T14:26:00+08:00,confirmed,CNY,15454087.32,15,采购二组,1,2025-11-05T14:26:00+08:00
PO-202605-000907,SUP-050,2026-05-11T15:21:00+08:00,2026-05-13T03:21:00+08:00,confirmed,CNY,5598653.61,60,战略采购组,2,2026-06-08T15:21:00+08:00
PO-202605-000908,SUP-021,2026-05-08T00:14:00+08:00,2026-05-12T00:14:00+08:00,received,CNY,1787374.69,45,战略采购组,2,2026-06-14T00:14:00+08:00
PO-202508-000909,SUP-034,2025-08-08T14:38:00+08:00,2025-08-15T14:38:00+08:00,confirmed,CNY,11651171.52,60,采购一组,4,2025-09-21T14:38:00+08:00
PO-202509-000910,SUP-023,2025-09-16T16:58:00+08:00,2025-09-21T16:58:00+08:00,delayed,CNY,9626668.58,30,采购一组,2,2025-10-20T16:58:00+08:00
PO-202606-000911,SUP-009,2026-06-02T16:57:00+08:00,2026-06-04T16:57:00+08:00,received,CNY,3433861.52,15,采购二组,1,2026-06-15T08:00:00+08:00
PO-202511-000912,SUP-015,2025-11-05T09:52:00+08:00,2025-11-12T09:52:00+08:00,received,CNY,2687990.56,15,战略采购组,3,2025-11-08T09:52:00+08:00
PO-202602-000913,SUP-004,2026-02-13T05:14:00+08:00,2026-02-17T05:14:00+08:00,delayed,CNY,8312796.95,30,战略采购组,4,2026-03-18T05:14:00+08:00
PO-202509-000914,SUP-032,2025-09-06T22:04:00+08:00,2025-09-13T22:04:00+08:00,draft,CNY,1296697.6,30,战略采购组,2,2025-09-23T22:04:00+08:00
PO-202511-000915,SUP-008,2025-11-23T20:43:00+08:00,2025-11-26T20:43:00+08:00,confirmed,CNY,5897262.79,30,战略采购组,4,2025-11-25T20:43:00+08:00
PO-202508-000916,SUP-028,2025-08-23T18:07:00+08:00,2025-08-27T18:07:00+08:00,received,CNY,7148320.68,60,采购一组,3,2025-09-14T18:07:00+08:00
PO-202507-000917,SUP-031,2025-07-01T16:44:00+08:00,2025-07-06T16:44:00+08:00,received,CNY,1224263.04,60,战略采购组,2,2025-07-26T16:44:00+08:00
PO-202512-000918,SUP-046,2025-12-01T17:47:00+08:00,2025-12-08T17:47:00+08:00,delayed,CNY,1394250.99,90,采购一组,3,2025-12-21T17:47:00+08:00
PO-202507-000919,SUP-051,2025-07-07T00:25:00+08:00,2025-07-14T00:25:00+08:00,received,CNY,10961696.21,90,战略采购组,4,2025-07-08T00:25:00+08:00
PO-202601-000920,SUP-034,2026-01-16T15:07:00+08:00,2026-01-23T15:07:00+08:00,received,CNY,1735651.77,15,战略采购组,2,2026-01-30T15:07:00+08:00
PO-202605-000921,SUP-057,2026-05-04T21:50:00+08:00,2026-05-05T21:50:00+08:00,received,CNY,138732.86,30,采购二组,1,2026-06-01T21:50:00+08:00
PO-202601-000922,SUP-052,2026-01-19T23:11:00+08:00,2026-01-23T23:11:00+08:00,received,CNY,468033.11,30,战略采购组,1,2026-02-10T23:11:00+08:00
PO-202511-000923,SUP-020,2025-11-19T18:29:00+08:00,2025-11-22T18:29:00+08:00,draft,CNY,10381576.91,90,采购一组,3,2025-12-05T18:29:00+08:00
PO-202506-000924,SUP-007,2025-06-15T12:36:00+08:00,2025-06-22T12:36:00+08:00,received,CNY,5109513.57,30,采购二组,3,2025-07-16T12:36:00+08:00
PO-202605-000925,SUP-044,2026-05-18T09:08:00+08:00,2026-05-23T09:08:00+08:00,received,CNY,1588185.84,60,采购二组,1,2026-06-15T08:00:00+08:00
PO-202508-000926,SUP-007,2025-08-20T06:52:00+08:00,2025-08-22T06:52:00+08:00,received,CNY,624713.25,45,战略采购组,1,2025-09-25T06:52:00+08:00
PO-202512-000927,SUP-037,2025-12-30T17:35:00+08:00,2026-01-06T17:35:00+08:00,received,CNY,14910961.63,15,采购一组,4,2026-01-20T17:35:00+08:00
PO-202601-000928,SUP-032,2026-01-27T03:14:00+08:00,2026-02-03T03:14:00+08:00,in_transit,CNY,6560041.46,30,采购一组,3,2026-03-13T03:14:00+08:00
PO-202602-000929,SUP-001,2026-02-22T21:31:00+08:00,2026-02-27T21:31:00+08:00,confirmed,CNY,78253.56,90,战略采购组,1,2026-03-25T21:31:00+08:00
PO-202506-000930,SUP-001,2025-06-29T11:42:00+08:00,2025-07-06T11:42:00+08:00,received,CNY,2336891.42,90,采购二组,3,2025-07-11T11:42:00+08:00
PO-202507-000931,SUP-049,2025-07-05T12:29:00+08:00,2025-07-08T12:29:00+08:00,received,CNY,13950061.9,45,战略采购组,3,2025-07-18T12:29:00+08:00
PO-202507-000932,SUP-021,2025-07-28T16:39:00+08:00,2025-08-01T16:39:00+08:00,cancelled,CNY,11421279.51,90,战略采购组,3,2025-09-10T16:39:00+08:00
PO-202511-000933,SUP-011,2025-11-11T02:42:00+08:00,2025-11-16T02:42:00+08:00,draft,CNY,3586577.44,45,采购二组,4,2025-12-17T02:42:00+08:00
PO-202602-000934,SUP-054,2026-02-01T19:36:00+08:00,2026-02-05T19:36:00+08:00,received,CNY,2199549.8,45,采购二组,1,2026-03-06T19:36:00+08:00
PO-202606-000935,SUP-033,2026-06-06T16:43:00+08:00,2026-06-09T16:43:00+08:00,received,CNY,5278618.24,15,战略采购组,3,2026-06-07T16:43:00+08:00
PO-202603-000936,SUP-006,2026-03-08T03:42:00+08:00,2026-03-15T03:42:00+08:00,received,CNY,5349947.25,45,战略采购组,4,2026-04-21T03:42:00+08:00
PO-202506-000937,SUP-005,2025-06-29T07:58:00+08:00,2025-07-02T07:58:00+08:00,in_transit,CNY,5048169.92,30,采购一组,2,2025-07-25T07:58:00+08:00
PO-202601-000938,SUP-038,2026-01-11T10:13:00+08:00,2026-01-12T22:13:00+08:00,in_transit,CNY,1658775.47,45,战略采购组,1,2026-01-24T10:13:00+08:00
PO-202510-000939,SUP-058,2025-10-18T07:07:00+08:00,2025-10-19T07:07:00+08:00,received,CNY,4054396.38,15,战略采购组,1,2025-11-12T07:07:00+08:00
PO-202508-000940,SUP-016,2025-08-19T22:00:00+08:00,2025-08-26T22:00:00+08:00,received,CNY,9759906.24,60,采购二组,3,2025-09-29T22:00:00+08:00
PO-202509-000941,SUP-003,2025-09-09T19:37:00+08:00,2025-09-16T19:37:00+08:00,received,CNY,8000160.95,45,战略采购组,2,2025-09-28T19:37:00+08:00
PO-202605-000942,SUP-047,2026-05-18T13:44:00+08:00,2026-05-22T13:44:00+08:00,received,CNY,10183251.9,90,战略采购组,2,2026-06-10T13:44:00+08:00
PO-202604-000943,SUP-017,2026-04-20T04:22:00+08:00,2026-04-24T04:22:00+08:00,delayed,CNY,9085504.08,15,战略采购组,4,2026-05-01T04:22:00+08:00
PO-202604-000944,SUP-032,2026-04-27T16:07:00+08:00,2026-05-02T16:07:00+08:00,in_transit,CNY,6868679.33,60,采购二组,3,2026-05-08T16:07:00+08:00
PO-202603-000945,SUP-052,2026-03-21T02:53:00+08:00,2026-03-26T02:53:00+08:00,received,CNY,1999513.16,15,战略采购组,1,2026-03-22T02:53:00+08:00
PO-202605-000946,SUP-022,2026-05-21T12:12:00+08:00,2026-05-28T12:12:00+08:00,confirmed,CNY,2527303.54,60,采购一组,3,2026-06-06T12:12:00+08:00
PO-202511-000947,SUP-011,2025-11-29T09:02:00+08:00,2025-12-04T09:02:00+08:00,draft,CNY,813691.2,60,战略采购组,1,2025-12-06T09:02:00+08:00
PO-202512-000948,SUP-028,2025-12-02T07:35:00+08:00,2025-12-03T19:35:00+08:00,received,CNY,11478.81,45,采购一组,1,2026-01-07T07:35:00+08:00
PO-202601-000949,SUP-015,2026-01-23T10:39:00+08:00,2026-01-30T10:39:00+08:00,draft,CNY,5555869.7,60,采购二组,3,2026-03-09T10:39:00+08:00
PO-202511-000950,SUP-020,2025-11-26T20:01:00+08:00,2025-11-30T20:01:00+08:00,cancelled,CNY,8141250.85,30,采购二组,4,2025-11-28T20:01:00+08:00
PO-202510-000951,SUP-052,2025-10-07T03:01:00+08:00,2025-10-10T03:01:00+08:00,delayed,CNY,14148177.66,45,采购二组,2,2025-10-19T03:01:00+08:00
PO-202601-000952,SUP-013,2026-01-27T08:27:00+08:00,2026-02-01T08:27:00+08:00,in_transit,CNY,505318.26,45,采购二组,4,2026-03-07T08:27:00+08:00
PO-202506-000953,SUP-054,2025-06-20T06:54:00+08:00,2025-06-23T06:54:00+08:00,received,CNY,218118.28,60,战略采购组,1,2025-06-24T06:54:00+08:00
PO-202603-000954,SUP-016,2026-03-08T04:29:00+08:00,2026-03-15T04:29:00+08:00,in_transit,CNY,6461615.35,90,采购一组,3,2026-03-29T04:29:00+08:00
PO-202510-000955,SUP-011,2025-10-16T04:59:00+08:00,2025-10-18T04:59:00+08:00,received,CNY,3053077.67,60,采购一组,4,2025-11-03T04:59:00+08:00
PO-202512-000956,SUP-018,2025-12-24T00:09:00+08:00,2025-12-31T00:09:00+08:00,received,CNY,6687783.92,45,战略采购组,4,2026-01-16T00:09:00+08:00
PO-202507-000957,SUP-005,2025-07-15T08:12:00+08:00,2025-07-18T08:12:00+08:00,cancelled,CNY,2369560.3,90,采购二组,2,2025-08-22T08:12:00+08:00
PO-202512-000958,SUP-005,2025-12-24T05:36:00+08:00,2025-12-28T05:36:00+08:00,received,CNY,2343863.84,30,采购二组,2,2026-01-20T05:36:00+08:00
PO-202507-000959,SUP-056,2025-07-02T12:09:00+08:00,2025-07-04T12:09:00+08:00,received,CNY,2877852.55,45,战略采购组,2,2025-08-11T12:09:00+08:00
PO-202511-000960,SUP-049,2025-11-30T22:43:00+08:00,2025-12-02T10:43:00+08:00,in_transit,CNY,2214236.04,45,战略采购组,1,2025-12-19T22:43:00+08:00
PO-202511-000961,SUP-058,2025-11-28T14:26:00+08:00,2025-11-30T14:26:00+08:00,confirmed,CNY,8478007.24,60,战略采购组,2,2026-01-07T14:26:00+08:00
PO-202604-000962,SUP-027,2026-04-25T11:52:00+08:00,2026-04-29T11:52:00+08:00,in_transit,CNY,16985806.55,90,采购二组,3,2026-05-10T11:52:00+08:00
PO-202507-000963,SUP-004,2025-07-16T01:40:00+08:00,2025-07-20T01:40:00+08:00,in_transit,CNY,7106824.83,60,采购一组,3,2025-08-22T01:40:00+08:00
PO-202605-000964,SUP-026,2026-05-23T11:38:00+08:00,2026-05-30T11:38:00+08:00,confirmed,CNY,7550580.56,90,采购二组,4,2026-06-12T11:38:00+08:00
PO-202605-000965,SUP-036,2026-05-05T15:49:00+08:00,2026-05-10T15:49:00+08:00,confirmed,CNY,16147122.55,45,战略采购组,3,2026-06-10T15:49:00+08:00
PO-202605-000966,SUP-041,2026-05-29T20:08:00+08:00,2026-06-05T20:08:00+08:00,confirmed,CNY,6931158.29,30,采购二组,3,2026-06-15T08:00:00+08:00
PO-202603-000967,SUP-008,2026-03-07T14:06:00+08:00,2026-03-14T14:06:00+08:00,received,CNY,13157938.44,90,采购二组,4,2026-03-17T14:06:00+08:00
PO-202507-000968,SUP-057,2025-07-21T18:35:00+08:00,2025-07-23T18:35:00+08:00,delayed,CNY,175787.64,90,战略采购组,1,2025-07-25T18:35:00+08:00
PO-202605-000969,SUP-058,2026-05-15T07:16:00+08:00,2026-05-16T07:16:00+08:00,delayed,CNY,2637059.04,15,战略采购组,1,2026-05-19T07:16:00+08:00
PO-202604-000970,SUP-035,2026-04-08T07:22:00+08:00,2026-04-10T07:22:00+08:00,received,CNY,530141.01,45,采购二组,2,2026-05-01T07:22:00+08:00
PO-202506-000971,SUP-021,2025-06-17T21:48:00+08:00,2025-06-21T21:48:00+08:00,confirmed,CNY,11265966.29,90,战略采购组,2,2025-08-01T21:48:00+08:00
PO-202605-000972,SUP-034,2026-05-07T10:30:00+08:00,2026-05-14T10:30:00+08:00,confirmed,CNY,36216.18,45,战略采购组,1,2026-06-01T10:30:00+08:00
PO-202601-000973,SUP-009,2026-01-06T14:32:00+08:00,2026-01-13T14:32:00+08:00,received,CNY,4564465.72,45,战略采购组,3,2026-01-09T14:32:00+08:00
PO-202605-000974,SUP-057,2026-05-18T23:32:00+08:00,2026-05-20T23:32:00+08:00,cancelled,CNY,489376.26,60,战略采购组,1,2026-06-15T08:00:00+08:00
PO-202508-000975,SUP-056,2025-08-29T23:16:00+08:00,2025-08-31T11:16:00+08:00,in_transit,CNY,2760547.01,30,采购二组,2,2025-09-10T23:16:00+08:00
PO-202512-000976,SUP-012,2025-12-01T20:55:00+08:00,2025-12-08T20:55:00+08:00,received,CNY,1549373.28,90,采购一组,1,2025-12-12T20:55:00+08:00
PO-202605-000977,SUP-006,2026-05-08T06:03:00+08:00,2026-05-15T06:03:00+08:00,received,CNY,14391804.68,45,战略采购组,4,2026-05-23T06:03:00+08:00
PO-202511-000978,SUP-043,2025-11-16T13:19:00+08:00,2025-11-21T13:19:00+08:00,in_transit,CNY,7757855.53,90,采购一组,4,2025-11-27T13:19:00+08:00
PO-202507-000979,SUP-032,2025-07-28T01:39:00+08:00,2025-07-31T01:39:00+08:00,confirmed,CNY,118329.75,90,采购二组,1,2025-08-21T01:39:00+08:00
PO-202603-000980,SUP-017,2026-03-06T09:50:00+08:00,2026-03-10T09:50:00+08:00,received,CNY,7257170.88,45,战略采购组,3,2026-03-17T09:50:00+08:00
PO-202512-000981,SUP-017,2025-12-09T03:18:00+08:00,2025-12-13T03:18:00+08:00,confirmed,CNY,15956337.01,60,采购二组,2,2025-12-29T03:18:00+08:00
PO-202508-000982,SUP-053,2025-08-25T15:31:00+08:00,2025-08-30T15:31:00+08:00,in_transit,CNY,1450385.08,90,采购一组,3,2025-09-09T15:31:00+08:00
PO-202606-000983,SUP-007,2026-06-14T21:00:00+08:00,2026-06-18T21:00:00+08:00,received,CNY,9110345.56,15,战略采购组,2,2026-06-14T21:00:00+08:00
PO-202604-000984,SUP-039,2026-04-13T01:33:00+08:00,2026-04-14T01:33:00+08:00,delayed,CNY,3350301.76,15,采购一组,1,2026-04-19T01:33:00+08:00
PO-202605-000985,SUP-050,2026-05-02T09:48:00+08:00,2026-05-09T09:48:00+08:00,received,CNY,10611072.77,60,采购二组,4,2026-06-01T09:48:00+08:00
PO-202509-000986,SUP-025,2025-09-06T09:22:00+08:00,2025-09-10T09:22:00+08:00,cancelled,CNY,2756031.94,15,战略采购组,4,2025-10-03T09:22:00+08:00
PO-202605-000987,SUP-009,2026-05-18T11:24:00+08:00,2026-05-25T11:24:00+08:00,received,CNY,1333311.0,90,采购一组,1,2026-06-15T08:00:00+08:00
PO-202508-000988,SUP-057,2025-08-23T11:14:00+08:00,2025-08-30T11:14:00+08:00,received,CNY,1765460.8,30,战略采购组,1,2025-09-12T11:14:00+08:00
PO-202507-000989,SUP-055,2025-07-26T12:57:00+08:00,2025-07-31T12:57:00+08:00,confirmed,CNY,1457660.88,90,战略采购组,3,2025-08-27T12:57:00+08:00
PO-202508-000990,SUP-026,2025-08-18T06:53:00+08:00,2025-08-19T18:53:00+08:00,confirmed,CNY,144756.85,30,战略采购组,1,2025-09-28T06:53:00+08:00
PO-202509-000991,SUP-052,2025-09-25T15:26:00+08:00,2025-09-28T15:26:00+08:00,received,CNY,92897.82,15,采购二组,1,2025-11-02T15:26:00+08:00
PO-202605-000992,SUP-056,2026-05-18T12:09:00+08:00,2026-05-21T12:09:00+08:00,received,CNY,7771765.7,30,战略采购组,3,2026-06-15T08:00:00+08:00
PO-202604-000993,SUP-057,2026-04-25T03:28:00+08:00,2026-04-30T03:28:00+08:00,draft,CNY,296362.9,15,采购一组,2,2026-05-02T03:28:00+08:00
PO-202507-000994,SUP-038,2025-07-21T06:38:00+08:00,2025-07-28T06:38:00+08:00,in_transit,CNY,15210496.33,30,采购二组,4,2025-08-12T06:38:00+08:00
PO-202605-000995,SUP-053,2026-05-02T03:07:00+08:00,2026-05-05T03:07:00+08:00,confirmed,CNY,1960124.93,45,采购一组,2,2026-05-12T03:07:00+08:00
PO-202506-000996,SUP-011,2025-06-23T06:39:00+08:00,2025-06-25T06:39:00+08:00,confirmed,CNY,1635719.43,45,采购二组,2,2025-07-03T06:39:00+08:00
PO-202509-000997,SUP-021,2025-09-24T21:59:00+08:00,2025-09-26T09:59:00+08:00,draft,CNY,380275.67,90,采购二组,2,2025-10-30T21:59:00+08:00
PO-202601-000998,SUP-004,2026-01-12T17:54:00+08:00,2026-01-19T17:54:00+08:00,draft,CNY,8292613.34,60,采购一组,3,2026-02-26T17:54:00+08:00
PO-202508-000999,SUP-012,2025-08-06T22:36:00+08:00,2025-08-10T22:36:00+08:00,in_transit,CNY,1700794.8,15,战略采购组,1,2025-09-13T22:36:00+08:00
PO-202603-001000,SUP-056,2026-03-19T08:55:00+08:00,2026-03-26T08:55:00+08:00,delayed,CNY,20577237.56,60,采购一组,4,2026-04-09T08:55:00+08:00
PO-202508-001001,SUP-027,2025-08-13T04:35:00+08:00,2025-08-16T04:35:00+08:00,in_transit,CNY,1878721.35,15,采购一组,1,2025-09-22T04:35:00+08:00
PO-202508-001002,SUP-051,2025-08-02T12:06:00+08:00,2025-08-09T12:06:00+08:00,received,CNY,5859601.46,45,战略采购组,2,2025-08-21T12:06:00+08:00
PO-202507-001003,SUP-042,2025-07-15T13:03:00+08:00,2025-07-19T13:03:00+08:00,received,CNY,1056077.04,45,采购一组,3,2025-07-23T13:03:00+08:00
PO-202602-001004,SUP-048,2026-02-07T18:11:00+08:00,2026-02-11T18:11:00+08:00,confirmed,CNY,1640799.84,15,采购一组,2,2026-02-12T18:11:00+08:00
PO-202510-001005,SUP-024,2025-10-24T18:45:00+08:00,2025-10-29T18:45:00+08:00,confirmed,CNY,3138264.68,60,战略采购组,3,2025-11-20T18:45:00+08:00
PO-202604-001006,SUP-025,2026-04-26T00:27:00+08:00,2026-05-01T00:27:00+08:00,received,CNY,1817370.98,15,采购二组,3,2026-06-09T00:27:00+08:00
PO-202512-001007,SUP-042,2025-12-09T03:04:00+08:00,2025-12-14T03:04:00+08:00,confirmed,CNY,6314130.84,60,采购一组,4,2026-01-23T03:04:00+08:00
PO-202512-001008,SUP-053,2025-12-03T14:14:00+08:00,2025-12-08T14:14:00+08:00,delayed,CNY,2008509.22,45,采购二组,2,2026-01-09T14:14:00+08:00
PO-202601-001009,SUP-048,2026-01-28T13:42:00+08:00,2026-02-02T13:42:00+08:00,in_transit,CNY,5301549.98,60,采购一组,2,2026-02-18T13:42:00+08:00
PO-202601-001010,SUP-054,2026-01-25T19:32:00+08:00,2026-01-29T19:32:00+08:00,delayed,CNY,4282751.96,15,采购一组,2,2026-03-01T19:32:00+08:00
PO-202605-001011,SUP-017,2026-05-23T15:57:00+08:00,2026-05-30T15:57:00+08:00,in_transit,CNY,8398891.52,15,战略采购组,4,2026-05-23T15:57:00+08:00
PO-202602-001012,SUP-056,2026-02-18T07:24:00+08:00,2026-02-22T07:24:00+08:00,confirmed,CNY,484058.39,90,采购二组,1,2026-03-03T07:24:00+08:00
PO-202510-001013,SUP-038,2025-10-05T02:38:00+08:00,2025-10-12T02:38:00+08:00,in_transit,CNY,14157635.4,90,采购一组,4,2025-10-21T02:38:00+08:00
PO-202604-001014,SUP-046,2026-04-13T11:36:00+08:00,2026-04-20T11:36:00+08:00,in_transit,CNY,82692.23,15,战略采购组,1,2026-05-10T11:36:00+08:00
PO-202605-001015,SUP-059,2026-05-16T12:04:00+08:00,2026-05-20T12:04:00+08:00,draft,CNY,2601164.69,90,战略采购组,2,2026-05-20T12:04:00+08:00
PO-202510-001016,SUP-049,2025-10-12T23:34:00+08:00,2025-10-17T23:34:00+08:00,in_transit,CNY,7871118.22,30,采购二组,1,2025-11-21T23:34:00+08:00
PO-202509-001017,SUP-020,2025-09-06T22:59:00+08:00,2025-09-13T22:59:00+08:00,draft,CNY,812402.58,45,战略采购组,2,2025-09-22T22:59:00+08:00
PO-202606-001018,SUP-006,2026-06-02T12:55:00+08:00,2026-06-06T12:55:00+08:00,in_transit,CNY,7912617.52,90,战略采购组,3,2026-06-15T08:00:00+08:00
PO-202511-001019,SUP-047,2025-11-09T21:38:00+08:00,2025-11-16T21:38:00+08:00,received,CNY,7127619.07,30,战略采购组,4,2025-12-05T21:38:00+08:00
PO-202511-001020,SUP-035,2025-11-08T05:07:00+08:00,2025-11-13T05:07:00+08:00,delayed,CNY,13608732.69,15,采购一组,3,2025-12-10T05:07:00+08:00
PO-202604-001021,SUP-008,2026-04-03T15:24:00+08:00,2026-04-10T15:24:00+08:00,confirmed,CNY,5962453.02,30,采购二组,4,2026-04-26T15:24:00+08:00
PO-202601-001022,SUP-017,2026-01-29T07:50:00+08:00,2026-02-05T07:50:00+08:00,received,CNY,106927.74,45,采购一组,1,2026-02-28T07:50:00+08:00
PO-202509-001023,SUP-015,2025-09-09T08:00:00+08:00,2025-09-13T08:00:00+08:00,in_transit,CNY,9978492.17,30,战略采购组,3,2025-10-10T08:00:00+08:00
PO-202603-001024,SUP-030,2026-03-14T19:57:00+08:00,2026-03-18T19:57:00+08:00,in_transit,CNY,9706356.05,15,采购二组,3,2026-04-18T19:57:00+08:00
PO-202604-001025,SUP-050,2026-04-10T00:14:00+08:00,2026-04-15T00:14:00+08:00,delayed,CNY,12621439.49,15,战略采购组,4,2026-05-09T00:14:00+08:00
PO-202606-001026,SUP-051,2026-06-05T10:34:00+08:00,2026-06-12T10:34:00+08:00,received,CNY,3542223.78,15,采购二组,2,2026-06-15T08:00:00+08:00
PO-202508-001027,SUP-017,2025-08-30T06:05:00+08:00,2025-09-06T06:05:00+08:00,received,CNY,6548969.37,30,采购一组,2,2025-10-03T06:05:00+08:00
PO-202510-001028,SUP-003,2025-10-02T21:37:00+08:00,2025-10-09T21:37:00+08:00,draft,CNY,7950497.66,30,战略采购组,3,2025-10-22T21:37:00+08:00
PO-202512-001029,SUP-047,2025-12-24T05:38:00+08:00,2025-12-28T05:38:00+08:00,received,CNY,8800310.28,90,战略采购组,2,2026-02-01T05:38:00+08:00
PO-202601-001030,SUP-009,2026-01-05T17:03:00+08:00,2026-01-12T17:03:00+08:00,cancelled,CNY,10625426.95,15,战略采购组,4,2026-01-31T17:03:00+08:00
PO-202606-001031,SUP-040,2026-06-11T16:56:00+08:00,2026-06-18T16:56:00+08:00,confirmed,CNY,2640455.3,30,采购一组,2,2026-06-15T08:00:00+08:00
PO-202507-001032,SUP-036,2025-07-13T11:18:00+08:00,2025-07-18T11:18:00+08:00,confirmed,CNY,11988558.71,45,采购一组,4,2025-08-18T11:18:00+08:00
PO-202604-001033,SUP-026,2026-04-05T03:58:00+08:00,2026-04-06T15:58:00+08:00,in_transit,CNY,865004.4,30,采购二组,1,2026-04-05T03:58:00+08:00
PO-202601-001034,SUP-013,2026-01-04T06:48:00+08:00,2026-01-07T06:48:00+08:00,in_transit,CNY,1702823.89,60,采购一组,4,2026-01-22T06:48:00+08:00
PO-202509-001035,SUP-020,2025-09-19T22:55:00+08:00,2025-09-20T22:55:00+08:00,received,CNY,12533687.13,15,采购一组,2,2025-09-21T22:55:00+08:00
PO-202601-001036,SUP-016,2026-01-08T03:53:00+08:00,2026-01-15T03:53:00+08:00,delayed,CNY,1874044.62,45,采购一组,1,2026-01-14T03:53:00+08:00
PO-202603-001037,SUP-036,2026-03-03T08:26:00+08:00,2026-03-04T08:26:00+08:00,in_transit,CNY,1415777.1,45,战略采购组,1,2026-03-29T08:26:00+08:00
PO-202602-001038,SUP-008,2026-02-02T14:21:00+08:00,2026-02-05T14:21:00+08:00,received,CNY,4972446.72,30,战略采购组,1,2026-02-28T14:21:00+08:00
PO-202508-001039,SUP-013,2025-08-30T02:34:00+08:00,2025-09-04T02:34:00+08:00,cancelled,CNY,293913.0,30,采购二组,1,2025-09-11T02:34:00+08:00
PO-202512-001040,SUP-011,2025-12-10T14:19:00+08:00,2025-12-13T14:19:00+08:00,received,CNY,21767352.3,45,战略采购组,4,2025-12-27T14:19:00+08:00
PO-202602-001041,SUP-044,2026-02-06T11:13:00+08:00,2026-02-13T11:13:00+08:00,delayed,CNY,12146428.77,15,战略采购组,2,2026-03-22T11:13:00+08:00
PO-202511-001042,SUP-048,2025-11-16T17:14:00+08:00,2025-11-23T17:14:00+08:00,received,CNY,16315736.29,60,采购一组,4,2025-12-24T17:14:00+08:00
PO-202512-001043,SUP-004,2025-12-27T11:54:00+08:00,2026-01-03T11:54:00+08:00,confirmed,CNY,1915616.74,45,战略采购组,3,2026-01-01T11:54:00+08:00
PO-202602-001044,SUP-011,2026-02-23T03:23:00+08:00,2026-02-28T03:23:00+08:00,in_transit,CNY,95567.38,45,战略采购组,1,2026-04-08T03:23:00+08:00
PO-202605-001045,SUP-012,2026-05-18T15:26:00+08:00,2026-05-23T15:26:00+08:00,received,CNY,5193973.88,15,采购二组,2,2026-06-15T08:00:00+08:00
PO-202602-001046,SUP-025,2026-02-11T01:58:00+08:00,2026-02-15T01:58:00+08:00,confirmed,CNY,2128474.36,90,采购二组,3,2026-02-11T01:58:00+08:00
PO-202509-001047,SUP-053,2025-09-17T19:50:00+08:00,2025-09-21T19:50:00+08:00,received,CNY,4536424.51,30,采购一组,2,2025-10-08T19:50:00+08:00
PO-202602-001048,SUP-039,2026-02-06T21:08:00+08:00,2026-02-11T21:08:00+08:00,received,CNY,5398822.17,30,采购一组,3,2026-03-05T21:08:00+08:00
PO-202601-001049,SUP-004,2026-01-04T03:03:00+08:00,2026-01-06T03:03:00+08:00,received,CNY,4357954.64,90,采购二组,3,2026-01-15T03:03:00+08:00
PO-202601-001050,SUP-002,2026-01-04T21:52:00+08:00,2026-01-11T21:52:00+08:00,in_transit,CNY,2348266.46,90,采购二组,4,2026-01-15T21:52:00+08:00
PO-202601-001051,SUP-058,2026-01-26T18:13:00+08:00,2026-01-29T18:13:00+08:00,received,CNY,7767879.49,15,采购一组,2,2026-02-03T18:13:00+08:00
PO-202511-001052,SUP-025,2025-11-11T20:31:00+08:00,2025-11-16T20:31:00+08:00,in_transit,CNY,1767039.3,60,战略采购组,1,2025-12-26T20:31:00+08:00
PO-202601-001053,SUP-057,2026-01-12T18:34:00+08:00,2026-01-14T18:34:00+08:00,in_transit,CNY,5260106.71,60,采购一组,3,2026-02-06T18:34:00+08:00
PO-202507-001054,SUP-036,2025-07-11T15:05:00+08:00,2025-07-18T15:05:00+08:00,confirmed,CNY,7827347.08,90,战略采购组,4,2025-07-14T15:05:00+08:00
PO-202605-001055,SUP-001,2026-05-23T07:15:00+08:00,2026-05-30T07:15:00+08:00,received,CNY,982350.13,60,采购二组,3,2026-06-15T08:00:00+08:00
PO-202512-001056,SUP-027,2025-12-28T23:44:00+08:00,2025-12-31T23:44:00+08:00,received,CNY,7414461.13,15,采购二组,3,2026-01-03T23:44:00+08:00
PO-202603-001057,SUP-033,2026-03-20T17:39:00+08:00,2026-03-24T17:39:00+08:00,in_transit,CNY,6421959.54,90,战略采购组,4,2026-03-27T17:39:00+08:00
PO-202604-001058,SUP-012,2026-04-15T09:24:00+08:00,2026-04-22T09:24:00+08:00,delayed,CNY,927718.35,15,采购一组,2,2026-05-05T09:24:00+08:00
PO-202605-001059,SUP-004,2026-05-24T13:36:00+08:00,2026-05-28T13:36:00+08:00,draft,CNY,24573150.94,90,采购一组,4,2026-05-30T13:36:00+08:00
PO-202507-001060,SUP-002,2025-07-28T11:32:00+08:00,2025-08-01T11:32:00+08:00,in_transit,CNY,2510369.12,45,采购二组,1,2025-09-05T11:32:00+08:00
PO-202602-001061,SUP-041,2026-02-01T09:10:00+08:00,2026-02-05T09:10:00+08:00,received,CNY,1520454.43,45,采购一组,1,2026-03-13T09:10:00+08:00
PO-202604-001062,SUP-036,2026-04-08T16:25:00+08:00,2026-04-13T16:25:00+08:00,received,CNY,6104030.53,15,采购二组,4,2026-04-28T16:25:00+08:00
PO-202510-001063,SUP-028,2025-10-21T12:55:00+08:00,2025-10-26T12:55:00+08:00,draft,CNY,7571488.96,60,采购一组,4,2025-11-20T12:55:00+08:00
PO-202511-001064,SUP-011,2025-11-26T21:32:00+08:00,2025-12-01T21:32:00+08:00,received,CNY,2349199.05,90,采购一组,2,2025-12-18T21:32:00+08:00
PO-202606-001065,SUP-024,2026-06-06T20:54:00+08:00,2026-06-11T20:54:00+08:00,in_transit,CNY,1921636.73,15,战略采购组,2,2026-06-09T20:54:00+08:00
PO-202606-001066,SUP-049,2026-06-01T05:57:00+08:00,2026-06-04T05:57:00+08:00,received,CNY,258220.92,30,采购二组,1,2026-06-15T08:00:00+08:00
PO-202510-001067,SUP-023,2025-10-20T22:07:00+08:00,2025-10-27T22:07:00+08:00,delayed,CNY,3305317.23,15,采购二组,4,2025-11-19T22:07:00+08:00
PO-202602-001068,SUP-031,2026-02-04T11:33:00+08:00,2026-02-11T11:33:00+08:00,received,CNY,16700105.42,90,采购二组,4,2026-02-27T11:33:00+08:00
PO-202508-001069,SUP-028,2025-08-10T17:32:00+08:00,2025-08-13T17:32:00+08:00,received,CNY,5806291.51,90,采购二组,2,2025-08-26T17:32:00+08:00
PO-202507-001070,SUP-005,2025-07-24T20:11:00+08:00,2025-07-31T20:11:00+08:00,received,CNY,10216498.19,15,采购一组,3,2025-09-05T20:11:00+08:00
PO-202604-001071,SUP-008,2026-04-23T02:45:00+08:00,2026-04-28T02:45:00+08:00,draft,CNY,9963719.57,60,采购二组,4,2026-05-14T02:45:00+08:00
PO-202509-001072,SUP-028,2025-09-12T23:38:00+08:00,2025-09-16T23:38:00+08:00,in_transit,CNY,13444577.9,30,采购二组,3,2025-10-13T23:38:00+08:00
PO-202604-001073,SUP-029,2026-04-17T07:10:00+08:00,2026-04-20T07:10:00+08:00,received,CNY,3332563.72,30,采购二组,3,2026-05-16T07:10:00+08:00
PO-202606-001074,SUP-034,2026-06-06T08:38:00+08:00,2026-06-07T08:38:00+08:00,received,CNY,2937035.4,30,采购一组,1,2026-06-15T08:00:00+08:00
PO-202601-001075,SUP-030,2026-01-03T01:50:00+08:00,2026-01-08T01:50:00+08:00,received,CNY,8253875.68,30,战略采购组,3,2026-02-13T01:50:00+08:00
PO-202512-001076,SUP-047,2025-12-09T14:43:00+08:00,2025-12-13T14:43:00+08:00,received,CNY,24766326.11,45,采购一组,4,2025-12-30T14:43:00+08:00
PO-202507-001077,SUP-040,2025-07-20T21:07:00+08:00,2025-07-23T21:07:00+08:00,received,CNY,4283353.36,60,战略采购组,2,2025-07-20T21:07:00+08:00
PO-202602-001078,SUP-025,2026-02-25T16:41:00+08:00,2026-02-26T16:41:00+08:00,received,CNY,7681.2,45,采购一组,1,2026-02-25T16:41:00+08:00
PO-202603-001079,SUP-030,2026-03-09T16:14:00+08:00,2026-03-14T16:14:00+08:00,delayed,CNY,11492397.52,45,采购二组,3,2026-03-16T16:14:00+08:00
PO-202509-001080,SUP-030,2025-09-22T18:43:00+08:00,2025-09-27T18:43:00+08:00,confirmed,CNY,5949437.66,30,采购二组,4,2025-10-12T18:43:00+08:00
PO-202605-001081,SUP-007,2026-05-27T14:50:00+08:00,2026-06-03T14:50:00+08:00,received,CNY,7806533.93,15,战略采购组,3,2026-06-15T08:00:00+08:00
PO-202603-001082,SUP-036,2026-03-31T02:31:00+08:00,2026-04-01T02:31:00+08:00,confirmed,CNY,11093569.76,30,采购二组,1,2026-04-05T02:31:00+08:00
PO-202604-001083,SUP-036,2026-04-01T02:39:00+08:00,2026-04-05T02:39:00+08:00,delayed,CNY,3710655.58,60,采购二组,2,2026-05-07T02:39:00+08:00
PO-202601-001084,SUP-022,2026-01-05T01:51:00+08:00,2026-01-12T01:51:00+08:00,received,CNY,15279550.52,30,采购二组,2,2026-01-08T01:51:00+08:00
PO-202603-001085,SUP-039,2026-03-25T02:52:00+08:00,2026-03-26T02:52:00+08:00,confirmed,CNY,1117887.68,90,战略采购组,1,2026-05-03T02:52:00+08:00
PO-202604-001086,SUP-022,2026-04-05T15:15:00+08:00,2026-04-12T15:15:00+08:00,received,CNY,329335.72,15,采购二组,1,2026-04-25T15:15:00+08:00
PO-202603-001087,SUP-048,2026-03-26T16:26:00+08:00,2026-04-02T16:26:00+08:00,in_transit,CNY,4253552.57,45,采购二组,2,2026-04-09T16:26:00+08:00
PO-202512-001088,SUP-042,2025-12-31T08:00:00+08:00,2026-01-04T08:00:00+08:00,in_transit,CNY,125536.65,30,采购二组,1,2026-01-18T08:00:00+08:00
PO-202509-001089,SUP-049,2025-09-10T16:32:00+08:00,2025-09-13T16:32:00+08:00,received,CNY,7132211.92,30,采购一组,2,2025-10-15T16:32:00+08:00
PO-202604-001090,SUP-060,2026-04-03T03:13:00+08:00,2026-04-10T03:13:00+08:00,in_transit,CNY,6184206.65,45,采购一组,4,2026-04-24T03:13:00+08:00
PO-202606-001091,SUP-035,2026-06-12T04:33:00+08:00,2026-06-14T04:33:00+08:00,received,CNY,193537.5,60,采购二组,1,2026-06-15T08:00:00+08:00
PO-202606-001092,SUP-010,2026-06-14T23:08:00+08:00,2026-06-18T23:08:00+08:00,received,CNY,2839077.61,90,采购一组,2,2026-06-15T08:00:00+08:00
PO-202605-001093,SUP-017,2026-05-28T13:57:00+08:00,2026-05-29T13:57:00+08:00,received,CNY,9250401.54,60,采购二组,2,2026-06-06T13:57:00+08:00
PO-202506-001094,SUP-016,2025-06-19T17:25:00+08:00,2025-06-26T17:25:00+08:00,received,CNY,4765569.9,90,采购二组,3,2025-07-17T17:25:00+08:00
PO-202508-001095,SUP-038,2025-08-07T13:59:00+08:00,2025-08-09T01:59:00+08:00,in_transit,CNY,1014109.48,30,采购一组,1,2025-09-08T13:59:00+08:00
PO-202508-001096,SUP-035,2025-08-27T21:55:00+08:00,2025-09-01T21:55:00+08:00,received,CNY,5487692.79,15,战略采购组,3,2025-09-01T21:55:00+08:00
PO-202509-001097,SUP-013,2025-09-04T17:07:00+08:00,2025-09-11T17:07:00+08:00,confirmed,CNY,13015932.87,15,采购一组,2,2025-10-04T17:07:00+08:00
PO-202602-001098,SUP-034,2026-02-21T06:45:00+08:00,2026-02-26T06:45:00+08:00,confirmed,CNY,56050.54,90,采购二组,1,2026-03-07T06:45:00+08:00
PO-202603-001099,SUP-024,2026-03-05T10:29:00+08:00,2026-03-10T10:29:00+08:00,confirmed,CNY,3259919.7,30,战略采购组,1,2026-04-19T10:29:00+08:00
PO-202605-001100,SUP-033,2026-05-27T09:28:00+08:00,2026-06-03T09:28:00+08:00,confirmed,CNY,1741228.68,90,采购一组,3,2026-06-14T09:28:00+08:00
PO-202604-001101,SUP-020,2026-04-26T06:33:00+08:00,2026-05-01T06:33:00+08:00,received,CNY,7674356.2,30,战略采购组,3,2026-05-20T06:33:00+08:00
PO-202511-001102,SUP-037,2025-11-09T21:06:00+08:00,2025-11-13T21:06:00+08:00,draft,CNY,643412.45,60,采购一组,1,2025-11-23T21:06:00+08:00
PO-202601-001103,SUP-042,2026-01-01T20:55:00+08:00,2026-01-05T20:55:00+08:00,received,CNY,908353.84,45,采购一组,2,2026-01-12T20:55:00+08:00
PO-202605-001104,SUP-014,2026-05-31T14:58:00+08:00,2026-06-03T14:58:00+08:00,received,CNY,6028572.65,15,战略采购组,2,2026-06-15T08:00:00+08:00
PO-202511-001105,SUP-047,2025-11-20T21:03:00+08:00,2025-11-22T09:03:00+08:00,delayed,CNY,436168.95,45,采购一组,1,2025-12-15T21:03:00+08:00
PO-202508-001106,SUP-041,2025-08-29T20:11:00+08:00,2025-09-02T20:11:00+08:00,received,CNY,5717412.96,60,采购一组,3,2025-09-08T20:11:00+08:00
PO-202604-001107,SUP-029,2026-04-10T23:04:00+08:00,2026-04-17T23:04:00+08:00,in_transit,CNY,478605.91,60,采购二组,1,2026-05-24T23:04:00+08:00
PO-202511-001108,SUP-032,2025-11-30T11:03:00+08:00,2025-12-05T11:03:00+08:00,in_transit,CNY,1319098.53,15,采购二组,1,2025-12-21T11:03:00+08:00
PO-202509-001109,SUP-056,2025-09-11T06:20:00+08:00,2025-09-12T06:20:00+08:00,received,CNY,1744392.24,30,战略采购组,1,2025-09-13T06:20:00+08:00
PO-202605-001110,SUP-050,2026-05-27T00:41:00+08:00,2026-05-31T00:41:00+08:00,received,CNY,139665.94,60,战略采购组,1,2026-05-30T00:41:00+08:00
PO-202506-001111,SUP-043,2025-06-19T13:04:00+08:00,2025-06-26T13:04:00+08:00,in_transit,CNY,13632103.31,60,战略采购组,4,2025-07-15T13:04:00+08:00
PO-202604-001112,SUP-015,2026-04-11T00:55:00+08:00,2026-04-18T00:55:00+08:00,delayed,CNY,705904.02,60,战略采购组,2,2026-05-23T00:55:00+08:00
PO-202506-001113,SUP-017,2025-06-29T21:24:00+08:00,2025-07-02T21:24:00+08:00,in_transit,CNY,1651698.24,30,战略采购组,2,2025-07-11T21:24:00+08:00
PO-202508-001114,SUP-021,2025-08-07T10:37:00+08:00,2025-08-14T10:37:00+08:00,delayed,CNY,12973055.0,60,战略采购组,2,2025-09-04T10:37:00+08:00
PO-202511-001115,SUP-055,2025-11-12T02:13:00+08:00,2025-11-15T02:13:00+08:00,confirmed,CNY,2651974.62,30,采购二组,4,2025-12-01T02:13:00+08:00
PO-202509-001116,SUP-057,2025-09-28T19:11:00+08:00,2025-10-01T19:11:00+08:00,draft,CNY,2021745.94,30,采购一组,3,2025-10-13T19:11:00+08:00
PO-202510-001117,SUP-031,2025-10-17T04:48:00+08:00,2025-10-21T04:48:00+08:00,received,CNY,5680465.05,60,采购二组,1,2025-11-17T04:48:00+08:00
PO-202508-001118,SUP-030,2025-08-23T13:21:00+08:00,2025-08-25T13:21:00+08:00,delayed,CNY,128274.48,45,采购一组,1,2025-09-25T13:21:00+08:00
PO-202509-001119,SUP-045,2025-09-14T14:34:00+08:00,2025-09-21T14:34:00+08:00,received,CNY,162221.76,15,采购二组,2,2025-09-22T14:34:00+08:00
PO-202606-001120,SUP-028,2026-06-08T06:07:00+08:00,2026-06-13T06:07:00+08:00,confirmed,CNY,4445306.93,90,采购一组,3,2026-06-15T08:00:00+08:00
PO-202512-001121,SUP-002,2025-12-28T13:23:00+08:00,2026-01-02T13:23:00+08:00,received,CNY,2561449.35,45,采购一组,3,2026-01-31T13:23:00+08:00
PO-202510-001122,SUP-039,2025-10-11T21:02:00+08:00,2025-10-13T21:02:00+08:00,received,CNY,2827148.61,60,采购二组,1,2025-11-07T21:02:00+08:00
PO-202601-001123,SUP-046,2026-01-17T22:15:00+08:00,2026-01-24T22:15:00+08:00,received,CNY,13045201.82,45,战略采购组,4,2026-02-17T22:15:00+08:00
PO-202512-001124,SUP-005,2025-12-09T11:27:00+08:00,2025-12-14T11:27:00+08:00,received,CNY,9151218.6,90,采购二组,4,2025-12-26T11:27:00+08:00
PO-202509-001125,SUP-003,2025-09-26T17:14:00+08:00,2025-09-30T17:14:00+08:00,in_transit,CNY,2302444.44,15,采购二组,1,2025-10-08T17:14:00+08:00
PO-202606-001126,SUP-004,2026-06-10T18:35:00+08:00,2026-06-14T18:35:00+08:00,received,CNY,7459785.2,90,采购二组,1,2026-06-15T08:00:00+08:00
PO-202602-001127,SUP-013,2026-02-15T13:21:00+08:00,2026-02-22T13:21:00+08:00,cancelled,CNY,4540011.59,30,采购二组,4,2026-03-02T13:21:00+08:00
PO-202508-001128,SUP-035,2025-08-10T16:57:00+08:00,2025-08-13T16:57:00+08:00,received,CNY,1684948.74,60,采购一组,3,2025-08-21T16:57:00+08:00
PO-202507-001129,SUP-032,2025-07-24T17:17:00+08:00,2025-07-26T17:17:00+08:00,received,CNY,5876135.84,90,采购二组,2,2025-08-06T17:17:00+08:00
PO-202601-001130,SUP-048,2026-01-22T02:04:00+08:00,2026-01-27T02:04:00+08:00,delayed,CNY,12034780.34,30,采购一组,4,2026-02-27T02:04:00+08:00
PO-202511-001131,SUP-017,2025-11-20T15:09:00+08:00,2025-11-24T15:09:00+08:00,in_transit,CNY,5437484.59,45,采购二组,2,2025-12-09T15:09:00+08:00
PO-202508-001132,SUP-006,2025-08-23T06:37:00+08:00,2025-08-30T06:37:00+08:00,received,CNY,12424277.35,90,战略采购组,4,2025-10-07T06:37:00+08:00
PO-202510-001133,SUP-041,2025-10-28T20:04:00+08:00,2025-11-04T20:04:00+08:00,received,CNY,3426065.18,45,采购二组,4,2025-11-17T20:04:00+08:00
PO-202601-001134,SUP-034,2026-01-03T06:21:00+08:00,2026-01-06T06:21:00+08:00,received,CNY,1239007.25,30,战略采购组,2,2026-02-10T06:21:00+08:00
PO-202510-001135,SUP-009,2025-10-10T00:41:00+08:00,2025-10-12T00:41:00+08:00,received,CNY,13152577.2,60,战略采购组,2,2025-10-20T00:41:00+08:00
PO-202604-001136,SUP-011,2026-04-17T02:48:00+08:00,2026-04-24T02:48:00+08:00,confirmed,CNY,3054418.79,90,采购二组,3,2026-04-30T02:48:00+08:00
PO-202602-001137,SUP-010,2026-02-19T23:36:00+08:00,2026-02-26T23:36:00+08:00,in_transit,CNY,1506645.64,30,采购二组,3,2026-03-04T23:36:00+08:00
PO-202508-001138,SUP-055,2025-08-04T05:38:00+08:00,2025-08-09T05:38:00+08:00,received,CNY,3818185.93,90,战略采购组,4,2025-09-05T05:38:00+08:00
PO-202510-001139,SUP-009,2025-10-05T22:43:00+08:00,2025-10-12T22:43:00+08:00,received,CNY,1409826.0,90,采购一组,1,2025-10-12T22:43:00+08:00
PO-202510-001140,SUP-002,2025-10-01T19:36:00+08:00,2025-10-08T19:36:00+08:00,received,CNY,3487147.64,15,采购二组,2,2025-10-28T19:36:00+08:00
PO-202507-001141,SUP-018,2025-07-24T19:02:00+08:00,2025-07-31T19:02:00+08:00,received,CNY,5542848.47,30,战略采购组,2,2025-07-28T19:02:00+08:00
PO-202511-001142,SUP-036,2025-11-13T07:07:00+08:00,2025-11-18T07:07:00+08:00,received,CNY,5554656.23,30,采购二组,4,2025-11-27T07:07:00+08:00
PO-202606-001143,SUP-009,2026-06-05T06:36:00+08:00,2026-06-12T06:36:00+08:00,in_transit,CNY,2780903.88,45,采购一组,1,2026-06-15T08:00:00+08:00
PO-202508-001144,SUP-034,2025-08-01T22:54:00+08:00,2025-08-06T22:54:00+08:00,confirmed,CNY,3550858.27,45,采购二组,3,2025-08-26T22:54:00+08:00
PO-202604-001145,SUP-053,2026-04-22T02:10:00+08:00,2026-04-26T02:10:00+08:00,in_transit,CNY,4394485.18,30,采购二组,2,2026-04-28T02:10:00+08:00
PO-202606-001146,SUP-005,2026-06-12T10:47:00+08:00,2026-06-19T10:47:00+08:00,delayed,CNY,1160390.81,30,采购二组,1,2026-06-15T08:00:00+08:00
PO-202510-001147,SUP-012,2025-10-17T14:01:00+08:00,2025-10-24T14:01:00+08:00,cancelled,CNY,5950516.22,15,战略采购组,3,2025-10-28T14:01:00+08:00
PO-202511-001148,SUP-057,2025-11-21T16:36:00+08:00,2025-11-24T16:36:00+08:00,received,CNY,1429649.15,60,采购一组,4,2025-12-11T16:36:00+08:00
PO-202604-001149,SUP-004,2026-04-26T15:21:00+08:00,2026-04-30T15:21:00+08:00,received,CNY,9165395.0,15,采购二组,3,2026-04-28T15:21:00+08:00
PO-202509-001150,SUP-035,2025-09-16T04:33:00+08:00,2025-09-21T04:33:00+08:00,delayed,CNY,2513370.35,15,采购二组,2,2025-10-31T04:33:00+08:00
PO-202603-001151,SUP-048,2026-03-21T13:37:00+08:00,2026-03-25T13:37:00+08:00,received,CNY,4275086.17,90,战略采购组,3,2026-04-18T13:37:00+08:00
PO-202601-001152,SUP-030,2026-01-08T16:54:00+08:00,2026-01-12T16:54:00+08:00,received,CNY,7371385.05,90,战略采购组,4,2026-01-20T16:54:00+08:00
PO-202510-001153,SUP-026,2025-10-26T20:07:00+08:00,2025-11-02T20:07:00+08:00,received,CNY,2618863.04,45,战略采购组,4,2025-11-29T20:07:00+08:00
PO-202509-001154,SUP-022,2025-09-20T23:21:00+08:00,2025-09-24T23:21:00+08:00,received,CNY,6809477.18,30,采购二组,4,2025-10-17T23:21:00+08:00
PO-202511-001155,SUP-019,2025-11-16T11:55:00+08:00,2025-11-21T11:55:00+08:00,confirmed,CNY,4613163.9,30,采购二组,4,2025-12-11T11:55:00+08:00
PO-202510-001156,SUP-037,2025-10-14T10:37:00+08:00,2025-10-19T10:37:00+08:00,confirmed,CNY,1188435.98,45,战略采购组,3,2025-11-03T10:37:00+08:00
PO-202601-001157,SUP-055,2026-01-27T11:38:00+08:00,2026-02-01T11:38:00+08:00,confirmed,CNY,7498051.33,45,采购一组,4,2026-03-06T11:38:00+08:00
PO-202509-001158,SUP-043,2025-09-30T17:15:00+08:00,2025-10-04T17:15:00+08:00,in_transit,CNY,7889337.66,90,采购二组,4,2025-10-20T17:15:00+08:00
PO-202511-001159,SUP-028,2025-11-03T01:26:00+08:00,2025-11-07T01:26:00+08:00,in_transit,CNY,2572949.97,15,采购二组,3,2025-11-13T01:26:00+08:00
PO-202506-001160,SUP-009,2025-06-17T19:39:00+08:00,2025-06-24T19:39:00+08:00,in_transit,CNY,8774275.8,30,采购二组,3,2025-07-31T19:39:00+08:00
PO-202601-001161,SUP-046,2026-01-28T14:53:00+08:00,2026-02-04T14:53:00+08:00,cancelled,CNY,10347480.0,60,采购一组,4,2026-03-03T14:53:00+08:00
PO-202507-001162,SUP-050,2025-07-01T23:18:00+08:00,2025-07-08T23:18:00+08:00,received,CNY,15192065.09,30,采购一组,3,2025-07-29T23:18:00+08:00
PO-202509-001163,SUP-026,2025-09-14T15:00:00+08:00,2025-09-21T15:00:00+08:00,delayed,CNY,14299138.48,30,采购一组,4,2025-09-17T15:00:00+08:00
PO-202603-001164,SUP-018,2026-03-21T07:41:00+08:00,2026-03-28T07:41:00+08:00,received,CNY,4539741.22,60,采购二组,4,2026-04-17T07:41:00+08:00
PO-202510-001165,SUP-014,2025-10-12T17:43:00+08:00,2025-10-17T17:43:00+08:00,received,CNY,15033207.27,90,采购一组,4,2025-11-17T17:43:00+08:00
PO-202604-001166,SUP-051,2026-04-24T23:34:00+08:00,2026-05-01T23:34:00+08:00,in_transit,CNY,13109988.53,15,采购一组,3,2026-06-04T23:34:00+08:00
PO-202511-001167,SUP-055,2025-11-01T12:19:00+08:00,2025-11-05T12:19:00+08:00,received,CNY,785.4,45,采购一组,1,2025-12-14T12:19:00+08:00
PO-202602-001168,SUP-034,2026-02-27T19:14:00+08:00,2026-03-06T19:14:00+08:00,received,CNY,808592.04,15,采购二组,2,2026-03-30T19:14:00+08:00
PO-202509-001169,SUP-047,2025-09-01T13:30:00+08:00,2025-09-08T13:30:00+08:00,draft,CNY,4058650.84,45,采购二组,3,2025-09-08T13:30:00+08:00
PO-202605-001170,SUP-031,2026-05-20T09:27:00+08:00,2026-05-24T09:27:00+08:00,in_transit,CNY,8866424.55,60,采购二组,2,2026-05-23T09:27:00+08:00
PO-202512-001171,SUP-042,2025-12-04T14:57:00+08:00,2025-12-11T14:57:00+08:00,confirmed,CNY,2418042.47,45,采购一组,2,2025-12-27T14:57:00+08:00
PO-202601-001172,SUP-039,2026-01-25T17:36:00+08:00,2026-01-26T17:36:00+08:00,received,CNY,7127984.1,45,采购一组,1,2026-02-24T17:36:00+08:00
PO-202601-001173,SUP-037,2026-01-15T16:13:00+08:00,2026-01-20T16:13:00+08:00,confirmed,CNY,2323512.07,60,战略采购组,4,2026-02-08T16:13:00+08:00
PO-202508-001174,SUP-004,2025-08-20T23:06:00+08:00,2025-08-24T23:06:00+08:00,received,CNY,13682302.33,45,采购二组,4,2025-10-04T23:06:00+08:00
PO-202509-001175,SUP-009,2025-09-13T13:43:00+08:00,2025-09-20T13:43:00+08:00,draft,CNY,9782634.16,60,采购一组,3,2025-10-21T13:43:00+08:00
PO-202506-001176,SUP-046,2025-06-26T09:59:00+08:00,2025-06-30T09:59:00+08:00,confirmed,CNY,130496.25,45,采购二组,1,2025-07-04T09:59:00+08:00
PO-202508-001177,SUP-049,2025-08-10T09:46:00+08:00,2025-08-12T09:46:00+08:00,in_transit,CNY,12020038.48,45,战略采购组,1,2025-09-14T09:46:00+08:00
PO-202512-001178,SUP-033,2025-12-05T05:19:00+08:00,2025-12-12T05:19:00+08:00,received,CNY,6622838.91,15,采购二组,3,2026-01-06T05:19:00+08:00
PO-202508-001179,SUP-035,2025-08-25T06:06:00+08:00,2025-08-28T06:06:00+08:00,in_transit,CNY,2726691.26,15,战略采购组,2,2025-10-01T06:06:00+08:00
PO-202602-001180,SUP-014,2026-02-05T00:17:00+08:00,2026-02-12T00:17:00+08:00,confirmed,CNY,7624702.74,15,战略采购组,2,2026-02-19T00:17:00+08:00
PO-202606-001181,SUP-011,2026-06-11T02:11:00+08:00,2026-06-14T02:11:00+08:00,delayed,CNY,176322.0,45,采购一组,2,2026-06-15T08:00:00+08:00
PO-202604-001182,SUP-022,2026-04-10T00:36:00+08:00,2026-04-14T00:36:00+08:00,confirmed,CNY,7384707.32,90,战略采购组,2,2026-04-20T00:36:00+08:00
PO-202511-001183,SUP-046,2025-11-03T06:27:00+08:00,2025-11-07T06:27:00+08:00,received,CNY,4945765.37,45,战略采购组,4,2025-12-17T06:27:00+08:00
PO-202510-001184,SUP-043,2025-10-05T01:22:00+08:00,2025-10-09T01:22:00+08:00,in_transit,CNY,15896472.18,60,采购一组,2,2025-10-14T01:22:00+08:00
PO-202601-001185,SUP-001,2026-01-08T08:23:00+08:00,2026-01-09T08:23:00+08:00,draft,CNY,24158.2,60,采购二组,1,2026-02-13T08:23:00+08:00
PO-202601-001186,SUP-010,2026-01-02T07:57:00+08:00,2026-01-06T07:57:00+08:00,received,CNY,717656.89,60,采购二组,2,2026-01-14T07:57:00+08:00
PO-202512-001187,SUP-028,2025-12-16T18:11:00+08:00,2025-12-17T18:11:00+08:00,received,CNY,4548792.1,30,战略采购组,1,2026-01-04T18:11:00+08:00
PO-202604-001188,SUP-044,2026-04-22T01:53:00+08:00,2026-04-26T01:53:00+08:00,received,CNY,3020708.16,90,战略采购组,2,2026-05-13T01:53:00+08:00
PO-202510-001189,SUP-038,2025-10-04T10:32:00+08:00,2025-10-11T10:32:00+08:00,delayed,CNY,8528218.42,45,战略采购组,3,2025-11-18T10:32:00+08:00
PO-202604-001190,SUP-014,2026-04-06T14:02:00+08:00,2026-04-08T14:02:00+08:00,received,CNY,7257765.06,60,采购一组,1,2026-04-29T14:02:00+08:00
PO-202512-001191,SUP-057,2025-12-19T11:05:00+08:00,2025-12-26T11:05:00+08:00,received,CNY,17664407.96,60,采购一组,4,2026-01-11T11:05:00+08:00
PO-202603-001192,SUP-046,2026-03-22T21:50:00+08:00,2026-03-26T21:50:00+08:00,delayed,CNY,203886.95,15,采购一组,1,2026-04-24T21:50:00+08:00
PO-202507-001193,SUP-002,2025-07-20T23:18:00+08:00,2025-07-25T23:18:00+08:00,confirmed,CNY,5021318.82,45,采购一组,3,2025-08-15T23:18:00+08:00
PO-202507-001194,SUP-002,2025-07-18T23:55:00+08:00,2025-07-22T23:55:00+08:00,received,CNY,1380159.16,90,采购一组,2,2025-08-18T23:55:00+08:00
PO-202604-001195,SUP-009,2026-04-27T18:07:00+08:00,2026-04-30T18:07:00+08:00,received,CNY,1079930.4,15,采购一组,2,2026-05-10T18:07:00+08:00
PO-202506-001196,SUP-006,2025-06-25T16:42:00+08:00,2025-07-02T16:42:00+08:00,received,CNY,11484362.61,15,采购一组,4,2025-07-31T16:42:00+08:00
PO-202508-001197,SUP-025,2025-08-02T07:31:00+08:00,2025-08-07T07:31:00+08:00,confirmed,CNY,3944807.78,60,战略采购组,1,2025-09-12T07:31:00+08:00
PO-202603-001198,SUP-006,2026-03-26T09:22:00+08:00,2026-03-31T09:22:00+08:00,delayed,CNY,9252490.57,45,采购二组,3,2026-03-26T09:22:00+08:00
PO-202506-001199,SUP-055,2025-06-29T17:14:00+08:00,2025-07-04T17:14:00+08:00,delayed,CNY,201106.68,30,采购二组,2,2025-07-25T17:14:00+08:00
PO-202507-001200,SUP-022,2025-07-21T11:30:00+08:00,2025-07-28T11:30:00+08:00,confirmed,CNY,11130439.85,30,采购二组,3,2025-08-03T11:30:00+08:00
PO-202605-001201,SUP-010,2026-05-16T07:18:00+08:00,2026-05-20T07:18:00+08:00,confirmed,CNY,4138113.68,45,采购一组,4,2026-06-15T08:00:00+08:00
PO-202603-001202,SUP-046,2026-03-25T19:28:00+08:00,2026-04-01T19:28:00+08:00,in_transit,CNY,543638.37,60,战略采购组,2,2026-04-25T19:28:00+08:00
PO-202605-001203,SUP-020,2026-05-29T22:30:00+08:00,2026-06-05T22:30:00+08:00,received,CNY,9434021.73,30,采购二组,4,2026-06-15T08:00:00+08:00
PO-202601-001204,SUP-008,2026-01-09T01:17:00+08:00,2026-01-12T01:17:00+08:00,received,CNY,1989863.22,60,战略采购组,4,2026-02-11T01:17:00+08:00
PO-202605-001205,SUP-028,2026-05-04T09:50:00+08:00,2026-05-06T09:50:00+08:00,in_transit,CNY,2257976.56,60,战略采购组,2,2026-05-11T09:50:00+08:00
PO-202512-001206,SUP-033,2025-12-21T04:19:00+08:00,2025-12-24T04:19:00+08:00,received,CNY,7208153.39,45,采购一组,3,2026-01-16T04:19:00+08:00
PO-202509-001207,SUP-028,2025-09-03T04:46:00+08:00,2025-09-06T04:46:00+08:00,confirmed,CNY,6706803.63,45,战略采购组,2,2025-10-06T04:46:00+08:00
PO-202605-001208,SUP-050,2026-05-18T13:35:00+08:00,2026-05-23T13:35:00+08:00,received,CNY,14815750.95,30,战略采购组,3,2026-06-15T08:00:00+08:00
PO-202511-001209,SUP-001,2025-11-21T02:22:00+08:00,2025-11-26T02:22:00+08:00,confirmed,CNY,1471071.54,30,战略采购组,2,2025-12-09T02:22:00+08:00
PO-202508-001210,SUP-002,2025-08-02T02:44:00+08:00,2025-08-06T02:44:00+08:00,received,CNY,330951.68,45,战略采购组,1,2025-08-05T02:44:00+08:00
PO-202512-001211,SUP-009,2025-12-31T10:25:00+08:00,2026-01-01T10:25:00+08:00,confirmed,CNY,83579.3,15,采购一组,1,2026-01-25T10:25:00+08:00
PO-202605-001212,SUP-021,2026-05-25T12:54:00+08:00,2026-05-29T12:54:00+08:00,received,CNY,284427.36,30,战略采购组,1,2026-06-05T12:54:00+08:00
PO-202605-001213,SUP-050,2026-05-08T11:45:00+08:00,2026-05-10T11:45:00+08:00,confirmed,CNY,7009979.74,30,战略采购组,4,2026-05-09T11:45:00+08:00
PO-202604-001214,SUP-033,2026-04-29T22:13:00+08:00,2026-05-03T22:13:00+08:00,in_transit,CNY,10063335.45,90,采购一组,3,2026-06-05T22:13:00+08:00
PO-202509-001215,SUP-016,2025-09-07T22:25:00+08:00,2025-09-12T22:25:00+08:00,in_transit,CNY,809870.13,45,战略采购组,2,2025-09-23T22:25:00+08:00
PO-202512-001216,SUP-026,2025-12-04T19:26:00+08:00,2025-12-07T19:26:00+08:00,delayed,CNY,3280789.2,30,采购一组,1,2025-12-23T19:26:00+08:00
PO-202601-001217,SUP-010,2026-01-09T13:03:00+08:00,2026-01-13T13:03:00+08:00,confirmed,CNY,3421032.4,45,采购一组,3,2026-02-02T13:03:00+08:00
PO-202601-001218,SUP-017,2026-01-11T19:30:00+08:00,2026-01-18T19:30:00+08:00,received,CNY,253785.09,45,采购一组,1,2026-02-02T19:30:00+08:00
PO-202605-001219,SUP-050,2026-05-02T10:16:00+08:00,2026-05-05T10:16:00+08:00,in_transit,CNY,11955866.54,45,采购一组,4,2026-05-07T10:16:00+08:00
PO-202507-001220,SUP-027,2025-07-28T12:31:00+08:00,2025-08-01T12:31:00+08:00,received,CNY,5788532.76,15,战略采购组,3,2025-08-24T12:31:00+08:00
PO-202512-001221,SUP-047,2025-12-28T06:42:00+08:00,2025-12-31T06:42:00+08:00,in_transit,CNY,12528069.5,60,采购一组,3,2026-01-17T06:42:00+08:00
PO-202509-001222,SUP-057,2025-09-21T23:52:00+08:00,2025-09-25T23:52:00+08:00,received,CNY,692093.95,30,采购二组,4,2025-10-12T23:52:00+08:00
PO-202511-001223,SUP-016,2025-11-09T23:15:00+08:00,2025-11-12T23:15:00+08:00,delayed,CNY,8426844.13,30,采购一组,2,2025-12-14T23:15:00+08:00
PO-202604-001224,SUP-014,2026-04-04T02:30:00+08:00,2026-04-11T02:30:00+08:00,received,CNY,8626871.08,15,战略采购组,3,2026-05-11T02:30:00+08:00
PO-202601-001225,SUP-019,2026-01-31T04:59:00+08:00,2026-02-07T04:59:00+08:00,draft,CNY,1961186.09,15,采购二组,3,2026-02-16T04:59:00+08:00
PO-202509-001226,SUP-035,2025-09-16T01:29:00+08:00,2025-09-21T01:29:00+08:00,confirmed,CNY,5525572.07,45,战略采购组,2,2025-10-03T01:29:00+08:00
PO-202602-001227,SUP-004,2026-02-20T19:36:00+08:00,2026-02-24T19:36:00+08:00,delayed,CNY,12231369.48,60,采购一组,4,2026-03-06T19:36:00+08:00
PO-202605-001228,SUP-037,2026-05-06T18:55:00+08:00,2026-05-13T18:55:00+08:00,in_transit,CNY,9991177.05,60,战略采购组,4,2026-06-15T08:00:00+08:00
PO-202603-001229,SUP-047,2026-03-07T08:55:00+08:00,2026-03-12T08:55:00+08:00,received,CNY,8607717.54,45,采购一组,3,2026-03-13T08:55:00+08:00
PO-202512-001230,SUP-010,2025-12-22T04:51:00+08:00,2025-12-27T04:51:00+08:00,in_transit,CNY,19001030.66,30,战略采购组,4,2025-12-27T04:51:00+08:00
PO-202510-001231,SUP-006,2025-10-15T14:34:00+08:00,2025-10-20T14:34:00+08:00,received,CNY,795101.76,30,采购二组,1,2025-10-21T14:34:00+08:00
PO-202506-001232,SUP-049,2025-06-26T09:12:00+08:00,2025-06-29T09:12:00+08:00,received,CNY,8831369.61,15,战略采购组,3,2025-08-10T09:12:00+08:00
PO-202604-001233,SUP-010,2026-04-18T13:05:00+08:00,2026-04-20T13:05:00+08:00,delayed,CNY,27597.12,60,采购一组,1,2026-04-30T13:05:00+08:00
PO-202603-001234,SUP-031,2026-03-13T23:56:00+08:00,2026-03-20T23:56:00+08:00,delayed,CNY,69810.14,60,战略采购组,1,2026-04-23T23:56:00+08:00
PO-202603-001235,SUP-048,2026-03-14T04:32:00+08:00,2026-03-19T04:32:00+08:00,received,CNY,1809208.07,90,采购一组,4,2026-03-27T04:32:00+08:00
PO-202603-001236,SUP-009,2026-03-23T05:38:00+08:00,2026-03-24T17:38:00+08:00,delayed,CNY,84136.0,15,战略采购组,1,2026-03-26T05:38:00+08:00
PO-202512-001237,SUP-047,2025-12-18T11:44:00+08:00,2025-12-25T11:44:00+08:00,received,CNY,4109391.86,90,采购一组,2,2025-12-26T11:44:00+08:00
PO-202603-001238,SUP-025,2026-03-09T09:19:00+08:00,2026-03-14T09:19:00+08:00,received,CNY,4013438.32,60,战略采购组,2,2026-03-16T09:19:00+08:00
PO-202507-001239,SUP-052,2025-07-07T14:29:00+08:00,2025-07-09T14:29:00+08:00,draft,CNY,3423801.39,60,采购一组,3,2025-08-07T14:29:00+08:00
PO-202510-001240,SUP-044,2025-10-03T20:40:00+08:00,2025-10-04T20:40:00+08:00,in_transit,CNY,2165768.1,90,采购一组,1,2025-10-12T20:40:00+08:00
PO-202601-001241,SUP-028,2026-01-09T02:40:00+08:00,2026-01-13T02:40:00+08:00,confirmed,CNY,1370753.83,45,采购一组,2,2026-02-10T02:40:00+08:00
PO-202511-001242,SUP-053,2025-11-13T09:10:00+08:00,2025-11-18T09:10:00+08:00,received,CNY,7635020.66,60,采购一组,3,2025-12-11T09:10:00+08:00
PO-202508-001243,SUP-046,2025-08-26T01:24:00+08:00,2025-09-02T01:24:00+08:00,received,CNY,2796440.38,60,战略采购组,2,2025-09-18T01:24:00+08:00
PO-202602-001244,SUP-033,2026-02-28T04:42:00+08:00,2026-03-02T04:42:00+08:00,received,CNY,1539646.6,45,战略采购组,1,2026-03-23T04:42:00+08:00
PO-202511-001245,SUP-037,2025-11-24T04:32:00+08:00,2025-12-01T04:32:00+08:00,received,CNY,1898881.81,60,采购二组,2,2025-12-12T04:32:00+08:00
PO-202507-001246,SUP-011,2025-07-28T12:25:00+08:00,2025-08-04T12:25:00+08:00,confirmed,CNY,1777496.5,45,战略采购组,3,2025-08-03T12:25:00+08:00
PO-202603-001247,SUP-055,2026-03-26T06:17:00+08:00,2026-03-31T06:17:00+08:00,in_transit,CNY,2207955.93,45,战略采购组,3,2026-04-29T06:17:00+08:00
PO-202512-001248,SUP-050,2025-12-23T02:34:00+08:00,2025-12-26T02:34:00+08:00,delayed,CNY,1304568.24,45,采购一组,2,2026-02-03T02:34:00+08:00
PO-202509-001249,SUP-042,2025-09-12T02:48:00+08:00,2025-09-16T02:48:00+08:00,delayed,CNY,2004634.62,90,战略采购组,3,2025-09-26T02:48:00+08:00
PO-202605-001250,SUP-051,2026-05-24T06:11:00+08:00,2026-05-31T06:11:00+08:00,received,CNY,6201273.22,45,战略采购组,3,2026-06-15T08:00:00+08:00
PO-202507-001251,SUP-034,2025-07-27T00:48:00+08:00,2025-07-28T12:48:00+08:00,in_transit,CNY,4830081.09,15,采购二组,2,2025-08-06T00:48:00+08:00
PO-202511-001252,SUP-037,2025-11-17T20:52:00+08:00,2025-11-19T20:52:00+08:00,confirmed,CNY,116150.16,45,战略采购组,1,2025-12-26T20:52:00+08:00
PO-202602-001253,SUP-035,2026-02-09T12:49:00+08:00,2026-02-14T12:49:00+08:00,in_transit,CNY,1344886.8,30,战略采购组,2,2026-03-24T12:49:00+08:00
PO-202506-001254,SUP-023,2025-06-24T20:28:00+08:00,2025-06-27T20:28:00+08:00,received,CNY,6786016.38,90,采购二组,1,2025-07-12T20:28:00+08:00
PO-202605-001255,SUP-008,2026-05-08T20:54:00+08:00,2026-05-12T20:54:00+08:00,received,CNY,5187506.97,90,采购一组,3,2026-05-31T20:54:00+08:00
PO-202510-001256,SUP-012,2025-10-07T07:00:00+08:00,2025-10-08T07:00:00+08:00,received,CNY,1794292.56,60,采购二组,1,2025-11-18T07:00:00+08:00
PO-202512-001257,SUP-023,2025-12-14T15:37:00+08:00,2025-12-17T15:37:00+08:00,received,CNY,4288682.43,60,采购二组,2,2026-01-28T15:37:00+08:00
PO-202604-001258,SUP-040,2026-04-15T08:25:00+08:00,2026-04-18T08:25:00+08:00,in_transit,CNY,20861951.52,60,采购二组,4,2026-05-08T08:25:00+08:00
PO-202506-001259,SUP-023,2025-06-19T12:13:00+08:00,2025-06-24T12:13:00+08:00,received,CNY,1008729.6,90,采购二组,1,2025-07-14T12:13:00+08:00
PO-202511-001260,SUP-006,2025-11-04T13:34:00+08:00,2025-11-11T13:34:00+08:00,in_transit,CNY,3030617.02,15,采购一组,2,2025-12-10T13:34:00+08:00
PO-202509-001261,SUP-060,2025-09-05T13:28:00+08:00,2025-09-12T13:28:00+08:00,delayed,CNY,644971.89,30,采购一组,2,2025-10-07T13:28:00+08:00
PO-202512-001262,SUP-044,2025-12-13T00:58:00+08:00,2025-12-16T00:58:00+08:00,in_transit,CNY,3743511.31,90,采购二组,1,2026-01-11T00:58:00+08:00
PO-202509-001263,SUP-028,2025-09-17T01:23:00+08:00,2025-09-19T01:23:00+08:00,received,CNY,994426.06,60,采购一组,1,2025-09-25T01:23:00+08:00
PO-202512-001264,SUP-043,2025-12-04T22:50:00+08:00,2025-12-11T22:50:00+08:00,in_transit,CNY,2021218.8,60,采购一组,3,2025-12-09T22:50:00+08:00
PO-202602-001265,SUP-002,2026-02-07T13:00:00+08:00,2026-02-14T13:00:00+08:00,received,CNY,589526.16,15,采购一组,2,2026-02-16T13:00:00+08:00
PO-202512-001266,SUP-016,2025-12-19T08:01:00+08:00,2025-12-26T08:01:00+08:00,draft,CNY,680680.17,90,战略采购组,1,2026-01-14T08:01:00+08:00
PO-202606-001267,SUP-023,2026-06-07T19:22:00+08:00,2026-06-14T19:22:00+08:00,received,CNY,126819.94,60,战略采购组,2,2026-06-09T19:22:00+08:00
PO-202509-001268,SUP-009,2025-09-02T23:31:00+08:00,2025-09-09T23:31:00+08:00,in_transit,CNY,7476069.44,30,采购二组,3,2025-09-04T23:31:00+08:00
PO-202508-001269,SUP-013,2025-08-23T16:50:00+08:00,2025-08-28T16:50:00+08:00,delayed,CNY,817123.09,15,战略采购组,2,2025-09-22T16:50:00+08:00
PO-202601-001270,SUP-045,2026-01-30T23:09:00+08:00,2026-02-03T23:09:00+08:00,confirmed,CNY,7306622.4,90,采购二组,1,2026-02-26T23:09:00+08:00
PO-202603-001271,SUP-038,2026-03-29T15:20:00+08:00,2026-04-03T15:20:00+08:00,received,CNY,1414720.58,30,采购二组,1,2026-04-14T15:20:00+08:00
PO-202508-001272,SUP-021,2025-08-04T09:15:00+08:00,2025-08-11T09:15:00+08:00,confirmed,CNY,4607505.27,90,战略采购组,2,2025-09-12T09:15:00+08:00
PO-202509-001273,SUP-033,2025-09-02T23:11:00+08:00,2025-09-05T23:11:00+08:00,received,CNY,6166857.7,15,采购二组,3,2025-09-16T23:11:00+08:00
PO-202508-001274,SUP-025,2025-08-11T02:49:00+08:00,2025-08-16T02:49:00+08:00,draft,CNY,1302952.35,60,采购二组,3,2025-09-03T02:49:00+08:00
PO-202507-001275,SUP-006,2025-07-09T17:37:00+08:00,2025-07-14T17:37:00+08:00,received,CNY,2423435.16,60,采购二组,1,2025-08-11T17:37:00+08:00
PO-202602-001276,SUP-049,2026-02-21T21:15:00+08:00,2026-02-28T21:15:00+08:00,draft,CNY,14478720.21,45,采购二组,4,2026-02-25T21:15:00+08:00
PO-202601-001277,SUP-018,2026-01-20T05:27:00+08:00,2026-01-24T05:27:00+08:00,received,CNY,13204055.75,45,采购一组,3,2026-02-09T05:27:00+08:00
PO-202507-001278,SUP-034,2025-07-13T00:31:00+08:00,2025-07-18T00:31:00+08:00,received,CNY,1128126.38,90,采购二组,2,2025-08-24T00:31:00+08:00
PO-202603-001279,SUP-011,2026-03-02T09:43:00+08:00,2026-03-09T09:43:00+08:00,received,CNY,12291583.89,30,战略采购组,3,2026-04-12T09:43:00+08:00
PO-202605-001280,SUP-059,2026-05-11T00:26:00+08:00,2026-05-18T00:26:00+08:00,received,CNY,3982011.47,15,采购一组,3,2026-05-30T00:26:00+08:00
PO-202603-001281,SUP-034,2026-03-23T16:48:00+08:00,2026-03-28T16:48:00+08:00,received,CNY,15212013.04,60,采购一组,3,2026-04-24T16:48:00+08:00
PO-202603-001282,SUP-017,2026-03-30T22:14:00+08:00,2026-04-02T22:14:00+08:00,received,CNY,3303887.61,30,采购一组,1,2026-04-12T22:14:00+08:00
PO-202511-001283,SUP-024,2025-11-04T11:04:00+08:00,2025-11-09T11:04:00+08:00,received,CNY,626069.22,30,采购一组,3,2025-11-13T11:04:00+08:00
PO-202511-001284,SUP-048,2025-11-26T00:23:00+08:00,2025-11-29T00:23:00+08:00,in_transit,CNY,15399520.0,15,战略采购组,4,2025-12-20T00:23:00+08:00
PO-202512-001285,SUP-012,2025-12-04T15:25:00+08:00,2025-12-08T15:25:00+08:00,delayed,CNY,7355223.24,60,采购一组,3,2025-12-31T15:25:00+08:00
PO-202509-001286,SUP-042,2025-09-08T11:44:00+08:00,2025-09-12T11:44:00+08:00,confirmed,CNY,19581051.03,60,采购一组,4,2025-10-09T11:44:00+08:00
PO-202603-001287,SUP-040,2026-03-07T00:29:00+08:00,2026-03-12T00:29:00+08:00,received,CNY,1985160.85,15,采购二组,4,2026-04-05T00:29:00+08:00
PO-202508-001288,SUP-003,2025-08-30T20:51:00+08:00,2025-09-06T20:51:00+08:00,received,CNY,2737432.99,90,采购一组,3,2025-09-11T20:51:00+08:00
PO-202604-001289,SUP-045,2026-04-22T03:10:00+08:00,2026-04-29T03:10:00+08:00,in_transit,CNY,3265308.44,45,采购二组,3,2026-05-18T03:10:00+08:00
PO-202509-001290,SUP-036,2025-09-23T00:43:00+08:00,2025-09-26T00:43:00+08:00,draft,CNY,105001.06,60,采购二组,1,2025-10-22T00:43:00+08:00
PO-202508-001291,SUP-019,2025-08-25T00:37:00+08:00,2025-08-30T00:37:00+08:00,confirmed,CNY,2298260.05,60,采购一组,2,2025-09-26T00:37:00+08:00
PO-202602-001292,SUP-054,2026-02-07T19:59:00+08:00,2026-02-12T19:59:00+08:00,cancelled,CNY,57025.44,30,采购一组,1,2026-03-08T19:59:00+08:00
PO-202604-001293,SUP-010,2026-04-16T06:33:00+08:00,2026-04-20T06:33:00+08:00,confirmed,CNY,12395553.02,60,采购二组,4,2026-05-14T06:33:00+08:00
PO-202602-001294,SUP-056,2026-02-01T10:38:00+08:00,2026-02-02T10:38:00+08:00,received,CNY,1557680.58,15,战略采购组,1,2026-03-05T10:38:00+08:00
PO-202509-001295,SUP-057,2025-09-14T23:59:00+08:00,2025-09-18T23:59:00+08:00,delayed,CNY,689433.84,15,采购二组,2,2025-10-15T23:59:00+08:00
PO-202506-001296,SUP-052,2025-06-26T06:14:00+08:00,2025-06-29T06:14:00+08:00,cancelled,CNY,7028860.02,15,采购一组,1,2025-07-23T06:14:00+08:00
PO-202602-001297,SUP-041,2026-02-07T19:16:00+08:00,2026-02-14T19:16:00+08:00,received,CNY,3030878.99,15,战略采购组,4,2026-03-13T19:16:00+08:00
PO-202508-001298,SUP-021,2025-08-05T17:06:00+08:00,2025-08-09T17:06:00+08:00,delayed,CNY,1792282.52,30,战略采购组,1,2025-09-05T17:06:00+08:00
PO-202604-001299,SUP-054,2026-04-27T07:29:00+08:00,2026-05-01T07:29:00+08:00,confirmed,CNY,3490281.2,15,战略采购组,2,2026-05-19T07:29:00+08:00
PO-202604-001300,SUP-055,2026-04-19T09:42:00+08:00,2026-04-22T09:42:00+08:00,received,CNY,1831392.94,60,采购二组,3,2026-05-05T09:42:00+08:00
PO-202603-001301,SUP-040,2026-03-02T18:59:00+08:00,2026-03-05T18:59:00+08:00,in_transit,CNY,1492577.98,30,采购二组,3,2026-04-15T18:59:00+08:00
PO-202511-001302,SUP-047,2025-11-20T02:10:00+08:00,2025-11-23T02:10:00+08:00,received,CNY,2073303.8,60,采购一组,3,2025-12-02T02:10:00+08:00
PO-202605-001303,SUP-054,2026-05-30T03:30:00+08:00,2026-05-31T03:30:00+08:00,received,CNY,2234270.0,30,采购二组,1,2026-06-15T08:00:00+08:00
PO-202606-001304,SUP-052,2026-06-08T02:14:00+08:00,2026-06-12T02:14:00+08:00,received,CNY,17734180.05,30,采购二组,4,2026-06-15T08:00:00+08:00
PO-202508-001305,SUP-055,2025-08-14T18:56:00+08:00,2025-08-19T18:56:00+08:00,delayed,CNY,10380249.19,60,采购二组,3,2025-08-20T18:56:00+08:00
PO-202507-001306,SUP-036,2025-07-19T07:51:00+08:00,2025-07-21T07:51:00+08:00,received,CNY,3008164.77,15,采购一组,3,2025-07-29T07:51:00+08:00
PO-202509-001307,SUP-046,2025-09-23T11:15:00+08:00,2025-09-27T11:15:00+08:00,received,CNY,225491.16,90,战略采购组,2,2025-11-05T11:15:00+08:00
PO-202602-001308,SUP-038,2026-02-11T17:32:00+08:00,2026-02-18T17:32:00+08:00,confirmed,CNY,13160260.14,60,战略采购组,3,2026-03-03T17:32:00+08:00
PO-202511-001309,SUP-059,2025-11-14T06:31:00+08:00,2025-11-21T06:31:00+08:00,received,CNY,3767217.02,45,采购一组,1,2025-12-28T06:31:00+08:00
PO-202510-001310,SUP-021,2025-10-04T15:52:00+08:00,2025-10-11T15:52:00+08:00,received,CNY,3688294.67,15,战略采购组,4,2025-10-31T15:52:00+08:00
PO-202512-001311,SUP-014,2025-12-10T21:03:00+08:00,2025-12-17T21:03:00+08:00,confirmed,CNY,7429456.16,15,采购二组,1,2025-12-16T21:03:00+08:00
PO-202509-001312,SUP-037,2025-09-05T01:38:00+08:00,2025-09-12T01:38:00+08:00,confirmed,CNY,5391050.4,15,战略采购组,3,2025-09-11T01:38:00+08:00
PO-202604-001313,SUP-029,2026-04-09T14:52:00+08:00,2026-04-10T14:52:00+08:00,confirmed,CNY,2904870.41,60,采购二组,1,2026-04-24T14:52:00+08:00
PO-202606-001314,SUP-019,2026-06-10T12:59:00+08:00,2026-06-17T12:59:00+08:00,confirmed,CNY,1101475.01,45,采购一组,4,2026-06-15T08:00:00+08:00
PO-202601-001315,SUP-054,2026-01-11T09:19:00+08:00,2026-01-16T09:19:00+08:00,received,CNY,9638434.95,15,采购二组,4,2026-02-02T09:19:00+08:00
PO-202512-001316,SUP-044,2025-12-26T17:17:00+08:00,2025-12-30T17:17:00+08:00,delayed,CNY,2350655.7,60,战略采购组,3,2026-02-01T17:17:00+08:00
PO-202605-001317,SUP-054,2026-05-19T02:25:00+08:00,2026-05-26T02:25:00+08:00,in_transit,CNY,597851.0,45,战略采购组,2,2026-05-22T02:25:00+08:00
PO-202508-001318,SUP-023,2025-08-23T12:35:00+08:00,2025-08-28T12:35:00+08:00,received,CNY,3826638.96,90,战略采购组,2,2025-09-17T12:35:00+08:00
PO-202606-001319,SUP-053,2026-06-11T12:23:00+08:00,2026-06-16T12:23:00+08:00,confirmed,CNY,5644812.85,90,采购二组,4,2026-06-15T08:00:00+08:00
PO-202605-001320,SUP-056,2026-05-26T10:43:00+08:00,2026-05-27T22:43:00+08:00,confirmed,CNY,4799262.28,45,战略采购组,1,2026-06-15T08:00:00+08:00
PO-202506-001321,SUP-050,2025-06-26T06:24:00+08:00,2025-06-30T06:24:00+08:00,received,CNY,375432.24,90,采购二组,1,2025-07-13T06:24:00+08:00
PO-202508-001322,SUP-016,2025-08-31T01:17:00+08:00,2025-09-07T01:17:00+08:00,confirmed,CNY,7485810.26,90,采购二组,4,2025-09-22T01:17:00+08:00
PO-202508-001323,SUP-021,2025-08-12T14:30:00+08:00,2025-08-14T02:30:00+08:00,received,CNY,139673.4,90,采购二组,2,2025-09-26T14:30:00+08:00
PO-202602-001324,SUP-006,2026-02-03T18:30:00+08:00,2026-02-07T18:30:00+08:00,confirmed,CNY,14222013.08,45,战略采购组,2,2026-02-10T18:30:00+08:00
PO-202603-001325,SUP-014,2026-03-22T19:02:00+08:00,2026-03-25T19:02:00+08:00,draft,CNY,12794956.12,30,战略采购组,3,2026-03-29T19:02:00+08:00
PO-202605-001326,SUP-027,2026-05-11T19:38:00+08:00,2026-05-15T19:38:00+08:00,confirmed,CNY,1906468.4,45,采购一组,2,2026-05-14T19:38:00+08:00
PO-202511-001327,SUP-038,2025-11-13T23:36:00+08:00,2025-11-18T23:36:00+08:00,received,CNY,5345986.11,30,采购一组,3,2025-11-27T23:36:00+08:00
PO-202510-001328,SUP-043,2025-10-22T17:00:00+08:00,2025-10-26T17:00:00+08:00,received,CNY,6501564.6,90,战略采购组,1,2025-10-23T17:00:00+08:00
PO-202509-001329,SUP-026,2025-09-08T17:41:00+08:00,2025-09-13T17:41:00+08:00,received,CNY,11611123.84,45,采购二组,4,2025-09-15T17:41:00+08:00
PO-202602-001330,SUP-049,2026-02-18T21:38:00+08:00,2026-02-21T21:38:00+08:00,received,CNY,9904587.61,45,战略采购组,3,2026-03-28T21:38:00+08:00
PO-202511-001331,SUP-013,2025-11-27T18:26:00+08:00,2025-12-02T18:26:00+08:00,confirmed,CNY,13262796.44,45,战略采购组,3,2026-01-05T18:26:00+08:00
PO-202605-001332,SUP-056,2026-05-02T22:23:00+08:00,2026-05-09T22:23:00+08:00,received,CNY,8593893.07,30,采购二组,4,2026-06-15T08:00:00+08:00
PO-202512-001333,SUP-058,2025-12-13T22:20:00+08:00,2025-12-17T22:20:00+08:00,confirmed,CNY,8435147.58,60,采购一组,3,2026-01-04T22:20:00+08:00
PO-202512-001334,SUP-022,2025-12-26T03:39:00+08:00,2025-12-31T03:39:00+08:00,confirmed,CNY,18601690.81,15,采购一组,4,2026-01-23T03:39:00+08:00
PO-202506-001335,SUP-016,2025-06-28T13:59:00+08:00,2025-07-03T13:59:00+08:00,received,CNY,1380568.5,60,战略采购组,1,2025-07-19T13:59:00+08:00
PO-202509-001336,SUP-038,2025-09-02T01:25:00+08:00,2025-09-09T01:25:00+08:00,in_transit,CNY,13260402.3,30,战略采购组,3,2025-10-12T01:25:00+08:00
PO-202602-001337,SUP-035,2026-02-22T17:35:00+08:00,2026-02-24T05:35:00+08:00,received,CNY,372177.93,90,采购二组,1,2026-03-20T17:35:00+08:00
PO-202506-001338,SUP-017,2025-06-21T02:48:00+08:00,2025-06-25T02:48:00+08:00,in_transit,CNY,20881425.79,30,采购一组,3,2025-07-29T02:48:00+08:00
PO-202509-001339,SUP-021,2025-09-19T18:25:00+08:00,2025-09-24T18:25:00+08:00,in_transit,CNY,19247943.22,90,战略采购组,4,2025-10-30T18:25:00+08:00
PO-202508-001340,SUP-023,2025-08-01T06:37:00+08:00,2025-08-03T06:37:00+08:00,in_transit,CNY,393259.34,45,战略采购组,1,2025-08-12T06:37:00+08:00
PO-202510-001341,SUP-041,2025-10-02T21:45:00+08:00,2025-10-06T21:45:00+08:00,received,CNY,5903353.28,45,采购一组,4,2025-10-31T21:45:00+08:00
PO-202602-001342,SUP-050,2026-02-03T10:38:00+08:00,2026-02-04T22:38:00+08:00,confirmed,CNY,7617353.9,60,采购一组,1,2026-02-20T10:38:00+08:00
PO-202510-001343,SUP-049,2025-10-21T13:09:00+08:00,2025-10-28T13:09:00+08:00,confirmed,CNY,16327704.68,45,采购二组,4,2025-11-29T13:09:00+08:00
PO-202605-001344,SUP-013,2026-05-21T10:38:00+08:00,2026-05-28T10:38:00+08:00,cancelled,CNY,5237732.95,45,采购二组,1,2026-06-15T08:00:00+08:00
PO-202507-001345,SUP-026,2025-07-11T16:42:00+08:00,2025-07-18T16:42:00+08:00,confirmed,CNY,11832118.96,90,采购二组,4,2025-08-11T16:42:00+08:00
PO-202605-001346,SUP-017,2026-05-06T02:11:00+08:00,2026-05-10T02:11:00+08:00,received,CNY,3375089.22,45,战略采购组,3,2026-06-12T02:11:00+08:00
PO-202509-001347,SUP-020,2025-09-09T06:49:00+08:00,2025-09-16T06:49:00+08:00,in_transit,CNY,8120404.52,15,采购二组,4,2025-09-11T06:49:00+08:00
PO-202512-001348,SUP-038,2025-12-07T08:42:00+08:00,2025-12-09T08:42:00+08:00,confirmed,CNY,16853718.63,15,战略采购组,2,2025-12-24T08:42:00+08:00
PO-202604-001349,SUP-012,2026-04-11T05:51:00+08:00,2026-04-18T05:51:00+08:00,received,CNY,8966439.13,90,采购二组,4,2026-04-20T05:51:00+08:00
PO-202509-001350,SUP-058,2025-09-05T15:39:00+08:00,2025-09-07T03:39:00+08:00,confirmed,CNY,4724403.15,30,采购一组,2,2025-10-10T15:39:00+08:00
PO-202606-001351,SUP-006,2026-06-03T03:11:00+08:00,2026-06-06T03:11:00+08:00,received,CNY,7522409.78,60,采购一组,2,2026-06-06T03:11:00+08:00
PO-202602-001352,SUP-028,2026-02-23T22:31:00+08:00,2026-02-27T22:31:00+08:00,in_transit,CNY,469795.88,60,采购二组,1,2026-02-24T22:31:00+08:00
PO-202509-001353,SUP-026,2025-09-05T09:12:00+08:00,2025-09-12T09:12:00+08:00,delayed,CNY,3582399.24,30,战略采购组,2,2025-10-19T09:12:00+08:00
PO-202602-001354,SUP-004,2026-02-28T19:07:00+08:00,2026-03-04T19:07:00+08:00,draft,CNY,11723331.79,45,采购二组,3,2026-03-21T19:07:00+08:00
PO-202510-001355,SUP-015,2025-10-09T18:37:00+08:00,2025-10-14T18:37:00+08:00,received,CNY,6363454.86,30,采购一组,4,2025-11-02T18:37:00+08:00
PO-202508-001356,SUP-055,2025-08-09T21:53:00+08:00,2025-08-14T21:53:00+08:00,received,CNY,2388331.67,45,采购二组,3,2025-09-18T21:53:00+08:00
PO-202601-001357,SUP-051,2026-01-31T23:25:00+08:00,2026-02-02T11:25:00+08:00,delayed,CNY,3469636.89,90,采购二组,1,2026-03-03T23:25:00+08:00
PO-202605-001358,SUP-044,2026-05-07T00:00:00+08:00,2026-05-12T00:00:00+08:00,in_transit,CNY,7958644.17,90,采购二组,4,2026-05-14T00:00:00+08:00
PO-202508-001359,SUP-036,2025-08-13T22:13:00+08:00,2025-08-18T22:13:00+08:00,received,CNY,3105710.22,30,采购一组,3,2025-08-23T22:13:00+08:00
PO-202605-001360,SUP-035,2026-05-03T09:06:00+08:00,2026-05-05T09:06:00+08:00,received,CNY,10806272.52,45,战略采购组,3,2026-05-12T09:06:00+08:00
PO-202508-001361,SUP-015,2025-08-27T16:16:00+08:00,2025-08-31T16:16:00+08:00,in_transit,CNY,11535.68,45,采购一组,1,2025-10-05T16:16:00+08:00
PO-202508-001362,SUP-052,2025-08-03T09:08:00+08:00,2025-08-10T09:08:00+08:00,confirmed,CNY,7134331.67,60,采购二组,4,2025-08-10T09:08:00+08:00
PO-202602-001363,SUP-013,2026-02-03T09:33:00+08:00,2026-02-08T09:33:00+08:00,draft,CNY,3081915.66,30,战略采购组,2,2026-02-04T09:33:00+08:00
PO-202512-001364,SUP-022,2025-12-22T00:16:00+08:00,2025-12-29T00:16:00+08:00,draft,CNY,1291605.32,45,战略采购组,2,2025-12-23T00:16:00+08:00
PO-202604-001365,SUP-034,2026-04-29T04:51:00+08:00,2026-05-06T04:51:00+08:00,confirmed,CNY,2225099.95,60,采购二组,4,2026-06-03T04:51:00+08:00
PO-202512-001366,SUP-016,2025-12-27T15:27:00+08:00,2026-01-03T15:27:00+08:00,received,CNY,8483778.78,45,战略采购组,4,2026-02-04T15:27:00+08:00
PO-202509-001367,SUP-043,2025-09-26T01:35:00+08:00,2025-10-03T01:35:00+08:00,received,CNY,5309438.45,90,采购一组,2,2025-10-04T01:35:00+08:00
PO-202512-001368,SUP-052,2025-12-08T07:36:00+08:00,2025-12-13T07:36:00+08:00,received,CNY,5381363.4,45,采购一组,2,2026-01-06T07:36:00+08:00
PO-202512-001369,SUP-032,2025-12-20T17:16:00+08:00,2025-12-25T17:16:00+08:00,received,CNY,1540441.92,30,采购二组,2,2026-01-17T17:16:00+08:00
PO-202512-001370,SUP-028,2025-12-09T11:05:00+08:00,2025-12-11T11:05:00+08:00,received,CNY,303876.49,15,战略采购组,1,2025-12-23T11:05:00+08:00
PO-202508-001371,SUP-046,2025-08-07T13:27:00+08:00,2025-08-12T13:27:00+08:00,confirmed,CNY,3630719.31,15,战略采购组,3,2025-09-12T13:27:00+08:00
PO-202506-001372,SUP-008,2025-06-18T18:49:00+08:00,2025-06-20T06:49:00+08:00,received,CNY,2145884.4,15,战略采购组,1,2025-07-03T18:49:00+08:00
PO-202601-001373,SUP-005,2026-01-18T13:25:00+08:00,2026-01-20T01:25:00+08:00,in_transit,CNY,2026464.94,90,战略采购组,1,2026-02-21T13:25:00+08:00
PO-202510-001374,SUP-036,2025-10-21T07:53:00+08:00,2025-10-28T07:53:00+08:00,in_transit,CNY,569439.34,15,采购二组,3,2025-11-24T07:53:00+08:00
PO-202604-001375,SUP-046,2026-04-24T20:28:00+08:00,2026-05-01T20:28:00+08:00,received,CNY,12294077.39,15,采购二组,3,2026-05-26T20:28:00+08:00
PO-202510-001376,SUP-017,2025-10-11T08:26:00+08:00,2025-10-14T08:26:00+08:00,received,CNY,132240.31,30,战略采购组,1,2025-10-31T08:26:00+08:00
PO-202510-001377,SUP-034,2025-10-28T09:27:00+08:00,2025-10-29T21:27:00+08:00,confirmed,CNY,438372.92,60,采购一组,2,2025-11-13T09:27:00+08:00
PO-202606-001378,SUP-018,2026-06-11T09:03:00+08:00,2026-06-16T09:03:00+08:00,received,CNY,7656632.34,60,采购二组,3,2026-06-15T08:00:00+08:00
PO-202601-001379,SUP-049,2026-01-11T00:55:00+08:00,2026-01-14T00:55:00+08:00,received,CNY,7944295.39,45,采购一组,2,2026-02-14T00:55:00+08:00
PO-202512-001380,SUP-008,2025-12-01T04:08:00+08:00,2025-12-02T16:08:00+08:00,delayed,CNY,1750237.78,90,采购二组,2,2025-12-15T04:08:00+08:00
PO-202508-001381,SUP-034,2025-08-06T03:24:00+08:00,2025-08-11T03:24:00+08:00,received,CNY,305183.96,45,采购二组,2,2025-09-14T03:24:00+08:00
PO-202508-001382,SUP-058,2025-08-13T13:33:00+08:00,2025-08-18T13:33:00+08:00,received,CNY,10017.44,30,采购一组,1,2025-09-17T13:33:00+08:00
PO-202601-001383,SUP-012,2026-01-08T15:54:00+08:00,2026-01-11T15:54:00+08:00,confirmed,CNY,9920322.38,30,采购二组,3,2026-01-11T15:54:00+08:00
PO-202601-001384,SUP-035,2026-01-12T07:51:00+08:00,2026-01-13T07:51:00+08:00,received,CNY,2355715.83,90,采购一组,1,2026-02-26T07:51:00+08:00
PO-202605-001385,SUP-049,2026-05-27T19:10:00+08:00,2026-06-01T19:10:00+08:00,delayed,CNY,3773756.86,45,采购一组,3,2026-06-15T08:00:00+08:00
PO-202604-001386,SUP-024,2026-04-04T00:14:00+08:00,2026-04-11T00:14:00+08:00,in_transit,CNY,11237064.52,15,战略采购组,4,2026-05-05T00:14:00+08:00
PO-202604-001387,SUP-058,2026-04-28T10:05:00+08:00,2026-05-05T10:05:00+08:00,in_transit,CNY,16197698.75,15,采购一组,4,2026-05-26T10:05:00+08:00
PO-202601-001388,SUP-044,2026-01-18T11:39:00+08:00,2026-01-22T11:39:00+08:00,delayed,CNY,6626835.63,90,采购二组,3,2026-02-23T11:39:00+08:00
PO-202605-001389,SUP-033,2026-05-01T15:53:00+08:00,2026-05-04T15:53:00+08:00,received,CNY,10732368.39,60,采购一组,4,2026-05-01T15:53:00+08:00
PO-202507-001390,SUP-035,2025-07-18T11:30:00+08:00,2025-07-23T11:30:00+08:00,in_transit,CNY,6279862.08,60,采购二组,4,2025-08-01T11:30:00+08:00
PO-202509-001391,SUP-028,2025-09-21T03:20:00+08:00,2025-09-25T03:20:00+08:00,received,CNY,2145655.27,45,战略采购组,2,2025-10-11T03:20:00+08:00
PO-202603-001392,SUP-016,2026-03-14T09:18:00+08:00,2026-03-15T21:18:00+08:00,received,CNY,13268597.64,30,战略采购组,2,2026-03-18T09:18:00+08:00
PO-202507-001393,SUP-026,2025-07-04T20:13:00+08:00,2025-07-07T20:13:00+08:00,received,CNY,88636.68,30,采购二组,1,2025-08-03T20:13:00+08:00
PO-202604-001394,SUP-017,2026-04-07T18:43:00+08:00,2026-04-11T18:43:00+08:00,received,CNY,10448531.84,45,采购一组,3,2026-04-13T18:43:00+08:00
PO-202604-001395,SUP-034,2026-04-06T07:59:00+08:00,2026-04-13T07:59:00+08:00,received,CNY,3374606.63,30,采购二组,3,2026-05-14T07:59:00+08:00
PO-202603-001396,SUP-038,2026-03-18T03:42:00+08:00,2026-03-23T03:42:00+08:00,draft,CNY,3366195.5,45,采购一组,1,2026-03-25T03:42:00+08:00
PO-202507-001397,SUP-002,2025-07-23T15:14:00+08:00,2025-07-30T15:14:00+08:00,received,CNY,6258395.67,45,战略采购组,4,2025-07-23T15:14:00+08:00
PO-202507-001398,SUP-057,2025-07-17T09:06:00+08:00,2025-07-24T09:06:00+08:00,received,CNY,3935586.46,60,采购一组,4,2025-08-27T09:06:00+08:00
PO-202602-001399,SUP-045,2026-02-01T07:38:00+08:00,2026-02-05T07:38:00+08:00,in_transit,CNY,3006880.24,60,采购一组,2,2026-02-10T07:38:00+08:00
PO-202509-001400,SUP-020,2025-09-28T16:55:00+08:00,2025-10-02T16:55:00+08:00,cancelled,CNY,7048421.14,30,采购二组,2,2025-10-04T16:55:00+08:00
PO-202603-001401,SUP-017,2026-03-21T06:27:00+08:00,2026-03-25T06:27:00+08:00,received,CNY,4503628.68,15,战略采购组,2,2026-04-30T06:27:00+08:00
PO-202606-001402,SUP-001,2026-06-01T20:27:00+08:00,2026-06-06T20:27:00+08:00,received,CNY,2023318.22,30,采购一组,2,2026-06-15T08:00:00+08:00
PO-202602-001403,SUP-055,2026-02-07T09:53:00+08:00,2026-02-09T09:53:00+08:00,received,CNY,467671.84,90,采购二组,1,2026-03-04T09:53:00+08:00
PO-202509-001404,SUP-036,2025-09-12T16:30:00+08:00,2025-09-13T16:30:00+08:00,received,CNY,619860.6,45,战略采购组,1,2025-10-24T16:30:00+08:00
PO-202604-001405,SUP-022,2026-04-09T08:23:00+08:00,2026-04-16T08:23:00+08:00,delayed,CNY,23576523.06,45,采购一组,4,2026-04-22T08:23:00+08:00
PO-202605-001406,SUP-043,2026-05-05T18:23:00+08:00,2026-05-10T18:23:00+08:00,received,CNY,9848240.7,60,采购二组,4,2026-06-15T08:00:00+08:00
PO-202605-001407,SUP-027,2026-05-16T09:06:00+08:00,2026-05-20T09:06:00+08:00,in_transit,CNY,11514394.16,30,采购一组,3,2026-06-15T08:00:00+08:00
PO-202605-001408,SUP-053,2026-05-15T12:10:00+08:00,2026-05-20T12:10:00+08:00,received,CNY,1341638.83,90,采购一组,1,2026-06-15T08:00:00+08:00
PO-202601-001409,SUP-034,2026-01-19T13:19:00+08:00,2026-01-23T13:19:00+08:00,received,CNY,4919505.94,30,采购一组,2,2026-01-26T13:19:00+08:00
PO-202509-001410,SUP-051,2025-09-24T07:10:00+08:00,2025-09-28T07:10:00+08:00,confirmed,CNY,80899.11,45,采购二组,1,2025-10-07T07:10:00+08:00
PO-202510-001411,SUP-027,2025-10-03T19:12:00+08:00,2025-10-05T07:12:00+08:00,confirmed,CNY,8774120.7,60,战略采购组,2,2025-11-10T19:12:00+08:00
PO-202509-001412,SUP-045,2025-09-11T23:49:00+08:00,2025-09-13T11:49:00+08:00,received,CNY,3258794.71,45,战略采购组,2,2025-09-29T23:49:00+08:00
PO-202605-001413,SUP-020,2026-05-05T01:20:00+08:00,2026-05-12T01:20:00+08:00,received,CNY,12588255.7,15,采购二组,4,2026-05-06T01:20:00+08:00
PO-202603-001414,SUP-026,2026-03-14T03:30:00+08:00,2026-03-21T03:30:00+08:00,in_transit,CNY,646222.06,45,采购二组,2,2026-04-04T03:30:00+08:00
PO-202506-001415,SUP-051,2025-06-23T08:21:00+08:00,2025-06-30T08:21:00+08:00,delayed,CNY,6144037.93,60,战略采购组,4,2025-07-06T08:21:00+08:00
PO-202512-001416,SUP-023,2025-12-30T15:01:00+08:00,2026-01-06T15:01:00+08:00,received,CNY,6262353.84,90,采购二组,4,2026-01-26T15:01:00+08:00
PO-202508-001417,SUP-005,2025-08-23T00:34:00+08:00,2025-08-26T00:34:00+08:00,received,CNY,11439616.56,45,采购一组,3,2025-10-02T00:34:00+08:00
PO-202601-001418,SUP-050,2026-01-20T12:15:00+08:00,2026-01-22T00:15:00+08:00,received,CNY,8067417.44,60,战略采购组,1,2026-03-05T12:15:00+08:00
PO-202510-001419,SUP-026,2025-10-22T16:40:00+08:00,2025-10-29T16:40:00+08:00,confirmed,CNY,2569670.4,60,采购一组,3,2025-11-15T16:40:00+08:00
PO-202510-001420,SUP-004,2025-10-28T06:37:00+08:00,2025-11-01T06:37:00+08:00,delayed,CNY,3289021.22,60,战略采购组,3,2025-11-28T06:37:00+08:00
PO-202510-001421,SUP-018,2025-10-28T13:20:00+08:00,2025-11-02T13:20:00+08:00,delayed,CNY,139805.32,60,采购二组,1,2025-11-17T13:20:00+08:00
PO-202601-001422,SUP-044,2026-01-30T23:10:00+08:00,2026-02-06T23:10:00+08:00,received,CNY,9351571.56,15,采购一组,4,2026-02-11T23:10:00+08:00
PO-202604-001423,SUP-024,2026-04-04T12:33:00+08:00,2026-04-09T12:33:00+08:00,received,CNY,6018475.11,30,战略采购组,4,2026-04-19T12:33:00+08:00
PO-202605-001424,SUP-004,2026-05-02T15:26:00+08:00,2026-05-05T15:26:00+08:00,in_transit,CNY,590253.3,30,采购二组,2,2026-05-04T15:26:00+08:00
PO-202605-001425,SUP-059,2026-05-01T05:49:00+08:00,2026-05-08T05:49:00+08:00,confirmed,CNY,5257825.57,15,采购一组,4,2026-06-15T05:49:00+08:00
PO-202510-001426,SUP-058,2025-10-27T13:01:00+08:00,2025-11-01T13:01:00+08:00,in_transit,CNY,30140.0,90,采购一组,1,2025-12-01T13:01:00+08:00
PO-202507-001427,SUP-035,2025-07-16T15:52:00+08:00,2025-07-18T15:52:00+08:00,received,CNY,7680312.66,30,采购一组,3,2025-08-16T15:52:00+08:00
PO-202605-001428,SUP-060,2026-05-01T12:54:00+08:00,2026-05-08T12:54:00+08:00,received,CNY,13167430.69,15,采购一组,4,2026-06-01T12:54:00+08:00
PO-202601-001429,SUP-022,2026-01-05T07:38:00+08:00,2026-01-09T07:38:00+08:00,confirmed,CNY,7857658.97,90,采购一组,3,2026-01-23T07:38:00+08:00
PO-202512-001430,SUP-039,2025-12-06T20:41:00+08:00,2025-12-10T20:41:00+08:00,received,CNY,12255625.7,60,采购二组,3,2025-12-22T20:41:00+08:00
PO-202605-001431,SUP-001,2026-05-20T12:29:00+08:00,2026-05-27T12:29:00+08:00,received,CNY,10123382.82,90,战略采购组,4,2026-06-15T08:00:00+08:00
PO-202511-001432,SUP-010,2025-11-27T09:39:00+08:00,2025-12-04T09:39:00+08:00,delayed,CNY,12753593.98,30,战略采购组,2,2025-12-09T09:39:00+08:00
PO-202510-001433,SUP-060,2025-10-11T10:38:00+08:00,2025-10-15T10:38:00+08:00,received,CNY,13914034.63,45,采购二组,4,2025-11-23T10:38:00+08:00
PO-202604-001434,SUP-019,2026-04-08T02:22:00+08:00,2026-04-13T02:22:00+08:00,in_transit,CNY,2504342.13,90,采购二组,3,2026-05-21T02:22:00+08:00
PO-202604-001435,SUP-023,2026-04-30T02:40:00+08:00,2026-05-07T02:40:00+08:00,delayed,CNY,4658690.69,45,战略采购组,4,2026-05-03T02:40:00+08:00
PO-202512-001436,SUP-006,2025-12-01T18:40:00+08:00,2025-12-06T18:40:00+08:00,in_transit,CNY,9656567.94,15,采购二组,3,2026-01-04T18:40:00+08:00
PO-202511-001437,SUP-046,2025-11-30T22:52:00+08:00,2025-12-04T22:52:00+08:00,received,CNY,5335147.5,90,战略采购组,4,2025-12-16T22:52:00+08:00
PO-202602-001438,SUP-022,2026-02-11T13:33:00+08:00,2026-02-12T13:33:00+08:00,delayed,CNY,1092394.8,30,战略采购组,1,2026-03-13T13:33:00+08:00
PO-202508-001439,SUP-032,2025-08-22T01:25:00+08:00,2025-08-29T01:25:00+08:00,in_transit,CNY,5012920.87,15,采购二组,3,2025-09-02T01:25:00+08:00
PO-202605-001440,SUP-018,2026-05-19T23:22:00+08:00,2026-05-24T23:22:00+08:00,confirmed,CNY,3224865.32,15,战略采购组,1,2026-05-20T23:22:00+08:00
PO-202510-001441,SUP-012,2025-10-27T05:12:00+08:00,2025-11-03T05:12:00+08:00,received,CNY,5450823.28,30,采购一组,1,2025-11-05T05:12:00+08:00
PO-202511-001442,SUP-035,2025-11-02T17:22:00+08:00,2025-11-06T17:22:00+08:00,confirmed,CNY,2280807.69,45,采购一组,2,2025-11-05T17:22:00+08:00
PO-202507-001443,SUP-009,2025-07-17T17:03:00+08:00,2025-07-21T17:03:00+08:00,confirmed,CNY,5704556.32,30,战略采购组,4,2025-08-27T17:03:00+08:00
PO-202603-001444,SUP-024,2026-03-06T03:43:00+08:00,2026-03-08T03:43:00+08:00,received,CNY,3883097.45,15,战略采购组,2,2026-04-17T03:43:00+08:00
PO-202602-001445,SUP-046,2026-02-26T17:15:00+08:00,2026-03-05T17:15:00+08:00,received,CNY,5598366.49,90,战略采购组,4,2026-03-14T17:15:00+08:00
PO-202507-001446,SUP-037,2025-07-25T01:26:00+08:00,2025-08-01T01:26:00+08:00,in_transit,CNY,7979460.71,90,采购一组,3,2025-08-03T01:26:00+08:00
PO-202512-001447,SUP-039,2025-12-30T18:25:00+08:00,2026-01-01T18:25:00+08:00,in_transit,CNY,4645849.98,60,采购二组,2,2026-01-01T18:25:00+08:00
PO-202506-001448,SUP-055,2025-06-23T17:30:00+08:00,2025-06-27T17:30:00+08:00,received,CNY,7581390.66,15,战略采购组,3,2025-08-04T17:30:00+08:00
PO-202510-001449,SUP-016,2025-10-10T11:18:00+08:00,2025-10-17T11:18:00+08:00,delayed,CNY,12538827.97,45,战略采购组,4,2025-10-21T11:18:00+08:00
PO-202605-001450,SUP-035,2026-05-18T15:46:00+08:00,2026-05-22T15:46:00+08:00,received,CNY,9226741.0,60,战略采购组,4,2026-05-31T15:46:00+08:00
PO-202509-001451,SUP-014,2025-09-17T09:49:00+08:00,2025-09-24T09:49:00+08:00,confirmed,CNY,5956793.8,30,采购一组,1,2025-09-27T09:49:00+08:00
PO-202510-001452,SUP-028,2025-10-29T11:44:00+08:00,2025-11-02T11:44:00+08:00,in_transit,CNY,6893617.53,45,战略采购组,4,2025-12-02T11:44:00+08:00
PO-202605-001453,SUP-050,2026-05-19T01:41:00+08:00,2026-05-24T01:41:00+08:00,in_transit,CNY,10001889.9,15,采购一组,2,2026-05-29T01:41:00+08:00
PO-202511-001454,SUP-008,2025-11-28T17:33:00+08:00,2025-11-30T17:33:00+08:00,draft,CNY,4008821.5,90,采购一组,2,2025-12-10T17:33:00+08:00
PO-202509-001455,SUP-014,2025-09-20T14:25:00+08:00,2025-09-27T14:25:00+08:00,received,CNY,4174661.6,45,战略采购组,1,2025-10-31T14:25:00+08:00
PO-202606-001456,SUP-053,2026-06-09T13:58:00+08:00,2026-06-13T13:58:00+08:00,confirmed,CNY,2945451.6,60,采购二组,1,2026-06-15T08:00:00+08:00
PO-202509-001457,SUP-031,2025-09-01T13:45:00+08:00,2025-09-06T13:45:00+08:00,received,CNY,6439191.06,90,采购一组,4,2025-09-30T13:45:00+08:00
PO-202603-001458,SUP-029,2026-03-06T13:08:00+08:00,2026-03-08T13:08:00+08:00,received,CNY,586392.35,30,采购一组,1,2026-04-19T13:08:00+08:00
PO-202510-001459,SUP-011,2025-10-13T03:14:00+08:00,2025-10-20T03:14:00+08:00,delayed,CNY,1496661.84,15,采购一组,3,2025-11-24T03:14:00+08:00
PO-202509-001460,SUP-016,2025-09-06T00:48:00+08:00,2025-09-13T00:48:00+08:00,received,CNY,684195.26,45,采购二组,1,2025-10-11T00:48:00+08:00
PO-202605-001461,SUP-006,2026-05-21T09:05:00+08:00,2026-05-26T09:05:00+08:00,received,CNY,7519234.25,60,采购一组,1,2026-06-15T08:00:00+08:00
PO-202511-001462,SUP-050,2025-11-14T14:20:00+08:00,2025-11-16T14:20:00+08:00,received,CNY,10475878.13,45,采购二组,1,2025-11-18T14:20:00+08:00
PO-202601-001463,SUP-046,2026-01-29T08:38:00+08:00,2026-01-30T08:38:00+08:00,received,CNY,759458.7,30,采购一组,1,2026-02-07T08:38:00+08:00
PO-202605-001464,SUP-052,2026-05-10T15:16:00+08:00,2026-05-15T15:16:00+08:00,received,CNY,1533738.76,30,战略采购组,3,2026-05-12T15:16:00+08:00
PO-202601-001465,SUP-040,2026-01-04T17:36:00+08:00,2026-01-07T17:36:00+08:00,in_transit,CNY,1665774.7,60,采购一组,4,2026-02-12T17:36:00+08:00
PO-202508-001466,SUP-045,2025-08-07T11:42:00+08:00,2025-08-14T11:42:00+08:00,received,CNY,5655305.72,15,采购二组,3,2025-08-12T11:42:00+08:00
PO-202601-001467,SUP-010,2026-01-10T08:50:00+08:00,2026-01-17T08:50:00+08:00,received,CNY,1959155.36,60,战略采购组,3,2026-02-16T08:50:00+08:00
PO-202509-001468,SUP-048,2025-09-05T06:59:00+08:00,2025-09-12T06:59:00+08:00,confirmed,CNY,18410545.96,45,战略采购组,4,2025-09-10T06:59:00+08:00
PO-202509-001469,SUP-014,2025-09-15T13:43:00+08:00,2025-09-18T13:43:00+08:00,received,CNY,7389647.29,60,采购一组,2,2025-10-26T13:43:00+08:00
PO-202605-001470,SUP-059,2026-05-18T18:35:00+08:00,2026-05-19T18:35:00+08:00,received,CNY,418609.72,90,战略采购组,1,2026-05-18T18:35:00+08:00
PO-202507-001471,SUP-041,2025-07-10T03:02:00+08:00,2025-07-17T03:02:00+08:00,received,CNY,7189694.97,30,战略采购组,4,2025-08-22T03:02:00+08:00
PO-202511-001472,SUP-046,2025-11-04T20:00:00+08:00,2025-11-08T20:00:00+08:00,received,CNY,5641750.61,90,采购一组,2,2025-11-11T20:00:00+08:00
PO-202604-001473,SUP-055,2026-04-18T01:46:00+08:00,2026-04-23T01:46:00+08:00,confirmed,CNY,7735658.72,30,战略采购组,4,2026-05-23T01:46:00+08:00
PO-202507-001474,SUP-012,2025-07-18T00:12:00+08:00,2025-07-23T00:12:00+08:00,received,CNY,1281879.46,60,战略采购组,2,2025-07-24T00:12:00+08:00
PO-202601-001475,SUP-042,2026-01-18T08:53:00+08:00,2026-01-20T08:53:00+08:00,in_transit,CNY,3241128.72,60,采购一组,2,2026-01-31T08:53:00+08:00
PO-202512-001476,SUP-049,2025-12-22T16:51:00+08:00,2025-12-24T16:51:00+08:00,received,CNY,3557007.0,60,采购一组,1,2026-01-09T16:51:00+08:00
PO-202603-001477,SUP-013,2026-03-28T09:42:00+08:00,2026-03-31T09:42:00+08:00,confirmed,CNY,1845204.8,15,采购二组,1,2026-04-03T09:42:00+08:00
PO-202512-001478,SUP-005,2025-12-09T02:50:00+08:00,2025-12-10T14:50:00+08:00,confirmed,CNY,2619995.04,30,采购一组,1,2026-01-21T02:50:00+08:00
PO-202603-001479,SUP-011,2026-03-11T11:26:00+08:00,2026-03-16T11:26:00+08:00,confirmed,CNY,16984114.05,45,采购二组,3,2026-04-23T11:26:00+08:00
PO-202511-001480,SUP-036,2025-11-23T13:01:00+08:00,2025-11-25T01:01:00+08:00,draft,CNY,8974525.36,60,战略采购组,3,2025-12-28T13:01:00+08:00
PO-202511-001481,SUP-026,2025-11-14T03:21:00+08:00,2025-11-16T03:21:00+08:00,delayed,CNY,167.44,30,战略采购组,1,2025-11-17T03:21:00+08:00
PO-202512-001482,SUP-053,2025-12-14T00:27:00+08:00,2025-12-18T00:27:00+08:00,confirmed,CNY,6804638.1,90,战略采购组,2,2026-01-01T00:27:00+08:00
PO-202512-001483,SUP-028,2025-12-23T00:22:00+08:00,2025-12-27T00:22:00+08:00,received,CNY,22859085.12,15,战略采购组,4,2025-12-29T00:22:00+08:00
PO-202510-001484,SUP-008,2025-10-22T12:55:00+08:00,2025-10-25T12:55:00+08:00,in_transit,CNY,13006935.61,90,战略采购组,4,2025-11-15T12:55:00+08:00
PO-202511-001485,SUP-035,2025-11-14T11:51:00+08:00,2025-11-16T11:51:00+08:00,received,CNY,4555068.84,30,采购一组,3,2025-11-28T11:51:00+08:00
PO-202602-001486,SUP-028,2026-02-06T23:58:00+08:00,2026-02-11T23:58:00+08:00,received,CNY,11431070.79,45,采购一组,3,2026-02-23T23:58:00+08:00
PO-202510-001487,SUP-043,2025-10-01T04:31:00+08:00,2025-10-05T04:31:00+08:00,delayed,CNY,203247.33,30,采购二组,1,2025-10-10T04:31:00+08:00
PO-202512-001488,SUP-029,2025-12-28T09:00:00+08:00,2026-01-04T09:00:00+08:00,confirmed,CNY,5512980.76,60,采购一组,4,2026-01-09T09:00:00+08:00
PO-202603-001489,SUP-048,2026-03-19T00:45:00+08:00,2026-03-24T00:45:00+08:00,confirmed,CNY,8484498.24,90,战略采购组,4,2026-04-17T00:45:00+08:00
PO-202508-001490,SUP-031,2025-08-29T03:09:00+08:00,2025-09-05T03:09:00+08:00,received,CNY,347732.89,90,采购二组,1,2025-09-22T03:09:00+08:00
PO-202507-001491,SUP-021,2025-07-21T23:17:00+08:00,2025-07-28T23:17:00+08:00,received,CNY,9941175.89,60,采购一组,4,2025-08-28T23:17:00+08:00
PO-202508-001492,SUP-051,2025-08-05T08:04:00+08:00,2025-08-09T08:04:00+08:00,cancelled,CNY,4499472.4,30,采购一组,1,2025-09-19T08:04:00+08:00
PO-202604-001493,SUP-040,2026-04-30T08:28:00+08:00,2026-05-03T08:28:00+08:00,in_transit,CNY,3669526.36,30,采购一组,3,2026-06-08T08:28:00+08:00
PO-202603-001494,SUP-020,2026-03-31T12:03:00+08:00,2026-04-03T12:03:00+08:00,received,CNY,3393324.12,60,采购二组,3,2026-04-20T12:03:00+08:00
PO-202601-001495,SUP-045,2026-01-22T05:30:00+08:00,2026-01-29T05:30:00+08:00,confirmed,CNY,6005588.74,15,战略采购组,3,2026-02-04T05:30:00+08:00
PO-202512-001496,SUP-022,2025-12-22T17:45:00+08:00,2025-12-27T17:45:00+08:00,received,CNY,11320145.62,15,采购一组,3,2026-01-27T17:45:00+08:00
PO-202604-001497,SUP-052,2026-04-16T04:36:00+08:00,2026-04-23T04:36:00+08:00,delayed,CNY,7327520.41,45,战略采购组,3,2026-05-16T04:36:00+08:00
PO-202601-001498,SUP-030,2026-01-11T12:59:00+08:00,2026-01-15T12:59:00+08:00,received,CNY,14909881.59,60,采购一组,4,2026-02-11T12:59:00+08:00
PO-202511-001499,SUP-038,2025-11-15T08:35:00+08:00,2025-11-22T08:35:00+08:00,received,CNY,10820693.47,15,采购二组,3,2025-11-18T08:35:00+08:00
PO-202511-001500,SUP-028,2025-11-15T08:37:00+08:00,2025-11-16T20:37:00+08:00,received,CNY,106674.49,30,采购一组,2,2025-12-27T08:37:00+08:00
PO-202601-001501,SUP-013,2026-01-05T13:49:00+08:00,2026-01-10T13:49:00+08:00,delayed,CNY,15854825.48,90,采购二组,4,2026-01-06T13:49:00+08:00
PO-202601-001502,SUP-003,2026-01-28T07:10:00+08:00,2026-01-31T07:10:00+08:00,received,CNY,3409339.06,30,采购一组,3,2026-01-29T07:10:00+08:00
PO-202508-001503,SUP-010,2025-08-06T16:27:00+08:00,2025-08-08T04:27:00+08:00,in_transit,CNY,2820152.87,45,采购二组,2,2025-08-16T16:27:00+08:00
PO-202510-001504,SUP-025,2025-10-28T00:17:00+08:00,2025-11-04T00:17:00+08:00,confirmed,CNY,2856707.7,45,采购一组,4,2025-11-22T00:17:00+08:00
PO-202506-001505,SUP-029,2025-06-24T13:46:00+08:00,2025-07-01T13:46:00+08:00,delayed,CNY,5059073.24,15,采购一组,2,2025-08-05T13:46:00+08:00
PO-202605-001506,SUP-009,2026-05-09T22:00:00+08:00,2026-05-16T22:00:00+08:00,confirmed,CNY,3917827.2,45,战略采购组,1,2026-05-19T22:00:00+08:00
PO-202508-001507,SUP-006,2025-08-02T05:35:00+08:00,2025-08-06T05:35:00+08:00,received,CNY,3746926.5,15,战略采购组,3,2025-08-11T05:35:00+08:00
PO-202604-001508,SUP-021,2026-04-02T09:31:00+08:00,2026-04-09T09:31:00+08:00,in_transit,CNY,17699316.78,45,战略采购组,4,2026-04-12T09:31:00+08:00
PO-202603-001509,SUP-041,2026-03-13T17:59:00+08:00,2026-03-20T17:59:00+08:00,in_transit,CNY,3423449.96,15,采购二组,3,2026-03-14T17:59:00+08:00
PO-202604-001510,SUP-032,2026-04-17T18:21:00+08:00,2026-04-24T18:21:00+08:00,received,CNY,3790269.9,30,采购一组,1,2026-05-03T18:21:00+08:00
PO-202510-001511,SUP-005,2025-10-24T16:45:00+08:00,2025-10-31T16:45:00+08:00,delayed,CNY,3816583.62,60,采购二组,3,2025-11-08T16:45:00+08:00
PO-202510-001512,SUP-032,2025-10-08T13:39:00+08:00,2025-10-10T13:39:00+08:00,received,CNY,200544.6,30,采购一组,1,2025-11-19T13:39:00+08:00
PO-202604-001513,SUP-011,2026-04-01T14:34:00+08:00,2026-04-03T02:34:00+08:00,delayed,CNY,5438952.32,30,采购二组,3,2026-04-10T14:34:00+08:00
PO-202509-001514,SUP-052,2025-09-09T19:46:00+08:00,2025-09-14T19:46:00+08:00,cancelled,CNY,2851417.73,30,采购二组,3,2025-10-21T19:46:00+08:00
PO-202605-001515,SUP-032,2026-05-08T09:08:00+08:00,2026-05-11T09:08:00+08:00,in_transit,CNY,6662511.1,15,采购二组,4,2026-06-05T09:08:00+08:00
PO-202601-001516,SUP-051,2026-01-28T16:21:00+08:00,2026-02-04T16:21:00+08:00,received,CNY,15691173.82,15,采购二组,4,2026-02-28T16:21:00+08:00
PO-202507-001517,SUP-057,2025-07-08T01:44:00+08:00,2025-07-15T01:44:00+08:00,in_transit,CNY,4532593.86,90,采购二组,4,2025-07-15T01:44:00+08:00
PO-202512-001518,SUP-015,2025-12-21T18:07:00+08:00,2025-12-28T18:07:00+08:00,received,CNY,13506985.78,45,采购二组,4,2026-01-16T18:07:00+08:00
PO-202601-001519,SUP-043,2026-01-13T08:28:00+08:00,2026-01-17T08:28:00+08:00,confirmed,CNY,2563276.32,60,采购二组,1,2026-02-23T08:28:00+08:00
PO-202605-001520,SUP-044,2026-05-18T06:00:00+08:00,2026-05-23T06:00:00+08:00,received,CNY,4424910.42,15,采购二组,4,2026-06-15T08:00:00+08:00
PO-202509-001521,SUP-059,2025-09-28T15:46:00+08:00,2025-10-02T15:46:00+08:00,received,CNY,128724.4,45,采购一组,3,2025-10-08T15:46:00+08:00
PO-202508-001522,SUP-049,2025-08-19T09:14:00+08:00,2025-08-24T09:14:00+08:00,received,CNY,9128089.14,90,战略采购组,3,2025-08-21T09:14:00+08:00
PO-202606-001523,SUP-033,2026-06-07T20:07:00+08:00,2026-06-09T08:07:00+08:00,received,CNY,4690506.15,60,采购二组,1,2026-06-15T08:00:00+08:00
PO-202604-001524,SUP-008,2026-04-23T19:51:00+08:00,2026-04-28T19:51:00+08:00,received,CNY,1354258.26,90,战略采购组,2,2026-05-09T19:51:00+08:00
PO-202510-001525,SUP-045,2025-10-21T06:58:00+08:00,2025-10-26T06:58:00+08:00,delayed,CNY,9297177.74,30,采购二组,4,2025-11-21T06:58:00+08:00
PO-202603-001526,SUP-035,2026-03-09T02:05:00+08:00,2026-03-13T02:05:00+08:00,delayed,CNY,5870590.7,45,采购二组,3,2026-03-22T02:05:00+08:00
PO-202510-001527,SUP-039,2025-10-31T21:13:00+08:00,2025-11-05T21:13:00+08:00,in_transit,CNY,17262997.48,90,战略采购组,3,2025-11-10T21:13:00+08:00
PO-202604-001528,SUP-050,2026-04-14T10:16:00+08:00,2026-04-18T10:16:00+08:00,in_transit,CNY,496117.2,30,采购一组,1,2026-05-03T10:16:00+08:00
PO-202601-001529,SUP-050,2026-01-26T10:39:00+08:00,2026-02-02T10:39:00+08:00,draft,CNY,6188646.4,15,战略采购组,2,2026-02-04T10:39:00+08:00
PO-202509-001530,SUP-050,2025-09-15T11:17:00+08:00,2025-09-19T11:17:00+08:00,in_transit,CNY,985552.92,45,采购二组,3,2025-09-24T11:17:00+08:00
PO-202507-001531,SUP-037,2025-07-29T05:30:00+08:00,2025-08-05T05:30:00+08:00,received,CNY,4243220.67,15,战略采购组,1,2025-08-19T05:30:00+08:00
PO-202510-001532,SUP-059,2025-10-28T05:31:00+08:00,2025-11-01T05:31:00+08:00,draft,CNY,2754973.44,30,采购二组,2,2025-11-24T05:31:00+08:00
PO-202506-001533,SUP-056,2025-06-17T21:57:00+08:00,2025-06-22T21:57:00+08:00,draft,CNY,10441718.93,90,采购一组,2,2025-07-28T21:57:00+08:00
PO-202601-001534,SUP-060,2026-01-06T20:07:00+08:00,2026-01-11T20:07:00+08:00,received,CNY,2603759.38,90,采购一组,3,2026-02-10T20:07:00+08:00
PO-202602-001535,SUP-024,2026-02-21T08:09:00+08:00,2026-02-26T08:09:00+08:00,received,CNY,3990362.44,30,战略采购组,1,2026-04-06T08:09:00+08:00
PO-202512-001536,SUP-027,2025-12-23T08:07:00+08:00,2025-12-24T20:07:00+08:00,received,CNY,14530554.39,45,采购二组,2,2026-01-25T08:07:00+08:00
PO-202601-001537,SUP-007,2026-01-01T12:08:00+08:00,2026-01-08T12:08:00+08:00,received,CNY,1920311.98,60,采购二组,2,2026-01-12T12:08:00+08:00
PO-202506-001538,SUP-015,2025-06-16T10:48:00+08:00,2025-06-20T10:48:00+08:00,confirmed,CNY,5925471.67,45,采购一组,3,2025-06-29T10:48:00+08:00
PO-202506-001539,SUP-045,2025-06-26T20:17:00+08:00,2025-07-03T20:17:00+08:00,received,CNY,1883643.42,15,战略采购组,2,2025-07-23T20:17:00+08:00
PO-202605-001540,SUP-009,2026-05-20T00:56:00+08:00,2026-05-27T00:56:00+08:00,cancelled,CNY,6435762.18,45,采购二组,3,2026-06-15T08:00:00+08:00
PO-202603-001541,SUP-013,2026-03-04T09:46:00+08:00,2026-03-09T09:46:00+08:00,received,CNY,6113455.27,15,战略采购组,3,2026-03-20T09:46:00+08:00
PO-202511-001542,SUP-031,2025-11-11T02:40:00+08:00,2025-11-16T02:40:00+08:00,received,CNY,7028750.16,90,战略采购组,4,2025-12-07T02:40:00+08:00
PO-202602-001543,SUP-058,2026-02-13T19:46:00+08:00,2026-02-20T19:46:00+08:00,draft,CNY,10712032.64,45,采购一组,4,2026-03-20T19:46:00+08:00
PO-202606-001544,SUP-058,2026-06-11T04:09:00+08:00,2026-06-16T04:09:00+08:00,confirmed,CNY,28095.35,15,采购二组,2,2026-06-15T08:00:00+08:00
PO-202507-001545,SUP-050,2025-07-30T09:19:00+08:00,2025-08-06T09:19:00+08:00,received,CNY,2001550.14,15,采购一组,2,2025-07-30T09:19:00+08:00
PO-202602-001546,SUP-056,2026-02-21T08:54:00+08:00,2026-02-26T08:54:00+08:00,delayed,CNY,10215861.56,45,采购二组,4,2026-02-21T08:54:00+08:00
PO-202603-001547,SUP-043,2026-03-18T13:14:00+08:00,2026-03-22T13:14:00+08:00,received,CNY,3322290.58,30,采购一组,3,2026-04-29T13:14:00+08:00
PO-202603-001548,SUP-017,2026-03-04T22:41:00+08:00,2026-03-07T22:41:00+08:00,received,CNY,160587.62,15,采购一组,1,2026-03-23T22:41:00+08:00
PO-202601-001549,SUP-029,2026-01-14T00:25:00+08:00,2026-01-17T00:25:00+08:00,received,CNY,5183766.23,45,采购二组,3,2026-02-09T00:25:00+08:00
PO-202510-001550,SUP-031,2025-10-13T22:08:00+08:00,2025-10-18T22:08:00+08:00,confirmed,CNY,1268973.0,15,战略采购组,3,2025-11-03T22:08:00+08:00
PO-202512-001551,SUP-035,2025-12-17T15:12:00+08:00,2025-12-22T15:12:00+08:00,received,CNY,1363698.12,60,采购二组,1,2025-12-31T15:12:00+08:00
PO-202509-001552,SUP-022,2025-09-28T02:29:00+08:00,2025-10-05T02:29:00+08:00,received,CNY,10696655.6,45,战略采购组,2,2025-10-04T02:29:00+08:00
PO-202510-001553,SUP-038,2025-10-11T01:30:00+08:00,2025-10-12T13:30:00+08:00,received,CNY,801507.5,45,战略采购组,1,2025-10-17T01:30:00+08:00
PO-202603-001554,SUP-030,2026-03-12T14:04:00+08:00,2026-03-16T14:04:00+08:00,in_transit,CNY,1462261.75,60,采购一组,3,2026-04-04T14:04:00+08:00
PO-202508-001555,SUP-037,2025-08-09T00:59:00+08:00,2025-08-14T00:59:00+08:00,confirmed,CNY,1180947.3,90,采购二组,2,2025-08-19T00:59:00+08:00
PO-202601-001556,SUP-042,2026-01-08T09:44:00+08:00,2026-01-12T09:44:00+08:00,delayed,CNY,12637503.94,15,采购二组,4,2026-01-08T09:44:00+08:00
PO-202603-001557,SUP-036,2026-03-13T18:41:00+08:00,2026-03-18T18:41:00+08:00,confirmed,CNY,6882704.55,90,采购一组,3,2026-03-30T18:41:00+08:00
PO-202606-001558,SUP-033,2026-06-02T19:30:00+08:00,2026-06-05T19:30:00+08:00,in_transit,CNY,2829806.48,30,采购一组,1,2026-06-15T08:00:00+08:00
PO-202605-001559,SUP-043,2026-05-18T05:28:00+08:00,2026-05-25T05:28:00+08:00,received,CNY,15157494.1,15,采购一组,4,2026-05-25T05:28:00+08:00
PO-202605-001560,SUP-056,2026-05-20T00:37:00+08:00,2026-05-27T00:37:00+08:00,received,CNY,7698492.39,45,战略采购组,3,2026-06-15T08:00:00+08:00
PO-202508-001561,SUP-047,2025-08-04T15:50:00+08:00,2025-08-11T15:50:00+08:00,delayed,CNY,5546915.72,45,采购二组,3,2025-08-22T15:50:00+08:00
PO-202601-001562,SUP-058,2026-01-01T06:41:00+08:00,2026-01-02T06:41:00+08:00,received,CNY,2849132.94,60,采购一组,1,2026-01-11T06:41:00+08:00
PO-202510-001563,SUP-057,2025-10-23T15:38:00+08:00,2025-10-28T15:38:00+08:00,in_transit,CNY,17224481.07,45,采购二组,3,2025-12-03T15:38:00+08:00
PO-202508-001564,SUP-032,2025-08-24T09:37:00+08:00,2025-08-27T09:37:00+08:00,confirmed,CNY,3038909.26,15,采购二组,1,2025-09-12T09:37:00+08:00
PO-202604-001565,SUP-010,2026-04-27T13:14:00+08:00,2026-05-01T13:14:00+08:00,delayed,CNY,6477873.73,45,采购二组,2,2026-06-10T13:14:00+08:00
PO-202510-001566,SUP-018,2025-10-05T21:02:00+08:00,2025-10-12T21:02:00+08:00,in_transit,CNY,4825348.6,45,采购一组,4,2025-10-25T21:02:00+08:00
PO-202605-001567,SUP-018,2026-05-27T04:49:00+08:00,2026-06-01T04:49:00+08:00,in_transit,CNY,982492.74,15,采购二组,1,2026-06-10T04:49:00+08:00
PO-202507-001568,SUP-054,2025-07-04T07:09:00+08:00,2025-07-09T07:09:00+08:00,received,CNY,2165209.5,15,采购二组,2,2025-07-14T07:09:00+08:00
PO-202604-001569,SUP-049,2026-04-02T20:12:00+08:00,2026-04-09T20:12:00+08:00,delayed,CNY,1738280.7,30,战略采购组,1,2026-04-10T20:12:00+08:00
PO-202507-001570,SUP-016,2025-07-04T06:02:00+08:00,2025-07-11T06:02:00+08:00,delayed,CNY,8776730.05,60,采购二组,4,2025-07-16T06:02:00+08:00
PO-202507-001571,SUP-016,2025-07-08T04:54:00+08:00,2025-07-15T04:54:00+08:00,in_transit,CNY,4090442.81,30,采购二组,3,2025-08-02T04:54:00+08:00
PO-202510-001572,SUP-016,2025-10-09T16:39:00+08:00,2025-10-16T16:39:00+08:00,received,CNY,9665981.32,30,战略采购组,3,2025-11-22T16:39:00+08:00
PO-202507-001573,SUP-033,2025-07-12T18:52:00+08:00,2025-07-16T18:52:00+08:00,received,CNY,2240745.06,60,采购一组,2,2025-07-25T18:52:00+08:00
PO-202604-001574,SUP-060,2026-04-14T19:23:00+08:00,2026-04-16T07:23:00+08:00,draft,CNY,4249819.42,30,采购二组,1,2026-05-28T19:23:00+08:00
PO-202512-001575,SUP-035,2025-12-25T16:56:00+08:00,2025-12-29T16:56:00+08:00,received,CNY,1222748.4,90,采购二组,3,2026-01-31T16:56:00+08:00
PO-202606-001576,SUP-026,2026-06-13T17:49:00+08:00,2026-06-15T05:49:00+08:00,received,CNY,1246082.95,90,战略采购组,2,2026-06-14T17:49:00+08:00
PO-202509-001577,SUP-038,2025-09-28T16:15:00+08:00,2025-10-02T16:15:00+08:00,received,CNY,11492717.49,90,采购二组,3,2025-11-06T16:15:00+08:00
PO-202510-001578,SUP-016,2025-10-12T21:47:00+08:00,2025-10-16T21:47:00+08:00,in_transit,CNY,13858140.7,45,战略采购组,4,2025-11-09T21:47:00+08:00
PO-202604-001579,SUP-054,2026-04-07T06:38:00+08:00,2026-04-11T06:38:00+08:00,in_transit,CNY,2388916.87,60,采购一组,4,2026-04-17T06:38:00+08:00
PO-202508-001580,SUP-052,2025-08-07T15:19:00+08:00,2025-08-12T15:19:00+08:00,delayed,CNY,8125477.61,30,采购二组,4,2025-08-24T15:19:00+08:00
PO-202508-001581,SUP-042,2025-08-15T22:32:00+08:00,2025-08-19T22:32:00+08:00,received,CNY,848166.01,30,采购二组,1,2025-08-20T22:32:00+08:00
PO-202603-001582,SUP-034,2026-03-20T14:17:00+08:00,2026-03-27T14:17:00+08:00,confirmed,CNY,2808536.85,60,采购二组,1,2026-05-01T14:17:00+08:00
PO-202604-001583,SUP-053,2026-04-19T00:48:00+08:00,2026-04-26T00:48:00+08:00,cancelled,CNY,1674563.37,60,采购一组,4,2026-05-29T00:48:00+08:00
PO-202601-001584,SUP-005,2026-01-27T10:10:00+08:00,2026-01-31T10:10:00+08:00,delayed,CNY,8754836.46,15,采购一组,3,2026-02-26T10:10:00+08:00
PO-202506-001585,SUP-029,2025-06-21T07:12:00+08:00,2025-06-26T07:12:00+08:00,received,CNY,9750019.97,15,采购一组,3,2025-07-27T07:12:00+08:00
PO-202604-001586,SUP-041,2026-04-29T12:28:00+08:00,2026-05-02T12:28:00+08:00,delayed,CNY,3710704.56,30,采购二组,2,2026-06-11T12:28:00+08:00
PO-202512-001587,SUP-010,2025-12-23T23:58:00+08:00,2025-12-27T23:58:00+08:00,cancelled,CNY,2312090.7,15,采购一组,1,2025-12-30T23:58:00+08:00
PO-202603-001588,SUP-044,2026-03-19T16:10:00+08:00,2026-03-26T16:10:00+08:00,cancelled,CNY,5741649.99,90,采购一组,4,2026-05-03T16:10:00+08:00
PO-202510-001589,SUP-050,2025-10-16T23:34:00+08:00,2025-10-17T23:34:00+08:00,draft,CNY,508525.31,30,战略采购组,1,2025-11-02T23:34:00+08:00
PO-202509-001590,SUP-015,2025-09-09T19:00:00+08:00,2025-09-12T19:00:00+08:00,confirmed,CNY,619540.25,90,战略采购组,2,2025-09-21T19:00:00+08:00
PO-202507-001591,SUP-001,2025-07-09T14:10:00+08:00,2025-07-14T14:10:00+08:00,delayed,CNY,8908620.2,90,采购二组,2,2025-07-18T14:10:00+08:00
PO-202508-001592,SUP-025,2025-08-09T04:33:00+08:00,2025-08-14T04:33:00+08:00,delayed,CNY,7317248.69,60,采购二组,4,2025-09-17T04:33:00+08:00
PO-202512-001593,SUP-057,2025-12-19T14:48:00+08:00,2025-12-24T14:48:00+08:00,received,CNY,6064755.0,15,采购二组,2,2026-02-02T14:48:00+08:00
PO-202602-001594,SUP-003,2026-02-25T02:03:00+08:00,2026-03-01T02:03:00+08:00,confirmed,CNY,4248729.9,60,战略采购组,4,2026-03-18T02:03:00+08:00
PO-202601-001595,SUP-003,2026-01-20T16:42:00+08:00,2026-01-27T16:42:00+08:00,draft,CNY,228466.51,60,战略采购组,2,2026-02-27T16:42:00+08:00
PO-202507-001596,SUP-013,2025-07-26T11:19:00+08:00,2025-07-31T11:19:00+08:00,received,CNY,10559401.38,60,采购二组,3,2025-07-30T11:19:00+08:00
PO-202507-001597,SUP-009,2025-07-10T22:47:00+08:00,2025-07-14T22:47:00+08:00,confirmed,CNY,8862634.82,60,采购一组,3,2025-08-21T22:47:00+08:00
PO-202508-001598,SUP-051,2025-08-27T16:58:00+08:00,2025-09-01T16:58:00+08:00,received,CNY,14551762.52,60,采购一组,3,2025-09-01T16:58:00+08:00
PO-202507-001599,SUP-035,2025-07-21T01:16:00+08:00,2025-07-23T01:16:00+08:00,in_transit,CNY,1265931.13,15,采购二组,3,2025-08-24T01:16:00+08:00
PO-202511-001600,SUP-026,2025-11-10T07:46:00+08:00,2025-11-15T07:46:00+08:00,draft,CNY,6036999.88,90,战略采购组,2,2025-11-18T07:46:00+08:00
PO-202603-001601,SUP-019,2026-03-05T06:41:00+08:00,2026-03-10T06:41:00+08:00,delayed,CNY,8766586.41,30,战略采购组,4,2026-03-21T06:41:00+08:00
PO-202602-001602,SUP-032,2026-02-12T03:25:00+08:00,2026-02-19T03:25:00+08:00,confirmed,CNY,13774384.29,90,战略采购组,3,2026-02-22T03:25:00+08:00
PO-202509-001603,SUP-003,2025-09-20T17:33:00+08:00,2025-09-22T05:33:00+08:00,delayed,CNY,165349.15,30,采购一组,2,2025-09-24T17:33:00+08:00
PO-202509-001604,SUP-041,2025-09-24T20:12:00+08:00,2025-10-01T20:12:00+08:00,delayed,CNY,8509240.98,60,采购二组,3,2025-10-30T20:12:00+08:00
PO-202602-001605,SUP-031,2026-02-14T13:41:00+08:00,2026-02-21T13:41:00+08:00,received,CNY,4001641.29,30,采购一组,4,2026-03-16T13:41:00+08:00
PO-202506-001606,SUP-052,2025-06-20T11:39:00+08:00,2025-06-27T11:39:00+08:00,received,CNY,447912.23,15,战略采购组,2,2025-07-07T11:39:00+08:00
PO-202512-001607,SUP-021,2025-12-14T10:22:00+08:00,2025-12-21T10:22:00+08:00,received,CNY,7086918.51,30,采购一组,4,2026-01-28T10:22:00+08:00
PO-202508-001608,SUP-013,2025-08-26T23:27:00+08:00,2025-08-29T23:27:00+08:00,received,CNY,223817.23,60,战略采购组,1,2025-09-03T23:27:00+08:00
PO-202601-001609,SUP-038,2026-01-23T04:29:00+08:00,2026-01-30T04:29:00+08:00,in_transit,CNY,8098694.22,90,战略采购组,2,2026-02-05T04:29:00+08:00
PO-202601-001610,SUP-002,2026-01-23T21:18:00+08:00,2026-01-30T21:18:00+08:00,delayed,CNY,4525422.96,30,采购一组,4,2026-01-31T21:18:00+08:00
PO-202602-001611,SUP-052,2026-02-21T21:22:00+08:00,2026-02-23T09:22:00+08:00,received,CNY,138342.42,45,战略采购组,2,2026-03-07T21:22:00+08:00
PO-202603-001612,SUP-048,2026-03-31T08:53:00+08:00,2026-04-05T08:53:00+08:00,received,CNY,13263723.3,30,战略采购组,4,2026-04-04T08:53:00+08:00
PO-202509-001613,SUP-027,2025-09-27T10:53:00+08:00,2025-10-01T10:53:00+08:00,received,CNY,8604819.21,90,采购二组,3,2025-10-17T10:53:00+08:00
PO-202605-001614,SUP-005,2026-05-01T11:04:00+08:00,2026-05-02T23:04:00+08:00,received,CNY,5865181.56,90,战略采购组,1,2026-06-02T11:04:00+08:00
PO-202507-001615,SUP-034,2025-07-18T05:27:00+08:00,2025-07-25T05:27:00+08:00,received,CNY,1020406.89,60,采购二组,4,2025-08-24T05:27:00+08:00
PO-202510-001616,SUP-041,2025-10-26T11:57:00+08:00,2025-10-28T11:57:00+08:00,received,CNY,4737530.15,15,战略采购组,3,2025-11-21T11:57:00+08:00
PO-202508-001617,SUP-032,2025-08-10T11:56:00+08:00,2025-08-15T11:56:00+08:00,in_transit,CNY,6786476.16,90,采购二组,3,2025-09-14T11:56:00+08:00
PO-202602-001618,SUP-039,2026-02-27T07:02:00+08:00,2026-03-04T07:02:00+08:00,received,CNY,12161157.45,30,采购二组,4,2026-04-10T07:02:00+08:00
PO-202508-001619,SUP-041,2025-08-21T14:19:00+08:00,2025-08-25T14:19:00+08:00,confirmed,CNY,4571024.67,90,采购一组,3,2025-08-24T14:19:00+08:00
PO-202511-001620,SUP-007,2025-11-03T19:36:00+08:00,2025-11-05T19:36:00+08:00,confirmed,CNY,8162919.8,45,采购一组,1,2025-11-16T19:36:00+08:00
PO-202605-001621,SUP-030,2026-05-12T10:21:00+08:00,2026-05-17T10:21:00+08:00,in_transit,CNY,3705711.51,30,采购一组,3,2026-05-16T10:21:00+08:00
PO-202507-001622,SUP-022,2025-07-01T11:31:00+08:00,2025-07-08T11:31:00+08:00,received,CNY,12479492.07,45,采购二组,4,2025-08-10T11:31:00+08:00
PO-202509-001623,SUP-058,2025-09-11T23:02:00+08:00,2025-09-18T23:02:00+08:00,received,CNY,100487.64,45,采购一组,1,2025-10-16T23:02:00+08:00
PO-202512-001624,SUP-005,2025-12-10T11:09:00+08:00,2025-12-15T11:09:00+08:00,received,CNY,8364056.06,60,战略采购组,4,2026-01-18T11:09:00+08:00
PO-202512-001625,SUP-012,2025-12-28T22:16:00+08:00,2026-01-01T22:16:00+08:00,confirmed,CNY,5097349.66,15,采购一组,2,2026-02-03T22:16:00+08:00
PO-202510-001626,SUP-047,2025-10-09T13:48:00+08:00,2025-10-12T13:48:00+08:00,in_transit,CNY,5435669.94,60,采购一组,2,2025-11-15T13:48:00+08:00
PO-202508-001627,SUP-042,2025-08-28T20:38:00+08:00,2025-09-01T20:38:00+08:00,delayed,CNY,13902776.46,45,战略采购组,3,2025-09-23T20:38:00+08:00
PO-202605-001628,SUP-055,2026-05-17T07:42:00+08:00,2026-05-22T07:42:00+08:00,received,CNY,38153.72,90,采购一组,2,2026-05-29T07:42:00+08:00
PO-202602-001629,SUP-007,2026-02-23T10:24:00+08:00,2026-02-27T10:24:00+08:00,received,CNY,4253307.7,15,采购一组,3,2026-04-05T10:24:00+08:00
PO-202601-001630,SUP-016,2026-01-13T15:19:00+08:00,2026-01-20T15:19:00+08:00,in_transit,CNY,9257090.08,90,采购一组,2,2026-01-16T15:19:00+08:00
PO-202603-001631,SUP-011,2026-03-05T15:58:00+08:00,2026-03-12T15:58:00+08:00,received,CNY,953951.58,30,战略采购组,1,2026-04-15T15:58:00+08:00
PO-202602-001632,SUP-028,2026-02-22T06:21:00+08:00,2026-02-25T06:21:00+08:00,received,CNY,2191617.54,90,采购一组,1,2026-03-05T06:21:00+08:00
PO-202512-001633,SUP-060,2025-12-19T07:30:00+08:00,2025-12-24T07:30:00+08:00,delayed,CNY,1065956.79,90,战略采购组,1,2026-01-07T07:30:00+08:00
PO-202506-001634,SUP-048,2025-06-24T07:35:00+08:00,2025-07-01T07:35:00+08:00,received,CNY,15230683.08,60,采购二组,4,2025-07-23T07:35:00+08:00
PO-202602-001635,SUP-053,2026-02-04T21:12:00+08:00,2026-02-11T21:12:00+08:00,received,CNY,8139707.75,45,战略采购组,3,2026-03-09T21:12:00+08:00
PO-202509-001636,SUP-015,2025-09-04T17:52:00+08:00,2025-09-08T17:52:00+08:00,received,CNY,7977061.92,90,战略采购组,4,2025-09-21T17:52:00+08:00
PO-202604-001637,SUP-041,2026-04-30T04:11:00+08:00,2026-05-02T04:11:00+08:00,received,CNY,5158957.2,60,采购一组,1,2026-05-17T04:11:00+08:00
PO-202511-001638,SUP-052,2025-11-23T08:28:00+08:00,2025-11-27T08:28:00+08:00,confirmed,CNY,221749.48,60,战略采购组,1,2025-12-22T08:28:00+08:00
PO-202509-001639,SUP-035,2025-09-18T13:06:00+08:00,2025-09-23T13:06:00+08:00,in_transit,CNY,6793217.61,30,采购二组,4,2025-09-22T13:06:00+08:00
PO-202507-001640,SUP-007,2025-07-07T00:36:00+08:00,2025-07-14T00:36:00+08:00,received,CNY,1005082.0,45,采购一组,3,2025-08-06T00:36:00+08:00
PO-202508-001641,SUP-045,2025-08-18T12:32:00+08:00,2025-08-22T12:32:00+08:00,in_transit,CNY,2696138.5,60,采购一组,3,2025-10-02T12:32:00+08:00
PO-202512-001642,SUP-057,2025-12-12T05:07:00+08:00,2025-12-17T05:07:00+08:00,in_transit,CNY,8862273.88,60,战略采购组,4,2025-12-26T05:07:00+08:00
PO-202507-001643,SUP-055,2025-07-26T14:45:00+08:00,2025-07-31T14:45:00+08:00,received,CNY,7393429.84,60,战略采购组,4,2025-09-01T14:45:00+08:00
PO-202510-001644,SUP-049,2025-10-02T10:58:00+08:00,2025-10-04T10:58:00+08:00,in_transit,CNY,5335817.82,30,采购二组,3,2025-10-14T10:58:00+08:00
PO-202602-001645,SUP-042,2026-02-01T04:56:00+08:00,2026-02-03T04:56:00+08:00,in_transit,CNY,3023687.8,30,采购一组,1,2026-02-13T04:56:00+08:00
PO-202602-001646,SUP-009,2026-02-05T15:25:00+08:00,2026-02-12T15:25:00+08:00,confirmed,CNY,13213965.14,15,采购二组,3,2026-03-20T15:25:00+08:00
PO-202606-001647,SUP-046,2026-06-11T05:58:00+08:00,2026-06-18T05:58:00+08:00,received,CNY,61752.25,15,采购二组,1,2026-06-15T08:00:00+08:00
PO-202603-001648,SUP-022,2026-03-22T22:18:00+08:00,2026-03-25T22:18:00+08:00,received,CNY,3045270.4,90,采购一组,2,2026-05-03T22:18:00+08:00
PO-202507-001649,SUP-022,2025-07-07T03:43:00+08:00,2025-07-14T03:43:00+08:00,received,CNY,13831608.4,45,采购一组,3,2025-08-02T03:43:00+08:00
PO-202511-001650,SUP-012,2025-11-20T16:09:00+08:00,2025-11-27T16:09:00+08:00,received,CNY,6750522.84,45,战略采购组,3,2025-12-15T16:09:00+08:00
PO-202606-001651,SUP-002,2026-06-02T00:48:00+08:00,2026-06-06T00:48:00+08:00,received,CNY,6056920.85,60,采购二组,4,2026-06-15T08:00:00+08:00
PO-202511-001652,SUP-012,2025-11-21T23:48:00+08:00,2025-11-25T23:48:00+08:00,confirmed,CNY,996009.36,30,采购一组,2,2025-12-24T23:48:00+08:00
PO-202602-001653,SUP-037,2026-02-27T03:32:00+08:00,2026-03-06T03:32:00+08:00,received,CNY,12494521.22,45,战略采购组,4,2026-03-01T03:32:00+08:00
PO-202511-001654,SUP-025,2025-11-12T02:14:00+08:00,2025-11-16T02:14:00+08:00,draft,CNY,360656.86,15,战略采购组,1,2025-12-18T02:14:00+08:00
PO-202602-001655,SUP-053,2026-02-13T23:58:00+08:00,2026-02-18T23:58:00+08:00,received,CNY,7751660.55,45,战略采购组,4,2026-03-25T23:58:00+08:00
PO-202508-001656,SUP-016,2025-08-05T04:17:00+08:00,2025-08-08T04:17:00+08:00,received,CNY,1011266.08,30,战略采购组,2,2025-08-16T04:17:00+08:00
PO-202601-001657,SUP-038,2026-01-19T09:28:00+08:00,2026-01-24T09:28:00+08:00,confirmed,CNY,1736283.91,45,采购二组,2,2026-03-03T09:28:00+08:00
PO-202604-001658,SUP-007,2026-04-23T07:51:00+08:00,2026-04-27T07:51:00+08:00,in_transit,CNY,2582094.12,15,采购一组,2,2026-05-19T07:51:00+08:00
PO-202603-001659,SUP-053,2026-03-08T15:01:00+08:00,2026-03-12T15:01:00+08:00,received,CNY,6633799.05,30,采购二组,4,2026-04-21T15:01:00+08:00
PO-202601-001660,SUP-047,2026-01-04T22:56:00+08:00,2026-01-09T22:56:00+08:00,confirmed,CNY,3170242.23,15,战略采购组,3,2026-01-30T22:56:00+08:00
PO-202602-001661,SUP-028,2026-02-15T14:24:00+08:00,2026-02-20T14:24:00+08:00,received,CNY,7542156.75,90,采购一组,2,2026-03-04T14:24:00+08:00
PO-202604-001662,SUP-048,2026-04-21T10:58:00+08:00,2026-04-28T10:58:00+08:00,draft,CNY,3310601.24,45,战略采购组,2,2026-05-14T10:58:00+08:00
PO-202508-001663,SUP-048,2025-08-13T16:46:00+08:00,2025-08-20T16:46:00+08:00,received,CNY,4550173.79,45,采购二组,2,2025-09-16T16:46:00+08:00
PO-202601-001664,SUP-027,2026-01-23T02:57:00+08:00,2026-01-27T02:57:00+08:00,draft,CNY,9590647.58,60,采购二组,4,2026-03-06T02:57:00+08:00
PO-202512-001665,SUP-057,2025-12-02T01:05:00+08:00,2025-12-09T01:05:00+08:00,received,CNY,3212869.12,45,采购一组,1,2025-12-03T01:05:00+08:00
PO-202508-001666,SUP-018,2025-08-28T16:00:00+08:00,2025-09-04T16:00:00+08:00,received,CNY,1297458.26,15,采购二组,4,2025-09-07T16:00:00+08:00
PO-202604-001667,SUP-045,2026-04-18T14:42:00+08:00,2026-04-25T14:42:00+08:00,draft,CNY,880589.64,60,采购一组,1,2026-04-20T14:42:00+08:00
PO-202604-001668,SUP-010,2026-04-21T22:24:00+08:00,2026-04-25T22:24:00+08:00,delayed,CNY,9956311.57,90,采购一组,4,2026-05-04T22:24:00+08:00
PO-202508-001669,SUP-026,2025-08-30T09:26:00+08:00,2025-09-04T09:26:00+08:00,received,CNY,1615415.06,15,采购二组,3,2025-09-09T09:26:00+08:00
PO-202511-001670,SUP-030,2025-11-29T21:10:00+08:00,2025-12-04T21:10:00+08:00,received,CNY,2572512.13,60,采购二组,2,2026-01-07T21:10:00+08:00
PO-202602-001671,SUP-029,2026-02-05T13:07:00+08:00,2026-02-08T13:07:00+08:00,cancelled,CNY,3291287.46,15,战略采购组,1,2026-03-17T13:07:00+08:00
PO-202603-001672,SUP-022,2026-03-20T09:11:00+08:00,2026-03-23T09:11:00+08:00,received,CNY,3642886.99,60,战略采购组,4,2026-03-25T09:11:00+08:00
PO-202509-001673,SUP-026,2025-09-10T21:21:00+08:00,2025-09-15T21:21:00+08:00,confirmed,CNY,7954104.65,60,采购二组,4,2025-09-12T21:21:00+08:00
PO-202509-001674,SUP-021,2025-09-12T19:53:00+08:00,2025-09-17T19:53:00+08:00,received,CNY,2816210.4,30,采购一组,1,2025-10-08T19:53:00+08:00
PO-202509-001675,SUP-017,2025-09-22T15:21:00+08:00,2025-09-26T15:21:00+08:00,received,CNY,5872821.47,15,采购一组,3,2025-10-30T15:21:00+08:00
PO-202606-001676,SUP-031,2026-06-05T17:53:00+08:00,2026-06-09T17:53:00+08:00,confirmed,CNY,5400435.86,60,采购二组,4,2026-06-15T08:00:00+08:00
PO-202604-001677,SUP-013,2026-04-16T13:42:00+08:00,2026-04-21T13:42:00+08:00,received,CNY,3350605.77,90,采购二组,4,2026-05-14T13:42:00+08:00
PO-202506-001678,SUP-007,2025-06-25T01:17:00+08:00,2025-07-02T01:17:00+08:00,received,CNY,6181319.16,45,采购一组,4,2025-06-26T01:17:00+08:00
PO-202508-001679,SUP-054,2025-08-28T14:31:00+08:00,2025-09-04T14:31:00+08:00,received,CNY,2865698.04,30,采购二组,3,2025-08-31T14:31:00+08:00
PO-202506-001680,SUP-055,2025-06-28T17:14:00+08:00,2025-06-30T05:14:00+08:00,confirmed,CNY,668517.85,60,战略采购组,1,2025-07-12T17:14:00+08:00
PO-202605-001681,SUP-009,2026-05-31T11:14:00+08:00,2026-06-07T11:14:00+08:00,in_transit,CNY,4696415.81,30,战略采购组,4,2026-06-15T08:00:00+08:00
PO-202509-001682,SUP-001,2025-09-12T04:34:00+08:00,2025-09-19T04:34:00+08:00,received,CNY,1687186.33,15,战略采购组,3,2025-09-25T04:34:00+08:00
PO-202508-001683,SUP-048,2025-08-06T20:20:00+08:00,2025-08-13T20:20:00+08:00,draft,CNY,15282743.59,90,采购二组,3,2025-08-08T20:20:00+08:00
PO-202506-001684,SUP-055,2025-06-15T15:39:00+08:00,2025-06-20T15:39:00+08:00,confirmed,CNY,7443710.23,15,采购一组,4,2025-07-30T15:39:00+08:00
PO-202511-001685,SUP-048,2025-11-20T16:02:00+08:00,2025-11-25T16:02:00+08:00,cancelled,CNY,6262408.55,45,战略采购组,4,2025-12-07T16:02:00+08:00
PO-202603-001686,SUP-001,2026-03-27T00:17:00+08:00,2026-04-01T00:17:00+08:00,received,CNY,8693151.44,90,采购二组,3,2026-04-19T00:17:00+08:00
PO-202606-001687,SUP-025,2026-06-09T14:40:00+08:00,2026-06-14T14:40:00+08:00,delayed,CNY,4647036.02,60,采购一组,3,2026-06-15T08:00:00+08:00
PO-202604-001688,SUP-034,2026-04-18T16:50:00+08:00,2026-04-22T16:50:00+08:00,received,CNY,8419345.48,15,采购二组,2,2026-05-09T16:50:00+08:00
PO-202606-001689,SUP-042,2026-06-13T15:24:00+08:00,2026-06-15T15:24:00+08:00,received,CNY,1780421.46,60,采购二组,1,2026-06-15T08:00:00+08:00
PO-202602-001690,SUP-011,2026-02-03T02:55:00+08:00,2026-02-07T02:55:00+08:00,received,CNY,4944719.15,15,战略采购组,3,2026-03-17T02:55:00+08:00
PO-202511-001691,SUP-041,2025-11-03T08:29:00+08:00,2025-11-10T08:29:00+08:00,received,CNY,3045487.18,15,采购二组,3,2025-11-04T08:29:00+08:00
PO-202512-001692,SUP-047,2025-12-12T10:25:00+08:00,2025-12-13T22:25:00+08:00,received,CNY,649775.5,60,采购二组,1,2026-01-02T10:25:00+08:00
PO-202511-001693,SUP-025,2025-11-14T16:00:00+08:00,2025-11-18T16:00:00+08:00,in_transit,CNY,943270.86,45,采购二组,1,2025-11-27T16:00:00+08:00
PO-202509-001694,SUP-046,2025-09-18T03:19:00+08:00,2025-09-20T03:19:00+08:00,confirmed,CNY,5400893.86,30,采购一组,3,2025-10-18T03:19:00+08:00
PO-202604-001695,SUP-007,2026-04-16T20:12:00+08:00,2026-04-20T20:12:00+08:00,received,CNY,1532833.64,15,战略采购组,2,2026-05-31T20:12:00+08:00
PO-202508-001696,SUP-026,2025-08-29T22:15:00+08:00,2025-09-03T22:15:00+08:00,received,CNY,1279606.43,60,战略采购组,3,2025-09-24T22:15:00+08:00
PO-202511-001697,SUP-005,2025-11-19T21:22:00+08:00,2025-11-21T21:22:00+08:00,received,CNY,6465284.0,45,采购二组,2,2025-12-04T21:22:00+08:00
PO-202512-001698,SUP-005,2025-12-16T12:47:00+08:00,2025-12-21T12:47:00+08:00,received,CNY,12118618.44,30,采购二组,4,2026-01-23T12:47:00+08:00
PO-202605-001699,SUP-035,2026-05-23T23:05:00+08:00,2026-05-25T11:05:00+08:00,received,CNY,2351798.39,45,战略采购组,2,2026-05-23T23:05:00+08:00
PO-202604-001700,SUP-052,2026-04-02T09:40:00+08:00,2026-04-03T09:40:00+08:00,received,CNY,321214.32,60,采购二组,1,2026-04-02T09:40:00+08:00
PO-202603-001701,SUP-005,2026-03-14T17:50:00+08:00,2026-03-21T17:50:00+08:00,received,CNY,7125937.72,30,采购二组,2,2026-03-20T17:50:00+08:00
PO-202601-001702,SUP-007,2026-01-03T14:20:00+08:00,2026-01-10T14:20:00+08:00,received,CNY,16265947.12,45,采购一组,4,2026-02-03T14:20:00+08:00
PO-202601-001703,SUP-031,2026-01-14T16:10:00+08:00,2026-01-21T16:10:00+08:00,received,CNY,9771829.96,45,采购二组,4,2026-02-11T16:10:00+08:00
PO-202511-001704,SUP-052,2025-11-28T04:37:00+08:00,2025-12-01T04:37:00+08:00,confirmed,CNY,3757923.87,15,采购一组,4,2025-12-31T04:37:00+08:00
PO-202512-001705,SUP-015,2025-12-22T02:43:00+08:00,2025-12-27T02:43:00+08:00,in_transit,CNY,4248403.62,15,战略采购组,3,2026-01-09T02:43:00+08:00
PO-202512-001706,SUP-030,2025-12-06T00:52:00+08:00,2025-12-09T00:52:00+08:00,in_transit,CNY,67311.34,90,采购二组,1,2026-01-07T00:52:00+08:00
PO-202604-001707,SUP-046,2026-04-17T23:32:00+08:00,2026-04-24T23:32:00+08:00,confirmed,CNY,5612316.76,90,采购二组,4,2026-05-13T23:32:00+08:00
PO-202506-001708,SUP-037,2025-06-28T01:25:00+08:00,2025-07-05T01:25:00+08:00,confirmed,CNY,12987125.83,30,采购一组,4,2025-07-22T01:25:00+08:00
PO-202605-001709,SUP-028,2026-05-06T01:39:00+08:00,2026-05-10T01:39:00+08:00,received,CNY,11045301.98,30,战略采购组,4,2026-05-06T01:39:00+08:00
PO-202512-001710,SUP-019,2025-12-06T12:20:00+08:00,2025-12-09T12:20:00+08:00,in_transit,CNY,782912.81,45,采购二组,1,2026-01-08T12:20:00+08:00
PO-202507-001711,SUP-049,2025-07-17T01:15:00+08:00,2025-07-22T01:15:00+08:00,received,CNY,6362610.36,60,战略采购组,4,2025-08-18T01:15:00+08:00
PO-202605-001712,SUP-060,2026-05-14T11:28:00+08:00,2026-05-15T23:28:00+08:00,in_transit,CNY,10338854.47,60,战略采购组,2,2026-05-22T11:28:00+08:00
PO-202509-001713,SUP-049,2025-09-27T17:10:00+08:00,2025-09-30T17:10:00+08:00,received,CNY,6494515.09,30,战略采购组,3,2025-10-25T17:10:00+08:00
PO-202605-001714,SUP-001,2026-05-05T04:20:00+08:00,2026-05-10T04:20:00+08:00,received,CNY,3371711.59,60,战略采购组,2,2026-05-09T04:20:00+08:00
PO-202604-001715,SUP-046,2026-04-25T12:56:00+08:00,2026-05-02T12:56:00+08:00,received,CNY,633547.24,90,采购一组,2,2026-04-28T12:56:00+08:00
PO-202601-001716,SUP-015,2026-01-07T17:20:00+08:00,2026-01-14T17:20:00+08:00,received,CNY,2654634.9,60,采购一组,3,2026-02-20T17:20:00+08:00
PO-202603-001717,SUP-018,2026-03-21T16:00:00+08:00,2026-03-28T16:00:00+08:00,in_transit,CNY,854083.98,45,采购二组,2,2026-04-24T16:00:00+08:00
PO-202511-001718,SUP-016,2025-11-08T16:58:00+08:00,2025-11-15T16:58:00+08:00,confirmed,CNY,1546526.66,15,采购二组,1,2025-11-26T16:58:00+08:00
PO-202511-001719,SUP-060,2025-11-12T13:54:00+08:00,2025-11-19T13:54:00+08:00,received,CNY,3669444.85,15,战略采购组,4,2025-11-12T13:54:00+08:00
PO-202512-001720,SUP-057,2025-12-28T17:45:00+08:00,2026-01-02T17:45:00+08:00,received,CNY,16225811.53,30,战略采购组,3,2026-01-21T17:45:00+08:00
PO-202605-001721,SUP-010,2026-05-21T14:45:00+08:00,2026-05-23T14:45:00+08:00,received,CNY,1997248.73,60,采购二组,3,2026-05-23T14:45:00+08:00
PO-202512-001722,SUP-037,2025-12-02T00:13:00+08:00,2025-12-05T00:13:00+08:00,draft,CNY,2248197.77,45,采购一组,1,2026-01-02T00:13:00+08:00
PO-202604-001723,SUP-050,2026-04-23T17:43:00+08:00,2026-04-27T17:43:00+08:00,delayed,CNY,1236653.76,90,战略采购组,1,2026-05-10T17:43:00+08:00
PO-202509-001724,SUP-019,2025-09-03T08:33:00+08:00,2025-09-10T08:33:00+08:00,received,CNY,2674175.09,45,采购一组,4,2025-10-05T08:33:00+08:00
PO-202604-001725,SUP-038,2026-04-27T21:16:00+08:00,2026-05-02T21:16:00+08:00,confirmed,CNY,2256054.55,15,战略采购组,2,2026-05-19T21:16:00+08:00
PO-202510-001726,SUP-050,2025-10-29T13:14:00+08:00,2025-10-31T01:14:00+08:00,received,CNY,577223.65,15,采购一组,1,2025-12-08T13:14:00+08:00
PO-202509-001727,SUP-044,2025-09-07T00:07:00+08:00,2025-09-14T00:07:00+08:00,confirmed,CNY,6612558.34,60,采购二组,4,2025-09-10T00:07:00+08:00
PO-202510-001728,SUP-011,2025-10-29T02:06:00+08:00,2025-11-02T02:06:00+08:00,received,CNY,998792.8,30,战略采购组,4,2025-11-14T02:06:00+08:00
PO-202509-001729,SUP-041,2025-09-25T08:42:00+08:00,2025-10-02T08:42:00+08:00,received,CNY,15056273.56,45,采购二组,3,2025-10-13T08:42:00+08:00
PO-202604-001730,SUP-023,2026-04-15T22:59:00+08:00,2026-04-22T22:59:00+08:00,delayed,CNY,15086557.13,30,采购一组,4,2026-05-22T22:59:00+08:00
PO-202507-001731,SUP-047,2025-07-07T22:26:00+08:00,2025-07-08T22:26:00+08:00,delayed,CNY,1413665.67,60,战略采购组,1,2025-08-16T22:26:00+08:00
PO-202512-001732,SUP-042,2025-12-10T06:12:00+08:00,2025-12-13T06:12:00+08:00,delayed,CNY,2565156.7,90,战略采购组,2,2025-12-16T06:12:00+08:00
PO-202603-001733,SUP-008,2026-03-31T21:23:00+08:00,2026-04-05T21:23:00+08:00,received,CNY,2261521.62,60,战略采购组,2,2026-04-06T21:23:00+08:00
PO-202512-001734,SUP-029,2025-12-04T04:34:00+08:00,2025-12-07T04:34:00+08:00,draft,CNY,11791600.47,90,战略采购组,4,2025-12-04T04:34:00+08:00
PO-202508-001735,SUP-044,2025-08-09T10:49:00+08:00,2025-08-16T10:49:00+08:00,delayed,CNY,22104562.62,30,战略采购组,4,2025-08-30T10:49:00+08:00
PO-202603-001736,SUP-053,2026-03-03T21:12:00+08:00,2026-03-07T21:12:00+08:00,received,CNY,9349664.3,45,战略采购组,3,2026-03-30T21:12:00+08:00
PO-202606-001737,SUP-049,2026-06-07T20:46:00+08:00,2026-06-14T20:46:00+08:00,confirmed,CNY,15645366.81,45,采购二组,4,2026-06-15T08:00:00+08:00
PO-202603-001738,SUP-028,2026-03-11T06:55:00+08:00,2026-03-16T06:55:00+08:00,received,CNY,9885673.66,15,战略采购组,3,2026-03-14T06:55:00+08:00
PO-202605-001739,SUP-036,2026-05-05T19:46:00+08:00,2026-05-10T19:46:00+08:00,delayed,CNY,374691.42,15,采购二组,1,2026-06-15T08:00:00+08:00
PO-202512-001740,SUP-050,2025-12-05T03:42:00+08:00,2025-12-06T15:42:00+08:00,in_transit,CNY,447477.74,15,采购一组,1,2026-01-01T03:42:00+08:00
PO-202508-001741,SUP-006,2025-08-29T10:38:00+08:00,2025-09-03T10:38:00+08:00,in_transit,CNY,17158010.81,30,采购一组,4,2025-10-13T10:38:00+08:00
PO-202606-001742,SUP-035,2026-06-06T21:08:00+08:00,2026-06-08T21:08:00+08:00,in_transit,CNY,3633604.7,30,战略采购组,4,2026-06-15T08:00:00+08:00
PO-202511-001743,SUP-042,2025-11-24T17:13:00+08:00,2025-11-26T05:13:00+08:00,received,CNY,1531104.88,30,采购一组,1,2025-12-17T17:13:00+08:00
PO-202605-001744,SUP-050,2026-05-12T12:22:00+08:00,2026-05-16T12:22:00+08:00,draft,CNY,3963439.57,45,战略采购组,3,2026-05-27T12:22:00+08:00
PO-202604-001745,SUP-052,2026-04-13T00:34:00+08:00,2026-04-14T12:34:00+08:00,received,CNY,1566785.8,60,采购二组,1,2026-04-13T00:34:00+08:00
PO-202507-001746,SUP-047,2025-07-29T17:23:00+08:00,2025-08-05T17:23:00+08:00,draft,CNY,7755366.03,30,战略采购组,3,2025-08-20T17:23:00+08:00
PO-202605-001747,SUP-039,2026-05-21T20:59:00+08:00,2026-05-23T20:59:00+08:00,received,CNY,1625480.1,45,采购二组,2,2026-06-02T20:59:00+08:00
PO-202602-001748,SUP-043,2026-02-09T11:38:00+08:00,2026-02-13T11:38:00+08:00,received,CNY,9354620.55,15,采购二组,2,2026-03-19T11:38:00+08:00
PO-202506-001749,SUP-020,2025-06-30T20:36:00+08:00,2025-07-04T20:36:00+08:00,confirmed,CNY,1149338.82,15,采购二组,2,2025-08-12T20:36:00+08:00
PO-202604-001750,SUP-056,2026-04-13T09:00:00+08:00,2026-04-17T09:00:00+08:00,confirmed,CNY,21173759.33,90,采购一组,4,2026-04-19T09:00:00+08:00
PO-202509-001751,SUP-060,2025-09-09T03:41:00+08:00,2025-09-14T03:41:00+08:00,received,CNY,6392593.78,60,采购一组,3,2025-10-16T03:41:00+08:00
PO-202508-001752,SUP-028,2025-08-14T13:24:00+08:00,2025-08-18T13:24:00+08:00,received,CNY,1886082.0,90,采购一组,1,2025-09-15T13:24:00+08:00
PO-202506-001753,SUP-027,2025-06-16T09:49:00+08:00,2025-06-20T09:49:00+08:00,received,CNY,3104136.04,15,采购二组,2,2025-07-14T09:49:00+08:00
PO-202511-001754,SUP-028,2025-11-30T14:50:00+08:00,2025-12-05T14:50:00+08:00,in_transit,CNY,7311964.78,90,采购二组,3,2025-12-21T14:50:00+08:00
PO-202507-001755,SUP-027,2025-07-22T03:36:00+08:00,2025-07-26T03:36:00+08:00,delayed,CNY,7655829.71,60,战略采购组,2,2025-09-01T03:36:00+08:00
PO-202511-001756,SUP-059,2025-11-24T12:22:00+08:00,2025-11-26T00:22:00+08:00,draft,CNY,1227282.21,45,战略采购组,1,2025-12-03T12:22:00+08:00
PO-202605-001757,SUP-032,2026-05-04T23:11:00+08:00,2026-05-06T23:11:00+08:00,delayed,CNY,3886040.23,60,采购一组,3,2026-06-15T08:00:00+08:00
PO-202602-001758,SUP-025,2026-02-27T23:37:00+08:00,2026-03-06T23:37:00+08:00,draft,CNY,60987.5,30,战略采购组,1,2026-03-04T23:37:00+08:00
PO-202511-001759,SUP-039,2025-11-28T10:36:00+08:00,2025-11-29T22:36:00+08:00,cancelled,CNY,250513.59,30,采购一组,1,2025-12-15T10:36:00+08:00
PO-202603-001760,SUP-034,2026-03-02T22:33:00+08:00,2026-03-07T22:33:00+08:00,in_transit,CNY,8482936.64,15,战略采购组,4,2026-03-18T22:33:00+08:00
PO-202509-001761,SUP-047,2025-09-04T03:11:00+08:00,2025-09-09T03:11:00+08:00,cancelled,CNY,5415718.03,15,采购二组,3,2025-09-24T03:11:00+08:00
PO-202603-001762,SUP-040,2026-03-21T15:50:00+08:00,2026-03-28T15:50:00+08:00,received,CNY,2817262.12,30,采购二组,2,2026-04-14T15:50:00+08:00
PO-202601-001763,SUP-029,2026-01-01T02:04:00+08:00,2026-01-04T02:04:00+08:00,delayed,CNY,5844770.85,45,战略采购组,4,2026-01-28T02:04:00+08:00
PO-202512-001764,SUP-017,2025-12-28T18:53:00+08:00,2026-01-04T18:53:00+08:00,received,CNY,939079.44,15,采购一组,1,2026-02-04T18:53:00+08:00
PO-202510-001765,SUP-018,2025-10-12T14:19:00+08:00,2025-10-16T14:19:00+08:00,draft,CNY,13196735.07,90,采购二组,3,2025-11-05T14:19:00+08:00
PO-202508-001766,SUP-049,2025-08-09T20:02:00+08:00,2025-08-11T08:02:00+08:00,in_transit,CNY,7779727.96,45,战略采购组,1,2025-08-31T20:02:00+08:00
PO-202508-001767,SUP-053,2025-08-12T13:44:00+08:00,2025-08-17T13:44:00+08:00,confirmed,CNY,14491629.04,90,采购一组,4,2025-08-16T13:44:00+08:00
PO-202510-001768,SUP-039,2025-10-27T16:30:00+08:00,2025-10-29T04:30:00+08:00,received,CNY,1058399.07,30,战略采购组,2,2025-12-09T16:30:00+08:00
PO-202507-001769,SUP-052,2025-07-25T08:43:00+08:00,2025-07-28T08:43:00+08:00,in_transit,CNY,1608210.24,15,战略采购组,1,2025-08-19T08:43:00+08:00
PO-202511-001770,SUP-023,2025-11-01T09:20:00+08:00,2025-11-04T09:20:00+08:00,received,CNY,9752385.33,15,战略采购组,3,2025-11-13T09:20:00+08:00
PO-202604-001771,SUP-029,2026-04-22T18:50:00+08:00,2026-04-29T18:50:00+08:00,in_transit,CNY,3965558.5,30,采购一组,3,2026-05-28T18:50:00+08:00
PO-202602-001772,SUP-051,2026-02-06T01:35:00+08:00,2026-02-08T01:35:00+08:00,received,CNY,5391803.49,45,采购二组,2,2026-02-08T01:35:00+08:00
PO-202510-001773,SUP-057,2025-10-12T07:25:00+08:00,2025-10-14T07:25:00+08:00,in_transit,CNY,4369176.63,60,采购二组,1,2025-10-14T07:25:00+08:00
PO-202509-001774,SUP-047,2025-09-06T13:10:00+08:00,2025-09-09T13:10:00+08:00,delayed,CNY,5432121.32,90,战略采购组,1,2025-10-21T13:10:00+08:00
PO-202604-001775,SUP-007,2026-04-30T06:28:00+08:00,2026-05-04T06:28:00+08:00,received,CNY,11273736.49,90,采购一组,4,2026-05-23T06:28:00+08:00
PO-202604-001776,SUP-005,2026-04-20T11:42:00+08:00,2026-04-23T11:42:00+08:00,received,CNY,2651693.59,60,战略采购组,3,2026-05-19T11:42:00+08:00
PO-202601-001777,SUP-040,2026-01-16T20:25:00+08:00,2026-01-18T08:25:00+08:00,in_transit,CNY,217304.64,30,采购二组,1,2026-02-06T20:25:00+08:00
PO-202507-001778,SUP-028,2025-07-10T15:28:00+08:00,2025-07-14T15:28:00+08:00,in_transit,CNY,7341100.03,30,采购一组,4,2025-08-13T15:28:00+08:00
PO-202507-001779,SUP-017,2025-07-27T20:11:00+08:00,2025-08-03T20:11:00+08:00,in_transit,CNY,3873459.64,15,采购二组,3,2025-07-30T20:11:00+08:00
PO-202606-001780,SUP-018,2026-06-11T21:37:00+08:00,2026-06-15T21:37:00+08:00,cancelled,CNY,7627695.52,60,采购一组,3,2026-06-15T08:00:00+08:00
PO-202604-001781,SUP-009,2026-04-04T20:39:00+08:00,2026-04-08T20:39:00+08:00,received,CNY,91950.15,15,战略采购组,2,2026-04-21T20:39:00+08:00
PO-202606-001782,SUP-016,2026-06-15T03:40:00+08:00,2026-06-22T03:40:00+08:00,received,CNY,16465689.83,15,采购一组,4,2026-06-15T08:00:00+08:00
PO-202511-001783,SUP-051,2025-11-19T16:56:00+08:00,2025-11-24T16:56:00+08:00,received,CNY,5013705.01,30,战略采购组,3,2025-12-03T16:56:00+08:00
PO-202509-001784,SUP-029,2025-09-12T22:11:00+08:00,2025-09-14T10:11:00+08:00,delayed,CNY,86517.68,45,采购二组,1,2025-10-18T22:11:00+08:00
PO-202509-001785,SUP-024,2025-09-28T23:26:00+08:00,2025-10-03T23:26:00+08:00,received,CNY,4911930.65,30,战略采购组,4,2025-10-31T23:26:00+08:00
PO-202509-001786,SUP-048,2025-09-06T00:53:00+08:00,2025-09-11T00:53:00+08:00,delayed,CNY,24238257.55,90,采购二组,4,2025-10-09T00:53:00+08:00
PO-202602-001787,SUP-048,2026-02-07T01:30:00+08:00,2026-02-12T01:30:00+08:00,in_transit,CNY,38465.35,30,采购二组,1,2026-03-24T01:30:00+08:00
PO-202508-001788,SUP-050,2025-08-27T12:50:00+08:00,2025-08-31T12:50:00+08:00,received,CNY,7019532.59,90,战略采购组,3,2025-10-04T12:50:00+08:00
PO-202512-001789,SUP-032,2025-12-04T22:32:00+08:00,2025-12-11T22:32:00+08:00,received,CNY,9103266.29,30,战略采购组,2,2025-12-17T22:32:00+08:00
PO-202603-001790,SUP-039,2026-03-29T13:54:00+08:00,2026-04-03T13:54:00+08:00,received,CNY,13151691.96,15,战略采购组,3,2026-04-28T13:54:00+08:00
PO-202510-001791,SUP-030,2025-10-29T09:03:00+08:00,2025-11-02T09:03:00+08:00,received,CNY,276986.33,90,战略采购组,1,2025-11-23T09:03:00+08:00
PO-202512-001792,SUP-041,2025-12-04T18:45:00+08:00,2025-12-11T18:45:00+08:00,delayed,CNY,3648630.47,15,战略采购组,3,2025-12-14T18:45:00+08:00
PO-202511-001793,SUP-010,2025-11-18T13:33:00+08:00,2025-11-23T13:33:00+08:00,received,CNY,5837189.28,90,采购一组,2,2025-12-30T13:33:00+08:00
PO-202510-001794,SUP-045,2025-10-08T01:47:00+08:00,2025-10-13T01:47:00+08:00,confirmed,CNY,6290369.32,15,战略采购组,4,2025-11-12T01:47:00+08:00
PO-202605-001795,SUP-030,2026-05-10T04:25:00+08:00,2026-05-15T04:25:00+08:00,received,CNY,9104205.61,15,采购二组,4,2026-06-15T08:00:00+08:00
PO-202510-001796,SUP-059,2025-10-01T21:42:00+08:00,2025-10-03T09:42:00+08:00,received,CNY,1331651.22,15,采购一组,2,2025-11-01T21:42:00+08:00
PO-202602-001797,SUP-007,2026-02-28T21:46:00+08:00,2026-03-05T21:46:00+08:00,received,CNY,3870347.29,15,采购一组,4,2026-04-02T21:46:00+08:00
PO-202606-001798,SUP-057,2026-06-12T18:54:00+08:00,2026-06-17T18:54:00+08:00,in_transit,CNY,7489439.12,60,战略采购组,4,2026-06-15T08:00:00+08:00
PO-202508-001799,SUP-048,2025-08-08T09:39:00+08:00,2025-08-13T09:39:00+08:00,in_transit,CNY,17065270.85,15,采购二组,4,2025-09-17T09:39:00+08:00
PO-202507-001800,SUP-046,2025-07-18T10:06:00+08:00,2025-07-25T10:06:00+08:00,cancelled,CNY,6693071.39,15,采购二组,4,2025-08-14T10:06:00+08:00
